2026-08-15 02:10:56,662 [DEBUG] cnn_neat: Split edge 0→1, new hidden node 2 (pool=1)
2026-08-15 02:10:56,667 [DEBUG] cnn_neat: Split edge 0→2, new hidden node 3 (pool=2)
2026-08-15 02:10:56,671 [DEBUG] cnn_neat: Added edge 0→1 (from 1 candidates)
2026-08-15 02:10:56,682 [DEBUG] cnn_neat: Split edge 3→2, new hidden node 4 (pool=3)
2026-08-15 02:10:56,687 [DEBUG] cnn_neat: Added edge 3→1 (from 2 candidates)
2026-08-15 02:10:56,697 [DEBUG] cnn_neat: Split edge 0→2, new hidden node 4 (pool=3)
2026-08-15 02:10:56,704 [DEBUG] cnn_neat: Added edge 2→1 (from 2 candidates)
2026-08-15 02:10:56,710 [DEBUG] cnn_neat: Split edge 4→2, new hidden node 5 (pool=4)
2026-08-15 02:10:56,713 [DEBUG] cnn_neat: Added edge 0→2 (from 4 candidates)
2026-08-15 02:10:56,718 [DEBUG] cnn_neat: Split edge 3→1, new hidden node 6 (pool=5)
2026-08-15 02:10:56,723 [DEBUG] cnn_neat: Added edge 4→3 (from 6 candidates)
2026-08-15 02:10:56,725 [DEBUG] cnn_neat: Split edge 4→2, new hidden node 5 (pool=5)
2026-08-15 02:10:56,729 [DEBUG] cnn_neat: Split edge 0→1, new hidden node 3 (pool=1)
2026-08-15 02:10:56,733 [DEBUG] cnn_neat: Removed hidden node 2 (pool=1)
2026-08-15 02:10:56,735 [DEBUG] cnn_neat: Removed edge 0→2 (from 3 candidates)
2026-08-15 02:10:56,737 [DEBUG] cnn_neat: Removed 1 edges (requested 3)
2026-08-15 02:10:56,742 [DEBUG] cnn_neat: Split edge 3→1, new hidden node 4 (pool=2)
2026-08-15 02:10:56,745 [DEBUG] cnn_neat: Added edge 0→2 (from 1 candidates)
2026-08-15 02:10:56,749 [DEBUG] cnn_neat: Removed hidden node 2 (pool=1)
2026-08-15 02:10:56,751 [DEBUG] cnn_neat: Removed edge 2→1 (from 3 candidates)
2026-08-15 02:10:56,754 [DEBUG] cnn_neat: Removed 2 edges (requested 3)
2026-08-15 02:10:56,757 [DEBUG] cnn_neat: Split edge 3→1, new hidden node 4 (pool=5)
2026-08-15 02:10:56,760 [DEBUG] cnn_neat: Added edge 0→1 (from 1 candidates)
2026-08-15 02:10:56,764 [DEBUG] cnn_neat: Split edge 2→1, new hidden node 5 (pool=3)
2026-08-15 02:10:56,769 [DEBUG] cnn_neat: Removed hidden node 3 (pool=2)
2026-08-15 02:10:56,772 [DEBUG] cnn_neat: Added edge 3→1 (from 4 candidates)
2026-08-15 02:10:56,776 [DEBUG] cnn_neat: Split edge 0→1, new hidden node 4 (pool=1)
2026-08-15 02:10:56,782 [DEBUG] cnn_neat: Split edge 2→1, new hidden node 4 (pool=2)
2026-08-15 02:10:56,785 [DEBUG] cnn_neat: Added edge 0→3 (from 1 candidates)
2026-08-15 02:10:56,789 [DEBUG] cnn_neat: Removed hidden node 3 (pool=1)
2026-08-15 02:10:56,791 [DEBUG] cnn_neat: Removed edge 2→1 (from 3 candidates)
2026-08-15 02:10:56,795 [DEBUG] cnn_neat: Removed 2 edges (requested 3)
2026-08-15 02:10:56,798 [DEBUG] cnn_neat: Split edge 2→3, new hidden node 5 (pool=5)
2026-08-15 02:10:56,802 [DEBUG] cnn_neat: Added edge 0→4 (from 5 candidates)
2026-08-15 02:10:56,805 [DEBUG] cnn_neat: Split edge 0→2, new hidden node 6 (pool=3)
2026-08-15 02:10:56,810 [DEBUG] cnn_neat: Removed hidden node 3 (pool=2)
2026-08-15 02:10:56,814 [DEBUG] cnn_neat: Added edge 3→4 (from 8 candidates)
2026-08-15 02:10:56,819 [DEBUG] cnn_neat: Split edge 3→1, new hidden node 4 (pool=2)
2026-08-15 02:10:56,820 [DEBUG] cnn_neat: Added edge 0→1 (from 1 candidates)
2026-08-15 02:10:56,826 [DEBUG] cnn_neat: Split edge 2→1, new hidden node 4 (pool=2)
2026-08-15 02:10:56,828 [DEBUG] cnn_neat: Added edge 3→1 (from 2 candidates)
2026-08-15 02:10:56,832 [DEBUG] cnn_neat: Removed hidden node 3 (pool=1)
2026-08-15 02:10:56,833 [DEBUG] cnn_neat: Removed edge 2→3 (from 1 candidates)
2026-08-15 02:10:56,835 [DEBUG] cnn_neat: Removed 1 edges (requested 3)
2026-08-15 02:10:56,838 [DEBUG] cnn_neat: Split edge 0→2, new hidden node 5 (pool=4)
2026-08-15 02:10:56,841 [DEBUG] cnn_neat: Added edge 2→1 (from 6 candidates)
2026-08-15 02:10:56,844 [DEBUG] cnn_neat: Split edge 5→2, new hidden node 6 (pool=5)
2026-08-15 02:10:56,849 [DEBUG] cnn_neat: Removed hidden node 3 (pool=1)
2026-08-15 02:10:56,852 [DEBUG] cnn_neat: Added edge 4→3 (from 8 candidates)
2026-08-15 02:10:56,855 [DEBUG] cnn_neat: Split edge 2→1, new hidden node 5 (pool=2)
2026-08-15 02:10:56,893 [DEBUG] cnn_neat: Split edge 4→2, new hidden node 5 (pool=3)
2026-08-15 02:10:56,895 [DEBUG] cnn_neat: Added edge 3→1 (from 4 candidates)
2026-08-15 02:10:56,904 [DEBUG] cnn_neat: Removed hidden node 3 (pool=1)
2026-08-15 02:10:56,907 [DEBUG] cnn_neat: Removed edge 2→3 (from 1 candidates)
2026-08-15 02:10:56,909 [DEBUG] cnn_neat: Removed 1 edges (requested 3)
2026-08-15 02:10:56,913 [DEBUG] cnn_neat: Split edge 2→3, new hidden node 4 (pool=4)
2026-08-15 02:10:56,916 [DEBUG] cnn_neat: Added edge 0→1 (from 2 candidates)
2026-08-15 02:10:56,920 [DEBUG] cnn_neat: Removed hidden node 3 (pool=1)
2026-08-15 02:10:56,922 [DEBUG] cnn_neat: Removed edge 0→3 (from 2 candidates)
2026-08-15 02:10:56,926 [DEBUG] cnn_neat: Removed 2 edges (requested 3)
2026-08-15 02:10:56,928 [DEBUG] cnn_neat: Split edge 0→2, new hidden node 5 (pool=3)
2026-08-15 02:10:56,931 [DEBUG] cnn_neat: Split edge 0→1, new hidden node 4 (pool=1)
2026-08-15 02:10:56,932 [DEBUG] cnn_neat: Added edge 4→1 (from 4 candidates)
2026-08-15 02:10:56,936 [DEBUG] cnn_neat: Added edge 3→1 (from 1 candidates)
2026-08-15 02:10:56,942 [DEBUG] cnn_neat: Split edge 0→4, new hidden node 5 (pool=3)
2026-08-15 02:10:56,946 [DEBUG] cnn_neat: Added edge 4→1 (from 2 candidates)
2026-08-15 02:10:56,962 [DEBUG] cnn_neat: Split edge 4→1, new hidden node 5 (pool=2)
2026-08-15 02:10:56,967 [DEBUG] cnn_neat: Added edge 0→2 (from 1 candidates)
2026-08-15 02:10:56,976 [DEBUG] cnn_neat: Removed hidden node 2 (pool=1)
2026-08-15 02:10:56,979 [DEBUG] cnn_neat: Removed edge 2→1 (from 3 candidates)
2026-08-15 02:10:56,984 [DEBUG] cnn_neat: Removed 2 edges (requested 3)
2026-08-15 02:10:56,986 [DEBUG] cnn_neat: Split edge 0→2, new hidden node 5 (pool=5)
2026-08-15 02:10:56,991 [DEBUG] cnn_neat: Added edge 0→1 (from 1 candidates)
2026-08-15 02:10:57,150 [DEBUG] cnn_neat: Split edge 0→5, new hidden node 6 (pool=5)
2026-08-15 02:10:57,153 [DEBUG] cnn_neat: Removed hidden node 2 (pool=2)
2026-08-15 02:10:57,155 [DEBUG] cnn_neat: Added edge 5→4 (from 4 candidates)
2026-08-15 02:10:57,157 [DEBUG] cnn_neat: Split edge 0→1, new hidden node 5 (pool=1)
2026-08-15 02:10:57,162 [DEBUG] cnn_neat: Split edge 3→1, new hidden node 4 (pool=4)
2026-08-15 02:10:57,165 [DEBUG] cnn_neat: Added edge 2→1 (from 2 candidates)
2026-08-15 02:10:57,170 [DEBUG] cnn_neat: Removed hidden node 2 (pool=1)
2026-08-15 02:10:57,176 [DEBUG] cnn_neat: Removed edge 2→3 (from 3 candidates)
2026-08-15 02:10:57,179 [DEBUG] cnn_neat: Removed 1 edges (requested 3)
2026-08-15 02:10:57,182 [DEBUG] cnn_neat: Split edge 0→3, new hidden node 4 (pool=3)
2026-08-15 02:10:57,183 [DEBUG] cnn_neat: Added edge 0→1 (from 4 candidates)
2026-08-15 02:10:57,187 [DEBUG] cnn_neat: Split edge 3→1, new hidden node 5 (pool=4)
2026-08-15 02:10:57,191 [DEBUG] cnn_neat: Removed hidden node 2 (pool=1)
2026-08-15 02:10:57,196 [DEBUG] cnn_neat: Added edge 2→3 (from 7 candidates)
2026-08-15 02:10:57,199 [DEBUG] cnn_neat: Split edge 0→1, new hidden node 4 (pool=1)
2026-08-15 02:10:57,207 [DEBUG] cnn_neat: Split edge 0→2, new hidden node 5 (pool=4)
2026-08-15 02:10:57,210 [DEBUG] cnn_neat: Added edge 3→1 (from 4 candidates)
2026-08-15 02:10:57,221 [DEBUG] cnn_neat: Split edge 2→3, new hidden node 6 (pool=5)
2026-08-15 02:10:57,227 [DEBUG] cnn_neat: Split edge 0→2, new hidden node 5 (pool=3)
2026-08-15 02:10:57,233 [DEBUG] cnn_neat: Added edge 0→2 (from 6 candidates)
2026-08-15 02:10:57,237 [DEBUG] cnn_neat: Added edge 0→3 (from 3 candidates)
2026-08-15 02:10:57,244 [DEBUG] cnn_neat: Split edge 0→5, new hidden node 6 (pool=4)
2026-08-15 02:10:57,253 [DEBUG] cnn_neat: Split edge 4→1, new hidden node 5 (pool=5)
2026-08-15 02:10:57,258 [DEBUG] cnn_neat: Added edge 2→4 (from 4 candidates)
2026-08-15 02:10:57,268 [DEBUG] cnn_neat: Removed hidden node 2 (pool=1)
2026-08-15 02:10:57,343 [DEBUG] cnn_neat: Removed edge 0→3 (from 3 candidates)
2026-08-15 02:10:57,350 [DEBUG] cnn_neat: Removed 2 edges (requested 3)
2026-08-15 02:10:57,355 [DEBUG] cnn_neat: Split edge 0→2, new hidden node 5 (pool=6)
2026-08-15 02:10:57,360 [DEBUG] cnn_neat: Added edge 3→1 (from 3 candidates)
2026-08-15 02:10:57,364 [DEBUG] cnn_neat: Split edge 2→3, new hidden node 6 (pool=7)
2026-08-15 02:10:57,370 [DEBUG] cnn_neat: Removed hidden node 3 (pool=2)
2026-08-15 02:10:57,375 [DEBUG] cnn_neat: Added edge 0→2 (from 7 candidates)
2026-08-15 02:10:57,381 [DEBUG] cnn_neat: Split edge 0→3, new hidden node 7 (pool=4)
2026-08-15 02:10:57,389 [DEBUG] cnn_neat: Split edge 0→3, new hidden node 4 (pool=5)
2026-08-15 02:10:57,394 [DEBUG] cnn_neat: Added edge 0→1 (from 1 candidates)
2026-08-15 02:10:57,399 [DEBUG] cnn_neat: Removed hidden node 2 (pool=2)
2026-08-15 02:10:57,404 [DEBUG] cnn_neat: Removed edge 2→1 (from 5 candidates)
2026-08-15 02:10:57,408 [DEBUG] cnn_neat: Removed 3 edges (requested 3)
2026-08-15 02:10:57,415 [DEBUG] cnn_neat: Split edge 0→2, new hidden node 5 (pool=5)
2026-08-15 02:10:57,419 [DEBUG] cnn_neat: Added edge 4→1 (from 4 candidates)
2026-08-15 02:10:57,425 [DEBUG] cnn_neat: Split edge 0→4, new hidden node 6 (pool=7)
2026-08-15 02:10:57,431 [DEBUG] cnn_neat: Removed hidden node 3 (pool=3)
2026-08-15 02:10:57,436 [DEBUG] cnn_neat: Added edge 4→5 (from 9 candidates)
2026-08-15 02:10:57,442 [DEBUG] cnn_neat: Split edge 0→1, new hidden node 2 (pool=1)
2026-08-15 02:10:57,448 [DEBUG] cnn_neat: Split edge 2→1, new hidden node 3 (pool=2)
2026-08-15 02:10:57,452 [DEBUG] cnn_neat: Added edge 0→1 (from 1 candidates)
2026-08-15 02:10:57,527 [DEBUG] cnn_neat: Split edge 3→2, new hidden node 4 (pool=3)
2026-08-15 02:10:57,530 [DEBUG] cnn_neat: Added edge 3→1 (from 2 candidates)
2026-08-15 02:10:57,540 [DEBUG] cnn_neat: Split edge 0→1, new hidden node 3 (pool=1)
2026-08-15 02:10:57,547 [DEBUG] cnn_neat: Removed hidden node 2 (pool=1)
2026-08-15 02:10:57,552 [DEBUG] cnn_neat: Removed edge 0→1 (from 3 candidates)
2026-08-15 02:10:57,556 [DEBUG] cnn_neat: Removed 2 edges (requested 3)
2026-08-15 02:10:57,559 [DEBUG] cnn_neat: Split edge 4→3, new hidden node 5 (pool=4)
2026-08-15 02:10:57,562 [DEBUG] cnn_neat: Added edge 4→1 (from 4 candidates)
2026-08-15 02:10:57,575 [DEBUG] cnn_neat: Split edge 4→1, new hidden node 5 (pool=3)
2026-08-15 02:10:57,580 [DEBUG] cnn_neat: Added edge 0→4 (from 3 candidates)
2026-08-15 02:10:57,582 [DEBUG] cnn_neat: Split edge 3→1, new hidden node 6 (pool=6)
2026-08-15 02:10:57,587 [DEBUG] cnn_neat: Removed hidden node 3 (pool=1)
2026-08-15 02:10:57,590 [DEBUG] cnn_neat: Added edge 2→3 (from 6 candidates)
2026-08-15 02:10:57,594 [DEBUG] cnn_neat: Split edge 0→3, new hidden node 4 (pool=2)
2026-08-15 02:10:57,596 [DEBUG] cnn_neat: Added edge 0→1 (from 1 candidates)
2026-08-15 02:10:57,604 [DEBUG] cnn_neat: Split edge 0→4, new hidden node 5 (pool=3)
2026-08-15 02:10:57,607 [DEBUG] cnn_neat: Added edge 0→3 (from 2 candidates)
2026-08-15 02:10:57,609 [DEBUG] cnn_neat: Split edge 4→3, new hidden node 6 (pool=4)
2026-08-15 02:10:57,616 [DEBUG] cnn_neat: Added edge 4→1 (from 4 candidates)
2026-08-15 02:10:57,621 [DEBUG] cnn_neat: Split edge 4→3, new hidden node 5 (pool=4)
2026-08-15 02:10:57,626 [DEBUG] cnn_neat: Split edge 0→1, new hidden node 4 (pool=1)
2026-08-15 02:10:57,702 [DEBUG] cnn_neat: Removed hidden node 3 (pool=1)
2026-08-15 02:10:57,705 [DEBUG] cnn_neat: Removed edge 3→1 (from 3 candidates)
2026-08-15 02:10:57,707 [DEBUG] cnn_neat: Removed 1 edges (requested 3)
2026-08-15 02:10:57,711 [DEBUG] cnn_neat: Split edge 4→1, new hidden node 5 (pool=4)
2026-08-15 02:10:57,714 [DEBUG] cnn_neat: Split edge 0→1, new hidden node 4 (pool=1)
2026-08-15 02:10:57,717 [DEBUG] cnn_neat: Added edge 4→3 (from 3 candidates)
2026-08-15 02:10:57,719 [DEBUG] cnn_neat: Added edge 3→1 (from 1 candidates)
2026-08-15 02:10:57,724 [DEBUG] cnn_neat: Split edge 3→1, new hidden node 6 (pool=2)
2026-08-15 02:10:57,731 [DEBUG] cnn_neat: Split edge 2→1, new hidden node 5 (pool=3)
2026-08-15 02:10:57,733 [DEBUG] cnn_neat: Added edge 4→3 (from 4 candidates)
2026-08-15 02:10:57,737 [DEBUG] cnn_neat: Removed hidden node 3 (pool=1)
2026-08-15 02:10:57,739 [DEBUG] cnn_neat: Removed edge 2→3 (from 1 candidates)
2026-08-15 02:10:57,748 [DEBUG] cnn_neat: Removed 1 edges (requested 3)
2026-08-15 02:10:57,755 [DEBUG] cnn_neat: Split edge 2→3, new hidden node 6 (pool=5)
2026-08-15 02:10:57,773 [DEBUG] cnn_neat: Split edge 4→3, new hidden node 5 (pool=5)
2026-08-15 02:10:57,775 [DEBUG] cnn_neat: Added edge 2→1 (from 8 candidates)
2026-08-15 02:10:57,778 [DEBUG] cnn_neat: Added edge 4→1 (from 4 candidates)
2026-08-15 02:10:57,797 [DEBUG] cnn_neat: Split edge 4→2, new hidden node 5 (pool=3)
2026-08-15 02:10:57,800 [DEBUG] cnn_neat: Added edge 0→2 (from 2 candidates)
2026-08-15 02:10:57,813 [DEBUG] cnn_neat: Split edge 2→1, new hidden node 5 (pool=5)
2026-08-15 02:10:57,906 [DEBUG] cnn_neat: Added edge 0→4 (from 5 candidates)
2026-08-15 02:10:57,911 [DEBUG] cnn_neat: Removed hidden node 4 (pool=2)
2026-08-15 02:10:57,914 [DEBUG] cnn_neat: Removed edge 3→4 (from 4 candidates)
2026-08-15 02:10:57,918 [DEBUG] cnn_neat: Removed 2 edges (requested 3)
2026-08-15 02:10:57,921 [DEBUG] cnn_neat: Split edge 4→1, new hidden node 6 (pool=3)
2026-08-15 02:10:57,925 [DEBUG] cnn_neat: Split edge 4→1, new hidden node 5 (pool=3)
2026-08-15 02:10:57,928 [DEBUG] cnn_neat: Added edge 4→5 (from 8 candidates)
2026-08-15 02:10:57,930 [DEBUG] cnn_neat: Added edge 4→2 (from 4 candidates)
2026-08-15 02:10:57,936 [DEBUG] cnn_neat: Split edge 2→1, new hidden node 6 (pool=5)
2026-08-15 02:10:57,939 [DEBUG] cnn_neat: Added edge 0→5 (from 5 candidates)
2026-08-15 02:10:57,943 [DEBUG] cnn_neat: Removed hidden node 2 (pool=2)
2026-08-15 02:10:57,945 [DEBUG] cnn_neat: Removed edge 5→1 (from 4 candidates)
2026-08-15 02:10:57,948 [DEBUG] cnn_neat: Removed 2 edges (requested 3)
2026-08-15 02:10:57,952 [DEBUG] cnn_neat: Split edge 4→5, new hidden node 7 (pool=3)
2026-08-15 02:10:57,954 [DEBUG] cnn_neat: Split edge 4→5, new hidden node 6 (pool=3)
2026-08-15 02:10:57,957 [DEBUG] cnn_neat: Added edge 2→5 (from 8 candidates)
2026-08-15 02:10:57,960 [DEBUG] cnn_neat: Added edge 0→2 (from 4 candidates)
2026-08-15 02:10:57,966 [DEBUG] cnn_neat: Split edge 4→2, new hidden node 5 (pool=4)
2026-08-15 02:10:57,968 [DEBUG] cnn_neat: Added edge 4→1 (from 4 candidates)
2026-08-15 02:10:57,974 [DEBUG] cnn_neat: Split edge 3→4, new hidden node 6 (pool=5)
2026-08-15 02:10:57,977 [DEBUG] cnn_neat: Split edge 0→3, new hidden node 5 (pool=3)
2026-08-15 02:10:57,980 [DEBUG] cnn_neat: Added edge 3→2 (from 6 candidates)
2026-08-15 02:10:57,982 [DEBUG] cnn_neat: Added edge 0→2 (from 3 candidates)
2026-08-15 02:10:57,986 [DEBUG] cnn_neat: Split edge 5→1, new hidden node 6 (pool=3)
2026-08-15 02:10:57,988 [DEBUG] cnn_neat: Added edge 0→5 (from 2 candidates)
2026-08-15 02:10:57,993 [DEBUG] cnn_neat: Split edge 6→1, new hidden node 7 (pool=4)
2026-08-15 02:10:57,995 [DEBUG] cnn_neat: Split edge 4→5, new hidden node 6 (pool=4)
2026-08-15 02:10:57,997 [DEBUG] cnn_neat: Added edge 0→5 (from 4 candidates)
2026-08-15 02:10:57,999 [DEBUG] cnn_neat: Added edge 4→1 (from 2 candidates)
2026-08-15 02:10:58,002 [DEBUG] cnn_neat: Split edge 4→5, new hidden node 8 (pool=5)
2026-08-15 02:10:58,006 [DEBUG] cnn_neat: Split edge 4→1, new hidden node 5 (pool=3)
2026-08-15 02:10:58,009 [DEBUG] cnn_neat: Added edge 0→4 (from 2 candidates)
2026-08-15 02:10:58,015 [DEBUG] cnn_neat: Split edge 0→3, new hidden node 5 (pool=4)
2026-08-15 02:10:58,017 [DEBUG] cnn_neat: Added edge 0→1 (from 2 candidates)
2026-08-15 02:10:58,021 [DEBUG] cnn_neat: Split edge 4→1, new hidden node 6 (pool=2)
2026-08-15 02:10:58,021 [DEBUG] cnn_neat: Saved generation 0
2026-08-15 02:10:58,079 [DEBUG] cnn_neat: Selected 25 elite individuals
2026-08-15 02:10:58,105 [DEBUG] cnn_neat: Removed hidden node 3 (pool=1)
2026-08-15 02:10:58,114 [DEBUG] cnn_neat: Added edge 5→1 (from 4 candidates)
2026-08-15 02:10:58,133 [DEBUG] cnn_neat: Split edge 0→2, new hidden node 6 (pool=5)
2026-08-15 02:10:58,140 [DEBUG] cnn_neat: Added edge 3→1 (from 6 candidates)
2026-08-15 02:10:58,164 [DEBUG] cnn_neat: Split edge 0→2, new hidden node 6 (pool=4)
2026-08-15 02:10:58,170 [DEBUG] cnn_neat: Added edge 0→2 (from 9 candidates)
2026-08-15 02:10:58,175 [DEBUG] cnn_neat: Added edge 2→3 (from 5 candidates)
2026-08-15 02:10:58,180 [DEBUG] cnn_neat: Split edge 3→1, new hidden node 7 (pool=1)
2026-08-15 02:10:58,338 [DEBUG] cnn_neat: Split edge 3→1, new hidden node 4 (pool=2)
2026-08-15 02:10:58,342 [DEBUG] cnn_neat: Added edge 2→1 (from 2 candidates)
2026-08-15 02:10:58,344 [DEBUG] cnn_neat: Split edge 4→1, new hidden node 6 (pool=2)
2026-08-15 02:10:58,347 [DEBUG] cnn_neat: Removed hidden node 2 (pool=1)
2026-08-15 02:10:58,350 [DEBUG] cnn_neat: Removed edge 3→2 (from 1 candidates)
2026-08-15 02:10:58,350 [DEBUG] cnn_neat: Split edge 4→5, new hidden node 7 (pool=7)
2026-08-15 02:10:58,353 [DEBUG] cnn_neat: Removed 1 edges (requested 3)
2026-08-15 02:10:58,353 [DEBUG] cnn_neat: Added edge 0→5 (from 4 candidates)
2026-08-15 02:10:58,357 [DEBUG] cnn_neat: Split edge 0→5, new hidden node 6 (pool=4)
2026-08-15 02:10:58,360 [DEBUG] cnn_neat: Removed hidden node 2 (pool=2)
2026-08-15 02:10:58,361 [DEBUG] cnn_neat: Split edge 0→4, new hidden node 6 (pool=2)
2026-08-15 02:10:58,363 [DEBUG] cnn_neat: Removed edge 4→5 (from 5 candidates)
2026-08-15 02:10:58,365 [DEBUG] cnn_neat: Removed 3 edges (requested 3)
2026-08-15 02:10:58,366 [DEBUG] cnn_neat: Split edge 0→4, new hidden node 5 (pool=3)
2026-08-15 02:10:58,368 [DEBUG] cnn_neat: Crossover rejected: union topology invalid (edges=10 nodes=8)
2026-08-15 02:10:58,370 [DEBUG] cnn_neat: Split edge 4→1, new hidden node 6 (pool=2)
2026-08-15 02:10:58,372 [DEBUG] cnn_neat: Added edge 5→6 (from 10 candidates)
2026-08-15 02:10:58,374 [DEBUG] cnn_neat: Added edge 2→5 (from 4 candidates)
2026-08-15 02:10:58,376 [DEBUG] cnn_neat: Added edge 0→5 (from 2 candidates)
2026-08-15 02:10:58,378 [DEBUG] cnn_neat: Added edge 0→2 (from 1 candidates)
2026-08-15 02:10:58,380 [DEBUG] cnn_neat: Added edge 0→1 (from 1 candidates)
2026-08-15 02:10:58,383 [DEBUG] cnn_neat: Split edge 0→3, new hidden node 6 (pool=5)
2026-08-15 02:10:58,385 [DEBUG] cnn_neat: Added edge 3→2 (from 6 candidates)
2026-08-15 02:10:58,388 [DEBUG] cnn_neat: Split edge 3→5, new hidden node 6 (pool=5)
2026-08-15 02:10:58,390 [DEBUG] cnn_neat: Split edge 2→1, new hidden node 6 (pool=5)
2026-08-15 02:10:58,393 [DEBUG] cnn_neat: Split edge 3→5, new hidden node 6 (pool=5)
2026-08-15 02:10:58,395 [DEBUG] cnn_neat: Added edge 5→2 (from 9 candidates)
2026-08-15 02:10:58,397 [DEBUG] cnn_neat: Crossover rejected: union topology invalid (edges=8 nodes=8)
2026-08-15 02:10:58,399 [DEBUG] cnn_neat: Split edge 5→4, new hidden node 6 (pool=5)
2026-08-15 02:10:58,401 [DEBUG] cnn_neat: Added edge 3→4 (from 6 candidates)
2026-08-15 02:10:58,403 [DEBUG] cnn_neat: Added edge 5→1 (from 7 candidates)
2026-08-15 02:10:58,405 [DEBUG] cnn_neat: Added edge 4→1 (from 5 candidates)
2026-08-15 02:10:58,407 [DEBUG] cnn_neat: Added edge 3→2 (from 4 candidates)
2026-08-15 02:10:58,409 [DEBUG] cnn_neat: Added edge 5→2 (from 5 candidates)
2026-08-15 02:10:58,410 [DEBUG] cnn_neat: Split edge 4→2, new hidden node 5 (pool=4)
2026-08-15 02:10:58,411 [DEBUG] cnn_neat: Added edge 4→3 (from 6 candidates)
2026-08-15 02:10:58,413 [DEBUG] cnn_neat: Removed hidden node 4 (pool=1)
2026-08-15 02:10:58,415 [DEBUG] cnn_neat: Split edge 0→3, new hidden node 4 (pool=3)
2026-08-15 02:10:58,416 [DEBUG] cnn_neat: Removed edge 4→2 (from 1 candidates)
2026-08-15 02:10:58,416 [DEBUG] cnn_neat: Split edge 2→1, new hidden node 4 (pool=3)
2026-08-15 02:10:58,419 [DEBUG] cnn_neat: Removed 1 edges (requested 3)
2026-08-15 02:10:58,420 [DEBUG] cnn_neat: Split edge 0→3, new hidden node 4 (pool=3)
2026-08-15 02:10:58,421 [DEBUG] cnn_neat: Added edge 4→2 (from 4 candidates)
2026-08-15 02:10:58,423 [DEBUG] cnn_neat: Crossover rejected: copied edge has no live Conv2d
2026-08-15 02:10:58,424 [DEBUG] cnn_neat: Split edge 2→1, new hidden node 5 (pool=4)
2026-08-15 02:10:58,426 [DEBUG] cnn_neat: Added edge 0→2 (from 6 candidates)
2026-08-15 02:10:58,427 [DEBUG] cnn_neat: Added edge 4→3 (from 6 candidates)
2026-08-15 02:10:58,428 [DEBUG] cnn_neat: Added edge 0→1 (from 4 candidates)
2026-08-15 02:10:58,430 [DEBUG] cnn_neat: Added edge 0→4 (from 3 candidates)
2026-08-15 02:10:58,432 [DEBUG] cnn_neat: Added edge 3→1 (from 2 candidates)
2026-08-15 02:10:58,435 [DEBUG] cnn_neat: Split edge 3→1, new hidden node 5 (pool=2)
2026-08-15 02:10:58,437 [DEBUG] cnn_neat: Added edge 0→4 (from 3 candidates)
2026-08-15 02:10:58,440 [DEBUG] cnn_neat: Removed hidden node 4 (pool=2)
2026-08-15 02:10:58,441 [DEBUG] cnn_neat: Split edge 0→3, new hidden node 4 (pool=2)
2026-08-15 02:10:58,443 [DEBUG] cnn_neat: Removed edge 2→1 (from 4 candidates)
2026-08-15 02:10:58,446 [DEBUG] cnn_neat: Removed 3 edges (requested 3)
2026-08-15 02:10:58,447 [DEBUG] cnn_neat: Split edge 0→3, new hidden node 4 (pool=2)
2026-08-15 02:10:58,450 [DEBUG] cnn_neat: Crossover rejected: union topology invalid (edges=8 nodes=6)
2026-08-15 02:10:58,452 [DEBUG] cnn_neat: Split edge 0→3, new hidden node 5 (pool=2)
2026-08-15 02:10:58,454 [DEBUG] cnn_neat: Added edge 0→2 (from 3 candidates)
2026-08-15 02:10:58,456 [DEBUG] cnn_neat: Added edge 4→1 (from 2 candidates)
2026-08-15 02:10:58,458 [DEBUG] cnn_neat: Added edge 0→4 (from 1 candidates)
2026-08-15 02:10:58,460 [DEBUG] cnn_neat: Added edge 0→1 (from 1 candidates)
2026-08-15 02:10:58,463 [DEBUG] cnn_neat: Split edge 0→3, new hidden node 4 (pool=2)
2026-08-15 02:10:58,464 [DEBUG] cnn_neat: Split edge 4→3, new hidden node 5 (pool=3)
2026-08-15 02:10:58,466 [DEBUG] cnn_neat: Added edge 0→2 (from 1 candidates)
2026-08-15 02:10:58,468 [DEBUG] cnn_neat: Split edge 0→2, new hidden node 4 (pool=5)
2026-08-15 02:10:58,471 [DEBUG] cnn_neat: Removed hidden node 2 (pool=1)
2026-08-15 02:10:58,472 [DEBUG] cnn_neat: Split edge 3→1, new hidden node 4 (pool=2)
2026-08-15 02:10:58,473 [DEBUG] cnn_neat: Added edge 0→4 (from 2 candidates)
2026-08-15 02:10:58,474 [DEBUG] cnn_neat: Removed edge 2→1 (from 3 candidates)
2026-08-15 02:10:58,475 [DEBUG] cnn_neat: Split edge 3→1, new hidden node 4 (pool=2)
2026-08-15 02:10:58,476 [DEBUG] cnn_neat: Added edge 0→4 (from 6 candidates)
2026-08-15 02:10:58,478 [DEBUG] cnn_neat: Removed 2 edges (requested 3)
2026-08-15 02:10:58,479 [DEBUG] cnn_neat: Split edge 0→3, new hidden node 4 (pool=2)
2026-08-15 02:10:58,479 [DEBUG] cnn_neat: Added edge 0→3 (from 2 candidates)
2026-08-15 02:10:58,482 [DEBUG] cnn_neat: Removed hidden node 4 (pool=1)
2026-08-15 02:10:58,483 [DEBUG] cnn_neat: Split edge 0→3, new hidden node 4 (pool=2)
2026-08-15 02:10:58,485 [DEBUG] cnn_neat: Split edge 0→4, new hidden node 5 (pool=3)
2026-08-15 02:10:58,486 [DEBUG] cnn_neat: Added edge 0→3 (from 2 candidates)
2026-08-15 02:10:58,486 [DEBUG] cnn_neat: Weight mutation: 2 conv modules updated (direct tensor perturbation)
2026-08-15 02:10:58,488 [DEBUG] cnn_neat: Crossover rejected: union topology invalid (edges=10 nodes=9)
2026-08-15 02:10:58,489 [DEBUG] cnn_neat: Split edge 3→1, new hidden node 4 (pool=2)
2026-08-15 02:10:58,492 [DEBUG] cnn_neat: Added edge 2→4 (from 5 candidates)
2026-08-15 02:10:58,494 [DEBUG] cnn_neat: Added edge 0→2 (from 1 candidates)
2026-08-15 02:10:58,495 [DEBUG] cnn_neat: Added edge 0→1 (from 1 candidates)
2026-08-15 02:10:58,499 [DEBUG] cnn_neat: Split edge 0→1, new hidden node 4 (pool=1)
2026-08-15 02:10:58,501 [DEBUG] cnn_neat: Added edge 4→2 (from 5 candidates)
2026-08-15 02:10:58,502 [DEBUG] cnn_neat: Split edge 2→1, new hidden node 5 (pool=3)
2026-08-15 02:10:58,503 [DEBUG] cnn_neat: Added edge 4→1 (from 2 candidates)
2026-08-15 02:10:58,505 [DEBUG] cnn_neat: Split edge 4→1, new hidden node 5 (pool=2)
2026-08-15 02:10:58,506 [DEBUG] cnn_neat: Added edge 5→2 (from 5 candidates)
2026-08-15 02:10:58,508 [DEBUG] cnn_neat: Split edge 4→2, new hidden node 5 (pool=3)
2026-08-15 02:10:58,509 [DEBUG] cnn_neat: Added edge 4→2 (from 4 candidates)
2026-08-15 02:10:58,512 [DEBUG] cnn_neat: Split edge 0→4, new hidden node 5 (pool=3)
2026-08-15 02:10:58,513 [DEBUG] cnn_neat: Added edge 0→4 (from 4 candidates)
2026-08-15 02:10:58,516 [DEBUG] cnn_neat: Removed hidden node 5 (pool=1)
2026-08-15 02:10:58,518 [DEBUG] cnn_neat: Split edge 0→4, new hidden node 5 (pool=3)
2026-08-15 02:10:58,519 [DEBUG] cnn_neat: Split edge 4→2, new hidden node 6 (pool=4)
2026-08-15 02:10:58,521 [DEBUG] cnn_neat: Added edge 5→2 (from 4 candidates)
2026-08-15 02:10:58,523 [DEBUG] cnn_neat: Split edge 2→1, new hidden node 5 (pool=3)
2026-08-15 02:10:58,525 [DEBUG] cnn_neat: Added edge 4→5 (from 4 candidates)
2026-08-15 02:10:58,526 [DEBUG] cnn_neat: Crossover union: A_edges=3 B_added=7 dup_skipped=0 child_edges=10 nodes=8
2026-08-15 02:10:58,528 [DEBUG] cnn_neat: Added edge 4→1 (from 2 candidates)
2026-08-15 02:10:58,529 [DEBUG] cnn_neat: Added edge 0→2 (from 1 candidates)
2026-08-15 02:10:58,531 [DEBUG] cnn_neat: Added edge 0→1 (from 1 candidates)
2026-08-15 02:10:58,533 [DEBUG] cnn_neat: Split edge 0→4, new hidden node 5 (pool=3)
2026-08-15 02:10:58,535 [DEBUG] cnn_neat: Split edge 4→2, new hidden node 6 (pool=4)
2026-08-15 02:10:58,537 [DEBUG] cnn_neat: Added edge 0→3 (from 10 candidates)
2026-08-15 02:10:58,538 [DEBUG] cnn_neat: Added edge 0→2 (from 4 candidates)
2026-08-15 02:10:58,540 [DEBUG] cnn_neat: Removed hidden node 3 (pool=1)
2026-08-15 02:10:58,541 [DEBUG] cnn_neat: Split edge 0→4, new hidden node 5 (pool=3)
2026-08-15 02:10:58,542 [DEBUG] cnn_neat: Added edge 0→2 (from 4 candidates)
2026-08-15 02:10:58,545 [DEBUG] cnn_neat: Removed edge 2→3 (from 1 candidates)
2026-08-15 02:10:58,546 [DEBUG] cnn_neat: Split edge 4→2, new hidden node 5 (pool=3)
2026-08-15 02:10:58,548 [DEBUG] cnn_neat: Added edge 0→5 (from 4 candidates)
2026-08-15 02:10:58,549 [DEBUG] cnn_neat: Removed 1 edges (requested 3)
2026-08-15 02:10:58,550 [DEBUG] cnn_neat: Split edge 2→1, new hidden node 5 (pool=3)
2026-08-15 02:10:58,551 [DEBUG] cnn_neat: Added edge 4→5 (from 4 candidates)
2026-08-15 02:10:58,553 [DEBUG] cnn_neat: Removed hidden node 2 (pool=1)
2026-08-15 02:10:58,555 [DEBUG] cnn_neat: Crossover rejected: copied edge has no live Conv2d
2026-08-15 02:10:58,556 [DEBUG] cnn_neat: Split edge 0→4, new hidden node 5 (pool=3)
2026-08-15 02:10:58,558 [DEBUG] cnn_neat: Added edge 0→4 (from 7 candidates)
2026-08-15 02:10:58,559 [DEBUG] cnn_neat: Added edge 0→2 (from 4 candidates)
2026-08-15 02:10:58,561 [DEBUG] cnn_neat: Added edge 3→1 (from 4 candidates)
2026-08-15 02:10:58,563 [DEBUG] cnn_neat: Added edge 4→1 (from 3 candidates)
2026-08-15 02:10:58,565 [DEBUG] cnn_neat: Added edge 0→3 (from 2 candidates)
2026-08-15 02:10:58,567 [DEBUG] cnn_neat: Added edge 0→1 (from 2 candidates)
2026-08-15 02:10:58,569 [DEBUG] cnn_neat: Split edge 2→1, new hidden node 6 (pool=4)
2026-08-15 02:10:58,570 [DEBUG] cnn_neat: Added edge 0→5 (from 6 candidates)
2026-08-15 02:10:58,572 [DEBUG] cnn_neat: Removed hidden node 5 (pool=1)
2026-08-15 02:10:58,573 [DEBUG] cnn_neat: Split edge 4→2, new hidden node 5 (pool=3)
2026-08-15 02:10:58,574 [DEBUG] cnn_neat: Added edge 0→2 (from 4 candidates)
2026-08-15 02:10:58,577 [DEBUG] cnn_neat: Removed hidden node 5 (pool=2)
2026-08-15 02:10:58,578 [DEBUG] cnn_neat: Removed edge 4→5 (from 1 candidates)
2026-08-15 02:10:58,579 [DEBUG] cnn_neat: Split edge 0→4, new hidden node 5 (pool=3)
2026-08-15 02:10:58,580 [DEBUG] cnn_neat: Added edge 0→2 (from 4 candidates)
2026-08-15 02:10:58,583 [DEBUG] cnn_neat: Removed hidden node 5 (pool=2)
2026-08-15 02:10:58,584 [DEBUG] cnn_neat: Removed 1 edges (requested 3)
2026-08-15 02:10:58,586 [DEBUG] cnn_neat: Split edge 4→2, new hidden node 5 (pool=3)
2026-08-15 02:10:58,587 [DEBUG] cnn_neat: Added edge 0→2 (from 4 candidates)
2026-08-15 02:10:58,589 [DEBUG] cnn_neat: Removed hidden node 4 (pool=2)
2026-08-15 02:10:58,591 [DEBUG] cnn_neat: Crossover rejected: copied edge has no live Conv2d
2026-08-15 02:10:58,592 [DEBUG] cnn_neat: Split edge 4→5, new hidden node 6 (pool=4)
2026-08-15 02:10:58,594 [DEBUG] cnn_neat: Added edge 0→2 (from 6 candidates)
2026-08-15 02:10:58,595 [DEBUG] cnn_neat: Added edge 2→5 (from 5 candidates)
2026-08-15 02:10:58,596 [DEBUG] cnn_neat: Added edge 4→1 (from 3 candidates)
2026-08-15 02:10:58,597 [DEBUG] cnn_neat: Added edge 0→5 (from 2 candidates)
2026-08-15 02:10:58,599 [DEBUG] cnn_neat: Added edge 5→1 (from 2 candidates)
2026-08-15 02:10:58,600 [DEBUG] cnn_neat: Split edge 0→3, new hidden node 5 (pool=5)
2026-08-15 02:10:58,602 [DEBUG] cnn_neat: Added edge 3→1 (from 4 candidates)
2026-08-15 02:10:58,604 [DEBUG] cnn_neat: Split edge 0→3, new hidden node 5 (pool=2)
2026-08-15 02:10:58,607 [DEBUG] cnn_neat: Removed hidden node 3 (pool=1)
2026-08-15 02:10:58,608 [DEBUG] cnn_neat: Split edge 0→4, new hidden node 5 (pool=3)
2026-08-15 02:10:58,610 [DEBUG] cnn_neat: Added edge 5→2 (from 4 candidates)
2026-08-15 02:10:58,612 [DEBUG] cnn_neat: Removed hidden node 4 (pool=1)
2026-08-15 02:10:58,613 [DEBUG] cnn_neat: Removed edge 2→3 (from 2 candidates)
2026-08-15 02:10:58,615 [DEBUG] cnn_neat: Removed 2 edges (requested 3)
2026-08-15 02:10:58,616 [DEBUG] cnn_neat: Split edge 2→1, new hidden node 5 (pool=3)
2026-08-15 02:10:58,617 [DEBUG] cnn_neat: Added edge 4→5 (from 4 candidates)
2026-08-15 02:10:58,620 [DEBUG] cnn_neat: Removed hidden node 2 (pool=1)
2026-08-15 02:10:58,622 [DEBUG] cnn_neat: Split edge 4→5, new hidden node 6 (pool=3)
2026-08-15 02:10:58,624 [DEBUG] cnn_neat: Crossover rejected: copied edge has no live Conv2d
2026-08-15 02:10:58,625 [DEBUG] cnn_neat: Split edge 0→4, new hidden node 5 (pool=5)
2026-08-15 02:10:58,626 [DEBUG] cnn_neat: Added edge 0→2 (from 4 candidates)
2026-08-15 02:10:58,628 [DEBUG] cnn_neat: Added edge 4→3 (from 4 candidates)
2026-08-15 02:10:58,630 [DEBUG] cnn_neat: Added edge 4→1 (from 3 candidates)
2026-08-15 02:10:58,631 [DEBUG] cnn_neat: Added edge 3→1 (from 2 candidates)
2026-08-15 02:10:58,633 [DEBUG] cnn_neat: Added edge 0→1 (from 1 candidates)
2026-08-15 02:10:58,635 [DEBUG] cnn_neat: Split edge 3→4, new hidden node 5 (pool=5)
2026-08-15 02:10:58,637 [DEBUG] cnn_neat: Split edge 0→3, new hidden node 6 (pool=3)
2026-08-15 02:10:58,639 [DEBUG] cnn_neat: Added edge 4→1 (from 4 candidates)
2026-08-15 02:10:58,641 [DEBUG] cnn_neat: Removed hidden node 4 (pool=1)
2026-08-15 02:10:58,642 [DEBUG] cnn_neat: Split edge 0→3, new hidden node 4 (pool=3)
2026-08-15 02:10:58,644 [DEBUG] cnn_neat: Added edge 0→3 (from 4 candidates)
2026-08-15 02:10:58,645 [DEBUG] cnn_neat: Removed edge 4→2 (from 3 candidates)
2026-08-15 02:10:58,647 [DEBUG] cnn_neat: Removed 2 edges (requested 3)
2026-08-15 02:10:58,649 [DEBUG] cnn_neat: Split edge 3→2, new hidden node 4 (pool=3)
2026-08-15 02:10:58,650 [DEBUG] cnn_neat: Added edge 3→2 (from 4 candidates)
2026-08-15 02:10:58,653 [DEBUG] cnn_neat: Removed hidden node 4 (pool=1)
2026-08-15 02:10:58,655 [DEBUG] cnn_neat: Split edge 3→2, new hidden node 4 (pool=3)
2026-08-15 02:10:58,657 [DEBUG] cnn_neat: Split edge 4→2, new hidden node 5 (pool=4)
2026-08-15 02:10:58,658 [DEBUG] cnn_neat: Added edge 4→1 (from 4 candidates)
2026-08-15 02:10:58,658 [DEBUG] cnn_neat: Weight mutation: 4 conv modules updated (direct tensor perturbation)
2026-08-15 02:10:58,660 [DEBUG] cnn_neat: Crossover rejected: union topology invalid (edges=11 nodes=10)
2026-08-15 02:10:58,662 [DEBUG] cnn_neat: Split edge 2→1, new hidden node 5 (pool=5)
2026-08-15 02:10:58,664 [DEBUG] cnn_neat: Added edge 4→5 (from 7 candidates)
2026-08-15 02:10:58,666 [DEBUG] cnn_neat: Added edge 4→1 (from 4 candidates)
2026-08-15 02:10:58,667 [DEBUG] cnn_neat: Added edge 0→4 (from 3 candidates)
2026-08-15 02:10:58,670 [DEBUG] cnn_neat: Added edge 3→1 (from 2 candidates)
2026-08-15 02:10:58,672 [DEBUG] cnn_neat: Added edge 0→2 (from 1 candidates)
2026-08-15 02:10:58,674 [DEBUG] cnn_neat: Added edge 0→1 (from 1 candidates)
2026-08-15 02:10:58,677 [DEBUG] cnn_neat: Split edge 0→1, new hidden node 5 (pool=1)
2026-08-15 02:10:58,680 [DEBUG] cnn_neat: Added edge 0→2 (from 9 candidates)
2026-08-15 02:10:58,683 [DEBUG] cnn_neat: Removed hidden node 3 (pool=3)
2026-08-15 02:10:58,684 [DEBUG] cnn_neat: Removed edge 6→4 (from 2 candidates)
2026-08-15 02:10:58,686 [DEBUG] cnn_neat: Removed 1 edges (requested 3)
2026-08-15 02:10:58,687 [DEBUG] cnn_neat: Split edge 5→1, new hidden node 6 (pool=3)
2026-08-15 02:10:58,689 [DEBUG] cnn_neat: Added edge 2→1 (from 9 candidates)
2026-08-15 02:10:58,693 [DEBUG] cnn_neat: Added edge 6→2 (from 9 candidates)
2026-08-15 02:10:58,697 [DEBUG] cnn_neat: Added edge 3→4 (from 9 candidates)
2026-08-15 02:10:58,700 [DEBUG] cnn_neat: Added edge 3→2 (from 9 candidates)
2026-08-15 02:10:58,702 [DEBUG] cnn_neat: Crossover rejected: union topology invalid (edges=9 nodes=9)
2026-08-15 02:10:58,705 [DEBUG] cnn_neat: Added edge 6→2 (from 9 candidates)
2026-08-15 02:10:58,708 [DEBUG] cnn_neat: Removed hidden node 4 (pool=1)
2026-08-15 02:10:58,710 [DEBUG] cnn_neat: Added edge 3→4 (from 9 candidates)
2026-08-15 02:10:58,713 [DEBUG] cnn_neat: Added edge 0→6 (from 9 candidates)
2026-08-15 02:10:58,715 [DEBUG] cnn_neat: Added edge 6→5 (from 8 candidates)
2026-08-15 02:10:58,718 [DEBUG] cnn_neat: Added edge 0→2 (from 8 candidates)
2026-08-15 02:10:58,721 [DEBUG] cnn_neat: Added edge 6→1 (from 10 candidates)
2026-08-15 02:10:58,722 [DEBUG] cnn_neat: Split edge 4→2, new hidden node 6 (pool=5)
2026-08-15 02:10:58,724 [DEBUG] cnn_neat: Added edge 0→5 (from 5 candidates)
2026-08-15 02:10:58,726 [DEBUG] cnn_neat: Split edge 5→1, new hidden node 6 (pool=3)
2026-08-15 02:10:58,728 [DEBUG] cnn_neat: Removed hidden node 2 (pool=2)
2026-08-15 02:10:58,730 [DEBUG] cnn_neat: Split edge 5→1, new hidden node 6 (pool=3)
2026-08-15 02:10:58,731 [DEBUG] cnn_neat: Removed edge 5→1 (from 4 candidates)
2026-08-15 02:10:58,733 [DEBUG] cnn_neat: Split edge 0→4, new hidden node 6 (pool=4)
2026-08-15 02:10:58,735 [DEBUG] cnn_neat: Removed 2 edges (requested 3)
2026-08-15 02:10:58,737 [DEBUG] cnn_neat: Split edge 4→2, new hidden node 5 (pool=3)
2026-08-15 02:10:58,738 [DEBUG] cnn_neat: Added edge 4→2 (from 4 candidates)
2026-08-15 02:10:58,740 [DEBUG] cnn_neat: Removed hidden node 5 (pool=1)
2026-08-15 02:10:58,742 [DEBUG] cnn_neat: Split edge 4→2, new hidden node 5 (pool=3)
2026-08-15 02:10:58,744 [DEBUG] cnn_neat: Split edge 5→2, new hidden node 6 (pool=4)
2026-08-15 02:10:58,746 [DEBUG] cnn_neat: Crossover rejected: copied edge has no live Conv2d
2026-08-15 02:10:58,747 [DEBUG] cnn_neat: Split edge 2→1, new hidden node 6 (pool=5)
2026-08-15 02:10:58,749 [DEBUG] cnn_neat: Added edge 0→6 (from 8 candidates)
2026-08-15 02:10:58,751 [DEBUG] cnn_neat: Added edge 4→1 (from 5 candidates)
2026-08-15 02:10:58,754 [DEBUG] cnn_neat: Added edge 5→2 (from 4 candidates)
2026-08-15 02:10:58,756 [DEBUG] cnn_neat: Added edge 0→2 (from 2 candidates)
2026-08-15 02:10:58,758 [DEBUG] cnn_neat: Added edge 0→5 (from 1 candidates)
2026-08-15 02:10:58,760 [DEBUG] cnn_neat: Added edge 0→1 (from 1 candidates)
2026-08-15 02:10:58,761 [DEBUG] cnn_neat: Split edge 0→1, new hidden node 4 (pool=1)
2026-08-15 02:10:58,763 [DEBUG] cnn_neat: Split edge 0→4, new hidden node 5 (pool=4)
2026-08-15 02:10:58,764 [DEBUG] cnn_neat: Split edge 0→1, new hidden node 4 (pool=1)
2026-08-15 02:10:58,766 [DEBUG] cnn_neat: Added edge 0→1 (from 3 candidates)
2026-08-15 02:10:58,768 [DEBUG] cnn_neat: Removed hidden node 3 (pool=1)
2026-08-15 02:10:58,768 [DEBUG] cnn_neat: Split edge 0→1, new hidden node 2 (pool=1)
2026-08-15 02:10:58,769 [DEBUG] cnn_neat: Added edge 0→1 (from 1 candidates)
2026-08-15 02:10:58,771 [DEBUG] cnn_neat: Removed hidden node 2 (pool=1)
2026-08-15 02:10:58,772 [DEBUG] cnn_neat: Split edge 0→1, new hidden node 2 (pool=1)
2026-08-15 02:10:58,773 [DEBUG] cnn_neat: Split edge 0→2, new hidden node 3 (pool=2)
2026-08-15 02:10:58,775 [DEBUG] cnn_neat: Added edge 0→1 (from 1 candidates)
2026-08-15 02:10:58,775 [DEBUG] cnn_neat: Weight mutation: 2 conv modules updated (direct tensor perturbation)
2026-08-15 02:10:58,777 [DEBUG] cnn_neat: Removed edge 0→1 (from 3 candidates)
2026-08-15 02:10:58,778 [DEBUG] cnn_neat: Split edge 3→1, new hidden node 4 (pool=2)
2026-08-15 02:10:58,779 [DEBUG] cnn_neat: Added edge 3→1 (from 2 candidates)
2026-08-15 02:10:58,780 [DEBUG] cnn_neat: Removed 2 edges (requested 3)
2026-08-15 02:10:58,781 [DEBUG] cnn_neat: Split edge 0→1, new hidden node 2 (pool=1)
2026-08-15 02:10:58,782 [DEBUG] cnn_neat: Added edge 0→1 (from 1 candidates)
2026-08-15 02:10:58,784 [DEBUG] cnn_neat: Removed hidden node 2 (pool=1)
2026-08-15 02:10:58,785 [DEBUG] cnn_neat: Split edge 0→1, new hidden node 2 (pool=1)
2026-08-15 02:10:58,786 [DEBUG] cnn_neat: Split edge 2→1, new hidden node 3 (pool=2)
2026-08-15 02:10:58,787 [DEBUG] cnn_neat: Added edge 0→1 (from 1 candidates)
2026-08-15 02:10:58,787 [DEBUG] cnn_neat: Weight mutation: 2 conv modules updated (direct tensor perturbation)
2026-08-15 02:10:58,789 [DEBUG] cnn_neat: Crossover rejected: union topology invalid (edges=9 nodes=7)
2026-08-15 02:10:58,790 [DEBUG] cnn_neat: Split edge 0→1, new hidden node 4 (pool=1)
2026-08-15 02:10:58,792 [DEBUG] cnn_neat: Added edge 3→4 (from 3 candidates)
2026-08-15 02:10:58,833 [DEBUG] cnn_neat: Split edge 4→1, new hidden node 6 (pool=2)
2026-08-15 02:10:58,869 [DEBUG] cnn_neat: Added edge 5→2 (from 4 candidates)
2026-08-15 02:10:58,878 [DEBUG] cnn_neat: Removed hidden node 2 (pool=2)
2026-08-15 02:10:58,882 [DEBUG] cnn_neat: Removed edge 4→5 (from 5 candidates)
2026-08-15 02:10:58,888 [DEBUG] cnn_neat: Removed 3 edges (requested 3)
2026-08-15 02:10:58,893 [DEBUG] cnn_neat: Split edge 0→4, new hidden node 6 (pool=2)
2026-08-15 02:10:58,896 [DEBUG] cnn_neat: Split edge 0→4, new hidden node 6 (pool=2)
2026-08-15 02:10:58,901 [DEBUG] cnn_neat: Added edge 0→2 (from 2 candidates)
2026-08-15 02:10:58,904 [DEBUG] cnn_neat: Added edge 5→1 (from 2 candidates)
2026-08-15 02:10:58,911 [DEBUG] cnn_neat: Split edge 4→1, new hidden node 7 (pool=3)
2026-08-15 02:10:59,041 [DEBUG] cnn_neat: Split edge 3→5, new hidden node 6 (pool=5)
2026-08-15 02:10:59,054 [DEBUG] cnn_neat: Added edge 3→4 (from 6 candidates)
2026-08-15 02:10:59,084 [DEBUG] cnn_neat: Split edge 2→1, new hidden node 6 (pool=6)
2026-08-15 02:10:59,092 [DEBUG] cnn_neat: Added edge 5→1 (from 7 candidates)
2026-08-15 02:10:59,103 [DEBUG] cnn_neat: Split edge 3→4, new hidden node 7 (pool=7)
2026-08-15 02:10:59,112 [DEBUG] cnn_neat: Removed hidden node 5 (pool=1)
2026-08-15 02:10:59,123 [DEBUG] cnn_neat: Added edge 0→5 (from 9 candidates)
2026-08-15 02:10:59,133 [DEBUG] cnn_neat: Split edge 0→3, new hidden node 6 (pool=4)
2026-08-15 02:10:59,139 [DEBUG] cnn_neat: Split edge 0→3, new hidden node 5 (pool=4)
2026-08-15 02:10:59,148 [DEBUG] cnn_neat: Added edge 3→4 (from 6 candidates)
2026-08-15 02:10:59,151 [DEBUG] cnn_neat: Removed hidden node 4 (pool=1)
2026-08-15 02:10:59,153 [DEBUG] cnn_neat: Removed edge 4→2 (from 1 candidates)
2026-08-15 02:10:59,155 [DEBUG] cnn_neat: Removed 1 edges (requested 3)
2026-08-15 02:10:59,158 [DEBUG] cnn_neat: Split edge 4→2, new hidden node 6 (pool=5)
2026-08-15 02:10:59,160 [DEBUG] cnn_neat: Added edge 5→2 (from 10 candidates)
2026-08-15 02:10:59,163 [DEBUG] cnn_neat: Split edge 0→5, new hidden node 7 (pool=6)
2026-08-15 02:10:59,168 [DEBUG] cnn_neat: Removed hidden node 4 (pool=1)
2026-08-15 02:10:59,170 [DEBUG] cnn_neat: Added edge 4→5 (from 17 candidates)
2026-08-15 02:10:59,176 [DEBUG] cnn_neat: Split edge 3→1, new hidden node 5 (pool=2)
2026-08-15 02:10:59,179 [DEBUG] cnn_neat: Added edge 0→4 (from 3 candidates)
2026-08-15 02:10:59,185 [DEBUG] cnn_neat: Removed hidden node 4 (pool=2)
2026-08-15 02:10:59,187 [DEBUG] cnn_neat: Removed edge 3→4 (from 4 candidates)
2026-08-15 02:10:59,192 [DEBUG] cnn_neat: Removed 2 edges (requested 3)
2026-08-15 02:10:59,194 [DEBUG] cnn_neat: Split edge 3→1, new hidden node 5 (pool=3)
2026-08-15 02:10:59,196 [DEBUG] cnn_neat: Added edge 4→1 (from 5 candidates)
2026-08-15 02:10:59,199 [DEBUG] cnn_neat: Split edge 2→1, new hidden node 6 (pool=6)
2026-08-15 02:10:59,202 [DEBUG] cnn_neat: Removed hidden node 4 (pool=2)
2026-08-15 02:10:59,205 [DEBUG] cnn_neat: Added edge 3→4 (from 11 candidates)
2026-08-15 02:10:59,208 [DEBUG] cnn_neat: Split edge 0→3, new hidden node 5 (pool=4)
2026-08-15 02:10:59,211 [DEBUG] cnn_neat: Split edge 3→5, new hidden node 7 (pool=4)
2026-08-15 02:10:59,215 [DEBUG] cnn_neat: Split edge 3→1, new hidden node 4 (pool=2)
2026-08-15 02:10:59,217 [DEBUG] cnn_neat: Added edge 0→2 (from 1 candidates)
2026-08-15 02:10:59,220 [DEBUG] cnn_neat: Removed hidden node 2 (pool=1)
2026-08-15 02:10:59,223 [DEBUG] cnn_neat: Removed edge 3→1 (from 3 candidates)
2026-08-15 02:10:59,225 [DEBUG] cnn_neat: Removed 2 edges (requested 3)
2026-08-15 02:10:59,227 [DEBUG] cnn_neat: Split edge 2→1, new hidden node 5 (pool=3)
2026-08-15 02:10:59,229 [DEBUG] cnn_neat: Added edge 0→2 (from 2 candidates)
2026-08-15 02:10:59,236 [DEBUG] cnn_neat: Split edge 2→1, new hidden node 5 (pool=3)
2026-08-15 02:10:59,238 [DEBUG] cnn_neat: Added edge 0→3 (from 4 candidates)
2026-08-15 02:10:59,241 [DEBUG] cnn_neat: Removed hidden node 3 (pool=1)
2026-08-15 02:10:59,242 [DEBUG] cnn_neat: Removed edge 2→3 (from 1 candidates)
2026-08-15 02:10:59,244 [DEBUG] cnn_neat: Removed 1 edges (requested 3)
2026-08-15 02:10:59,248 [DEBUG] cnn_neat: Split edge 2→1, new hidden node 6 (pool=4)
2026-08-15 02:10:59,250 [DEBUG] cnn_neat: Added edge 0→5 (from 6 candidates)
2026-08-15 02:10:59,254 [DEBUG] cnn_neat: Removed hidden node 5 (pool=1)
2026-08-15 02:10:59,256 [DEBUG] cnn_neat: Removed edge 4→5 (from 1 candidates)
2026-08-15 02:10:59,258 [DEBUG] cnn_neat: Removed 1 edges (requested 3)
2026-08-15 02:10:59,261 [DEBUG] cnn_neat: Split edge 2→3, new hidden node 5 (pool=5)
2026-08-15 02:10:59,264 [DEBUG] cnn_neat: Added edge 3→1 (from 4 candidates)
2026-08-15 02:10:59,268 [DEBUG] cnn_neat: Removed hidden node 3 (pool=1)
2026-08-15 02:10:59,269 [DEBUG] cnn_neat: Removed edge 2→3 (from 2 candidates)
2026-08-15 02:10:59,272 [DEBUG] cnn_neat: Removed 2 edges (requested 3)
2026-08-15 02:10:59,274 [DEBUG] cnn_neat: Split edge 4→2, new hidden node 6 (pool=4)
2026-08-15 02:10:59,276 [DEBUG] cnn_neat: Added edge 4→3 (from 6 candidates)
2026-08-15 02:10:59,278 [DEBUG] cnn_neat: Split edge 4→6, new hidden node 7 (pool=5)
2026-08-15 02:10:59,282 [DEBUG] cnn_neat: Removed hidden node 3 (pool=2)
2026-08-15 02:10:59,284 [DEBUG] cnn_neat: Added edge 4→5 (from 10 candidates)
2026-08-15 02:10:59,289 [DEBUG] cnn_neat: Split edge 2→1, new hidden node 5 (pool=5)
2026-08-15 02:10:59,293 [DEBUG] cnn_neat: Added edge 4→1 (from 4 candidates)
2026-08-15 02:10:59,297 [DEBUG] cnn_neat: Removed hidden node 4 (pool=1)
2026-08-15 02:10:59,300 [DEBUG] cnn_neat: Removed edge 3→4 (from 3 candidates)
2026-08-15 02:10:59,303 [DEBUG] cnn_neat: Removed 2 edges (requested 3)
2026-08-15 02:10:59,311 [DEBUG] cnn_neat: Added edge 0→4 (from 9 candidates)
2026-08-15 02:10:59,321 [DEBUG] cnn_neat: Split edge 5→1, new hidden node 7 (pool=7)
2026-08-15 02:10:59,325 [DEBUG] cnn_neat: Added edge 6→5 (from 11 candidates)
2026-08-15 02:10:59,330 [DEBUG] cnn_neat: Split edge 4→2, new hidden node 8 (pool=8)
2026-08-15 02:10:59,337 [DEBUG] cnn_neat: Removed hidden node 6 (pool=2)
2026-08-15 02:10:59,342 [DEBUG] cnn_neat: Added edge 3→7 (from 14 candidates)
2026-08-15 02:10:59,383 [DEBUG] cnn_neat: Split edge 4→2, new hidden node 6 (pool=5)
2026-08-15 02:10:59,387 [DEBUG] cnn_neat: Added edge 2→5 (from 5 candidates)
2026-08-15 02:10:59,396 [DEBUG] cnn_neat: Removed hidden node 5 (pool=2)
2026-08-15 02:10:59,402 [DEBUG] cnn_neat: Removed edge 2→1 (from 4 candidates)
2026-08-15 02:10:59,407 [DEBUG] cnn_neat: Removed 2 edges (requested 3)
2026-08-15 02:10:59,412 [DEBUG] cnn_neat: Split edge 5→1, new hidden node 6 (pool=6)
2026-08-15 02:10:59,415 [DEBUG] cnn_neat: Split edge 5→1, new hidden node 6 (pool=4)
2026-08-15 02:10:59,420 [DEBUG] cnn_neat: Added edge 0→5 (from 3 candidates)
2026-08-15 02:10:59,425 [DEBUG] cnn_neat: Added edge 5→2 (from 6 candidates)
2026-08-15 02:10:59,431 [DEBUG] cnn_neat: Split edge 0→1, new hidden node 4 (pool=1)
2026-08-15 02:10:59,436 [DEBUG] cnn_neat: Removed hidden node 3 (pool=1)
2026-08-15 02:10:59,440 [DEBUG] cnn_neat: Removed edge 3→1 (from 3 candidates)
2026-08-15 02:10:59,442 [DEBUG] cnn_neat: Removed 1 edges (requested 3)
2026-08-15 02:10:59,448 [DEBUG] cnn_neat: Split edge 4→2, new hidden node 6 (pool=6)
2026-08-15 02:10:59,456 [DEBUG] cnn_neat: Added edge 4→5 (from 8 candidates)
2026-08-15 02:10:59,468 [DEBUG] cnn_neat: Removed hidden node 4 (pool=2)
2026-08-15 02:10:59,472 [DEBUG] cnn_neat: Removed edge 4→2 (from 4 candidates)
2026-08-15 02:10:59,479 [DEBUG] cnn_neat: Removed 2 edges (requested 3)
2026-08-15 02:10:59,485 [DEBUG] cnn_neat: Split edge 6→2, new hidden node 7 (pool=7)
2026-08-15 02:10:59,564 [DEBUG] cnn_neat: Split edge 3→4, new hidden node 6 (pool=7)
2026-08-15 02:10:59,574 [DEBUG] cnn_neat: Split edge 0→4, new hidden node 7 (pool=7)
2026-08-15 02:10:59,581 [DEBUG] cnn_neat: Added edge 2→5 (from 10 candidates)
2026-08-15 02:10:59,591 [DEBUG] cnn_neat: Removed hidden node 2 (pool=3)
2026-08-15 02:10:59,597 [DEBUG] cnn_neat: Removed edge 4→6 (from 6 candidates)
2026-08-15 02:10:59,604 [DEBUG] cnn_neat: Removed 3 edges (requested 3)
2026-08-15 02:10:59,612 [DEBUG] cnn_neat: Split edge 5→1, new hidden node 8 (pool=8)
2026-08-15 02:10:59,620 [DEBUG] cnn_neat: Split edge 0→3, new hidden node 4 (pool=2)
2026-08-15 02:10:59,622 [DEBUG] cnn_neat: Added edge 0→1 (from 1 candidates)
2026-08-15 02:10:59,629 [DEBUG] cnn_neat: Split edge 3→1, new hidden node 4 (pool=2)
2026-08-15 02:10:59,630 [DEBUG] cnn_neat: Added edge 0→2 (from 2 candidates)
2026-08-15 02:10:59,631 [DEBUG] cnn_neat: Removed hidden node 2 (pool=1)
2026-08-15 02:10:59,632 [DEBUG] cnn_neat: Removed edge 3→2 (from 1 candidates)
2026-08-15 02:10:59,633 [DEBUG] cnn_neat: Removed 1 edges (requested 3)
2026-08-15 02:10:59,634 [DEBUG] cnn_neat: Split edge 3→2, new hidden node 4 (pool=4)
2026-08-15 02:10:59,635 [DEBUG] cnn_neat: Added edge 2→1 (from 2 candidates)
2026-08-15 02:10:59,637 [DEBUG] cnn_neat: Split edge 0→2, new hidden node 5 (pool=3)
2026-08-15 02:10:59,641 [DEBUG] cnn_neat: Removed hidden node 2 (pool=1)
2026-08-15 02:10:59,645 [DEBUG] cnn_neat: Added edge 4→1 (from 4 candidates)
2026-08-15 02:10:59,649 [DEBUG] cnn_neat: Split edge 3→1, new hidden node 6 (pool=2)
2026-08-15 02:10:59,653 [DEBUG] cnn_neat: Removed edge 3→2 (from 2 candidates)
2026-08-15 02:10:59,661 [DEBUG] cnn_neat: Split edge 3→1, new hidden node 5 (pool=4)
2026-08-15 02:10:59,663 [DEBUG] cnn_neat: Added edge 4→1 (from 4 candidates)
2026-08-15 02:10:59,681 [DEBUG] cnn_neat: Split edge 0→5, new hidden node 6 (pool=4)
2026-08-15 02:10:59,688 [DEBUG] cnn_neat: Added edge 2→5 (from 3 candidates)
2026-08-15 02:10:59,699 [DEBUG] cnn_neat: Removed hidden node 2 (pool=3)
2026-08-15 02:10:59,704 [DEBUG] cnn_neat: Removed edge 4→1 (from 7 candidates)
2026-08-15 02:10:59,714 [DEBUG] cnn_neat: Removed 3 edges (requested 3)
2026-08-15 02:10:59,801 [DEBUG] cnn_neat: Split edge 5→1, new hidden node 6 (pool=4)
2026-08-15 02:10:59,803 [DEBUG] cnn_neat: Added edge 0→2 (from 1 candidates)
2026-08-15 02:10:59,812 [DEBUG] cnn_neat: Split edge 4→5, new hidden node 7 (pool=3)
2026-08-15 02:10:59,816 [DEBUG] cnn_neat: Removed hidden node 5 (pool=3)
2026-08-15 02:10:59,819 [DEBUG] cnn_neat: Added edge 0→6 (from 5 candidates)
2026-08-15 02:10:59,826 [DEBUG] cnn_neat: Split edge 0→4, new hidden node 8 (pool=2)
2026-08-15 02:10:59,830 [DEBUG] cnn_neat: Removed edge 0→4 (from 8 candidates)
2026-08-15 02:10:59,839 [DEBUG] cnn_neat: Added edge 0→4 (from 9 candidates)
2026-08-15 02:10:59,856 [DEBUG] cnn_neat: Split edge 2→5, new hidden node 7 (pool=7)
2026-08-15 02:10:59,858 [DEBUG] cnn_neat: Added edge 4→5 (from 9 candidates)
2026-08-15 02:10:59,861 [DEBUG] cnn_neat: Split edge 3→4, new hidden node 8 (pool=2)
2026-08-15 02:10:59,870 [DEBUG] cnn_neat: Removed hidden node 3 (pool=1)
2026-08-15 02:10:59,877 [DEBUG] cnn_neat: Added edge 0→2 (from 12 candidates)
2026-08-15 02:10:59,883 [DEBUG] cnn_neat: Split edge 2→1, new hidden node 5 (pool=3)
2026-08-15 02:10:59,889 [DEBUG] cnn_neat: Added edge 0→4 (from 3 candidates)
2026-08-15 02:10:59,896 [DEBUG] cnn_neat: Removed hidden node 3 (pool=3)
2026-08-15 02:10:59,902 [DEBUG] cnn_neat: Removed edge 2→1 (from 5 candidates)
2026-08-15 02:10:59,909 [DEBUG] cnn_neat: Removed 3 edges (requested 3)
2026-08-15 02:10:59,911 [DEBUG] cnn_neat: Split edge 0→3, new hidden node 6 (pool=2)
2026-08-15 02:10:59,915 [DEBUG] cnn_neat: Split edge 0→1, new hidden node 3 (pool=1)
2026-08-15 02:10:59,918 [DEBUG] cnn_neat: Added edge 2→1 (from 1 candidates)
2026-08-15 02:10:59,921 [DEBUG] cnn_neat: Removed hidden node 2 (pool=1)
2026-08-15 02:10:59,923 [DEBUG] cnn_neat: Removed edge 0→2 (from 1 candidates)
2026-08-15 02:10:59,925 [DEBUG] cnn_neat: Removed 1 edges (requested 3)
2026-08-15 02:10:59,929 [DEBUG] cnn_neat: Split edge 0→3, new hidden node 4 (pool=3)
2026-08-15 02:10:59,934 [DEBUG] cnn_neat: Added edge 2→3 (from 4 candidates)
2026-08-15 02:10:59,940 [DEBUG] cnn_neat: Split edge 3→1, new hidden node 5 (pool=4)
2026-08-15 02:10:59,945 [DEBUG] cnn_neat: Removed hidden node 2 (pool=1)
2026-08-15 02:10:59,946 [DEBUG] cnn_neat: Added edge 4→2 (from 7 candidates)
2026-08-15 02:10:59,949 [DEBUG] cnn_neat: Split edge 3→4, new hidden node 5 (pool=4)
2026-08-15 02:10:59,952 [DEBUG] cnn_neat: Added edge 0→4 (from 4 candidates)
2026-08-15 02:10:59,963 [DEBUG] cnn_neat: Split edge 2→1, new hidden node 5 (pool=5)
2026-08-15 02:10:59,964 [DEBUG] cnn_neat: Added edge 3→2 (from 4 candidates)
2026-08-15 02:11:00,049 [DEBUG] cnn_neat: Split edge 4→2, new hidden node 6 (pool=6)
2026-08-15 02:11:00,061 [DEBUG] cnn_neat: Removed hidden node 3 (pool=1)
2026-08-15 02:11:00,067 [DEBUG] cnn_neat: Added edge 0→2 (from 6 candidates)
2026-08-15 02:11:00,072 [DEBUG] cnn_neat: Split edge 0→3, new hidden node 4 (pool=2)
2026-08-15 02:11:00,075 [DEBUG] cnn_neat: Added edge 0→2 (from 1 candidates)
2026-08-15 02:11:00,077 [DEBUG] cnn_neat: Removed hidden node 2 (pool=1)
2026-08-15 02:11:00,079 [DEBUG] cnn_neat: Removed edge 3→1 (from 3 candidates)
2026-08-15 02:11:00,082 [DEBUG] cnn_neat: Removed 2 edges (requested 3)
2026-08-15 02:11:00,086 [DEBUG] cnn_neat: Split edge 2→1, new hidden node 5 (pool=3)
2026-08-15 02:11:00,088 [DEBUG] cnn_neat: Added edge 0→2 (from 2 candidates)
2026-08-15 02:11:00,101 [DEBUG] cnn_neat: Split edge 2→1, new hidden node 5 (pool=3)
2026-08-15 02:11:00,103 [DEBUG] cnn_neat: Added edge 3→1 (from 4 candidates)
2026-08-15 02:11:00,105 [DEBUG] cnn_neat: Removed hidden node 3 (pool=1)
2026-08-15 02:11:00,110 [DEBUG] cnn_neat: Removed edge 2→3 (from 1 candidates)
2026-08-15 02:11:00,114 [DEBUG] cnn_neat: Removed 1 edges (requested 3)
2026-08-15 02:11:00,120 [DEBUG] cnn_neat: Split edge 4→2, new hidden node 6 (pool=4)
2026-08-15 02:11:00,124 [DEBUG] cnn_neat: Added edge 2→5 (from 6 candidates)
2026-08-15 02:11:00,129 [DEBUG] cnn_neat: Removed hidden node 5 (pool=1)
2026-08-15 02:11:00,130 [DEBUG] cnn_neat: Removed edge 4→5 (from 1 candidates)
2026-08-15 02:11:00,131 [DEBUG] cnn_neat: Removed 1 edges (requested 3)
2026-08-15 02:11:00,134 [DEBUG] cnn_neat: Split edge 0→4, new hidden node 7 (pool=5)
2026-08-15 02:11:00,138 [DEBUG] cnn_neat: Split edge 0→4, new hidden node 6 (pool=5)
2026-08-15 02:11:00,141 [DEBUG] cnn_neat: Added edge 0→2 (from 10 candidates)
2026-08-15 02:11:00,145 [DEBUG] cnn_neat: Added edge 5→1 (from 4 candidates)
2026-08-15 02:11:00,153 [DEBUG] cnn_neat: Split edge 6→2, new hidden node 8 (pool=6)
2026-08-15 02:11:00,163 [DEBUG] cnn_neat: Split edge 3→4, new hidden node 5 (pool=5)
2026-08-15 02:11:00,166 [DEBUG] cnn_neat: Added edge 0→4 (from 4 candidates)
2026-08-15 02:11:00,168 [DEBUG] cnn_neat: Removed hidden node 4 (pool=1)
2026-08-15 02:11:00,172 [DEBUG] cnn_neat: Removed edge 4→2 (from 3 candidates)
2026-08-15 02:11:00,178 [DEBUG] cnn_neat: Removed 2 edges (requested 3)
2026-08-15 02:11:00,264 [DEBUG] cnn_neat: Split edge 0→3, new hidden node 5 (pool=3)
2026-08-15 02:11:00,270 [DEBUG] cnn_neat: Added edge 0→4 (from 2 candidates)
2026-08-15 02:11:00,275 [DEBUG] cnn_neat: Removed hidden node 3 (pool=3)
2026-08-15 02:11:00,280 [DEBUG] cnn_neat: Removed edge 4→3 (from 6 candidates)
2026-08-15 02:11:00,289 [DEBUG] cnn_neat: Removed 3 edges (requested 3)
2026-08-15 02:11:00,293 [DEBUG] cnn_neat: Split edge 2→1, new hidden node 6 (pool=2)
2026-08-15 02:11:00,300 [DEBUG] cnn_neat: Split edge 0→1, new hidden node 4 (pool=1)
2026-08-15 02:11:00,304 [DEBUG] cnn_neat: Removed hidden node 3 (pool=1)
2026-08-15 02:11:00,305 [DEBUG] cnn_neat: Removed edge 0→1 (from 3 candidates)
2026-08-15 02:11:00,307 [DEBUG] cnn_neat: Removed 2 edges (requested 3)
2026-08-15 02:11:00,315 [DEBUG] cnn_neat: Split edge 3→2, new hidden node 4 (pool=3)
2026-08-15 02:11:00,317 [DEBUG] cnn_neat: Added edge 0→2 (from 2 candidates)
2026-08-15 02:11:00,320 [DEBUG] cnn_neat: Split edge 0→3, new hidden node 4 (pool=4)
2026-08-15 02:11:00,321 [DEBUG] cnn_neat: Added edge 3→1 (from 2 candidates)
2026-08-15 02:11:00,328 [DEBUG] cnn_neat: Split edge 2→1, new hidden node 5 (pool=2)
2026-08-15 02:11:00,345 [DEBUG] cnn_neat: Removed hidden node 3 (pool=1)
2026-08-15 02:11:00,353 [DEBUG] cnn_neat: Added edge 3→1 (from 4 candidates)
2026-08-15 02:11:00,356 [DEBUG] cnn_neat: Split edge 5→1, new hidden node 6 (pool=6)
2026-08-15 02:11:00,358 [DEBUG] cnn_neat: Removed edge 3→2 (from 3 candidates)
2026-08-15 02:11:00,382 [DEBUG] cnn_neat: Split edge 0→2, new hidden node 4 (pool=5)
2026-08-15 02:11:00,388 [DEBUG] cnn_neat: Added edge 0→1 (from 1 candidates)
2026-08-15 02:11:00,392 [DEBUG] cnn_neat: Removed hidden node 3 (pool=2)
2026-08-15 02:11:00,493 [DEBUG] cnn_neat: Removed edge 2→1 (from 5 candidates)
2026-08-15 02:11:00,495 [DEBUG] cnn_neat: Removed 2 edges (requested 3)
2026-08-15 02:11:00,498 [DEBUG] cnn_neat: Split edge 0→3, new hidden node 4 (pool=2)
2026-08-15 02:11:00,499 [DEBUG] cnn_neat: Added edge 0→1 (from 1 candidates)
2026-08-15 02:11:00,505 [DEBUG] cnn_neat: Split edge 3→1, new hidden node 5 (pool=4)
2026-08-15 02:11:00,506 [DEBUG] cnn_neat: Added edge 0→3 (from 4 candidates)
2026-08-15 02:11:00,512 [DEBUG] cnn_neat: Split edge 0→4, new hidden node 6 (pool=5)
2026-08-15 02:11:00,514 [DEBUG] cnn_neat: Added edge 3→5 (from 8 candidates)
2026-08-15 02:11:00,519 [DEBUG] cnn_neat: Removed hidden node 3 (pool=1)
2026-08-15 02:11:00,523 [DEBUG] cnn_neat: Removed edge 2→3 (from 1 candidates)
2026-08-15 02:11:00,526 [DEBUG] cnn_neat: Removed 1 edges (requested 3)
2026-08-15 02:11:00,528 [DEBUG] cnn_neat: Split edge 0→6, new hidden node 7 (pool=6)
2026-08-15 02:11:00,532 [DEBUG] cnn_neat: Split edge 0→4, new hidden node 6 (pool=6)
2026-08-15 02:11:00,536 [DEBUG] cnn_neat: Added edge 3→5 (from 11 candidates)
2026-08-15 02:11:00,540 [DEBUG] cnn_neat: Added edge 4→3 (from 6 candidates)
2026-08-15 02:11:00,549 [DEBUG] cnn_neat: Split edge 6→4, new hidden node 7 (pool=7)
2026-08-15 02:11:00,556 [DEBUG] cnn_neat: Split edge 5→1, new hidden node 7 (pool=3)
2026-08-15 02:11:00,562 [DEBUG] cnn_neat: Added edge 0→2 (from 8 candidates)
2026-08-15 02:11:00,569 [DEBUG] cnn_neat: Removed hidden node 2 (pool=3)
2026-08-15 02:11:00,574 [DEBUG] cnn_neat: Removed edge 6→1 (from 5 candidates)
2026-08-15 02:11:00,583 [DEBUG] cnn_neat: Removed 3 edges (requested 3)
2026-08-15 02:11:00,586 [DEBUG] cnn_neat: Saved generation 1
2026-08-15 02:11:00,639 [DEBUG] cnn_neat: Split edge 4→5, new hidden node 8 (pool=7)
2026-08-15 02:11:00,641 [DEBUG] cnn_neat: Selected 25 elite individuals
2026-08-15 02:11:00,652 [DEBUG] cnn_neat: Split edge 4→5, new hidden node 7 (pool=7)
2026-08-15 02:11:00,699 [DEBUG] cnn_neat: Split edge 3→1, new hidden node 5 (pool=4)
2026-08-15 02:11:00,709 [DEBUG] cnn_neat: Added edge 0→1 (from 3 candidates)
2026-08-15 02:11:00,723 [DEBUG] cnn_neat: Removed hidden node 3 (pool=2)
2026-08-15 02:11:00,730 [DEBUG] cnn_neat: Removed edge 0→3 (from 4 candidates)
2026-08-15 02:11:00,737 [DEBUG] cnn_neat: Removed 2 edges (requested 3)
2026-08-15 02:11:00,744 [DEBUG] cnn_neat: Split edge 0→4, new hidden node 6 (pool=2)
2026-08-15 02:11:00,747 [DEBUG] cnn_neat: Split edge 4→1, new hidden node 5 (pool=2)
2026-08-15 02:11:00,751 [DEBUG] cnn_neat: Split edge 0→4, new hidden node 5 (pool=3)
2026-08-15 02:11:00,761 [DEBUG] cnn_neat: Split edge 4→3, new hidden node 5 (pool=3)
2026-08-15 02:11:00,766 [DEBUG] cnn_neat: Added edge 4→1 (from 2 candidates)
2026-08-15 02:11:00,777 [DEBUG] cnn_neat: Split edge 3→1, new hidden node 6 (pool=4)
2026-08-15 02:11:00,947 [DEBUG] cnn_neat: Split edge 4→1, new hidden node 5 (pool=2)
2026-08-15 02:11:00,949 [DEBUG] cnn_neat: Split edge 5→1, new hidden node 6 (pool=3)
2026-08-15 02:11:00,952 [DEBUG] cnn_neat: Added edge 4→3 (from 4 candidates)
2026-08-15 02:11:00,953 [DEBUG] cnn_neat: Added edge 5→4 (from 5 candidates)
2026-08-15 02:11:00,955 [DEBUG] cnn_neat: Added edge 0→3 (from 1 candidates)
2026-08-15 02:11:00,956 [DEBUG] cnn_neat: Removed hidden node 2 (pool=2)
2026-08-15 02:11:00,959 [DEBUG] cnn_neat: Removed edge 5→1 (from 4 candidates)
2026-08-15 02:11:00,960 [DEBUG] cnn_neat: Split edge 0→4, new hidden node 5 (pool=2)
2026-08-15 02:11:00,962 [DEBUG] cnn_neat: Added edge 5→2 (from 3 candidates)
2026-08-15 02:11:00,964 [DEBUG] cnn_neat: Removed 3 edges (requested 3)
2026-08-15 02:11:00,965 [DEBUG] cnn_neat: Split edge 4→1, new hidden node 5 (pool=2)
2026-08-15 02:11:00,966 [DEBUG] cnn_neat: Added edge 0→5 (from 2 candidates)
2026-08-15 02:11:00,968 [DEBUG] cnn_neat: Crossover rejected: union topology invalid (edges=14 nodes=8)
2026-08-15 02:11:00,970 [DEBUG] cnn_neat: Split edge 4→1, new hidden node 6 (pool=3)
2026-08-15 02:11:00,971 [DEBUG] cnn_neat: Added edge 5→2 (from 5 candidates)
2026-08-15 02:11:00,973 [DEBUG] cnn_neat: Added edge 0→5 (from 4 candidates)
2026-08-15 02:11:00,975 [DEBUG] cnn_neat: Added edge 0→2 (from 3 candidates)
2026-08-15 02:11:00,977 [DEBUG] cnn_neat: Added edge 5→4 (from 3 candidates)
2026-08-15 02:11:00,979 [DEBUG] cnn_neat: Added edge 0→1 (from 1 candidates)
2026-08-15 02:11:00,982 [DEBUG] cnn_neat: Split edge 0→1, new hidden node 5 (pool=1)
2026-08-15 02:11:00,985 [DEBUG] cnn_neat: Added edge 4→3 (from 1 candidates)
2026-08-15 02:11:00,987 [DEBUG] cnn_neat: Split edge 0→1, new hidden node 5 (pool=1)
2026-08-15 02:11:00,991 [DEBUG] cnn_neat: Removed hidden node 4 (pool=3)
2026-08-15 02:11:00,993 [DEBUG] cnn_neat: Removed edge 4→2 (from 7 candidates)
2026-08-15 02:11:00,997 [DEBUG] cnn_neat: Removed 3 edges (requested 3)
2026-08-15 02:11:01,001 [DEBUG] cnn_neat: Crossover rejected: union topology invalid (edges=14 nodes=8)
2026-08-15 02:11:01,003 [DEBUG] cnn_neat: Split edge 0→1, new hidden node 5 (pool=1)
2026-08-15 02:11:01,006 [DEBUG] cnn_neat: Added edge 3→5 (from 8 candidates)
2026-08-15 02:11:01,008 [DEBUG] cnn_neat: Added edge 4→3 (from 1 candidates)
2026-08-15 02:11:01,015 [DEBUG] cnn_neat: Split edge 0→1, new hidden node 5 (pool=1)
2026-08-15 02:11:01,018 [DEBUG] cnn_neat: Added edge 4→5 (from 7 candidates)
2026-08-15 02:11:01,019 [DEBUG] cnn_neat: Split edge 3→4, new hidden node 5 (pool=4)
2026-08-15 02:11:01,021 [DEBUG] cnn_neat: Added edge 0→2 (from 6 candidates)
2026-08-15 02:11:01,023 [DEBUG] cnn_neat: Removed hidden node 4 (pool=1)
2026-08-15 02:11:01,024 [DEBUG] cnn_neat: Split edge 3→2, new hidden node 4 (pool=3)
2026-08-15 02:11:01,026 [DEBUG] cnn_neat: Added edge 3→2 (from 4 candidates)
2026-08-15 02:11:01,028 [DEBUG] cnn_neat: Removed hidden node 4 (pool=1)
2026-08-15 02:11:01,030 [DEBUG] cnn_neat: Split edge 0→3, new hidden node 4 (pool=3)
2026-08-15 02:11:01,033 [DEBUG] cnn_neat: Split edge 3→2, new hidden node 5 (pool=4)
2026-08-15 02:11:01,034 [DEBUG] cnn_neat: Removed edge 3→4 (from 1 candidates)
2026-08-15 02:11:01,035 [DEBUG] cnn_neat: Split edge 0→3, new hidden node 4 (pool=3)
2026-08-15 02:11:01,037 [DEBUG] cnn_neat: Added edge 0→2 (from 4 candidates)
2026-08-15 02:11:01,038 [DEBUG] cnn_neat: Removed 1 edges (requested 3)
2026-08-15 02:11:01,039 [DEBUG] cnn_neat: Split edge 3→2, new hidden node 4 (pool=3)
2026-08-15 02:11:01,041 [DEBUG] cnn_neat: Added edge 3→2 (from 4 candidates)
2026-08-15 02:11:01,043 [DEBUG] cnn_neat: Removed hidden node 4 (pool=1)
2026-08-15 02:11:01,045 [DEBUG] cnn_neat: Split edge 0→3, new hidden node 4 (pool=3)
2026-08-15 02:11:01,047 [DEBUG] cnn_neat: Split edge 2→1, new hidden node 5 (pool=4)
2026-08-15 02:11:01,049 [DEBUG] cnn_neat: Crossover rejected: copied edge has no live Conv2d
2026-08-15 02:11:01,050 [DEBUG] cnn_neat: Split edge 0→3, new hidden node 5 (pool=4)
2026-08-15 02:11:01,051 [DEBUG] cnn_neat: Added edge 4→1 (from 6 candidates)
2026-08-15 02:11:01,053 [DEBUG] cnn_neat: Added edge 2→4 (from 5 candidates)
2026-08-15 02:11:01,055 [DEBUG] cnn_neat: Added edge 3→1 (from 3 candidates)
2026-08-15 02:11:01,057 [DEBUG] cnn_neat: Added edge 0→2 (from 2 candidates)
2026-08-15 02:11:01,059 [DEBUG] cnn_neat: Added edge 0→4 (from 1 candidates)
2026-08-15 02:11:01,061 [DEBUG] cnn_neat: Split edge 0→3, new hidden node 6 (pool=5)
2026-08-15 02:11:01,062 [DEBUG] cnn_neat: Added edge 0→5 (from 11 candidates)
2026-08-15 02:11:01,065 [DEBUG] cnn_neat: Removed hidden node 4 (pool=2)
2026-08-15 02:11:01,066 [DEBUG] cnn_neat: Removed edge 5→2 (from 2 candidates)
2026-08-15 02:11:01,068 [DEBUG] cnn_neat: Removed 2 edges (requested 3)
2026-08-15 02:11:01,069 [DEBUG] cnn_neat: Split edge 2→1, new hidden node 4 (pool=3)
2026-08-15 02:11:01,070 [DEBUG] cnn_neat: Added edge 0→2 (from 4 candidates)
2026-08-15 02:11:01,072 [DEBUG] cnn_neat: Crossover rejected: union topology invalid (edges=12 nodes=9)
2026-08-15 02:11:01,074 [DEBUG] cnn_neat: Split edge 5→2, new hidden node 6 (pool=5)
2026-08-15 02:11:01,075 [DEBUG] cnn_neat: Added edge 4→2 (from 11 candidates)
2026-08-15 02:11:01,077 [DEBUG] cnn_neat: Added edge 3→5 (from 10 candidates)
2026-08-15 02:11:01,078 [DEBUG] cnn_neat: Added edge 4→1 (from 8 candidates)
2026-08-15 02:11:01,080 [DEBUG] cnn_neat: Added edge 0→4 (from 7 candidates)
2026-08-15 02:11:01,082 [DEBUG] cnn_neat: Added edge 3→4 (from 6 candidates)
2026-08-15 02:11:01,084 [DEBUG] cnn_neat: Split edge 3→2, new hidden node 5 (pool=5)
2026-08-15 02:11:01,085 [DEBUG] cnn_neat: Added edge 0→2 (from 4 candidates)
2026-08-15 02:11:01,087 [DEBUG] cnn_neat: Removed hidden node 4 (pool=1)
2026-08-15 02:11:01,089 [DEBUG] cnn_neat: Split edge 3→2, new hidden node 4 (pool=3)
2026-08-15 02:11:01,090 [DEBUG] cnn_neat: Added edge 0→4 (from 4 candidates)
2026-08-15 02:11:01,091 [DEBUG] cnn_neat: Removed edge 4→3 (from 2 candidates)
2026-08-15 02:11:01,093 [DEBUG] cnn_neat: Split edge 4→2, new hidden node 5 (pool=4)
2026-08-15 02:11:01,094 [DEBUG] cnn_neat: Added edge 0→5 (from 11 candidates)
2026-08-15 02:11:01,097 [DEBUG] cnn_neat: Removed hidden node 3 (pool=3)
2026-08-15 02:11:01,098 [DEBUG] cnn_neat: Removed 2 edges (requested 3)
2026-08-15 02:11:01,100 [DEBUG] cnn_neat: Split edge 3→2, new hidden node 4 (pool=3)
2026-08-15 02:11:01,101 [DEBUG] cnn_neat: Added edge 0→4 (from 4 candidates)
2026-08-15 02:11:01,103 [DEBUG] cnn_neat: Removed hidden node 3 (pool=1)
2026-08-15 02:11:01,105 [DEBUG] cnn_neat: Crossover rejected: union topology invalid (edges=14 nodes=8)
2026-08-15 02:11:01,107 [DEBUG] cnn_neat: Split edge 3→2, new hidden node 5 (pool=5)
2026-08-15 02:11:01,108 [DEBUG] cnn_neat: Added edge 4→5 (from 7 candidates)
2026-08-15 02:11:01,110 [DEBUG] cnn_neat: Added edge 0→2 (from 4 candidates)
2026-08-15 02:11:01,111 [DEBUG] cnn_neat: Added edge 3→1 (from 4 candidates)
2026-08-15 02:11:01,113 [DEBUG] cnn_neat: Added edge 0→1 (from 3 candidates)
2026-08-15 02:11:01,115 [DEBUG] cnn_neat: Added edge 0→4 (from 2 candidates)
2026-08-15 02:11:01,117 [DEBUG] cnn_neat: Added edge 4→1 (from 1 candidates)
2026-08-15 02:11:01,119 [DEBUG] cnn_neat: Split edge 5→1, new hidden node 7 (pool=2)
2026-08-15 02:11:01,121 [DEBUG] cnn_neat: Added edge 0→6 (from 9 candidates)
2026-08-15 02:11:01,125 [DEBUG] cnn_neat: Removed hidden node 4 (pool=4)
2026-08-15 02:11:01,126 [DEBUG] cnn_neat: Removed edge 5→1 (from 7 candidates)
2026-08-15 02:11:01,129 [DEBUG] cnn_neat: Removed 3 edges (requested 3)
2026-08-15 02:11:01,132 [DEBUG] cnn_neat: Crossover union: A_edges=7 B_added=5 dup_skipped=0 child_edges=12 nodes=9
2026-08-15 02:11:01,134 [DEBUG] cnn_neat: Added edge 5→2 (from 9 candidates)
2026-08-15 02:11:01,136 [DEBUG] cnn_neat: Added edge 4→5 (from 6 candidates)
2026-08-15 02:11:01,138 [DEBUG] cnn_neat: Added edge 6→1 (from 5 candidates)
2026-08-15 02:11:01,141 [DEBUG] cnn_neat: Added edge 0→6 (from 4 candidates)
2026-08-15 02:11:01,143 [DEBUG] cnn_neat: Added edge 4→1 (from 3 candidates)
2026-08-15 02:11:01,145 [DEBUG] cnn_neat: Split edge 0→4, new hidden node 5 (pool=4)
2026-08-15 02:11:01,147 [DEBUG] cnn_neat: Added edge 2→3 (from 3 candidates)
2026-08-15 02:11:01,150 [DEBUG] cnn_neat: Removed hidden node 3 (pool=2)
2026-08-15 02:11:01,152 [DEBUG] cnn_neat: Removed edge 0→4 (from 6 candidates)
2026-08-15 02:11:01,153 [DEBUG] cnn_neat: Split edge 0→2, new hidden node 5 (pool=3)
2026-08-15 02:11:01,157 [DEBUG] cnn_neat: Removed 3 edges (requested 3)
2026-08-15 02:11:01,159 [DEBUG] cnn_neat: Crossover rejected: copied edge has no live Conv2d
2026-08-15 02:11:01,161 [DEBUG] cnn_neat: Split edge 0→4, new hidden node 5 (pool=4)
2026-08-15 02:11:01,163 [DEBUG] cnn_neat: Added edge 5→3 (from 6 candidates)
2026-08-15 02:11:01,165 [DEBUG] cnn_neat: Added edge 2→3 (from 3 candidates)
2026-08-15 02:11:01,167 [DEBUG] cnn_neat: Added edge 0→3 (from 2 candidates)
2026-08-15 02:11:01,169 [DEBUG] cnn_neat: Added edge 0→1 (from 2 candidates)
2026-08-15 02:11:01,171 [DEBUG] cnn_neat: Added edge 2→1 (from 1 candidates)
2026-08-15 02:11:01,175 [DEBUG] cnn_neat: Split edge 0→2, new hidden node 5 (pool=7)
2026-08-15 02:11:01,177 [DEBUG] cnn_neat: Added edge 4→3 (from 5 candidates)
2026-08-15 02:11:01,180 [DEBUG] cnn_neat: Removed hidden node 2 (pool=3)
2026-08-15 02:11:01,182 [DEBUG] cnn_neat: Split edge 0→4, new hidden node 5 (pool=4)
2026-08-15 02:11:01,184 [DEBUG] cnn_neat: Added edge 0→4 (from 6 candidates)
2026-08-15 02:11:01,186 [DEBUG] cnn_neat: Removed edge 4→1 (from 7 candidates)
2026-08-15 02:11:01,189 [DEBUG] cnn_neat: Removed 3 edges (requested 3)
2026-08-15 02:11:01,192 [DEBUG] cnn_neat: Crossover union: A_edges=7 B_added=6 dup_skipped=0 child_edges=13 nodes=8
2026-08-15 02:11:01,194 [DEBUG] cnn_neat: Added edge 4→3 (from 5 candidates)
2026-08-15 02:11:01,195 [DEBUG] cnn_neat: Added edge 0→1 (from 2 candidates)
2026-08-15 02:11:01,199 [DEBUG] cnn_neat: Added edge 4→2 (from 1 candidates)
2026-08-15 02:11:01,204 [DEBUG] cnn_neat: Split edge 3→1, new hidden node 6 (pool=4)
2026-08-15 02:11:01,206 [DEBUG] cnn_neat: Added edge 0→5 (from 6 candidates)
2026-08-15 02:11:01,208 [DEBUG] cnn_neat: Removed hidden node 3 (pool=3)
2026-08-15 02:11:01,210 [DEBUG] cnn_neat: Removed edge 3→1 (from 6 candidates)
2026-08-15 02:11:01,213 [DEBUG] cnn_neat: Removed 3 edges (requested 3)
2026-08-15 02:11:01,214 [DEBUG] cnn_neat: Split edge 2→4, new hidden node 6 (pool=4)
2026-08-15 02:11:01,216 [DEBUG] cnn_neat: Crossover rejected: union topology invalid (edges=12 nodes=9)
2026-08-15 02:11:01,219 [DEBUG] cnn_neat: Split edge 4→3, new hidden node 6 (pool=4)
2026-08-15 02:11:01,222 [DEBUG] cnn_neat: Added edge 3→5 (from 6 candidates)
2026-08-15 02:11:01,224 [DEBUG] cnn_neat: Added edge 0→4 (from 5 candidates)
2026-08-15 02:11:01,226 [DEBUG] cnn_neat: Added edge 0→3 (from 5 candidates)
2026-08-15 02:11:01,228 [DEBUG] cnn_neat: Added edge 2→1 (from 4 candidates)
2026-08-15 02:11:01,230 [DEBUG] cnn_neat: Added edge 0→5 (from 3 candidates)
2026-08-15 02:11:01,233 [DEBUG] cnn_neat: Split edge 0→4, new hidden node 8 (pool=5)
2026-08-15 02:11:01,236 [DEBUG] cnn_neat: Added edge 4→5 (from 14 candidates)
2026-08-15 02:11:01,240 [DEBUG] cnn_neat: Removed hidden node 6 (pool=4)
2026-08-15 02:11:01,242 [DEBUG] cnn_neat: Removed edge 2→1 (from 7 candidates)
2026-08-15 02:11:01,245 [DEBUG] cnn_neat: Removed 3 edges (requested 3)
2026-08-15 02:11:01,248 [DEBUG] cnn_neat: Crossover rejected: copied edge has no live Conv2d
2026-08-15 02:11:01,250 [DEBUG] cnn_neat: Split edge 4→6, new hidden node 8 (pool=5)
2026-08-15 02:11:01,252 [DEBUG] cnn_neat: Added edge 6→7 (from 14 candidates)
2026-08-15 02:11:01,255 [DEBUG] cnn_neat: Added edge 0→7 (from 11 candidates)
2026-08-15 02:11:01,257 [DEBUG] cnn_neat: Added edge 2→7 (from 13 candidates)
2026-08-15 02:11:01,261 [DEBUG] cnn_neat: Added edge 0→6 (from 10 candidates)
2026-08-15 02:11:01,263 [DEBUG] cnn_neat: Added edge 6→2 (from 9 candidates)
2026-08-15 02:11:01,265 [DEBUG] cnn_neat: Split edge 4→1, new hidden node 7 (pool=3)
2026-08-15 02:11:01,267 [DEBUG] cnn_neat: Added edge 6→5 (from 3 candidates)
2026-08-15 02:11:01,269 [DEBUG] cnn_neat: Removed hidden node 5 (pool=1)
2026-08-15 02:11:01,271 [DEBUG] cnn_neat: Removed edge 5→1 (from 3 candidates)
2026-08-15 02:11:01,272 [DEBUG] cnn_neat: Split edge 6→4, new hidden node 7 (pool=3)
2026-08-15 02:11:01,273 [DEBUG] cnn_neat: Removed 1 edges (requested 3)
2026-08-15 02:11:01,276 [DEBUG] cnn_neat: Crossover rejected: union topology invalid (edges=11 nodes=8)
2026-08-15 02:11:01,277 [DEBUG] cnn_neat: Split edge 4→1, new hidden node 7 (pool=3)
2026-08-15 02:11:01,279 [DEBUG] cnn_neat: Added edge 7→5 (from 6 candidates)
2026-08-15 02:11:01,282 [DEBUG] cnn_neat: Added edge 6→5 (from 3 candidates)
2026-08-15 02:11:01,284 [DEBUG] cnn_neat: Added edge 0→5 (from 3 candidates)
2026-08-15 02:11:01,286 [DEBUG] cnn_neat: Added edge 0→4 (from 2 candidates)
2026-08-15 02:11:01,288 [DEBUG] cnn_neat: Added edge 0→1 (from 2 candidates)
2026-08-15 02:11:01,290 [DEBUG] cnn_neat: Added edge 6→1 (from 1 candidates)
2026-08-15 02:11:01,291 [DEBUG] cnn_neat: Split edge 3→2, new hidden node 4 (pool=5)
2026-08-15 02:11:01,293 [DEBUG] cnn_neat: Added edge 0→1 (from 1 candidates)
2026-08-15 02:11:01,295 [DEBUG] cnn_neat: Split edge 0→1, new hidden node 4 (pool=1)
2026-08-15 02:11:01,297 [DEBUG] cnn_neat: Added edge 0→1 (from 5 candidates)
2026-08-15 02:11:01,299 [DEBUG] cnn_neat: Removed hidden node 3 (pool=2)
2026-08-15 02:11:01,300 [DEBUG] cnn_neat: Split edge 0→2, new hidden node 3 (pool=2)
2026-08-15 02:11:01,302 [DEBUG] cnn_neat: Added edge 0→2 (from 2 candidates)
2026-08-15 02:11:01,395 [DEBUG] cnn_neat: Split edge 4→1, new hidden node 6 (pool=2)
2026-08-15 02:11:01,401 [DEBUG] cnn_neat: Added edge 2→5 (from 4 candidates)
2026-08-15 02:11:01,409 [DEBUG] cnn_neat: Removed hidden node 2 (pool=2)
2026-08-15 02:11:01,413 [DEBUG] cnn_neat: Removed edge 4→2 (from 5 candidates)
2026-08-15 02:11:01,421 [DEBUG] cnn_neat: Removed 3 edges (requested 3)
2026-08-15 02:11:01,426 [DEBUG] cnn_neat: Split edge 0→4, new hidden node 6 (pool=2)
2026-08-15 02:11:01,430 [DEBUG] cnn_neat: Split edge 0→4, new hidden node 6 (pool=3)
2026-08-15 02:11:01,435 [DEBUG] cnn_neat: Added edge 0→5 (from 2 candidates)
2026-08-15 02:11:01,439 [DEBUG] cnn_neat: Added edge 0→5 (from 5 candidates)
2026-08-15 02:11:01,445 [DEBUG] cnn_neat: Split edge 4→1, new hidden node 7 (pool=3)
2026-08-15 02:11:01,453 [DEBUG] cnn_neat: Split edge 4→2, new hidden node 6 (pool=5)
2026-08-15 02:11:01,601 [DEBUG] cnn_neat: Added edge 0→4 (from 6 candidates)
2026-08-15 02:11:01,640 [DEBUG] cnn_neat: Split edge 3→5, new hidden node 6 (pool=6)
2026-08-15 02:11:01,649 [DEBUG] cnn_neat: Added edge 0→5 (from 9 candidates)
2026-08-15 02:11:01,663 [DEBUG] cnn_neat: Added edge 5→1 (from 8 candidates)
2026-08-15 02:11:01,674 [DEBUG] cnn_neat: Split edge 4→2, new hidden node 7 (pool=3)
2026-08-15 02:11:01,680 [DEBUG] cnn_neat: Split edge 0→3, new hidden node 5 (pool=4)
2026-08-15 02:11:01,684 [DEBUG] cnn_neat: Added edge 4→3 (from 6 candidates)
2026-08-15 02:11:01,693 [DEBUG] cnn_neat: Removed hidden node 4 (pool=1)
2026-08-15 02:11:01,697 [DEBUG] cnn_neat: Removed edge 4→2 (from 1 candidates)
2026-08-15 02:11:01,702 [DEBUG] cnn_neat: Removed 1 edges (requested 3)
2026-08-15 02:11:01,708 [DEBUG] cnn_neat: Split edge 3→1, new hidden node 5 (pool=2)
2026-08-15 02:11:01,710 [DEBUG] cnn_neat: Added edge 0→2 (from 3 candidates)
2026-08-15 02:11:01,723 [DEBUG] cnn_neat: Removed hidden node 4 (pool=2)
2026-08-15 02:11:01,727 [DEBUG] cnn_neat: Removed edge 3→1 (from 4 candidates)
2026-08-15 02:11:01,733 [DEBUG] cnn_neat: Removed 3 edges (requested 3)
2026-08-15 02:11:01,737 [DEBUG] cnn_neat: Split edge 3→1, new hidden node 5 (pool=4)
2026-08-15 02:11:01,739 [DEBUG] cnn_neat: Split edge 2→1, new hidden node 4 (pool=3)
2026-08-15 02:11:01,743 [DEBUG] cnn_neat: Added edge 4→1 (from 2 candidates)
2026-08-15 02:11:01,745 [DEBUG] cnn_neat: Added edge 0→1 (from 4 candidates)
2026-08-15 02:11:01,750 [DEBUG] cnn_neat: Split edge 0→3, new hidden node 4 (pool=2)
2026-08-15 02:11:01,753 [DEBUG] cnn_neat: Added edge 0→2 (from 1 candidates)
2026-08-15 02:11:01,758 [DEBUG] cnn_neat: Removed hidden node 2 (pool=1)
2026-08-15 02:11:01,760 [DEBUG] cnn_neat: Removed edge 2→1 (from 3 candidates)
2026-08-15 02:11:01,763 [DEBUG] cnn_neat: Removed 2 edges (requested 3)
2026-08-15 02:11:01,767 [DEBUG] cnn_neat: Split edge 0→4, new hidden node 5 (pool=3)
2026-08-15 02:11:01,770 [DEBUG] cnn_neat: Added edge 0→2 (from 2 candidates)
2026-08-15 02:11:01,778 [DEBUG] cnn_neat: Split edge 4→2, new hidden node 5 (pool=3)
2026-08-15 02:11:01,781 [DEBUG] cnn_neat: Added edge 4→3 (from 4 candidates)
2026-08-15 02:11:01,786 [DEBUG] cnn_neat: Removed hidden node 3 (pool=1)
2026-08-15 02:11:01,788 [DEBUG] cnn_neat: Removed edge 2→3 (from 1 candidates)
2026-08-15 02:11:01,790 [DEBUG] cnn_neat: Removed 1 edges (requested 3)
2026-08-15 02:11:01,794 [DEBUG] cnn_neat: Split edge 4→2, new hidden node 6 (pool=4)
2026-08-15 02:11:01,797 [DEBUG] cnn_neat: Added edge 2→5 (from 6 candidates)
2026-08-15 02:11:01,801 [DEBUG] cnn_neat: Removed hidden node 5 (pool=1)
2026-08-15 02:11:01,804 [DEBUG] cnn_neat: Removed edge 4→5 (from 1 candidates)
2026-08-15 02:11:01,807 [DEBUG] cnn_neat: Removed 1 edges (requested 3)
2026-08-15 02:11:01,809 [DEBUG] cnn_neat: Split edge 0→4, new hidden node 5 (pool=5)
2026-08-15 02:11:01,812 [DEBUG] cnn_neat: Added edge 0→2 (from 4 candidates)
2026-08-15 02:11:01,817 [DEBUG] cnn_neat: Removed hidden node 3 (pool=1)
2026-08-15 02:11:01,820 [DEBUG] cnn_neat: Removed edge 2→3 (from 2 candidates)
2026-08-15 02:11:01,823 [DEBUG] cnn_neat: Removed 2 edges (requested 3)
2026-08-15 02:11:01,826 [DEBUG] cnn_neat: Split edge 2→1, new hidden node 5 (pool=6)
2026-08-15 02:11:01,828 [DEBUG] cnn_neat: Added edge 4→3 (from 4 candidates)
2026-08-15 02:11:01,831 [DEBUG] cnn_neat: Split edge 0→2, new hidden node 6 (pool=7)
2026-08-15 02:11:01,834 [DEBUG] cnn_neat: Removed hidden node 4 (pool=2)
2026-08-15 02:11:01,837 [DEBUG] cnn_neat: Added edge 3→1 (from 8 candidates)
2026-08-15 02:11:01,839 [DEBUG] cnn_neat: Split edge 0→3, new hidden node 5 (pool=7)
2026-08-15 02:11:01,845 [DEBUG] cnn_neat: Split edge 4→2, new hidden node 5 (pool=5)
2026-08-15 02:11:01,848 [DEBUG] cnn_neat: Added edge 0→4 (from 4 candidates)
2026-08-15 02:11:01,853 [DEBUG] cnn_neat: Removed hidden node 4 (pool=1)
2026-08-15 02:11:01,856 [DEBUG] cnn_neat: Removed edge 3→4 (from 3 candidates)
2026-08-15 02:11:01,861 [DEBUG] cnn_neat: Removed 2 edges (requested 3)
2026-08-15 02:11:01,870 [DEBUG] cnn_neat: Added edge 0→4 (from 9 candidates)
2026-08-15 02:11:01,881 [DEBUG] cnn_neat: Split edge 2→1, new hidden node 6 (pool=5)
2026-08-15 02:11:01,884 [DEBUG] cnn_neat: Added edge 0→2 (from 5 candidates)
2026-08-15 02:11:01,891 [DEBUG] cnn_neat: Removed hidden node 2 (pool=2)
2026-08-15 02:11:01,894 [DEBUG] cnn_neat: Removed edge 2→1 (from 4 candidates)
2026-08-15 02:11:01,898 [DEBUG] cnn_neat: Removed 2 edges (requested 3)
2026-08-15 02:11:01,901 [DEBUG] cnn_neat: Split edge 2→1, new hidden node 6 (pool=3)
2026-08-15 02:11:01,904 [DEBUG] cnn_neat: Added edge 0→5 (from 4 candidates)
2026-08-15 02:11:01,909 [DEBUG] cnn_neat: Removed hidden node 2 (pool=3)
2026-08-15 02:11:01,913 [DEBUG] cnn_neat: Removed edge 4→2 (from 6 candidates)
2026-08-15 02:11:01,918 [DEBUG] cnn_neat: Removed 3 edges (requested 3)
2026-08-15 02:11:01,920 [DEBUG] cnn_neat: Split edge 0→2, new hidden node 6 (pool=2)
2026-08-15 02:11:01,924 [DEBUG] cnn_neat: Added edge 2→5 (from 6 candidates)
2026-08-15 02:11:01,928 [DEBUG] cnn_neat: Split edge 4→5, new hidden node 7 (pool=6)
2026-08-15 02:11:01,933 [DEBUG] cnn_neat: Removed hidden node 5 (pool=3)
2026-08-15 02:11:01,936 [DEBUG] cnn_neat: Added edge 0→2 (from 12 candidates)
2026-08-15 02:11:01,969 [DEBUG] cnn_neat: Split edge 0→1, new hidden node 4 (pool=1)
2026-08-15 02:11:01,978 [DEBUG] cnn_neat: Removed hidden node 3 (pool=1)
2026-08-15 02:11:01,982 [DEBUG] cnn_neat: Removed edge 0→3 (from 3 candidates)
2026-08-15 02:11:01,987 [DEBUG] cnn_neat: Removed 2 edges (requested 3)
2026-08-15 02:11:01,988 [DEBUG] cnn_neat: Split edge 0→1, new hidden node 4 (pool=2)
2026-08-15 02:11:01,991 [DEBUG] cnn_neat: Added edge 0→3 (from 1 candidates)
2026-08-15 02:11:01,994 [DEBUG] cnn_neat: Removed hidden node 3 (pool=1)
2026-08-15 02:11:01,995 [DEBUG] cnn_neat: Removed edge 3→1 (from 1 candidates)
2026-08-15 02:11:01,997 [DEBUG] cnn_neat: Removed 1 edges (requested 3)
2026-08-15 02:11:02,000 [DEBUG] cnn_neat: Split edge 3→1, new hidden node 4 (pool=2)
2026-08-15 02:11:02,003 [DEBUG] cnn_neat: Added edge 0→1 (from 1 candidates)
2026-08-15 02:11:02,015 [DEBUG] cnn_neat: Split edge 0→2, new hidden node 5 (pool=4)
2026-08-15 02:11:02,019 [DEBUG] cnn_neat: Added edge 0→3 (from 4 candidates)
2026-08-15 02:11:02,031 [DEBUG] cnn_neat: Split edge 3→1, new hidden node 6 (pool=5)
2026-08-15 02:11:02,033 [DEBUG] cnn_neat: Added edge 2→3 (from 6 candidates)
2026-08-15 02:11:02,042 [DEBUG] cnn_neat: Added edge 0→2 (from 9 candidates)
2026-08-15 02:11:02,048 [DEBUG] cnn_neat: Split edge 4→3, new hidden node 6 (pool=6)
2026-08-15 02:11:02,062 [DEBUG] cnn_neat: Added edge 5→3 (from 6 candidates)
2026-08-15 02:11:02,070 [DEBUG] cnn_neat: Split edge 4→1, new hidden node 6 (pool=3)
2026-08-15 02:11:02,075 [DEBUG] cnn_neat: Added edge 0→5 (from 5 candidates)
2026-08-15 02:11:02,167 [DEBUG] cnn_neat: Removed hidden node 5 (pool=2)
2026-08-15 02:11:02,172 [DEBUG] cnn_neat: Removed edge 2→1 (from 4 candidates)
2026-08-15 02:11:02,179 [DEBUG] cnn_neat: Removed 3 edges (requested 3)
2026-08-15 02:11:02,184 [DEBUG] cnn_neat: Split edge 5→1, new hidden node 6 (pool=3)
2026-08-15 02:11:02,185 [DEBUG] cnn_neat: Split edge 0→4, new hidden node 6 (pool=3)
2026-08-15 02:11:02,189 [DEBUG] cnn_neat: Added edge 0→2 (from 5 candidates)
2026-08-15 02:11:02,194 [DEBUG] cnn_neat: Added edge 5→4 (from 6 candidates)
2026-08-15 02:11:02,205 [DEBUG] cnn_neat: Split edge 0→1, new hidden node 5 (pool=1)
2026-08-15 02:11:02,207 [DEBUG] cnn_neat: Added edge 4→3 (from 1 candidates)
2026-08-15 02:11:02,215 [DEBUG] cnn_neat: Removed hidden node 2 (pool=3)
2026-08-15 02:11:02,224 [DEBUG] cnn_neat: Removed edge 2→3 (from 7 candidates)
2026-08-15 02:11:02,239 [DEBUG] cnn_neat: Removed 3 edges (requested 3)
2026-08-15 02:11:02,243 [DEBUG] cnn_neat: Split edge 0→1, new hidden node 5 (pool=1)
2026-08-15 02:11:02,249 [DEBUG] cnn_neat: Split edge 0→1, new hidden node 5 (pool=1)
2026-08-15 02:11:02,255 [DEBUG] cnn_neat: Split edge 4→2, new hidden node 5 (pool=2)
2026-08-15 02:11:02,260 [DEBUG] cnn_neat: Split edge 3→4, new hidden node 5 (pool=4)
2026-08-15 02:11:02,264 [DEBUG] cnn_neat: Added edge 4→2 (from 6 candidates)
2026-08-15 02:11:02,272 [DEBUG] cnn_neat: Removed hidden node 4 (pool=1)
2026-08-15 02:11:02,275 [DEBUG] cnn_neat: Removed edge 3→4 (from 1 candidates)
2026-08-15 02:11:02,280 [DEBUG] cnn_neat: Removed 1 edges (requested 3)
2026-08-15 02:11:02,282 [DEBUG] cnn_neat: Split edge 0→3, new hidden node 6 (pool=5)
2026-08-15 02:11:02,285 [DEBUG] cnn_neat: Added edge 0→5 (from 11 candidates)
2026-08-15 02:11:02,289 [DEBUG] cnn_neat: Removed hidden node 5 (pool=2)
2026-08-15 02:11:02,290 [DEBUG] cnn_neat: Removed edge 4→5 (from 2 candidates)
2026-08-15 02:11:02,296 [DEBUG] cnn_neat: Removed 2 edges (requested 3)
2026-08-15 02:11:02,385 [DEBUG] cnn_neat: Split edge 2→1, new hidden node 5 (pool=5)
2026-08-15 02:11:02,389 [DEBUG] cnn_neat: Added edge 0→4 (from 4 candidates)
2026-08-15 02:11:02,392 [DEBUG] cnn_neat: Removed hidden node 4 (pool=1)
2026-08-15 02:11:02,394 [DEBUG] cnn_neat: Removed edge 4→3 (from 2 candidates)
2026-08-15 02:11:02,399 [DEBUG] cnn_neat: Removed 2 edges (requested 3)
2026-08-15 02:11:02,404 [DEBUG] cnn_neat: Split edge 4→3, new hidden node 6 (pool=6)
2026-08-15 02:11:02,412 [DEBUG] cnn_neat: Split edge 2→1, new hidden node 5 (pool=6)
2026-08-15 02:11:02,416 [DEBUG] cnn_neat: Added edge 4→1 (from 7 candidates)
2026-08-15 02:11:02,422 [DEBUG] cnn_neat: Added edge 0→2 (from 3 candidates)
2026-08-15 02:11:02,429 [DEBUG] cnn_neat: Split edge 0→5, new hidden node 7 (pool=2)
2026-08-15 02:11:02,431 [DEBUG] cnn_neat: Added edge 5→2 (from 9 candidates)
2026-08-15 02:11:02,441 [DEBUG] cnn_neat: Removed hidden node 6 (pool=4)
2026-08-15 02:11:02,443 [DEBUG] cnn_neat: Removed edge 4→6 (from 7 candidates)
2026-08-15 02:11:02,446 [DEBUG] cnn_neat: Removed 3 edges (requested 3)
2026-08-15 02:11:02,454 [DEBUG] cnn_neat: Split edge 4→2, new hidden node 8 (pool=8)
2026-08-15 02:11:02,459 [DEBUG] cnn_neat: Split edge 2→1, new hidden node 5 (pool=4)
2026-08-15 02:11:02,463 [DEBUG] cnn_neat: Added edge 0→4 (from 6 candidates)
2026-08-15 02:11:02,469 [DEBUG] cnn_neat: Removed hidden node 4 (pool=1)
2026-08-15 02:11:02,472 [DEBUG] cnn_neat: Removed edge 4→2 (from 1 candidates)
2026-08-15 02:11:02,475 [DEBUG] cnn_neat: Removed 1 edges (requested 3)
2026-08-15 02:11:02,481 [DEBUG] cnn_neat: Split edge 3→2, new hidden node 5 (pool=5)
2026-08-15 02:11:02,483 [DEBUG] cnn_neat: Added edge 4→3 (from 5 candidates)
2026-08-15 02:11:02,485 [DEBUG] cnn_neat: Split edge 3→5, new hidden node 6 (pool=6)
2026-08-15 02:11:02,490 [DEBUG] cnn_neat: Removed hidden node 3 (pool=2)
2026-08-15 02:11:02,492 [DEBUG] cnn_neat: Added edge 4→3 (from 10 candidates)
2026-08-15 02:11:02,494 [DEBUG] cnn_neat: Split edge 2→1, new hidden node 7 (pool=3)
2026-08-15 02:11:02,498 [DEBUG] cnn_neat: Removed edge 4→2 (from 4 candidates)
2026-08-15 02:11:02,502 [DEBUG] cnn_neat: Split edge 4→1, new hidden node 5 (pool=4)
2026-08-15 02:11:02,506 [DEBUG] cnn_neat: Added edge 2→3 (from 3 candidates)
2026-08-15 02:11:02,513 [DEBUG] cnn_neat: Removed hidden node 3 (pool=2)
2026-08-15 02:11:02,514 [DEBUG] cnn_neat: Removed edge 4→3 (from 6 candidates)
2026-08-15 02:11:02,517 [DEBUG] cnn_neat: Removed 3 edges (requested 3)
2026-08-15 02:11:02,521 [DEBUG] cnn_neat: Split edge 3→1, new hidden node 6 (pool=7)
2026-08-15 02:11:02,526 [DEBUG] cnn_neat: Split edge 0→2, new hidden node 5 (pool=5)
2026-08-15 02:11:02,528 [DEBUG] cnn_neat: Split edge 4→1, new hidden node 5 (pool=3)
2026-08-15 02:11:02,531 [DEBUG] cnn_neat: Split edge 0→3, new hidden node 4 (pool=2)
2026-08-15 02:11:02,532 [DEBUG] cnn_neat: Added edge 0→2 (from 1 candidates)
2026-08-15 02:11:02,537 [DEBUG] cnn_neat: Removed hidden node 2 (pool=1)
2026-08-15 02:11:02,540 [DEBUG] cnn_neat: Removed edge 3→2 (from 3 candidates)
2026-08-15 02:11:02,543 [DEBUG] cnn_neat: Removed 1 edges (requested 3)
2026-08-15 02:11:02,547 [DEBUG] cnn_neat: Split edge 0→4, new hidden node 5 (pool=3)
2026-08-15 02:11:02,549 [DEBUG] cnn_neat: Added edge 0→2 (from 2 candidates)
2026-08-15 02:11:02,554 [DEBUG] cnn_neat: Split edge 0→4, new hidden node 5 (pool=3)
2026-08-15 02:11:02,555 [DEBUG] cnn_neat: Added edge 0→2 (from 4 candidates)
2026-08-15 02:11:02,642 [DEBUG] cnn_neat: Removed hidden node 3 (pool=1)
2026-08-15 02:11:02,643 [DEBUG] cnn_neat: Removed edge 2→3 (from 1 candidates)
2026-08-15 02:11:02,644 [DEBUG] cnn_neat: Removed 1 edges (requested 3)
2026-08-15 02:11:02,647 [DEBUG] cnn_neat: Split edge 2→1, new hidden node 6 (pool=4)
2026-08-15 02:11:02,651 [DEBUG] cnn_neat: Added edge 4→1 (from 6 candidates)
2026-08-15 02:11:02,659 [DEBUG] cnn_neat: Removed hidden node 5 (pool=1)
2026-08-15 02:11:02,663 [DEBUG] cnn_neat: Removed edge 4→5 (from 1 candidates)
2026-08-15 02:11:02,667 [DEBUG] cnn_neat: Removed 1 edges (requested 3)
2026-08-15 02:11:02,668 [DEBUG] cnn_neat: Split edge 4→1, new hidden node 6 (pool=2)
2026-08-15 02:11:02,670 [DEBUG] cnn_neat: Added edge 0→2 (from 5 candidates)
2026-08-15 02:11:02,671 [DEBUG] cnn_neat: Split edge 4→5, new hidden node 7 (pool=6)
2026-08-15 02:11:02,675 [DEBUG] cnn_neat: Removed hidden node 5 (pool=2)
2026-08-15 02:11:02,678 [DEBUG] cnn_neat: Added edge 2→5 (from 11 candidates)
2026-08-15 02:11:02,679 [DEBUG] cnn_neat: Split edge 4→1, new hidden node 6 (pool=4)
2026-08-15 02:11:02,686 [DEBUG] cnn_neat: Split edge 0→3, new hidden node 5 (pool=5)
2026-08-15 02:11:02,692 [DEBUG] cnn_neat: Added edge 3→1 (from 4 candidates)
2026-08-15 02:11:02,699 [DEBUG] cnn_neat: Removed hidden node 4 (pool=1)
2026-08-15 02:11:02,703 [DEBUG] cnn_neat: Removed edge 3→4 (from 3 candidates)
2026-08-15 02:11:02,708 [DEBUG] cnn_neat: Removed 2 edges (requested 3)
2026-08-15 02:11:02,715 [DEBUG] cnn_neat: Split edge 2→1, new hidden node 6 (pool=6)
2026-08-15 02:11:02,719 [DEBUG] cnn_neat: Added edge 0→4 (from 6 candidates)
2026-08-15 02:11:02,727 [DEBUG] cnn_neat: Split edge 2→6, new hidden node 7 (pool=7)
2026-08-15 02:11:02,736 [DEBUG] cnn_neat: Removed hidden node 4 (pool=1)
2026-08-15 02:11:02,738 [DEBUG] cnn_neat: Added edge 0→2 (from 10 candidates)
2026-08-15 02:11:02,743 [DEBUG] cnn_neat: Split edge 3→4, new hidden node 6 (pool=7)
2026-08-15 02:11:02,753 [DEBUG] cnn_neat: Added edge 3→2 (from 9 candidates)
2026-08-15 02:11:02,767 [DEBUG] cnn_neat: Split edge 3→1, new hidden node 4 (pool=2)
2026-08-15 02:11:02,768 [DEBUG] cnn_neat: Added edge 0→1 (from 1 candidates)
2026-08-15 02:11:02,773 [DEBUG] cnn_neat: Split edge 2→1, new hidden node 5 (pool=7)
2026-08-15 02:11:02,776 [DEBUG] cnn_neat: Added edge 4→2 (from 5 candidates)
2026-08-15 02:11:02,783 [DEBUG] cnn_neat: Removed hidden node 2 (pool=3)
2026-08-15 02:11:02,786 [DEBUG] cnn_neat: Removed edge 0→4 (from 7 candidates)
2026-08-15 02:11:02,878 [DEBUG] cnn_neat: Removed 3 edges (requested 3)
2026-08-15 02:11:02,884 [DEBUG] cnn_neat: Split edge 0→4, new hidden node 6 (pool=5)
2026-08-15 02:11:02,887 [DEBUG] cnn_neat: Split edge 4→1, new hidden node 5 (pool=6)
2026-08-15 02:11:02,888 [DEBUG] cnn_neat: Split edge 0→4, new hidden node 5 (pool=4)
2026-08-15 02:11:02,895 [DEBUG] cnn_neat: Split edge 2→3, new hidden node 6 (pool=4)
2026-08-15 02:11:02,897 [DEBUG] cnn_neat: Added edge 4→1 (from 6 candidates)
2026-08-15 02:11:02,907 [DEBUG] cnn_neat: Removed hidden node 5 (pool=3)
2026-08-15 02:11:02,911 [DEBUG] cnn_neat: Removed edge 5→1 (from 6 candidates)
2026-08-15 02:11:02,917 [DEBUG] cnn_neat: Removed 3 edges (requested 3)
2026-08-15 02:11:02,926 [DEBUG] cnn_neat: Split edge 2→4, new hidden node 7 (pool=8)
2026-08-15 02:11:02,935 [DEBUG] cnn_neat: Split edge 4→6, new hidden node 8 (pool=5)
2026-08-15 02:11:02,937 [DEBUG] cnn_neat: Added edge 0→7 (from 14 candidates)
2026-08-15 02:11:02,964 [DEBUG] cnn_neat: Removed hidden node 5 (pool=4)
2026-08-15 02:11:02,968 [DEBUG] cnn_neat: Removed edge 5→1 (from 7 candidates)
2026-08-15 02:11:02,992 [DEBUG] cnn_neat: Removed 3 edges (requested 3)
2026-08-15 02:11:02,997 [DEBUG] cnn_neat: Split edge 4→2, new hidden node 8 (pool=9)
2026-08-15 02:11:03,001 [DEBUG] cnn_neat: Split edge 0→4, new hidden node 8 (pool=6)
2026-08-15 02:11:03,004 [DEBUG] cnn_neat: Split edge 4→6, new hidden node 8 (pool=3)
2026-08-15 02:11:03,110 [DEBUG] cnn_neat: Split edge 0→6, new hidden node 7 (pool=3)
2026-08-15 02:11:03,113 [DEBUG] cnn_neat: Added edge 0→5 (from 3 candidates)
2026-08-15 02:11:03,118 [DEBUG] cnn_neat: Removed hidden node 5 (pool=1)
2026-08-15 02:11:03,120 [DEBUG] cnn_neat: Removed edge 4→5 (from 3 candidates)
2026-08-15 02:11:03,124 [DEBUG] cnn_neat: Removed 2 edges (requested 3)
2026-08-15 02:11:03,128 [DEBUG] cnn_neat: Split edge 7→6, new hidden node 8 (pool=4)
2026-08-15 02:11:03,131 [DEBUG] cnn_neat: Split edge 5→1, new hidden node 7 (pool=2)
2026-08-15 02:11:03,133 [DEBUG] cnn_neat: Split edge 4→1, new hidden node 7 (pool=4)
2026-08-15 02:11:03,138 [DEBUG] cnn_neat: Split edge 3→4, new hidden node 5 (pool=4)
2026-08-15 02:11:03,140 [DEBUG] cnn_neat: Added edge 0→2 (from 6 candidates)
2026-08-15 02:11:03,144 [DEBUG] cnn_neat: Removed hidden node 4 (pool=1)
2026-08-15 02:11:03,146 [DEBUG] cnn_neat: Removed edge 3→4 (from 1 candidates)
2026-08-15 02:11:03,148 [DEBUG] cnn_neat: Removed 1 edges (requested 3)
2026-08-15 02:11:03,152 [DEBUG] cnn_neat: Split edge 2→1, new hidden node 6 (pool=5)
2026-08-15 02:11:03,155 [DEBUG] cnn_neat: Added edge 4→1 (from 11 candidates)
2026-08-15 02:11:03,159 [DEBUG] cnn_neat: Removed hidden node 5 (pool=2)
2026-08-15 02:11:03,161 [DEBUG] cnn_neat: Removed edge 4→5 (from 2 candidates)
2026-08-15 02:11:03,164 [DEBUG] cnn_neat: Removed 2 edges (requested 3)
2026-08-15 02:11:03,167 [DEBUG] cnn_neat: Split edge 3→2, new hidden node 7 (pool=6)
2026-08-15 02:11:03,169 [DEBUG] cnn_neat: Split edge 5→2, new hidden node 6 (pool=6)
2026-08-15 02:11:03,172 [DEBUG] cnn_neat: Added edge 4→6 (from 15 candidates)
2026-08-15 02:11:03,175 [DEBUG] cnn_neat: Added edge 0→4 (from 10 candidates)
2026-08-15 02:11:03,180 [DEBUG] cnn_neat: Split edge 0→2, new hidden node 4 (pool=5)
2026-08-15 02:11:03,183 [DEBUG] cnn_neat: Added edge 0→1 (from 1 candidates)
2026-08-15 02:11:03,187 [DEBUG] cnn_neat: Removed hidden node 3 (pool=2)
2026-08-15 02:11:03,190 [DEBUG] cnn_neat: Removed edge 2→1 (from 5 candidates)
2026-08-15 02:11:03,193 [DEBUG] cnn_neat: Removed 3 edges (requested 3)
2026-08-15 02:11:03,197 [DEBUG] cnn_neat: Split edge 4→1, new hidden node 5 (pool=3)
2026-08-15 02:11:03,200 [DEBUG] cnn_neat: Added edge 2→4 (from 5 candidates)
2026-08-15 02:11:03,205 [DEBUG] cnn_neat: Removed hidden node 2 (pool=2)
2026-08-15 02:11:03,207 [DEBUG] cnn_neat: Removed edge 0→3 (from 4 candidates)
2026-08-15 02:11:03,210 [DEBUG] cnn_neat: Removed 2 edges (requested 3)
2026-08-15 02:11:03,213 [DEBUG] cnn_neat: Split edge 3→2, new hidden node 6 (pool=6)
2026-08-15 02:11:03,217 [DEBUG] cnn_neat: Split edge 3→4, new hidden node 5 (pool=3)
2026-08-15 02:11:03,219 [DEBUG] cnn_neat: Split edge 3→2, new hidden node 5 (pool=4)
2026-08-15 02:11:03,222 [DEBUG] cnn_neat: Saved generation 2
2026-08-15 02:11:03,276 [DEBUG] cnn_neat: Split edge 0→4, new hidden node 5 (pool=4)
2026-08-15 02:11:03,279 [DEBUG] cnn_neat: Selected 25 elite individuals
2026-08-15 02:11:03,285 [DEBUG] cnn_neat: Added edge 3→2 (from 7 candidates)
2026-08-15 02:11:03,300 [DEBUG] cnn_neat: Removed hidden node 3 (pool=1)
2026-08-15 02:11:03,308 [DEBUG] cnn_neat: Removed edge 0→3 (from 1 candidates)
2026-08-15 02:11:03,342 [DEBUG] cnn_neat: Removed 1 edges (requested 3)
2026-08-15 02:11:03,353 [DEBUG] cnn_neat: Split edge 4→2, new hidden node 6 (pool=5)
2026-08-15 02:11:03,362 [DEBUG] cnn_neat: Split edge 3→2, new hidden node 5 (pool=5)
2026-08-15 02:11:03,373 [DEBUG] cnn_neat: Added edge 4→3 (from 10 candidates)
2026-08-15 02:11:03,380 [DEBUG] cnn_neat: Added edge 4→3 (from 5 candidates)
2026-08-15 02:11:03,391 [DEBUG] cnn_neat: Split edge 0→3, new hidden node 4 (pool=2)
2026-08-15 02:11:03,395 [DEBUG] cnn_neat: Added edge 0→2 (from 1 candidates)
2026-08-15 02:11:03,403 [DEBUG] cnn_neat: Removed hidden node 2 (pool=1)
2026-08-15 02:11:03,407 [DEBUG] cnn_neat: Removed edge 2→1 (from 3 candidates)
2026-08-15 02:11:03,413 [DEBUG] cnn_neat: Removed 1 edges (requested 3)
2026-08-15 02:11:03,419 [DEBUG] cnn_neat: Split edge 0→4, new hidden node 5 (pool=3)
2026-08-15 02:11:03,422 [DEBUG] cnn_neat: Added edge 4→1 (from 2 candidates)
2026-08-15 02:11:03,431 [DEBUG] cnn_neat: Split edge 4→2, new hidden node 5 (pool=3)
2026-08-15 02:11:03,607 [DEBUG] cnn_neat: Added edge 0→3 (from 4 candidates)
2026-08-15 02:11:03,613 [DEBUG] cnn_neat: Split edge 0→3, new hidden node 7 (pool=5)
2026-08-15 02:11:03,615 [DEBUG] cnn_neat: Added edge 4→5 (from 10 candidates)
2026-08-15 02:11:03,616 [DEBUG] cnn_neat: Split edge 0→4, new hidden node 7 (pool=8)
2026-08-15 02:11:03,619 [DEBUG] cnn_neat: Removed hidden node 3 (pool=2)
2026-08-15 02:11:03,623 [DEBUG] cnn_neat: Removed hidden node 3 (pool=1)
2026-08-15 02:11:03,624 [DEBUG] cnn_neat: Removed edge 5→3 (from 2 candidates)
2026-08-15 02:11:03,626 [DEBUG] cnn_neat: Removed edge 2→3 (from 1 candidates)
2026-08-15 02:11:03,629 [DEBUG] cnn_neat: Removed 1 edges (requested 3)
2026-08-15 02:11:03,630 [DEBUG] cnn_neat: Removed 3 edges (requested 3)
2026-08-15 02:11:03,632 [DEBUG] cnn_neat: Crossover rejected: union topology invalid (edges=12 nodes=11)
2026-08-15 02:11:03,633 [DEBUG] cnn_neat: Split edge 6→2, new hidden node 7 (pool=5)
2026-08-15 02:11:03,635 [DEBUG] cnn_neat: Added edge 0→6 (from 10 candidates)
2026-08-15 02:11:03,637 [DEBUG] cnn_neat: Added edge 4→5 (from 9 candidates)
2026-08-15 02:11:03,638 [DEBUG] cnn_neat: Added edge 4→3 (from 11 candidates)
2026-08-15 02:11:03,640 [DEBUG] cnn_neat: Added edge 6→5 (from 10 candidates)
2026-08-15 02:11:03,643 [DEBUG] cnn_neat: Added edge 3→1 (from 9 candidates)
2026-08-15 02:11:03,645 [DEBUG] cnn_neat: Split edge 2→1, new hidden node 7 (pool=8)
2026-08-15 02:11:03,646 [DEBUG] cnn_neat: Added edge 6→3 (from 10 candidates)
2026-08-15 02:11:03,649 [DEBUG] cnn_neat: Removed hidden node 5 (pool=2)
2026-08-15 02:11:03,650 [DEBUG] cnn_neat: Removed edge 2→5 (from 4 candidates)
2026-08-15 02:11:03,653 [DEBUG] cnn_neat: Removed 3 edges (requested 3)
2026-08-15 02:11:03,654 [DEBUG] cnn_neat: Split edge 4→6, new hidden node 7 (pool=5)
2026-08-15 02:11:03,657 [DEBUG] cnn_neat: Crossover rejected: union topology invalid (edges=15 nodes=10)
2026-08-15 02:11:03,659 [DEBUG] cnn_neat: Split edge 6→2, new hidden node 7 (pool=8)
2026-08-15 02:11:03,660 [DEBUG] cnn_neat: Added edge 6→3 (from 10 candidates)
2026-08-15 02:11:03,661 [DEBUG] cnn_neat: Added edge 5→1 (from 9 candidates)
2026-08-15 02:11:03,664 [DEBUG] cnn_neat: Added edge 4→3 (from 7 candidates)
2026-08-15 02:11:03,666 [DEBUG] cnn_neat: Added edge 4→2 (from 6 candidates)
2026-08-15 02:11:03,668 [DEBUG] cnn_neat: Added edge 0→6 (from 8 candidates)
2026-08-15 02:11:03,670 [DEBUG] cnn_neat: Split edge 0→1, new hidden node 4 (pool=1)
2026-08-15 02:11:03,673 [DEBUG] cnn_neat: Split edge 0→1, new hidden node 4 (pool=1)
2026-08-15 02:11:03,675 [DEBUG] cnn_neat: Added edge 2→4 (from 5 candidates)
2026-08-15 02:11:03,677 [DEBUG] cnn_neat: Removed hidden node 2 (pool=2)
2026-08-15 02:11:03,679 [DEBUG] cnn_neat: Removed edge 0→2 (from 5 candidates)
2026-08-15 02:11:03,681 [DEBUG] cnn_neat: Removed 3 edges (requested 3)
2026-08-15 02:11:03,684 [DEBUG] cnn_neat: Crossover rejected: union topology invalid (edges=12 nodes=7)
2026-08-15 02:11:03,686 [DEBUG] cnn_neat: Split edge 0→1, new hidden node 4 (pool=1)
2026-08-15 02:11:03,688 [DEBUG] cnn_neat: Added edge 3→4 (from 5 candidates)
2026-08-15 02:11:03,694 [DEBUG] cnn_neat: Split edge 0→1, new hidden node 4 (pool=1)
2026-08-15 02:11:03,696 [DEBUG] cnn_neat: Added edge 4→3 (from 5 candidates)
2026-08-15 02:11:03,698 [DEBUG] cnn_neat: Split edge 0→1, new hidden node 5 (pool=1)
2026-08-15 02:11:03,701 [DEBUG] cnn_neat: Added edge 4→3 (from 4 candidates)
2026-08-15 02:11:03,704 [DEBUG] cnn_neat: Removed hidden node 2 (pool=3)
2026-08-15 02:11:03,706 [DEBUG] cnn_neat: Split edge 0→1, new hidden node 5 (pool=1)
2026-08-15 02:11:03,708 [DEBUG] cnn_neat: Added edge 0→1 (from 7 candidates)
2026-08-15 02:11:03,710 [DEBUG] cnn_neat: Removed edge 2→3 (from 7 candidates)
2026-08-15 02:11:03,713 [DEBUG] cnn_neat: Removed 3 edges (requested 3)
2026-08-15 02:11:03,717 [DEBUG] cnn_neat: Crossover rejected: union topology invalid (edges=15 nodes=10)
2026-08-15 02:11:03,719 [DEBUG] cnn_neat: Split edge 0→1, new hidden node 5 (pool=1)
2026-08-15 02:11:03,722 [DEBUG] cnn_neat: Added edge 0→1 (from 11 candidates)
2026-08-15 02:11:03,725 [DEBUG] cnn_neat: Added edge 2→4 (from 4 candidates)
2026-08-15 02:11:03,727 [DEBUG] cnn_neat: Added edge 3→4 (from 2 candidates)
2026-08-15 02:11:03,732 [DEBUG] cnn_neat: Split edge 3→1, new hidden node 5 (pool=3)
2026-08-15 02:11:03,734 [DEBUG] cnn_neat: Added edge 4→1 (from 3 candidates)
2026-08-15 02:11:03,737 [DEBUG] cnn_neat: Removed hidden node 4 (pool=3)
2026-08-15 02:11:03,739 [DEBUG] cnn_neat: Removed edge 0→3 (from 5 candidates)
2026-08-15 02:11:03,741 [DEBUG] cnn_neat: Removed 3 edges (requested 3)
2026-08-15 02:11:03,744 [DEBUG] cnn_neat: Crossover union: A_edges=6 B_added=6 dup_skipped=0 child_edges=12 nodes=8
2026-08-15 02:11:03,745 [DEBUG] cnn_neat: Added edge 0→4 (from 3 candidates)
2026-08-15 02:11:03,747 [DEBUG] cnn_neat: Added edge 0→1 (from 3 candidates)
2026-08-15 02:11:03,749 [DEBUG] cnn_neat: Added edge 3→2 (from 2 candidates)
2026-08-15 02:11:03,752 [DEBUG] cnn_neat: Added edge 4→1 (from 1 candidates)
2026-08-15 02:11:03,756 [DEBUG] cnn_neat: Split edge 0→1, new hidden node 5 (pool=1)
2026-08-15 02:11:03,759 [DEBUG] cnn_neat: Added edge 3→5 (from 7 candidates)
2026-08-15 02:11:03,760 [DEBUG] cnn_neat: Split edge 6→1, new hidden node 7 (pool=4)
2026-08-15 02:11:03,762 [DEBUG] cnn_neat: Added edge 0→6 (from 9 candidates)
2026-08-15 02:11:03,764 [DEBUG] cnn_neat: Removed hidden node 6 (pool=3)
2026-08-15 02:11:03,766 [DEBUG] cnn_neat: Split edge 0→4, new hidden node 5 (pool=2)
2026-08-15 02:11:03,768 [DEBUG] cnn_neat: Added edge 5→2 (from 3 candidates)
2026-08-15 02:11:03,771 [DEBUG] cnn_neat: Removed hidden node 4 (pool=2)
2026-08-15 02:11:03,773 [DEBUG] cnn_neat: Split edge 2→1, new hidden node 6 (pool=3)
2026-08-15 02:11:03,774 [DEBUG] cnn_neat: Removed edge 4→2 (from 5 candidates)
2026-08-15 02:11:03,777 [DEBUG] cnn_neat: Removed 3 edges (requested 3)
2026-08-15 02:11:03,778 [DEBUG] cnn_neat: Crossover rejected: union topology invalid (edges=11 nodes=10)
2026-08-15 02:11:03,780 [DEBUG] cnn_neat: Split edge 5→6, new hidden node 7 (pool=4)
2026-08-15 02:11:03,782 [DEBUG] cnn_neat: Added edge 4→6 (from 9 candidates)
2026-08-15 02:11:03,783 [DEBUG] cnn_neat: Added edge 5→1 (from 9 candidates)
2026-08-15 02:11:03,785 [DEBUG] cnn_neat: Added edge 5→2 (from 8 candidates)
2026-08-15 02:11:03,787 [DEBUG] cnn_neat: Added edge 6→2 (from 7 candidates)
2026-08-15 02:11:03,789 [DEBUG] cnn_neat: Added edge 4→5 (from 5 candidates)
2026-08-15 02:11:03,790 [DEBUG] cnn_neat: Split edge 5→1, new hidden node 6 (pool=4)
2026-08-15 02:11:03,792 [DEBUG] cnn_neat: Added edge 5→2 (from 3 candidates)
2026-08-15 02:11:03,794 [DEBUG] cnn_neat: Removed hidden node 5 (pool=2)
2026-08-15 02:11:03,796 [DEBUG] cnn_neat: Split edge 4→1, new hidden node 5 (pool=2)
2026-08-15 02:11:03,798 [DEBUG] cnn_neat: Added edge 2→5 (from 5 candidates)
2026-08-15 02:11:03,801 [DEBUG] cnn_neat: Removed hidden node 5 (pool=2)
2026-08-15 02:11:03,803 [DEBUG] cnn_neat: Split edge 2→1, new hidden node 5 (pool=3)
2026-08-15 02:11:03,804 [DEBUG] cnn_neat: Split edge 5→1, new hidden node 6 (pool=4)
2026-08-15 02:11:03,806 [DEBUG] cnn_neat: Removed edge 5→4 (from 5 candidates)
2026-08-15 02:11:03,807 [DEBUG] cnn_neat: Split edge 0→4, new hidden node 6 (pool=3)
2026-08-15 02:11:03,809 [DEBUG] cnn_neat: Removed 3 edges (requested 3)
2026-08-15 02:11:03,812 [DEBUG] cnn_neat: Crossover rejected: union topology invalid (edges=14 nodes=8)
2026-08-15 02:11:03,813 [DEBUG] cnn_neat: Split edge 5→4, new hidden node 6 (pool=4)
2026-08-15 02:11:03,815 [DEBUG] cnn_neat: Added edge 0→2 (from 3 candidates)
2026-08-15 02:11:03,816 [DEBUG] cnn_neat: Added edge 5→2 (from 3 candidates)
2026-08-15 02:11:03,817 [DEBUG] cnn_neat: Added edge 0→1 (from 2 candidates)
2026-08-15 02:11:03,820 [DEBUG] cnn_neat: Added edge 0→5 (from 1 candidates)
2026-08-15 02:11:03,824 [DEBUG] cnn_neat: Split edge 0→1, new hidden node 6 (pool=1)
2026-08-15 02:11:03,826 [DEBUG] cnn_neat: Split edge 2→1, new hidden node 5 (pool=6)
2026-08-15 02:11:03,827 [DEBUG] cnn_neat: Added edge 3→1 (from 4 candidates)
2026-08-15 02:11:03,830 [DEBUG] cnn_neat: Removed hidden node 4 (pool=2)
2026-08-15 02:11:03,831 [DEBUG] cnn_neat: Split edge 0→3, new hidden node 4 (pool=4)
2026-08-15 02:11:03,833 [DEBUG] cnn_neat: Added edge 3→1 (from 4 candidates)
2026-08-15 02:11:03,834 [DEBUG] cnn_neat: Removed edge 4→2 (from 5 candidates)
2026-08-15 02:11:03,836 [DEBUG] cnn_neat: Removed 3 edges (requested 3)
2026-08-15 02:11:03,838 [DEBUG] cnn_neat: Crossover rejected: copied edge has no live Conv2d
2026-08-15 02:11:03,841 [DEBUG] cnn_neat: Split edge 4→2, new hidden node 5 (pool=6)
2026-08-15 02:11:03,842 [DEBUG] cnn_neat: Added edge 0→1 (from 4 candidates)
2026-08-15 02:11:03,844 [DEBUG] cnn_neat: Added edge 4→1 (from 3 candidates)
2026-08-15 02:11:03,846 [DEBUG] cnn_neat: Added edge 0→4 (from 2 candidates)
2026-08-15 02:11:03,848 [DEBUG] cnn_neat: Added edge 3→1 (from 1 candidates)
2026-08-15 02:11:03,851 [DEBUG] cnn_neat: Split edge 0→1, new hidden node 5 (pool=1)
2026-08-15 02:11:03,887 [DEBUG] cnn_neat: Split edge 4→1, new hidden node 6 (pool=2)
2026-08-15 02:11:03,914 [DEBUG] cnn_neat: Added edge 5→2 (from 4 candidates)
2026-08-15 02:11:03,964 [DEBUG] cnn_neat: Removed hidden node 5 (pool=2)
2026-08-15 02:11:03,969 [DEBUG] cnn_neat: Removed edge 4→5 (from 5 candidates)
2026-08-15 02:11:03,975 [DEBUG] cnn_neat: Removed 3 edges (requested 3)
2026-08-15 02:11:03,980 [DEBUG] cnn_neat: Split edge 0→3, new hidden node 6 (pool=5)
2026-08-15 02:11:03,985 [DEBUG] cnn_neat: Added edge 5→2 (from 6 candidates)
2026-08-15 02:11:03,996 [DEBUG] cnn_neat: Split edge 3→5, new hidden node 6 (pool=6)
2026-08-15 02:11:04,005 [DEBUG] cnn_neat: Added edge 4→1 (from 6 candidates)
2026-08-15 02:11:04,168 [DEBUG] cnn_neat: Removed hidden node 4 (pool=1)
2026-08-15 02:11:04,181 [DEBUG] cnn_neat: Split edge 5→2, new hidden node 6 (pool=7)
2026-08-15 02:11:04,193 [DEBUG] cnn_neat: Removed edge 5→2 (from 3 candidates)
2026-08-15 02:11:04,208 [DEBUG] cnn_neat: Added edge 5→1 (from 5 candidates)
2026-08-15 02:11:04,217 [DEBUG] cnn_neat: Split edge 3→5, new hidden node 6 (pool=4)
2026-08-15 02:11:04,244 [DEBUG] cnn_neat: Split edge 4→2, new hidden node 5 (pool=4)
2026-08-15 02:11:04,247 [DEBUG] cnn_neat: Added edge 4→1 (from 6 candidates)
2026-08-15 02:11:04,252 [DEBUG] cnn_neat: Removed hidden node 4 (pool=1)
2026-08-15 02:11:04,255 [DEBUG] cnn_neat: Removed edge 4→2 (from 1 candidates)
2026-08-15 02:11:04,256 [DEBUG] cnn_neat: Removed 1 edges (requested 3)
2026-08-15 02:11:04,259 [DEBUG] cnn_neat: Split edge 0→3, new hidden node 5 (pool=5)
2026-08-15 02:11:04,266 [DEBUG] cnn_neat: Added edge 3→4 (from 5 candidates)
2026-08-15 02:11:04,272 [DEBUG] cnn_neat: Split edge 5→3, new hidden node 6 (pool=6)
2026-08-15 02:11:04,275 [DEBUG] cnn_neat: Removed hidden node 4 (pool=1)
2026-08-15 02:11:04,288 [DEBUG] cnn_neat: Added edge 3→1 (from 9 candidates)
2026-08-15 02:11:04,291 [DEBUG] cnn_neat: Split edge 3→2, new hidden node 7 (pool=7)
2026-08-15 02:11:04,293 [DEBUG] cnn_neat: Removed edge 4→1 (from 2 candidates)
2026-08-15 02:11:04,299 [DEBUG] cnn_neat: Removed hidden node 4 (pool=1)
2026-08-15 02:11:04,303 [DEBUG] cnn_neat: Added edge 4→5 (from 12 candidates)
2026-08-15 02:11:04,306 [DEBUG] cnn_neat: Split edge 4→1, new hidden node 8 (pool=2)
2026-08-15 02:11:04,311 [DEBUG] cnn_neat: Split edge 3→1, new hidden node 5 (pool=2)
2026-08-15 02:11:04,315 [DEBUG] cnn_neat: Added edge 4→1 (from 3 candidates)
2026-08-15 02:11:04,320 [DEBUG] cnn_neat: Removed hidden node 2 (pool=2)
2026-08-15 02:11:04,322 [DEBUG] cnn_neat: Removed edge 4→2 (from 4 candidates)
2026-08-15 02:11:04,327 [DEBUG] cnn_neat: Removed 3 edges (requested 3)
2026-08-15 02:11:04,332 [DEBUG] cnn_neat: Split edge 0→3, new hidden node 5 (pool=2)
2026-08-15 02:11:04,333 [DEBUG] cnn_neat: Split edge 0→3, new hidden node 5 (pool=2)
2026-08-15 02:11:04,336 [DEBUG] cnn_neat: Split edge 0→3, new hidden node 5 (pool=2)
2026-08-15 02:11:04,342 [DEBUG] cnn_neat: Split edge 3→1, new hidden node 4 (pool=2)
2026-08-15 02:11:04,345 [DEBUG] cnn_neat: Added edge 0→2 (from 1 candidates)
2026-08-15 02:11:04,349 [DEBUG] cnn_neat: Removed hidden node 2 (pool=1)
2026-08-15 02:11:04,351 [DEBUG] cnn_neat: Removed edge 3→2 (from 3 candidates)
2026-08-15 02:11:04,354 [DEBUG] cnn_neat: Removed 2 edges (requested 3)
2026-08-15 02:11:04,358 [DEBUG] cnn_neat: Split edge 4→2, new hidden node 5 (pool=3)
2026-08-15 02:11:04,361 [DEBUG] cnn_neat: Added edge 0→2 (from 2 candidates)
2026-08-15 02:11:04,370 [DEBUG] cnn_neat: Added edge 6→5 (from 9 candidates)
2026-08-15 02:11:04,380 [DEBUG] cnn_neat: Split edge 5→1, new hidden node 7 (pool=4)
2026-08-15 02:11:04,384 [DEBUG] cnn_neat: Added edge 6→2 (from 9 candidates)
2026-08-15 02:11:04,389 [DEBUG] cnn_neat: Split edge 6→4, new hidden node 8 (pool=8)
2026-08-15 02:11:04,396 [DEBUG] cnn_neat: Removed hidden node 4 (pool=2)
2026-08-15 02:11:04,401 [DEBUG] cnn_neat: Added edge 3→4 (from 14 candidates)
2026-08-15 02:11:04,406 [DEBUG] cnn_neat: Split edge 4→2, new hidden node 5 (pool=3)
2026-08-15 02:11:04,408 [DEBUG] cnn_neat: Added edge 0→3 (from 4 candidates)
2026-08-15 02:11:04,412 [DEBUG] cnn_neat: Removed hidden node 3 (pool=1)
2026-08-15 02:11:04,414 [DEBUG] cnn_neat: Removed edge 2→3 (from 1 candidates)
2026-08-15 02:11:04,416 [DEBUG] cnn_neat: Removed 1 edges (requested 3)
2026-08-15 02:11:04,419 [DEBUG] cnn_neat: Split edge 3→1, new hidden node 4 (pool=2)
2026-08-15 02:11:04,421 [DEBUG] cnn_neat: Added edge 0→1 (from 1 candidates)
2026-08-15 02:11:04,429 [DEBUG] cnn_neat: Split edge 0→4, new hidden node 6 (pool=3)
2026-08-15 02:11:04,432 [DEBUG] cnn_neat: Added edge 0→2 (from 5 candidates)
2026-08-15 02:11:04,438 [DEBUG] cnn_neat: Removed hidden node 5 (pool=2)
2026-08-15 02:11:04,440 [DEBUG] cnn_neat: Removed edge 5→1 (from 4 candidates)
2026-08-15 02:11:04,445 [DEBUG] cnn_neat: Removed 3 edges (requested 3)
2026-08-15 02:11:04,448 [DEBUG] cnn_neat: Split edge 4→1, new hidden node 6 (pool=6)
2026-08-15 02:11:04,452 [DEBUG] cnn_neat: Added edge 2→5 (from 6 candidates)
2026-08-15 02:11:04,456 [DEBUG] cnn_neat: Split edge 2→1, new hidden node 7 (pool=4)
2026-08-15 02:11:04,462 [DEBUG] cnn_neat: Removed hidden node 5 (pool=3)
2026-08-15 02:11:04,465 [DEBUG] cnn_neat: Added edge 5→6 (from 10 candidates)
2026-08-15 02:11:04,470 [DEBUG] cnn_neat: Split edge 2→1, new hidden node 6 (pool=4)
2026-08-15 02:11:04,507 [DEBUG] cnn_neat: Split edge 0→1, new hidden node 5 (pool=1)
2026-08-15 02:11:04,512 [DEBUG] cnn_neat: Added edge 4→3 (from 1 candidates)
2026-08-15 02:11:04,518 [DEBUG] cnn_neat: Removed hidden node 4 (pool=3)
2026-08-15 02:11:04,521 [DEBUG] cnn_neat: Removed edge 4→2 (from 7 candidates)
2026-08-15 02:11:04,532 [DEBUG] cnn_neat: Removed 3 edges (requested 3)
2026-08-15 02:11:04,535 [DEBUG] cnn_neat: Split edge 0→1, new hidden node 5 (pool=2)
2026-08-15 02:11:04,537 [DEBUG] cnn_neat: Added edge 2→4 (from 5 candidates)
2026-08-15 02:11:04,539 [DEBUG] cnn_neat: Split edge 3→1, new hidden node 6 (pool=6)
2026-08-15 02:11:04,546 [DEBUG] cnn_neat: Removed hidden node 3 (pool=3)
2026-08-15 02:11:04,553 [DEBUG] cnn_neat: Added edge 4→2 (from 14 candidates)
2026-08-15 02:11:04,560 [DEBUG] cnn_neat: Split edge 3→4, new hidden node 5 (pool=4)
2026-08-15 02:11:04,563 [DEBUG] cnn_neat: Added edge 4→1 (from 6 candidates)
2026-08-15 02:11:04,565 [DEBUG] cnn_neat: Removed hidden node 4 (pool=1)
2026-08-15 02:11:04,566 [DEBUG] cnn_neat: Removed edge 3→4 (from 1 candidates)
2026-08-15 02:11:04,568 [DEBUG] cnn_neat: Removed 1 edges (requested 3)
2026-08-15 02:11:04,573 [DEBUG] cnn_neat: Split edge 0→3, new hidden node 5 (pool=5)
2026-08-15 02:11:04,579 [DEBUG] cnn_neat: Added edge 3→1 (from 5 candidates)
2026-08-15 02:11:04,585 [DEBUG] cnn_neat: Split edge 5→3, new hidden node 6 (pool=6)
2026-08-15 02:11:04,587 [DEBUG] cnn_neat: Removed hidden node 4 (pool=2)
2026-08-15 02:11:04,591 [DEBUG] cnn_neat: Added edge 2→4 (from 6 candidates)
2026-08-15 02:11:04,596 [DEBUG] cnn_neat: Split edge 3→1, new hidden node 5 (pool=2)
2026-08-15 02:11:04,604 [DEBUG] cnn_neat: Split edge 3→2, new hidden node 6 (pool=5)
2026-08-15 02:11:04,610 [DEBUG] cnn_neat: Added edge 4→3 (from 11 candidates)
2026-08-15 02:11:04,616 [DEBUG] cnn_neat: Removed hidden node 5 (pool=2)
2026-08-15 02:11:04,619 [DEBUG] cnn_neat: Removed edge 5→2 (from 2 candidates)
2026-08-15 02:11:04,621 [DEBUG] cnn_neat: Removed 2 edges (requested 3)
2026-08-15 02:11:04,622 [DEBUG] cnn_neat: Split edge 4→5, new hidden node 7 (pool=6)
2026-08-15 02:11:04,626 [DEBUG] cnn_neat: Split edge 4→3, new hidden node 6 (pool=6)
2026-08-15 02:11:04,630 [DEBUG] cnn_neat: Added edge 6→5 (from 17 candidates)
2026-08-15 02:11:04,632 [DEBUG] cnn_neat: Added edge 4→1 (from 9 candidates)
2026-08-15 02:11:04,641 [DEBUG] cnn_neat: Split edge 3→2, new hidden node 5 (pool=5)
2026-08-15 02:11:04,742 [DEBUG] cnn_neat: Added edge 0→2 (from 4 candidates)
2026-08-15 02:11:04,749 [DEBUG] cnn_neat: Removed hidden node 4 (pool=1)
2026-08-15 02:11:04,754 [DEBUG] cnn_neat: Removed edge 4→2 (from 2 candidates)
2026-08-15 02:11:04,760 [DEBUG] cnn_neat: Removed 2 edges (requested 3)
2026-08-15 02:11:04,762 [DEBUG] cnn_neat: Split edge 4→3, new hidden node 5 (pool=4)
2026-08-15 02:11:04,767 [DEBUG] cnn_neat: Added edge 4→2 (from 5 candidates)
2026-08-15 02:11:04,770 [DEBUG] cnn_neat: Split edge 3→2, new hidden node 6 (pool=5)
2026-08-15 02:11:04,775 [DEBUG] cnn_neat: Removed hidden node 4 (pool=1)
2026-08-15 02:11:04,779 [DEBUG] cnn_neat: Added edge 5→2 (from 9 candidates)
2026-08-15 02:11:04,783 [DEBUG] cnn_neat: Split edge 4→5, new hidden node 7 (pool=6)
2026-08-15 02:11:04,789 [DEBUG] cnn_neat: Removed edge 4→3 (from 1 candidates)
2026-08-15 02:11:04,798 [DEBUG] cnn_neat: Removed hidden node 5 (pool=2)
2026-08-15 02:11:04,803 [DEBUG] cnn_neat: Added edge 6→1 (from 13 candidates)
2026-08-15 02:11:04,811 [DEBUG] cnn_neat: Split edge 0→4, new hidden node 6 (pool=2)
2026-08-15 02:11:04,815 [DEBUG] cnn_neat: Added edge 0→2 (from 4 candidates)
2026-08-15 02:11:04,825 [DEBUG] cnn_neat: Removed hidden node 2 (pool=2)
2026-08-15 02:11:04,830 [DEBUG] cnn_neat: Removed edge 4→2 (from 5 candidates)
2026-08-15 02:11:04,837 [DEBUG] cnn_neat: Removed 3 edges (requested 3)
2026-08-15 02:11:04,846 [DEBUG] cnn_neat: Split edge 6→4, new hidden node 7 (pool=3)
2026-08-15 02:11:04,852 [DEBUG] cnn_neat: Split edge 4→2, new hidden node 6 (pool=4)
2026-08-15 02:11:04,952 [DEBUG] cnn_neat: Added edge 0→4 (from 5 candidates)
2026-08-15 02:11:04,959 [DEBUG] cnn_neat: Added edge 5→2 (from 3 candidates)
2026-08-15 02:11:04,963 [DEBUG] cnn_neat: Split edge 6→7, new hidden node 8 (pool=4)
2026-08-15 02:11:04,973 [DEBUG] cnn_neat: Split edge 5→1, new hidden node 7 (pool=2)
2026-08-15 02:11:04,975 [DEBUG] cnn_neat: Added edge 0→6 (from 9 candidates)
2026-08-15 02:11:04,984 [DEBUG] cnn_neat: Removed hidden node 2 (pool=4)
2026-08-15 02:11:04,991 [DEBUG] cnn_neat: Removed edge 0→5 (from 7 candidates)
2026-08-15 02:11:05,003 [DEBUG] cnn_neat: Removed 3 edges (requested 3)
2026-08-15 02:11:05,008 [DEBUG] cnn_neat: Split edge 2→1, new hidden node 7 (pool=3)
2026-08-15 02:11:05,011 [DEBUG] cnn_neat: Split edge 5→1, new hidden node 7 (pool=2)
2026-08-15 02:11:05,018 [DEBUG] cnn_neat: Added edge 6→2 (from 8 candidates)
2026-08-15 02:11:05,021 [DEBUG] cnn_neat: Added edge 4→2 (from 15 candidates)
2026-08-15 02:11:05,031 [DEBUG] cnn_neat: Split edge 0→2, new hidden node 5 (pool=4)
2026-08-15 02:11:05,034 [DEBUG] cnn_neat: Added edge 2→1 (from 3 candidates)
2026-08-15 02:11:05,037 [DEBUG] cnn_neat: Removed hidden node 3 (pool=2)
2026-08-15 02:11:05,039 [DEBUG] cnn_neat: Removed edge 0→4 (from 6 candidates)
2026-08-15 02:11:05,041 [DEBUG] cnn_neat: Removed 3 edges (requested 3)
2026-08-15 02:11:05,043 [DEBUG] cnn_neat: Split edge 0→4, new hidden node 6 (pool=2)
2026-08-15 02:11:05,050 [DEBUG] cnn_neat: Split edge 2→4, new hidden node 5 (pool=4)
2026-08-15 02:11:05,052 [DEBUG] cnn_neat: Split edge 4→1, new hidden node 5 (pool=3)
2026-08-15 02:11:05,063 [DEBUG] cnn_neat: Split edge 0→4, new hidden node 5 (pool=7)
2026-08-15 02:11:05,068 [DEBUG] cnn_neat: Added edge 3→4 (from 5 candidates)
2026-08-15 02:11:05,071 [DEBUG] cnn_neat: Removed hidden node 4 (pool=3)
2026-08-15 02:11:05,073 [DEBUG] cnn_neat: Removed edge 3→2 (from 7 candidates)
2026-08-15 02:11:05,081 [DEBUG] cnn_neat: Removed 3 edges (requested 3)
2026-08-15 02:11:05,177 [DEBUG] cnn_neat: Split edge 0→3, new hidden node 6 (pool=5)
2026-08-15 02:11:05,183 [DEBUG] cnn_neat: Split edge 2→1, new hidden node 5 (pool=8)
2026-08-15 02:11:05,190 [DEBUG] cnn_neat: Split edge 3→1, new hidden node 4 (pool=2)
2026-08-15 02:11:05,193 [DEBUG] cnn_neat: Added edge 0→2 (from 1 candidates)
2026-08-15 02:11:05,199 [DEBUG] cnn_neat: Removed hidden node 2 (pool=1)
2026-08-15 02:11:05,200 [DEBUG] cnn_neat: Removed edge 3→2 (from 3 candidates)
2026-08-15 02:11:05,203 [DEBUG] cnn_neat: Removed 2 edges (requested 3)
2026-08-15 02:11:05,208 [DEBUG] cnn_neat: Split edge 0→4, new hidden node 5 (pool=3)
2026-08-15 02:11:05,212 [DEBUG] cnn_neat: Added edge 4→1 (from 2 candidates)
2026-08-15 02:11:05,222 [DEBUG] cnn_neat: Split edge 2→1, new hidden node 5 (pool=3)
2026-08-15 02:11:05,226 [DEBUG] cnn_neat: Added edge 0→2 (from 4 candidates)
2026-08-15 02:11:05,231 [DEBUG] cnn_neat: Removed hidden node 3 (pool=1)
2026-08-15 02:11:05,234 [DEBUG] cnn_neat: Removed edge 2→3 (from 1 candidates)
2026-08-15 02:11:05,237 [DEBUG] cnn_neat: Removed 1 edges (requested 3)
2026-08-15 02:11:05,241 [DEBUG] cnn_neat: Split edge 0→3, new hidden node 4 (pool=2)
2026-08-15 02:11:05,245 [DEBUG] cnn_neat: Added edge 0→1 (from 1 candidates)
2026-08-15 02:11:05,250 [DEBUG] cnn_neat: Split edge 4→3, new hidden node 6 (pool=4)
2026-08-15 02:11:05,256 [DEBUG] cnn_neat: Added edge 0→5 (from 6 candidates)
2026-08-15 02:11:05,263 [DEBUG] cnn_neat: Removed hidden node 5 (pool=3)
2026-08-15 02:11:05,265 [DEBUG] cnn_neat: Removed edge 2→4 (from 6 candidates)
2026-08-15 02:11:05,275 [DEBUG] cnn_neat: Removed 3 edges (requested 3)
2026-08-15 02:11:05,277 [DEBUG] cnn_neat: Split edge 4→3, new hidden node 6 (pool=6)
2026-08-15 02:11:05,283 [DEBUG] cnn_neat: Added edge 2→4 (from 11 candidates)
2026-08-15 02:11:05,288 [DEBUG] cnn_neat: Split edge 0→2, new hidden node 7 (pool=3)
2026-08-15 02:11:05,385 [DEBUG] cnn_neat: Removed hidden node 4 (pool=2)
2026-08-15 02:11:05,389 [DEBUG] cnn_neat: Added edge 6→2 (from 17 candidates)
2026-08-15 02:11:05,393 [DEBUG] cnn_neat: Split edge 2→3, new hidden node 8 (pool=4)
2026-08-15 02:11:05,397 [DEBUG] cnn_neat: Removed edge 4→3 (from 3 candidates)
2026-08-15 02:11:05,401 [DEBUG] cnn_neat: Split edge 0→3, new hidden node 4 (pool=5)
2026-08-15 02:11:05,407 [DEBUG] cnn_neat: Added edge 0→1 (from 1 candidates)
2026-08-15 02:11:05,414 [DEBUG] cnn_neat: Removed hidden node 3 (pool=2)
2026-08-15 02:11:05,417 [DEBUG] cnn_neat: Removed edge 0→3 (from 5 candidates)
2026-08-15 02:11:05,423 [DEBUG] cnn_neat: Removed 3 edges (requested 3)
2026-08-15 02:11:05,424 [DEBUG] cnn_neat: Split edge 3→1, new hidden node 4 (pool=4)
2026-08-15 02:11:05,426 [DEBUG] cnn_neat: Added edge 0→3 (from 2 candidates)
2026-08-15 02:11:05,427 [DEBUG] cnn_neat: Split edge 0→2, new hidden node 5 (pool=5)
2026-08-15 02:11:05,430 [DEBUG] cnn_neat: Removed hidden node 3 (pool=1)
2026-08-15 02:11:05,432 [DEBUG] cnn_neat: Added edge 3→1 (from 6 candidates)
2026-08-15 02:11:05,434 [DEBUG] cnn_neat: Split edge 5→2, new hidden node 6 (pool=6)
2026-08-15 02:11:05,436 [DEBUG] cnn_neat: Removed edge 3→2 (from 2 candidates)
2026-08-15 02:11:05,444 [DEBUG] cnn_neat: Split edge 4→2, new hidden node 5 (pool=5)
2026-08-15 02:11:05,452 [DEBUG] cnn_neat: Added edge 3→1 (from 4 candidates)
2026-08-15 02:11:05,475 [DEBUG] cnn_neat: Removed hidden node 3 (pool=1)
2026-08-15 02:11:05,477 [DEBUG] cnn_neat: Removed edge 2→3 (from 2 candidates)
2026-08-15 02:11:05,480 [DEBUG] cnn_neat: Removed 2 edges (requested 3)
2026-08-15 02:11:05,498 [DEBUG] cnn_neat: Split edge 2→3, new hidden node 6 (pool=6)
2026-08-15 02:11:05,504 [DEBUG] cnn_neat: Split edge 2→1, new hidden node 5 (pool=6)
2026-08-15 02:11:05,506 [DEBUG] cnn_neat: Split edge 4→3, new hidden node 5 (pool=4)
2026-08-15 02:11:05,511 [DEBUG] cnn_neat: Split edge 4→5, new hidden node 6 (pool=5)
2026-08-15 02:11:05,622 [DEBUG] cnn_neat: Added edge 5→2 (from 5 candidates)
2026-08-15 02:11:05,626 [DEBUG] cnn_neat: Removed hidden node 5 (pool=1)
2026-08-15 02:11:05,628 [DEBUG] cnn_neat: Removed edge 0→5 (from 2 candidates)
2026-08-15 02:11:05,631 [DEBUG] cnn_neat: Removed 2 edges (requested 3)
2026-08-15 02:11:05,634 [DEBUG] cnn_neat: Split edge 4→2, new hidden node 6 (pool=6)
2026-08-15 02:11:05,638 [DEBUG] cnn_neat: Added edge 0→2 (from 3 candidates)
2026-08-15 02:11:05,642 [DEBUG] cnn_neat: Split edge 4→6, new hidden node 7 (pool=7)
2026-08-15 02:11:05,646 [DEBUG] cnn_neat: Removed hidden node 4 (pool=2)
2026-08-15 02:11:05,650 [DEBUG] cnn_neat: Added edge 4→2 (from 8 candidates)
2026-08-15 02:11:05,655 [DEBUG] cnn_neat: Split edge 2→1, new hidden node 7 (pool=3)
2026-08-15 02:11:05,659 [DEBUG] cnn_neat: Added edge 5→1 (from 9 candidates)
2026-08-15 02:11:05,663 [DEBUG] cnn_neat: Removed hidden node 5 (pool=2)
2026-08-15 02:11:05,665 [DEBUG] cnn_neat: Removed edge 6→5 (from 2 candidates)
2026-08-15 02:11:05,668 [DEBUG] cnn_neat: Removed 2 edges (requested 3)
2026-08-15 02:11:05,671 [DEBUG] cnn_neat: Split edge 0→4, new hidden node 8 (pool=6)
2026-08-15 02:11:05,673 [DEBUG] cnn_neat: Split edge 4→6, new hidden node 7 (pool=4)
2026-08-15 02:11:05,677 [DEBUG] cnn_neat: Added edge 5→1 (from 16 candidates)
2026-08-15 02:11:05,679 [DEBUG] cnn_neat: Added edge 6→1 (from 6 candidates)
2026-08-15 02:11:05,682 [DEBUG] cnn_neat: Split edge 6→5, new hidden node 9 (pool=7)
2026-08-15 02:11:05,688 [DEBUG] cnn_neat: Split edge 0→5, new hidden node 6 (pool=3)
2026-08-15 02:11:05,692 [DEBUG] cnn_neat: Added edge 4→1 (from 4 candidates)
2026-08-15 02:11:05,697 [DEBUG] cnn_neat: Removed hidden node 2 (pool=3)
2026-08-15 02:11:05,700 [DEBUG] cnn_neat: Removed edge 4→2 (from 6 candidates)
2026-08-15 02:11:05,705 [DEBUG] cnn_neat: Removed 3 edges (requested 3)
2026-08-15 02:11:05,709 [DEBUG] cnn_neat: Split edge 4→2, new hidden node 7 (pool=7)
2026-08-15 02:11:05,712 [DEBUG] cnn_neat: Split edge 0→5, new hidden node 6 (pool=5)
2026-08-15 02:11:05,715 [DEBUG] cnn_neat: Added edge 4→6 (from 10 candidates)
2026-08-15 02:11:05,719 [DEBUG] cnn_neat: Added edge 5→2 (from 7 candidates)
2026-08-15 02:11:05,724 [DEBUG] cnn_neat: Split edge 0→4, new hidden node 6 (pool=6)
2026-08-15 02:11:05,726 [DEBUG] cnn_neat: Added edge 0→5 (from 8 candidates)
2026-08-15 02:11:05,730 [DEBUG] cnn_neat: Removed hidden node 3 (pool=2)
2026-08-15 02:11:05,732 [DEBUG] cnn_neat: Removed edge 4→5 (from 3 candidates)
2026-08-15 02:11:05,737 [DEBUG] cnn_neat: Removed 3 edges (requested 3)
2026-08-15 02:11:05,739 [DEBUG] cnn_neat: Split edge 0→6, new hidden node 7 (pool=7)
2026-08-15 02:11:05,742 [DEBUG] cnn_neat: Split edge 2→3, new hidden node 6 (pool=7)
2026-08-15 02:11:05,746 [DEBUG] cnn_neat: Split edge 2→1, new hidden node 6 (pool=6)
2026-08-15 02:11:05,747 [DEBUG] cnn_neat: Saved generation 3
2026-08-15 02:11:05,793 [DEBUG] cnn_neat: Added edge 5→4 (from 10 candidates)
2026-08-15 02:11:05,804 [DEBUG] cnn_neat: Selected 25 elite individuals
2026-08-15 02:11:05,814 [DEBUG] cnn_neat: Removed hidden node 3 (pool=2)
2026-08-15 02:11:05,822 [DEBUG] cnn_neat: Removed edge 0→5 (from 3 candidates)
2026-08-15 02:11:05,863 [DEBUG] cnn_neat: Removed 3 edges (requested 3)
2026-08-15 02:11:05,872 [DEBUG] cnn_neat: Split edge 0→5, new hidden node 7 (pool=7)
2026-08-15 02:11:05,883 [DEBUG] cnn_neat: Split edge 0→4, new hidden node 6 (pool=7)
2026-08-15 02:11:05,900 [DEBUG] cnn_neat: Split edge 4→2, new hidden node 7 (pool=8)
2026-08-15 02:11:05,908 [DEBUG] cnn_neat: Added edge 0→6 (from 8 candidates)
2026-08-15 02:11:05,924 [DEBUG] cnn_neat: Removed hidden node 2 (pool=3)
2026-08-15 02:11:05,931 [DEBUG] cnn_neat: Removed edge 4→2 (from 7 candidates)
2026-08-15 02:11:05,941 [DEBUG] cnn_neat: Removed 3 edges (requested 3)
2026-08-15 02:11:05,948 [DEBUG] cnn_neat: Split edge 5→6, new hidden node 8 (pool=6)
2026-08-15 02:11:06,133 [DEBUG] cnn_neat: Split edge 2→1, new hidden node 7 (pool=4)
2026-08-15 02:11:06,135 [DEBUG] cnn_neat: Added edge 4→2 (from 4 candidates)
2026-08-15 02:11:06,137 [DEBUG] cnn_neat: Split edge 0→4, new hidden node 7 (pool=4)
2026-08-15 02:11:06,139 [DEBUG] cnn_neat: Split edge 2→1, new hidden node 7 (pool=4)
2026-08-15 02:11:06,141 [DEBUG] cnn_neat: Added edge 6→7 (from 6 candidates)
2026-08-15 02:11:06,144 [DEBUG] cnn_neat: Split edge 6→2, new hidden node 7 (pool=4)
2026-08-15 02:11:06,146 [DEBUG] cnn_neat: Crossover rejected: union topology invalid (edges=10 nodes=8)
2026-08-15 02:11:06,147 [DEBUG] cnn_neat: Split edge 2→1, new hidden node 7 (pool=4)
2026-08-15 02:11:06,149 [DEBUG] cnn_neat: Added edge 2→1 (from 6 candidates)
2026-08-15 02:11:06,150 [DEBUG] cnn_neat: Added edge 0→2 (from 4 candidates)
2026-08-15 02:11:06,152 [DEBUG] cnn_neat: Added edge 0→6 (from 4 candidates)
2026-08-15 02:11:06,153 [DEBUG] cnn_neat: Added edge 4→1 (from 4 candidates)
2026-08-15 02:11:06,155 [DEBUG] cnn_neat: Added edge 4→2 (from 3 candidates)
2026-08-15 02:11:06,157 [DEBUG] cnn_neat: Added edge 0→1 (from 2 candidates)
2026-08-15 02:11:06,159 [DEBUG] cnn_neat: Split edge 2→1, new hidden node 7 (pool=4)
2026-08-15 02:11:06,161 [DEBUG] cnn_neat: Added edge 4→2 (from 7 candidates)
2026-08-15 02:11:06,164 [DEBUG] cnn_neat: Removed hidden node 5 (pool=1)
2026-08-15 02:11:06,165 [DEBUG] cnn_neat: Split edge 0→4, new hidden node 7 (pool=4)
2026-08-15 02:11:06,167 [DEBUG] cnn_neat: Added edge 7→2 (from 6 candidates)
2026-08-15 02:11:06,168 [DEBUG] cnn_neat: Removed edge 2→5 (from 1 candidates)
2026-08-15 02:11:06,170 [DEBUG] cnn_neat: Split edge 4→6, new hidden node 7 (pool=4)
2026-08-15 02:11:06,171 [DEBUG] cnn_neat: Removed 1 edges (requested 3)
2026-08-15 02:11:06,173 [DEBUG] cnn_neat: Split edge 4→6, new hidden node 7 (pool=4)
2026-08-15 02:11:06,174 [DEBUG] cnn_neat: Added edge 7→2 (from 6 candidates)
2026-08-15 02:11:06,177 [DEBUG] cnn_neat: Crossover rejected: union topology invalid (edges=18 nodes=12)
2026-08-15 02:11:06,178 [DEBUG] cnn_neat: Split edge 2→1, new hidden node 7 (pool=4)
2026-08-15 02:11:06,180 [DEBUG] cnn_neat: Added edge 0→5 (from 11 candidates)
2026-08-15 02:11:06,182 [DEBUG] cnn_neat: Added edge 0→6 (from 7 candidates)
2026-08-15 02:11:06,183 [DEBUG] cnn_neat: Added edge 4→5 (from 6 candidates)
2026-08-15 02:11:06,185 [DEBUG] cnn_neat: Added edge 4→1 (from 7 candidates)
2026-08-15 02:11:06,187 [DEBUG] cnn_neat: Added edge 5→1 (from 6 candidates)
2026-08-15 02:11:06,190 [DEBUG] cnn_neat: Added edge 0→2 (from 5 candidates)
2026-08-15 02:11:06,192 [DEBUG] cnn_neat: Split edge 6→2, new hidden node 7 (pool=5)
2026-08-15 02:11:06,193 [DEBUG] cnn_neat: Added edge 0→6 (from 10 candidates)
2026-08-15 02:11:06,196 [DEBUG] cnn_neat: Removed hidden node 3 (pool=1)
2026-08-15 02:11:06,198 [DEBUG] cnn_neat: Split edge 2→1, new hidden node 7 (pool=4)
2026-08-15 02:11:06,199 [DEBUG] cnn_neat: Added edge 0→6 (from 6 candidates)
2026-08-15 02:11:06,201 [DEBUG] cnn_neat: Removed edge 0→3 (from 1 candidates)
2026-08-15 02:11:06,202 [DEBUG] cnn_neat: Split edge 4→6, new hidden node 7 (pool=4)
2026-08-15 02:11:06,204 [DEBUG] cnn_neat: Added edge 4→6 (from 6 candidates)
2026-08-15 02:11:06,205 [DEBUG] cnn_neat: Removed 1 edges (requested 3)
2026-08-15 02:11:06,207 [DEBUG] cnn_neat: Split edge 0→4, new hidden node 7 (pool=4)
2026-08-15 02:11:06,208 [DEBUG] cnn_neat: Added edge 0→6 (from 6 candidates)
2026-08-15 02:11:06,211 [DEBUG] cnn_neat: Crossover rejected: union topology invalid (edges=18 nodes=12)
2026-08-15 02:11:06,213 [DEBUG] cnn_neat: Split edge 6→2, new hidden node 7 (pool=5)
2026-08-15 02:11:06,214 [DEBUG] cnn_neat: Added edge 7→3 (from 14 candidates)
2026-08-15 02:11:06,217 [DEBUG] cnn_neat: Added edge 4→2 (from 10 candidates)
2026-08-15 02:11:06,218 [DEBUG] cnn_neat: Added edge 0→2 (from 11 candidates)
2026-08-15 02:11:06,220 [DEBUG] cnn_neat: Added edge 2→3 (from 10 candidates)
2026-08-15 02:11:06,222 [DEBUG] cnn_neat: Added edge 6→3 (from 6 candidates)
2026-08-15 02:11:06,224 [DEBUG] cnn_neat: Added edge 4→3 (from 5 candidates)
2026-08-15 02:11:06,225 [DEBUG] cnn_neat: Split edge 0→3, new hidden node 7 (pool=5)
2026-08-15 02:11:06,227 [DEBUG] cnn_neat: Added edge 2→3 (from 15 candidates)
2026-08-15 02:11:06,230 [DEBUG] cnn_neat: Removed hidden node 3 (pool=2)
2026-08-15 02:11:06,231 [DEBUG] cnn_neat: Split edge 2→1, new hidden node 7 (pool=4)
2026-08-15 02:11:06,233 [DEBUG] cnn_neat: Added edge 0→6 (from 11 candidates)
2026-08-15 02:11:06,235 [DEBUG] cnn_neat: Removed edge 0→3 (from 2 candidates)
2026-08-15 02:11:06,236 [DEBUG] cnn_neat: Split edge 6→2, new hidden node 7 (pool=4)
2026-08-15 02:11:06,238 [DEBUG] cnn_neat: Removed 2 edges (requested 3)
2026-08-15 02:11:06,240 [DEBUG] cnn_neat: Split edge 0→4, new hidden node 7 (pool=4)
2026-08-15 02:11:06,241 [DEBUG] cnn_neat: Added edge 0→6 (from 6 candidates)
2026-08-15 02:11:06,244 [DEBUG] cnn_neat: Removed hidden node 4 (pool=2)
2026-08-15 02:11:06,246 [DEBUG] cnn_neat: Crossover rejected: copied edge has no live Conv2d
2026-08-15 02:11:06,248 [DEBUG] cnn_neat: Split edge 6→2, new hidden node 7 (pool=5)
2026-08-15 02:11:06,249 [DEBUG] cnn_neat: Added edge 2→3 (from 15 candidates)
2026-08-15 02:11:06,251 [DEBUG] cnn_neat: Added edge 0→2 (from 11 candidates)
2026-08-15 02:11:06,253 [DEBUG] cnn_neat: Added edge 0→5 (from 13 candidates)
2026-08-15 02:11:06,254 [DEBUG] cnn_neat: Added edge 5→3 (from 11 candidates)
2026-08-15 02:11:06,256 [DEBUG] cnn_neat: Added edge 4→2 (from 9 candidates)
2026-08-15 02:11:06,257 [DEBUG] cnn_neat: Split edge 4→5, new hidden node 7 (pool=7)
2026-08-15 02:11:06,259 [DEBUG] cnn_neat: Added edge 3→2 (from 15 candidates)
2026-08-15 02:11:06,262 [DEBUG] cnn_neat: Removed hidden node 5 (pool=2)
2026-08-15 02:11:06,264 [DEBUG] cnn_neat: Split edge 0→4, new hidden node 7 (pool=5)
2026-08-15 02:11:06,265 [DEBUG] cnn_neat: Removed edge 0→3 (from 3 candidates)
2026-08-15 02:11:06,267 [DEBUG] cnn_neat: Removed 3 edges (requested 3)
2026-08-15 02:11:06,270 [DEBUG] cnn_neat: Split edge 2→1, new hidden node 7 (pool=4)
2026-08-15 02:11:06,272 [DEBUG] cnn_neat: Added edge 4→2 (from 6 candidates)
2026-08-15 02:11:06,274 [DEBUG] cnn_neat: Crossover rejected: union topology invalid (edges=13 nodes=10)
2026-08-15 02:11:06,275 [DEBUG] cnn_neat: Split edge 4→5, new hidden node 7 (pool=7)
2026-08-15 02:11:06,277 [DEBUG] cnn_neat: Added edge 0→6 (from 22 candidates)
2026-08-15 02:11:06,278 [DEBUG] cnn_neat: Added edge 4→2 (from 15 candidates)
2026-08-15 02:11:06,279 [DEBUG] cnn_neat: Added edge 4→3 (from 16 candidates)
2026-08-15 02:11:06,281 [DEBUG] cnn_neat: Added edge 3→6 (from 15 candidates)
2026-08-15 02:11:06,284 [DEBUG] cnn_neat: Added edge 0→6 (from 10 candidates)
2026-08-15 02:11:06,287 [DEBUG] cnn_neat: Added edge 5→1 (from 9 candidates)
2026-08-15 02:11:06,289 [DEBUG] cnn_neat: Split edge 6→2, new hidden node 8 (pool=6)
2026-08-15 02:11:06,291 [DEBUG] cnn_neat: Added edge 4→5 (from 19 candidates)
2026-08-15 02:11:06,295 [DEBUG] cnn_neat: Removed hidden node 3 (pool=3)
2026-08-15 02:11:06,297 [DEBUG] cnn_neat: Removed edge 5→3 (from 2 candidates)
2026-08-15 02:11:06,298 [DEBUG] cnn_neat: Split edge 6→2, new hidden node 8 (pool=6)
2026-08-15 02:11:06,302 [DEBUG] cnn_neat: Removed 3 edges (requested 3)
2026-08-15 02:11:06,304 [DEBUG] cnn_neat: Crossover rejected: union topology invalid (edges=14 nodes=11)
2026-08-15 02:11:06,305 [DEBUG] cnn_neat: Split edge 2→1, new hidden node 8 (pool=6)
2026-08-15 02:11:06,307 [DEBUG] cnn_neat: Added edge 2→3 (from 19 candidates)
2026-08-15 02:11:06,309 [DEBUG] cnn_neat: Added edge 5→1 (from 18 candidates)
2026-08-15 02:11:06,310 [DEBUG] cnn_neat: Added edge 6→5 (from 16 candidates)
2026-08-15 02:11:06,313 [DEBUG] cnn_neat: Added edge 7→6 (from 17 candidates)
2026-08-15 02:11:06,315 [DEBUG] cnn_neat: Added edge 0→2 (from 13 candidates)
2026-08-15 02:11:06,317 [DEBUG] cnn_neat: Split edge 4→5, new hidden node 7 (pool=9)
2026-08-15 02:11:06,319 [DEBUG] cnn_neat: Added edge 5→1 (from 9 candidates)
2026-08-15 02:11:06,322 [DEBUG] cnn_neat: Removed hidden node 3 (pool=2)
2026-08-15 02:11:06,324 [DEBUG] cnn_neat: Removed edge 0→3 (from 5 candidates)
2026-08-15 02:11:06,327 [DEBUG] cnn_neat: Removed 3 edges (requested 3)
2026-08-15 02:11:06,329 [DEBUG] cnn_neat: Crossover rejected: union topology invalid (edges=18 nodes=10)
2026-08-15 02:11:06,330 [DEBUG] cnn_neat: Split edge 0→3, new hidden node 7 (pool=9)
2026-08-15 02:11:06,332 [DEBUG] cnn_neat: Added edge 5→1 (from 9 candidates)
2026-08-15 02:11:06,334 [DEBUG] cnn_neat: Added edge 6→5 (from 7 candidates)
2026-08-15 02:11:06,336 [DEBUG] cnn_neat: Added edge 4→3 (from 6 candidates)
2026-08-15 02:11:06,339 [DEBUG] cnn_neat: Added edge 0→2 (from 5 candidates)
2026-08-15 02:11:06,341 [DEBUG] cnn_neat: Added edge 4→2 (from 7 candidates)
2026-08-15 02:11:06,344 [DEBUG] cnn_neat: Split edge 3→1, new hidden node 5 (pool=8)
2026-08-15 02:11:06,346 [DEBUG] cnn_neat: Added edge 0→1 (from 3 candidates)
2026-08-15 02:11:06,350 [DEBUG] cnn_neat: Removed hidden node 2 (pool=3)
2026-08-15 02:11:06,352 [DEBUG] cnn_neat: Removed edge 3→1 (from 8 candidates)
2026-08-15 02:11:06,355 [DEBUG] cnn_neat: Removed 3 edges (requested 3)
2026-08-15 02:11:06,357 [DEBUG] cnn_neat: Crossover rejected: union topology invalid (edges=13 nodes=9)
2026-08-15 02:11:06,360 [DEBUG] cnn_neat: Split edge 2→1, new hidden node 5 (pool=8)
2026-08-15 02:11:06,362 [DEBUG] cnn_neat: Added edge 4→3 (from 3 candidates)
2026-08-15 02:11:06,365 [DEBUG] cnn_neat: Added edge 0→1 (from 1 candidates)
2026-08-15 02:11:06,371 [DEBUG] cnn_neat: Split edge 0→1, new hidden node 5 (pool=1)
2026-08-15 02:11:06,374 [DEBUG] cnn_neat: Split edge 0→1, new hidden node 5 (pool=1)
2026-08-15 02:11:06,377 [DEBUG] cnn_neat: Added edge 0→1 (from 7 candidates)
2026-08-15 02:11:06,381 [DEBUG] cnn_neat: Removed hidden node 3 (pool=3)
2026-08-15 02:11:06,385 [DEBUG] cnn_neat: Removed edge 2→4 (from 8 candidates)
2026-08-15 02:11:06,389 [DEBUG] cnn_neat: Removed 3 edges (requested 3)
2026-08-15 02:11:06,392 [DEBUG] cnn_neat: Crossover rejected: union topology invalid (edges=16 nodes=8)
2026-08-15 02:11:06,394 [DEBUG] cnn_neat: Split edge 0→1, new hidden node 5 (pool=1)
2026-08-15 02:11:06,396 [DEBUG] cnn_neat: Added edge 4→5 (from 7 candidates)
2026-08-15 02:11:06,404 [DEBUG] cnn_neat: Split edge 0→1, new hidden node 5 (pool=1)
2026-08-15 02:11:06,408 [DEBUG] cnn_neat: Added edge 5→2 (from 7 candidates)
2026-08-15 02:11:06,411 [DEBUG] cnn_neat: Split edge 2→1, new hidden node 6 (pool=9)
2026-08-15 02:11:06,414 [DEBUG] cnn_neat: Added edge 3→4 (from 11 candidates)
2026-08-15 02:11:06,418 [DEBUG] cnn_neat: Removed hidden node 2 (pool=4)
2026-08-15 02:11:06,420 [DEBUG] cnn_neat: Split edge 3→1, new hidden node 6 (pool=6)
2026-08-15 02:11:06,422 [DEBUG] cnn_neat: Removed edge 0→2 (from 9 candidates)
2026-08-15 02:11:06,425 [DEBUG] cnn_neat: Removed 3 edges (requested 3)
2026-08-15 02:11:06,429 [DEBUG] cnn_neat: Crossover rejected: union topology invalid (edges=13 nodes=9)
2026-08-15 02:11:06,431 [DEBUG] cnn_neat: Split edge 0→3, new hidden node 6 (pool=9)
2026-08-15 02:11:06,434 [DEBUG] cnn_neat: Added edge 4→5 (from 11 candidates)
2026-08-15 02:11:06,436 [DEBUG] cnn_neat: Added edge 2→5 (from 9 candidates)
2026-08-15 02:11:06,439 [DEBUG] cnn_neat: Added edge 4→2 (from 7 candidates)
2026-08-15 02:11:06,442 [DEBUG] cnn_neat: Added edge 4→3 (from 4 candidates)
2026-08-15 02:11:06,446 [DEBUG] cnn_neat: Added edge 0→1 (from 3 candidates)
2026-08-15 02:11:06,449 [DEBUG] cnn_neat: Split edge 4→1, new hidden node 6 (pool=2)
2026-08-15 02:11:06,451 [DEBUG] cnn_neat: Added edge 3→4 (from 9 candidates)
2026-08-15 02:11:06,454 [DEBUG] cnn_neat: Removed hidden node 5 (pool=4)
2026-08-15 02:11:06,456 [DEBUG] cnn_neat: Removed edge 4→1 (from 5 candidates)
2026-08-15 02:11:06,459 [DEBUG] cnn_neat: Removed 3 edges (requested 3)
2026-08-15 02:11:06,460 [DEBUG] cnn_neat: Split edge 5→2, new hidden node 6 (pool=4)
2026-08-15 02:11:06,462 [DEBUG] cnn_neat: Crossover rejected: union topology invalid (edges=12 nodes=10)
2026-08-15 02:11:06,464 [DEBUG] cnn_neat: Split edge 4→1, new hidden node 6 (pool=2)
2026-08-15 02:11:06,467 [DEBUG] cnn_neat: Added edge 5→6 (from 17 candidates)
2026-08-15 02:11:06,469 [DEBUG] cnn_neat: Added edge 0→5 (from 9 candidates)
2026-08-15 02:11:06,472 [DEBUG] cnn_neat: Added edge 3→5 (from 8 candidates)
2026-08-15 02:11:06,474 [DEBUG] cnn_neat: Added edge 4→3 (from 6 candidates)
2026-08-15 02:11:06,476 [DEBUG] cnn_neat: Added edge 5→1 (from 4 candidates)
2026-08-15 02:11:06,478 [DEBUG] cnn_neat: Added edge 4→2 (from 3 candidates)
2026-08-15 02:11:06,480 [DEBUG] cnn_neat: Split edge 4→1, new hidden node 8 (pool=2)
2026-08-15 02:11:06,482 [DEBUG] cnn_neat: Added edge 6→4 (from 12 candidates)
2026-08-15 02:11:06,485 [DEBUG] cnn_neat: Removed hidden node 7 (pool=4)
2026-08-15 02:11:06,486 [DEBUG] cnn_neat: Removed edge 6→7 (from 5 candidates)
2026-08-15 02:11:06,488 [DEBUG] cnn_neat: Removed 3 edges (requested 3)
2026-08-15 02:11:06,491 [DEBUG] cnn_neat: Crossover rejected: union topology invalid (edges=15 nodes=12)
2026-08-15 02:11:06,493 [DEBUG] cnn_neat: Split edge 0→4, new hidden node 8 (pool=2)
2026-08-15 02:11:06,495 [DEBUG] cnn_neat: Added edge 4→7 (from 12 candidates)
2026-08-15 02:11:06,497 [DEBUG] cnn_neat: Added edge 0→5 (from 14 candidates)
2026-08-15 02:11:06,499 [DEBUG] cnn_neat: Added edge 0→6 (from 16 candidates)
2026-08-15 02:11:06,501 [DEBUG] cnn_neat: Added edge 2→7 (from 15 candidates)
2026-08-15 02:11:06,504 [DEBUG] cnn_neat: Added edge 5→4 (from 13 candidates)
2026-08-15 02:11:06,506 [DEBUG] cnn_neat: Split edge 4→1, new hidden node 8 (pool=2)
2026-08-15 02:11:06,508 [DEBUG] cnn_neat: Added edge 6→2 (from 12 candidates)
2026-08-15 02:11:06,511 [DEBUG] cnn_neat: Removed hidden node 6 (pool=4)
2026-08-15 02:11:06,512 [DEBUG] cnn_neat: Removed edge 7→6 (from 5 candidates)
2026-08-15 02:11:06,515 [DEBUG] cnn_neat: Removed 3 edges (requested 3)
2026-08-15 02:11:06,517 [DEBUG] cnn_neat: Crossover rejected: union topology invalid (edges=12 nodes=11)
2026-08-15 02:11:06,518 [DEBUG] cnn_neat: Split edge 0→4, new hidden node 8 (pool=2)
2026-08-15 02:11:06,520 [DEBUG] cnn_neat: Added edge 5→4 (from 12 candidates)
2026-08-15 02:11:06,521 [DEBUG] cnn_neat: Added edge 7→2 (from 11 candidates)
2026-08-15 02:11:06,522 [DEBUG] cnn_neat: Added edge 6→2 (from 10 candidates)
2026-08-15 02:11:06,524 [DEBUG] cnn_neat: Added edge 5→6 (from 9 candidates)
2026-08-15 02:11:06,526 [DEBUG] cnn_neat: Added edge 4→6 (from 9 candidates)
2026-08-15 02:11:06,527 [DEBUG] cnn_neat: Split edge 0→3, new hidden node 7 (pool=5)
2026-08-15 02:11:06,529 [DEBUG] cnn_neat: Split edge 4→6, new hidden node 8 (pool=6)
2026-08-15 02:11:06,530 [DEBUG] cnn_neat: Added edge 2→3 (from 10 candidates)
2026-08-15 02:11:06,534 [DEBUG] cnn_neat: Removed hidden node 5 (pool=2)
2026-08-15 02:11:06,535 [DEBUG] cnn_neat: Split edge 4→6, new hidden node 7 (pool=5)
2026-08-15 02:11:06,537 [DEBUG] cnn_neat: Added edge 0→6 (from 14 candidates)
2026-08-15 02:11:06,538 [DEBUG] cnn_neat: Removed edge 2→5 (from 2 candidates)
2026-08-15 02:11:06,541 [DEBUG] cnn_neat: Removed 3 edges (requested 3)
2026-08-15 02:11:06,542 [DEBUG] cnn_neat: Split edge 6→2, new hidden node 7 (pool=4)
2026-08-15 02:11:06,544 [DEBUG] cnn_neat: Added edge 4→2 (from 6 candidates)
2026-08-15 02:11:06,546 [DEBUG] cnn_neat: Crossover rejected: copied edge has no live Conv2d
2026-08-15 02:11:06,547 [DEBUG] cnn_neat: Split edge 0→3, new hidden node 7 (pool=5)
2026-08-15 02:11:06,549 [DEBUG] cnn_neat: Added edge 2→3 (from 19 candidates)
2026-08-15 02:11:06,550 [DEBUG] cnn_neat: Added edge 0→2 (from 10 candidates)
2026-08-15 02:11:06,551 [DEBUG] cnn_neat: Added edge 4→3 (from 12 candidates)
2026-08-15 02:11:06,554 [DEBUG] cnn_neat: Added edge 6→5 (from 11 candidates)
2026-08-15 02:11:06,556 [DEBUG] cnn_neat: Added edge 4→1 (from 10 candidates)
2026-08-15 02:11:06,558 [DEBUG] cnn_neat: Added edge 4→2 (from 9 candidates)
2026-08-15 02:11:06,559 [DEBUG] cnn_neat: Split edge 4→5, new hidden node 7 (pool=8)
2026-08-15 02:11:06,561 [DEBUG] cnn_neat: Added edge 0→2 (from 10 candidates)
2026-08-15 02:11:06,563 [DEBUG] cnn_neat: Removed hidden node 5 (pool=2)
2026-08-15 02:11:06,565 [DEBUG] cnn_neat: Split edge 2→1, new hidden node 7 (pool=5)
2026-08-15 02:11:06,566 [DEBUG] cnn_neat: Removed edge 0→3 (from 4 candidates)
2026-08-15 02:11:06,569 [DEBUG] cnn_neat: Removed 3 edges (requested 3)
2026-08-15 02:11:06,571 [DEBUG] cnn_neat: Split edge 6→2, new hidden node 7 (pool=5)
2026-08-15 02:11:06,572 [DEBUG] cnn_neat: Added edge 4→2 (from 14 candidates)
2026-08-15 02:11:06,575 [DEBUG] cnn_neat: Crossover rejected: union topology invalid (edges=13 nodes=10)
2026-08-15 02:11:06,576 [DEBUG] cnn_neat: Split edge 4→6, new hidden node 7 (pool=8)
2026-08-15 02:11:06,609 [DEBUG] cnn_neat: Split edge 0→4, new hidden node 6 (pool=2)
2026-08-15 02:11:06,641 [DEBUG] cnn_neat: Added edge 5→2 (from 4 candidates)
2026-08-15 02:11:06,699 [DEBUG] cnn_neat: Removed hidden node 5 (pool=2)
2026-08-15 02:11:06,703 [DEBUG] cnn_neat: Removed edge 4→1 (from 5 candidates)
2026-08-15 02:11:06,709 [DEBUG] cnn_neat: Removed 3 edges (requested 3)
2026-08-15 02:11:06,715 [DEBUG] cnn_neat: Split edge 3→5, new hidden node 6 (pool=5)
2026-08-15 02:11:06,719 [DEBUG] cnn_neat: Added edge 0→4 (from 6 candidates)
2026-08-15 02:11:06,730 [DEBUG] cnn_neat: Split edge 0→3, new hidden node 4 (pool=2)
2026-08-15 02:11:06,733 [DEBUG] cnn_neat: Added edge 0→2 (from 1 candidates)
2026-08-15 02:11:06,738 [DEBUG] cnn_neat: Removed hidden node 2 (pool=1)
2026-08-15 02:11:06,740 [DEBUG] cnn_neat: Removed edge 3→2 (from 3 candidates)
2026-08-15 02:11:06,743 [DEBUG] cnn_neat: Removed 1 edges (requested 3)
2026-08-15 02:11:06,748 [DEBUG] cnn_neat: Split edge 0→4, new hidden node 5 (pool=3)
2026-08-15 02:11:06,750 [DEBUG] cnn_neat: Added edge 0→2 (from 2 candidates)
2026-08-15 02:11:06,759 [DEBUG] cnn_neat: Split edge 4→2, new hidden node 5 (pool=3)
2026-08-15 02:11:06,762 [DEBUG] cnn_neat: Added edge 4→3 (from 4 candidates)
2026-08-15 02:11:06,931 [DEBUG] cnn_neat: Removed hidden node 3 (pool=1)
2026-08-15 02:11:06,939 [DEBUG] cnn_neat: Removed edge 2→3 (from 1 candidates)
2026-08-15 02:11:06,946 [DEBUG] cnn_neat: Removed 1 edges (requested 3)
2026-08-15 02:11:06,954 [DEBUG] cnn_neat: Split edge 3→1, new hidden node 4 (pool=2)
2026-08-15 02:11:06,959 [DEBUG] cnn_neat: Added edge 0→1 (from 1 candidates)
2026-08-15 02:11:07,011 [DEBUG] cnn_neat: Split edge 4→1, new hidden node 6 (pool=3)
2026-08-15 02:11:07,019 [DEBUG] cnn_neat: Added edge 4→5 (from 5 candidates)
2026-08-15 02:11:07,033 [DEBUG] cnn_neat: Removed hidden node 5 (pool=2)
2026-08-15 02:11:07,039 [DEBUG] cnn_neat: Removed edge 5→1 (from 4 candidates)
2026-08-15 02:11:07,048 [DEBUG] cnn_neat: Removed 3 edges (requested 3)
2026-08-15 02:11:07,061 [DEBUG] cnn_neat: Split edge 0→1, new hidden node 5 (pool=1)
2026-08-15 02:11:07,071 [DEBUG] cnn_neat: Added edge 4→3 (from 1 candidates)
2026-08-15 02:11:07,089 [DEBUG] cnn_neat: Removed hidden node 3 (pool=3)
2026-08-15 02:11:07,093 [DEBUG] cnn_neat: Removed edge 4→1 (from 7 candidates)
2026-08-15 02:11:07,100 [DEBUG] cnn_neat: Removed 3 edges (requested 3)
2026-08-15 02:11:07,104 [DEBUG] cnn_neat: Split edge 0→1, new hidden node 5 (pool=1)
2026-08-15 02:11:07,107 [DEBUG] cnn_neat: Split edge 0→1, new hidden node 5 (pool=2)
2026-08-15 02:11:07,111 [DEBUG] cnn_neat: Added edge 4→1 (from 2 candidates)
2026-08-15 02:11:07,114 [DEBUG] cnn_neat: Added edge 2→3 (from 5 candidates)
2026-08-15 02:11:07,118 [DEBUG] cnn_neat: Split edge 2→3, new hidden node 6 (pool=9)
2026-08-15 02:11:07,125 [DEBUG] cnn_neat: Split edge 0→3, new hidden node 5 (pool=6)
2026-08-15 02:11:07,128 [DEBUG] cnn_neat: Added edge 4→1 (from 2 candidates)
2026-08-15 02:11:07,134 [DEBUG] cnn_neat: Removed hidden node 3 (pool=3)
2026-08-15 02:11:07,137 [DEBUG] cnn_neat: Removed edge 0→3 (from 7 candidates)
2026-08-15 02:11:07,141 [DEBUG] cnn_neat: Removed 3 edges (requested 3)
2026-08-15 02:11:07,145 [DEBUG] cnn_neat: Split edge 0→4, new hidden node 6 (pool=8)
2026-08-15 02:11:07,149 [DEBUG] cnn_neat: Split edge 0→4, new hidden node 5 (pool=7)
2026-08-15 02:11:07,157 [DEBUG] cnn_neat: Split edge 0→4, new hidden node 12 (pool=10)
2026-08-15 02:11:07,162 [DEBUG] cnn_neat: Added edge 11→7 (from 28 candidates)
2026-08-15 02:11:07,171 [DEBUG] cnn_neat: Removed hidden node 11 (pool=6)
2026-08-15 02:11:07,175 [DEBUG] cnn_neat: Removed edge 11→1 (from 9 candidates)
2026-08-15 02:11:07,183 [DEBUG] cnn_neat: Removed 3 edges (requested 3)
2026-08-15 02:11:07,189 [DEBUG] cnn_neat: Split edge 7→1, new hidden node 13 (pool=7)
2026-08-15 02:11:07,196 [DEBUG] cnn_neat: Split edge 0→3, new hidden node 6 (pool=2)
2026-08-15 02:11:07,199 [DEBUG] cnn_neat: Added edge 0→4 (from 6 candidates)
2026-08-15 02:11:07,204 [DEBUG] cnn_neat: Removed hidden node 4 (pool=3)
2026-08-15 02:11:07,207 [DEBUG] cnn_neat: Removed edge 0→5 (from 5 candidates)
2026-08-15 02:11:07,211 [DEBUG] cnn_neat: Removed 3 edges (requested 3)
2026-08-15 02:11:07,215 [DEBUG] cnn_neat: Split edge 3→1, new hidden node 7 (pool=6)
2026-08-15 02:11:07,217 [DEBUG] cnn_neat: Split edge 3→1, new hidden node 6 (pool=3)
2026-08-15 02:11:07,219 [DEBUG] cnn_neat: Split edge 4→1, new hidden node 6 (pool=4)
2026-08-15 02:11:07,224 [DEBUG] cnn_neat: Split edge 0→5, new hidden node 6 (pool=6)
2026-08-15 02:11:07,227 [DEBUG] cnn_neat: Added edge 5→3 (from 6 candidates)
2026-08-15 02:11:07,232 [DEBUG] cnn_neat: Removed hidden node 3 (pool=1)
2026-08-15 02:11:07,235 [DEBUG] cnn_neat: Removed edge 0→3 (from 2 candidates)
2026-08-15 02:11:07,238 [DEBUG] cnn_neat: Removed 2 edges (requested 3)
2026-08-15 02:11:07,241 [DEBUG] cnn_neat: Split edge 4→2, new hidden node 7 (pool=7)
2026-08-15 02:11:07,244 [DEBUG] cnn_neat: Split edge 0→5, new hidden node 6 (pool=7)
2026-08-15 02:11:07,248 [DEBUG] cnn_neat: Added edge 6→3 (from 9 candidates)
2026-08-15 02:11:07,251 [DEBUG] cnn_neat: Added edge 0→4 (from 5 candidates)
2026-08-15 02:11:07,306 [DEBUG] cnn_neat: Split edge 4→6, new hidden node 7 (pool=5)
2026-08-15 02:11:07,311 [DEBUG] cnn_neat: Added edge 4→2 (from 10 candidates)
2026-08-15 02:11:07,318 [DEBUG] cnn_neat: Removed hidden node 5 (pool=2)
2026-08-15 02:11:07,319 [DEBUG] cnn_neat: Removed edge 5→3 (from 2 candidates)
2026-08-15 02:11:07,326 [DEBUG] cnn_neat: Removed 3 edges (requested 3)
2026-08-15 02:11:07,330 [DEBUG] cnn_neat: Split edge 4→2, new hidden node 7 (pool=6)
2026-08-15 02:11:07,336 [DEBUG] cnn_neat: Added edge 6→1 (from 10 candidates)
2026-08-15 02:11:07,342 [DEBUG] cnn_neat: Split edge 7→2, new hidden node 8 (pool=7)
2026-08-15 02:11:07,350 [DEBUG] cnn_neat: Removed hidden node 5 (pool=3)
2026-08-15 02:11:07,354 [DEBUG] cnn_neat: Added edge 6→5 (from 15 candidates)
2026-08-15 02:11:07,362 [DEBUG] cnn_neat: Split edge 2→5, new hidden node 7 (pool=8)
2026-08-15 02:11:07,370 [DEBUG] cnn_neat: Added edge 5→1 (from 10 candidates)
2026-08-15 02:11:07,379 [DEBUG] cnn_neat: Removed hidden node 5 (pool=2)
2026-08-15 02:11:07,382 [DEBUG] cnn_neat: Removed edge 5→3 (from 4 candidates)
2026-08-15 02:11:07,391 [DEBUG] cnn_neat: Removed 3 edges (requested 3)
2026-08-15 02:11:07,397 [DEBUG] cnn_neat: Split edge 6→2, new hidden node 8 (pool=7)
2026-08-15 02:11:07,403 [DEBUG] cnn_neat: Split edge 5→1, new hidden node 7 (pool=5)
2026-08-15 02:11:07,407 [DEBUG] cnn_neat: Split edge 0→4, new hidden node 7 (pool=7)
2026-08-15 02:11:07,418 [DEBUG] cnn_neat: Split edge 0→1, new hidden node 4 (pool=1)
2026-08-15 02:11:07,430 [DEBUG] cnn_neat: Removed hidden node 3 (pool=2)
2026-08-15 02:11:07,433 [DEBUG] cnn_neat: Removed edge 3→1 (from 5 candidates)
2026-08-15 02:11:07,540 [DEBUG] cnn_neat: Removed 3 edges (requested 3)
2026-08-15 02:11:07,545 [DEBUG] cnn_neat: Split edge 0→4, new hidden node 6 (pool=2)
2026-08-15 02:11:07,547 [DEBUG] cnn_neat: Added edge 2→5 (from 4 candidates)
2026-08-15 02:11:07,554 [DEBUG] cnn_neat: Removed hidden node 2 (pool=2)
2026-08-15 02:11:07,561 [DEBUG] cnn_neat: Removed edge 4→2 (from 5 candidates)
2026-08-15 02:11:07,565 [DEBUG] cnn_neat: Removed 3 edges (requested 3)
2026-08-15 02:11:07,574 [DEBUG] cnn_neat: Split edge 0→3, new hidden node 6 (pool=5)
2026-08-15 02:11:07,580 [DEBUG] cnn_neat: Added edge 0→5 (from 6 candidates)
2026-08-15 02:11:07,587 [DEBUG] cnn_neat: Split edge 0→3, new hidden node 6 (pool=6)
2026-08-15 02:11:07,588 [DEBUG] cnn_neat: Added edge 3→4 (from 6 candidates)
2026-08-15 02:11:07,593 [DEBUG] cnn_neat: Split edge 4→2, new hidden node 7 (pool=7)
2026-08-15 02:11:07,599 [DEBUG] cnn_neat: Removed hidden node 3 (pool=1)
2026-08-15 02:11:07,601 [DEBUG] cnn_neat: Added edge 3→1 (from 11 candidates)
2026-08-15 02:11:07,608 [DEBUG] cnn_neat: Split edge 0→3, new hidden node 4 (pool=2)
2026-08-15 02:11:07,609 [DEBUG] cnn_neat: Added edge 0→2 (from 1 candidates)
2026-08-15 02:11:07,611 [DEBUG] cnn_neat: Removed hidden node 2 (pool=1)
2026-08-15 02:11:07,615 [DEBUG] cnn_neat: Removed edge 3→2 (from 3 candidates)
2026-08-15 02:11:07,621 [DEBUG] cnn_neat: Removed 1 edges (requested 3)
2026-08-15 02:11:07,623 [DEBUG] cnn_neat: Split edge 2→1, new hidden node 5 (pool=3)
2026-08-15 02:11:07,624 [DEBUG] cnn_neat: Added edge 0→2 (from 2 candidates)
2026-08-15 02:11:07,639 [DEBUG] cnn_neat: Split edge 0→1, new hidden node 5 (pool=1)
2026-08-15 02:11:07,643 [DEBUG] cnn_neat: Added edge 4→2 (from 4 candidates)
2026-08-15 02:11:07,653 [DEBUG] cnn_neat: Removed hidden node 3 (pool=3)
2026-08-15 02:11:07,655 [DEBUG] cnn_neat: Removed edge 4→1 (from 7 candidates)
2026-08-15 02:11:07,662 [DEBUG] cnn_neat: Removed 3 edges (requested 3)
2026-08-15 02:11:07,667 [DEBUG] cnn_neat: Split edge 0→1, new hidden node 5 (pool=1)
2026-08-15 02:11:07,673 [DEBUG] cnn_neat: Split edge 0→1, new hidden node 5 (pool=1)
2026-08-15 02:11:07,675 [DEBUG] cnn_neat: Split edge 0→1, new hidden node 5 (pool=3)
2026-08-15 02:11:07,682 [DEBUG] cnn_neat: Split edge 2→1, new hidden node 5 (pool=3)
2026-08-15 02:11:07,689 [DEBUG] cnn_neat: Added edge 4→1 (from 3 candidates)
2026-08-15 02:11:07,695 [DEBUG] cnn_neat: Removed hidden node 2 (pool=3)
2026-08-15 02:11:07,696 [DEBUG] cnn_neat: Removed edge 3→4 (from 5 candidates)
2026-08-15 02:11:07,701 [DEBUG] cnn_neat: Removed 3 edges (requested 3)
2026-08-15 02:11:07,706 [DEBUG] cnn_neat: Split edge 0→3, new hidden node 6 (pool=2)
2026-08-15 02:11:07,707 [DEBUG] cnn_neat: Split edge 4→2, new hidden node 5 (pool=5)
2026-08-15 02:11:07,709 [DEBUG] cnn_neat: Added edge 4→5 (from 7 candidates)
2026-08-15 02:11:07,711 [DEBUG] cnn_neat: Added edge 0→4 (from 7 candidates)
2026-08-15 02:11:07,714 [DEBUG] cnn_neat: Split edge 4→2, new hidden node 5 (pool=3)
2026-08-15 02:11:07,719 [DEBUG] cnn_neat: Added edge 0→3 (from 4 candidates)
2026-08-15 02:11:07,816 [DEBUG] cnn_neat: Removed hidden node 3 (pool=1)
2026-08-15 02:11:07,819 [DEBUG] cnn_neat: Removed edge 2→3 (from 1 candidates)
2026-08-15 02:11:07,823 [DEBUG] cnn_neat: Removed 1 edges (requested 3)
2026-08-15 02:11:07,829 [DEBUG] cnn_neat: Split edge 3→1, new hidden node 4 (pool=2)
2026-08-15 02:11:07,831 [DEBUG] cnn_neat: Added edge 0→1 (from 1 candidates)
2026-08-15 02:11:07,837 [DEBUG] cnn_neat: Split edge 0→4, new hidden node 6 (pool=3)
2026-08-15 02:11:07,841 [DEBUG] cnn_neat: Added edge 4→5 (from 5 candidates)
2026-08-15 02:11:07,846 [DEBUG] cnn_neat: Removed hidden node 2 (pool=2)
2026-08-15 02:11:07,848 [DEBUG] cnn_neat: Removed edge 4→2 (from 4 candidates)
2026-08-15 02:11:07,853 [DEBUG] cnn_neat: Removed 2 edges (requested 3)
2026-08-15 02:11:07,855 [DEBUG] cnn_neat: Split edge 5→1, new hidden node 6 (pool=4)
2026-08-15 02:11:07,859 [DEBUG] cnn_neat: Added edge 4→2 (from 9 candidates)
2026-08-15 02:11:07,864 [DEBUG] cnn_neat: Removed hidden node 5 (pool=2)
2026-08-15 02:11:07,867 [DEBUG] cnn_neat: Removed edge 2→1 (from 2 candidates)
2026-08-15 02:11:07,870 [DEBUG] cnn_neat: Removed 2 edges (requested 3)
2026-08-15 02:11:07,875 [DEBUG] cnn_neat: Split edge 4→1, new hidden node 7 (pool=4)
2026-08-15 02:11:07,880 [DEBUG] cnn_neat: Added edge 6→2 (from 9 candidates)
2026-08-15 02:11:07,887 [DEBUG] cnn_neat: Removed hidden node 2 (pool=3)
2026-08-15 02:11:07,888 [DEBUG] cnn_neat: Removed edge 4→1 (from 5 candidates)
2026-08-15 02:11:07,893 [DEBUG] cnn_neat: Removed 3 edges (requested 3)
2026-08-15 02:11:07,898 [DEBUG] cnn_neat: Split edge 4→2, new hidden node 8 (pool=7)
2026-08-15 02:11:07,906 [DEBUG] cnn_neat: Split edge 4→1, new hidden node 6 (pool=4)
2026-08-15 02:11:07,910 [DEBUG] cnn_neat: Added edge 0→2 (from 3 candidates)
2026-08-15 02:11:07,920 [DEBUG] cnn_neat: Removed hidden node 5 (pool=2)
2026-08-15 02:11:07,921 [DEBUG] cnn_neat: Removed edge 5→4 (from 5 candidates)
2026-08-15 02:11:07,926 [DEBUG] cnn_neat: Removed 3 edges (requested 3)
2026-08-15 02:11:07,931 [DEBUG] cnn_neat: Split edge 5→4, new hidden node 7 (pool=7)
2026-08-15 02:11:08,032 [DEBUG] cnn_neat: Split edge 2→1, new hidden node 6 (pool=7)
2026-08-15 02:11:08,038 [DEBUG] cnn_neat: Added edge 0→2 (from 8 candidates)
2026-08-15 02:11:08,042 [DEBUG] cnn_neat: Added edge 5→2 (from 3 candidates)
2026-08-15 02:11:08,047 [DEBUG] cnn_neat: Split edge 4→3, new hidden node 5 (pool=6)
2026-08-15 02:11:08,048 [DEBUG] cnn_neat: Added edge 3→1 (from 4 candidates)
2026-08-15 02:11:08,054 [DEBUG] cnn_neat: Removed hidden node 4 (pool=2)
2026-08-15 02:11:08,056 [DEBUG] cnn_neat: Removed edge 0→2 (from 5 candidates)
2026-08-15 02:11:08,058 [DEBUG] cnn_neat: Removed 3 edges (requested 3)
2026-08-15 02:11:08,063 [DEBUG] cnn_neat: Split edge 2→1, new hidden node 6 (pool=4)
2026-08-15 02:11:08,067 [DEBUG] cnn_neat: Added edge 0→1 (from 8 candidates)
2026-08-15 02:11:08,069 [DEBUG] cnn_neat: Split edge 0→3, new hidden node 7 (pool=5)
2026-08-15 02:11:08,075 [DEBUG] cnn_neat: Removed hidden node 5 (pool=3)
2026-08-15 02:11:08,080 [DEBUG] cnn_neat: Added edge 5→2 (from 11 candidates)
2026-08-15 02:11:08,091 [DEBUG] cnn_neat: Split edge 0→3, new hidden node 10 (pool=8)
2026-08-15 02:11:08,095 [DEBUG] cnn_neat: Added edge 9→4 (from 23 candidates)
2026-08-15 02:11:08,119 [DEBUG] cnn_neat: Removed hidden node 2 (pool=6)
2026-08-15 02:11:08,127 [DEBUG] cnn_neat: Removed edge 3→2 (from 10 candidates)
2026-08-15 02:11:08,142 [DEBUG] cnn_neat: Removed 3 edges (requested 3)
2026-08-15 02:11:08,155 [DEBUG] cnn_neat: Split edge 0→2, new hidden node 11 (pool=5)
2026-08-15 02:11:08,163 [DEBUG] cnn_neat: Split edge 4→6, new hidden node 8 (pool=8)
2026-08-15 02:11:08,269 [DEBUG] cnn_neat: Added edge 4→1 (from 7 candidates)
2026-08-15 02:11:08,285 [DEBUG] cnn_neat: Removed hidden node 6 (pool=5)
2026-08-15 02:11:08,296 [DEBUG] cnn_neat: Removed edge 6→7 (from 12 candidates)
2026-08-15 02:11:08,304 [DEBUG] cnn_neat: Removed 3 edges (requested 3)
2026-08-15 02:11:08,308 [DEBUG] cnn_neat: Split edge 6→7, new hidden node 9 (pool=6)
2026-08-15 02:11:08,318 [DEBUG] cnn_neat: Split edge 0→1, new hidden node 4 (pool=1)
2026-08-15 02:11:08,321 [DEBUG] cnn_neat: Removed hidden node 3 (pool=2)
2026-08-15 02:11:08,323 [DEBUG] cnn_neat: Removed edge 3→1 (from 5 candidates)
2026-08-15 02:11:08,336 [DEBUG] cnn_neat: Removed 3 edges (requested 3)
2026-08-15 02:11:08,336 [DEBUG] cnn_neat: Split edge 2→1, new hidden node 4 (pool=2)
2026-08-15 02:11:08,337 [DEBUG] cnn_neat: Added edge 3→1 (from 3 candidates)
2026-08-15 02:11:08,338 [DEBUG] cnn_neat: Split edge 0→1, new hidden node 5 (pool=3)
2026-08-15 02:11:08,339 [DEBUG] cnn_neat: Removed hidden node 3 (pool=2)
2026-08-15 02:11:08,340 [DEBUG] cnn_neat: Added edge 2→1 (from 5 candidates)
2026-08-15 02:11:08,342 [DEBUG] cnn_neat: Split edge 2→1, new hidden node 4 (pool=2)
2026-08-15 02:11:08,345 [DEBUG] cnn_neat: Split edge 0→4, new hidden node 6 (pool=2)
2026-08-15 02:11:08,347 [DEBUG] cnn_neat: Added edge 5→2 (from 4 candidates)
2026-08-15 02:11:08,350 [DEBUG] cnn_neat: Removed hidden node 5 (pool=2)
2026-08-15 02:11:08,352 [DEBUG] cnn_neat: Removed edge 4→5 (from 5 candidates)
2026-08-15 02:11:08,354 [DEBUG] cnn_neat: Removed 3 edges (requested 3)
2026-08-15 02:11:08,358 [DEBUG] cnn_neat: Split edge 4→3, new hidden node 6 (pool=11)
2026-08-15 02:11:08,361 [DEBUG] cnn_neat: Added edge 5→4 (from 7 candidates)
2026-08-15 02:11:08,366 [DEBUG] cnn_neat: Removed hidden node 3 (pool=4)
2026-08-15 02:11:08,368 [DEBUG] cnn_neat: Removed edge 0→3 (from 11 candidates)
2026-08-15 02:11:08,373 [DEBUG] cnn_neat: Removed 3 edges (requested 3)
2026-08-15 02:11:08,376 [DEBUG] cnn_neat: Split edge 0→2, new hidden node 7 (pool=9)
2026-08-15 02:11:08,379 [DEBUG] cnn_neat: Split edge 4→2, new hidden node 6 (pool=12)
2026-08-15 02:11:08,383 [DEBUG] cnn_neat: Split edge 0→3, new hidden node 4 (pool=2)
2026-08-15 02:11:08,385 [DEBUG] cnn_neat: Added edge 0→2 (from 1 candidates)
2026-08-15 02:11:08,387 [DEBUG] cnn_neat: Removed hidden node 2 (pool=1)
2026-08-15 02:11:08,388 [DEBUG] cnn_neat: Removed edge 2→1 (from 3 candidates)
2026-08-15 02:11:08,390 [DEBUG] cnn_neat: Removed 2 edges (requested 3)
2026-08-15 02:11:08,392 [DEBUG] cnn_neat: Split edge 2→1, new hidden node 5 (pool=3)
2026-08-15 02:11:08,393 [DEBUG] cnn_neat: Added edge 4→1 (from 2 candidates)
2026-08-15 02:11:08,399 [DEBUG] cnn_neat: Split edge 4→2, new hidden node 7 (pool=7)
2026-08-15 02:11:08,425 [DEBUG] cnn_neat: Added edge 4→6 (from 9 candidates)
2026-08-15 02:11:08,431 [DEBUG] cnn_neat: Removed hidden node 5 (pool=1)
2026-08-15 02:11:08,450 [DEBUG] cnn_neat: Removed edge 3→5 (from 3 candidates)
2026-08-15 02:11:08,458 [DEBUG] cnn_neat: Removed 2 edges (requested 3)
2026-08-15 02:11:08,463 [DEBUG] cnn_neat: Split edge 3→5, new hidden node 8 (pool=2)
2026-08-15 02:11:08,588 [DEBUG] cnn_neat: Split edge 4→6, new hidden node 7 (pool=8)
2026-08-15 02:11:08,594 [DEBUG] cnn_neat: Split edge 0→4, new hidden node 5 (pool=3)
2026-08-15 02:11:08,596 [DEBUG] cnn_neat: Added edge 4→3 (from 4 candidates)
2026-08-15 02:11:08,600 [DEBUG] cnn_neat: Removed hidden node 3 (pool=1)
2026-08-15 02:11:08,602 [DEBUG] cnn_neat: Removed edge 2→3 (from 1 candidates)
2026-08-15 02:11:08,604 [DEBUG] cnn_neat: Removed 1 edges (requested 3)
2026-08-15 02:11:08,607 [DEBUG] cnn_neat: Split edge 0→3, new hidden node 4 (pool=2)
2026-08-15 02:11:08,609 [DEBUG] cnn_neat: Added edge 0→1 (from 1 candidates)
2026-08-15 02:11:08,617 [DEBUG] cnn_neat: Split edge 5→1, new hidden node 6 (pool=2)
2026-08-15 02:11:08,621 [DEBUG] cnn_neat: Added edge 0→4 (from 7 candidates)
2026-08-15 02:11:08,629 [DEBUG] cnn_neat: Removed hidden node 5 (pool=4)
2026-08-15 02:11:08,633 [DEBUG] cnn_neat: Removed edge 0→5 (from 7 candidates)
2026-08-15 02:11:08,639 [DEBUG] cnn_neat: Removed 3 edges (requested 3)
2026-08-15 02:11:08,644 [DEBUG] cnn_neat: Split edge 2→3, new hidden node 7 (pool=9)
2026-08-15 02:11:08,649 [DEBUG] cnn_neat: Split edge 2→4, new hidden node 6 (pool=8)
2026-08-15 02:11:08,652 [DEBUG] cnn_neat: Split edge 3→1, new hidden node 6 (pool=5)
2026-08-15 02:11:08,660 [DEBUG] cnn_neat: Split edge 0→5, new hidden node 7 (pool=8)
2026-08-15 02:11:08,664 [DEBUG] cnn_neat: Added edge 0→2 (from 8 candidates)
2026-08-15 02:11:08,672 [DEBUG] cnn_neat: Removed hidden node 3 (pool=2)
2026-08-15 02:11:08,676 [DEBUG] cnn_neat: Removed edge 5→4 (from 5 candidates)
2026-08-15 02:11:08,683 [DEBUG] cnn_neat: Removed 3 edges (requested 3)
2026-08-15 02:11:08,688 [DEBUG] cnn_neat: Split edge 5→4, new hidden node 8 (pool=9)
2026-08-15 02:11:08,693 [DEBUG] cnn_neat: Split edge 2→6, new hidden node 7 (pool=9)
2026-08-15 02:11:08,699 [DEBUG] cnn_neat: Split edge 0→3, new hidden node 6 (pool=4)
2026-08-15 02:11:08,701 [DEBUG] cnn_neat: Added edge 0→2 (from 6 candidates)
2026-08-15 02:11:08,705 [DEBUG] cnn_neat: Removed hidden node 5 (pool=1)
2026-08-15 02:11:08,707 [DEBUG] cnn_neat: Removed edge 5→2 (from 1 candidates)
2026-08-15 02:11:08,709 [DEBUG] cnn_neat: Removed 1 edges (requested 3)
2026-08-15 02:11:08,712 [DEBUG] cnn_neat: Saved generation 4
2026-08-15 02:11:08,761 [DEBUG] cnn_neat: Split edge 0→6, new hidden node 7 (pool=5)
2026-08-15 02:11:08,773 [DEBUG] cnn_neat: Selected 25 elite individuals
2026-08-15 02:11:08,778 [DEBUG] cnn_neat: Split edge 2→1, new hidden node 6 (pool=5)
2026-08-15 02:11:08,787 [DEBUG] cnn_neat: Added edge 6→5 (from 10 candidates)
2026-08-15 02:11:08,796 [DEBUG] cnn_neat: Added edge 5→3 (from 6 candidates)
2026-08-15 02:11:08,841 [DEBUG] cnn_neat: Split edge 3→2, new hidden node 6 (pool=4)
2026-08-15 02:11:08,850 [DEBUG] cnn_neat: Added edge 5→3 (from 13 candidates)
2026-08-15 02:11:08,865 [DEBUG] cnn_neat: Removed hidden node 5 (pool=2)
2026-08-15 02:11:08,873 [DEBUG] cnn_neat: Removed edge 4→5 (from 1 candidates)
2026-08-15 02:11:08,877 [DEBUG] cnn_neat: Removed 1 edges (requested 3)
2026-08-15 02:11:08,884 [DEBUG] cnn_neat: Split edge 2→1, new hidden node 7 (pool=5)
2026-08-15 02:11:08,888 [DEBUG] cnn_neat: Split edge 5→3, new hidden node 6 (pool=5)
2026-08-15 02:11:08,894 [DEBUG] cnn_neat: Added edge 4→6 (from 19 candidates)
2026-08-15 02:11:08,899 [DEBUG] cnn_neat: Added edge 4→1 (from 9 candidates)
2026-08-15 02:11:08,911 [DEBUG] cnn_neat: Split edge 0→3, new hidden node 6 (pool=3)
2026-08-15 02:11:08,915 [DEBUG] cnn_neat: Added edge 4→2 (from 9 candidates)
2026-08-15 02:11:08,922 [DEBUG] cnn_neat: Removed hidden node 4 (pool=2)
2026-08-15 02:11:08,925 [DEBUG] cnn_neat: Removed edge 3→5 (from 2 candidates)
2026-08-15 02:11:08,929 [DEBUG] cnn_neat: Removed 2 edges (requested 3)
2026-08-15 02:11:08,933 [DEBUG] cnn_neat: Split edge 0→6, new hidden node 7 (pool=4)
2026-08-15 02:11:08,938 [DEBUG] cnn_neat: Split edge 3→2, new hidden node 6 (pool=4)
2026-08-15 02:11:09,146 [DEBUG] cnn_neat: Split edge 2→1, new hidden node 6 (pool=4)
2026-08-15 02:11:09,148 [DEBUG] cnn_neat: Split edge 4→5, new hidden node 6 (pool=12)
2026-08-15 02:11:09,151 [DEBUG] cnn_neat: Added edge 0→1 (from 3 candidates)
2026-08-15 02:11:09,156 [DEBUG] cnn_neat: Removed hidden node 2 (pool=4)
2026-08-15 02:11:09,159 [DEBUG] cnn_neat: Removed edge 2→4 (from 12 candidates)
2026-08-15 02:11:09,164 [DEBUG] cnn_neat: Removed 3 edges (requested 3)
2026-08-15 02:11:09,167 [DEBUG] cnn_neat: Crossover rejected: union topology invalid (edges=17 nodes=10)
2026-08-15 02:11:09,169 [DEBUG] cnn_neat: Split edge 0→5, new hidden node 6 (pool=12)
2026-08-15 02:11:09,172 [DEBUG] cnn_neat: Added edge 3→5 (from 3 candidates)
2026-08-15 02:11:09,176 [DEBUG] cnn_neat: Added edge 0→1 (from 2 candidates)
2026-08-15 02:11:09,179 [DEBUG] cnn_neat: Added edge 2→5 (from 1 candidates)
2026-08-15 02:11:09,185 [DEBUG] cnn_neat: Split edge 0→4, new hidden node 5 (pool=2)
2026-08-15 02:11:09,187 [DEBUG] cnn_neat: Added edge 0→2 (from 6 candidates)
2026-08-15 02:11:09,189 [DEBUG] cnn_neat: Removed hidden node 3 (pool=3)
2026-08-15 02:11:09,190 [DEBUG] cnn_neat: Removed edge 0→4 (from 5 candidates)
2026-08-15 02:11:09,193 [DEBUG] cnn_neat: Removed 3 edges (requested 3)
2026-08-15 02:11:09,195 [DEBUG] cnn_neat: Crossover rejected: union topology invalid (edges=13 nodes=11)
2026-08-15 02:11:09,197 [DEBUG] cnn_neat: Split edge 0→4, new hidden node 5 (pool=2)
2026-08-15 02:11:09,198 [DEBUG] cnn_neat: Added edge 5→2 (from 12 candidates)
2026-08-15 02:11:09,201 [DEBUG] cnn_neat: Added edge 2→4 (from 6 candidates)
2026-08-15 02:11:09,203 [DEBUG] cnn_neat: Added edge 3→4 (from 3 candidates)
2026-08-15 02:11:09,205 [DEBUG] cnn_neat: Added edge 3→1 (from 2 candidates)
2026-08-15 02:11:09,207 [DEBUG] cnn_neat: Added edge 0→2 (from 1 candidates)
2026-08-15 02:11:09,209 [DEBUG] cnn_neat: Added edge 0→1 (from 1 candidates)
2026-08-15 02:11:09,210 [DEBUG] cnn_neat: Split edge 2→1, new hidden node 8 (pool=5)
2026-08-15 02:11:09,212 [DEBUG] cnn_neat: Added edge 0→6 (from 19 candidates)
2026-08-15 02:11:09,215 [DEBUG] cnn_neat: Removed hidden node 7 (pool=2)
2026-08-15 02:11:09,216 [DEBUG] cnn_neat: Split edge 2→1, new hidden node 7 (pool=4)
2026-08-15 02:11:09,218 [DEBUG] cnn_neat: Added edge 2→1 (from 6 candidates)
2026-08-15 02:11:09,222 [DEBUG] cnn_neat: Removed hidden node 7 (pool=1)
2026-08-15 02:11:09,225 [DEBUG] cnn_neat: Split edge 6→2, new hidden node 7 (pool=4)
2026-08-15 02:11:09,227 [DEBUG] cnn_neat: Split edge 4→6, new hidden node 8 (pool=5)
2026-08-15 02:11:09,229 [DEBUG] cnn_neat: Removed edge 7→3 (from 1 candidates)
2026-08-15 02:11:09,230 [DEBUG] cnn_neat: Split edge 6→2, new hidden node 7 (pool=4)
2026-08-15 02:11:09,232 [DEBUG] cnn_neat: Added edge 7→1 (from 6 candidates)
2026-08-15 02:11:09,234 [DEBUG] cnn_neat: Removed 1 edges (requested 3)
2026-08-15 02:11:09,235 [DEBUG] cnn_neat: Split edge 4→6, new hidden node 7 (pool=4)
2026-08-15 02:11:09,237 [DEBUG] cnn_neat: Added edge 0→6 (from 6 candidates)
2026-08-15 02:11:09,239 [DEBUG] cnn_neat: Crossover rejected: copied edge has no live Conv2d
2026-08-15 02:11:09,240 [DEBUG] cnn_neat: Split edge 6→2, new hidden node 8 (pool=5)
2026-08-15 02:11:09,243 [DEBUG] cnn_neat: Added edge 4→3 (from 19 candidates)
2026-08-15 02:11:09,244 [DEBUG] cnn_neat: Added edge 0→2 (from 18 candidates)
2026-08-15 02:11:09,246 [DEBUG] cnn_neat: Added edge 7→6 (from 17 candidates)
2026-08-15 02:11:09,248 [DEBUG] cnn_neat: Added edge 7→1 (from 15 candidates)
2026-08-15 02:11:09,250 [DEBUG] cnn_neat: Added edge 3→6 (from 14 candidates)
2026-08-15 02:11:09,251 [DEBUG] cnn_neat: Split edge 5→3, new hidden node 7 (pool=6)
2026-08-15 02:11:09,253 [DEBUG] cnn_neat: Added edge 6→5 (from 16 candidates)
2026-08-15 02:11:09,256 [DEBUG] cnn_neat: Removed hidden node 3 (pool=2)
2026-08-15 02:11:09,257 [DEBUG] cnn_neat: Split edge 6→2, new hidden node 7 (pool=5)
2026-08-15 02:11:09,259 [DEBUG] cnn_neat: Removed edge 5→3 (from 2 candidates)
2026-08-15 02:11:09,261 [DEBUG] cnn_neat: Split edge 6→2, new hidden node 7 (pool=5)
2026-08-15 02:11:09,263 [DEBUG] cnn_neat: Added edge 4→2 (from 13 candidates)
2026-08-15 02:11:09,265 [DEBUG] cnn_neat: Removed 2 edges (requested 3)
2026-08-15 02:11:09,267 [DEBUG] cnn_neat: Split edge 4→6, new hidden node 7 (pool=4)
2026-08-15 02:11:09,269 [DEBUG] cnn_neat: Added edge 4→6 (from 6 candidates)
2026-08-15 02:11:09,271 [DEBUG] cnn_neat: Removed hidden node 7 (pool=1)
2026-08-15 02:11:09,274 [DEBUG] cnn_neat: Split edge 6→2, new hidden node 7 (pool=4)
2026-08-15 02:11:09,275 [DEBUG] cnn_neat: Split edge 7→2, new hidden node 8 (pool=5)
2026-08-15 02:11:09,277 [DEBUG] cnn_neat: Crossover rejected: union topology invalid (edges=12 nodes=9)
2026-08-15 02:11:09,279 [DEBUG] cnn_neat: Split edge 5→3, new hidden node 7 (pool=6)
2026-08-15 02:11:09,281 [DEBUG] cnn_neat: Added edge 4→3 (from 20 candidates)
2026-08-15 02:11:09,282 [DEBUG] cnn_neat: Added edge 6→3 (from 16 candidates)
2026-08-15 02:11:09,285 [DEBUG] cnn_neat: Added edge 0→3 (from 14 candidates)
2026-08-15 02:11:09,286 [DEBUG] cnn_neat: Added edge 0→2 (from 13 candidates)
2026-08-15 02:11:09,289 [DEBUG] cnn_neat: Added edge 3→2 (from 14 candidates)
2026-08-15 02:11:09,291 [DEBUG] cnn_neat: Added edge 0→5 (from 11 candidates)
2026-08-15 02:11:09,293 [DEBUG] cnn_neat: Split edge 0→7, new hidden node 8 (pool=5)
2026-08-15 02:11:09,295 [DEBUG] cnn_neat: Added edge 2→7 (from 15 candidates)
2026-08-15 02:11:09,297 [DEBUG] cnn_neat: Removed hidden node 7 (pool=2)
2026-08-15 02:11:09,299 [DEBUG] cnn_neat: Split edge 4→6, new hidden node 7 (pool=4)
2026-08-15 02:11:09,301 [DEBUG] cnn_neat: Removed edge 2→5 (from 2 candidates)
2026-08-15 02:11:09,303 [DEBUG] cnn_neat: Removed 2 edges (requested 3)
2026-08-15 02:11:09,305 [DEBUG] cnn_neat: Split edge 0→4, new hidden node 7 (pool=4)
2026-08-15 02:11:09,307 [DEBUG] cnn_neat: Added edge 0→4 (from 6 candidates)
2026-08-15 02:11:09,309 [DEBUG] cnn_neat: Crossover rejected: copied edge has no live Conv2d
2026-08-15 02:11:09,310 [DEBUG] cnn_neat: Split edge 6→2, new hidden node 8 (pool=5)
2026-08-15 02:11:09,312 [DEBUG] cnn_neat: Added edge 0→5 (from 15 candidates)
2026-08-15 02:11:09,313 [DEBUG] cnn_neat: Added edge 6→7 (from 14 candidates)
2026-08-15 02:11:09,315 [DEBUG] cnn_neat: Added edge 4→2 (from 11 candidates)
2026-08-15 02:11:09,317 [DEBUG] cnn_neat: Added edge 0→6 (from 13 candidates)
2026-08-15 02:11:09,319 [DEBUG] cnn_neat: Added edge 6→1 (from 11 candidates)
2026-08-15 02:11:09,321 [DEBUG] cnn_neat: Split edge 0→4, new hidden node 7 (pool=6)
2026-08-15 02:11:09,323 [DEBUG] cnn_neat: Added edge 6→5 (from 7 candidates)
2026-08-15 02:11:09,326 [DEBUG] cnn_neat: Removed hidden node 5 (pool=1)
2026-08-15 02:11:09,328 [DEBUG] cnn_neat: Split edge 0→4, new hidden node 7 (pool=4)
2026-08-15 02:11:09,330 [DEBUG] cnn_neat: Added edge 0→4 (from 6 candidates)
2026-08-15 02:11:09,333 [DEBUG] cnn_neat: Removed hidden node 7 (pool=1)
2026-08-15 02:11:09,336 [DEBUG] cnn_neat: Split edge 6→2, new hidden node 7 (pool=4)
2026-08-15 02:11:09,338 [DEBUG] cnn_neat: Split edge 7→2, new hidden node 8 (pool=5)
2026-08-15 02:11:09,339 [DEBUG] cnn_neat: Added edge 0→6 (from 6 candidates)
2026-08-15 02:11:09,341 [DEBUG] cnn_neat: Removed edge 4→5 (from 2 candidates)
2026-08-15 02:11:09,343 [DEBUG] cnn_neat: Split edge 4→6, new hidden node 7 (pool=4)
2026-08-15 02:11:09,344 [DEBUG] cnn_neat: Added edge 0→5 (from 10 candidates)
2026-08-15 02:11:09,347 [DEBUG] cnn_neat: Removed 2 edges (requested 3)
2026-08-15 02:11:09,349 [DEBUG] cnn_neat: Split edge 2→1, new hidden node 7 (pool=4)
2026-08-15 02:11:09,351 [DEBUG] cnn_neat: Added edge 0→6 (from 6 candidates)
2026-08-15 02:11:09,354 [DEBUG] cnn_neat: Removed hidden node 4 (pool=1)
2026-08-15 02:11:09,356 [DEBUG] cnn_neat: Crossover rejected: copied edge has no live Conv2d
2026-08-15 02:11:09,357 [DEBUG] cnn_neat: Split edge 0→4, new hidden node 7 (pool=6)
2026-08-15 02:11:09,359 [DEBUG] cnn_neat: Added edge 0→4 (from 10 candidates)
2026-08-15 02:11:09,360 [DEBUG] cnn_neat: Added edge 5→1 (from 7 candidates)
2026-08-15 02:11:09,363 [DEBUG] cnn_neat: Added edge 6→1 (from 5 candidates)
2026-08-15 02:11:09,365 [DEBUG] cnn_neat: Added edge 0→2 (from 4 candidates)
2026-08-15 02:11:09,368 [DEBUG] cnn_neat: Added edge 4→1 (from 5 candidates)
2026-08-15 02:11:09,370 [DEBUG] cnn_neat: Added edge 0→5 (from 4 candidates)
2026-08-15 02:11:09,372 [DEBUG] cnn_neat: Split edge 4→6, new hidden node 7 (pool=6)
2026-08-15 02:11:09,374 [DEBUG] cnn_neat: Added edge 6→5 (from 18 candidates)
2026-08-15 02:11:09,376 [DEBUG] cnn_neat: Removed hidden node 3 (pool=2)
2026-08-15 02:11:09,377 [DEBUG] cnn_neat: Split edge 4→5, new hidden node 7 (pool=5)
2026-08-15 02:11:09,379 [DEBUG] cnn_neat: Removed edge 0→3 (from 2 candidates)
2026-08-15 02:11:09,381 [DEBUG] cnn_neat: Split edge 0→4, new hidden node 7 (pool=5)
2026-08-15 02:11:09,382 [DEBUG] cnn_neat: Added edge 0→4 (from 13 candidates)
2026-08-15 02:11:09,385 [DEBUG] cnn_neat: Removed 2 edges (requested 3)
2026-08-15 02:11:09,386 [DEBUG] cnn_neat: Split edge 6→2, new hidden node 7 (pool=4)
2026-08-15 02:11:09,389 [DEBUG] cnn_neat: Added edge 6→2 (from 6 candidates)
2026-08-15 02:11:09,391 [DEBUG] cnn_neat: Crossover rejected: union topology invalid (edges=14 nodes=10)
2026-08-15 02:11:09,393 [DEBUG] cnn_neat: Split edge 0→4, new hidden node 7 (pool=6)
2026-08-15 02:11:09,395 [DEBUG] cnn_neat: Added edge 3→2 (from 18 candidates)
2026-08-15 02:11:09,397 [DEBUG] cnn_neat: Added edge 0→2 (from 18 candidates)
2026-08-15 02:11:09,399 [DEBUG] cnn_neat: Added edge 6→3 (from 17 candidates)
2026-08-15 02:11:09,402 [DEBUG] cnn_neat: Added edge 0→6 (from 14 candidates)
2026-08-15 02:11:09,404 [DEBUG] cnn_neat: Added edge 6→5 (from 12 candidates)
2026-08-15 02:11:09,406 [DEBUG] cnn_neat: Split edge 6→2, new hidden node 7 (pool=6)
2026-08-15 02:11:09,407 [DEBUG] cnn_neat: Added edge 2→3 (from 18 candidates)
2026-08-15 02:11:09,411 [DEBUG] cnn_neat: Removed hidden node 3 (pool=2)
2026-08-15 02:11:09,413 [DEBUG] cnn_neat: Split edge 6→2, new hidden node 7 (pool=4)
2026-08-15 02:11:09,415 [DEBUG] cnn_neat: Added edge 0→7 (from 6 candidates)
2026-08-15 02:11:09,416 [DEBUG] cnn_neat: Removed edge 0→3 (from 2 candidates)
2026-08-15 02:11:09,419 [DEBUG] cnn_neat: Removed 2 edges (requested 3)
2026-08-15 02:11:09,420 [DEBUG] cnn_neat: Split edge 4→6, new hidden node 7 (pool=4)
2026-08-15 02:11:09,422 [DEBUG] cnn_neat: Added edge 6→1 (from 6 candidates)
2026-08-15 02:11:09,424 [DEBUG] cnn_neat: Crossover rejected: union topology invalid (edges=13 nodes=12)
2026-08-15 02:11:09,426 [DEBUG] cnn_neat: Split edge 4→6, new hidden node 7 (pool=6)
2026-08-15 02:11:09,428 [DEBUG] cnn_neat: Added edge 4→2 (from 18 candidates)
2026-08-15 02:11:09,429 [DEBUG] cnn_neat: Added edge 3→2 (from 19 candidates)
2026-08-15 02:11:09,433 [DEBUG] cnn_neat: Added edge 0→5 (from 16 candidates)
2026-08-15 02:11:09,435 [DEBUG] cnn_neat: Added edge 0→2 (from 15 candidates)
2026-08-15 02:11:09,438 [DEBUG] cnn_neat: Added edge 4→3 (from 13 candidates)
2026-08-15 02:11:09,440 [DEBUG] cnn_neat: Split edge 4→6, new hidden node 8 (pool=6)
2026-08-15 02:11:09,442 [DEBUG] cnn_neat: Added edge 3→6 (from 24 candidates)
2026-08-15 02:11:09,445 [DEBUG] cnn_neat: Removed hidden node 5 (pool=3)
2026-08-15 02:11:09,446 [DEBUG] cnn_neat: Removed edge 7→3 (from 3 candidates)
2026-08-15 02:11:09,448 [DEBUG] cnn_neat: Split edge 4→6, new hidden node 8 (pool=5)
2026-08-15 02:11:09,450 [DEBUG] cnn_neat: Removed 3 edges (requested 3)
2026-08-15 02:11:09,453 [DEBUG] cnn_neat: Split edge 4→6, new hidden node 7 (pool=4)
2026-08-15 02:11:09,455 [DEBUG] cnn_neat: Added edge 7→2 (from 6 candidates)
2026-08-15 02:11:09,457 [DEBUG] cnn_neat: Removed hidden node 6 (pool=1)
2026-08-15 02:11:09,459 [DEBUG] cnn_neat: Crossover rejected: union topology invalid (edges=13 nodes=13)
2026-08-15 02:11:09,461 [DEBUG] cnn_neat: Split edge 0→7, new hidden node 8 (pool=6)
2026-08-15 02:11:09,463 [DEBUG] cnn_neat: Added edge 0→2 (from 24 candidates)
2026-08-15 02:11:09,465 [DEBUG] cnn_neat: Added edge 4→5 (from 27 candidates)
2026-08-15 02:11:09,467 [DEBUG] cnn_neat: Added edge 0→5 (from 26 candidates)
2026-08-15 02:11:09,469 [DEBUG] cnn_neat: Added edge 6→5 (from 23 candidates)
2026-08-15 02:11:09,470 [DEBUG] cnn_neat: Added edge 6→7 (from 22 candidates)
2026-08-15 02:11:09,473 [DEBUG] cnn_neat: Split edge 0→4, new hidden node 7 (pool=6)
2026-08-15 02:11:09,475 [DEBUG] cnn_neat: Added edge 0→2 (from 11 candidates)
2026-08-15 02:11:09,477 [DEBUG] cnn_neat: Removed hidden node 3 (pool=2)
2026-08-15 02:11:09,479 [DEBUG] cnn_neat: Split edge 4→6, new hidden node 7 (pool=4)
2026-08-15 02:11:09,480 [DEBUG] cnn_neat: Added edge 0→6 (from 10 candidates)
2026-08-15 02:11:09,482 [DEBUG] cnn_neat: Removed edge 2→5 (from 3 candidates)
2026-08-15 02:11:09,484 [DEBUG] cnn_neat: Removed 3 edges (requested 3)
2026-08-15 02:11:09,486 [DEBUG] cnn_neat: Split edge 6→2, new hidden node 7 (pool=4)
2026-08-15 02:11:09,488 [DEBUG] cnn_neat: Added edge 7→1 (from 6 candidates)
2026-08-15 02:11:09,491 [DEBUG] cnn_neat: Removed hidden node 2 (pool=1)
2026-08-15 02:11:09,492 [DEBUG] cnn_neat: Crossover rejected: copied edge has no live Conv2d
2026-08-15 02:11:09,495 [DEBUG] cnn_neat: Split edge 2→3, new hidden node 7 (pool=6)
2026-08-15 02:11:09,496 [DEBUG] cnn_neat: Added edge 4→3 (from 11 candidates)
2026-08-15 02:11:09,498 [DEBUG] cnn_neat: Added edge 4→2 (from 10 candidates)
2026-08-15 02:11:09,500 [DEBUG] cnn_neat: Added edge 5→3 (from 10 candidates)
2026-08-15 02:11:09,501 [DEBUG] cnn_neat: Added edge 4→5 (from 8 candidates)
2026-08-15 02:11:09,503 [DEBUG] cnn_neat: Added edge 0→5 (from 9 candidates)
2026-08-15 02:11:09,505 [DEBUG] cnn_neat: Split edge 0→4, new hidden node 7 (pool=7)
2026-08-15 02:11:09,507 [DEBUG] cnn_neat: Added edge 5→1 (from 11 candidates)
2026-08-15 02:11:09,510 [DEBUG] cnn_neat: Removed hidden node 3 (pool=2)
2026-08-15 02:11:09,512 [DEBUG] cnn_neat: Split edge 6→2, new hidden node 7 (pool=6)
2026-08-15 02:11:09,513 [DEBUG] cnn_neat: Removed edge 5→3 (from 2 candidates)
2026-08-15 02:11:09,516 [DEBUG] cnn_neat: Split edge 4→6, new hidden node 7 (pool=6)
2026-08-15 02:11:09,519 [DEBUG] cnn_neat: Removed 3 edges (requested 3)
2026-08-15 02:11:09,521 [DEBUG] cnn_neat: Split edge 2→1, new hidden node 7 (pool=4)
2026-08-15 02:11:09,522 [DEBUG] cnn_neat: Added edge 0→2 (from 6 candidates)
2026-08-15 02:11:09,524 [DEBUG] cnn_neat: Crossover rejected: copied edge has no live Conv2d
2026-08-15 02:11:09,526 [DEBUG] cnn_neat: Split edge 4→6, new hidden node 7 (pool=7)
2026-08-15 02:11:09,527 [DEBUG] cnn_neat: Added edge 4→2 (from 11 candidates)
2026-08-15 02:11:09,529 [DEBUG] cnn_neat: Added edge 0→5 (from 10 candidates)
2026-08-15 02:11:09,531 [DEBUG] cnn_neat: Added edge 5→1 (from 11 candidates)
2026-08-15 02:11:09,533 [DEBUG] cnn_neat: Added edge 4→3 (from 10 candidates)
2026-08-15 02:11:09,537 [DEBUG] cnn_neat: Added edge 3→1 (from 9 candidates)
2026-08-15 02:11:09,539 [DEBUG] cnn_neat: Split edge 6→2, new hidden node 8 (pool=8)
2026-08-15 02:11:09,541 [DEBUG] cnn_neat: Added edge 3→2 (from 22 candidates)
2026-08-15 02:11:09,544 [DEBUG] cnn_neat: Removed hidden node 5 (pool=3)
2026-08-15 02:11:09,545 [DEBUG] cnn_neat: Removed edge 4→7 (from 4 candidates)
2026-08-15 02:11:09,548 [DEBUG] cnn_neat: Removed 3 edges (requested 3)
2026-08-15 02:11:09,550 [DEBUG] cnn_neat: Split edge 2→1, new hidden node 7 (pool=5)
2026-08-15 02:11:09,552 [DEBUG] cnn_neat: Crossover rejected: union topology invalid (edges=20 nodes=12)
2026-08-15 02:11:09,554 [DEBUG] cnn_neat: Split edge 7→5, new hidden node 8 (pool=8)
2026-08-15 02:11:09,555 [DEBUG] cnn_neat: Added edge 4→5 (from 22 candidates)
2026-08-15 02:11:09,558 [DEBUG] cnn_neat: Added edge 7→3 (from 22 candidates)
2026-08-15 02:11:09,560 [DEBUG] cnn_neat: Added edge 4→3 (from 21 candidates)
2026-08-15 02:11:09,561 [DEBUG] cnn_neat: Added edge 6→7 (from 20 candidates)
2026-08-15 02:11:09,563 [DEBUG] cnn_neat: Added edge 7→1 (from 16 candidates)
2026-08-15 02:11:09,565 [DEBUG] cnn_neat: Split edge 5→3, new hidden node 7 (pool=8)
2026-08-15 02:11:09,566 [DEBUG] cnn_neat: Added edge 3→1 (from 10 candidates)
2026-08-15 02:11:09,569 [DEBUG] cnn_neat: Removed hidden node 5 (pool=2)
2026-08-15 02:11:09,571 [DEBUG] cnn_neat: Removed edge 5→3 (from 4 candidates)
2026-08-15 02:11:09,574 [DEBUG] cnn_neat: Removed 3 edges (requested 3)
2026-08-15 02:11:09,575 [DEBUG] cnn_neat: Split edge 6→2, new hidden node 7 (pool=4)
2026-08-15 02:11:09,578 [DEBUG] cnn_neat: Added edge 4→5 (from 10 candidates)
2026-08-15 02:11:09,581 [DEBUG] cnn_neat: Removed hidden node 5 (pool=1)
2026-08-15 02:11:09,584 [DEBUG] cnn_neat: Split edge 6→7, new hidden node 8 (pool=5)
2026-08-15 02:11:09,586 [DEBUG] cnn_neat: Crossover rejected: copied edge has no live Conv2d
2026-08-15 02:11:09,587 [DEBUG] cnn_neat: Split edge 4→5, new hidden node 7 (pool=8)
2026-08-15 02:11:09,589 [DEBUG] cnn_neat: Added edge 4→2 (from 10 candidates)
2026-08-15 02:11:09,591 [DEBUG] cnn_neat: Added edge 0→6 (from 9 candidates)
2026-08-15 02:11:09,592 [DEBUG] cnn_neat: Added edge 6→1 (from 10 candidates)
2026-08-15 02:11:09,594 [DEBUG] cnn_neat: Added edge 6→5 (from 9 candidates)
2026-08-15 02:11:09,597 [DEBUG] cnn_neat: Added edge 0→2 (from 8 candidates)
2026-08-15 02:11:09,599 [DEBUG] cnn_neat: Split edge 0→3, new hidden node 7 (pool=5)
2026-08-15 02:11:09,601 [DEBUG] cnn_neat: Split edge 0→7, new hidden node 8 (pool=6)
2026-08-15 02:11:09,602 [DEBUG] cnn_neat: Added edge 4→2 (from 10 candidates)
2026-08-15 02:11:09,604 [DEBUG] cnn_neat: Split edge 4→2, new hidden node 7 (pool=6)
2026-08-15 02:11:09,606 [DEBUG] cnn_neat: Added edge 7→6 (from 15 candidates)
2026-08-15 02:11:09,609 [DEBUG] cnn_neat: Removed hidden node 5 (pool=2)
2026-08-15 02:11:09,611 [DEBUG] cnn_neat: Split edge 6→2, new hidden node 7 (pool=5)
2026-08-15 02:11:09,613 [DEBUG] cnn_neat: Added edge 0→7 (from 14 candidates)
2026-08-15 02:11:09,614 [DEBUG] cnn_neat: Removed edge 2→5 (from 2 candidates)
2026-08-15 02:11:09,616 [DEBUG] cnn_neat: Split edge 0→3, new hidden node 7 (pool=6)
2026-08-15 02:11:09,618 [DEBUG] cnn_neat: Removed 3 edges (requested 3)
2026-08-15 02:11:09,621 [DEBUG] cnn_neat: Split edge 2→1, new hidden node 7 (pool=4)
2026-08-15 02:11:09,622 [DEBUG] cnn_neat: Added edge 4→7 (from 6 candidates)
2026-08-15 02:11:09,625 [DEBUG] cnn_neat: Crossover rejected: union topology invalid (edges=15 nodes=10)
2026-08-15 02:11:09,626 [DEBUG] cnn_neat: Split edge 6→2, new hidden node 7 (pool=5)
2026-08-15 02:11:09,628 [DEBUG] cnn_neat: Added edge 4→3 (from 14 candidates)
2026-08-15 02:11:09,631 [DEBUG] cnn_neat: Added edge 4→3 (from 10 candidates)
2026-08-15 02:11:09,632 [DEBUG] cnn_neat: Added edge 6→3 (from 9 candidates)
2026-08-15 02:11:09,634 [DEBUG] cnn_neat: Added edge 0→5 (from 8 candidates)
2026-08-15 02:11:09,635 [DEBUG] cnn_neat: Added edge 4→2 (from 7 candidates)
2026-08-15 02:11:09,637 [DEBUG] cnn_neat: Added edge 5→1 (from 9 candidates)
2026-08-15 02:11:09,639 [DEBUG] cnn_neat: Split edge 6→2, new hidden node 7 (pool=8)
2026-08-15 02:11:09,640 [DEBUG] cnn_neat: Split edge 2→5, new hidden node 8 (pool=9)
2026-08-15 02:11:09,642 [DEBUG] cnn_neat: Added edge 5→1 (from 10 candidates)
2026-08-15 02:11:09,644 [DEBUG] cnn_neat: Split edge 5→1, new hidden node 7 (pool=5)
2026-08-15 02:11:09,647 [DEBUG] cnn_neat: Added edge 6→7 (from 14 candidates)
2026-08-15 02:11:09,650 [DEBUG] cnn_neat: Removed hidden node 5 (pool=2)
2026-08-15 02:11:09,652 [DEBUG] cnn_neat: Split edge 2→1, new hidden node 7 (pool=5)
2026-08-15 02:11:09,654 [DEBUG] cnn_neat: Added edge 7→3 (from 14 candidates)
2026-08-15 02:11:09,655 [DEBUG] cnn_neat: Removed edge 5→3 (from 4 candidates)
2026-08-15 02:11:09,657 [DEBUG] cnn_neat: Split edge 6→2, new hidden node 7 (pool=7)
2026-08-15 02:11:09,660 [DEBUG] cnn_neat: Removed 3 edges (requested 3)
2026-08-15 02:11:09,661 [DEBUG] cnn_neat: Split edge 4→6, new hidden node 7 (pool=5)
2026-08-15 02:11:09,663 [DEBUG] cnn_neat: Added edge 6→3 (from 14 candidates)
2026-08-15 02:11:09,665 [DEBUG] cnn_neat: Crossover rejected: union topology invalid (edges=20 nodes=11)
2026-08-15 02:11:09,667 [DEBUG] cnn_neat: Split edge 5→3, new hidden node 7 (pool=8)
2026-08-15 02:11:09,706 [DEBUG] cnn_neat: Split edge 0→4, new hidden node 6 (pool=2)
2026-08-15 02:11:09,745 [DEBUG] cnn_neat: Added edge 5→2 (from 4 candidates)
2026-08-15 02:11:09,748 [DEBUG] cnn_neat: Removed hidden node 5 (pool=2)
2026-08-15 02:11:09,750 [DEBUG] cnn_neat: Removed edge 4→1 (from 5 candidates)
2026-08-15 02:11:09,752 [DEBUG] cnn_neat: Removed 3 edges (requested 3)
2026-08-15 02:11:09,755 [DEBUG] cnn_neat: Split edge 3→1, new hidden node 4 (pool=2)
2026-08-15 02:11:09,757 [DEBUG] cnn_neat: Added edge 0→2 (from 1 candidates)
2026-08-15 02:11:09,759 [DEBUG] cnn_neat: Removed hidden node 2 (pool=1)
2026-08-15 02:11:09,760 [DEBUG] cnn_neat: Removed edge 3→2 (from 3 candidates)
2026-08-15 02:11:09,762 [DEBUG] cnn_neat: Removed 2 edges (requested 3)
2026-08-15 02:11:09,765 [DEBUG] cnn_neat: Split edge 4→2, new hidden node 5 (pool=3)
2026-08-15 02:11:09,766 [DEBUG] cnn_neat: Added edge 4→1 (from 2 candidates)
2026-08-15 02:11:09,771 [DEBUG] cnn_neat: Split edge 4→2, new hidden node 5 (pool=3)
2026-08-15 02:11:09,773 [DEBUG] cnn_neat: Added edge 0→2 (from 4 candidates)
2026-08-15 02:11:09,775 [DEBUG] cnn_neat: Removed hidden node 3 (pool=1)
2026-08-15 02:11:09,776 [DEBUG] cnn_neat: Removed edge 2→3 (from 1 candidates)
2026-08-15 02:11:09,777 [DEBUG] cnn_neat: Removed 1 edges (requested 3)
2026-08-15 02:11:09,779 [DEBUG] cnn_neat: Split edge 3→1, new hidden node 4 (pool=2)
2026-08-15 02:11:09,780 [DEBUG] cnn_neat: Added edge 0→1 (from 1 candidates)
2026-08-15 02:11:09,784 [DEBUG] cnn_neat: Split edge 2→1, new hidden node 7 (pool=5)
2026-08-15 02:11:09,786 [DEBUG] cnn_neat: Added edge 4→3 (from 10 candidates)
2026-08-15 02:11:09,789 [DEBUG] cnn_neat: Removed hidden node 3 (pool=2)
2026-08-15 02:11:09,790 [DEBUG] cnn_neat: Removed edge 2→5 (from 2 candidates)
2026-08-15 02:11:09,793 [DEBUG] cnn_neat: Removed 3 edges (requested 3)
2026-08-15 02:11:09,795 [DEBUG] cnn_neat: Split edge 0→3, new hidden node 8 (pool=8)
2026-08-15 02:11:09,796 [DEBUG] cnn_neat: Split edge 4→6, new hidden node 7 (pool=6)
2026-08-15 02:11:09,798 [DEBUG] cnn_neat: Added edge 7→5 (from 15 candidates)
2026-08-15 02:11:09,800 [DEBUG] cnn_neat: Added edge 0→6 (from 9 candidates)
2026-08-15 02:11:09,803 [DEBUG] cnn_neat: Split edge 2→1, new hidden node 7 (pool=8)
2026-08-15 02:11:09,805 [DEBUG] cnn_neat: Added edge 4→2 (from 10 candidates)
2026-08-15 02:11:09,807 [DEBUG] cnn_neat: Removed hidden node 5 (pool=2)
2026-08-15 02:11:09,809 [DEBUG] cnn_neat: Removed edge 0→3 (from 4 candidates)
2026-08-15 02:11:09,811 [DEBUG] cnn_neat: Removed 3 edges (requested 3)
2026-08-15 02:11:09,813 [DEBUG] cnn_neat: Split edge 4→2, new hidden node 7 (pool=9)
2026-08-15 02:11:09,815 [DEBUG] cnn_neat: Added edge 5→1 (from 11 candidates)
2026-08-15 02:11:09,817 [DEBUG] cnn_neat: Split edge 0→3, new hidden node 8 (pool=10)
2026-08-15 02:11:09,820 [DEBUG] cnn_neat: Removed hidden node 5 (pool=3)
2026-08-15 02:11:09,822 [DEBUG] cnn_neat: Added edge 6→3 (from 16 candidates)
2026-08-15 02:11:09,824 [DEBUG] cnn_neat: Split edge 4→6, new hidden node 7 (pool=10)
2026-08-15 02:11:09,828 [DEBUG] cnn_neat: Split edge 0→1, new hidden node 4 (pool=1)
2026-08-15 02:11:09,831 [DEBUG] cnn_neat: Removed hidden node 2 (pool=2)
2026-08-15 02:11:09,833 [DEBUG] cnn_neat: Removed edge 3→1 (from 5 candidates)
2026-08-15 02:11:09,836 [DEBUG] cnn_neat: Removed 3 edges (requested 3)
2026-08-15 02:11:09,839 [DEBUG] cnn_neat: Split edge 0→1, new hidden node 5 (pool=1)
2026-08-15 02:11:09,841 [DEBUG] cnn_neat: Added edge 3→4 (from 4 candidates)
2026-08-15 02:11:09,845 [DEBUG] cnn_neat: Removed hidden node 3 (pool=3)
2026-08-15 02:11:09,847 [DEBUG] cnn_neat: Removed edge 4→1 (from 7 candidates)
2026-08-15 02:11:09,851 [DEBUG] cnn_neat: Removed 3 edges (requested 3)
2026-08-15 02:11:09,854 [DEBUG] cnn_neat: Split edge 0→3, new hidden node 6 (pool=3)
2026-08-15 02:11:09,855 [DEBUG] cnn_neat: Added edge 2→4 (from 9 candidates)
2026-08-15 02:11:09,858 [DEBUG] cnn_neat: Removed hidden node 5 (pool=2)
2026-08-15 02:11:09,859 [DEBUG] cnn_neat: Removed edge 3→5 (from 2 candidates)
2026-08-15 02:11:09,861 [DEBUG] cnn_neat: Removed 2 edges (requested 3)
2026-08-15 02:11:09,863 [DEBUG] cnn_neat: Split edge 3→2, new hidden node 7 (pool=4)
2026-08-15 02:11:09,864 [DEBUG] cnn_neat: Split edge 2→4, new hidden node 6 (pool=6)
2026-08-15 02:11:09,865 [DEBUG] cnn_neat: Split edge 3→2, new hidden node 6 (pool=4)
2026-08-15 02:11:09,868 [DEBUG] cnn_neat: Split edge 3→2, new hidden node 7 (pool=3)
2026-08-15 02:11:09,870 [DEBUG] cnn_neat: Added edge 4→3 (from 15 candidates)
2026-08-15 02:11:09,872 [DEBUG] cnn_neat: Removed hidden node 4 (pool=3)
2026-08-15 02:11:09,873 [DEBUG] cnn_neat: Removed edge 6→2 (from 3 candidates)
2026-08-15 02:11:09,876 [DEBUG] cnn_neat: Removed 3 edges (requested 3)
2026-08-15 02:11:09,877 [DEBUG] cnn_neat: Split edge 7→2, new hidden node 8 (pool=4)
2026-08-15 02:11:09,879 [DEBUG] cnn_neat: Split edge 2→1, new hidden node 7 (pool=3)
2026-08-15 02:11:09,880 [DEBUG] cnn_neat: Split edge 3→2, new hidden node 7 (pool=3)
2026-08-15 02:11:09,884 [DEBUG] cnn_neat: Split edge 6→5, new hidden node 8 (pool=8)
2026-08-15 02:11:09,887 [DEBUG] cnn_neat: Added edge 5→2 (from 15 candidates)
2026-08-15 02:11:09,890 [DEBUG] cnn_neat: Removed hidden node 5 (pool=5)
2026-08-15 02:11:09,893 [DEBUG] cnn_neat: Removed edge 2→1 (from 7 candidates)
2026-08-15 02:11:09,895 [DEBUG] cnn_neat: Removed 3 edges (requested 3)
2026-08-15 02:11:09,898 [DEBUG] cnn_neat: Split edge 4→2, new hidden node 9 (pool=5)
2026-08-15 02:11:09,929 [DEBUG] cnn_neat: Split edge 4→2, new hidden node 8 (pool=9)
2026-08-15 02:11:09,977 [DEBUG] cnn_neat: Added edge 5→12 (from 38 candidates)
2026-08-15 02:11:09,995 [DEBUG] cnn_neat: Removed hidden node 2 (pool=7)
2026-08-15 02:11:10,003 [DEBUG] cnn_neat: Removed edge 6→5 (from 10 candidates)
2026-08-15 02:11:10,020 [DEBUG] cnn_neat: Removed 3 edges (requested 3)
2026-08-15 02:11:10,033 [DEBUG] cnn_neat: Split edge 5→1, new hidden node 13 (pool=2)
2026-08-15 02:11:10,043 [DEBUG] cnn_neat: Split edge 5→1, new hidden node 13 (pool=2)
2026-08-15 02:11:10,238 [DEBUG] cnn_neat: Split edge 5→1, new hidden node 6 (pool=6)
2026-08-15 02:11:10,251 [DEBUG] cnn_neat: Added edge 5→4 (from 11 candidates)
2026-08-15 02:11:10,274 [DEBUG] cnn_neat: Removed hidden node 4 (pool=3)
2026-08-15 02:11:10,284 [DEBUG] cnn_neat: Removed edge 2→1 (from 5 candidates)
2026-08-15 02:11:10,303 [DEBUG] cnn_neat: Removed 3 edges (requested 3)
2026-08-15 02:11:10,312 [DEBUG] cnn_neat: Split edge 2→1, new hidden node 7 (pool=4)
2026-08-15 02:11:10,363 [DEBUG] cnn_neat: Split edge 4→2, new hidden node 8 (pool=9)
2026-08-15 02:11:10,369 [DEBUG] cnn_neat: Added edge 7→6 (from 16 candidates)
2026-08-15 02:11:10,385 [DEBUG] cnn_neat: Removed hidden node 5 (pool=4)
2026-08-15 02:11:10,398 [DEBUG] cnn_neat: Removed edge 2→1 (from 8 candidates)
2026-08-15 02:11:10,408 [DEBUG] cnn_neat: Removed 3 edges (requested 3)
2026-08-15 02:11:10,421 [DEBUG] cnn_neat: Split edge 4→7, new hidden node 9 (pool=7)
2026-08-15 02:11:10,427 [DEBUG] cnn_neat: Split edge 2→1, new hidden node 8 (pool=10)
2026-08-15 02:11:10,434 [DEBUG] cnn_neat: Split edge 0→3, new hidden node 5 (pool=8)
2026-08-15 02:11:10,439 [DEBUG] cnn_neat: Added edge 4→2 (from 2 candidates)
2026-08-15 02:11:10,446 [DEBUG] cnn_neat: Removed hidden node 2 (pool=3)
2026-08-15 02:11:10,449 [DEBUG] cnn_neat: Removed edge 0→4 (from 8 candidates)
2026-08-15 02:11:10,456 [DEBUG] cnn_neat: Removed 3 edges (requested 3)
2026-08-15 02:11:10,461 [DEBUG] cnn_neat: Split edge 0→5, new hidden node 6 (pool=7)
2026-08-15 02:11:10,465 [DEBUG] cnn_neat: Split edge 4→3, new hidden node 5 (pool=9)
2026-08-15 02:11:10,474 [DEBUG] cnn_neat: Split edge 0→4, new hidden node 9 (pool=3)
2026-08-15 02:11:10,480 [DEBUG] cnn_neat: Added edge 8→5 (from 22 candidates)
2026-08-15 02:11:10,488 [DEBUG] cnn_neat: Removed hidden node 6 (pool=5)
2026-08-15 02:11:10,492 [DEBUG] cnn_neat: Removed edge 7→5 (from 8 candidates)
2026-08-15 02:11:10,499 [DEBUG] cnn_neat: Removed 3 edges (requested 3)
2026-08-15 02:11:10,504 [DEBUG] cnn_neat: Split edge 9→4, new hidden node 10 (pool=4)
2026-08-15 02:11:10,511 [DEBUG] cnn_neat: Split edge 0→4, new hidden node 6 (pool=2)
2026-08-15 02:11:10,515 [DEBUG] cnn_neat: Added edge 5→2 (from 4 candidates)
2026-08-15 02:11:10,520 [DEBUG] cnn_neat: Removed hidden node 2 (pool=2)
2026-08-15 02:11:10,523 [DEBUG] cnn_neat: Removed edge 5→1 (from 5 candidates)
2026-08-15 02:11:10,529 [DEBUG] cnn_neat: Removed 3 edges (requested 3)
2026-08-15 02:11:10,534 [DEBUG] cnn_neat: Split edge 0→3, new hidden node 4 (pool=2)
2026-08-15 02:11:10,536 [DEBUG] cnn_neat: Added edge 0→2 (from 1 candidates)
2026-08-15 02:11:10,540 [DEBUG] cnn_neat: Removed hidden node 2 (pool=1)
2026-08-15 02:11:10,542 [DEBUG] cnn_neat: Removed edge 3→2 (from 3 candidates)
2026-08-15 02:11:10,545 [DEBUG] cnn_neat: Removed 2 edges (requested 3)
2026-08-15 02:11:10,549 [DEBUG] cnn_neat: Split edge 2→1, new hidden node 5 (pool=3)
2026-08-15 02:11:10,552 [DEBUG] cnn_neat: Added edge 4→1 (from 2 candidates)
2026-08-15 02:11:10,560 [DEBUG] cnn_neat: Split edge 2→1, new hidden node 5 (pool=3)
2026-08-15 02:11:10,563 [DEBUG] cnn_neat: Added edge 0→3 (from 4 candidates)
2026-08-15 02:11:10,568 [DEBUG] cnn_neat: Removed hidden node 3 (pool=1)
2026-08-15 02:11:10,571 [DEBUG] cnn_neat: Removed edge 2→3 (from 1 candidates)
2026-08-15 02:11:10,573 [DEBUG] cnn_neat: Removed 1 edges (requested 3)
2026-08-15 02:11:10,577 [DEBUG] cnn_neat: Split edge 0→3, new hidden node 4 (pool=2)
2026-08-15 02:11:10,579 [DEBUG] cnn_neat: Added edge 0→1 (from 1 candidates)
2026-08-15 02:11:10,587 [DEBUG] cnn_neat: Split edge 7→4, new hidden node 8 (pool=6)
2026-08-15 02:11:10,591 [DEBUG] cnn_neat: Added edge 6→5 (from 13 candidates)
2026-08-15 02:11:10,598 [DEBUG] cnn_neat: Removed hidden node 5 (pool=1)
2026-08-15 02:11:10,602 [DEBUG] cnn_neat: Removed edge 4→5 (from 1 candidates)
2026-08-15 02:11:10,606 [DEBUG] cnn_neat: Removed 1 edges (requested 3)
2026-08-15 02:11:10,611 [DEBUG] cnn_neat: Split edge 4→5, new hidden node 9 (pool=1)
2026-08-15 02:11:10,615 [DEBUG] cnn_neat: Split edge 4→6, new hidden node 8 (pool=7)
2026-08-15 02:11:10,620 [DEBUG] cnn_neat: Added edge 6→5 (from 16 candidates)
2026-08-15 02:11:10,623 [DEBUG] cnn_neat: Added edge 4→2 (from 11 candidates)
2026-08-15 02:11:10,648 [DEBUG] cnn_neat: Split edge 0→1, new hidden node 4 (pool=1)
2026-08-15 02:11:10,661 [DEBUG] cnn_neat: Removed hidden node 2 (pool=2)
2026-08-15 02:11:10,664 [DEBUG] cnn_neat: Removed edge 0→2 (from 5 candidates)
2026-08-15 02:11:10,672 [DEBUG] cnn_neat: Removed 3 edges (requested 3)
2026-08-15 02:11:10,673 [DEBUG] cnn_neat: Split edge 0→1, new hidden node 4 (pool=1)
2026-08-15 02:11:10,674 [DEBUG] cnn_neat: Added edge 3→2 (from 4 candidates)
2026-08-15 02:11:10,675 [DEBUG] cnn_neat: Split edge 4→1, new hidden node 5 (pool=4)
2026-08-15 02:11:10,678 [DEBUG] cnn_neat: Removed hidden node 3 (pool=2)
2026-08-15 02:11:10,680 [DEBUG] cnn_neat: Added edge 4→2 (from 9 candidates)
2026-08-15 02:11:10,680 [DEBUG] cnn_neat: Split edge 0→1, new hidden node 4 (pool=1)
2026-08-15 02:11:10,689 [DEBUG] cnn_neat: Split edge 0→1, new hidden node 5 (pool=1)
2026-08-15 02:11:10,696 [DEBUG] cnn_neat: Added edge 4→3 (from 4 candidates)
2026-08-15 02:11:10,706 [DEBUG] cnn_neat: Removed hidden node 3 (pool=3)
2026-08-15 02:11:10,712 [DEBUG] cnn_neat: Removed edge 0→4 (from 7 candidates)
2026-08-15 02:11:10,724 [DEBUG] cnn_neat: Removed 3 edges (requested 3)
2026-08-15 02:11:10,728 [DEBUG] cnn_neat: Split edge 2→1, new hidden node 5 (pool=2)
2026-08-15 02:11:10,730 [DEBUG] cnn_neat: Added edge 4→3 (from 6 candidates)
2026-08-15 02:11:10,740 [DEBUG] cnn_neat: Removed hidden node 2 (pool=3)
2026-08-15 02:11:10,744 [DEBUG] cnn_neat: Added edge 4→3 (from 9 candidates)
2026-08-15 02:11:10,748 [DEBUG] cnn_neat: Split edge 2→1, new hidden node 5 (pool=2)
2026-08-15 02:11:10,852 [DEBUG] cnn_neat: Removed edge 4→1 (from 5 candidates)
2026-08-15 02:11:10,857 [DEBUG] cnn_neat: Split edge 6→2, new hidden node 7 (pool=4)
2026-08-15 02:11:10,863 [DEBUG] cnn_neat: Added edge 0→6 (from 4 candidates)
2026-08-15 02:11:10,873 [DEBUG] cnn_neat: Split edge 6→2, new hidden node 7 (pool=5)
2026-08-15 02:11:10,880 [DEBUG] cnn_neat: Added edge 4→2 (from 4 candidates)
2026-08-15 02:11:10,886 [DEBUG] cnn_neat: Removed hidden node 4 (pool=1)
2026-08-15 02:11:10,889 [DEBUG] cnn_neat: Split edge 4→2, new hidden node 7 (pool=6)
2026-08-15 02:11:10,890 [DEBUG] cnn_neat: Removed edge 4→6 (from 3 candidates)
2026-08-15 02:11:10,892 [DEBUG] cnn_neat: Added edge 0→2 (from 3 candidates)
2026-08-15 02:11:10,899 [DEBUG] cnn_neat: Split edge 6→2, new hidden node 7 (pool=4)
2026-08-15 02:11:10,902 [DEBUG] cnn_neat: Added edge 0→5 (from 7 candidates)
2026-08-15 02:11:10,904 [DEBUG] cnn_neat: Removed hidden node 5 (pool=1)
2026-08-15 02:11:10,907 [DEBUG] cnn_neat: Removed edge 2→5 (from 1 candidates)
2026-08-15 02:11:10,914 [DEBUG] cnn_neat: Removed 1 edges (requested 3)
2026-08-15 02:11:10,920 [DEBUG] cnn_neat: Split edge 4→6, new hidden node 7 (pool=6)
2026-08-15 02:11:10,921 [DEBUG] cnn_neat: Added edge 4→5 (from 6 candidates)
2026-08-15 02:11:10,924 [DEBUG] cnn_neat: Removed hidden node 5 (pool=1)
2026-08-15 02:11:10,929 [DEBUG] cnn_neat: Split edge 0→4, new hidden node 7 (pool=7)
2026-08-15 02:11:10,934 [DEBUG] cnn_neat: Removed edge 2→5 (from 2 candidates)
2026-08-15 02:11:10,938 [DEBUG] cnn_neat: Added edge 6→5 (from 5 candidates)
2026-08-15 02:11:10,944 [DEBUG] cnn_neat: Split edge 0→7, new hidden node 8 (pool=8)
2026-08-15 02:11:10,953 [DEBUG] cnn_neat: Split edge 0→3, new hidden node 7 (pool=5)
2026-08-15 02:11:10,957 [DEBUG] cnn_neat: Added edge 2→3 (from 10 candidates)
2026-08-15 02:11:10,963 [DEBUG] cnn_neat: Removed hidden node 3 (pool=1)
2026-08-15 02:11:10,964 [DEBUG] cnn_neat: Removed edge 0→3 (from 1 candidates)
2026-08-15 02:11:10,966 [DEBUG] cnn_neat: Removed 1 edges (requested 3)
2026-08-15 02:11:10,972 [DEBUG] cnn_neat: Split edge 0→3, new hidden node 7 (pool=5)
2026-08-15 02:11:10,979 [DEBUG] cnn_neat: Added edge 3→4 (from 15 candidates)
2026-08-15 02:11:10,991 [DEBUG] cnn_neat: Removed hidden node 5 (pool=2)
2026-08-15 02:11:10,994 [DEBUG] cnn_neat: Removed edge 2→5 (from 2 candidates)
2026-08-15 02:11:10,996 [DEBUG] cnn_neat: Removed 2 edges (requested 3)
2026-08-15 02:11:11,003 [DEBUG] cnn_neat: Split edge 4→6, new hidden node 7 (pool=6)
2026-08-15 02:11:11,116 [DEBUG] cnn_neat: Added edge 3→6 (from 10 candidates)
2026-08-15 02:11:11,119 [DEBUG] cnn_neat: Split edge 0→3, new hidden node 8 (pool=3)
2026-08-15 02:11:11,129 [DEBUG] cnn_neat: Removed hidden node 5 (pool=2)
2026-08-15 02:11:11,132 [DEBUG] cnn_neat: Added edge 6→5 (from 14 candidates)
2026-08-15 02:11:11,139 [DEBUG] cnn_neat: Split edge 2→1, new hidden node 7 (pool=7)
2026-08-15 02:11:11,144 [DEBUG] cnn_neat: Added edge 5→2 (from 15 candidates)
2026-08-15 02:11:11,153 [DEBUG] cnn_neat: Removed hidden node 5 (pool=2)
2026-08-15 02:11:11,156 [DEBUG] cnn_neat: Removed edge 5→3 (from 3 candidates)
2026-08-15 02:11:11,166 [DEBUG] cnn_neat: Removed 3 edges (requested 3)
2026-08-15 02:11:11,173 [DEBUG] cnn_neat: Split edge 7→1, new hidden node 8 (pool=8)
2026-08-15 02:11:11,178 [DEBUG] cnn_neat: Split edge 0→3, new hidden node 7 (pool=8)
2026-08-15 02:11:11,180 [DEBUG] cnn_neat: Added edge 6→3 (from 20 candidates)
2026-08-15 02:11:11,182 [DEBUG] cnn_neat: Added edge 4→2 (from 13 candidates)
2026-08-15 02:11:11,185 [DEBUG] cnn_neat: Split edge 7→3, new hidden node 8 (pool=6)
2026-08-15 02:11:11,191 [DEBUG] cnn_neat: Added edge 5→7 (from 19 candidates)
2026-08-15 02:11:11,198 [DEBUG] cnn_neat: Removed hidden node 3 (pool=3)
2026-08-15 02:11:11,200 [DEBUG] cnn_neat: Removed edge 5→3 (from 2 candidates)
2026-08-15 02:11:11,204 [DEBUG] cnn_neat: Removed 3 edges (requested 3)
2026-08-15 02:11:11,207 [DEBUG] cnn_neat: Split edge 4→6, new hidden node 9 (pool=7)
2026-08-15 02:11:11,215 [DEBUG] cnn_neat: Split edge 0→4, new hidden node 8 (pool=6)
2026-08-15 02:11:11,222 [DEBUG] cnn_neat: Added edge 7→4 (from 29 candidates)
2026-08-15 02:11:11,224 [DEBUG] cnn_neat: Added edge 6→7 (from 14 candidates)
2026-08-15 02:11:11,235 [DEBUG] cnn_neat: Split edge 0→4, new hidden node 7 (pool=9)
2026-08-15 02:11:11,236 [DEBUG] cnn_neat: Added edge 4→3 (from 9 candidates)
2026-08-15 02:11:11,241 [DEBUG] cnn_neat: Removed hidden node 5 (pool=2)
2026-08-15 02:11:11,246 [DEBUG] cnn_neat: Removed edge 0→3 (from 5 candidates)
2026-08-15 02:11:11,254 [DEBUG] cnn_neat: Removed 3 edges (requested 3)
2026-08-15 02:11:11,262 [DEBUG] cnn_neat: Split edge 2→5, new hidden node 8 (pool=10)
2026-08-15 02:11:11,267 [DEBUG] cnn_neat: Split edge 0→4, new hidden node 7 (pool=10)
2026-08-15 02:11:11,276 [DEBUG] cnn_neat: Split edge 4→1, new hidden node 5 (pool=8)
2026-08-15 02:11:11,278 [DEBUG] cnn_neat: Added edge 4→3 (from 3 candidates)
2026-08-15 02:11:11,395 [DEBUG] cnn_neat: Removed hidden node 2 (pool=3)
2026-08-15 02:11:11,402 [DEBUG] cnn_neat: Removed edge 2→4 (from 8 candidates)
2026-08-15 02:11:11,413 [DEBUG] cnn_neat: Removed 3 edges (requested 3)
2026-08-15 02:11:11,423 [DEBUG] cnn_neat: Split edge 2→3, new hidden node 6 (pool=6)
2026-08-15 02:11:11,431 [DEBUG] cnn_neat: Split edge 4→3, new hidden node 5 (pool=9)
2026-08-15 02:11:11,437 [DEBUG] cnn_neat: Split edge 2→3, new hidden node 5 (pool=3)
2026-08-15 02:11:11,445 [DEBUG] cnn_neat: Split edge 0→4, new hidden node 6 (pool=2)
2026-08-15 02:11:11,450 [DEBUG] cnn_neat: Added edge 2→5 (from 4 candidates)
2026-08-15 02:11:11,458 [DEBUG] cnn_neat: Removed hidden node 2 (pool=2)
2026-08-15 02:11:11,462 [DEBUG] cnn_neat: Removed edge 4→2 (from 5 candidates)
2026-08-15 02:11:11,470 [DEBUG] cnn_neat: Removed 3 edges (requested 3)
2026-08-15 02:11:11,477 [DEBUG] cnn_neat: Split edge 0→3, new hidden node 4 (pool=2)
2026-08-15 02:11:11,479 [DEBUG] cnn_neat: Added edge 0→2 (from 1 candidates)
2026-08-15 02:11:11,481 [DEBUG] cnn_neat: Removed hidden node 2 (pool=1)
2026-08-15 02:11:11,482 [DEBUG] cnn_neat: Removed edge 2→1 (from 3 candidates)
2026-08-15 02:11:11,488 [DEBUG] cnn_neat: Removed 2 edges (requested 3)
2026-08-15 02:11:11,492 [DEBUG] cnn_neat: Split edge 2→1, new hidden node 5 (pool=3)
2026-08-15 02:11:11,494 [DEBUG] cnn_neat: Added edge 0→2 (from 2 candidates)
2026-08-15 02:11:11,501 [DEBUG] cnn_neat: Split edge 4→2, new hidden node 5 (pool=3)
2026-08-15 02:11:11,608 [DEBUG] cnn_neat: Added edge 4→3 (from 4 candidates)
2026-08-15 02:11:11,613 [DEBUG] cnn_neat: Removed hidden node 3 (pool=1)
2026-08-15 02:11:11,616 [DEBUG] cnn_neat: Removed edge 2→3 (from 1 candidates)
2026-08-15 02:11:11,621 [DEBUG] cnn_neat: Removed 1 edges (requested 3)
2026-08-15 02:11:11,626 [DEBUG] cnn_neat: Split edge 3→1, new hidden node 4 (pool=2)
2026-08-15 02:11:11,627 [DEBUG] cnn_neat: Added edge 0→1 (from 1 candidates)
2026-08-15 02:11:11,642 [DEBUG] cnn_neat: Split edge 0→1, new hidden node 5 (pool=1)
2026-08-15 02:11:11,652 [DEBUG] cnn_neat: Removed hidden node 4 (pool=3)
2026-08-15 02:11:11,662 [DEBUG] cnn_neat: Removed edge 3→4 (from 8 candidates)
2026-08-15 02:11:11,702 [DEBUG] cnn_neat: Removed 3 edges (requested 3)
2026-08-15 02:11:11,706 [DEBUG] cnn_neat: Split edge 0→1, new hidden node 5 (pool=1)
2026-08-15 02:11:11,724 [DEBUG] cnn_neat: Split edge 0→1, new hidden node 5 (pool=3)
2026-08-15 02:11:11,844 [DEBUG] cnn_neat: Added edge 3→4 (from 2 candidates)
2026-08-15 02:11:11,845 [DEBUG] cnn_neat: Added edge 0→2 (from 3 candidates)
2026-08-15 02:11:11,848 [DEBUG] cnn_neat: Split edge 0→2, new hidden node 6 (pool=10)
2026-08-15 02:11:11,852 [DEBUG] cnn_neat: Split edge 2→1, new hidden node 7 (pool=5)
2026-08-15 02:11:11,853 [DEBUG] cnn_neat: Added edge 2→3 (from 10 candidates)
2026-08-15 02:11:11,856 [DEBUG] cnn_neat: Removed hidden node 3 (pool=1)
2026-08-15 02:11:11,859 [DEBUG] cnn_neat: Removed edge 0→3 (from 1 candidates)
2026-08-15 02:11:11,860 [DEBUG] cnn_neat: Removed 1 edges (requested 3)
2026-08-15 02:11:11,864 [DEBUG] cnn_neat: Split edge 5→1, new hidden node 6 (pool=9)
2026-08-15 02:11:11,868 [DEBUG] cnn_neat: Added edge 4→5 (from 11 candidates)
2026-08-15 02:11:12,011 [DEBUG] cnn_neat: Removed hidden node 4 (pool=4)
2026-08-15 02:11:12,015 [DEBUG] cnn_neat: Removed edge 4→1 (from 9 candidates)
2026-08-15 02:11:12,022 [DEBUG] cnn_neat: Removed 3 edges (requested 3)
2026-08-15 02:11:12,027 [DEBUG] cnn_neat: Split edge 2→3, new hidden node 7 (pool=7)
2026-08-15 02:11:12,032 [DEBUG] cnn_neat: Split edge 0→4, new hidden node 6 (pool=10)
2026-08-15 02:11:12,040 [DEBUG] cnn_neat: Split edge 0→4, new hidden node 6 (pool=2)
2026-08-15 02:11:12,044 [DEBUG] cnn_neat: Added edge 0→5 (from 9 candidates)
2026-08-15 02:11:12,053 [DEBUG] cnn_neat: Removed hidden node 2 (pool=4)
2026-08-15 02:11:12,056 [DEBUG] cnn_neat: Removed edge 5→2 (from 5 candidates)
2026-08-15 02:11:12,061 [DEBUG] cnn_neat: Removed 3 edges (requested 3)
2026-08-15 02:11:12,066 [DEBUG] cnn_neat: Split edge 4→1, new hidden node 7 (pool=4)
2026-08-15 02:11:12,071 [DEBUG] cnn_neat: Split edge 4→1, new hidden node 8 (pool=2)
2026-08-15 02:11:12,074 [DEBUG] cnn_neat: Added edge 4→7 (from 12 candidates)
2026-08-15 02:11:12,079 [DEBUG] cnn_neat: Removed hidden node 2 (pool=4)
2026-08-15 02:11:12,082 [DEBUG] cnn_neat: Removed edge 6→7 (from 5 candidates)
2026-08-15 02:11:12,086 [DEBUG] cnn_neat: Removed 3 edges (requested 3)
2026-08-15 02:11:12,089 [DEBUG] cnn_neat: Split edge 6→7, new hidden node 8 (pool=4)
2026-08-15 02:11:12,091 [DEBUG] cnn_neat: Split edge 4→1, new hidden node 8 (pool=2)
2026-08-15 02:11:12,093 [DEBUG] cnn_neat: Split edge 6→7, new hidden node 8 (pool=3)
2026-08-15 02:11:12,098 [DEBUG] cnn_neat: Split edge 4→1, new hidden node 8 (pool=2)
2026-08-15 02:11:12,100 [DEBUG] cnn_neat: Added edge 6→4 (from 12 candidates)
2026-08-15 02:11:12,105 [DEBUG] cnn_neat: Removed hidden node 6 (pool=4)
2026-08-15 02:11:12,108 [DEBUG] cnn_neat: Removed edge 6→1 (from 5 candidates)
2026-08-15 02:11:12,112 [DEBUG] cnn_neat: Removed 3 edges (requested 3)
2026-08-15 02:11:12,115 [DEBUG] cnn_neat: Split edge 4→1, new hidden node 8 (pool=2)
2026-08-15 02:11:12,117 [DEBUG] cnn_neat: Split edge 4→1, new hidden node 8 (pool=2)
2026-08-15 02:11:12,120 [DEBUG] cnn_neat: Added edge 6→2 (from 10 candidates)
2026-08-15 02:11:12,123 [DEBUG] cnn_neat: Added edge 7→4 (from 13 candidates)
2026-08-15 02:11:12,127 [DEBUG] cnn_neat: Split edge 5→6, new hidden node 7 (pool=5)
2026-08-15 02:11:12,130 [DEBUG] cnn_neat: Added edge 5→1 (from 8 candidates)
2026-08-15 02:11:12,133 [DEBUG] cnn_neat: Saved generation 5
2026-08-15 02:11:12,191 [DEBUG] cnn_neat: Selected 25 elite individuals
2026-08-15 02:11:12,192 [DEBUG] cnn_neat: Removed hidden node 5 (pool=3)
2026-08-15 02:11:12,201 [DEBUG] cnn_neat: Removed edge 4→1 (from 6 candidates)
2026-08-15 02:11:12,214 [DEBUG] cnn_neat: Removed 3 edges (requested 3)
2026-08-15 02:11:12,252 [DEBUG] cnn_neat: Split edge 4→1, new hidden node 8 (pool=2)
2026-08-15 02:11:12,271 [DEBUG] cnn_neat: Split edge 0→4, new hidden node 6 (pool=2)
2026-08-15 02:11:12,282 [DEBUG] cnn_neat: Added edge 5→2 (from 4 candidates)
2026-08-15 02:11:12,294 [DEBUG] cnn_neat: Removed hidden node 2 (pool=2)
2026-08-15 02:11:12,300 [DEBUG] cnn_neat: Removed edge 4→1 (from 5 candidates)
2026-08-15 02:11:12,313 [DEBUG] cnn_neat: Removed 3 edges (requested 3)
2026-08-15 02:11:12,319 [DEBUG] cnn_neat: Split edge 0→3, new hidden node 4 (pool=2)
2026-08-15 02:11:12,323 [DEBUG] cnn_neat: Added edge 0→2 (from 1 candidates)
2026-08-15 02:11:12,329 [DEBUG] cnn_neat: Removed hidden node 2 (pool=1)
2026-08-15 02:11:12,331 [DEBUG] cnn_neat: Trimmed elite queue to 128 entries
2026-08-15 02:11:12,544 [DEBUG] cnn_neat: Removed edge 3→2 (from 3 candidates)
2026-08-15 02:11:12,549 [DEBUG] cnn_neat: Removed 1 edges (requested 3)
2026-08-15 02:11:12,550 [DEBUG] cnn_neat: Split edge 6→2, new hidden node 8 (pool=7)
2026-08-15 02:11:12,553 [DEBUG] cnn_neat: Added edge 4→3 (from 15 candidates)
2026-08-15 02:11:12,556 [DEBUG] cnn_neat: Removed hidden node 6 (pool=4)
2026-08-15 02:11:12,558 [DEBUG] cnn_neat: Removed edge 5→3 (from 6 candidates)
2026-08-15 02:11:12,561 [DEBUG] cnn_neat: Removed 3 edges (requested 3)
2026-08-15 02:11:12,565 [DEBUG] cnn_neat: Crossover rejected: copied edge has no live Conv2d
2026-08-15 02:11:12,567 [DEBUG] cnn_neat: Split edge 0→4, new hidden node 8 (pool=7)
2026-08-15 02:11:12,569 [DEBUG] cnn_neat: Added edge 5→1 (from 15 candidates)
2026-08-15 02:11:12,572 [DEBUG] cnn_neat: Added edge 4→5 (from 13 candidates)
2026-08-15 02:11:12,574 [DEBUG] cnn_neat: Added edge 6→3 (from 14 candidates)
2026-08-15 02:11:12,576 [DEBUG] cnn_neat: Added edge 7→1 (from 13 candidates)
2026-08-15 02:11:12,579 [DEBUG] cnn_neat: Added edge 4→3 (from 12 candidates)
2026-08-15 02:11:12,582 [DEBUG] cnn_neat: Split edge 0→3, new hidden node 8 (pool=10)
2026-08-15 02:11:12,584 [DEBUG] cnn_neat: Added edge 7→3 (from 16 candidates)
2026-08-15 02:11:12,588 [DEBUG] cnn_neat: Removed hidden node 3 (pool=4)
2026-08-15 02:11:12,590 [DEBUG] cnn_neat: Removed edge 6→5 (from 8 candidates)
2026-08-15 02:11:12,592 [DEBUG] cnn_neat: Split edge 4→6, new hidden node 8 (pool=7)
2026-08-15 02:11:12,595 [DEBUG] cnn_neat: Removed 3 edges (requested 3)
2026-08-15 02:11:12,598 [DEBUG] cnn_neat: Crossover rejected: copied edge has no live Conv2d
2026-08-15 02:11:12,600 [DEBUG] cnn_neat: Split edge 4→6, new hidden node 8 (pool=10)
2026-08-15 02:11:12,602 [DEBUG] cnn_neat: Added edge 7→6 (from 16 candidates)
2026-08-15 02:11:12,603 [DEBUG] cnn_neat: Added edge 7→5 (from 14 candidates)
2026-08-15 02:11:12,607 [DEBUG] cnn_neat: Added edge 4→2 (from 13 candidates)
2026-08-15 02:11:12,609 [DEBUG] cnn_neat: Added edge 7→3 (from 12 candidates)
2026-08-15 02:11:12,611 [DEBUG] cnn_neat: Added edge 7→1 (from 11 candidates)
2026-08-15 02:11:12,614 [DEBUG] cnn_neat: Split edge 7→1, new hidden node 8 (pool=10)
2026-08-15 02:11:12,616 [DEBUG] cnn_neat: Added edge 2→3 (from 14 candidates)
2026-08-15 02:11:12,619 [DEBUG] cnn_neat: Removed hidden node 7 (pool=5)
2026-08-15 02:11:12,621 [DEBUG] cnn_neat: Removed edge 4→7 (from 12 candidates)
2026-08-15 02:11:12,626 [DEBUG] cnn_neat: Removed 3 edges (requested 3)
2026-08-15 02:11:12,629 [DEBUG] cnn_neat: Crossover rejected: union topology invalid (edges=26 nodes=13)
2026-08-15 02:11:12,631 [DEBUG] cnn_neat: Split edge 0→3, new hidden node 8 (pool=10)
2026-08-15 02:11:12,633 [DEBUG] cnn_neat: Added edge 4→2 (from 14 candidates)
2026-08-15 02:11:12,635 [DEBUG] cnn_neat: Added edge 7→2 (from 16 candidates)
2026-08-15 02:11:12,638 [DEBUG] cnn_neat: Added edge 6→5 (from 14 candidates)
2026-08-15 02:11:12,640 [DEBUG] cnn_neat: Added edge 0→7 (from 13 candidates)
2026-08-15 02:11:12,643 [DEBUG] cnn_neat: Added edge 5→2 (from 12 candidates)
2026-08-15 02:11:12,647 [DEBUG] cnn_neat: Split edge 3→4, new hidden node 7 (pool=10)
2026-08-15 02:11:12,651 [DEBUG] cnn_neat: Added edge 3→6 (from 6 candidates)
2026-08-15 02:11:12,656 [DEBUG] cnn_neat: Removed hidden node 3 (pool=5)
2026-08-15 02:11:12,659 [DEBUG] cnn_neat: Removed edge 5→1 (from 10 candidates)
2026-08-15 02:11:12,665 [DEBUG] cnn_neat: Removed 3 edges (requested 3)
2026-08-15 02:11:12,669 [DEBUG] cnn_neat: Crossover rejected: union topology invalid (edges=18 nodes=11)
2026-08-15 02:11:12,672 [DEBUG] cnn_neat: Split edge 0→3, new hidden node 7 (pool=10)
2026-08-15 02:11:12,675 [DEBUG] cnn_neat: Added edge 3→5 (from 6 candidates)
2026-08-15 02:11:12,678 [DEBUG] cnn_neat: Added edge 4→5 (from 5 candidates)
2026-08-15 02:11:12,682 [DEBUG] cnn_neat: Added edge 3→6 (from 4 candidates)
2026-08-15 02:11:12,685 [DEBUG] cnn_neat: Added edge 6→1 (from 3 candidates)
2026-08-15 02:11:12,689 [DEBUG] cnn_neat: Added edge 2→6 (from 2 candidates)
2026-08-15 02:11:12,691 [DEBUG] cnn_neat: Split edge 2→1, new hidden node 8 (pool=5)
2026-08-15 02:11:12,693 [DEBUG] cnn_neat: Added edge 6→1 (from 10 candidates)
2026-08-15 02:11:12,695 [DEBUG] cnn_neat: Removed hidden node 7 (pool=1)
2026-08-15 02:11:12,697 [DEBUG] cnn_neat: Split edge 6→2, new hidden node 7 (pool=4)
2026-08-15 02:11:12,699 [DEBUG] cnn_neat: Added edge 7→1 (from 6 candidates)
2026-08-15 02:11:12,702 [DEBUG] cnn_neat: Removed hidden node 2 (pool=1)
2026-08-15 02:11:12,705 [DEBUG] cnn_neat: Split edge 4→6, new hidden node 8 (pool=4)
2026-08-15 02:11:12,706 [DEBUG] cnn_neat: Removed edge 0→7 (from 1 candidates)
2026-08-15 02:11:12,708 [DEBUG] cnn_neat: Split edge 6→2, new hidden node 7 (pool=4)
2026-08-15 02:11:12,710 [DEBUG] cnn_neat: Added edge 0→7 (from 6 candidates)
2026-08-15 02:11:12,712 [DEBUG] cnn_neat: Removed hidden node 6 (pool=2)
2026-08-15 02:11:12,714 [DEBUG] cnn_neat: Removed 1 edges (requested 3)
2026-08-15 02:11:12,715 [DEBUG] cnn_neat: Split edge 6→2, new hidden node 7 (pool=4)
2026-08-15 02:11:12,717 [DEBUG] cnn_neat: Added edge 6→2 (from 6 candidates)
2026-08-15 02:11:12,721 [DEBUG] cnn_neat: Removed hidden node 7 (pool=1)
2026-08-15 02:11:12,724 [DEBUG] cnn_neat: Split edge 4→6, new hidden node 7 (pool=4)
2026-08-15 02:11:12,726 [DEBUG] cnn_neat: Split edge 4→7, new hidden node 8 (pool=5)
2026-08-15 02:11:12,728 [DEBUG] cnn_neat: Crossover rejected: copied edge has no live Conv2d
2026-08-15 02:11:12,729 [DEBUG] cnn_neat: Split edge 6→2, new hidden node 8 (pool=5)
2026-08-15 02:11:12,731 [DEBUG] cnn_neat: Added edge 7→4 (from 10 candidates)
2026-08-15 02:11:12,732 [DEBUG] cnn_neat: Added edge 0→2 (from 6 candidates)
2026-08-15 02:11:12,734 [DEBUG] cnn_neat: Added edge 7→2 (from 7 candidates)
2026-08-15 02:11:12,737 [DEBUG] cnn_neat: Added edge 6→1 (from 6 candidates)
2026-08-15 02:11:12,738 [DEBUG] cnn_neat: Added edge 0→6 (from 5 candidates)
2026-08-15 02:11:12,741 [DEBUG] cnn_neat: Split edge 0→4, new hidden node 7 (pool=5)
2026-08-15 02:11:12,743 [DEBUG] cnn_neat: Added edge 3→1 (from 19 candidates)
2026-08-15 02:11:12,746 [DEBUG] cnn_neat: Removed hidden node 5 (pool=2)
2026-08-15 02:11:12,747 [DEBUG] cnn_neat: Split edge 6→2, new hidden node 7 (pool=4)
2026-08-15 02:11:12,749 [DEBUG] cnn_neat: Added edge 6→2 (from 6 candidates)
2026-08-15 02:11:12,752 [DEBUG] cnn_neat: Removed hidden node 7 (pool=1)
2026-08-15 02:11:12,755 [DEBUG] cnn_neat: Split edge 0→4, new hidden node 7 (pool=4)
2026-08-15 02:11:12,756 [DEBUG] cnn_neat: Split edge 4→6, new hidden node 8 (pool=5)
2026-08-15 02:11:12,758 [DEBUG] cnn_neat: Removed edge 5→3 (from 1 candidates)
2026-08-15 02:11:12,759 [DEBUG] cnn_neat: Split edge 0→4, new hidden node 7 (pool=4)
2026-08-15 02:11:12,762 [DEBUG] cnn_neat: Added edge 6→1 (from 6 candidates)
2026-08-15 02:11:12,763 [DEBUG] cnn_neat: Removed 1 edges (requested 3)
2026-08-15 02:11:12,765 [DEBUG] cnn_neat: Split edge 6→2, new hidden node 7 (pool=4)
2026-08-15 02:11:12,767 [DEBUG] cnn_neat: Added edge 4→7 (from 6 candidates)
2026-08-15 02:11:12,769 [DEBUG] cnn_neat: Crossover rejected: union topology invalid (edges=13 nodes=13)
2026-08-15 02:11:12,770 [DEBUG] cnn_neat: Split edge 2→1, new hidden node 7 (pool=5)
2026-08-15 02:11:12,772 [DEBUG] cnn_neat: Added edge 2→1 (from 25 candidates)
2026-08-15 02:11:12,774 [DEBUG] cnn_neat: Added edge 5→2 (from 19 candidates)
2026-08-15 02:11:12,775 [DEBUG] cnn_neat: Added edge 5→4 (from 18 candidates)
2026-08-15 02:11:12,777 [DEBUG] cnn_neat: Added edge 6→1 (from 15 candidates)
2026-08-15 02:11:12,780 [DEBUG] cnn_neat: Added edge 5→1 (from 13 candidates)
2026-08-15 02:11:12,780 [DEBUG] cnn_neat: Added edge 0→2 (from 12 candidates)
2026-08-15 02:11:12,782 [DEBUG] cnn_neat: Split edge 6→3, new hidden node 7 (pool=5)
2026-08-15 02:11:12,784 [DEBUG] cnn_neat: Added edge 4→2 (from 8 candidates)
2026-08-15 02:11:12,787 [DEBUG] cnn_neat: Removed hidden node 3 (pool=1)
2026-08-15 02:11:12,788 [DEBUG] cnn_neat: Split edge 4→6, new hidden node 7 (pool=4)
2026-08-15 02:11:12,790 [DEBUG] cnn_neat: Added edge 0→6 (from 6 candidates)
2026-08-15 02:11:12,793 [DEBUG] cnn_neat: Removed hidden node 7 (pool=2)
2026-08-15 02:11:12,794 [DEBUG] cnn_neat: Removed edge 0→4 (from 1 candidates)
2026-08-15 02:11:12,796 [DEBUG] cnn_neat: Split edge 2→1, new hidden node 7 (pool=3)
2026-08-15 02:11:12,798 [DEBUG] cnn_neat: Split edge 6→2, new hidden node 8 (pool=4)
2026-08-15 02:11:12,799 [DEBUG] cnn_neat: Removed edge 6→3 (from 1 candidates)
2026-08-15 02:11:12,801 [DEBUG] cnn_neat: Split edge 0→4, new hidden node 7 (pool=4)
2026-08-15 02:11:12,803 [DEBUG] cnn_neat: Added edge 6→1 (from 6 candidates)
2026-08-15 02:11:12,806 [DEBUG] cnn_neat: Removed hidden node 2 (pool=1)
2026-08-15 02:11:12,808 [DEBUG] cnn_neat: Removed 1 edges (requested 3)
2026-08-15 02:11:12,809 [DEBUG] cnn_neat: Split edge 2→1, new hidden node 7 (pool=4)
2026-08-15 02:11:12,811 [DEBUG] cnn_neat: Added edge 2→1 (from 6 candidates)
2026-08-15 02:11:12,813 [DEBUG] cnn_neat: Removed hidden node 7 (pool=1)
2026-08-15 02:11:12,816 [DEBUG] cnn_neat: Split edge 4→6, new hidden node 7 (pool=4)
2026-08-15 02:11:12,818 [DEBUG] cnn_neat: Split edge 7→6, new hidden node 8 (pool=5)
2026-08-15 02:11:12,820 [DEBUG] cnn_neat: Crossover rejected: copied edge has no live Conv2d
2026-08-15 02:11:12,822 [DEBUG] cnn_neat: Split edge 0→4, new hidden node 7 (pool=5)
2026-08-15 02:11:12,824 [DEBUG] cnn_neat: Added edge 3→2 (from 8 candidates)
2026-08-15 02:11:12,826 [DEBUG] cnn_neat: Added edge 3→1 (from 6 candidates)
2026-08-15 02:11:12,828 [DEBUG] cnn_neat: Added edge 6→1 (from 5 candidates)
2026-08-15 02:11:12,830 [DEBUG] cnn_neat: Added edge 0→3 (from 4 candidates)
2026-08-15 02:11:12,833 [DEBUG] cnn_neat: Added edge 4→1 (from 5 candidates)
2026-08-15 02:11:12,834 [DEBUG] cnn_neat: Split edge 0→4, new hidden node 8 (pool=6)
2026-08-15 02:11:12,836 [DEBUG] cnn_neat: Added edge 0→5 (from 16 candidates)
2026-08-15 02:11:12,838 [DEBUG] cnn_neat: Removed hidden node 7 (pool=2)
2026-08-15 02:11:12,840 [DEBUG] cnn_neat: Split edge 2→1, new hidden node 7 (pool=4)
2026-08-15 02:11:12,842 [DEBUG] cnn_neat: Added edge 6→7 (from 6 candidates)
2026-08-15 02:11:12,845 [DEBUG] cnn_neat: Removed hidden node 2 (pool=1)
2026-08-15 02:11:12,847 [DEBUG] cnn_neat: Removed edge 4→7 (from 2 candidates)
2026-08-15 02:11:12,849 [DEBUG] cnn_neat: Removed 2 edges (requested 3)
2026-08-15 02:11:12,850 [DEBUG] cnn_neat: Split edge 4→6, new hidden node 7 (pool=4)
2026-08-15 02:11:12,852 [DEBUG] cnn_neat: Added edge 4→2 (from 6 candidates)
2026-08-15 02:11:12,854 [DEBUG] cnn_neat: Crossover rejected: copied edge has no live Conv2d
2026-08-15 02:11:12,855 [DEBUG] cnn_neat: Split edge 4→6, new hidden node 8 (pool=6)
2026-08-15 02:11:12,857 [DEBUG] cnn_neat: Added edge 7→1 (from 16 candidates)
2026-08-15 02:11:12,860 [DEBUG] cnn_neat: Added edge 5→2 (from 14 candidates)
2026-08-15 02:11:12,862 [DEBUG] cnn_neat: Added edge 0→6 (from 11 candidates)
2026-08-15 02:11:12,864 [DEBUG] cnn_neat: Added edge 7→2 (from 10 candidates)
2026-08-15 02:11:12,868 [DEBUG] cnn_neat: Added edge 7→6 (from 9 candidates)
2026-08-15 02:11:12,870 [DEBUG] cnn_neat: Split edge 2→1, new hidden node 8 (pool=6)
2026-08-15 02:11:12,871 [DEBUG] cnn_neat: Added edge 7→2 (from 18 candidates)
2026-08-15 02:11:12,874 [DEBUG] cnn_neat: Removed hidden node 3 (pool=2)
2026-08-15 02:11:12,875 [DEBUG] cnn_neat: Split edge 6→2, new hidden node 8 (pool=5)
2026-08-15 02:11:12,877 [DEBUG] cnn_neat: Added edge 6→7 (from 14 candidates)
2026-08-15 02:11:12,879 [DEBUG] cnn_neat: Removed edge 0→7 (from 2 candidates)
2026-08-15 02:11:12,881 [DEBUG] cnn_neat: Split edge 4→6, new hidden node 8 (pool=5)
2026-08-15 02:11:12,883 [DEBUG] cnn_neat: Removed 2 edges (requested 3)
2026-08-15 02:11:12,884 [DEBUG] cnn_neat: Split edge 0→4, new hidden node 7 (pool=4)
2026-08-15 02:11:12,887 [DEBUG] cnn_neat: Added edge 4→2 (from 6 candidates)
2026-08-15 02:11:12,889 [DEBUG] cnn_neat: Crossover rejected: copied edge has no live Conv2d
2026-08-15 02:11:12,891 [DEBUG] cnn_neat: Split edge 6→2, new hidden node 8 (pool=6)
2026-08-15 02:11:12,893 [DEBUG] cnn_neat: Added edge 4→2 (from 18 candidates)
2026-08-15 02:11:12,894 [DEBUG] cnn_neat: Added edge 4→1 (from 19 candidates)
2026-08-15 02:11:12,896 [DEBUG] cnn_neat: Added edge 2→7 (from 18 candidates)
2026-08-15 02:11:12,898 [DEBUG] cnn_neat: Added edge 6→7 (from 11 candidates)
2026-08-15 02:11:12,900 [DEBUG] cnn_neat: Added edge 3→1 (from 10 candidates)
2026-08-15 02:11:12,902 [DEBUG] cnn_neat: Split edge 4→6, new hidden node 7 (pool=6)
2026-08-15 02:11:12,904 [DEBUG] cnn_neat: Added edge 0→2 (from 6 candidates)
2026-08-15 02:11:12,906 [DEBUG] cnn_neat: Removed hidden node 3 (pool=1)
2026-08-15 02:11:12,909 [DEBUG] cnn_neat: Split edge 6→2, new hidden node 7 (pool=4)
2026-08-15 02:11:12,910 [DEBUG] cnn_neat: Added edge 6→2 (from 6 candidates)
2026-08-15 02:11:12,913 [DEBUG] cnn_neat: Removed hidden node 7 (pool=1)
2026-08-15 02:11:12,916 [DEBUG] cnn_neat: Split edge 2→1, new hidden node 7 (pool=4)
2026-08-15 02:11:12,917 [DEBUG] cnn_neat: Split edge 6→2, new hidden node 8 (pool=5)
2026-08-15 02:11:12,919 [DEBUG] cnn_neat: Removed edge 0→3 (from 2 candidates)
2026-08-15 02:11:12,921 [DEBUG] cnn_neat: Removed 2 edges (requested 3)
2026-08-15 02:11:12,923 [DEBUG] cnn_neat: Split edge 6→2, new hidden node 7 (pool=4)
2026-08-15 02:11:12,925 [DEBUG] cnn_neat: Added edge 4→7 (from 6 candidates)
2026-08-15 02:11:12,927 [DEBUG] cnn_neat: Removed hidden node 6 (pool=1)
2026-08-15 02:11:12,930 [DEBUG] cnn_neat: Crossover rejected: copied edge has no live Conv2d
2026-08-15 02:11:12,932 [DEBUG] cnn_neat: Split edge 2→3, new hidden node 7 (pool=6)
2026-08-15 02:11:12,933 [DEBUG] cnn_neat: Added edge 6→3 (from 6 candidates)
2026-08-15 02:11:12,935 [DEBUG] cnn_neat: Added edge 4→2 (from 5 candidates)
2026-08-15 02:11:12,936 [DEBUG] cnn_neat: Added edge 4→3 (from 6 candidates)
2026-08-15 02:11:12,938 [DEBUG] cnn_neat: Added edge 6→1 (from 5 candidates)
2026-08-15 02:11:12,939 [DEBUG] cnn_neat: Added edge 0→2 (from 4 candidates)
2026-08-15 02:11:12,941 [DEBUG] cnn_neat: Split edge 0→3, new hidden node 8 (pool=6)
2026-08-15 02:11:12,943 [DEBUG] cnn_neat: Added edge 7→6 (from 18 candidates)
2026-08-15 02:11:12,945 [DEBUG] cnn_neat: Removed hidden node 7 (pool=2)
2026-08-15 02:11:12,947 [DEBUG] cnn_neat: Split edge 6→2, new hidden node 7 (pool=5)
2026-08-15 02:11:12,948 [DEBUG] cnn_neat: Added edge 4→3 (from 14 candidates)
2026-08-15 02:11:12,951 [DEBUG] cnn_neat: Removed edge 4→7 (from 2 candidates)
2026-08-15 02:11:12,953 [DEBUG] cnn_neat: Split edge 0→3, new hidden node 7 (pool=5)
2026-08-15 02:11:12,954 [DEBUG] cnn_neat: Added edge 3→1 (from 18 candidates)
2026-08-15 02:11:12,957 [DEBUG] cnn_neat: Removed 2 edges (requested 3)
2026-08-15 02:11:12,958 [DEBUG] cnn_neat: Split edge 0→4, new hidden node 7 (pool=4)
2026-08-15 02:11:12,959 [DEBUG] cnn_neat: Added edge 7→2 (from 6 candidates)
2026-08-15 02:11:12,962 [DEBUG] cnn_neat: Removed hidden node 6 (pool=2)
2026-08-15 02:11:12,964 [DEBUG] cnn_neat: Crossover rejected: union topology invalid (edges=11 nodes=12)
2026-08-15 02:11:12,966 [DEBUG] cnn_neat: Split edge 6→2, new hidden node 8 (pool=6)
2026-08-15 02:11:12,968 [DEBUG] cnn_neat: Added edge 0→6 (from 18 candidates)
2026-08-15 02:11:12,969 [DEBUG] cnn_neat: Added edge 4→2 (from 19 candidates)
2026-08-15 02:11:12,972 [DEBUG] cnn_neat: Added edge 3→2 (from 18 candidates)
2026-08-15 02:11:12,975 [DEBUG] cnn_neat: Added edge 0→7 (from 16 candidates)
2026-08-15 02:11:12,977 [DEBUG] cnn_neat: Added edge 3→1 (from 14 candidates)
2026-08-15 02:11:12,979 [DEBUG] cnn_neat: Split edge 0→4, new hidden node 7 (pool=7)
2026-08-15 02:11:12,980 [DEBUG] cnn_neat: Split edge 2→5, new hidden node 8 (pool=8)
2026-08-15 02:11:12,982 [DEBUG] cnn_neat: Added edge 3→6 (from 15 candidates)
2026-08-15 02:11:12,985 [DEBUG] cnn_neat: Removed hidden node 5 (pool=2)
2026-08-15 02:11:12,987 [DEBUG] cnn_neat: Split edge 0→3, new hidden node 7 (pool=5)
2026-08-15 02:11:12,989 [DEBUG] cnn_neat: Added edge 0→2 (from 18 candidates)
2026-08-15 02:11:13,039 [DEBUG] cnn_neat: Split edge 0→2, new hidden node 6 (pool=12)
2026-08-15 02:11:13,133 [DEBUG] cnn_neat: Added edge 3→5 (from 3 candidates)
2026-08-15 02:11:13,147 [DEBUG] cnn_neat: Removed hidden node 4 (pool=4)
2026-08-15 02:11:13,155 [DEBUG] cnn_neat: Removed edge 0→4 (from 12 candidates)
2026-08-15 02:11:13,168 [DEBUG] cnn_neat: Removed 3 edges (requested 3)
2026-08-15 02:11:13,177 [DEBUG] cnn_neat: Split edge 3→1, new hidden node 7 (pool=8)
2026-08-15 02:11:13,186 [DEBUG] cnn_neat: Split edge 5→1, new hidden node 6 (pool=13)
2026-08-15 02:11:13,196 [DEBUG] cnn_neat: Split edge 7→2, new hidden node 8 (pool=7)
2026-08-15 02:11:13,201 [DEBUG] cnn_neat: Added edge 6→7 (from 15 candidates)
2026-08-15 02:11:13,210 [DEBUG] cnn_neat: Removed hidden node 7 (pool=4)
2026-08-15 02:11:13,214 [DEBUG] cnn_neat: Removed edge 4→7 (from 6 candidates)
2026-08-15 02:11:13,222 [DEBUG] cnn_neat: Removed 3 edges (requested 3)
2026-08-15 02:11:13,228 [DEBUG] cnn_neat: Split edge 6→2, new hidden node 8 (pool=8)
2026-08-15 02:11:13,232 [DEBUG] cnn_neat: Split edge 0→4, new hidden node 8 (pool=6)
2026-08-15 02:11:13,238 [DEBUG] cnn_neat: Added edge 0→2 (from 13 candidates)
2026-08-15 02:11:13,242 [DEBUG] cnn_neat: Added edge 7→4 (from 18 candidates)
2026-08-15 02:11:13,448 [DEBUG] cnn_neat: Split edge 0→4, new hidden node 8 (pool=10)
2026-08-15 02:11:13,463 [DEBUG] cnn_neat: Added edge 0→6 (from 16 candidates)
2026-08-15 02:11:13,491 [DEBUG] cnn_neat: Removed hidden node 5 (pool=4)
2026-08-15 02:11:13,507 [DEBUG] cnn_neat: Removed edge 4→7 (from 8 candidates)
2026-08-15 02:11:13,523 [DEBUG] cnn_neat: Removed 3 edges (requested 3)
2026-08-15 02:11:13,533 [DEBUG] cnn_neat: Split edge 4→6, new hidden node 9 (pool=11)
2026-08-15 02:11:13,573 [DEBUG] cnn_neat: Split edge 4→1, new hidden node 5 (pool=2)
2026-08-15 02:11:13,576 [DEBUG] cnn_neat: Added edge 4→3 (from 6 candidates)
2026-08-15 02:11:13,582 [DEBUG] cnn_neat: Removed hidden node 4 (pool=3)
2026-08-15 02:11:13,585 [DEBUG] cnn_neat: Removed edge 0→3 (from 5 candidates)
2026-08-15 02:11:13,594 [DEBUG] cnn_neat: Removed 3 edges (requested 3)
2026-08-15 02:11:13,602 [DEBUG] cnn_neat: Split edge 0→3, new hidden node 6 (pool=6)
2026-08-15 02:11:13,611 [DEBUG] cnn_neat: Split edge 4→1, new hidden node 5 (pool=3)
2026-08-15 02:11:13,616 [DEBUG] cnn_neat: Split edge 2→1, new hidden node 5 (pool=4)
2026-08-15 02:11:13,629 [DEBUG] cnn_neat: Split edge 6→7, new hidden node 8 (pool=10)
2026-08-15 02:11:13,633 [DEBUG] cnn_neat: Added edge 6→3 (from 14 candidates)
2026-08-15 02:11:13,640 [DEBUG] cnn_neat: Removed hidden node 6 (pool=5)
2026-08-15 02:11:13,644 [DEBUG] cnn_neat: Removed edge 6→7 (from 12 candidates)
2026-08-15 02:11:13,651 [DEBUG] cnn_neat: Removed 3 edges (requested 3)
2026-08-15 02:11:13,655 [DEBUG] cnn_neat: Split edge 7→5, new hidden node 9 (pool=9)
2026-08-15 02:11:13,664 [DEBUG] cnn_neat: Split edge 3→1, new hidden node 7 (pool=10)
2026-08-15 02:11:13,671 [DEBUG] cnn_neat: Added edge 3→5 (from 6 candidates)
2026-08-15 02:11:13,682 [DEBUG] cnn_neat: Removed hidden node 6 (pool=5)
2026-08-15 02:11:13,687 [DEBUG] cnn_neat: Removed edge 3→1 (from 10 candidates)
2026-08-15 02:11:13,698 [DEBUG] cnn_neat: Removed 3 edges (requested 3)
2026-08-15 02:11:13,705 [DEBUG] cnn_neat: Split edge 0→5, new hidden node 8 (pool=8)
2026-08-15 02:11:13,711 [DEBUG] cnn_neat: Split edge 2→3, new hidden node 7 (pool=11)
2026-08-15 02:11:13,719 [DEBUG] cnn_neat: Split edge 0→3, new hidden node 7 (pool=5)
2026-08-15 02:11:13,722 [DEBUG] cnn_neat: Added edge 5→1 (from 10 candidates)
2026-08-15 02:11:13,727 [DEBUG] cnn_neat: Removed hidden node 5 (pool=2)
2026-08-15 02:11:13,730 [DEBUG] cnn_neat: Removed edge 2→5 (from 2 candidates)
2026-08-15 02:11:13,735 [DEBUG] cnn_neat: Removed 3 edges (requested 3)
2026-08-15 02:11:13,738 [DEBUG] cnn_neat: Split edge 0→3, new hidden node 7 (pool=5)
2026-08-15 02:11:13,742 [DEBUG] cnn_neat: Added edge 6→3 (from 8 candidates)
2026-08-15 02:11:13,746 [DEBUG] cnn_neat: Split edge 6→2, new hidden node 8 (pool=6)
2026-08-15 02:11:13,752 [DEBUG] cnn_neat: Removed hidden node 3 (pool=2)
2026-08-15 02:11:13,756 [DEBUG] cnn_neat: Added edge 4→5 (from 17 candidates)
2026-08-15 02:11:13,762 [DEBUG] cnn_neat: Split edge 0→4, new hidden node 7 (pool=8)
2026-08-15 02:11:13,765 [DEBUG] cnn_neat: Added edge 0→2 (from 10 candidates)
2026-08-15 02:11:13,769 [DEBUG] cnn_neat: Removed hidden node 3 (pool=2)
2026-08-15 02:11:13,773 [DEBUG] cnn_neat: Removed edge 5→3 (from 4 candidates)
2026-08-15 02:11:13,778 [DEBUG] cnn_neat: Removed 3 edges (requested 3)
2026-08-15 02:11:13,783 [DEBUG] cnn_neat: Split edge 0→4, new hidden node 7 (pool=4)
2026-08-15 02:11:13,786 [DEBUG] cnn_neat: Added edge 0→6 (from 4 candidates)
2026-08-15 02:11:13,796 [DEBUG] cnn_neat: Split edge 2→1, new hidden node 7 (pool=4)
2026-08-15 02:11:13,800 [DEBUG] cnn_neat: Added edge 4→2 (from 7 candidates)
2026-08-15 02:11:13,806 [DEBUG] cnn_neat: Removed hidden node 5 (pool=1)
2026-08-15 02:11:13,809 [DEBUG] cnn_neat: Removed edge 2→5 (from 1 candidates)
2026-08-15 02:11:13,812 [DEBUG] cnn_neat: Removed 1 edges (requested 3)
2026-08-15 02:11:13,816 [DEBUG] cnn_neat: Split edge 4→6, new hidden node 7 (pool=5)
2026-08-15 02:11:13,819 [DEBUG] cnn_neat: Added edge 6→3 (from 10 candidates)
2026-08-15 02:11:13,825 [DEBUG] cnn_neat: Removed hidden node 3 (pool=1)
2026-08-15 02:11:13,829 [DEBUG] cnn_neat: Removed edge 0→3 (from 1 candidates)
2026-08-15 02:11:13,832 [DEBUG] cnn_neat: Removed 1 edges (requested 3)
2026-08-15 02:11:13,837 [DEBUG] cnn_neat: Split edge 0→3, new hidden node 7 (pool=5)
2026-08-15 02:11:13,841 [DEBUG] cnn_neat: Added edge 3→4 (from 15 candidates)
2026-08-15 02:11:13,847 [DEBUG] cnn_neat: Removed hidden node 5 (pool=2)
2026-08-15 02:11:13,850 [DEBUG] cnn_neat: Removed edge 0→3 (from 2 candidates)
2026-08-15 02:11:13,854 [DEBUG] cnn_neat: Removed 2 edges (requested 3)
2026-08-15 02:11:13,859 [DEBUG] cnn_neat: Split edge 0→3, new hidden node 7 (pool=7)
2026-08-15 02:11:13,863 [DEBUG] cnn_neat: Added edge 5→2 (from 15 candidates)
2026-08-15 02:11:13,869 [DEBUG] cnn_neat: Removed hidden node 5 (pool=2)
2026-08-15 02:11:13,872 [DEBUG] cnn_neat: Removed edge 5→3 (from 3 candidates)
2026-08-15 02:11:13,878 [DEBUG] cnn_neat: Removed 3 edges (requested 3)
2026-08-15 02:11:13,883 [DEBUG] cnn_neat: Split edge 2→1, new hidden node 8 (pool=8)
2026-08-15 02:11:13,886 [DEBUG] cnn_neat: Added edge 2→5 (from 25 candidates)
2026-08-15 02:11:13,894 [DEBUG] cnn_neat: Split edge 4→6, new hidden node 9 (pool=9)
2026-08-15 02:11:13,901 [DEBUG] cnn_neat: Removed hidden node 3 (pool=3)
2026-08-15 02:11:13,903 [DEBUG] cnn_neat: Added edge 7→5 (from 31 candidates)
2026-08-15 02:11:13,908 [DEBUG] cnn_neat: Split edge 0→7, new hidden node 10 (pool=4)
2026-08-15 02:11:13,918 [DEBUG] cnn_neat: Split edge 0→7, new hidden node 8 (pool=6)
2026-08-15 02:11:13,925 [DEBUG] cnn_neat: Added edge 0→6 (from 19 candidates)
2026-08-15 02:11:13,936 [DEBUG] cnn_neat: Removed hidden node 3 (pool=3)
2026-08-15 02:11:13,943 [DEBUG] cnn_neat: Removed edge 5→3 (from 2 candidates)
2026-08-15 02:11:13,951 [DEBUG] cnn_neat: Removed 3 edges (requested 3)
2026-08-15 02:11:13,956 [DEBUG] cnn_neat: Split edge 7→3, new hidden node 8 (pool=7)
2026-08-15 02:11:13,962 [DEBUG] cnn_neat: Added edge 7→5 (from 19 candidates)
2026-08-15 02:11:13,964 [DEBUG] cnn_neat: Split edge 4→6, new hidden node 9 (pool=5)
2026-08-15 02:11:13,966 [DEBUG] cnn_neat: Removed hidden node 4 (pool=4)
2026-08-15 02:11:13,974 [DEBUG] cnn_neat: Added edge 5→1 (from 29 candidates)
2026-08-15 02:11:13,981 [DEBUG] cnn_neat: Split edge 2→1, new hidden node 7 (pool=9)
2026-08-15 02:11:13,988 [DEBUG] cnn_neat: Added edge 6→5 (from 9 candidates)
2026-08-15 02:11:13,998 [DEBUG] cnn_neat: Removed hidden node 3 (pool=2)
2026-08-15 02:11:14,004 [DEBUG] cnn_neat: Removed edge 0→3 (from 5 candidates)
2026-08-15 02:11:14,012 [DEBUG] cnn_neat: Removed 3 edges (requested 3)
2026-08-15 02:11:14,014 [DEBUG] cnn_neat: Split edge 0→3, new hidden node 8 (pool=10)
2026-08-15 02:11:14,018 [DEBUG] cnn_neat: Split edge 4→5, new hidden node 7 (pool=10)
2026-08-15 02:11:14,132 [DEBUG] cnn_neat: Split edge 0→4, new hidden node 7 (pool=6)
2026-08-15 02:11:14,139 [DEBUG] cnn_neat: Split edge 4→6, new hidden node 8 (pool=5)
2026-08-15 02:11:14,143 [DEBUG] cnn_neat: Added edge 7→2 (from 19 candidates)
2026-08-15 02:11:14,151 [DEBUG] cnn_neat: Removed hidden node 3 (pool=2)
2026-08-15 02:11:14,156 [DEBUG] cnn_neat: Removed edge 7→3 (from 1 candidates)
2026-08-15 02:11:14,158 [DEBUG] cnn_neat: Removed 1 edges (requested 3)
2026-08-15 02:11:14,161 [DEBUG] cnn_neat: Split edge 2→1, new hidden node 8 (pool=6)
2026-08-15 02:11:14,167 [DEBUG] cnn_neat: Added edge 6→1 (from 18 candidates)
2026-08-15 02:11:14,169 [DEBUG] cnn_neat: Split edge 7→3, new hidden node 9 (pool=7)
2026-08-15 02:11:14,173 [DEBUG] cnn_neat: Removed hidden node 7 (pool=2)
2026-08-15 02:11:14,179 [DEBUG] cnn_neat: Added edge 4→3 (from 23 candidates)
2026-08-15 02:11:14,187 [DEBUG] cnn_neat: Split edge 4→6, new hidden node 8 (pool=5)
2026-08-15 02:11:14,194 [DEBUG] cnn_neat: Split edge 0→4, new hidden node 7 (pool=6)
2026-08-15 02:11:14,200 [DEBUG] cnn_neat: Added edge 5→2 (from 16 candidates)
2026-08-15 02:11:14,211 [DEBUG] cnn_neat: Removed hidden node 5 (pool=2)
2026-08-15 02:11:14,214 [DEBUG] cnn_neat: Removed edge 4→5 (from 2 candidates)
2026-08-15 02:11:14,224 [DEBUG] cnn_neat: Removed 2 edges (requested 3)
2026-08-15 02:11:14,228 [DEBUG] cnn_neat: Split edge 2→1, new hidden node 8 (pool=7)
2026-08-15 02:11:14,234 [DEBUG] cnn_neat: Split edge 5→3, new hidden node 7 (pool=7)
2026-08-15 02:11:14,240 [DEBUG] cnn_neat: Added edge 5→2 (from 19 candidates)
2026-08-15 02:11:14,355 [DEBUG] cnn_neat: Added edge 3→1 (from 14 candidates)
2026-08-15 02:11:14,365 [DEBUG] cnn_neat: Split edge 4→6, new hidden node 8 (pool=5)
2026-08-15 02:11:14,371 [DEBUG] cnn_neat: Added edge 0→5 (from 15 candidates)
2026-08-15 02:11:14,380 [DEBUG] cnn_neat: Removed hidden node 7 (pool=2)
2026-08-15 02:11:14,384 [DEBUG] cnn_neat: Removed edge 0→7 (from 2 candidates)
2026-08-15 02:11:14,390 [DEBUG] cnn_neat: Removed 2 edges (requested 3)
2026-08-15 02:11:14,391 [DEBUG] cnn_neat: Split edge 4→6, new hidden node 8 (pool=7)
2026-08-15 02:11:14,393 [DEBUG] cnn_neat: Added edge 7→5 (from 14 candidates)
2026-08-15 02:11:14,395 [DEBUG] cnn_neat: Split edge 4→8, new hidden node 9 (pool=8)
2026-08-15 02:11:14,403 [DEBUG] cnn_neat: Removed hidden node 7 (pool=2)
2026-08-15 02:11:14,408 [DEBUG] cnn_neat: Added edge 7→8 (from 19 candidates)
2026-08-15 02:11:14,414 [DEBUG] cnn_neat: Split edge 0→7, new hidden node 8 (pool=8)
2026-08-15 02:11:14,422 [DEBUG] cnn_neat: Split edge 2→1, new hidden node 7 (pool=6)
2026-08-15 02:11:14,425 [DEBUG] cnn_neat: Added edge 0→2 (from 7 candidates)
2026-08-15 02:11:14,433 [DEBUG] cnn_neat: Removed hidden node 5 (pool=1)
2026-08-15 02:11:14,434 [DEBUG] cnn_neat: Removed edge 4→5 (from 2 candidates)
2026-08-15 02:11:14,436 [DEBUG] cnn_neat: Removed 2 edges (requested 3)
2026-08-15 02:11:14,441 [DEBUG] cnn_neat: Split edge 0→4, new hidden node 8 (pool=7)
2026-08-15 02:11:14,446 [DEBUG] cnn_neat: Split edge 2→5, new hidden node 7 (pool=4)
2026-08-15 02:11:14,451 [DEBUG] cnn_neat: Added edge 0→6 (from 10 candidates)
2026-08-15 02:11:14,457 [DEBUG] cnn_neat: Added edge 6→1 (from 7 candidates)
2026-08-15 02:11:14,461 [DEBUG] cnn_neat: Split edge 4→6, new hidden node 7 (pool=6)
2026-08-15 02:11:14,463 [DEBUG] cnn_neat: Added edge 5→2 (from 18 candidates)
2026-08-15 02:11:14,473 [DEBUG] cnn_neat: Removed hidden node 3 (pool=2)
2026-08-15 02:11:14,479 [DEBUG] cnn_neat: Removed edge 4→5 (from 2 candidates)
2026-08-15 02:11:14,481 [DEBUG] cnn_neat: Removed 2 edges (requested 3)
2026-08-15 02:11:14,483 [DEBUG] cnn_neat: Split edge 6→2, new hidden node 7 (pool=7)
2026-08-15 02:11:14,485 [DEBUG] cnn_neat: Added edge 0→6 (from 16 candidates)
2026-08-15 02:11:14,487 [DEBUG] cnn_neat: Split edge 5→2, new hidden node 8 (pool=8)
2026-08-15 02:11:14,496 [DEBUG] cnn_neat: Removed hidden node 5 (pool=3)
2026-08-15 02:11:14,504 [DEBUG] cnn_neat: Added edge 0→6 (from 23 candidates)
2026-08-15 02:11:14,512 [DEBUG] cnn_neat: Split edge 4→6, new hidden node 7 (pool=8)
2026-08-15 02:11:14,521 [DEBUG] cnn_neat: Split edge 6→2, new hidden node 7 (pool=6)
2026-08-15 02:11:14,637 [DEBUG] cnn_neat: Added edge 0→2 (from 18 candidates)
2026-08-15 02:11:14,647 [DEBUG] cnn_neat: Removed hidden node 5 (pool=2)
2026-08-15 02:11:14,648 [DEBUG] cnn_neat: Removed edge 5→3 (from 2 candidates)
2026-08-15 02:11:14,651 [DEBUG] cnn_neat: Removed 2 edges (requested 3)
2026-08-15 02:11:14,659 [DEBUG] cnn_neat: Split edge 2→1, new hidden node 7 (pool=3)
2026-08-15 02:11:14,665 [DEBUG] cnn_neat: Added edge 5→4 (from 17 candidates)
2026-08-15 02:11:14,670 [DEBUG] cnn_neat: Split edge 0→3, new hidden node 8 (pool=7)
2026-08-15 02:11:14,678 [DEBUG] cnn_neat: Removed hidden node 5 (pool=4)
2026-08-15 02:11:14,684 [DEBUG] cnn_neat: Added edge 5→7 (from 25 candidates)
2026-08-15 02:11:14,696 [DEBUG] cnn_neat: Split edge 6→2, new hidden node 7 (pool=8)
2026-08-15 02:11:14,702 [DEBUG] cnn_neat: Added edge 6→5 (from 10 candidates)
2026-08-15 02:11:14,704 [DEBUG] cnn_neat: Removed hidden node 3 (pool=2)
2026-08-15 02:11:14,705 [DEBUG] cnn_neat: Removed edge 4→5 (from 4 candidates)
2026-08-15 02:11:14,714 [DEBUG] cnn_neat: Removed 3 edges (requested 3)
2026-08-15 02:11:14,718 [DEBUG] cnn_neat: Split edge 6→2, new hidden node 7 (pool=9)
2026-08-15 02:11:14,720 [DEBUG] cnn_neat: Added edge 0→6 (from 9 candidates)
2026-08-15 02:11:14,725 [DEBUG] cnn_neat: Split edge 0→3, new hidden node 8 (pool=10)
2026-08-15 02:11:14,737 [DEBUG] cnn_neat: Removed hidden node 5 (pool=2)
2026-08-15 02:11:14,745 [DEBUG] cnn_neat: Added edge 4→2 (from 12 candidates)
2026-08-15 02:11:14,749 [DEBUG] cnn_neat: Split edge 0→3, new hidden node 7 (pool=10)
2026-08-15 02:11:14,752 [DEBUG] cnn_neat: Split edge 4→6, new hidden node 7 (pool=4)
2026-08-15 02:11:14,755 [DEBUG] cnn_neat: Added edge 0→6 (from 4 candidates)
2026-08-15 02:11:14,770 [DEBUG] cnn_neat: Split edge 4→6, new hidden node 7 (pool=4)
2026-08-15 02:11:14,775 [DEBUG] cnn_neat: Added edge 5→1 (from 7 candidates)
2026-08-15 02:11:14,784 [DEBUG] cnn_neat: Removed hidden node 5 (pool=1)
2026-08-15 02:11:14,789 [DEBUG] cnn_neat: Removed edge 2→5 (from 1 candidates)
2026-08-15 02:11:14,905 [DEBUG] cnn_neat: Removed 1 edges (requested 3)
2026-08-15 02:11:14,910 [DEBUG] cnn_neat: Split edge 6→2, new hidden node 7 (pool=5)
2026-08-15 02:11:14,912 [DEBUG] cnn_neat: Added edge 3→4 (from 10 candidates)
2026-08-15 02:11:14,914 [DEBUG] cnn_neat: Removed hidden node 3 (pool=1)
2026-08-15 02:11:14,919 [DEBUG] cnn_neat: Removed edge 0→3 (from 1 candidates)
2026-08-15 02:11:14,920 [DEBUG] cnn_neat: Removed 1 edges (requested 3)
2026-08-15 02:11:14,928 [DEBUG] cnn_neat: Split edge 0→3, new hidden node 7 (pool=5)
2026-08-15 02:11:14,933 [DEBUG] cnn_neat: Added edge 4→5 (from 15 candidates)
2026-08-15 02:11:14,935 [DEBUG] cnn_neat: Removed hidden node 3 (pool=2)
2026-08-15 02:11:14,936 [DEBUG] cnn_neat: Removed edge 0→3 (from 2 candidates)
2026-08-15 02:11:14,938 [DEBUG] cnn_neat: Removed 2 edges (requested 3)
2026-08-15 02:11:14,946 [DEBUG] cnn_neat: Split edge 0→7, new hidden node 8 (pool=6)
2026-08-15 02:11:14,950 [DEBUG] cnn_neat: Added edge 0→6 (from 24 candidates)
2026-08-15 02:11:14,956 [DEBUG] cnn_neat: Removed hidden node 7 (pool=3)
2026-08-15 02:11:14,959 [DEBUG] cnn_neat: Removed edge 2→5 (from 3 candidates)
2026-08-15 02:11:14,964 [DEBUG] cnn_neat: Removed 3 edges (requested 3)
2026-08-15 02:11:14,974 [DEBUG] cnn_neat: Split edge 7→3, new hidden node 8 (pool=7)
2026-08-15 02:11:15,010 [DEBUG] cnn_neat: Added edge 6→3 (from 24 candidates)
2026-08-15 02:11:15,014 [DEBUG] cnn_neat: Split edge 6→2, new hidden node 9 (pool=5)
2026-08-15 02:11:15,035 [DEBUG] cnn_neat: Removed hidden node 5 (pool=4)
2026-08-15 02:11:15,039 [DEBUG] cnn_neat: Added edge 4→3 (from 34 candidates)
2026-08-15 02:11:15,048 [DEBUG] cnn_neat: Split edge 0→3, new hidden node 7 (pool=6)
2026-08-15 02:11:15,052 [DEBUG] cnn_neat: Added edge 0→2 (from 11 candidates)
2026-08-15 02:11:15,194 [DEBUG] cnn_neat: Removed hidden node 3 (pool=2)
2026-08-15 02:11:15,197 [DEBUG] cnn_neat: Removed edge 2→3 (from 3 candidates)
2026-08-15 02:11:15,202 [DEBUG] cnn_neat: Removed 3 edges (requested 3)
2026-08-15 02:11:15,204 [DEBUG] cnn_neat: Split edge 0→4, new hidden node 8 (pool=7)
2026-08-15 02:11:15,207 [DEBUG] cnn_neat: Added edge 5→1 (from 20 candidates)
2026-08-15 02:11:15,211 [DEBUG] cnn_neat: Split edge 7→3, new hidden node 9 (pool=4)
2026-08-15 02:11:15,217 [DEBUG] cnn_neat: Removed hidden node 3 (pool=3)
2026-08-15 02:11:15,220 [DEBUG] cnn_neat: Added edge 0→6 (from 26 candidates)
2026-08-15 02:11:15,224 [DEBUG] cnn_neat: Split edge 6→2, new hidden node 8 (pool=7)
2026-08-15 02:11:15,229 [DEBUG] cnn_neat: Split edge 4→6, new hidden node 7 (pool=7)
2026-08-15 02:11:15,232 [DEBUG] cnn_neat: Added edge 3→1 (from 11 candidates)
2026-08-15 02:11:15,237 [DEBUG] cnn_neat: Removed hidden node 3 (pool=2)
2026-08-15 02:11:15,240 [DEBUG] cnn_neat: Removed edge 2→5 (from 2 candidates)
2026-08-15 02:11:15,245 [DEBUG] cnn_neat: Removed 3 edges (requested 3)
2026-08-15 02:11:15,250 [DEBUG] cnn_neat: Split edge 0→4, new hidden node 7 (pool=8)
2026-08-15 02:11:15,254 [DEBUG] cnn_neat: Added edge 0→6 (from 9 candidates)
2026-08-15 02:11:15,259 [DEBUG] cnn_neat: Split edge 6→2, new hidden node 8 (pool=9)
2026-08-15 02:11:15,266 [DEBUG] cnn_neat: Removed hidden node 5 (pool=4)
2026-08-15 02:11:15,271 [DEBUG] cnn_neat: Added edge 7→5 (from 10 candidates)
2026-08-15 02:11:15,277 [DEBUG] cnn_neat: Split edge 0→3, new hidden node 8 (pool=8)
2026-08-15 02:11:15,280 [DEBUG] cnn_neat: Added edge 3→6 (from 22 candidates)
2026-08-15 02:11:15,286 [DEBUG] cnn_neat: Removed hidden node 5 (pool=3)
2026-08-15 02:11:15,289 [DEBUG] cnn_neat: Removed edge 4→7 (from 4 candidates)
2026-08-15 02:11:15,294 [DEBUG] cnn_neat: Removed 3 edges (requested 3)
2026-08-15 02:11:15,297 [DEBUG] cnn_neat: Split edge 6→2, new hidden node 9 (pool=9)
2026-08-15 02:11:15,302 [DEBUG] cnn_neat: Split edge 4→6, new hidden node 8 (pool=9)
2026-08-15 02:11:15,305 [DEBUG] cnn_neat: Split edge 6→2, new hidden node 8 (pool=5)
2026-08-15 02:11:15,310 [DEBUG] cnn_neat: Split edge 6→3, new hidden node 7 (pool=8)
2026-08-15 02:11:15,313 [DEBUG] cnn_neat: Added edge 0→3 (from 10 candidates)
2026-08-15 02:11:15,318 [DEBUG] cnn_neat: Removed hidden node 3 (pool=2)
2026-08-15 02:11:15,320 [DEBUG] cnn_neat: Removed edge 2→5 (from 4 candidates)
2026-08-15 02:11:15,325 [DEBUG] cnn_neat: Removed 3 edges (requested 3)
2026-08-15 02:11:15,329 [DEBUG] cnn_neat: Saved generation 6
2026-08-15 02:11:15,377 [DEBUG] cnn_neat: Split edge 7→3, new hidden node 8 (pool=9)
2026-08-15 02:11:15,389 [DEBUG] cnn_neat: Selected 25 elite individuals
2026-08-15 02:11:15,394 [DEBUG] cnn_neat: Split edge 4→5, new hidden node 7 (pool=7)
2026-08-15 02:11:15,405 [DEBUG] cnn_neat: Added edge 4→2 (from 18 candidates)
2026-08-15 02:11:15,446 [DEBUG] cnn_neat: Added edge 2→5 (from 14 candidates)
2026-08-15 02:11:15,456 [DEBUG] cnn_neat: Split edge 4→5, new hidden node 9 (pool=7)
2026-08-15 02:11:15,476 [DEBUG] cnn_neat: Split edge 6→2, new hidden node 7 (pool=6)
2026-08-15 02:11:15,484 [DEBUG] cnn_neat: Added edge 6→5 (from 9 candidates)
2026-08-15 02:11:15,495 [DEBUG] cnn_neat: Removed hidden node 3 (pool=2)
2026-08-15 02:11:15,501 [DEBUG] cnn_neat: Removed edge 0→3 (from 4 candidates)
2026-08-15 02:11:15,514 [DEBUG] cnn_neat: Removed 3 edges (requested 3)
2026-08-15 02:11:15,519 [DEBUG] cnn_neat: Split edge 0→3, new hidden node 8 (pool=3)
2026-08-15 02:11:15,523 [DEBUG] cnn_neat: Split edge 2→1, new hidden node 7 (pool=9)
2026-08-15 02:11:15,528 [DEBUG] cnn_neat: Split edge 2→1, new hidden node 7 (pool=4)
2026-08-15 02:11:15,534 [DEBUG] cnn_neat: Split edge 2→1, new hidden node 7 (pool=4)
2026-08-15 02:11:15,538 [DEBUG] cnn_neat: Added edge 0→6 (from 4 candidates)
2026-08-15 02:11:15,544 [DEBUG] cnn_neat: Trimmed elite queue to 128 entries
2026-08-15 02:11:15,783 [DEBUG] cnn_neat: Split edge 2→1, new hidden node 7 (pool=4)
2026-08-15 02:11:15,785 [DEBUG] cnn_neat: Split edge 2→1, new hidden node 8 (pool=7)
2026-08-15 02:11:15,789 [DEBUG] cnn_neat: Added edge 4→5 (from 7 candidates)
2026-08-15 02:11:15,791 [DEBUG] cnn_neat: Added edge 0→5 (from 21 candidates)
2026-08-15 02:11:15,797 [DEBUG] cnn_neat: Removed hidden node 5 (pool=1)
2026-08-15 02:11:15,803 [DEBUG] cnn_neat: Removed edge 2→5 (from 1 candidates)
2026-08-15 02:11:15,804 [DEBUG] cnn_neat: Removed hidden node 6 (pool=4)
2026-08-15 02:11:15,807 [DEBUG] cnn_neat: Removed 1 edges (requested 3)
2026-08-15 02:11:15,808 [DEBUG] cnn_neat: Removed edge 4→6 (from 6 candidates)
2026-08-15 02:11:15,811 [DEBUG] cnn_neat: Removed 3 edges (requested 3)
2026-08-15 02:11:15,813 [DEBUG] cnn_neat: Split edge 4→6, new hidden node 7 (pool=5)
2026-08-15 02:11:15,814 [DEBUG] cnn_neat: Added edge 6→3 (from 14 candidates)
2026-08-15 02:11:15,818 [DEBUG] cnn_neat: Removed hidden node 3 (pool=1)
2026-08-15 02:11:15,821 [DEBUG] cnn_neat: Split edge 6→2, new hidden node 8 (pool=5)
2026-08-15 02:11:15,824 [DEBUG] cnn_neat: Crossover rejected: copied edge has no live Conv2d
2026-08-15 02:11:15,826 [DEBUG] cnn_neat: Split edge 7→2, new hidden node 8 (pool=7)
2026-08-15 02:11:15,828 [DEBUG] cnn_neat: Added edge 7→5 (from 21 candidates)
2026-08-15 02:11:15,829 [DEBUG] cnn_neat: Added edge 7→6 (from 22 candidates)
2026-08-15 02:11:15,832 [DEBUG] cnn_neat: Added edge 0→2 (from 20 candidates)
2026-08-15 02:11:15,834 [DEBUG] cnn_neat: Added edge 2→3 (from 21 candidates)
2026-08-15 02:11:15,836 [DEBUG] cnn_neat: Added edge 0→7 (from 16 candidates)
2026-08-15 02:11:15,839 [DEBUG] cnn_neat: Split edge 0→4, new hidden node 8 (pool=8)
2026-08-15 02:11:15,841 [DEBUG] cnn_neat: Added edge 0→6 (from 12 candidates)
2026-08-15 02:11:15,845 [DEBUG] cnn_neat: Removed hidden node 5 (pool=3)
2026-08-15 02:11:15,847 [DEBUG] cnn_neat: Removed edge 7→2 (from 6 candidates)
2026-08-15 02:11:15,850 [DEBUG] cnn_neat: Removed 3 edges (requested 3)
2026-08-15 02:11:15,851 [DEBUG] cnn_neat: Split edge 2→1, new hidden node 7 (pool=4)
2026-08-15 02:11:15,853 [DEBUG] cnn_neat: Added edge 0→5 (from 11 candidates)
2026-08-15 02:11:15,855 [DEBUG] cnn_neat: Removed hidden node 5 (pool=1)
2026-08-15 02:11:15,858 [DEBUG] cnn_neat: Split edge 2→7, new hidden node 8 (pool=5)
2026-08-15 02:11:15,860 [DEBUG] cnn_neat: Crossover rejected: copied edge has no live Conv2d
2026-08-15 02:11:15,863 [DEBUG] cnn_neat: Split edge 6→5, new hidden node 8 (pool=8)
2026-08-15 02:11:15,865 [DEBUG] cnn_neat: Added edge 7→6 (from 12 candidates)
2026-08-15 02:11:15,867 [DEBUG] cnn_neat: Added edge 5→1 (from 10 candidates)
2026-08-15 02:11:15,870 [DEBUG] cnn_neat: Added edge 7→1 (from 8 candidates)
2026-08-15 02:11:15,872 [DEBUG] cnn_neat: Added edge 4→2 (from 6 candidates)
2026-08-15 02:11:15,875 [DEBUG] cnn_neat: Added edge 0→5 (from 6 candidates)
2026-08-15 02:11:15,877 [DEBUG] cnn_neat: Split edge 0→3, new hidden node 8 (pool=8)
2026-08-15 02:11:15,880 [DEBUG] cnn_neat: Added edge 0→2 (from 14 candidates)
2026-08-15 02:11:15,884 [DEBUG] cnn_neat: Removed hidden node 6 (pool=4)
2026-08-15 02:11:15,886 [DEBUG] cnn_neat: Removed edge 7→2 (from 8 candidates)
2026-08-15 02:11:15,889 [DEBUG] cnn_neat: Removed 3 edges (requested 3)
2026-08-15 02:11:15,891 [DEBUG] cnn_neat: Split edge 0→3, new hidden node 7 (pool=5)
2026-08-15 02:11:15,892 [DEBUG] cnn_neat: Added edge 0→6 (from 19 candidates)
2026-08-15 02:11:15,895 [DEBUG] cnn_neat: Crossover rejected: copied edge has no live Conv2d
2026-08-15 02:11:15,897 [DEBUG] cnn_neat: Split edge 4→7, new hidden node 8 (pool=8)
2026-08-15 02:11:15,899 [DEBUG] cnn_neat: Added edge 2→3 (from 14 candidates)
2026-08-15 02:11:15,901 [DEBUG] cnn_neat: Added edge 7→6 (from 13 candidates)
2026-08-15 02:11:15,902 [DEBUG] cnn_neat: Added edge 7→5 (from 11 candidates)
2026-08-15 02:11:15,906 [DEBUG] cnn_neat: Added edge 0→2 (from 12 candidates)
2026-08-15 02:11:15,908 [DEBUG] cnn_neat: Added edge 0→6 (from 13 candidates)
2026-08-15 02:11:15,910 [DEBUG] cnn_neat: Split edge 8→3, new hidden node 9 (pool=11)
2026-08-15 02:11:15,912 [DEBUG] cnn_neat: Added edge 4→5 (from 28 candidates)
2026-08-15 02:11:15,915 [DEBUG] cnn_neat: Removed hidden node 3 (pool=5)
2026-08-15 02:11:15,917 [DEBUG] cnn_neat: Removed edge 6→5 (from 9 candidates)
2026-08-15 02:11:15,921 [DEBUG] cnn_neat: Removed 3 edges (requested 3)
2026-08-15 02:11:15,925 [DEBUG] cnn_neat: Crossover rejected: copied edge has no live Conv2d
2026-08-15 02:11:15,927 [DEBUG] cnn_neat: Split edge 5→3, new hidden node 9 (pool=11)
2026-08-15 02:11:15,929 [DEBUG] cnn_neat: Added edge 8→4 (from 28 candidates)
2026-08-15 02:11:15,931 [DEBUG] cnn_neat: Added edge 6→1 (from 22 candidates)
2026-08-15 02:11:15,934 [DEBUG] cnn_neat: Added edge 7→5 (from 21 candidates)
2026-08-15 02:11:15,937 [DEBUG] cnn_neat: Added edge 3→1 (from 20 candidates)
2026-08-15 02:11:15,940 [DEBUG] cnn_neat: Added edge 6→7 (from 18 candidates)
2026-08-15 02:11:15,943 [DEBUG] cnn_neat: Split edge 6→2, new hidden node 8 (pool=11)
2026-08-15 02:11:15,944 [DEBUG] cnn_neat: Added edge 7→6 (from 15 candidates)
2026-08-15 02:11:15,949 [DEBUG] cnn_neat: Removed hidden node 5 (pool=4)
2026-08-15 02:11:15,951 [DEBUG] cnn_neat: Removed edge 7→2 (from 9 candidates)
2026-08-15 02:11:15,954 [DEBUG] cnn_neat: Removed 3 edges (requested 3)
2026-08-15 02:11:15,956 [DEBUG] cnn_neat: Crossover rejected: copied edge has no live Conv2d
2026-08-15 02:11:15,958 [DEBUG] cnn_neat: Split edge 5→3, new hidden node 8 (pool=11)
2026-08-15 02:11:15,960 [DEBUG] cnn_neat: Added edge 4→5 (from 15 candidates)
2026-08-15 02:11:15,962 [DEBUG] cnn_neat: Added edge 5→1 (from 14 candidates)
2026-08-15 02:11:15,965 [DEBUG] cnn_neat: Added edge 2→3 (from 12 candidates)
2026-08-15 02:11:15,968 [DEBUG] cnn_neat: Added edge 4→2 (from 11 candidates)
2026-08-15 02:11:15,971 [DEBUG] cnn_neat: Added edge 0→7 (from 13 candidates)
2026-08-15 02:11:15,974 [DEBUG] cnn_neat: Split edge 7→5, new hidden node 9 (pool=14)
2026-08-15 02:11:15,977 [DEBUG] cnn_neat: Added edge 8→3 (from 23 candidates)
2026-08-15 02:11:15,981 [DEBUG] cnn_neat: Removed hidden node 5 (pool=6)
2026-08-15 02:11:15,984 [DEBUG] cnn_neat: Removed edge 4→6 (from 13 candidates)
2026-08-15 02:11:15,989 [DEBUG] cnn_neat: Removed 3 edges (requested 3)
2026-08-15 02:11:15,992 [DEBUG] cnn_neat: Crossover rejected: copied edge has no live Conv2d
2026-08-15 02:11:15,994 [DEBUG] cnn_neat: Split edge 7→3, new hidden node 9 (pool=14)
2026-08-15 02:11:15,997 [DEBUG] cnn_neat: Added edge 7→1 (from 23 candidates)
2026-08-15 02:11:15,999 [DEBUG] cnn_neat: Added edge 3→2 (from 21 candidates)
2026-08-15 02:11:16,003 [DEBUG] cnn_neat: Added edge 0→8 (from 17 candidates)
2026-08-15 02:11:16,007 [DEBUG] cnn_neat: Added edge 2→8 (from 21 candidates)
2026-08-15 02:11:16,012 [DEBUG] cnn_neat: Added edge 6→1 (from 17 candidates)
2026-08-15 02:11:16,014 [DEBUG] cnn_neat: Split edge 4→3, new hidden node 8 (pool=10)
2026-08-15 02:11:16,017 [DEBUG] cnn_neat: Added edge 6→5 (from 12 candidates)
2026-08-15 02:11:16,020 [DEBUG] cnn_neat: Removed hidden node 5 (pool=5)
2026-08-15 02:11:16,023 [DEBUG] cnn_neat: Removed edge 2→1 (from 13 candidates)
2026-08-15 02:11:16,027 [DEBUG] cnn_neat: Removed 3 edges (requested 3)
2026-08-15 02:11:16,031 [DEBUG] cnn_neat: Crossover rejected: union topology invalid (edges=25 nodes=14)
2026-08-15 02:11:16,033 [DEBUG] cnn_neat: Split edge 7→1, new hidden node 8 (pool=10)
2026-08-15 02:11:16,036 [DEBUG] cnn_neat: Added edge 2→7 (from 12 candidates)
2026-08-15 02:11:16,038 [DEBUG] cnn_neat: Added edge 0→5 (from 9 candidates)
2026-08-15 02:11:16,039 [DEBUG] cnn_neat: Added edge 6→5 (from 7 candidates)
2026-08-15 02:11:16,042 [DEBUG] cnn_neat: Added edge 4→2 (from 6 candidates)
2026-08-15 02:11:16,044 [DEBUG] cnn_neat: Added edge 2→5 (from 9 candidates)
2026-08-15 02:11:16,047 [DEBUG] cnn_neat: Split edge 4→7, new hidden node 9 (pool=8)
2026-08-15 02:11:16,049 [DEBUG] cnn_neat: Added edge 0→3 (from 24 candidates)
2026-08-15 02:11:16,053 [DEBUG] cnn_neat: Removed hidden node 5 (pool=6)
2026-08-15 02:11:16,056 [DEBUG] cnn_neat: Removed edge 2→1 (from 13 candidates)
2026-08-15 02:11:16,060 [DEBUG] cnn_neat: Removed 3 edges (requested 3)
2026-08-15 02:11:16,064 [DEBUG] cnn_neat: Crossover rejected: union topology invalid (edges=23 nodes=15)
2026-08-15 02:11:16,066 [DEBUG] cnn_neat: Split edge 7→5, new hidden node 9 (pool=8)
2026-08-15 02:11:16,069 [DEBUG] cnn_neat: Added edge 2→7 (from 24 candidates)
2026-08-15 02:11:16,071 [DEBUG] cnn_neat: Added edge 8→5 (from 20 candidates)
2026-08-15 02:11:16,073 [DEBUG] cnn_neat: Added edge 2→3 (from 18 candidates)
2026-08-15 02:11:16,076 [DEBUG] cnn_neat: Added edge 6→3 (from 17 candidates)
2026-08-15 02:11:16,078 [DEBUG] cnn_neat: Added edge 0→3 (from 16 candidates)
2026-08-15 02:11:16,081 [DEBUG] cnn_neat: Split edge 0→2, new hidden node 8 (pool=8)
2026-08-15 02:11:16,086 [DEBUG] cnn_neat: Added edge 2→7 (from 11 candidates)
2026-08-15 02:11:16,091 [DEBUG] cnn_neat: Removed hidden node 4 (pool=6)
2026-08-15 02:11:16,094 [DEBUG] cnn_neat: Removed edge 2→3 (from 9 candidates)
2026-08-15 02:11:16,100 [DEBUG] cnn_neat: Removed 3 edges (requested 3)
2026-08-15 02:11:16,104 [DEBUG] cnn_neat: Crossover rejected: union topology invalid (edges=22 nodes=13)
2026-08-15 02:11:16,107 [DEBUG] cnn_neat: Split edge 0→5, new hidden node 8 (pool=8)
2026-08-15 02:11:16,111 [DEBUG] cnn_neat: Added edge 2→7 (from 11 candidates)
2026-08-15 02:11:16,115 [DEBUG] cnn_neat: Added edge 6→1 (from 10 candidates)
2026-08-15 02:11:16,118 [DEBUG] cnn_neat: Added edge 2→6 (from 9 candidates)
2026-08-15 02:11:16,122 [DEBUG] cnn_neat: Added edge 7→6 (from 8 candidates)
2026-08-15 02:11:16,126 [DEBUG] cnn_neat: Added edge 4→5 (from 7 candidates)
2026-08-15 02:11:16,128 [DEBUG] cnn_neat: Split edge 0→5, new hidden node 7 (pool=5)
2026-08-15 02:11:16,130 [DEBUG] cnn_neat: Added edge 5→4 (from 10 candidates)
2026-08-15 02:11:16,133 [DEBUG] cnn_neat: Removed hidden node 5 (pool=1)
2026-08-15 02:11:16,134 [DEBUG] cnn_neat: Split edge 4→6, new hidden node 7 (pool=4)
2026-08-15 02:11:16,136 [DEBUG] cnn_neat: Added edge 0→6 (from 6 candidates)
2026-08-15 02:11:16,138 [DEBUG] cnn_neat: Removed hidden node 7 (pool=2)
2026-08-15 02:11:16,139 [DEBUG] cnn_neat: Removed edge 0→4 (from 1 candidates)
2026-08-15 02:11:16,141 [DEBUG] cnn_neat: Split edge 2→1, new hidden node 7 (pool=3)
2026-08-15 02:11:16,142 [DEBUG] cnn_neat: Split edge 0→6, new hidden node 8 (pool=4)
2026-08-15 02:11:16,144 [DEBUG] cnn_neat: Removed edge 0→5 (from 1 candidates)
2026-08-15 02:11:16,146 [DEBUG] cnn_neat: Split edge 0→4, new hidden node 7 (pool=4)
2026-08-15 02:11:16,148 [DEBUG] cnn_neat: Added edge 0→4 (from 6 candidates)
2026-08-15 02:11:16,151 [DEBUG] cnn_neat: Removed hidden node 7 (pool=1)
2026-08-15 02:11:16,154 [DEBUG] cnn_neat: Split edge 4→6, new hidden node 7 (pool=4)
2026-08-15 02:11:16,156 [DEBUG] cnn_neat: Split edge 0→4, new hidden node 8 (pool=5)
2026-08-15 02:11:16,157 [DEBUG] cnn_neat: Removed 1 edges (requested 3)
2026-08-15 02:11:16,159 [DEBUG] cnn_neat: Split edge 0→4, new hidden node 7 (pool=4)
2026-08-15 02:11:16,161 [DEBUG] cnn_neat: Added edge 6→1 (from 6 candidates)
2026-08-15 02:11:16,164 [DEBUG] cnn_neat: Removed hidden node 2 (pool=1)
2026-08-15 02:11:16,167 [DEBUG] cnn_neat: Split edge 0→7, new hidden node 8 (pool=4)
2026-08-15 02:11:16,169 [DEBUG] cnn_neat: Crossover rejected: copied edge has no live Conv2d
2026-08-15 02:11:16,171 [DEBUG] cnn_neat: Split edge 6→2, new hidden node 7 (pool=5)
2026-08-15 02:11:16,172 [DEBUG] cnn_neat: Added edge 0→2 (from 10 candidates)
2026-08-15 02:11:16,174 [DEBUG] cnn_neat: Added edge 2→5 (from 11 candidates)
2026-08-15 02:11:16,176 [DEBUG] cnn_neat: Added edge 5→1 (from 7 candidates)
2026-08-15 02:11:16,178 [DEBUG] cnn_neat: Added edge 6→1 (from 6 candidates)
2026-08-15 02:11:16,180 [DEBUG] cnn_neat: Added edge 0→6 (from 5 candidates)
2026-08-15 02:11:16,182 [DEBUG] cnn_neat: Split edge 7→5, new hidden node 8 (pool=5)
2026-08-15 02:11:16,183 [DEBUG] cnn_neat: Added edge 7→1 (from 19 candidates)
2026-08-15 02:11:16,186 [DEBUG] cnn_neat: Removed hidden node 5 (pool=2)
2026-08-15 02:11:16,188 [DEBUG] cnn_neat: Split edge 6→2, new hidden node 7 (pool=4)
2026-08-15 02:11:16,190 [DEBUG] cnn_neat: Added edge 0→6 (from 6 candidates)
2026-08-15 02:11:16,193 [DEBUG] cnn_neat: Removed hidden node 4 (pool=1)
2026-08-15 02:11:16,194 [DEBUG] cnn_neat: Removed edge 7→5 (from 1 candidates)
2026-08-15 02:11:16,196 [DEBUG] cnn_neat: Split edge 4→6, new hidden node 7 (pool=4)
2026-08-15 02:11:16,197 [DEBUG] cnn_neat: Added edge 6→1 (from 6 candidates)
2026-08-15 02:11:16,200 [DEBUG] cnn_neat: Removed hidden node 2 (pool=1)
2026-08-15 02:11:16,278 [DEBUG] cnn_neat: Split edge 0→4, new hidden node 6 (pool=12)
2026-08-15 02:11:16,322 [DEBUG] cnn_neat: Added edge 0→1 (from 3 candidates)
2026-08-15 02:11:16,366 [DEBUG] cnn_neat: Removed hidden node 2 (pool=4)
2026-08-15 02:11:16,375 [DEBUG] cnn_neat: Removed edge 4→5 (from 12 candidates)
2026-08-15 02:11:16,389 [DEBUG] cnn_neat: Removed 3 edges (requested 3)
2026-08-15 02:11:16,398 [DEBUG] cnn_neat: Split edge 2→3, new hidden node 7 (pool=11)
2026-08-15 02:11:16,405 [DEBUG] cnn_neat: Split edge 2→1, new hidden node 6 (pool=6)
2026-08-15 02:11:16,415 [DEBUG] cnn_neat: Added edge 2→6 (from 8 candidates)
2026-08-15 02:11:16,421 [DEBUG] cnn_neat: Added edge 4→1 (from 6 candidates)
2026-08-15 02:11:16,432 [DEBUG] cnn_neat: Split edge 6→2, new hidden node 8 (pool=7)
2026-08-15 02:11:16,438 [DEBUG] cnn_neat: Added edge 7→3 (from 15 candidates)
2026-08-15 02:11:16,447 [DEBUG] cnn_neat: Removed hidden node 6 (pool=4)
2026-08-15 02:11:16,452 [DEBUG] cnn_neat: Removed edge 5→3 (from 6 candidates)
2026-08-15 02:11:16,675 [DEBUG] cnn_neat: Removed 3 edges (requested 3)
2026-08-15 02:11:16,691 [DEBUG] cnn_neat: Split edge 7→2, new hidden node 8 (pool=8)
2026-08-15 02:11:16,703 [DEBUG] cnn_neat: Split edge 0→4, new hidden node 8 (pool=6)
2026-08-15 02:11:16,717 [DEBUG] cnn_neat: Added edge 0→6 (from 14 candidates)
2026-08-15 02:11:16,730 [DEBUG] cnn_neat: Added edge 6→7 (from 29 candidates)
2026-08-15 02:11:16,788 [DEBUG] cnn_neat: Split edge 6→5, new hidden node 8 (pool=10)
2026-08-15 02:11:16,794 [DEBUG] cnn_neat: Added edge 2→3 (from 16 candidates)
2026-08-15 02:11:16,813 [DEBUG] cnn_neat: Removed hidden node 3 (pool=4)
2026-08-15 02:11:16,821 [DEBUG] cnn_neat: Removed edge 0→3 (from 8 candidates)
2026-08-15 02:11:16,836 [DEBUG] cnn_neat: Removed 3 edges (requested 3)
2026-08-15 02:11:16,840 [DEBUG] cnn_neat: Split edge 2→1, new hidden node 9 (pool=10)
2026-08-15 02:11:16,844 [DEBUG] cnn_neat: Split edge 4→7, new hidden node 8 (pool=11)
2026-08-15 02:11:16,850 [DEBUG] cnn_neat: Split edge 4→6, new hidden node 8 (pool=7)
2026-08-15 02:11:16,855 [DEBUG] cnn_neat: Added edge 6→3 (from 21 candidates)
2026-08-15 02:11:16,861 [DEBUG] cnn_neat: Removed hidden node 6 (pool=4)
2026-08-15 02:11:16,865 [DEBUG] cnn_neat: Removed edge 6→2 (from 6 candidates)
2026-08-15 02:11:16,871 [DEBUG] cnn_neat: Removed 3 edges (requested 3)
2026-08-15 02:11:16,875 [DEBUG] cnn_neat: Split edge 6→2, new hidden node 9 (pool=8)
2026-08-15 02:11:16,880 [DEBUG] cnn_neat: Split edge 4→6, new hidden node 8 (pool=8)
2026-08-15 02:11:16,886 [DEBUG] cnn_neat: Split edge 4→7, new hidden node 8 (pool=8)
2026-08-15 02:11:16,890 [DEBUG] cnn_neat: Added edge 5→1 (from 12 candidates)
2026-08-15 02:11:16,897 [DEBUG] cnn_neat: Removed hidden node 7 (pool=3)
2026-08-15 02:11:16,900 [DEBUG] cnn_neat: Removed edge 2→5 (from 6 candidates)
2026-08-15 02:11:16,906 [DEBUG] cnn_neat: Removed 3 edges (requested 3)
2026-08-15 02:11:16,910 [DEBUG] cnn_neat: Split edge 6→2, new hidden node 9 (pool=9)
2026-08-15 02:11:16,916 [DEBUG] cnn_neat: Split edge 4→6, new hidden node 8 (pool=8)
2026-08-15 02:11:16,920 [DEBUG] cnn_neat: Added edge 0→2 (from 14 candidates)
2026-08-15 02:11:16,928 [DEBUG] cnn_neat: Removed hidden node 3 (pool=4)
2026-08-15 02:11:16,931 [DEBUG] cnn_neat: Removed edge 4→7 (from 8 candidates)
2026-08-15 02:11:16,937 [DEBUG] cnn_neat: Removed 3 edges (requested 3)
2026-08-15 02:11:16,941 [DEBUG] cnn_neat: Split edge 4→8, new hidden node 9 (pool=9)
2026-08-15 02:11:16,945 [DEBUG] cnn_neat: Split edge 4→6, new hidden node 8 (pool=6)
2026-08-15 02:11:16,952 [DEBUG] cnn_neat: Split edge 4→7, new hidden node 9 (pool=11)
2026-08-15 02:11:16,956 [DEBUG] cnn_neat: Added edge 4→2 (from 28 candidates)
2026-08-15 02:11:16,964 [DEBUG] cnn_neat: Removed hidden node 8 (pool=5)
2026-08-15 02:11:16,967 [DEBUG] cnn_neat: Removed edge 4→6 (from 9 candidates)
2026-08-15 02:11:16,974 [DEBUG] cnn_neat: Removed 3 edges (requested 3)
2026-08-15 02:11:16,979 [DEBUG] cnn_neat: Split edge 4→6, new hidden node 10 (pool=12)
2026-08-15 02:11:16,983 [DEBUG] cnn_neat: Split edge 4→6, new hidden node 9 (pool=11)
2026-08-15 02:11:16,990 [DEBUG] cnn_neat: Split edge 4→7, new hidden node 8 (pool=11)
2026-08-15 02:11:16,995 [DEBUG] cnn_neat: Added edge 0→2 (from 15 candidates)
2026-08-15 02:11:17,001 [DEBUG] cnn_neat: Removed hidden node 6 (pool=4)
2026-08-15 02:11:17,005 [DEBUG] cnn_neat: Removed edge 7→2 (from 9 candidates)
2026-08-15 02:11:17,012 [DEBUG] cnn_neat: Removed 3 edges (requested 3)
2026-08-15 02:11:17,016 [DEBUG] cnn_neat: Split edge 0→3, new hidden node 9 (pool=12)
2026-08-15 02:11:17,020 [DEBUG] cnn_neat: Split edge 0→3, new hidden node 8 (pool=3)
2026-08-15 02:11:17,029 [DEBUG] cnn_neat: Split edge 6→7, new hidden node 9 (pool=14)
2026-08-15 02:11:17,036 [DEBUG] cnn_neat: Added edge 3→8 (from 23 candidates)
2026-08-15 02:11:17,046 [DEBUG] cnn_neat: Removed hidden node 8 (pool=6)
2026-08-15 02:11:17,051 [DEBUG] cnn_neat: Removed edge 0→3 (from 13 candidates)
2026-08-15 02:11:17,059 [DEBUG] cnn_neat: Removed 3 edges (requested 3)
2026-08-15 02:11:17,066 [DEBUG] cnn_neat: Split edge 0→4, new hidden node 10 (pool=15)
2026-08-15 02:11:17,118 [DEBUG] cnn_neat: Split edge 4→1, new hidden node 5 (pool=2)
2026-08-15 02:11:17,119 [DEBUG] cnn_neat: Added edge 3→1 (from 6 candidates)
2026-08-15 02:11:17,130 [DEBUG] cnn_neat: Removed hidden node 4 (pool=3)
2026-08-15 02:11:17,135 [DEBUG] cnn_neat: Removed edge 2→1 (from 5 candidates)
2026-08-15 02:11:17,142 [DEBUG] cnn_neat: Removed 3 edges (requested 3)
2026-08-15 02:11:17,147 [DEBUG] cnn_neat: Split edge 3→1, new hidden node 5 (pool=3)
2026-08-15 02:11:17,152 [DEBUG] cnn_neat: Added edge 4→2 (from 5 candidates)
2026-08-15 02:11:17,159 [DEBUG] cnn_neat: Split edge 4→1, new hidden node 6 (pool=2)
2026-08-15 02:11:17,163 [DEBUG] cnn_neat: Removed hidden node 4 (pool=3)
2026-08-15 02:11:17,167 [DEBUG] cnn_neat: Added edge 2→4 (from 11 candidates)
2026-08-15 02:11:17,173 [DEBUG] cnn_neat: Split edge 3→1, new hidden node 5 (pool=6)
2026-08-15 02:11:17,183 [DEBUG] cnn_neat: Split edge 4→5, new hidden node 8 (pool=10)
2026-08-15 02:11:17,193 [DEBUG] cnn_neat: Added edge 3→2 (from 14 candidates)
2026-08-15 02:11:17,205 [DEBUG] cnn_neat: Removed hidden node 6 (pool=5)
2026-08-15 02:11:17,211 [DEBUG] cnn_neat: Removed edge 2→1 (from 12 candidates)
2026-08-15 02:11:17,222 [DEBUG] cnn_neat: Removed 3 edges (requested 3)
2026-08-15 02:11:17,226 [DEBUG] cnn_neat: Split edge 4→3, new hidden node 9 (pool=10)
2026-08-15 02:11:17,233 [DEBUG] cnn_neat: Split edge 7→3, new hidden node 8 (pool=13)
2026-08-15 02:11:17,247 [DEBUG] cnn_neat: Split edge 5→3, new hidden node 8 (pool=10)
2026-08-15 02:11:17,372 [DEBUG] cnn_neat: Added edge 0→6 (from 12 candidates)
2026-08-15 02:11:17,386 [DEBUG] cnn_neat: Removed hidden node 3 (pool=5)
2026-08-15 02:11:17,392 [DEBUG] cnn_neat: Removed edge 6→7 (from 13 candidates)
2026-08-15 02:11:17,405 [DEBUG] cnn_neat: Removed 3 edges (requested 3)
2026-08-15 02:11:17,413 [DEBUG] cnn_neat: Split edge 0→4, new hidden node 9 (pool=8)
2026-08-15 02:11:17,424 [DEBUG] cnn_neat: Split edge 4→7, new hidden node 9 (pool=8)
2026-08-15 02:11:17,430 [DEBUG] cnn_neat: Added edge 0→2 (from 24 candidates)
2026-08-15 02:11:17,445 [DEBUG] cnn_neat: Removed hidden node 8 (pool=6)
2026-08-15 02:11:17,449 [DEBUG] cnn_neat: Removed edge 4→5 (from 13 candidates)
2026-08-15 02:11:17,463 [DEBUG] cnn_neat: Removed 3 edges (requested 3)
2026-08-15 02:11:17,475 [DEBUG] cnn_neat: Split edge 6→7, new hidden node 8 (pool=9)
2026-08-15 02:11:17,595 [DEBUG] cnn_neat: Split edge 4→3, new hidden node 9 (pool=8)
2026-08-15 02:11:17,607 [DEBUG] cnn_neat: Split edge 3→1, new hidden node 8 (pool=8)
2026-08-15 02:11:17,619 [DEBUG] cnn_neat: Added edge 4→5 (from 11 candidates)
2026-08-15 02:11:17,628 [DEBUG] cnn_neat: Removed hidden node 3 (pool=6)
2026-08-15 02:11:17,639 [DEBUG] cnn_neat: Removed edge 2→4 (from 9 candidates)
2026-08-15 02:11:17,658 [DEBUG] cnn_neat: Removed 3 edges (requested 3)
2026-08-15 02:11:17,662 [DEBUG] cnn_neat: Split edge 4→1, new hidden node 9 (pool=7)
2026-08-15 02:11:17,675 [DEBUG] cnn_neat: Split edge 0→3, new hidden node 7 (pool=10)
2026-08-15 02:11:17,679 [DEBUG] cnn_neat: Added edge 3→6 (from 6 candidates)
2026-08-15 02:11:17,694 [DEBUG] cnn_neat: Removed hidden node 4 (pool=5)
2026-08-15 02:11:17,702 [DEBUG] cnn_neat: Removed edge 3→4 (from 10 candidates)
2026-08-15 02:11:17,718 [DEBUG] cnn_neat: Removed 3 edges (requested 3)
2026-08-15 02:11:17,724 [DEBUG] cnn_neat: Split edge 0→2, new hidden node 7 (pool=7)
2026-08-15 02:11:17,730 [DEBUG] cnn_neat: Split edge 0→3, new hidden node 7 (pool=9)
2026-08-15 02:11:17,732 [DEBUG] cnn_neat: Split edge 2→4, new hidden node 7 (pool=8)
2026-08-15 02:11:17,855 [DEBUG] cnn_neat: Split edge 4→6, new hidden node 7 (pool=5)
2026-08-15 02:11:17,860 [DEBUG] cnn_neat: Added edge 0→2 (from 10 candidates)
2026-08-15 02:11:17,869 [DEBUG] cnn_neat: Removed hidden node 5 (pool=2)
2026-08-15 02:11:17,874 [DEBUG] cnn_neat: Removed edge 2→5 (from 2 candidates)
2026-08-15 02:11:17,878 [DEBUG] cnn_neat: Removed 3 edges (requested 3)
2026-08-15 02:11:17,879 [DEBUG] cnn_neat: Split edge 2→1, new hidden node 7 (pool=3)
2026-08-15 02:11:17,881 [DEBUG] cnn_neat: Added edge 0→5 (from 12 candidates)
2026-08-15 02:11:17,887 [DEBUG] cnn_neat: Split edge 0→3, new hidden node 8 (pool=9)
2026-08-15 02:11:17,896 [DEBUG] cnn_neat: Removed hidden node 5 (pool=4)
2026-08-15 02:11:17,903 [DEBUG] cnn_neat: Added edge 4→5 (from 20 candidates)
2026-08-15 02:11:17,909 [DEBUG] cnn_neat: Split edge 0→5, new hidden node 7 (pool=6)
2026-08-15 02:11:17,916 [DEBUG] cnn_neat: Split edge 2→5, new hidden node 7 (pool=8)
2026-08-15 02:11:17,920 [DEBUG] cnn_neat: Added edge 2→3 (from 10 candidates)
2026-08-15 02:11:17,929 [DEBUG] cnn_neat: Removed hidden node 5 (pool=2)
2026-08-15 02:11:17,935 [DEBUG] cnn_neat: Removed edge 2→5 (from 4 candidates)
2026-08-15 02:11:17,944 [DEBUG] cnn_neat: Removed 3 edges (requested 3)
2026-08-15 02:11:17,949 [DEBUG] cnn_neat: Split edge 0→4, new hidden node 7 (pool=9)
2026-08-15 02:11:17,953 [DEBUG] cnn_neat: Added edge 4→2 (from 9 candidates)
2026-08-15 02:11:17,959 [DEBUG] cnn_neat: Split edge 4→5, new hidden node 8 (pool=10)
2026-08-15 02:11:17,969 [DEBUG] cnn_neat: Removed hidden node 5 (pool=2)
2026-08-15 02:11:17,975 [DEBUG] cnn_neat: Added edge 0→6 (from 13 candidates)
2026-08-15 02:11:17,982 [DEBUG] cnn_neat: Split edge 4→2, new hidden node 7 (pool=10)
2026-08-15 02:11:18,111 [DEBUG] cnn_neat: Split edge 2→1, new hidden node 7 (pool=4)
2026-08-15 02:11:18,117 [DEBUG] cnn_neat: Added edge 0→2 (from 4 candidates)
2026-08-15 02:11:18,129 [DEBUG] cnn_neat: Split edge 2→1, new hidden node 7 (pool=2)
2026-08-15 02:11:18,131 [DEBUG] cnn_neat: Added edge 4→1 (from 4 candidates)
2026-08-15 02:11:18,137 [DEBUG] cnn_neat: Removed hidden node 6 (pool=2)
2026-08-15 02:11:18,142 [DEBUG] cnn_neat: Split edge 4→1, new hidden node 7 (pool=3)
2026-08-15 02:11:18,144 [DEBUG] cnn_neat: Removed edge 6→2 (from 4 candidates)
2026-08-15 02:11:18,149 [DEBUG] cnn_neat: Added edge 0→6 (from 3 candidates)
2026-08-15 02:11:18,153 [DEBUG] cnn_neat: Split edge 0→2, new hidden node 8 (pool=2)
2026-08-15 02:11:18,158 [DEBUG] cnn_neat: Split edge 0→4, new hidden node 7 (pool=4)
2026-08-15 02:11:18,161 [DEBUG] cnn_neat: Added edge 0→5 (from 7 candidates)
2026-08-15 02:11:18,163 [DEBUG] cnn_neat: Removed hidden node 5 (pool=1)
2026-08-15 02:11:18,165 [DEBUG] cnn_neat: Removed edge 2→5 (from 1 candidates)
2026-08-15 02:11:18,168 [DEBUG] cnn_neat: Removed 1 edges (requested 3)
2026-08-15 02:11:18,174 [DEBUG] cnn_neat: Split edge 2→1, new hidden node 8 (pool=1)
2026-08-15 02:11:18,176 [DEBUG] cnn_neat: Added edge 6→5 (from 10 candidates)
2026-08-15 02:11:18,216 [DEBUG] cnn_neat: Removed hidden node 5 (pool=1)
2026-08-15 02:11:18,220 [DEBUG] cnn_neat: Added edge 4→5 (from 15 candidates)
2026-08-15 02:11:18,222 [DEBUG] cnn_neat: Split edge 2→1, new hidden node 8 (pool=7)
2026-08-15 02:11:18,241 [DEBUG] cnn_neat: Removed edge 2→5 (from 1 candidates)
2026-08-15 02:11:18,254 [DEBUG] cnn_neat: Removed hidden node 5 (pool=1)
2026-08-15 02:11:18,259 [DEBUG] cnn_neat: Split edge 0→3, new hidden node 7 (pool=5)
2026-08-15 02:11:18,262 [DEBUG] cnn_neat: Added edge 4→2 (from 10 candidates)
2026-08-15 02:11:18,414 [DEBUG] cnn_neat: Removed hidden node 3 (pool=1)
2026-08-15 02:11:18,417 [DEBUG] cnn_neat: Removed edge 0→3 (from 1 candidates)
2026-08-15 02:11:18,419 [DEBUG] cnn_neat: Removed 1 edges (requested 3)
2026-08-15 02:11:18,424 [DEBUG] cnn_neat: Split edge 6→2, new hidden node 7 (pool=5)
2026-08-15 02:11:18,427 [DEBUG] cnn_neat: Added edge 0→2 (from 15 candidates)
2026-08-15 02:11:18,433 [DEBUG] cnn_neat: Removed hidden node 3 (pool=2)
2026-08-15 02:11:18,436 [DEBUG] cnn_neat: Removed edge 2→5 (from 2 candidates)
2026-08-15 02:11:18,440 [DEBUG] cnn_neat: Removed 2 edges (requested 3)
2026-08-15 02:11:18,443 [DEBUG] cnn_neat: Split edge 0→3, new hidden node 7 (pool=3)
2026-08-15 02:11:18,446 [DEBUG] cnn_neat: Added edge 3→2 (from 17 candidates)
2026-08-15 02:11:18,449 [DEBUG] cnn_neat: Split edge 2→1, new hidden node 8 (pool=2)
2026-08-15 02:11:18,454 [DEBUG] cnn_neat: Removed hidden node 4 (pool=4)
2026-08-15 02:11:18,458 [DEBUG] cnn_neat: Added edge 7→6 (from 27 candidates)
2026-08-15 02:11:18,463 [DEBUG] cnn_neat: Split edge 0→3, new hidden node 7 (pool=7)
2026-08-15 02:11:18,467 [DEBUG] cnn_neat: Added edge 3→6 (from 15 candidates)
2026-08-15 02:11:18,472 [DEBUG] cnn_neat: Removed hidden node 5 (pool=2)
2026-08-15 02:11:18,475 [DEBUG] cnn_neat: Removed edge 4→5 (from 3 candidates)
2026-08-15 02:11:18,480 [DEBUG] cnn_neat: Removed 3 edges (requested 3)
2026-08-15 02:11:18,485 [DEBUG] cnn_neat: Split edge 5→3, new hidden node 7 (pool=8)
2026-08-15 02:11:18,489 [DEBUG] cnn_neat: Added edge 6→1 (from 10 candidates)
2026-08-15 02:11:18,494 [DEBUG] cnn_neat: Split edge 2→1, new hidden node 8 (pool=9)
2026-08-15 02:11:18,501 [DEBUG] cnn_neat: Removed hidden node 3 (pool=3)
2026-08-15 02:11:18,505 [DEBUG] cnn_neat: Added edge 5→1 (from 15 candidates)
2026-08-15 02:11:18,511 [DEBUG] cnn_neat: Split edge 0→3, new hidden node 7 (pool=7)
2026-08-15 02:11:18,518 [DEBUG] cnn_neat: Split edge 0→7, new hidden node 8 (pool=9)
2026-08-15 02:11:18,521 [DEBUG] cnn_neat: Added edge 4→3 (from 20 candidates)
2026-08-15 02:11:18,526 [DEBUG] cnn_neat: Removed hidden node 3 (pool=3)
2026-08-15 02:11:18,529 [DEBUG] cnn_neat: Removed edge 5→3 (from 5 candidates)
2026-08-15 02:11:18,534 [DEBUG] cnn_neat: Removed 3 edges (requested 3)
2026-08-15 02:11:18,537 [DEBUG] cnn_neat: Split edge 4→6, new hidden node 9 (pool=10)
2026-08-15 02:11:18,540 [DEBUG] cnn_neat: Split edge 2→1, new hidden node 8 (pool=10)
2026-08-15 02:11:18,545 [DEBUG] cnn_neat: Split edge 6→2, new hidden node 8 (pool=7)
2026-08-15 02:11:18,548 [DEBUG] cnn_neat: Added edge 0→5 (from 18 candidates)
2026-08-15 02:11:18,553 [DEBUG] cnn_neat: Removed hidden node 7 (pool=3)
2026-08-15 02:11:18,556 [DEBUG] cnn_neat: Removed edge 2→5 (from 5 candidates)
2026-08-15 02:11:18,563 [DEBUG] cnn_neat: Removed 3 edges (requested 3)
2026-08-15 02:11:18,566 [DEBUG] cnn_neat: Split edge 2→3, new hidden node 9 (pool=4)
2026-08-15 02:11:18,567 [DEBUG] cnn_neat: Saved generation 7
2026-08-15 02:11:18,632 [DEBUG] cnn_neat: Selected 25 elite individuals
2026-08-15 02:11:18,634 [DEBUG] cnn_neat: Split edge 0→5, new hidden node 8 (pool=10)
2026-08-15 02:11:18,654 [DEBUG] cnn_neat: Split edge 2→5, new hidden node 8 (pool=9)
2026-08-15 02:11:18,664 [DEBUG] cnn_neat: Added edge 6→5 (from 18 candidates)
2026-08-15 02:11:18,719 [DEBUG] cnn_neat: Removed hidden node 3 (pool=3)
2026-08-15 02:11:18,728 [DEBUG] cnn_neat: Removed edge 5→3 (from 5 candidates)
2026-08-15 02:11:18,745 [DEBUG] cnn_neat: Removed 3 edges (requested 3)
2026-08-15 02:11:18,752 [DEBUG] cnn_neat: Split edge 0→3, new hidden node 9 (pool=8)
2026-08-15 02:11:18,764 [DEBUG] cnn_neat: Split edge 6→2, new hidden node 8 (pool=10)
2026-08-15 02:11:18,770 [DEBUG] cnn_neat: Added edge 4→3 (from 17 candidates)
2026-08-15 02:11:18,782 [DEBUG] cnn_neat: Removed hidden node 5 (pool=3)
2026-08-15 02:11:18,791 [DEBUG] cnn_neat: Removed edge 7→5 (from 6 candidates)
2026-08-15 02:11:18,800 [DEBUG] cnn_neat: Removed 3 edges (requested 3)
2026-08-15 02:11:18,805 [DEBUG] cnn_neat: Split edge 7→5, new hidden node 9 (pool=11)
2026-08-15 02:11:18,812 [DEBUG] cnn_neat: Split edge 0→7, new hidden node 8 (pool=10)
2026-08-15 02:11:18,816 [DEBUG] cnn_neat: Added edge 4→7 (from 19 candidates)
2026-08-15 02:11:18,825 [DEBUG] cnn_neat: Trimmed elite queue to 128 entries
2026-08-15 02:11:18,825 [DEBUG] cnn_neat: Removed hidden node 7 (pool=3)
2026-08-15 02:11:19,075 [DEBUG] cnn_neat: Removed edge 2→5 (from 6 candidates)
2026-08-15 02:11:19,083 [DEBUG] cnn_neat: Split edge 3→4, new hidden node 6 (pool=13)
2026-08-15 02:11:19,086 [DEBUG] cnn_neat: Removed 3 edges (requested 3)
2026-08-15 02:11:19,091 [DEBUG] cnn_neat: Split edge 4→6, new hidden node 9 (pool=11)
2026-08-15 02:11:19,093 [DEBUG] cnn_neat: Added edge 2→5 (from 2 candidates)
2026-08-15 02:11:19,097 [DEBUG] cnn_neat: Split edge 2→5, new hidden node 8 (pool=11)
2026-08-15 02:11:19,101 [DEBUG] cnn_neat: Removed hidden node 3 (pool=4)
2026-08-15 02:11:19,104 [DEBUG] cnn_neat: Removed edge 4→5 (from 13 candidates)
2026-08-15 02:11:19,109 [DEBUG] cnn_neat: Removed 3 edges (requested 3)
2026-08-15 02:11:19,113 [DEBUG] cnn_neat: Crossover rejected: union topology invalid (edges=21 nodes=13)
2026-08-15 02:11:19,116 [DEBUG] cnn_neat: Split edge 3→5, new hidden node 6 (pool=13)
2026-08-15 02:11:19,119 [DEBUG] cnn_neat: Added edge 2→5 (from 2 candidates)
2026-08-15 02:11:19,122 [DEBUG] cnn_neat: Added edge 0→1 (from 1 candidates)
2026-08-15 02:11:19,136 [DEBUG] cnn_neat: Removed hidden node 5 (pool=4)
2026-08-15 02:11:19,138 [DEBUG] cnn_neat: Removed edge 2→3 (from 8 candidates)
2026-08-15 02:11:19,141 [DEBUG] cnn_neat: Split edge 0→3, new hidden node 6 (pool=9)
2026-08-15 02:11:19,145 [DEBUG] cnn_neat: Added edge 2→5 (from 3 candidates)
2026-08-15 02:11:19,150 [DEBUG] cnn_neat: Removed hidden node 4 (pool=4)
2026-08-15 02:11:19,152 [DEBUG] cnn_neat: Removed edge 3→1 (from 10 candidates)
2026-08-15 02:11:19,157 [DEBUG] cnn_neat: Removed 3 edges (requested 3)
2026-08-15 02:11:19,160 [DEBUG] cnn_neat: Crossover rejected: union topology invalid (edges=25 nodes=13)
2026-08-15 02:11:19,163 [DEBUG] cnn_neat: Split edge 2→1, new hidden node 6 (pool=9)
2026-08-15 02:11:19,166 [DEBUG] cnn_neat: Added edge 0→4 (from 3 candidates)
2026-08-15 02:11:19,169 [DEBUG] cnn_neat: Added edge 3→5 (from 3 candidates)
2026-08-15 02:11:19,172 [DEBUG] cnn_neat: Added edge 2→5 (from 2 candidates)
2026-08-15 02:11:19,176 [DEBUG] cnn_neat: Added edge 0→1 (from 1 candidates)
2026-08-15 02:11:19,187 [DEBUG] cnn_neat: Removed hidden node 4 (pool=4)
2026-08-15 02:11:19,189 [DEBUG] cnn_neat: Split edge 4→7, new hidden node 8 (pool=6)
2026-08-15 02:11:19,192 [DEBUG] cnn_neat: Added edge 4→2 (from 8 candidates)
2026-08-15 02:11:19,195 [DEBUG] cnn_neat: Removed hidden node 6 (pool=2)
2026-08-15 02:11:19,196 [DEBUG] cnn_neat: Removed edge 6→2 (from 4 candidates)
2026-08-15 02:11:19,198 [DEBUG] cnn_neat: Split edge 4→7, new hidden node 8 (pool=5)
2026-08-15 02:11:19,200 [DEBUG] cnn_neat: Removed 2 edges (requested 3)
2026-08-15 02:11:19,201 [DEBUG] cnn_neat: Split edge 2→1, new hidden node 7 (pool=4)
2026-08-15 02:11:19,203 [DEBUG] cnn_neat: Added edge 4→7 (from 6 candidates)
2026-08-15 02:11:19,207 [DEBUG] cnn_neat: Removed hidden node 6 (pool=2)
2026-08-15 02:11:19,209 [DEBUG] cnn_neat: Crossover rejected: union topology invalid (edges=19 nodes=12)
2026-08-15 02:11:19,211 [DEBUG] cnn_neat: Split edge 0→4, new hidden node 8 (pool=6)
2026-08-15 02:11:19,213 [DEBUG] cnn_neat: Added edge 0→7 (from 8 candidates)
2026-08-15 02:11:19,215 [DEBUG] cnn_neat: Added edge 6→7 (from 8 candidates)
2026-08-15 02:11:19,218 [DEBUG] cnn_neat: Added edge 4→2 (from 6 candidates)
2026-08-15 02:11:19,220 [DEBUG] cnn_neat: Added edge 0→6 (from 5 candidates)
2026-08-15 02:11:19,222 [DEBUG] cnn_neat: Added edge 6→1 (from 4 candidates)
2026-08-15 02:11:19,224 [DEBUG] cnn_neat: Split edge 6→2, new hidden node 8 (pool=7)
2026-08-15 02:11:19,226 [DEBUG] cnn_neat: Added edge 2→3 (from 16 candidates)
2026-08-15 02:11:19,229 [DEBUG] cnn_neat: Removed hidden node 6 (pool=3)
2026-08-15 02:11:19,231 [DEBUG] cnn_neat: Removed edge 4→6 (from 5 candidates)
2026-08-15 02:11:19,234 [DEBUG] cnn_neat: Removed 3 edges (requested 3)
2026-08-15 02:11:19,236 [DEBUG] cnn_neat: Split edge 4→6, new hidden node 7 (pool=4)
2026-08-15 02:11:19,238 [DEBUG] cnn_neat: Added edge 7→2 (from 6 candidates)
2026-08-15 02:11:19,241 [DEBUG] cnn_neat: Removed hidden node 6 (pool=1)
2026-08-15 02:11:19,244 [DEBUG] cnn_neat: Split edge 7→2, new hidden node 8 (pool=4)
2026-08-15 02:11:19,247 [DEBUG] cnn_neat: Crossover rejected: union topology invalid (edges=18 nodes=14)
2026-08-15 02:11:19,249 [DEBUG] cnn_neat: Split edge 4→7, new hidden node 8 (pool=7)
2026-08-15 02:11:19,251 [DEBUG] cnn_neat: Added edge 7→1 (from 16 candidates)
2026-08-15 02:11:19,253 [DEBUG] cnn_neat: Added edge 6→7 (from 15 candidates)
2026-08-15 02:11:19,255 [DEBUG] cnn_neat: Added edge 0→7 (from 13 candidates)
2026-08-15 02:11:19,257 [DEBUG] cnn_neat: Added edge 3→4 (from 14 candidates)
2026-08-15 02:11:19,260 [DEBUG] cnn_neat: Added edge 3→1 (from 9 candidates)
2026-08-15 02:11:19,262 [DEBUG] cnn_neat: Split edge 0→4, new hidden node 9 (pool=7)
2026-08-15 02:11:19,265 [DEBUG] cnn_neat: Added edge 3→4 (from 36 candidates)
2026-08-15 02:11:19,269 [DEBUG] cnn_neat: Removed hidden node 6 (pool=5)
2026-08-15 02:11:19,270 [DEBUG] cnn_neat: Removed edge 5→3 (from 4 candidates)
2026-08-15 02:11:19,274 [DEBUG] cnn_neat: Removed 3 edges (requested 3)
2026-08-15 02:11:19,276 [DEBUG] cnn_neat: Crossover rejected: union topology invalid (edges=13 nodes=12)
2026-08-15 02:11:19,278 [DEBUG] cnn_neat: Split edge 2→1, new hidden node 9 (pool=7)
2026-08-15 02:11:19,280 [DEBUG] cnn_neat: Added edge 8→2 (from 36 candidates)
2026-08-15 02:11:19,283 [DEBUG] cnn_neat: Added edge 6→7 (from 34 candidates)
2026-08-15 02:11:19,286 [DEBUG] cnn_neat: Added edge 8→5 (from 32 candidates)
2026-08-15 02:11:19,289 [DEBUG] cnn_neat: Added edge 7→8 (from 30 candidates)
2026-08-15 02:11:19,292 [DEBUG] cnn_neat: Added edge 5→2 (from 20 candidates)
2026-08-15 02:11:19,294 [DEBUG] cnn_neat: Split edge 2→1, new hidden node 8 (pool=8)
2026-08-15 02:11:19,296 [DEBUG] cnn_neat: Added edge 7→6 (from 13 candidates)
2026-08-15 02:11:19,300 [DEBUG] cnn_neat: Removed hidden node 6 (pool=3)
2026-08-15 02:11:19,302 [DEBUG] cnn_neat: Removed edge 0→3 (from 6 candidates)
2026-08-15 02:11:19,305 [DEBUG] cnn_neat: Removed 3 edges (requested 3)
2026-08-15 02:11:19,307 [DEBUG] cnn_neat: Split edge 7→3, new hidden node 8 (pool=5)
2026-08-15 02:11:19,310 [DEBUG] cnn_neat: Crossover rejected: union topology invalid (edges=19 nodes=14)
2026-08-15 02:11:19,312 [DEBUG] cnn_neat: Split edge 2→1, new hidden node 8 (pool=8)
2026-08-15 02:11:19,314 [DEBUG] cnn_neat: Added edge 6→8 (from 17 candidates)
2026-08-15 02:11:19,316 [DEBUG] cnn_neat: Added edge 6→7 (from 13 candidates)
2026-08-15 02:11:19,318 [DEBUG] cnn_neat: Added edge 0→7 (from 10 candidates)
2026-08-15 02:11:19,321 [DEBUG] cnn_neat: Added edge 4→1 (from 11 candidates)
2026-08-15 02:11:19,323 [DEBUG] cnn_neat: Added edge 4→3 (from 10 candidates)
2026-08-15 02:11:19,326 [DEBUG] cnn_neat: Added edge 2→3 (from 9 candidates)
2026-08-15 02:11:19,328 [DEBUG] cnn_neat: Split edge 7→2, new hidden node 8 (pool=9)
2026-08-15 02:11:19,330 [DEBUG] cnn_neat: Added edge 3→5 (from 21 candidates)
2026-08-15 02:11:19,334 [DEBUG] cnn_neat: Removed hidden node 6 (pool=4)
2026-08-15 02:11:19,336 [DEBUG] cnn_neat: Removed edge 7→2 (from 7 candidates)
2026-08-15 02:11:19,338 [DEBUG] cnn_neat: Removed 3 edges (requested 3)
2026-08-15 02:11:19,342 [DEBUG] cnn_neat: Crossover rejected: union topology invalid (edges=22 nodes=12)
2026-08-15 02:11:19,344 [DEBUG] cnn_neat: Split edge 4→7, new hidden node 8 (pool=9)
2026-08-15 02:11:19,346 [DEBUG] cnn_neat: Added edge 7→6 (from 21 candidates)
2026-08-15 02:11:19,349 [DEBUG] cnn_neat: Added edge 4→2 (from 19 candidates)
2026-08-15 02:11:19,352 [DEBUG] cnn_neat: Added edge 3→4 (from 21 candidates)
2026-08-15 02:11:19,354 [DEBUG] cnn_neat: Added edge 3→1 (from 15 candidates)
2026-08-15 02:11:19,357 [DEBUG] cnn_neat: Added edge 7→1 (from 14 candidates)
2026-08-15 02:11:19,359 [DEBUG] cnn_neat: Split edge 8→5, new hidden node 9 (pool=9)
2026-08-15 02:11:19,445 [DEBUG] cnn_neat: Split edge 3→5, new hidden node 6 (pool=13)
2026-08-15 02:11:19,523 [DEBUG] cnn_neat: Added edge 2→5 (from 2 candidates)
2026-08-15 02:11:19,542 [DEBUG] cnn_neat: Removed hidden node 4 (pool=4)
2026-08-15 02:11:19,550 [DEBUG] cnn_neat: Removed edge 5→1 (from 13 candidates)
2026-08-15 02:11:19,566 [DEBUG] cnn_neat: Removed 3 edges (requested 3)
2026-08-15 02:11:19,572 [DEBUG] cnn_neat: Split edge 0→5, new hidden node 6 (pool=8)
2026-08-15 02:11:19,578 [DEBUG] cnn_neat: Split edge 4→1, new hidden node 6 (pool=12)
2026-08-15 02:11:19,587 [DEBUG] cnn_neat: Split edge 0→4, new hidden node 6 (pool=10)
2026-08-15 02:11:19,600 [DEBUG] cnn_neat: Split edge 0→3, new hidden node 6 (pool=9)
2026-08-15 02:11:19,608 [DEBUG] cnn_neat: Added edge 0→4 (from 3 candidates)
2026-08-15 02:11:19,621 [DEBUG] cnn_neat: Removed hidden node 2 (pool=4)
2026-08-15 02:11:19,629 [DEBUG] cnn_neat: Removed edge 2→4 (from 10 candidates)
2026-08-15 02:11:19,862 [DEBUG] cnn_neat: Removed 3 edges (requested 3)
2026-08-15 02:11:19,878 [DEBUG] cnn_neat: Split edge 5→1, new hidden node 6 (pool=3)
2026-08-15 02:11:19,898 [DEBUG] cnn_neat: Split edge 0→5, new hidden node 6 (pool=6)
2026-08-15 02:11:19,913 [DEBUG] cnn_neat: Split edge 0→2, new hidden node 6 (pool=5)
2026-08-15 02:11:19,974 [DEBUG] cnn_neat: Split edge 2→4, new hidden node 6 (pool=12)
2026-08-15 02:11:19,977 [DEBUG] cnn_neat: Added edge 0→1 (from 3 candidates)
2026-08-15 02:11:19,994 [DEBUG] cnn_neat: Removed hidden node 2 (pool=4)
2026-08-15 02:11:19,999 [DEBUG] cnn_neat: Removed edge 3→1 (from 12 candidates)
2026-08-15 02:11:20,008 [DEBUG] cnn_neat: Removed 3 edges (requested 3)
2026-08-15 02:11:20,014 [DEBUG] cnn_neat: Split edge 0→3, new hidden node 7 (pool=10)
2026-08-15 02:11:20,020 [DEBUG] cnn_neat: Split edge 0→5, new hidden node 6 (pool=11)
2026-08-15 02:11:20,024 [DEBUG] cnn_neat: Split edge 2→4, new hidden node 6 (pool=3)
2026-08-15 02:11:20,031 [DEBUG] cnn_neat: Split edge 4→6, new hidden node 8 (pool=7)
2026-08-15 02:11:20,036 [DEBUG] cnn_neat: Added edge 5→1 (from 15 candidates)
2026-08-15 02:11:20,043 [DEBUG] cnn_neat: Removed hidden node 5 (pool=4)
2026-08-15 02:11:20,046 [DEBUG] cnn_neat: Removed edge 4→7 (from 6 candidates)
2026-08-15 02:11:20,052 [DEBUG] cnn_neat: Removed 3 edges (requested 3)
2026-08-15 02:11:20,057 [DEBUG] cnn_neat: Split edge 0→4, new hidden node 8 (pool=7)
2026-08-15 02:11:20,061 [DEBUG] cnn_neat: Added edge 6→3 (from 13 candidates)
2026-08-15 02:11:20,066 [DEBUG] cnn_neat: Split edge 7→2, new hidden node 9 (pool=6)
2026-08-15 02:11:20,073 [DEBUG] cnn_neat: Removed hidden node 3 (pool=4)
2026-08-15 02:11:20,078 [DEBUG] cnn_neat: Added edge 6→3 (from 17 candidates)
2026-08-15 02:11:20,085 [DEBUG] cnn_neat: Split edge 6→5, new hidden node 8 (pool=10)
2026-08-15 02:11:20,089 [DEBUG] cnn_neat: Added edge 0→2 (from 16 candidates)
2026-08-15 02:11:20,095 [DEBUG] cnn_neat: Removed hidden node 6 (pool=4)
2026-08-15 02:11:20,098 [DEBUG] cnn_neat: Removed edge 7→2 (from 8 candidates)
2026-08-15 02:11:20,103 [DEBUG] cnn_neat: Removed 3 edges (requested 3)
2026-08-15 02:11:20,107 [DEBUG] cnn_neat: Split edge 0→2, new hidden node 8 (pool=3)
2026-08-15 02:11:20,110 [DEBUG] cnn_neat: Split edge 6→5, new hidden node 8 (pool=9)
2026-08-15 02:11:20,113 [DEBUG] cnn_neat: Split edge 0→4, new hidden node 8 (pool=6)
2026-08-15 02:11:20,119 [DEBUG] cnn_neat: Split edge 4→6, new hidden node 8 (pool=7)
2026-08-15 02:11:20,122 [DEBUG] cnn_neat: Added edge 0→6 (from 21 candidates)
2026-08-15 02:11:20,129 [DEBUG] cnn_neat: Removed hidden node 5 (pool=4)
2026-08-15 02:11:20,132 [DEBUG] cnn_neat: Removed edge 7→2 (from 6 candidates)
2026-08-15 02:11:20,138 [DEBUG] cnn_neat: Removed 3 edges (requested 3)
2026-08-15 02:11:20,142 [DEBUG] cnn_neat: Split edge 6→2, new hidden node 8 (pool=8)
2026-08-15 02:11:20,146 [DEBUG] cnn_neat: Added edge 3→4 (from 21 candidates)
2026-08-15 02:11:20,151 [DEBUG] cnn_neat: Split edge 2→1, new hidden node 9 (pool=9)
2026-08-15 02:11:20,158 [DEBUG] cnn_neat: Removed hidden node 3 (pool=5)
2026-08-15 02:11:20,162 [DEBUG] cnn_neat: Added edge 7→3 (from 28 candidates)
2026-08-15 02:11:20,169 [DEBUG] cnn_neat: Split edge 7→2, new hidden node 8 (pool=8)
2026-08-15 02:11:20,173 [DEBUG] cnn_neat: Added edge 7→6 (from 12 candidates)
2026-08-15 02:11:20,180 [DEBUG] cnn_neat: Removed hidden node 6 (pool=3)
2026-08-15 02:11:20,184 [DEBUG] cnn_neat: Removed edge 6→5 (from 6 candidates)
2026-08-15 02:11:20,190 [DEBUG] cnn_neat: Removed 3 edges (requested 3)
2026-08-15 02:11:20,195 [DEBUG] cnn_neat: Split edge 6→2, new hidden node 9 (pool=9)
2026-08-15 02:11:20,199 [DEBUG] cnn_neat: Split edge 2→1, new hidden node 8 (pool=9)
2026-08-15 02:11:20,202 [DEBUG] cnn_neat: Split edge 0→4, new hidden node 8 (pool=5)
2026-08-15 02:11:20,255 [DEBUG] cnn_neat: Split edge 0→3, new hidden node 8 (pool=8)
2026-08-15 02:11:20,260 [DEBUG] cnn_neat: Added edge 4→5 (from 14 candidates)
2026-08-15 02:11:20,278 [DEBUG] cnn_neat: Removed hidden node 5 (pool=4)
2026-08-15 02:11:20,285 [DEBUG] cnn_neat: Removed edge 5→3 (from 8 candidates)
2026-08-15 02:11:20,294 [DEBUG] cnn_neat: Removed 3 edges (requested 3)
2026-08-15 02:11:20,301 [DEBUG] cnn_neat: Split edge 5→3, new hidden node 8 (pool=11)
2026-08-15 02:11:20,304 [DEBUG] cnn_neat: Split edge 4→3, new hidden node 8 (pool=8)
2026-08-15 02:11:20,313 [DEBUG] cnn_neat: Split edge 4→6, new hidden node 9 (pool=11)
2026-08-15 02:11:20,319 [DEBUG] cnn_neat: Added edge 5→8 (from 28 candidates)
2026-08-15 02:11:20,327 [DEBUG] cnn_neat: Removed hidden node 6 (pool=5)
2026-08-15 02:11:20,333 [DEBUG] cnn_neat: Removed edge 8→3 (from 9 candidates)
2026-08-15 02:11:20,338 [DEBUG] cnn_neat: Removed 3 edges (requested 3)
2026-08-15 02:11:20,341 [DEBUG] cnn_neat: Split edge 8→3, new hidden node 10 (pool=11)
2026-08-15 02:11:20,346 [DEBUG] cnn_neat: Split edge 0→8, new hidden node 9 (pool=12)
2026-08-15 02:11:20,354 [DEBUG] cnn_neat: Split edge 0→4, new hidden node 8 (pool=11)
2026-08-15 02:11:20,356 [DEBUG] cnn_neat: Added edge 6→7 (from 15 candidates)
2026-08-15 02:11:20,364 [DEBUG] cnn_neat: Removed hidden node 5 (pool=4)
2026-08-15 02:11:20,366 [DEBUG] cnn_neat: Removed edge 5→3 (from 9 candidates)
2026-08-15 02:11:20,374 [DEBUG] cnn_neat: Removed 3 edges (requested 3)
2026-08-15 02:11:20,378 [DEBUG] cnn_neat: Split edge 6→5, new hidden node 9 (pool=12)
2026-08-15 02:11:20,385 [DEBUG] cnn_neat: Split edge 6→5, new hidden node 8 (pool=12)
2026-08-15 02:11:20,512 [DEBUG] cnn_neat: Split edge 7→5, new hidden node 9 (pool=14)
2026-08-15 02:11:20,520 [DEBUG] cnn_neat: Added edge 5→1 (from 23 candidates)
2026-08-15 02:11:20,531 [DEBUG] cnn_neat: Removed hidden node 2 (pool=6)
2026-08-15 02:11:20,537 [DEBUG] cnn_neat: Removed edge 2→1 (from 13 candidates)
2026-08-15 02:11:20,552 [DEBUG] cnn_neat: Removed 3 edges (requested 3)
2026-08-15 02:11:20,560 [DEBUG] cnn_neat: Split edge 7→3, new hidden node 9 (pool=9)
2026-08-15 02:11:20,567 [DEBUG] cnn_neat: Split edge 7→5, new hidden node 9 (pool=12)
2026-08-15 02:11:20,578 [DEBUG] cnn_neat: Split edge 4→7, new hidden node 8 (pool=6)
2026-08-15 02:11:20,585 [DEBUG] cnn_neat: Added edge 0→7 (from 8 candidates)
2026-08-15 02:11:20,592 [DEBUG] cnn_neat: Removed hidden node 6 (pool=2)
2026-08-15 02:11:20,594 [DEBUG] cnn_neat: Removed edge 4→7 (from 4 candidates)
2026-08-15 02:11:20,599 [DEBUG] cnn_neat: Removed 2 edges (requested 3)
2026-08-15 02:11:20,606 [DEBUG] cnn_neat: Split edge 6→2, new hidden node 8 (pool=7)
2026-08-15 02:11:20,611 [DEBUG] cnn_neat: Split edge 7→2, new hidden node 8 (pool=5)
2026-08-15 02:11:20,619 [DEBUG] cnn_neat: Added edge 0→2 (from 8 candidates)
2026-08-15 02:11:20,742 [DEBUG] cnn_neat: Added edge 7→1 (from 10 candidates)
2026-08-15 02:11:20,751 [DEBUG] cnn_neat: Split edge 6→2, new hidden node 8 (pool=7)
2026-08-15 02:11:20,753 [DEBUG] cnn_neat: Added edge 4→3 (from 16 candidates)
2026-08-15 02:11:20,756 [DEBUG] cnn_neat: Removed hidden node 7 (pool=3)
2026-08-15 02:11:20,760 [DEBUG] cnn_neat: Removed edge 4→7 (from 5 candidates)
2026-08-15 02:11:20,770 [DEBUG] cnn_neat: Removed 3 edges (requested 3)
2026-08-15 02:11:20,777 [DEBUG] cnn_neat: Split edge 4→6, new hidden node 8 (pool=6)
2026-08-15 02:11:20,782 [DEBUG] cnn_neat: Added edge 6→1 (from 18 candidates)
2026-08-15 02:11:20,789 [DEBUG] cnn_neat: Split edge 4→8, new hidden node 9 (pool=7)
2026-08-15 02:11:20,798 [DEBUG] cnn_neat: Removed hidden node 7 (pool=2)
2026-08-15 02:11:20,806 [DEBUG] cnn_neat: Added edge 0→8 (from 24 candidates)
2026-08-15 02:11:20,810 [DEBUG] cnn_neat: Split edge 4→6, new hidden node 8 (pool=5)
2026-08-15 02:11:20,818 [DEBUG] cnn_neat: Split edge 0→8, new hidden node 9 (pool=7)
2026-08-15 02:11:20,824 [DEBUG] cnn_neat: Added edge 3→4 (from 36 candidates)
2026-08-15 02:11:20,835 [DEBUG] cnn_neat: Removed hidden node 7 (pool=5)
2026-08-15 02:11:20,839 [DEBUG] cnn_neat: Removed edge 7→2 (from 4 candidates)
2026-08-15 02:11:20,854 [DEBUG] cnn_neat: Removed 3 edges (requested 3)
2026-08-15 02:11:20,859 [DEBUG] cnn_neat: Split edge 0→9, new hidden node 10 (pool=8)
2026-08-15 02:11:20,865 [DEBUG] cnn_neat: Split edge 2→1, new hidden node 9 (pool=5)
2026-08-15 02:11:20,868 [DEBUG] cnn_neat: Split edge 2→1, new hidden node 9 (pool=6)
2026-08-15 02:11:20,871 [DEBUG] cnn_neat: Split edge 0→4, new hidden node 8 (pool=8)
2026-08-15 02:11:20,876 [DEBUG] cnn_neat: Added edge 4→2 (from 13 candidates)
2026-08-15 02:11:21,006 [DEBUG] cnn_neat: Removed hidden node 6 (pool=3)
2026-08-15 02:11:21,012 [DEBUG] cnn_neat: Removed edge 7→2 (from 6 candidates)
2026-08-15 02:11:21,023 [DEBUG] cnn_neat: Removed 3 edges (requested 3)
2026-08-15 02:11:21,029 [DEBUG] cnn_neat: Split edge 0→8, new hidden node 9 (pool=9)
2026-08-15 02:11:21,040 [DEBUG] cnn_neat: Split edge 4→2, new hidden node 8 (pool=9)
2026-08-15 02:11:21,044 [DEBUG] cnn_neat: Split edge 7→3, new hidden node 8 (pool=7)
2026-08-15 02:11:21,048 [DEBUG] cnn_neat: Split edge 7→2, new hidden node 8 (pool=9)
2026-08-15 02:11:21,050 [DEBUG] cnn_neat: Added edge 7→6 (from 21 candidates)
2026-08-15 02:11:21,053 [DEBUG] cnn_neat: Removed hidden node 3 (pool=4)
2026-08-15 02:11:21,058 [DEBUG] cnn_neat: Removed edge 7→2 (from 7 candidates)
2026-08-15 02:11:21,069 [DEBUG] cnn_neat: Removed 3 edges (requested 3)
2026-08-15 02:11:21,076 [DEBUG] cnn_neat: Split edge 6→2, new hidden node 8 (pool=10)
2026-08-15 02:11:21,082 [DEBUG] cnn_neat: Split edge 2→5, new hidden node 8 (pool=8)
2026-08-15 02:11:21,084 [DEBUG] cnn_neat: Added edge 4→2 (from 19 candidates)
2026-08-15 02:11:21,086 [DEBUG] cnn_neat: Added edge 6→5 (from 11 candidates)
2026-08-15 02:11:21,095 [DEBUG] cnn_neat: Split edge 0→4, new hidden node 9 (pool=9)
2026-08-15 02:11:21,098 [DEBUG] cnn_neat: Added edge 0→5 (from 17 candidates)
2026-08-15 02:11:21,107 [DEBUG] cnn_neat: Removed hidden node 8 (pool=4)
2026-08-15 02:11:21,113 [DEBUG] cnn_neat: Removed edge 4→7 (from 7 candidates)
2026-08-15 02:11:21,118 [DEBUG] cnn_neat: Removed 3 edges (requested 3)
2026-08-15 02:11:21,123 [DEBUG] cnn_neat: Split edge 2→1, new hidden node 10 (pool=8)
2026-08-15 02:11:21,130 [DEBUG] cnn_neat: Split edge 4→7, new hidden node 9 (pool=10)
2026-08-15 02:11:21,137 [DEBUG] cnn_neat: Split edge 4→7, new hidden node 9 (pool=9)
2026-08-15 02:11:21,144 [DEBUG] cnn_neat: Added edge 7→5 (from 22 candidates)
2026-08-15 02:11:21,148 [DEBUG] cnn_neat: Removed hidden node 7 (pool=4)
2026-08-15 02:11:21,150 [DEBUG] cnn_neat: Removed edge 4→6 (from 7 candidates)
2026-08-15 02:11:21,277 [DEBUG] cnn_neat: Removed 3 edges (requested 3)
2026-08-15 02:11:21,283 [DEBUG] cnn_neat: Split edge 2→1, new hidden node 10 (pool=10)
2026-08-15 02:11:21,295 [DEBUG] cnn_neat: Split edge 4→7, new hidden node 9 (pool=8)
2026-08-15 02:11:21,300 [DEBUG] cnn_neat: Added edge 6→7 (from 26 candidates)
2026-08-15 02:11:21,306 [DEBUG] cnn_neat: Removed hidden node 7 (pool=5)
2026-08-15 02:11:21,309 [DEBUG] cnn_neat: Removed edge 4→7 (from 6 candidates)
2026-08-15 02:11:21,312 [DEBUG] cnn_neat: Removed 3 edges (requested 3)
2026-08-15 02:11:21,319 [DEBUG] cnn_neat: Split edge 6→2, new hidden node 10 (pool=9)
2026-08-15 02:11:21,325 [DEBUG] cnn_neat: Split edge 4→6, new hidden node 9 (pool=9)
2026-08-15 02:11:21,332 [DEBUG] cnn_neat: Added edge 6→5 (from 25 candidates)
2026-08-15 02:11:21,337 [DEBUG] cnn_neat: Removed hidden node 5 (pool=5)
2026-08-15 02:11:21,339 [DEBUG] cnn_neat: Removed edge 5→3 (from 9 candidates)
2026-08-15 02:11:21,374 [DEBUG] cnn_neat: Removed 3 edges (requested 3)
2026-08-15 02:11:21,378 [DEBUG] cnn_neat: Split edge 0→4, new hidden node 10 (pool=10)
2026-08-15 02:11:21,404 [DEBUG] cnn_neat: Split edge 6→7, new hidden node 9 (pool=11)
2026-08-15 02:11:21,409 [DEBUG] cnn_neat: Added edge 0→6 (from 16 candidates)
2026-08-15 02:11:21,560 [DEBUG] cnn_neat: Removed hidden node 7 (pool=5)
2026-08-15 02:11:21,564 [DEBUG] cnn_neat: Removed edge 2→1 (from 10 candidates)
2026-08-15 02:11:21,572 [DEBUG] cnn_neat: Removed 3 edges (requested 3)
2026-08-15 02:11:21,577 [DEBUG] cnn_neat: Split edge 2→1, new hidden node 10 (pool=12)
2026-08-15 02:11:21,583 [DEBUG] cnn_neat: Split edge 8→9, new hidden node 10 (pool=12)
2026-08-15 02:11:21,587 [DEBUG] cnn_neat: Added edge 8→5 (from 40 candidates)
2026-08-15 02:11:21,594 [DEBUG] cnn_neat: Removed hidden node 5 (pool=6)
2026-08-15 02:11:21,597 [DEBUG] cnn_neat: Removed edge 4→7 (from 10 candidates)
2026-08-15 02:11:21,602 [DEBUG] cnn_neat: Removed 3 edges (requested 3)
2026-08-15 02:11:21,605 [DEBUG] cnn_neat: Split edge 7→2, new hidden node 11 (pool=13)
2026-08-15 02:11:21,611 [DEBUG] cnn_neat: Split edge 6→5, new hidden node 9 (pool=12)
2026-08-15 02:11:21,615 [DEBUG] cnn_neat: Added edge 0→3 (from 25 candidates)
2026-08-15 02:11:21,622 [DEBUG] cnn_neat: Removed hidden node 3 (pool=5)
2026-08-15 02:11:21,625 [DEBUG] cnn_neat: Removed edge 2→5 (from 10 candidates)
2026-08-15 02:11:21,631 [DEBUG] cnn_neat: Removed 3 edges (requested 3)
2026-08-15 02:11:21,635 [DEBUG] cnn_neat: Split edge 4→7, new hidden node 10 (pool=13)
2026-08-15 02:11:21,640 [DEBUG] cnn_neat: Split edge 2→5, new hidden node 10 (pool=8)
2026-08-15 02:11:21,643 [DEBUG] cnn_neat: Added edge 5→8 (from 30 candidates)
2026-08-15 02:11:21,650 [DEBUG] cnn_neat: Removed hidden node 9 (pool=6)
2026-08-15 02:11:21,653 [DEBUG] cnn_neat: Removed edge 5→9 (from 6 candidates)
2026-08-15 02:11:21,661 [DEBUG] cnn_neat: Removed 3 edges (requested 3)
2026-08-15 02:11:21,664 [DEBUG] cnn_neat: Split edge 6→2, new hidden node 11 (pool=7)
2026-08-15 02:11:21,670 [DEBUG] cnn_neat: Split edge 7→3, new hidden node 9 (pool=8)
2026-08-15 02:11:21,674 [DEBUG] cnn_neat: Added edge 6→7 (from 17 candidates)
2026-08-15 02:11:21,681 [DEBUG] cnn_neat: Removed hidden node 5 (pool=5)
2026-08-15 02:11:21,684 [DEBUG] cnn_neat: Removed edge 4→7 (from 8 candidates)
2026-08-15 02:11:21,690 [DEBUG] cnn_neat: Removed 3 edges (requested 3)
2026-08-15 02:11:21,694 [DEBUG] cnn_neat: Split edge 6→2, new hidden node 10 (pool=9)
2026-08-15 02:11:21,700 [DEBUG] cnn_neat: Split edge 4→5, new hidden node 10 (pool=15)
2026-08-15 02:11:21,704 [DEBUG] cnn_neat: Added edge 2→3 (from 33 candidates)
2026-08-15 02:11:21,711 [DEBUG] cnn_neat: Removed hidden node 2 (pool=7)
2026-08-15 02:11:21,715 [DEBUG] cnn_neat: Removed edge 9→5 (from 14 candidates)
2026-08-15 02:11:21,721 [DEBUG] cnn_neat: Saved generation 8
2026-08-15 02:11:21,774 [DEBUG] cnn_neat: Removed 3 edges (requested 3)
2026-08-15 02:11:21,785 [DEBUG] cnn_neat: Selected 25 elite individuals
2026-08-15 02:11:21,798 [DEBUG] cnn_neat: Split edge 4→7, new hidden node 11 (pool=14)
2026-08-15 02:11:21,817 [DEBUG] cnn_neat: Split edge 4→6, new hidden node 10 (pool=16)
2026-08-15 02:11:21,876 [DEBUG] cnn_neat: Split edge 7→5, new hidden node 9 (pool=15)
2026-08-15 02:11:21,891 [DEBUG] cnn_neat: Added edge 5→8 (from 21 candidates)
2026-08-15 02:11:21,908 [DEBUG] cnn_neat: Removed hidden node 5 (pool=6)
2026-08-15 02:11:21,917 [DEBUG] cnn_neat: Removed edge 6→7 (from 14 candidates)
2026-08-15 02:11:21,932 [DEBUG] cnn_neat: Removed 3 edges (requested 3)
2026-08-15 02:11:21,938 [DEBUG] cnn_neat: Split edge 5→3, new hidden node 10 (pool=16)
2026-08-15 02:11:21,947 [DEBUG] cnn_neat: Split edge 9→3, new hidden node 10 (pool=15)
2026-08-15 02:11:21,955 [DEBUG] cnn_neat: Added edge 7→2 (from 34 candidates)
2026-08-15 02:11:21,960 [DEBUG] cnn_neat: Removed hidden node 7 (pool=7)
2026-08-15 02:11:21,963 [DEBUG] cnn_neat: Removed edge 0→3 (from 14 candidates)
2026-08-15 02:11:21,967 [DEBUG] cnn_neat: Removed 3 edges (requested 3)
2026-08-15 02:11:21,969 [DEBUG] cnn_neat: Split edge 7→5, new hidden node 11 (pool=12)
2026-08-15 02:11:21,975 [DEBUG] cnn_neat: Split edge 4→1, new hidden node 5 (pool=2)
2026-08-15 02:11:21,980 [DEBUG] cnn_neat: Added edge 2→4 (from 6 candidates)
2026-08-15 02:11:21,987 [DEBUG] cnn_neat: Removed hidden node 4 (pool=3)
2026-08-15 02:11:21,991 [DEBUG] cnn_neat: Trimmed elite queue to 128 entries
2026-08-15 02:11:22,118 [DEBUG] cnn_neat: Removed edge 2→1 (from 5 candidates)
2026-08-15 02:11:22,248 [DEBUG] cnn_neat: Removed 2 edges (requested 3)
2026-08-15 02:11:22,254 [DEBUG] cnn_neat: Split edge 4→1, new hidden node 5 (pool=2)
2026-08-15 02:11:22,255 [DEBUG] cnn_neat: Split edge 2→4, new hidden node 7 (pool=11)
2026-08-15 02:11:22,260 [DEBUG] cnn_neat: Added edge 3→1 (from 3 candidates)
2026-08-15 02:11:22,264 [DEBUG] cnn_neat: Split edge 2→4, new hidden node 6 (pool=7)
2026-08-15 02:11:22,265 [DEBUG] cnn_neat: Added edge 6→1 (from 5 candidates)
2026-08-15 02:11:22,273 [DEBUG] cnn_neat: Removed hidden node 3 (pool=5)
2026-08-15 02:11:22,277 [DEBUG] cnn_neat: Removed hidden node 4 (pool=3)
2026-08-15 02:11:22,279 [DEBUG] cnn_neat: Added edge 3→5 (from 7 candidates)
2026-08-15 02:11:22,281 [DEBUG] cnn_neat: Split edge 3→1, new hidden node 5 (pool=3)
2026-08-15 02:11:22,285 [DEBUG] cnn_neat: Split edge 0→4, new hidden node 7 (pool=4)
2026-08-15 02:11:22,286 [DEBUG] cnn_neat: Removed edge 0→2 (from 12 candidates)
2026-08-15 02:11:22,292 [DEBUG] cnn_neat: Removed 3 edges (requested 3)
2026-08-15 02:11:22,296 [DEBUG] cnn_neat: Crossover rejected: union topology invalid (edges=24 nodes=13)
2026-08-15 02:11:22,300 [DEBUG] cnn_neat: Split edge 0→2, new hidden node 7 (pool=11)
2026-08-15 02:11:22,304 [DEBUG] cnn_neat: Added edge 6→1 (from 5 candidates)
2026-08-15 02:11:22,307 [DEBUG] cnn_neat: Added edge 2→6 (from 4 candidates)
2026-08-15 02:11:22,310 [DEBUG] cnn_neat: Added edge 6→5 (from 3 candidates)
2026-08-15 02:11:22,313 [DEBUG] cnn_neat: Added edge 3→4 (from 2 candidates)
2026-08-15 02:11:22,317 [DEBUG] cnn_neat: Added edge 2→5 (from 1 candidates)
2026-08-15 02:11:22,321 [DEBUG] cnn_neat: Split edge 2→4, new hidden node 7 (pool=11)
2026-08-15 02:11:22,325 [DEBUG] cnn_neat: Added edge 2→6 (from 6 candidates)
2026-08-15 02:11:22,330 [DEBUG] cnn_neat: Removed hidden node 5 (pool=5)
2026-08-15 02:11:22,333 [DEBUG] cnn_neat: Removed edge 5→1 (from 12 candidates)
2026-08-15 02:11:22,338 [DEBUG] cnn_neat: Removed 3 edges (requested 3)
2026-08-15 02:11:22,343 [DEBUG] cnn_neat: Crossover rejected: union topology invalid (edges=27 nodes=11)
2026-08-15 02:11:22,346 [DEBUG] cnn_neat: Split edge 0→5, new hidden node 7 (pool=11)
2026-08-15 02:11:22,350 [DEBUG] cnn_neat: Added edge 6→1 (from 6 candidates)
2026-08-15 02:11:22,353 [DEBUG] cnn_neat: Added edge 6→4 (from 5 candidates)
2026-08-15 02:11:22,356 [DEBUG] cnn_neat: Added edge 3→5 (from 3 candidates)
2026-08-15 02:11:22,360 [DEBUG] cnn_neat: Added edge 2→6 (from 2 candidates)
2026-08-15 02:11:22,364 [DEBUG] cnn_neat: Added edge 2→5 (from 1 candidates)
2026-08-15 02:11:22,367 [DEBUG] cnn_neat: Split edge 2→1, new hidden node 9 (pool=9)
2026-08-15 02:11:22,370 [DEBUG] cnn_neat: Added edge 0→8 (from 21 candidates)
2026-08-15 02:11:22,373 [DEBUG] cnn_neat: Removed hidden node 6 (pool=5)
2026-08-15 02:11:22,375 [DEBUG] cnn_neat: Removed edge 4→7 (from 9 candidates)
2026-08-15 02:11:22,378 [DEBUG] cnn_neat: Removed 3 edges (requested 3)
2026-08-15 02:11:22,381 [DEBUG] cnn_neat: Crossover rejected: copied edge has no live Conv2d
2026-08-15 02:11:22,384 [DEBUG] cnn_neat: Split edge 4→7, new hidden node 9 (pool=9)
2026-08-15 02:11:22,386 [DEBUG] cnn_neat: Added edge 6→8 (from 21 candidates)
2026-08-15 02:11:22,388 [DEBUG] cnn_neat: Added edge 2→3 (from 19 candidates)
2026-08-15 02:11:22,391 [DEBUG] cnn_neat: Added edge 5→1 (from 18 candidates)
2026-08-15 02:11:22,393 [DEBUG] cnn_neat: Added edge 7→2 (from 16 candidates)
2026-08-15 02:11:22,396 [DEBUG] cnn_neat: Added edge 4→5 (from 15 candidates)
2026-08-15 02:11:22,399 [DEBUG] cnn_neat: Split edge 0→5, new hidden node 7 (pool=11)
2026-08-15 02:11:22,403 [DEBUG] cnn_neat: Added edge 6→3 (from 8 candidates)
2026-08-15 02:11:22,409 [DEBUG] cnn_neat: Removed hidden node 3 (pool=5)
2026-08-15 02:11:22,413 [DEBUG] cnn_neat: Removed edge 2→3 (from 12 candidates)
2026-08-15 02:11:22,418 [DEBUG] cnn_neat: Removed 3 edges (requested 3)
2026-08-15 02:11:22,422 [DEBUG] cnn_neat: Crossover rejected: union topology invalid (edges=27 nodes=14)
2026-08-15 02:11:22,424 [DEBUG] cnn_neat: Split edge 0→3, new hidden node 7 (pool=11)
2026-08-15 02:11:22,429 [DEBUG] cnn_neat: Added edge 2→6 (from 8 candidates)
2026-08-15 02:11:22,432 [DEBUG] cnn_neat: Added edge 3→6 (from 6 candidates)
2026-08-15 02:11:22,435 [DEBUG] cnn_neat: Added edge 2→5 (from 4 candidates)
2026-08-15 02:11:22,439 [DEBUG] cnn_neat: Added edge 3→5 (from 3 candidates)
2026-08-15 02:11:22,443 [DEBUG] cnn_neat: Added edge 6→5 (from 2 candidates)
2026-08-15 02:11:22,448 [DEBUG] cnn_neat: Split edge 2→4, new hidden node 7 (pool=12)
2026-08-15 02:11:22,451 [DEBUG] cnn_neat: Added edge 2→5 (from 6 candidates)
2026-08-15 02:11:22,457 [DEBUG] cnn_neat: Removed hidden node 2 (pool=5)
2026-08-15 02:11:22,460 [DEBUG] cnn_neat: Removed edge 3→4 (from 13 candidates)
2026-08-15 02:11:22,466 [DEBUG] cnn_neat: Removed 3 edges (requested 3)
2026-08-15 02:11:22,471 [DEBUG] cnn_neat: Crossover rejected: union topology invalid (edges=22 nodes=12)
2026-08-15 02:11:22,474 [DEBUG] cnn_neat: Split edge 2→4, new hidden node 7 (pool=12)
2026-08-15 02:11:22,477 [DEBUG] cnn_neat: Added edge 7→6 (from 13 candidates)
2026-08-15 02:11:22,481 [DEBUG] cnn_neat: Added edge 3→5 (from 6 candidates)
2026-08-15 02:11:22,485 [DEBUG] cnn_neat: Added edge 3→6 (from 5 candidates)
2026-08-15 02:11:22,489 [DEBUG] cnn_neat: Added edge 6→1 (from 3 candidates)
2026-08-15 02:11:22,492 [DEBUG] cnn_neat: Added edge 6→5 (from 2 candidates)
2026-08-15 02:11:22,496 [DEBUG] cnn_neat: Added edge 2→5 (from 1 candidates)
2026-08-15 02:11:22,498 [DEBUG] cnn_neat: Split edge 4→7, new hidden node 8 (pool=6)
2026-08-15 02:11:22,500 [DEBUG] cnn_neat: Added edge 4→2 (from 11 candidates)
2026-08-15 02:11:22,503 [DEBUG] cnn_neat: Removed hidden node 7 (pool=3)
2026-08-15 02:11:22,505 [DEBUG] cnn_neat: Split edge 2→1, new hidden node 7 (pool=4)
2026-08-15 02:11:22,507 [DEBUG] cnn_neat: Added edge 2→1 (from 11 candidates)
2026-08-15 02:11:22,508 [DEBUG] cnn_neat: Removed edge 7→2 (from 5 candidates)
2026-08-15 02:11:22,510 [DEBUG] cnn_neat: Split edge 6→2, new hidden node 8 (pool=5)
2026-08-15 02:11:22,513 [DEBUG] cnn_neat: Removed 3 edges (requested 3)
2026-08-15 02:11:22,515 [DEBUG] cnn_neat: Split edge 4→6, new hidden node 7 (pool=4)
2026-08-15 02:11:22,516 [DEBUG] cnn_neat: Added edge 6→1 (from 6 candidates)
2026-08-15 02:11:22,519 [DEBUG] cnn_neat: Removed hidden node 2 (pool=1)
2026-08-15 02:11:22,522 [DEBUG] cnn_neat: Split edge 4→7, new hidden node 8 (pool=4)
2026-08-15 02:11:22,524 [DEBUG] cnn_neat: Crossover rejected: copied edge has no live Conv2d
2026-08-15 02:11:22,526 [DEBUG] cnn_neat: Split edge 4→7, new hidden node 8 (pool=6)
2026-08-15 02:11:22,528 [DEBUG] cnn_neat: Added edge 4→2 (from 17 candidates)
2026-08-15 02:11:22,531 [DEBUG] cnn_neat: Added edge 4→2 (from 11 candidates)
2026-08-15 02:11:22,533 [DEBUG] cnn_neat: Added edge 7→6 (from 12 candidates)
2026-08-15 02:11:22,535 [DEBUG] cnn_neat: Added edge 5→1 (from 10 candidates)
2026-08-15 02:11:22,537 [DEBUG] cnn_neat: Added edge 0→7 (from 9 candidates)
2026-08-15 02:11:22,540 [DEBUG] cnn_neat: Added edge 0→6 (from 7 candidates)
2026-08-15 02:11:22,542 [DEBUG] cnn_neat: Split edge 4→7, new hidden node 8 (pool=7)
2026-08-15 02:11:22,544 [DEBUG] cnn_neat: Added edge 0→5 (from 14 candidates)
2026-08-15 02:11:22,547 [DEBUG] cnn_neat: Removed hidden node 5 (pool=3)
2026-08-15 02:11:22,549 [DEBUG] cnn_neat: Split edge 7→2, new hidden node 8 (pool=6)
2026-08-15 02:11:22,550 [DEBUG] cnn_neat: Removed edge 6→5 (from 5 candidates)
2026-08-15 02:11:22,553 [DEBUG] cnn_neat: Split edge 2→1, new hidden node 8 (pool=6)
2026-08-15 02:11:22,556 [DEBUG] cnn_neat: Removed 3 edges (requested 3)
2026-08-15 02:11:22,558 [DEBUG] cnn_neat: Split edge 7→2, new hidden node 8 (pool=4)
2026-08-15 02:11:22,560 [DEBUG] cnn_neat: Crossover rejected: copied edge has no live Conv2d
2026-08-15 02:11:22,561 [DEBUG] cnn_neat: Split edge 4→6, new hidden node 8 (pool=7)
2026-08-15 02:11:22,563 [DEBUG] cnn_neat: Added edge 2→5 (from 14 candidates)
2026-08-15 02:11:22,565 [DEBUG] cnn_neat: Added edge 0→2 (from 12 candidates)
2026-08-15 02:11:22,568 [DEBUG] cnn_neat: Added edge 5→1 (from 12 candidates)
2026-08-15 02:11:22,570 [DEBUG] cnn_neat: Added edge 7→5 (from 11 candidates)
2026-08-15 02:11:22,573 [DEBUG] cnn_neat: Added edge 7→6 (from 10 candidates)
2026-08-15 02:11:22,575 [DEBUG] cnn_neat: Split edge 0→8, new hidden node 9 (pool=7)
2026-08-15 02:11:22,629 [DEBUG] cnn_neat: Split edge 0→4, new hidden node 6 (pool=13)
2026-08-15 02:11:22,737 [DEBUG] cnn_neat: Added edge 2→5 (from 2 candidates)
2026-08-15 02:11:22,750 [DEBUG] cnn_neat: Removed hidden node 3 (pool=4)
2026-08-15 02:11:22,757 [DEBUG] cnn_neat: Removed edge 2→4 (from 13 candidates)
2026-08-15 02:11:22,770 [DEBUG] cnn_neat: Removed 3 edges (requested 3)
2026-08-15 02:11:22,779 [DEBUG] cnn_neat: Split edge 6→4, new hidden node 7 (pool=12)
2026-08-15 02:11:22,787 [DEBUG] cnn_neat: Split edge 4→5, new hidden node 6 (pool=12)
2026-08-15 02:11:22,792 [DEBUG] cnn_neat: Split edge 3→1, new hidden node 6 (pool=10)
2026-08-15 02:11:22,805 [DEBUG] cnn_neat: Split edge 2→1, new hidden node 7 (pool=11)
2026-08-15 02:11:22,814 [DEBUG] cnn_neat: Added edge 2→5 (from 5 candidates)
2026-08-15 02:11:22,831 [DEBUG] cnn_neat: Removed hidden node 5 (pool=5)
2026-08-15 02:11:22,840 [DEBUG] cnn_neat: Removed edge 3→5 (from 12 candidates)
2026-08-15 02:11:23,075 [DEBUG] cnn_neat: Removed 3 edges (requested 3)
2026-08-15 02:11:23,100 [DEBUG] cnn_neat: Split edge 3→1, new hidden node 8 (pool=9)
2026-08-15 02:11:23,146 [DEBUG] cnn_neat: Split edge 3→4, new hidden node 7 (pool=11)
2026-08-15 02:11:23,164 [DEBUG] cnn_neat: Added edge 2→5 (from 6 candidates)
2026-08-15 02:11:23,216 [DEBUG] cnn_neat: Removed hidden node 3 (pool=5)
2026-08-15 02:11:23,225 [DEBUG] cnn_neat: Removed edge 0→2 (from 12 candidates)
2026-08-15 02:11:23,250 [DEBUG] cnn_neat: Removed 3 edges (requested 3)
2026-08-15 02:11:23,266 [DEBUG] cnn_neat: Split edge 0→4, new hidden node 8 (pool=10)
2026-08-15 02:11:23,275 [DEBUG] cnn_neat: Split edge 0→5, new hidden node 6 (pool=9)
2026-08-15 02:11:23,280 [DEBUG] cnn_neat: Added edge 2→5 (from 3 candidates)
2026-08-15 02:11:23,288 [DEBUG] cnn_neat: Removed hidden node 5 (pool=4)
2026-08-15 02:11:23,293 [DEBUG] cnn_neat: Removed edge 3→4 (from 10 candidates)
2026-08-15 02:11:23,301 [DEBUG] cnn_neat: Removed 3 edges (requested 3)
2026-08-15 02:11:23,307 [DEBUG] cnn_neat: Split edge 0→2, new hidden node 7 (pool=7)
2026-08-15 02:11:23,311 [DEBUG] cnn_neat: Split edge 2→4, new hidden node 5 (pool=7)
2026-08-15 02:11:23,320 [DEBUG] cnn_neat: Split edge 2→3, new hidden node 6 (pool=12)
2026-08-15 02:11:23,326 [DEBUG] cnn_neat: Added edge 2→5 (from 3 candidates)
2026-08-15 02:11:23,336 [DEBUG] cnn_neat: Removed hidden node 5 (pool=4)
2026-08-15 02:11:23,341 [DEBUG] cnn_neat: Removed edge 5→1 (from 12 candidates)
2026-08-15 02:11:23,352 [DEBUG] cnn_neat: Removed 3 edges (requested 3)
2026-08-15 02:11:23,358 [DEBUG] cnn_neat: Split edge 3→4, new hidden node 7 (pool=10)
2026-08-15 02:11:23,366 [DEBUG] cnn_neat: Split edge 7→8, new hidden node 9 (pool=9)
2026-08-15 02:11:23,371 [DEBUG] cnn_neat: Added edge 0→6 (from 21 candidates)
2026-08-15 02:11:23,379 [DEBUG] cnn_neat: Removed hidden node 6 (pool=5)
2026-08-15 02:11:23,382 [DEBUG] cnn_neat: Removed edge 4→6 (from 9 candidates)
2026-08-15 02:11:23,389 [DEBUG] cnn_neat: Removed 3 edges (requested 3)
2026-08-15 02:11:23,394 [DEBUG] cnn_neat: Split edge 2→1, new hidden node 10 (pool=6)
2026-08-15 02:11:23,399 [DEBUG] cnn_neat: Split edge 4→6, new hidden node 9 (pool=6)
2026-08-15 02:11:23,409 [DEBUG] cnn_neat: Split edge 0→5, new hidden node 7 (pool=11)
2026-08-15 02:11:23,415 [DEBUG] cnn_neat: Added edge 2→6 (from 8 candidates)
2026-08-15 02:11:23,425 [DEBUG] cnn_neat: Removed hidden node 4 (pool=5)
2026-08-15 02:11:23,431 [DEBUG] cnn_neat: Removed edge 2→3 (from 12 candidates)
2026-08-15 02:11:23,442 [DEBUG] cnn_neat: Removed 3 edges (requested 3)
2026-08-15 02:11:23,446 [DEBUG] cnn_neat: Split edge 0→3, new hidden node 7 (pool=8)
2026-08-15 02:11:23,450 [DEBUG] cnn_neat: Split edge 0→6, new hidden node 7 (pool=6)
2026-08-15 02:11:23,454 [DEBUG] cnn_neat: Added edge 3→5 (from 12 candidates)
2026-08-15 02:11:23,458 [DEBUG] cnn_neat: Added edge 6→4 (from 13 candidates)
2026-08-15 02:11:23,469 [DEBUG] cnn_neat: Split edge 0→2, new hidden node 7 (pool=12)
2026-08-15 02:11:23,476 [DEBUG] cnn_neat: Added edge 6→1 (from 6 candidates)
2026-08-15 02:11:23,487 [DEBUG] cnn_neat: Removed hidden node 4 (pool=5)
2026-08-15 02:11:23,494 [DEBUG] cnn_neat: Removed edge 6→4 (from 13 candidates)
2026-08-15 02:11:23,507 [DEBUG] cnn_neat: Removed 3 edges (requested 3)
2026-08-15 02:11:23,516 [DEBUG] cnn_neat: Split edge 6→4, new hidden node 8 (pool=7)
2026-08-15 02:11:23,577 [DEBUG] cnn_neat: Split edge 4→7, new hidden node 8 (pool=7)
2026-08-15 02:11:23,582 [DEBUG] cnn_neat: Added edge 2→3 (from 15 candidates)
2026-08-15 02:11:23,593 [DEBUG] cnn_neat: Removed hidden node 3 (pool=4)
2026-08-15 02:11:23,597 [DEBUG] cnn_neat: Removed edge 4→6 (from 6 candidates)
2026-08-15 02:11:23,599 [DEBUG] cnn_neat: Removed 3 edges (requested 3)
2026-08-15 02:11:23,607 [DEBUG] cnn_neat: Split edge 7→2, new hidden node 9 (pool=8)
2026-08-15 02:11:23,612 [DEBUG] cnn_neat: Split edge 6→2, new hidden node 8 (pool=8)
2026-08-15 02:11:23,619 [DEBUG] cnn_neat: Split edge 0→4, new hidden node 8 (pool=6)
2026-08-15 02:11:23,627 [DEBUG] cnn_neat: Split edge 0→3, new hidden node 8 (pool=10)
2026-08-15 02:11:23,632 [DEBUG] cnn_neat: Added edge 6→3 (from 16 candidates)
2026-08-15 02:11:23,635 [DEBUG] cnn_neat: Removed hidden node 6 (pool=4)
2026-08-15 02:11:23,640 [DEBUG] cnn_neat: Removed edge 7→2 (from 8 candidates)
2026-08-15 02:11:23,651 [DEBUG] cnn_neat: Removed 3 edges (requested 3)
2026-08-15 02:11:23,660 [DEBUG] cnn_neat: Split edge 2→1, new hidden node 8 (pool=11)
2026-08-15 02:11:23,666 [DEBUG] cnn_neat: Added edge 7→6 (from 15 candidates)
2026-08-15 02:11:23,673 [DEBUG] cnn_neat: Split edge 0→3, new hidden node 9 (pool=12)
2026-08-15 02:11:23,683 [DEBUG] cnn_neat: Removed hidden node 3 (pool=4)
2026-08-15 02:11:23,690 [DEBUG] cnn_neat: Added edge 2→3 (from 21 candidates)
2026-08-15 02:11:23,696 [DEBUG] cnn_neat: Split edge 7→6, new hidden node 8 (pool=12)
2026-08-15 02:11:23,706 [DEBUG] cnn_neat: Split edge 0→3, new hidden node 8 (pool=7)
2026-08-15 02:11:23,837 [DEBUG] cnn_neat: Added edge 3→7 (from 21 candidates)
2026-08-15 02:11:23,846 [DEBUG] cnn_neat: Removed hidden node 7 (pool=4)
2026-08-15 02:11:23,847 [DEBUG] cnn_neat: Removed edge 4→7 (from 6 candidates)
2026-08-15 02:11:23,850 [DEBUG] cnn_neat: Removed 3 edges (requested 3)
2026-08-15 02:11:23,854 [DEBUG] cnn_neat: Split edge 0→4, new hidden node 9 (pool=8)
2026-08-15 02:11:23,862 [DEBUG] cnn_neat: Split edge 0→3, new hidden node 8 (pool=8)
2026-08-15 02:11:23,868 [DEBUG] cnn_neat: Split edge 0→3, new hidden node 8 (pool=6)
2026-08-15 02:11:23,875 [DEBUG] cnn_neat: Split edge 6→5, new hidden node 8 (pool=8)
2026-08-15 02:11:23,880 [DEBUG] cnn_neat: Added edge 0→5 (from 12 candidates)
2026-08-15 02:11:23,891 [DEBUG] cnn_neat: Removed hidden node 6 (pool=3)
2026-08-15 02:11:23,893 [DEBUG] cnn_neat: Removed edge 6→2 (from 6 candidates)
2026-08-15 02:11:23,896 [DEBUG] cnn_neat: Removed 3 edges (requested 3)
2026-08-15 02:11:23,905 [DEBUG] cnn_neat: Split edge 7→2, new hidden node 8 (pool=8)
2026-08-15 02:11:23,910 [DEBUG] cnn_neat: Added edge 0→6 (from 14 candidates)
2026-08-15 02:11:23,921 [DEBUG] cnn_neat: Removed hidden node 5 (pool=4)
2026-08-15 02:11:23,926 [DEBUG] cnn_neat: Removed edge 7→2 (from 8 candidates)
2026-08-15 02:11:23,938 [DEBUG] cnn_neat: Removed 3 edges (requested 3)
2026-08-15 02:11:23,945 [DEBUG] cnn_neat: Split edge 4→3, new hidden node 9 (pool=9)
2026-08-15 02:11:23,951 [DEBUG] cnn_neat: Split edge 6→2, new hidden node 8 (pool=9)
2026-08-15 02:11:23,956 [DEBUG] cnn_neat: Split edge 0→4, new hidden node 8 (pool=7)
2026-08-15 02:11:24,088 [DEBUG] cnn_neat: Split edge 5→3, new hidden node 9 (pool=11)
2026-08-15 02:11:24,093 [DEBUG] cnn_neat: Added edge 6→1 (from 28 candidates)
2026-08-15 02:11:24,103 [DEBUG] cnn_neat: Removed hidden node 8 (pool=5)
2026-08-15 02:11:24,107 [DEBUG] cnn_neat: Removed edge 4→6 (from 9 candidates)
2026-08-15 02:11:24,114 [DEBUG] cnn_neat: Removed 3 edges (requested 3)
2026-08-15 02:11:24,121 [DEBUG] cnn_neat: Split edge 4→7, new hidden node 9 (pool=8)
2026-08-15 02:11:24,122 [DEBUG] cnn_neat: Split edge 2→1, new hidden node 9 (pool=6)
2026-08-15 02:11:24,129 [DEBUG] cnn_neat: Added edge 4→2 (from 27 candidates)
2026-08-15 02:11:24,135 [DEBUG] cnn_neat: Added edge 2→5 (from 32 candidates)
2026-08-15 02:11:24,145 [DEBUG] cnn_neat: Split edge 2→5, new hidden node 8 (pool=11)
2026-08-15 02:11:24,150 [DEBUG] cnn_neat: Added edge 6→1 (from 15 candidates)
2026-08-15 02:11:24,161 [DEBUG] cnn_neat: Removed hidden node 3 (pool=4)
2026-08-15 02:11:24,166 [DEBUG] cnn_neat: Removed edge 4→6 (from 9 candidates)
2026-08-15 02:11:24,173 [DEBUG] cnn_neat: Removed 3 edges (requested 3)
2026-08-15 02:11:24,179 [DEBUG] cnn_neat: Split edge 2→1, new hidden node 9 (pool=10)
2026-08-15 02:11:24,187 [DEBUG] cnn_neat: Split edge 4→6, new hidden node 8 (pool=8)
2026-08-15 02:11:24,193 [DEBUG] cnn_neat: Split edge 0→3, new hidden node 8 (pool=8)
2026-08-15 02:11:24,206 [DEBUG] cnn_neat: Split edge 5→3, new hidden node 9 (pool=14)
2026-08-15 02:11:24,214 [DEBUG] cnn_neat: Added edge 2→7 (from 23 candidates)
2026-08-15 02:11:24,225 [DEBUG] cnn_neat: Removed hidden node 2 (pool=6)
2026-08-15 02:11:24,357 [DEBUG] cnn_neat: Removed edge 7→8 (from 13 candidates)
2026-08-15 02:11:24,371 [DEBUG] cnn_neat: Removed 3 edges (requested 3)
2026-08-15 02:11:24,374 [DEBUG] cnn_neat: Split edge 4→6, new hidden node 10 (pool=15)
2026-08-15 02:11:24,381 [DEBUG] cnn_neat: Split edge 5→3, new hidden node 9 (pool=15)
2026-08-15 02:11:24,392 [DEBUG] cnn_neat: Split edge 7→2, new hidden node 8 (pool=6)
2026-08-15 02:11:24,399 [DEBUG] cnn_neat: Added edge 7→6 (from 8 candidates)
2026-08-15 02:11:24,408 [DEBUG] cnn_neat: Removed hidden node 6 (pool=2)
2026-08-15 02:11:24,413 [DEBUG] cnn_neat: Removed edge 4→6 (from 4 candidates)
2026-08-15 02:11:24,419 [DEBUG] cnn_neat: Removed 2 edges (requested 3)
2026-08-15 02:11:24,425 [DEBUG] cnn_neat: Split edge 7→6, new hidden node 8 (pool=7)
2026-08-15 02:11:24,432 [DEBUG] cnn_neat: Added edge 4→2 (from 6 candidates)
2026-08-15 02:11:24,435 [DEBUG] cnn_neat: Split edge 6→2, new hidden node 9 (pool=8)
2026-08-15 02:11:24,439 [DEBUG] cnn_neat: Removed hidden node 7 (pool=2)
2026-08-15 02:11:24,445 [DEBUG] cnn_neat: Added edge 7→6 (from 10 candidates)
2026-08-15 02:11:24,449 [DEBUG] cnn_neat: Split edge 4→2, new hidden node 8 (pool=8)
2026-08-15 02:11:24,458 [DEBUG] cnn_neat: Split edge 4→7, new hidden node 8 (pool=7)
2026-08-15 02:11:24,464 [DEBUG] cnn_neat: Added edge 4→3 (from 16 candidates)
2026-08-15 02:11:24,475 [DEBUG] cnn_neat: Removed hidden node 3 (pool=3)
2026-08-15 02:11:24,481 [DEBUG] cnn_neat: Removed edge 7→2 (from 5 candidates)
2026-08-15 02:11:24,491 [DEBUG] cnn_neat: Removed 3 edges (requested 3)
2026-08-15 02:11:24,493 [DEBUG] cnn_neat: Split edge 0→4, new hidden node 8 (pool=6)
2026-08-15 02:11:24,494 [DEBUG] cnn_neat: Added edge 6→1 (from 18 candidates)
2026-08-15 02:11:24,500 [DEBUG] cnn_neat: Split edge 0→3, new hidden node 9 (pool=7)
2026-08-15 02:11:24,508 [DEBUG] cnn_neat: Removed hidden node 7 (pool=2)
2026-08-15 02:11:24,514 [DEBUG] cnn_neat: Added edge 0→6 (from 23 candidates)
2026-08-15 02:11:24,521 [DEBUG] cnn_neat: Split edge 6→1, new hidden node 8 (pool=5)
2026-08-15 02:11:24,533 [DEBUG] cnn_neat: Split edge 2→1, new hidden node 8 (pool=6)
2026-08-15 02:11:24,535 [DEBUG] cnn_neat: Added edge 6→5 (from 11 candidates)
2026-08-15 02:11:24,538 [DEBUG] cnn_neat: Removed hidden node 7 (pool=3)
2026-08-15 02:11:24,540 [DEBUG] cnn_neat: Removed edge 4→6 (from 5 candidates)
2026-08-15 02:11:24,543 [DEBUG] cnn_neat: Removed 3 edges (requested 3)
2026-08-15 02:11:24,677 [DEBUG] cnn_neat: Split edge 8→1, new hidden node 9 (pool=8)
2026-08-15 02:11:24,683 [DEBUG] cnn_neat: Split edge 2→1, new hidden node 8 (pool=5)
2026-08-15 02:11:24,694 [DEBUG] cnn_neat: Added edge 7→5 (from 16 candidates)
2026-08-15 02:11:24,699 [DEBUG] cnn_neat: Added edge 0→2 (from 14 candidates)
2026-08-15 02:11:24,708 [DEBUG] cnn_neat: Split edge 6→5, new hidden node 8 (pool=8)
2026-08-15 02:11:24,712 [DEBUG] cnn_neat: Added edge 7→6 (from 12 candidates)
2026-08-15 02:11:24,718 [DEBUG] cnn_neat: Removed hidden node 5 (pool=3)
2026-08-15 02:11:24,721 [DEBUG] cnn_neat: Removed edge 2→5 (from 6 candidates)
2026-08-15 02:11:24,724 [DEBUG] cnn_neat: Removed 3 edges (requested 3)
2026-08-15 02:11:24,732 [DEBUG] cnn_neat: Split edge 4→6, new hidden node 8 (pool=7)
2026-08-15 02:11:24,734 [DEBUG] cnn_neat: Added edge 7→1 (from 14 candidates)
2026-08-15 02:11:24,742 [DEBUG] cnn_neat: Removed hidden node 7 (pool=3)
2026-08-15 02:11:24,744 [DEBUG] cnn_neat: Removed edge 7→2 (from 5 candidates)
2026-08-15 02:11:24,748 [DEBUG] cnn_neat: Removed 3 edges (requested 3)
2026-08-15 02:11:24,782 [DEBUG] cnn_neat: Split edge 7→2, new hidden node 8 (pool=5)
2026-08-15 02:11:24,785 [DEBUG] cnn_neat: Split edge 2→1, new hidden node 7 (pool=5)
2026-08-15 02:11:24,788 [DEBUG] cnn_neat: Split edge 6→2, new hidden node 8 (pool=6)
2026-08-15 02:11:24,809 [DEBUG] cnn_neat: Split edge 0→4, new hidden node 9 (pool=7)
2026-08-15 02:11:24,817 [DEBUG] cnn_neat: Added edge 7→8 (from 16 candidates)
2026-08-15 02:11:24,978 [DEBUG] cnn_neat: Removed hidden node 6 (pool=3)
2026-08-15 02:11:24,981 [DEBUG] cnn_neat: Removed edge 6→2 (from 5 candidates)
2026-08-15 02:11:24,986 [DEBUG] cnn_neat: Removed 3 edges (requested 3)
2026-08-15 02:11:24,991 [DEBUG] cnn_neat: Split edge 2→1, new hidden node 10 (pool=8)
2026-08-15 02:11:24,994 [DEBUG] cnn_neat: Split edge 0→4, new hidden node 9 (pool=8)
2026-08-15 02:11:25,001 [DEBUG] cnn_neat: Split edge 4→6, new hidden node 8 (pool=7)
2026-08-15 02:11:25,005 [DEBUG] cnn_neat: Added edge 6→3 (from 14 candidates)
2026-08-15 02:11:25,011 [DEBUG] cnn_neat: Removed hidden node 3 (pool=3)
2026-08-15 02:11:25,014 [DEBUG] cnn_neat: Removed edge 4→6 (from 5 candidates)
2026-08-15 02:11:25,019 [DEBUG] cnn_neat: Removed 3 edges (requested 3)
2026-08-15 02:11:25,023 [DEBUG] cnn_neat: Split edge 4→7, new hidden node 9 (pool=8)
2026-08-15 02:11:25,026 [DEBUG] cnn_neat: Split edge 6→3, new hidden node 8 (pool=8)
2026-08-15 02:11:25,029 [DEBUG] cnn_neat: Split edge 4→7, new hidden node 8 (pool=6)
2026-08-15 02:11:25,035 [DEBUG] cnn_neat: Split edge 4→7, new hidden node 8 (pool=8)
2026-08-15 02:11:25,038 [DEBUG] cnn_neat: Added edge 4→3 (from 11 candidates)
2026-08-15 02:11:25,044 [DEBUG] cnn_neat: Removed hidden node 3 (pool=3)
2026-08-15 02:11:25,047 [DEBUG] cnn_neat: Removed edge 2→3 (from 6 candidates)
2026-08-15 02:11:25,052 [DEBUG] cnn_neat: Removed 3 edges (requested 3)
2026-08-15 02:11:25,056 [DEBUG] cnn_neat: Split edge 7→2, new hidden node 9 (pool=9)
2026-08-15 02:11:25,059 [DEBUG] cnn_neat: Split edge 4→3, new hidden node 8 (pool=9)
2026-08-15 02:11:25,063 [DEBUG] cnn_neat: Added edge 8→2 (from 17 candidates)
2026-08-15 02:11:25,067 [DEBUG] cnn_neat: Added edge 7→1 (from 10 candidates)
2026-08-15 02:11:25,073 [DEBUG] cnn_neat: Split edge 0→4, new hidden node 8 (pool=8)
2026-08-15 02:11:25,076 [DEBUG] cnn_neat: Added edge 7→6 (from 18 candidates)
2026-08-15 02:11:25,082 [DEBUG] cnn_neat: Removed hidden node 6 (pool=4)
2026-08-15 02:11:25,085 [DEBUG] cnn_neat: Removed edge 4→6 (from 7 candidates)
2026-08-15 02:11:25,090 [DEBUG] cnn_neat: Removed 3 edges (requested 3)
2026-08-15 02:11:25,094 [DEBUG] cnn_neat: Split edge 6→3, new hidden node 9 (pool=7)
2026-08-15 02:11:25,098 [DEBUG] cnn_neat: Split edge 6→2, new hidden node 8 (pool=9)
2026-08-15 02:11:25,104 [DEBUG] cnn_neat: Split edge 0→4, new hidden node 8 (pool=9)
2026-08-15 02:11:25,109 [DEBUG] cnn_neat: Added edge 7→6 (from 10 candidates)
2026-08-15 02:11:25,116 [DEBUG] cnn_neat: Removed hidden node 2 (pool=4)
2026-08-15 02:11:25,120 [DEBUG] cnn_neat: Removed edge 6→5 (from 8 candidates)
2026-08-15 02:11:25,127 [DEBUG] cnn_neat: Removed 3 edges (requested 3)
2026-08-15 02:11:25,131 [DEBUG] cnn_neat: Split edge 0→8, new hidden node 9 (pool=10)
2026-08-15 02:11:25,136 [DEBUG] cnn_neat: Split edge 2→1, new hidden node 8 (pool=10)
2026-08-15 02:11:25,143 [DEBUG] cnn_neat: Split edge 4→7, new hidden node 8 (pool=6)
2026-08-15 02:11:25,146 [DEBUG] cnn_neat: Added edge 7→3 (from 13 candidates)
2026-08-15 02:11:25,153 [DEBUG] cnn_neat: Saved generation 9
2026-08-15 02:11:25,222 [DEBUG] cnn_neat: Selected 25 elite individuals
2026-08-15 02:11:25,227 [DEBUG] cnn_neat: Removed hidden node 3 (pool=4)
2026-08-15 02:11:25,239 [DEBUG] cnn_neat: Removed edge 2→5 (from 5 candidates)
2026-08-15 02:11:25,298 [DEBUG] cnn_neat: Removed 3 edges (requested 3)
2026-08-15 02:11:25,312 [DEBUG] cnn_neat: Split edge 2→5, new hidden node 9 (pool=8)
2026-08-15 02:11:25,324 [DEBUG] cnn_neat: Split edge 6→5, new hidden node 8 (pool=10)
2026-08-15 02:11:25,336 [DEBUG] cnn_neat: Split edge 6→2, new hidden node 8 (pool=5)
2026-08-15 02:11:25,350 [DEBUG] cnn_neat: Split edge 4→7, new hidden node 9 (pool=7)
2026-08-15 02:11:25,358 [DEBUG] cnn_neat: Added edge 3→7 (from 28 candidates)
2026-08-15 02:11:25,370 [DEBUG] cnn_neat: Removed hidden node 3 (pool=5)
2026-08-15 02:11:25,374 [DEBUG] cnn_neat: Removed edge 6→2 (from 5 candidates)
2026-08-15 02:11:25,384 [DEBUG] cnn_neat: Removed 3 edges (requested 3)
2026-08-15 02:11:25,390 [DEBUG] cnn_neat: Split edge 0→8, new hidden node 10 (pool=8)
2026-08-15 02:11:25,396 [DEBUG] cnn_neat: Split edge 4→7, new hidden node 9 (pool=7)
2026-08-15 02:11:25,398 [DEBUG] cnn_neat: Split edge 0→4, new hidden node 9 (pool=6)
2026-08-15 02:11:25,403 [DEBUG] cnn_neat: Split edge 4→7, new hidden node 8 (pool=8)
2026-08-15 02:11:25,408 [DEBUG] cnn_neat: Trimmed elite queue to 128 entries
2026-08-15 02:11:25,670 [DEBUG] cnn_neat: Added edge 6→7 (from 14 candidates)
2026-08-15 02:11:25,679 [DEBUG] cnn_neat: Split edge 6→4, new hidden node 7 (pool=13)
2026-08-15 02:11:25,685 [DEBUG] cnn_neat: Added edge 3→5 (from 5 candidates)
2026-08-15 02:11:25,689 [DEBUG] cnn_neat: Removed hidden node 6 (pool=4)
2026-08-15 02:11:25,693 [DEBUG] cnn_neat: Removed edge 4→6 (from 8 candidates)
2026-08-15 02:11:25,703 [DEBUG] cnn_neat: Removed 3 edges (requested 3)
2026-08-15 02:11:25,704 [DEBUG] cnn_neat: Removed hidden node 6 (pool=5)
2026-08-15 02:11:25,711 [DEBUG] cnn_neat: Split edge 0→4, new hidden node 9 (pool=9)
2026-08-15 02:11:25,713 [DEBUG] cnn_neat: Split edge 3→4, new hidden node 6 (pool=10)
2026-08-15 02:11:25,718 [DEBUG] cnn_neat: Split edge 0→4, new hidden node 8 (pool=9)
2026-08-15 02:11:25,719 [DEBUG] cnn_neat: Removed edge 4→1 (from 15 candidates)
2026-08-15 02:11:25,726 [DEBUG] cnn_neat: Removed 3 edges (requested 3)
2026-08-15 02:11:25,730 [DEBUG] cnn_neat: Crossover rejected: union topology invalid (edges=24 nodes=13)
2026-08-15 02:11:25,734 [DEBUG] cnn_neat: Split edge 2→4, new hidden node 7 (pool=13)
2026-08-15 02:11:25,737 [DEBUG] cnn_neat: Added edge 3→6 (from 5 candidates)
2026-08-15 02:11:25,740 [DEBUG] cnn_neat: Added edge 6→5 (from 3 candidates)
2026-08-15 02:11:25,745 [DEBUG] cnn_neat: Added edge 6→1 (from 2 candidates)
2026-08-15 02:11:25,749 [DEBUG] cnn_neat: Added edge 3→5 (from 1 candidates)
2026-08-15 02:11:25,754 [DEBUG] cnn_neat: Split edge 3→1, new hidden node 7 (pool=17)
2026-08-15 02:11:25,758 [DEBUG] cnn_neat: Split edge 0→3, new hidden node 7 (pool=14)
2026-08-15 02:11:25,763 [DEBUG] cnn_neat: Added edge 2→5 (from 5 candidates)
2026-08-15 02:11:25,768 [DEBUG] cnn_neat: Removed hidden node 3 (pool=5)
2026-08-15 02:11:25,772 [DEBUG] cnn_neat: Removed edge 3→1 (from 15 candidates)
2026-08-15 02:11:25,778 [DEBUG] cnn_neat: Removed 3 edges (requested 3)
2026-08-15 02:11:25,782 [DEBUG] cnn_neat: Crossover rejected: union topology invalid (edges=23 nodes=12)
2026-08-15 02:11:25,786 [DEBUG] cnn_neat: Split edge 0→3, new hidden node 7 (pool=14)
2026-08-15 02:11:25,790 [DEBUG] cnn_neat: Added edge 7→5 (from 11 candidates)
2026-08-15 02:11:25,793 [DEBUG] cnn_neat: Added edge 4→6 (from 5 candidates)
2026-08-15 02:11:25,796 [DEBUG] cnn_neat: Added edge 2→5 (from 3 candidates)
2026-08-15 02:11:25,800 [DEBUG] cnn_neat: Added edge 3→5 (from 2 candidates)
2026-08-15 02:11:25,803 [DEBUG] cnn_neat: Added edge 6→1 (from 1 candidates)
2026-08-15 02:11:25,809 [DEBUG] cnn_neat: Split edge 2→1, new hidden node 7 (pool=11)
2026-08-15 02:11:25,813 [DEBUG] cnn_neat: Added edge 3→4 (from 9 candidates)
2026-08-15 02:11:25,816 [DEBUG] cnn_neat: Split edge 0→5, new hidden node 7 (pool=12)
2026-08-15 02:11:25,821 [DEBUG] cnn_neat: Removed hidden node 4 (pool=5)
2026-08-15 02:11:25,823 [DEBUG] cnn_neat: Split edge 0→3, new hidden node 7 (pool=9)
2026-08-15 02:11:25,826 [DEBUG] cnn_neat: Removed edge 5→1 (from 12 candidates)
2026-08-15 02:11:25,832 [DEBUG] cnn_neat: Removed 3 edges (requested 3)
2026-08-15 02:11:25,835 [DEBUG] cnn_neat: Crossover rejected: union topology invalid (edges=24 nodes=13)
2026-08-15 02:11:25,838 [DEBUG] cnn_neat: Split edge 0→2, new hidden node 7 (pool=11)
2026-08-15 02:11:25,841 [DEBUG] cnn_neat: Added edge 3→5 (from 9 candidates)
2026-08-15 02:11:25,844 [DEBUG] cnn_neat: Added edge 3→6 (from 7 candidates)
2026-08-15 02:11:25,848 [DEBUG] cnn_neat: Added edge 6→5 (from 4 candidates)
2026-08-15 02:11:25,852 [DEBUG] cnn_neat: Added edge 2→5 (from 3 candidates)
2026-08-15 02:11:25,855 [DEBUG] cnn_neat: Added edge 6→1 (from 2 candidates)
2026-08-15 02:11:25,857 [DEBUG] cnn_neat: Split edge 4→7, new hidden node 8 (pool=8)
2026-08-15 02:11:25,860 [DEBUG] cnn_neat: Added edge 2→3 (from 14 candidates)
2026-08-15 02:11:25,863 [DEBUG] cnn_neat: Removed hidden node 3 (pool=3)
2026-08-15 02:11:25,865 [DEBUG] cnn_neat: Split edge 7→2, new hidden node 8 (pool=6)
2026-08-15 02:11:25,867 [DEBUG] cnn_neat: Added edge 4→2 (from 13 candidates)
2026-08-15 02:11:25,869 [DEBUG] cnn_neat: Removed edge 7→2 (from 6 candidates)
2026-08-15 02:11:25,872 [DEBUG] cnn_neat: Removed 3 edges (requested 3)
2026-08-15 02:11:25,873 [DEBUG] cnn_neat: Split edge 0→3, new hidden node 8 (pool=5)
2026-08-15 02:11:25,876 [DEBUG] cnn_neat: Crossover rejected: union topology invalid (edges=22 nodes=12)
2026-08-15 02:11:25,879 [DEBUG] cnn_neat: Split edge 2→1, new hidden node 8 (pool=8)
2026-08-15 02:11:25,881 [DEBUG] cnn_neat: Added edge 3→2 (from 14 candidates)
2026-08-15 02:11:25,884 [DEBUG] cnn_neat: Added edge 7→6 (from 14 candidates)
2026-08-15 02:11:25,887 [DEBUG] cnn_neat: Added edge 3→7 (from 12 candidates)
2026-08-15 02:11:25,889 [DEBUG] cnn_neat: Added edge 4→1 (from 9 candidates)
2026-08-15 02:11:25,892 [DEBUG] cnn_neat: Added edge 4→2 (from 8 candidates)
2026-08-15 02:11:25,894 [DEBUG] cnn_neat: Split edge 6→5, new hidden node 8 (pool=8)
2026-08-15 02:11:25,896 [DEBUG] cnn_neat: Added edge 5→2 (from 13 candidates)
2026-08-15 02:11:25,900 [DEBUG] cnn_neat: Removed hidden node 5 (pool=3)
2026-08-15 02:11:25,902 [DEBUG] cnn_neat: Split edge 4→6, new hidden node 8 (pool=6)
2026-08-15 02:11:25,903 [DEBUG] cnn_neat: Removed edge 6→2 (from 6 candidates)
2026-08-15 02:11:25,907 [DEBUG] cnn_neat: Removed 3 edges (requested 3)
2026-08-15 02:11:25,908 [DEBUG] cnn_neat: Split edge 4→7, new hidden node 8 (pool=5)
2026-08-15 02:11:25,909 [DEBUG] cnn_neat: Added edge 6→2 (from 13 candidates)
2026-08-15 02:11:25,912 [DEBUG] cnn_neat: Removed hidden node 7 (pool=3)
2026-08-15 02:11:25,915 [DEBUG] cnn_neat: Crossover rejected: union topology invalid (edges=17 nodes=13)
2026-08-15 02:11:25,917 [DEBUG] cnn_neat: Split edge 0→4, new hidden node 8 (pool=8)
2026-08-15 02:11:25,919 [DEBUG] cnn_neat: Added edge 5→7 (from 13 candidates)
2026-08-15 02:11:25,922 [DEBUG] cnn_neat: Added edge 6→7 (from 9 candidates)
2026-08-15 02:11:25,925 [DEBUG] cnn_neat: Added edge 0→2 (from 8 candidates)
2026-08-15 02:11:25,927 [DEBUG] cnn_neat: Added edge 5→2 (from 9 candidates)
2026-08-15 02:11:25,930 [DEBUG] cnn_neat: Added edge 7→1 (from 8 candidates)
2026-08-15 02:11:25,932 [DEBUG] cnn_neat: Split edge 4→7, new hidden node 10 (pool=8)
2026-08-15 02:11:25,934 [DEBUG] cnn_neat: Added edge 6→1 (from 26 candidates)
2026-08-15 02:11:25,937 [DEBUG] cnn_neat: Removed hidden node 9 (pool=4)
2026-08-15 02:11:25,939 [DEBUG] cnn_neat: Split edge 7→2, new hidden node 8 (pool=6)
2026-08-15 02:11:25,942 [DEBUG] cnn_neat: Added edge 7→1 (from 13 candidates)
2026-08-15 02:11:25,944 [DEBUG] cnn_neat: Removed edge 6→2 (from 6 candidates)
2026-08-15 02:11:25,947 [DEBUG] cnn_neat: Removed 3 edges (requested 3)
2026-08-15 02:11:25,948 [DEBUG] cnn_neat: Split edge 0→4, new hidden node 8 (pool=5)
2026-08-15 02:11:25,951 [DEBUG] cnn_neat: Crossover rejected: union topology invalid (edges=18 nodes=14)
2026-08-15 02:11:25,952 [DEBUG] cnn_neat: Split edge 6→2, new hidden node 10 (pool=8)
2026-08-15 02:11:25,954 [DEBUG] cnn_neat: Added edge 7→6 (from 26 candidates)
2026-08-15 02:11:25,957 [DEBUG] cnn_neat: Added edge 6→9 (from 24 candidates)
2026-08-15 02:11:25,959 [DEBUG] cnn_neat: Added edge 4→9 (from 17 candidates)
2026-08-15 02:11:25,961 [DEBUG] cnn_neat: Added edge 0→2 (from 16 candidates)
2026-08-15 02:11:25,964 [DEBUG] cnn_neat: Added edge 2→9 (from 17 candidates)
2026-08-15 02:11:25,966 [DEBUG] cnn_neat: Split edge 0→4, new hidden node 8 (pool=8)
2026-08-15 02:11:25,968 [DEBUG] cnn_neat: Added edge 7→3 (from 19 candidates)
2026-08-15 02:11:25,971 [DEBUG] cnn_neat: Removed hidden node 6 (pool=4)
2026-08-15 02:11:25,973 [DEBUG] cnn_neat: Removed edge 4→3 (from 7 candidates)
2026-08-15 02:11:25,975 [DEBUG] cnn_neat: Split edge 0→4, new hidden node 8 (pool=7)
2026-08-15 02:11:25,978 [DEBUG] cnn_neat: Removed 3 edges (requested 3)
2026-08-15 02:11:25,980 [DEBUG] cnn_neat: Split edge 6→2, new hidden node 8 (pool=5)
2026-08-15 02:11:25,982 [DEBUG] cnn_neat: Crossover rejected: union topology invalid (edges=23 nodes=13)
2026-08-15 02:11:25,986 [DEBUG] cnn_neat: Split edge 4→7, new hidden node 8 (pool=8)
2026-08-15 02:11:25,988 [DEBUG] cnn_neat: Added edge 2→3 (from 19 candidates)
2026-08-15 02:11:25,990 [DEBUG] cnn_neat: Added edge 6→5 (from 15 candidates)
2026-08-15 02:11:25,992 [DEBUG] cnn_neat: Added edge 4→2 (from 16 candidates)
2026-08-15 02:11:25,994 [DEBUG] cnn_neat: Added edge 6→7 (from 15 candidates)
2026-08-15 02:11:25,995 [DEBUG] cnn_neat: Added edge 5→3 (from 13 candidates)
2026-08-15 02:11:25,997 [DEBUG] cnn_neat: Split edge 8→3, new hidden node 9 (pool=9)
2026-08-15 02:11:26,000 [DEBUG] cnn_neat: Added edge 3→6 (from 23 candidates)
2026-08-15 02:11:26,004 [DEBUG] cnn_neat: Removed hidden node 7 (pool=4)
2026-08-15 02:11:26,005 [DEBUG] cnn_neat: Removed edge 7→2 (from 7 candidates)
2026-08-15 02:11:26,009 [DEBUG] cnn_neat: Removed 3 edges (requested 3)
2026-08-15 02:11:26,013 [DEBUG] cnn_neat: Crossover rejected: union topology invalid (edges=23 nodes=13)
2026-08-15 02:11:26,014 [DEBUG] cnn_neat: Split edge 8→3, new hidden node 9 (pool=9)
2026-08-15 02:11:26,016 [DEBUG] cnn_neat: Added edge 2→9 (from 32 candidates)
2026-08-15 02:11:26,019 [DEBUG] cnn_neat: Added edge 8→1 (from 23 candidates)
2026-08-15 02:11:26,021 [DEBUG] cnn_neat: Added edge 0→6 (from 21 candidates)
2026-08-15 02:11:26,024 [DEBUG] cnn_neat: Added edge 7→3 (from 23 candidates)
2026-08-15 02:11:26,026 [DEBUG] cnn_neat: Added edge 0→8 (from 21 candidates)
2026-08-15 02:11:26,029 [DEBUG] cnn_neat: Added edge 6→7 (from 18 candidates)
2026-08-15 02:11:26,077 [DEBUG] cnn_neat: Split edge 0→6, new hidden node 7 (pool=13)
2026-08-15 02:11:26,167 [DEBUG] cnn_neat: Added edge 6→3 (from 5 candidates)
2026-08-15 02:11:26,213 [DEBUG] cnn_neat: Removed hidden node 4 (pool=5)
2026-08-15 02:11:26,224 [DEBUG] cnn_neat: Removed edge 2→4 (from 15 candidates)
2026-08-15 02:11:26,239 [DEBUG] cnn_neat: Removed 3 edges (requested 3)
2026-08-15 02:11:26,253 [DEBUG] cnn_neat: Split edge 2→6, new hidden node 8 (pool=13)
2026-08-15 02:11:26,264 [DEBUG] cnn_neat: Split edge 3→1, new hidden node 6 (pool=13)
2026-08-15 02:11:26,268 [DEBUG] cnn_neat: Added edge 2→5 (from 2 candidates)
2026-08-15 02:11:26,518 [DEBUG] cnn_neat: Removed hidden node 2 (pool=4)
2026-08-15 02:11:26,541 [DEBUG] cnn_neat: Removed edge 2→1 (from 13 candidates)
2026-08-15 02:11:26,585 [DEBUG] cnn_neat: Removed 3 edges (requested 3)
2026-08-15 02:11:26,608 [DEBUG] cnn_neat: Split edge 2→3, new hidden node 7 (pool=11)
2026-08-15 02:11:26,673 [DEBUG] cnn_neat: Split edge 0→5, new hidden node 7 (pool=11)
2026-08-15 02:11:26,688 [DEBUG] cnn_neat: Added edge 6→1 (from 5 candidates)
2026-08-15 02:11:26,713 [DEBUG] cnn_neat: Removed hidden node 6 (pool=5)
2026-08-15 02:11:26,720 [DEBUG] cnn_neat: Removed edge 4→1 (from 12 candidates)
2026-08-15 02:11:26,732 [DEBUG] cnn_neat: Removed 3 edges (requested 3)
2026-08-15 02:11:26,739 [DEBUG] cnn_neat: Split edge 3→1, new hidden node 8 (pool=11)
2026-08-15 02:11:26,745 [DEBUG] cnn_neat: Split edge 0→5, new hidden node 6 (pool=12)
2026-08-15 02:11:26,756 [DEBUG] cnn_neat: Split edge 4→1, new hidden node 7 (pool=11)
2026-08-15 02:11:26,762 [DEBUG] cnn_neat: Added edge 2→6 (from 6 candidates)
2026-08-15 02:11:26,772 [DEBUG] cnn_neat: Removed hidden node 5 (pool=5)
2026-08-15 02:11:26,778 [DEBUG] cnn_neat: Removed edge 2→4 (from 12 candidates)
2026-08-15 02:11:26,788 [DEBUG] cnn_neat: Removed 3 edges (requested 3)
2026-08-15 02:11:26,794 [DEBUG] cnn_neat: Split edge 4→5, new hidden node 8 (pool=9)
2026-08-15 02:11:26,800 [DEBUG] cnn_neat: Split edge 0→4, new hidden node 7 (pool=10)
2026-08-15 02:11:26,804 [DEBUG] cnn_neat: Split edge 2→4, new hidden node 7 (pool=6)
2026-08-15 02:11:26,815 [DEBUG] cnn_neat: Split edge 0→2, new hidden node 7 (pool=14)
2026-08-15 02:11:26,822 [DEBUG] cnn_neat: Added edge 6→4 (from 5 candidates)
2026-08-15 02:11:26,832 [DEBUG] cnn_neat: Removed hidden node 2 (pool=5)
2026-08-15 02:11:26,837 [DEBUG] cnn_neat: Removed edge 4→1 (from 15 candidates)
2026-08-15 02:11:26,847 [DEBUG] cnn_neat: Removed 3 edges (requested 3)
2026-08-15 02:11:26,854 [DEBUG] cnn_neat: Split edge 3→1, new hidden node 8 (pool=7)
2026-08-15 02:11:26,864 [DEBUG] cnn_neat: Split edge 2→4, new hidden node 6 (pool=9)
2026-08-15 02:11:26,869 [DEBUG] cnn_neat: Added edge 2→5 (from 3 candidates)
2026-08-15 02:11:26,877 [DEBUG] cnn_neat: Removed hidden node 4 (pool=4)
2026-08-15 02:11:26,882 [DEBUG] cnn_neat: Removed edge 3→4 (from 10 candidates)
2026-08-15 02:11:26,890 [DEBUG] cnn_neat: Removed 3 edges (requested 3)
2026-08-15 02:11:26,896 [DEBUG] cnn_neat: Split edge 5→1, new hidden node 7 (pool=5)
2026-08-15 02:11:26,899 [DEBUG] cnn_neat: Split edge 0→2, new hidden node 6 (pool=8)
2026-08-15 02:11:26,906 [DEBUG] cnn_neat: Added edge 3→6 (from 9 candidates)
2026-08-15 02:11:26,908 [DEBUG] cnn_neat: Added edge 4→5 (from 9 candidates)
2026-08-15 02:11:26,918 [DEBUG] cnn_neat: Split edge 5→1, new hidden node 7 (pool=11)
2026-08-15 02:11:26,924 [DEBUG] cnn_neat: Added edge 5→3 (from 9 candidates)
2026-08-15 02:11:26,934 [DEBUG] cnn_neat: Removed hidden node 3 (pool=5)
2026-08-15 02:11:26,939 [DEBUG] cnn_neat: Removed edge 2→4 (from 12 candidates)
2026-08-15 02:11:26,950 [DEBUG] cnn_neat: Removed 3 edges (requested 3)
2026-08-15 02:11:26,957 [DEBUG] cnn_neat: Split edge 2→6, new hidden node 8 (pool=9)
2026-08-15 02:11:27,034 [DEBUG] cnn_neat: Split edge 0→5, new hidden node 6 (pool=12)
2026-08-15 02:11:27,043 [DEBUG] cnn_neat: Added edge 3→5 (from 3 candidates)
2026-08-15 02:11:27,062 [DEBUG] cnn_neat: Removed hidden node 4 (pool=4)
2026-08-15 02:11:27,068 [DEBUG] cnn_neat: Removed edge 0→2 (from 12 candidates)
2026-08-15 02:11:27,084 [DEBUG] cnn_neat: Removed 3 edges (requested 3)
2026-08-15 02:11:27,095 [DEBUG] cnn_neat: Split edge 0→4, new hidden node 6 (pool=8)
2026-08-15 02:11:27,101 [DEBUG] cnn_neat: Split edge 0→4, new hidden node 6 (pool=7)
2026-08-15 02:11:27,107 [DEBUG] cnn_neat: Added edge 3→5 (from 4 candidates)
2026-08-15 02:11:27,114 [DEBUG] cnn_neat: Added edge 3→4 (from 7 candidates)
2026-08-15 02:11:27,122 [DEBUG] cnn_neat: Split edge 4→7, new hidden node 9 (pool=9)
2026-08-15 02:11:27,129 [DEBUG] cnn_neat: Added edge 6→5 (from 21 candidates)
2026-08-15 02:11:27,141 [DEBUG] cnn_neat: Removed hidden node 8 (pool=5)
2026-08-15 02:11:27,146 [DEBUG] cnn_neat: Removed edge 5→3 (from 9 candidates)
2026-08-15 02:11:27,149 [DEBUG] cnn_neat: Removed 3 edges (requested 3)
2026-08-15 02:11:27,154 [DEBUG] cnn_neat: Split edge 2→5, new hidden node 9 (pool=12)
2026-08-15 02:11:27,160 [DEBUG] cnn_neat: Split edge 0→4, new hidden node 8 (pool=7)
2026-08-15 02:11:27,177 [DEBUG] cnn_neat: Split edge 6→4, new hidden node 7 (pool=11)
2026-08-15 02:11:27,320 [DEBUG] cnn_neat: Added edge 6→5 (from 8 candidates)
2026-08-15 02:11:27,329 [DEBUG] cnn_neat: Removed hidden node 4 (pool=5)
2026-08-15 02:11:27,337 [DEBUG] cnn_neat: Removed edge 3→1 (from 12 candidates)
2026-08-15 02:11:27,352 [DEBUG] cnn_neat: Removed 3 edges (requested 3)
2026-08-15 02:11:27,364 [DEBUG] cnn_neat: Split edge 5→1, new hidden node 8 (pool=9)
2026-08-15 02:11:27,373 [DEBUG] cnn_neat: Split edge 2→3, new hidden node 7 (pool=12)
2026-08-15 02:11:27,391 [DEBUG] cnn_neat: Split edge 2→6, new hidden node 7 (pool=12)
2026-08-15 02:11:27,403 [DEBUG] cnn_neat: Added edge 3→5 (from 6 candidates)
2026-08-15 02:11:27,422 [DEBUG] cnn_neat: Removed hidden node 4 (pool=5)
2026-08-15 02:11:27,430 [DEBUG] cnn_neat: Removed edge 0→3 (from 13 candidates)
2026-08-15 02:11:27,453 [DEBUG] cnn_neat: Removed 3 edges (requested 3)
2026-08-15 02:11:27,457 [DEBUG] cnn_neat: Split edge 2→3, new hidden node 8 (pool=10)
2026-08-15 02:11:27,608 [DEBUG] cnn_neat: Split edge 3→1, new hidden node 7 (pool=13)
2026-08-15 02:11:27,617 [DEBUG] cnn_neat: Split edge 4→7, new hidden node 8 (pool=7)
2026-08-15 02:11:27,624 [DEBUG] cnn_neat: Added edge 0→6 (from 15 candidates)
2026-08-15 02:11:27,635 [DEBUG] cnn_neat: Removed hidden node 3 (pool=4)
2026-08-15 02:11:27,641 [DEBUG] cnn_neat: Removed edge 4→6 (from 6 candidates)
2026-08-15 02:11:27,647 [DEBUG] cnn_neat: Removed 3 edges (requested 3)
2026-08-15 02:11:27,655 [DEBUG] cnn_neat: Split edge 2→1, new hidden node 8 (pool=8)
2026-08-15 02:11:27,664 [DEBUG] cnn_neat: Split edge 7→2, new hidden node 8 (pool=5)
2026-08-15 02:11:27,672 [DEBUG] cnn_neat: Added edge 7→3 (from 15 candidates)
2026-08-15 02:11:27,677 [DEBUG] cnn_neat: Added edge 2→6 (from 14 candidates)
2026-08-15 02:11:27,685 [DEBUG] cnn_neat: Split edge 4→6, new hidden node 9 (pool=11)
2026-08-15 02:11:27,695 [DEBUG] cnn_neat: Split edge 0→3, new hidden node 8 (pool=10)
2026-08-15 02:11:27,700 [DEBUG] cnn_neat: Added edge 0→6 (from 16 candidates)
2026-08-15 02:11:27,712 [DEBUG] cnn_neat: Removed hidden node 6 (pool=4)
2026-08-15 02:11:27,718 [DEBUG] cnn_neat: Removed edge 4→7 (from 8 candidates)
2026-08-15 02:11:27,722 [DEBUG] cnn_neat: Removed 3 edges (requested 3)
2026-08-15 02:11:27,728 [DEBUG] cnn_neat: Split edge 4→6, new hidden node 7 (pool=7)
2026-08-15 02:11:27,732 [DEBUG] cnn_neat: Added edge 0→5 (from 12 candidates)
2026-08-15 02:11:27,734 [DEBUG] cnn_neat: Split edge 0→4, new hidden node 8 (pool=8)
2026-08-15 02:11:27,742 [DEBUG] cnn_neat: Removed hidden node 5 (pool=2)
2026-08-15 02:11:27,747 [DEBUG] cnn_neat: Added edge 4→6 (from 15 candidates)
2026-08-15 02:11:27,752 [DEBUG] cnn_neat: Split edge 4→6, new hidden node 7 (pool=8)
2026-08-15 02:11:27,763 [DEBUG] cnn_neat: Split edge 0→3, new hidden node 8 (pool=7)
2026-08-15 02:11:27,765 [DEBUG] cnn_neat: Added edge 7→3 (from 21 candidates)
2026-08-15 02:11:27,775 [DEBUG] cnn_neat: Removed hidden node 3 (pool=4)
2026-08-15 02:11:27,779 [DEBUG] cnn_neat: Removed edge 7→2 (from 6 candidates)
2026-08-15 02:11:27,788 [DEBUG] cnn_neat: Removed 3 edges (requested 3)
2026-08-15 02:11:27,792 [DEBUG] cnn_neat: Split edge 7→3, new hidden node 8 (pool=8)
2026-08-15 02:11:27,794 [DEBUG] cnn_neat: Added edge 3→6 (from 18 candidates)
2026-08-15 02:11:27,798 [DEBUG] cnn_neat: Split edge 7→8, new hidden node 9 (pool=9)
2026-08-15 02:11:27,948 [DEBUG] cnn_neat: Removed hidden node 3 (pool=4)
2026-08-15 02:11:27,955 [DEBUG] cnn_neat: Added edge 6→7 (from 27 candidates)
2026-08-15 02:11:27,960 [DEBUG] cnn_neat: Split edge 0→4, new hidden node 8 (pool=9)
2026-08-15 02:11:27,970 [DEBUG] cnn_neat: Split edge 4→7, new hidden node 8 (pool=8)
2026-08-15 02:11:27,976 [DEBUG] cnn_neat: Added edge 7→6 (from 12 candidates)
2026-08-15 02:11:27,984 [DEBUG] cnn_neat: Removed hidden node 7 (pool=3)
2026-08-15 02:11:27,990 [DEBUG] cnn_neat: Removed edge 6→5 (from 6 candidates)
2026-08-15 02:11:28,004 [DEBUG] cnn_neat: Removed 3 edges (requested 3)
2026-08-15 02:11:28,011 [DEBUG] cnn_neat: Split edge 2→1, new hidden node 8 (pool=8)
2026-08-15 02:11:28,021 [DEBUG] cnn_neat: Added edge 6→5 (from 14 candidates)
2026-08-15 02:11:28,036 [DEBUG] cnn_neat: Removed hidden node 6 (pool=4)
2026-08-15 02:11:28,043 [DEBUG] cnn_neat: Removed edge 0→3 (from 8 candidates)
2026-08-15 02:11:28,059 [DEBUG] cnn_neat: Removed 3 edges (requested 3)
2026-08-15 02:11:28,071 [DEBUG] cnn_neat: Split edge 6→2, new hidden node 9 (pool=11)
2026-08-15 02:11:28,215 [DEBUG] cnn_neat: Split edge 4→3, new hidden node 8 (pool=11)
2026-08-15 02:11:28,223 [DEBUG] cnn_neat: Split edge 4→6, new hidden node 8 (pool=8)
2026-08-15 02:11:28,225 [DEBUG] cnn_neat: Added edge 4→3 (from 14 candidates)
2026-08-15 02:11:28,235 [DEBUG] cnn_neat: Removed hidden node 5 (pool=4)
2026-08-15 02:11:28,239 [DEBUG] cnn_neat: Removed edge 6→2 (from 8 candidates)
2026-08-15 02:11:28,244 [DEBUG] cnn_neat: Removed 3 edges (requested 3)
2026-08-15 02:11:28,249 [DEBUG] cnn_neat: Split edge 4→8, new hidden node 9 (pool=9)
2026-08-15 02:11:28,255 [DEBUG] cnn_neat: Split edge 0→3, new hidden node 8 (pool=9)
2026-08-15 02:11:28,257 [DEBUG] cnn_neat: Split edge 0→4, new hidden node 8 (pool=7)
2026-08-15 02:11:28,262 [DEBUG] cnn_neat: Split edge 6→2, new hidden node 8 (pool=10)
2026-08-15 02:11:28,266 [DEBUG] cnn_neat: Added edge 7→6 (from 19 candidates)
2026-08-15 02:11:28,272 [DEBUG] cnn_neat: Removed hidden node 5 (pool=4)
2026-08-15 02:11:28,274 [DEBUG] cnn_neat: Removed edge 4→6 (from 8 candidates)
2026-08-15 02:11:28,280 [DEBUG] cnn_neat: Removed 3 edges (requested 3)
2026-08-15 02:11:28,286 [DEBUG] cnn_neat: Split edge 2→5, new hidden node 9 (pool=11)
2026-08-15 02:11:28,288 [DEBUG] cnn_neat: Split edge 0→5, new hidden node 8 (pool=11)
2026-08-15 02:11:28,297 [DEBUG] cnn_neat: Split edge 4→7, new hidden node 10 (pool=5)
2026-08-15 02:11:28,300 [DEBUG] cnn_neat: Added edge 7→8 (from 24 candidates)
2026-08-15 02:11:28,341 [DEBUG] cnn_neat: Removed hidden node 7 (pool=5)
2026-08-15 02:11:28,344 [DEBUG] cnn_neat: Removed edge 7→2 (from 7 candidates)
2026-08-15 02:11:28,482 [DEBUG] cnn_neat: Removed 3 edges (requested 3)
2026-08-15 02:11:28,485 [DEBUG] cnn_neat: Split edge 6→2, new hidden node 11 (pool=7)
2026-08-15 02:11:28,487 [DEBUG] cnn_neat: Split edge 6→2, new hidden node 10 (pool=8)
2026-08-15 02:11:28,491 [DEBUG] cnn_neat: Split edge 0→3, new hidden node 9 (pool=10)
2026-08-15 02:11:28,493 [DEBUG] cnn_neat: Added edge 5→1 (from 22 candidates)
2026-08-15 02:11:28,498 [DEBUG] cnn_neat: Removed hidden node 3 (pool=5)
2026-08-15 02:11:28,499 [DEBUG] cnn_neat: Removed edge 4→7 (from 8 candidates)
2026-08-15 02:11:28,503 [DEBUG] cnn_neat: Removed 3 edges (requested 3)
2026-08-15 02:11:28,509 [DEBUG] cnn_neat: Split edge 7→2, new hidden node 10 (pool=11)
2026-08-15 02:11:28,520 [DEBUG] cnn_neat: Split edge 7→2, new hidden node 9 (pool=10)
2026-08-15 02:11:28,528 [DEBUG] cnn_neat: Split edge 5→3, new hidden node 8 (pool=11)
2026-08-15 02:11:28,532 [DEBUG] cnn_neat: Added edge 6→3 (from 15 candidates)
2026-08-15 02:11:28,540 [DEBUG] cnn_neat: Removed hidden node 6 (pool=4)
2026-08-15 02:11:28,713 [DEBUG] cnn_neat: Removed edge 5→3 (from 9 candidates)
2026-08-15 02:11:28,720 [DEBUG] cnn_neat: Removed 3 edges (requested 3)
2026-08-15 02:11:28,725 [DEBUG] cnn_neat: Split edge 4→7, new hidden node 9 (pool=8)
2026-08-15 02:11:28,732 [DEBUG] cnn_neat: Split edge 8→1, new hidden node 9 (pool=13)
2026-08-15 02:11:28,737 [DEBUG] cnn_neat: Added edge 0→3 (from 23 candidates)
2026-08-15 02:11:28,745 [DEBUG] cnn_neat: Removed hidden node 7 (pool=6)
2026-08-15 02:11:28,749 [DEBUG] cnn_neat: Removed edge 4→5 (from 12 candidates)
2026-08-15 02:11:28,759 [DEBUG] cnn_neat: Removed 3 edges (requested 3)
2026-08-15 02:11:28,764 [DEBUG] cnn_neat: Split edge 6→2, new hidden node 10 (pool=10)
2026-08-15 02:11:28,767 [DEBUG] cnn_neat: Split edge 4→6, new hidden node 9 (pool=8)
2026-08-15 02:11:28,775 [DEBUG] cnn_neat: Split edge 2→1, new hidden node 8 (pool=8)
2026-08-15 02:11:28,779 [DEBUG] cnn_neat: Added edge 0→5 (from 12 candidates)
2026-08-15 02:11:28,786 [DEBUG] cnn_neat: Removed hidden node 6 (pool=3)
2026-08-15 02:11:28,789 [DEBUG] cnn_neat: Removed edge 7→2 (from 6 candidates)
2026-08-15 02:11:28,795 [DEBUG] cnn_neat: Removed 3 edges (requested 3)
2026-08-15 02:11:28,799 [DEBUG] cnn_neat: Split edge 2→5, new hidden node 9 (pool=9)
2026-08-15 02:11:28,803 [DEBUG] cnn_neat: Added edge 4→2 (from 16 candidates)
2026-08-15 02:11:28,809 [DEBUG] cnn_neat: Split edge 2→9, new hidden node 10 (pool=10)
2026-08-15 02:11:28,819 [DEBUG] cnn_neat: Removed hidden node 6 (pool=3)
2026-08-15 02:11:28,823 [DEBUG] cnn_neat: Added edge 2→5 (from 23 candidates)
2026-08-15 02:11:28,829 [DEBUG] cnn_neat: Split edge 4→3, new hidden node 8 (pool=8)
2026-08-15 02:11:28,832 [DEBUG] cnn_neat: Added edge 3→6 (from 14 candidates)
2026-08-15 02:11:28,837 [DEBUG] cnn_neat: Removed hidden node 6 (pool=3)
2026-08-15 02:11:28,840 [DEBUG] cnn_neat: Removed edge 4→7 (from 6 candidates)
2026-08-15 02:11:28,844 [DEBUG] cnn_neat: Removed 3 edges (requested 3)
2026-08-15 02:11:28,851 [DEBUG] cnn_neat: Split edge 2→1, new hidden node 8 (pool=9)
2026-08-15 02:11:28,854 [DEBUG] cnn_neat: Split edge 7→2, new hidden node 8 (pool=6)
2026-08-15 02:11:28,855 [DEBUG] cnn_neat: Split edge 4→3, new hidden node 8 (pool=7)
2026-08-15 02:11:28,860 [DEBUG] cnn_neat: Split edge 6→2, new hidden node 8 (pool=8)
2026-08-15 02:11:28,863 [DEBUG] cnn_neat: Added edge 0→6 (from 13 candidates)
2026-08-15 02:11:28,869 [DEBUG] cnn_neat: Removed hidden node 7 (pool=3)
2026-08-15 02:11:28,871 [DEBUG] cnn_neat: Removed edge 4→6 (from 6 candidates)
2026-08-15 02:11:28,876 [DEBUG] cnn_neat: Removed 3 edges (requested 3)
2026-08-15 02:11:28,881 [DEBUG] cnn_neat: Saved generation 10
2026-08-15 02:11:28,941 [DEBUG] cnn_neat: Split edge 4→6, new hidden node 9 (pool=9)
2026-08-15 02:11:28,953 [DEBUG] cnn_neat: Selected 25 elite individuals
2026-08-15 02:11:28,958 [DEBUG] cnn_neat: Split edge 0→4, new hidden node 8 (pool=9)
2026-08-15 02:11:28,979 [DEBUG] cnn_neat: Split edge 0→9, new hidden node 10 (pool=8)
2026-08-15 02:11:28,990 [DEBUG] cnn_neat: Added edge 6→8 (from 26 candidates)
2026-08-15 02:11:29,051 [DEBUG] cnn_neat: Removed hidden node 7 (pool=4)
2026-08-15 02:11:29,063 [DEBUG] cnn_neat: Removed edge 7→2 (from 6 candidates)
2026-08-15 02:11:29,085 [DEBUG] cnn_neat: Removed 3 edges (requested 3)
2026-08-15 02:11:29,094 [DEBUG] cnn_neat: Split edge 6→2, new hidden node 11 (pool=9)
2026-08-15 02:11:29,108 [DEBUG] cnn_neat: Split edge 2→1, new hidden node 8 (pool=8)
2026-08-15 02:11:29,115 [DEBUG] cnn_neat: Added edge 6→5 (from 19 candidates)
2026-08-15 02:11:29,131 [DEBUG] cnn_neat: Removed hidden node 3 (pool=4)
2026-08-15 02:11:29,134 [DEBUG] cnn_neat: Removed edge 4→6 (from 7 candidates)
2026-08-15 02:11:29,142 [DEBUG] cnn_neat: Removed 3 edges (requested 3)
2026-08-15 02:11:29,148 [DEBUG] cnn_neat: Split edge 0→4, new hidden node 9 (pool=10)
2026-08-15 02:11:29,153 [DEBUG] cnn_neat: Split edge 6→5, new hidden node 8 (pool=10)
2026-08-15 02:11:29,157 [DEBUG] cnn_neat: Split edge 0→4, new hidden node 8 (pool=7)
2026-08-15 02:11:29,164 [DEBUG] cnn_neat: Split edge 4→8, new hidden node 9 (pool=9)
2026-08-15 02:11:29,172 [DEBUG] cnn_neat: Added edge 3→2 (from 23 candidates)
2026-08-15 02:11:29,180 [DEBUG] cnn_neat: Removed hidden node 7 (pool=4)
2026-08-15 02:11:29,186 [DEBUG] cnn_neat: Trimmed elite queue to 128 entries
2026-08-15 02:11:29,469 [DEBUG] cnn_neat: Removed edge 4→8 (from 7 candidates)
2026-08-15 02:11:29,493 [DEBUG] cnn_neat: Split edge 0→3, new hidden node 8 (pool=10)
2026-08-15 02:11:29,493 [DEBUG] cnn_neat: Removed 3 edges (requested 3)
2026-08-15 02:11:29,499 [DEBUG] cnn_neat: Split edge 0→4, new hidden node 10 (pool=10)
2026-08-15 02:11:29,507 [DEBUG] cnn_neat: Added edge 7→4 (from 15 candidates)
2026-08-15 02:11:29,508 [DEBUG] cnn_neat: Split edge 0→3, new hidden node 9 (pool=10)
2026-08-15 02:11:29,514 [DEBUG] cnn_neat: Removed hidden node 2 (pool=6)
2026-08-15 02:11:29,518 [DEBUG] cnn_neat: Removed edge 2→6 (from 13 candidates)
2026-08-15 02:11:29,521 [DEBUG] cnn_neat: Split edge 3→1, new hidden node 8 (pool=9)
2026-08-15 02:11:29,528 [DEBUG] cnn_neat: Removed 3 edges (requested 3)
2026-08-15 02:11:29,533 [DEBUG] cnn_neat: Crossover rejected: union topology invalid (edges=31 nodes=15)
2026-08-15 02:11:29,537 [DEBUG] cnn_neat: Split edge 0→3, new hidden node 8 (pool=10)
2026-08-15 02:11:29,541 [DEBUG] cnn_neat: Added edge 3→5 (from 24 candidates)
2026-08-15 02:11:29,544 [DEBUG] cnn_neat: Added edge 3→5 (from 15 candidates)
2026-08-15 02:11:29,548 [DEBUG] cnn_neat: Added edge 6→5 (from 14 candidates)
2026-08-15 02:11:29,551 [DEBUG] cnn_neat: Added edge 3→6 (from 13 candidates)
2026-08-15 02:11:29,556 [DEBUG] cnn_neat: Added edge 7→4 (from 11 candidates)
2026-08-15 02:11:29,560 [DEBUG] cnn_neat: Added edge 7→1 (from 9 candidates)
2026-08-15 02:11:29,563 [DEBUG] cnn_neat: Split edge 3→1, new hidden node 7 (pool=6)
2026-08-15 02:11:29,566 [DEBUG] cnn_neat: Added edge 6→1 (from 7 candidates)
2026-08-15 02:11:29,572 [DEBUG] cnn_neat: Removed hidden node 6 (pool=5)
2026-08-15 02:11:29,575 [DEBUG] cnn_neat: Removed edge 3→1 (from 10 candidates)
2026-08-15 02:11:29,581 [DEBUG] cnn_neat: Removed 3 edges (requested 3)
2026-08-15 02:11:29,585 [DEBUG] cnn_neat: Crossover rejected: union topology invalid (edges=28 nodes=13)
2026-08-15 02:11:29,588 [DEBUG] cnn_neat: Split edge 0→5, new hidden node 7 (pool=6)
2026-08-15 02:11:29,591 [DEBUG] cnn_neat: Added edge 6→5 (from 7 candidates)
2026-08-15 02:11:29,595 [DEBUG] cnn_neat: Added edge 3→5 (from 6 candidates)
2026-08-15 02:11:29,598 [DEBUG] cnn_neat: Added edge 3→4 (from 5 candidates)
2026-08-15 02:11:29,602 [DEBUG] cnn_neat: Added edge 0→6 (from 4 candidates)
2026-08-15 02:11:29,605 [DEBUG] cnn_neat: Added edge 6→1 (from 2 candidates)
2026-08-15 02:11:29,609 [DEBUG] cnn_neat: Split edge 3→4, new hidden node 7 (pool=13)
2026-08-15 02:11:29,612 [DEBUG] cnn_neat: Added edge 4→1 (from 6 candidates)
2026-08-15 02:11:29,616 [DEBUG] cnn_neat: Split edge 3→1, new hidden node 7 (pool=13)
2026-08-15 02:11:29,621 [DEBUG] cnn_neat: Removed hidden node 4 (pool=5)
2026-08-15 02:11:29,624 [DEBUG] cnn_neat: Split edge 0→2, new hidden node 7 (pool=10)
2026-08-15 02:11:29,626 [DEBUG] cnn_neat: Removed edge 2→4 (from 14 candidates)
2026-08-15 02:11:29,632 [DEBUG] cnn_neat: Removed 3 edges (requested 3)
2026-08-15 02:11:29,637 [DEBUG] cnn_neat: Crossover rejected: union topology invalid (edges=28 nodes=12)
2026-08-15 02:11:29,640 [DEBUG] cnn_neat: Split edge 5→1, new hidden node 7 (pool=13)
2026-08-15 02:11:29,643 [DEBUG] cnn_neat: Added edge 3→5 (from 6 candidates)
2026-08-15 02:11:29,646 [DEBUG] cnn_neat: Added edge 4→1 (from 5 candidates)
2026-08-15 02:11:29,650 [DEBUG] cnn_neat: Added edge 6→1 (from 4 candidates)
2026-08-15 02:11:29,654 [DEBUG] cnn_neat: Added edge 3→6 (from 3 candidates)
2026-08-15 02:11:29,658 [DEBUG] cnn_neat: Added edge 6→5 (from 1 candidates)
2026-08-15 02:11:29,663 [DEBUG] cnn_neat: Split edge 3→1, new hidden node 7 (pool=17)
2026-08-15 02:11:29,667 [DEBUG] cnn_neat: Added edge 3→1 (from 8 candidates)
2026-08-15 02:11:29,671 [DEBUG] cnn_neat: Split edge 2→3, new hidden node 8 (pool=11)
2026-08-15 02:11:29,675 [DEBUG] cnn_neat: Added edge 3→7 (from 11 candidates)
2026-08-15 02:11:29,682 [DEBUG] cnn_neat: Removed hidden node 2 (pool=6)
2026-08-15 02:11:29,685 [DEBUG] cnn_neat: Removed edge 2→6 (from 14 candidates)
2026-08-15 02:11:29,691 [DEBUG] cnn_neat: Removed 3 edges (requested 3)
2026-08-15 02:11:29,696 [DEBUG] cnn_neat: Crossover rejected: union topology invalid (edges=30 nodes=13)
2026-08-15 02:11:29,700 [DEBUG] cnn_neat: Split edge 3→1, new hidden node 8 (pool=11)
2026-08-15 02:11:29,704 [DEBUG] cnn_neat: Added edge 3→5 (from 11 candidates)
2026-08-15 02:11:29,708 [DEBUG] cnn_neat: Added edge 6→4 (from 10 candidates)
2026-08-15 02:11:29,712 [DEBUG] cnn_neat: Added edge 6→1 (from 9 candidates)
2026-08-15 02:11:29,716 [DEBUG] cnn_neat: Added edge 6→5 (from 8 candidates)
2026-08-15 02:11:29,721 [DEBUG] cnn_neat: Added edge 7→1 (from 7 candidates)
2026-08-15 02:11:29,725 [DEBUG] cnn_neat: Split edge 4→5, new hidden node 8 (pool=10)
2026-08-15 02:11:29,729 [DEBUG] cnn_neat: Added edge 2→7 (from 12 candidates)
2026-08-15 02:11:29,737 [DEBUG] cnn_neat: Removed hidden node 7 (pool=6)
2026-08-15 02:11:29,740 [DEBUG] cnn_neat: Removed edge 4→5 (from 12 candidates)
2026-08-15 02:11:29,748 [DEBUG] cnn_neat: Removed 3 edges (requested 3)
2026-08-15 02:11:29,752 [DEBUG] cnn_neat: Crossover rejected: union topology invalid (edges=30 nodes=14)
2026-08-15 02:11:29,756 [DEBUG] cnn_neat: Split edge 0→4, new hidden node 8 (pool=10)
2026-08-15 02:11:29,760 [DEBUG] cnn_neat: Added edge 6→7 (from 22 candidates)
2026-08-15 02:11:29,764 [DEBUG] cnn_neat: Added edge 7→6 (from 12 candidates)
2026-08-15 02:11:29,768 [DEBUG] cnn_neat: Added edge 4→6 (from 10 candidates)
2026-08-15 02:11:29,772 [DEBUG] cnn_neat: Added edge 7→5 (from 8 candidates)
2026-08-15 02:11:29,775 [DEBUG] cnn_neat: Added edge 6→1 (from 7 candidates)
2026-08-15 02:11:29,779 [DEBUG] cnn_neat: Added edge 3→5 (from 6 candidates)
2026-08-15 02:11:29,782 [DEBUG] cnn_neat: Split edge 5→1, new hidden node 8 (pool=10)
2026-08-15 02:11:29,787 [DEBUG] cnn_neat: Added edge 6→3 (from 14 candidates)
2026-08-15 02:11:29,794 [DEBUG] cnn_neat: Removed hidden node 7 (pool=6)
2026-08-15 02:11:29,796 [DEBUG] cnn_neat: Removed edge 7→4 (from 13 candidates)
2026-08-15 02:11:29,803 [DEBUG] cnn_neat: Removed 3 edges (requested 3)
2026-08-15 02:11:29,808 [DEBUG] cnn_neat: Crossover rejected: union topology invalid (edges=30 nodes=13)
2026-08-15 02:11:29,811 [DEBUG] cnn_neat: Split edge 3→1, new hidden node 8 (pool=10)
2026-08-15 02:11:29,814 [DEBUG] cnn_neat: Added edge 2→5 (from 14 candidates)
2026-08-15 02:11:29,819 [DEBUG] cnn_neat: Added edge 3→6 (from 13 candidates)
2026-08-15 02:11:29,823 [DEBUG] cnn_neat: Added edge 6→1 (from 8 candidates)
2026-08-15 02:11:29,827 [DEBUG] cnn_neat: Added edge 6→4 (from 7 candidates)
2026-08-15 02:11:29,831 [DEBUG] cnn_neat: Added edge 2→7 (from 6 candidates)
2026-08-15 02:11:29,835 [DEBUG] cnn_neat: Split edge 0→2, new hidden node 9 (pool=9)
2026-08-15 02:11:29,839 [DEBUG] cnn_neat: Added edge 3→5 (from 22 candidates)
2026-08-15 02:11:29,849 [DEBUG] cnn_neat: Removed hidden node 8 (pool=7)
2026-08-15 02:11:29,852 [DEBUG] cnn_neat: Removed edge 2→4 (from 12 candidates)
2026-08-15 02:11:29,858 [DEBUG] cnn_neat: Removed 3 edges (requested 3)
2026-08-15 02:11:29,864 [DEBUG] cnn_neat: Crossover rejected: union topology invalid (edges=31 nodes=15)
2026-08-15 02:11:29,867 [DEBUG] cnn_neat: Split edge 2→3, new hidden node 9 (pool=9)
2026-08-15 02:11:29,872 [DEBUG] cnn_neat: Added edge 6→7 (from 22 candidates)
2026-08-15 02:11:29,876 [DEBUG] cnn_neat: Added edge 8→1 (from 19 candidates)
2026-08-15 02:11:29,880 [DEBUG] cnn_neat: Added edge 3→4 (from 18 candidates)
2026-08-15 02:11:29,884 [DEBUG] cnn_neat: Added edge 8→7 (from 17 candidates)
2026-08-15 02:11:29,888 [DEBUG] cnn_neat: Added edge 8→2 (from 15 candidates)
2026-08-15 02:11:29,893 [DEBUG] cnn_neat: Split edge 5→1, new hidden node 7 (pool=12)
2026-08-15 02:11:29,896 [DEBUG] cnn_neat: Added edge 6→3 (from 7 candidates)
2026-08-15 02:11:29,997 [DEBUG] cnn_neat: Split edge 2→1, new hidden node 8 (pool=10)
2026-08-15 02:11:30,091 [DEBUG] cnn_neat: Added edge 4→7 (from 15 candidates)
2026-08-15 02:11:30,107 [DEBUG] cnn_neat: Removed hidden node 4 (pool=6)
2026-08-15 02:11:30,118 [DEBUG] cnn_neat: Removed edge 0→6 (from 13 candidates)
2026-08-15 02:11:30,133 [DEBUG] cnn_neat: Removed 3 edges (requested 3)
2026-08-15 02:11:30,145 [DEBUG] cnn_neat: Split edge 2→6, new hidden node 9 (pool=8)
2026-08-15 02:11:30,161 [DEBUG] cnn_neat: Split edge 0→5, new hidden node 7 (pool=6)
2026-08-15 02:11:30,165 [DEBUG] cnn_neat: Added edge 6→5 (from 7 candidates)
2026-08-15 02:11:30,171 [DEBUG] cnn_neat: Removed hidden node 5 (pool=5)
2026-08-15 02:11:30,441 [DEBUG] cnn_neat: Removed edge 4→1 (from 10 candidates)
2026-08-15 02:11:30,482 [DEBUG] cnn_neat: Removed 3 edges (requested 3)
2026-08-15 02:11:30,509 [DEBUG] cnn_neat: Split edge 2→3, new hidden node 7 (pool=6)
2026-08-15 02:11:30,602 [DEBUG] cnn_neat: Split edge 2→3, new hidden node 7 (pool=13)
2026-08-15 02:11:30,620 [DEBUG] cnn_neat: Added edge 3→6 (from 5 candidates)
2026-08-15 02:11:30,651 [DEBUG] cnn_neat: Removed hidden node 5 (pool=5)
2026-08-15 02:11:30,664 [DEBUG] cnn_neat: Removed edge 2→4 (from 15 candidates)
2026-08-15 02:11:30,686 [DEBUG] cnn_neat: Removed 3 edges (requested 3)
2026-08-15 02:11:30,694 [DEBUG] cnn_neat: Split edge 5→1, new hidden node 8 (pool=11)
2026-08-15 02:11:30,702 [DEBUG] cnn_neat: Split edge 0→3, new hidden node 7 (pool=14)
2026-08-15 02:11:30,713 [DEBUG] cnn_neat: Split edge 6→4, new hidden node 7 (pool=13)
2026-08-15 02:11:30,719 [DEBUG] cnn_neat: Added edge 4→1 (from 6 candidates)
2026-08-15 02:11:30,730 [DEBUG] cnn_neat: Removed hidden node 6 (pool=5)
2026-08-15 02:11:30,735 [DEBUG] cnn_neat: Removed edge 0→6 (from 14 candidates)
2026-08-15 02:11:30,747 [DEBUG] cnn_neat: Removed 3 edges (requested 3)
2026-08-15 02:11:30,755 [DEBUG] cnn_neat: Split edge 2→1, new hidden node 8 (pool=11)
2026-08-15 02:11:30,761 [DEBUG] cnn_neat: Split edge 0→3, new hidden node 6 (pool=10)
2026-08-15 02:11:30,773 [DEBUG] cnn_neat: Split edge 0→3, new hidden node 8 (pool=11)
2026-08-15 02:11:30,781 [DEBUG] cnn_neat: Added edge 2→7 (from 11 candidates)
2026-08-15 02:11:30,793 [DEBUG] cnn_neat: Removed hidden node 6 (pool=6)
2026-08-15 02:11:30,799 [DEBUG] cnn_neat: Removed edge 7→4 (from 14 candidates)
2026-08-15 02:11:30,814 [DEBUG] cnn_neat: Removed 3 edges (requested 3)
2026-08-15 02:11:30,824 [DEBUG] cnn_neat: Split edge 5→1, new hidden node 9 (pool=8)
2026-08-15 02:11:30,838 [DEBUG] cnn_neat: Split edge 2→3, new hidden node 8 (pool=10)
2026-08-15 02:11:30,846 [DEBUG] cnn_neat: Added edge 7→5 (from 12 candidates)
2026-08-15 02:11:30,859 [DEBUG] cnn_neat: Removed hidden node 5 (pool=6)
2026-08-15 02:11:30,866 [DEBUG] cnn_neat: Removed edge 6→5 (from 12 candidates)
2026-08-15 02:11:30,877 [DEBUG] cnn_neat: Removed 3 edges (requested 3)
2026-08-15 02:11:30,884 [DEBUG] cnn_neat: Split edge 0→5, new hidden node 9 (pool=8)
2026-08-15 02:11:30,897 [DEBUG] cnn_neat: Split edge 5→1, new hidden node 8 (pool=10)
2026-08-15 02:11:30,903 [DEBUG] cnn_neat: Added edge 2→5 (from 14 candidates)
2026-08-15 02:11:30,914 [DEBUG] cnn_neat: Removed hidden node 2 (pool=6)
2026-08-15 02:11:30,920 [DEBUG] cnn_neat: Removed edge 0→5 (from 13 candidates)
2026-08-15 02:11:30,933 [DEBUG] cnn_neat: Removed 3 edges (requested 3)
2026-08-15 02:11:30,941 [DEBUG] cnn_neat: Split edge 2→5, new hidden node 8 (pool=11)
2026-08-15 02:11:30,948 [DEBUG] cnn_neat: Split edge 3→1, new hidden node 8 (pool=4)
2026-08-15 02:11:31,065 [DEBUG] cnn_neat: Split edge 0→5, new hidden node 9 (pool=9)
2026-08-15 02:11:31,079 [DEBUG] cnn_neat: Added edge 8→7 (from 22 candidates)
2026-08-15 02:11:31,102 [DEBUG] cnn_neat: Removed hidden node 8 (pool=7)
2026-08-15 02:11:31,113 [DEBUG] cnn_neat: Removed edge 7→4 (from 12 candidates)
2026-08-15 02:11:31,129 [DEBUG] cnn_neat: Removed 3 edges (requested 3)
2026-08-15 02:11:31,147 [DEBUG] cnn_neat: Split edge 0→8, new hidden node 9 (pool=11)
2026-08-15 02:11:31,157 [DEBUG] cnn_neat: Split edge 0→2, new hidden node 9 (pool=9)
2026-08-15 02:11:31,173 [DEBUG] cnn_neat: Split edge 2→3, new hidden node 6 (pool=13)
2026-08-15 02:11:31,183 [DEBUG] cnn_neat: Added edge 2→5 (from 2 candidates)
2026-08-15 02:11:31,196 [DEBUG] cnn_neat: Removed hidden node 5 (pool=4)
2026-08-15 02:11:31,209 [DEBUG] cnn_neat: Removed edge 4→1 (from 13 candidates)
2026-08-15 02:11:31,376 [DEBUG] cnn_neat: Removed 3 edges (requested 3)
2026-08-15 02:11:31,386 [DEBUG] cnn_neat: Split edge 5→1, new hidden node 7 (pool=11)
2026-08-15 02:11:31,395 [DEBUG] cnn_neat: Split edge 0→3, new hidden node 6 (pool=12)
2026-08-15 02:11:31,404 [DEBUG] cnn_neat: Split edge 2→1, new hidden node 6 (pool=9)
2026-08-15 02:11:31,428 [DEBUG] cnn_neat: Split edge 2→1, new hidden node 7 (pool=11)
2026-08-15 02:11:31,436 [DEBUG] cnn_neat: Added edge 2→5 (from 5 candidates)
2026-08-15 02:11:31,458 [DEBUG] cnn_neat: Removed hidden node 2 (pool=5)
2026-08-15 02:11:31,475 [DEBUG] cnn_neat: Removed edge 0→4 (from 12 candidates)
2026-08-15 02:11:31,495 [DEBUG] cnn_neat: Removed 3 edges (requested 3)
2026-08-15 02:11:31,507 [DEBUG] cnn_neat: Split edge 5→1, new hidden node 7 (pool=7)
2026-08-15 02:11:31,668 [DEBUG] cnn_neat: Split edge 2→3, new hidden node 7 (pool=6)
2026-08-15 02:11:31,674 [DEBUG] cnn_neat: Split edge 4→5, new hidden node 7 (pool=7)
2026-08-15 02:11:31,695 [DEBUG] cnn_neat: Split edge 3→1, new hidden node 7 (pool=11)
2026-08-15 02:11:31,704 [DEBUG] cnn_neat: Added edge 3→5 (from 6 candidates)
2026-08-15 02:11:31,728 [DEBUG] cnn_neat: Removed hidden node 2 (pool=5)
2026-08-15 02:11:31,734 [DEBUG] cnn_neat: Removed edge 4→5 (from 12 candidates)
2026-08-15 02:11:31,749 [DEBUG] cnn_neat: Removed 3 edges (requested 3)
2026-08-15 02:11:31,761 [DEBUG] cnn_neat: Split edge 0→5, new hidden node 8 (pool=10)
2026-08-15 02:11:31,765 [DEBUG] cnn_neat: Split edge 0→2, new hidden node 7 (pool=12)
2026-08-15 02:11:31,786 [DEBUG] cnn_neat: Split edge 0→4, new hidden node 7 (pool=14)
2026-08-15 02:11:31,797 [DEBUG] cnn_neat: Added edge 4→6 (from 5 candidates)
2026-08-15 02:11:31,808 [DEBUG] cnn_neat: Removed hidden node 2 (pool=5)
2026-08-15 02:11:31,813 [DEBUG] cnn_neat: Removed edge 3→4 (from 15 candidates)
2026-08-15 02:11:31,828 [DEBUG] cnn_neat: Removed 3 edges (requested 3)
2026-08-15 02:11:31,993 [DEBUG] cnn_neat: Split edge 0→3, new hidden node 8 (pool=13)
2026-08-15 02:11:32,002 [DEBUG] cnn_neat: Split edge 4→1, new hidden node 7 (pool=15)
2026-08-15 02:11:32,025 [DEBUG] cnn_neat: Split edge 2→3, new hidden node 7 (pool=12)
2026-08-15 02:11:32,036 [DEBUG] cnn_neat: Added edge 2→5 (from 7 candidates)
2026-08-15 02:11:32,048 [DEBUG] cnn_neat: Removed hidden node 6 (pool=5)
2026-08-15 02:11:32,062 [DEBUG] cnn_neat: Removed edge 0→3 (from 14 candidates)
2026-08-15 02:11:32,085 [DEBUG] cnn_neat: Removed 3 edges (requested 3)
2026-08-15 02:11:32,095 [DEBUG] cnn_neat: Split edge 2→4, new hidden node 8 (pool=10)
2026-08-15 02:11:32,118 [DEBUG] cnn_neat: Split edge 0→3, new hidden node 6 (pool=9)
2026-08-15 02:11:32,129 [DEBUG] cnn_neat: Added edge 3→5 (from 3 candidates)
2026-08-15 02:11:32,143 [DEBUG] cnn_neat: Removed hidden node 2 (pool=4)
2026-08-15 02:11:32,151 [DEBUG] cnn_neat: Removed edge 0→2 (from 10 candidates)
2026-08-15 02:11:32,166 [DEBUG] cnn_neat: Removed 3 edges (requested 3)
2026-08-15 02:11:32,174 [DEBUG] cnn_neat: Split edge 2→3, new hidden node 6 (pool=6)
2026-08-15 02:11:32,330 [DEBUG] cnn_neat: Split edge 5→1, new hidden node 6 (pool=5)
2026-08-15 02:11:32,338 [DEBUG] cnn_neat: Added edge 3→5 (from 4 candidates)
2026-08-15 02:11:32,342 [DEBUG] cnn_neat: Added edge 3→5 (from 9 candidates)
2026-08-15 02:11:32,358 [DEBUG] cnn_neat: Split edge 0→6, new hidden node 7 (pool=11)
2026-08-15 02:11:32,367 [DEBUG] cnn_neat: Added edge 3→6 (from 9 candidates)
2026-08-15 02:11:32,374 [DEBUG] cnn_neat: Removed hidden node 3 (pool=5)
2026-08-15 02:11:32,377 [DEBUG] cnn_neat: Removed edge 4→1 (from 12 candidates)
2026-08-15 02:11:32,386 [DEBUG] cnn_neat: Removed 3 edges (requested 3)
2026-08-15 02:11:32,394 [DEBUG] cnn_neat: Split edge 3→1, new hidden node 8 (pool=12)
2026-08-15 02:11:32,405 [DEBUG] cnn_neat: Split edge 2→3, new hidden node 7 (pool=11)
2026-08-15 02:11:32,410 [DEBUG] cnn_neat: Added edge 3→6 (from 9 candidates)
2026-08-15 02:11:32,420 [DEBUG] cnn_neat: Removed hidden node 4 (pool=5)
2026-08-15 02:11:32,423 [DEBUG] cnn_neat: Removed edge 2→6 (from 12 candidates)
2026-08-15 02:11:32,435 [DEBUG] cnn_neat: Removed 3 edges (requested 3)
2026-08-15 02:11:32,483 [DEBUG] cnn_neat: Split edge 2→4, new hidden node 8 (pool=9)
2026-08-15 02:11:32,489 [DEBUG] cnn_neat: Split edge 2→3, new hidden node 7 (pool=12)
2026-08-15 02:11:32,522 [DEBUG] cnn_neat: Split edge 3→1, new hidden node 6 (pool=13)
2026-08-15 02:11:32,528 [DEBUG] cnn_neat: Added edge 0→1 (from 2 candidates)
2026-08-15 02:11:32,725 [DEBUG] cnn_neat: Removed hidden node 3 (pool=4)
2026-08-15 02:11:32,733 [DEBUG] cnn_neat: Removed edge 2→1 (from 13 candidates)
2026-08-15 02:11:32,747 [DEBUG] cnn_neat: Removed 3 edges (requested 3)
2026-08-15 02:11:32,755 [DEBUG] cnn_neat: Split edge 2→1, new hidden node 7 (pool=11)
2026-08-15 02:11:32,766 [DEBUG] cnn_neat: Split edge 4→1, new hidden node 6 (pool=9)
2026-08-15 02:11:32,779 [DEBUG] cnn_neat: Split edge 4→1, new hidden node 7 (pool=10)
2026-08-15 02:11:32,787 [DEBUG] cnn_neat: Added edge 2→6 (from 6 candidates)
2026-08-15 02:11:32,802 [DEBUG] cnn_neat: Removed hidden node 2 (pool=5)
2026-08-15 02:11:32,810 [DEBUG] cnn_neat: Removed edge 0→5 (from 11 candidates)
2026-08-15 02:11:32,821 [DEBUG] cnn_neat: Removed 3 edges (requested 3)
2026-08-15 02:11:32,829 [DEBUG] cnn_neat: Split edge 2→1, new hidden node 8 (pool=8)
2026-08-15 02:11:32,839 [DEBUG] cnn_neat: Split edge 3→1, new hidden node 7 (pool=15)
2026-08-15 02:11:32,848 [DEBUG] cnn_neat: Added edge 6→4 (from 4 candidates)
2026-08-15 02:11:32,863 [DEBUG] cnn_neat: Removed hidden node 3 (pool=5)
2026-08-15 02:11:32,870 [DEBUG] cnn_neat: Removed edge 4→5 (from 16 candidates)
2026-08-15 02:11:32,881 [DEBUG] cnn_neat: Removed 3 edges (requested 3)
2026-08-15 02:11:32,890 [DEBUG] cnn_neat: Split edge 0→2, new hidden node 8 (pool=13)
2026-08-15 02:11:32,896 [DEBUG] cnn_neat: Saved generation 11
2026-08-15 02:11:32,980 [DEBUG] cnn_neat: Selected 25 elite individuals
2026-08-15 02:11:32,993 [DEBUG] cnn_neat: Split edge 0→4, new hidden node 6 (pool=12)
2026-08-15 02:11:33,011 [DEBUG] cnn_neat: Added edge 2→5 (from 3 candidates)
2026-08-15 02:11:33,096 [DEBUG] cnn_neat: Removed hidden node 2 (pool=4)
2026-08-15 02:11:33,114 [DEBUG] cnn_neat: Removed edge 3→1 (from 12 candidates)
2026-08-15 02:11:33,147 [DEBUG] cnn_neat: Removed 3 edges (requested 3)
2026-08-15 02:11:33,155 [DEBUG] cnn_neat: Split edge 0→2, new hidden node 6 (pool=7)
2026-08-15 02:11:33,163 [DEBUG] cnn_neat: Added edge 3→5 (from 5 candidates)
2026-08-15 02:11:33,172 [DEBUG] cnn_neat: Split edge 3→4, new hidden node 7 (pool=4)
2026-08-15 02:11:33,188 [DEBUG] cnn_neat: Removed hidden node 3 (pool=4)
2026-08-15 02:11:33,196 [DEBUG] cnn_neat: Added edge 5→1 (from 10 candidates)
2026-08-15 02:11:33,208 [DEBUG] cnn_neat: Split edge 7→8, new hidden node 9 (pool=9)
2026-08-15 02:11:33,215 [DEBUG] cnn_neat: Added edge 6→8 (from 21 candidates)
2026-08-15 02:11:33,229 [DEBUG] cnn_neat: Removed hidden node 5 (pool=5)
2026-08-15 02:11:33,237 [DEBUG] cnn_neat: Removed edge 5→3 (from 9 candidates)
2026-08-15 02:11:33,248 [DEBUG] cnn_neat: Removed 3 edges (requested 3)
2026-08-15 02:11:33,250 [DEBUG] cnn_neat: Trimmed elite queue to 128 entries
2026-08-15 02:11:33,581 [DEBUG] cnn_neat: Split edge 0→3, new hidden node 9 (pool=10)
2026-08-15 02:11:33,583 [DEBUG] cnn_neat: Split edge 3→1, new hidden node 8 (pool=6)
2026-08-15 02:11:33,586 [DEBUG] cnn_neat: Added edge 5→6 (from 23 candidates)
2026-08-15 02:11:33,591 [DEBUG] cnn_neat: Removed hidden node 2 (pool=6)
2026-08-15 02:11:33,593 [DEBUG] cnn_neat: Removed edge 2→3 (from 8 candidates)
2026-08-15 02:11:33,598 [DEBUG] cnn_neat: Removed 3 edges (requested 3)
2026-08-15 02:11:33,606 [DEBUG] cnn_neat: Crossover rejected: union topology invalid (edges=25 nodes=13)
2026-08-15 02:11:33,609 [DEBUG] cnn_neat: Split edge 2→1, new hidden node 8 (pool=6)
2026-08-15 02:11:33,612 [DEBUG] cnn_neat: Added edge 4→7 (from 23 candidates)
2026-08-15 02:11:33,616 [DEBUG] cnn_neat: Added edge 7→1 (from 16 candidates)
2026-08-15 02:11:33,619 [DEBUG] cnn_neat: Added edge 5→6 (from 15 candidates)
2026-08-15 02:11:33,622 [DEBUG] cnn_neat: Added edge 3→6 (from 10 candidates)
2026-08-15 02:11:33,624 [DEBUG] cnn_neat: Added edge 4→6 (from 9 candidates)
2026-08-15 02:11:33,629 [DEBUG] cnn_neat: Split edge 5→1, new hidden node 8 (pool=13)
2026-08-15 02:11:33,633 [DEBUG] cnn_neat: Added edge 2→7 (from 12 candidates)
2026-08-15 02:11:33,639 [DEBUG] cnn_neat: Removed hidden node 5 (pool=6)
2026-08-15 02:11:33,643 [DEBUG] cnn_neat: Removed edge 4→1 (from 16 candidates)
2026-08-15 02:11:33,649 [DEBUG] cnn_neat: Removed 3 edges (requested 3)
2026-08-15 02:11:33,654 [DEBUG] cnn_neat: Crossover rejected: union topology invalid (edges=30 nodes=13)
2026-08-15 02:11:33,659 [DEBUG] cnn_neat: Split edge 7→6, new hidden node 8 (pool=13)
2026-08-15 02:11:33,663 [DEBUG] cnn_neat: Added edge 3→7 (from 12 candidates)
2026-08-15 02:11:33,666 [DEBUG] cnn_neat: Added edge 6→5 (from 8 candidates)
2026-08-15 02:11:33,670 [DEBUG] cnn_neat: Added edge 3→6 (from 7 candidates)
2026-08-15 02:11:33,675 [DEBUG] cnn_neat: Added edge 3→5 (from 6 candidates)
2026-08-15 02:11:33,680 [DEBUG] cnn_neat: Added edge 7→5 (from 5 candidates)
2026-08-15 02:11:33,684 [DEBUG] cnn_neat: Split edge 2→4, new hidden node 9 (pool=9)
2026-08-15 02:11:33,688 [DEBUG] cnn_neat: Added edge 8→7 (from 20 candidates)
2026-08-15 02:11:33,695 [DEBUG] cnn_neat: Removed hidden node 8 (pool=7)
2026-08-15 02:11:33,699 [DEBUG] cnn_neat: Removed edge 4→1 (from 13 candidates)
2026-08-15 02:11:33,706 [DEBUG] cnn_neat: Removed 3 edges (requested 3)
2026-08-15 02:11:33,711 [DEBUG] cnn_neat: Crossover rejected: union topology invalid (edges=33 nodes=15)
2026-08-15 02:11:33,714 [DEBUG] cnn_neat: Split edge 2→4, new hidden node 9 (pool=9)
2026-08-15 02:11:33,720 [DEBUG] cnn_neat: Added edge 9→5 (from 31 candidates)
2026-08-15 02:11:33,725 [DEBUG] cnn_neat: Added edge 7→4 (from 20 candidates)
2026-08-15 02:11:33,728 [DEBUG] cnn_neat: Added edge 6→3 (from 19 candidates)
2026-08-15 02:11:33,733 [DEBUG] cnn_neat: Added edge 2→7 (from 15 candidates)
2026-08-15 02:11:33,737 [DEBUG] cnn_neat: Added edge 7→8 (from 13 candidates)
2026-08-15 02:11:33,742 [DEBUG] cnn_neat: Added edge 7→5 (from 11 candidates)
2026-08-15 02:11:33,747 [DEBUG] cnn_neat: Split edge 3→7, new hidden node 8 (pool=14)
2026-08-15 02:11:33,750 [DEBUG] cnn_neat: Added edge 6→5 (from 9 candidates)
2026-08-15 02:11:33,757 [DEBUG] cnn_neat: Removed hidden node 7 (pool=6)
2026-08-15 02:11:33,761 [DEBUG] cnn_neat: Removed edge 2→6 (from 17 candidates)
2026-08-15 02:11:33,768 [DEBUG] cnn_neat: Removed 3 edges (requested 3)
2026-08-15 02:11:33,773 [DEBUG] cnn_neat: Crossover rejected: union topology invalid (edges=34 nodes=15)
2026-08-15 02:11:33,777 [DEBUG] cnn_neat: Split edge 2→1, new hidden node 8 (pool=14)
2026-08-15 02:11:33,782 [DEBUG] cnn_neat: Added edge 3→5 (from 9 candidates)
2026-08-15 02:11:33,786 [DEBUG] cnn_neat: Added edge 2→7 (from 8 candidates)
2026-08-15 02:11:33,790 [DEBUG] cnn_neat: Added edge 6→3 (from 7 candidates)
2026-08-15 02:11:33,793 [DEBUG] cnn_neat: Added edge 6→1 (from 5 candidates)
2026-08-15 02:11:33,798 [DEBUG] cnn_neat: Added edge 7→5 (from 4 candidates)
2026-08-15 02:11:33,801 [DEBUG] cnn_neat: Split edge 0→2, new hidden node 8 (pool=10)
2026-08-15 02:11:33,806 [DEBUG] cnn_neat: Added edge 3→6 (from 14 candidates)
2026-08-15 02:11:33,811 [DEBUG] cnn_neat: Removed hidden node 4 (pool=6)
2026-08-15 02:11:33,815 [DEBUG] cnn_neat: Removed edge 0→3 (from 13 candidates)
2026-08-15 02:11:33,821 [DEBUG] cnn_neat: Removed 3 edges (requested 3)
2026-08-15 02:11:33,826 [DEBUG] cnn_neat: Crossover rejected: union topology invalid (edges=29 nodes=13)
2026-08-15 02:11:33,829 [DEBUG] cnn_neat: Split edge 3→1, new hidden node 8 (pool=10)
2026-08-15 02:11:33,833 [DEBUG] cnn_neat: Added edge 7→5 (from 14 candidates)
2026-08-15 02:11:33,837 [DEBUG] cnn_neat: Added edge 3→5 (from 13 candidates)
2026-08-15 02:11:33,840 [DEBUG] cnn_neat: Added edge 6→1 (from 12 candidates)
2026-08-15 02:11:33,845 [DEBUG] cnn_neat: Added edge 2→7 (from 11 candidates)
2026-08-15 02:11:33,849 [DEBUG] cnn_neat: Added edge 3→6 (from 9 candidates)
2026-08-15 02:11:33,852 [DEBUG] cnn_neat: Split edge 2→1, new hidden node 6 (pool=7)
2026-08-15 02:11:33,855 [DEBUG] cnn_neat: Added edge 3→4 (from 5 candidates)
2026-08-15 02:11:33,858 [DEBUG] cnn_neat: Split edge 2→3, new hidden node 6 (pool=10)
2026-08-15 02:11:33,863 [DEBUG] cnn_neat: Removed hidden node 5 (pool=4)
2026-08-15 02:11:33,867 [DEBUG] cnn_neat: Removed edge 0→5 (from 11 candidates)
2026-08-15 02:11:33,871 [DEBUG] cnn_neat: Removed 3 edges (requested 3)
2026-08-15 02:11:33,875 [DEBUG] cnn_neat: Crossover rejected: union topology invalid (edges=26 nodes=12)
2026-08-15 02:11:33,878 [DEBUG] cnn_neat: Split edge 3→1, new hidden node 6 (pool=7)
2026-08-15 02:11:33,881 [DEBUG] cnn_neat: Added edge 5→3 (from 5 candidates)
2026-08-15 02:11:33,883 [DEBUG] cnn_neat: Added edge 0→4 (from 2 candidates)
2026-08-15 02:11:33,887 [DEBUG] cnn_neat: Added edge 4→3 (from 2 candidates)
2026-08-15 02:11:33,890 [DEBUG] cnn_neat: Added edge 0→1 (from 1 candidates)
2026-08-15 02:11:33,896 [DEBUG] cnn_neat: Split edge 7→4, new hidden node 8 (pool=11)
2026-08-15 02:11:33,899 [DEBUG] cnn_neat: Added edge 7→3 (from 13 candidates)
2026-08-15 02:11:33,905 [DEBUG] cnn_neat: Removed hidden node 4 (pool=6)
2026-08-15 02:11:33,908 [DEBUG] cnn_neat: Split edge 0→6, new hidden node 8 (pool=7)
2026-08-15 02:11:33,912 [DEBUG] cnn_neat: Removed edge 2→4 (from 14 candidates)
2026-08-15 02:11:33,918 [DEBUG] cnn_neat: Removed 3 edges (requested 3)
2026-08-15 02:11:33,923 [DEBUG] cnn_neat: Crossover rejected: union topology invalid (edges=31 nodes=14)
2026-08-15 02:11:33,927 [DEBUG] cnn_neat: Split edge 0→2, new hidden node 8 (pool=11)
2026-08-15 02:11:33,931 [DEBUG] cnn_neat: Added edge 6→5 (from 13 candidates)
2026-08-15 02:11:33,935 [DEBUG] cnn_neat: Added edge 2→5 (from 12 candidates)
2026-08-15 02:11:33,940 [DEBUG] cnn_neat: Added edge 7→3 (from 11 candidates)
2026-08-15 02:11:33,943 [DEBUG] cnn_neat: Added edge 6→3 (from 9 candidates)
2026-08-15 02:11:33,947 [DEBUG] cnn_neat: Added edge 6→7 (from 7 candidates)
2026-08-15 02:11:33,952 [DEBUG] cnn_neat: Split edge 8→4, new hidden node 9 (pool=9)
2026-08-15 02:11:33,957 [DEBUG] cnn_neat: Added edge 3→4 (from 19 candidates)
2026-08-15 02:11:34,034 [DEBUG] cnn_neat: Split edge 0→2, new hidden node 8 (pool=6)
2026-08-15 02:11:34,111 [DEBUG] cnn_neat: Added edge 3→6 (from 23 candidates)
2026-08-15 02:11:34,178 [DEBUG] cnn_neat: Removed hidden node 2 (pool=6)
2026-08-15 02:11:34,186 [DEBUG] cnn_neat: Removed edge 2→6 (from 8 candidates)
2026-08-15 02:11:34,199 [DEBUG] cnn_neat: Removed 3 edges (requested 3)
2026-08-15 02:11:34,208 [DEBUG] cnn_neat: Split edge 0→6, new hidden node 9 (pool=3)
2026-08-15 02:11:34,216 [DEBUG] cnn_neat: Split edge 3→1, new hidden node 8 (pool=7)
2026-08-15 02:11:34,232 [DEBUG] cnn_neat: Split edge 3→4, new hidden node 8 (pool=10)
2026-08-15 02:11:34,244 [DEBUG] cnn_neat: Added edge 7→4 (from 15 candidates)
2026-08-15 02:11:34,261 [DEBUG] cnn_neat: Removed hidden node 5 (pool=6)
2026-08-15 02:11:34,270 [DEBUG] cnn_neat: Removed edge 4→5 (from 13 candidates)
2026-08-15 02:11:34,595 [DEBUG] cnn_neat: Removed 3 edges (requested 3)
2026-08-15 02:11:34,620 [DEBUG] cnn_neat: Split edge 2→5, new hidden node 7 (pool=6)
2026-08-15 02:11:34,642 [DEBUG] cnn_neat: Added edge 6→1 (from 7 candidates)
2026-08-15 02:11:34,695 [DEBUG] cnn_neat: Removed hidden node 6 (pool=5)
2026-08-15 02:11:34,712 [DEBUG] cnn_neat: Removed edge 6→4 (from 10 candidates)
2026-08-15 02:11:34,745 [DEBUG] cnn_neat: Removed 3 edges (requested 3)
2026-08-15 02:11:34,766 [DEBUG] cnn_neat: Split edge 2→3, new hidden node 8 (pool=5)
2026-08-15 02:11:34,810 [DEBUG] cnn_neat: Split edge 2→3, new hidden node 7 (pool=6)
2026-08-15 02:11:34,817 [DEBUG] cnn_neat: Split edge 2→1, new hidden node 7 (pool=4)
2026-08-15 02:11:34,839 [DEBUG] cnn_neat: Split edge 2→6, new hidden node 8 (pool=13)
2026-08-15 02:11:34,855 [DEBUG] cnn_neat: Added edge 2→7 (from 12 candidates)
2026-08-15 02:11:34,884 [DEBUG] cnn_neat: Removed hidden node 6 (pool=6)
2026-08-15 02:11:34,892 [DEBUG] cnn_neat: Removed edge 2→5 (from 16 candidates)
2026-08-15 02:11:34,907 [DEBUG] cnn_neat: Removed 3 edges (requested 3)
2026-08-15 02:11:34,911 [DEBUG] cnn_neat: Split edge 0→7, new hidden node 8 (pool=11)
2026-08-15 02:11:34,918 [DEBUG] cnn_neat: Split edge 3→4, new hidden node 8 (pool=12)
2026-08-15 02:11:34,924 [DEBUG] cnn_neat: Split edge 2→1, new hidden node 8 (pool=7)
2026-08-15 02:11:34,937 [DEBUG] cnn_neat: Split edge 3→1, new hidden node 9 (pool=9)
2026-08-15 02:11:34,943 [DEBUG] cnn_neat: Added edge 7→2 (from 20 candidates)
2026-08-15 02:11:34,954 [DEBUG] cnn_neat: Removed hidden node 6 (pool=7)
2026-08-15 02:11:34,960 [DEBUG] cnn_neat: Removed edge 8→6 (from 13 candidates)
2026-08-15 02:11:34,972 [DEBUG] cnn_neat: Removed 3 edges (requested 3)
2026-08-15 02:11:34,983 [DEBUG] cnn_neat: Split edge 3→4, new hidden node 9 (pool=10)
2026-08-15 02:11:34,996 [DEBUG] cnn_neat: Split edge 2→3, new hidden node 8 (pool=14)
2026-08-15 02:11:35,004 [DEBUG] cnn_neat: Added edge 6→5 (from 9 candidates)
2026-08-15 02:11:35,018 [DEBUG] cnn_neat: Removed hidden node 7 (pool=6)
2026-08-15 02:11:35,025 [DEBUG] cnn_neat: Removed edge 5→1 (from 17 candidates)
2026-08-15 02:11:35,040 [DEBUG] cnn_neat: Removed 3 edges (requested 3)
2026-08-15 02:11:35,048 [DEBUG] cnn_neat: Split edge 6→7, new hidden node 9 (pool=12)
2026-08-15 02:11:35,053 [DEBUG] cnn_neat: Split edge 0→3, new hidden node 8 (pool=13)
2026-08-15 02:11:35,060 [DEBUG] cnn_neat: Split edge 3→1, new hidden node 8 (pool=6)
2026-08-15 02:11:35,074 [DEBUG] cnn_neat: Split edge 3→4, new hidden node 7 (pool=13)
2026-08-15 02:11:35,080 [DEBUG] cnn_neat: Added edge 6→5 (from 5 candidates)
2026-08-15 02:11:35,091 [DEBUG] cnn_neat: Removed hidden node 2 (pool=5)
2026-08-15 02:11:35,097 [DEBUG] cnn_neat: Removed edge 2→1 (from 15 candidates)
2026-08-15 02:11:35,108 [DEBUG] cnn_neat: Removed 3 edges (requested 3)
2026-08-15 02:11:35,114 [DEBUG] cnn_neat: Split edge 5→1, new hidden node 8 (pool=11)
2026-08-15 02:11:35,121 [DEBUG] cnn_neat: Split edge 6→4, new hidden node 7 (pool=14)
2026-08-15 02:11:35,132 [DEBUG] cnn_neat: Split edge 5→1, new hidden node 7 (pool=13)
2026-08-15 02:11:35,138 [DEBUG] cnn_neat: Added edge 3→5 (from 6 candidates)
2026-08-15 02:11:35,149 [DEBUG] cnn_neat: Removed hidden node 4 (pool=5)
2026-08-15 02:11:35,155 [DEBUG] cnn_neat: Removed edge 2→3 (from 14 candidates)
2026-08-15 02:11:35,166 [DEBUG] cnn_neat: Removed 3 edges (requested 3)
2026-08-15 02:11:35,173 [DEBUG] cnn_neat: Split edge 2→1, new hidden node 7 (pool=14)
2026-08-15 02:11:35,179 [DEBUG] cnn_neat: Split edge 6→4, new hidden node 7 (pool=12)
2026-08-15 02:11:35,184 [DEBUG] cnn_neat: Split edge 3→4, new hidden node 7 (pool=10)
2026-08-15 02:11:35,197 [DEBUG] cnn_neat: Split edge 0→3, new hidden node 8 (pool=11)
2026-08-15 02:11:35,204 [DEBUG] cnn_neat: Added edge 6→3 (from 11 candidates)
2026-08-15 02:11:35,217 [DEBUG] cnn_neat: Removed hidden node 4 (pool=6)
2026-08-15 02:11:35,226 [DEBUG] cnn_neat: Removed edge 2→6 (from 14 candidates)
2026-08-15 02:11:35,242 [DEBUG] cnn_neat: Removed 3 edges (requested 3)
2026-08-15 02:11:35,250 [DEBUG] cnn_neat: Split edge 2→1, new hidden node 8 (pool=12)
2026-08-15 02:11:35,255 [DEBUG] cnn_neat: Split edge 2→3, new hidden node 8 (pool=9)
2026-08-15 02:11:35,262 [DEBUG] cnn_neat: Split edge 3→1, new hidden node 8 (pool=6)
2026-08-15 02:11:35,371 [DEBUG] cnn_neat: Split edge 0→5, new hidden node 8 (pool=10)
2026-08-15 02:11:35,379 [DEBUG] cnn_neat: Added edge 6→5 (from 14 candidates)
2026-08-15 02:11:35,392 [DEBUG] cnn_neat: Removed hidden node 2 (pool=6)
2026-08-15 02:11:35,402 [DEBUG] cnn_neat: Removed edge 4→1 (from 13 candidates)
2026-08-15 02:11:35,417 [DEBUG] cnn_neat: Removed 3 edges (requested 3)
2026-08-15 02:11:35,425 [DEBUG] cnn_neat: Split edge 3→1, new hidden node 9 (pool=10)
2026-08-15 02:11:35,440 [DEBUG] cnn_neat: Split edge 0→3, new hidden node 8 (pool=11)
2026-08-15 02:11:35,459 [DEBUG] cnn_neat: Split edge 0→5, new hidden node 6 (pool=7)
2026-08-15 02:11:35,467 [DEBUG] cnn_neat: Added edge 5→3 (from 5 candidates)
2026-08-15 02:11:35,482 [DEBUG] cnn_neat: Removed hidden node 4 (pool=4)
2026-08-15 02:11:35,492 [DEBUG] cnn_neat: Removed edge 5→1 (from 11 candidates)
2026-08-15 02:11:35,504 [DEBUG] cnn_neat: Removed 3 edges (requested 3)
2026-08-15 02:11:35,515 [DEBUG] cnn_neat: Split edge 3→1, new hidden node 7 (pool=7)
2026-08-15 02:11:35,537 [DEBUG] cnn_neat: Split edge 5→1, new hidden node 8 (pool=10)
2026-08-15 02:11:35,705 [DEBUG] cnn_neat: Added edge 6→1 (from 12 candidates)
2026-08-15 02:11:35,724 [DEBUG] cnn_neat: Removed hidden node 4 (pool=6)
2026-08-15 02:11:35,733 [DEBUG] cnn_neat: Removed edge 3→1 (from 12 candidates)
2026-08-15 02:11:35,758 [DEBUG] cnn_neat: Removed 3 edges (requested 3)
2026-08-15 02:11:35,770 [DEBUG] cnn_neat: Split edge 4→1, new hidden node 9 (pool=8)
2026-08-15 02:11:35,789 [DEBUG] cnn_neat: Split edge 2→4, new hidden node 8 (pool=10)
2026-08-15 02:11:35,803 [DEBUG] cnn_neat: Added edge 6→3 (from 14 candidates)
2026-08-15 02:11:35,823 [DEBUG] cnn_neat: Removed hidden node 5 (pool=6)
2026-08-15 02:11:35,835 [DEBUG] cnn_neat: Removed edge 2→3 (from 13 candidates)
2026-08-15 02:11:35,856 [DEBUG] cnn_neat: Removed 3 edges (requested 3)
2026-08-15 02:11:35,866 [DEBUG] cnn_neat: Split edge 2→3, new hidden node 9 (pool=6)
2026-08-15 02:11:36,034 [DEBUG] cnn_neat: Split edge 0→2, new hidden node 8 (pool=7)
2026-08-15 02:11:36,050 [DEBUG] cnn_neat: Split edge 0→5, new hidden node 9 (pool=9)
2026-08-15 02:11:36,061 [DEBUG] cnn_neat: Added edge 7→8 (from 22 candidates)
2026-08-15 02:11:36,080 [DEBUG] cnn_neat: Removed hidden node 6 (pool=7)
2026-08-15 02:11:36,088 [DEBUG] cnn_neat: Removed edge 6→5 (from 12 candidates)
2026-08-15 02:11:36,102 [DEBUG] cnn_neat: Removed 3 edges (requested 3)
2026-08-15 02:11:36,114 [DEBUG] cnn_neat: Split edge 2→3, new hidden node 9 (pool=9)
2026-08-15 02:11:36,126 [DEBUG] cnn_neat: Split edge 5→1, new hidden node 9 (pool=9)
2026-08-15 02:11:36,149 [DEBUG] cnn_neat: Split edge 0→2, new hidden node 8 (pool=11)
2026-08-15 02:11:36,163 [DEBUG] cnn_neat: Added edge 7→6 (from 13 candidates)
2026-08-15 02:11:36,181 [DEBUG] cnn_neat: Removed hidden node 2 (pool=6)
2026-08-15 02:11:36,192 [DEBUG] cnn_neat: Removed edge 4→1 (from 14 candidates)
2026-08-15 02:11:36,214 [DEBUG] cnn_neat: Removed 3 edges (requested 3)
2026-08-15 02:11:36,386 [DEBUG] cnn_neat: Split edge 2→6, new hidden node 8 (pool=12)
2026-08-15 02:11:36,394 [DEBUG] cnn_neat: Split edge 0→3, new hidden node 8 (pool=6)
2026-08-15 02:11:36,402 [DEBUG] cnn_neat: Split edge 0→8, new hidden node 9 (pool=9)
2026-08-15 02:11:36,417 [DEBUG] cnn_neat: Added edge 6→4 (from 19 candidates)
2026-08-15 02:11:36,444 [DEBUG] cnn_neat: Removed hidden node 5 (pool=7)
2026-08-15 02:11:36,452 [DEBUG] cnn_neat: Removed edge 3→1 (from 13 candidates)
2026-08-15 02:11:36,468 [DEBUG] cnn_neat: Removed 3 edges (requested 3)
2026-08-15 02:11:36,485 [DEBUG] cnn_neat: Split edge 0→2, new hidden node 9 (pool=9)
2026-08-15 02:11:36,505 [DEBUG] cnn_neat: Split edge 0→4, new hidden node 6 (pool=13)
2026-08-15 02:11:36,509 [DEBUG] cnn_neat: Added edge 0→1 (from 2 candidates)
2026-08-15 02:11:36,527 [DEBUG] cnn_neat: Removed hidden node 4 (pool=4)
2026-08-15 02:11:36,539 [DEBUG] cnn_neat: Removed edge 2→4 (from 13 candidates)
2026-08-15 02:11:36,557 [DEBUG] cnn_neat: Removed 3 edges (requested 3)
2026-08-15 02:11:36,570 [DEBUG] cnn_neat: Split edge 2→3, new hidden node 6 (pool=10)
2026-08-15 02:11:36,576 [DEBUG] cnn_neat: Added edge 2→5 (from 1 candidates)
2026-08-15 02:11:36,584 [DEBUG] cnn_neat: Added edge 0→1 (from 5 candidates)
2026-08-15 02:11:36,596 [DEBUG] cnn_neat: Split edge 0→3, new hidden node 7 (pool=8)
2026-08-15 02:11:36,764 [DEBUG] cnn_neat: Removed hidden node 5 (pool=4)
2026-08-15 02:11:36,777 [DEBUG] cnn_neat: Removed hidden node 4 (pool=4)
2026-08-15 02:11:36,789 [DEBUG] cnn_neat: Added edge 2→3 (from 8 candidates)
2026-08-15 02:11:36,806 [DEBUG] cnn_neat: Split edge 0→5, new hidden node 7 (pool=11)
2026-08-15 02:11:36,844 [DEBUG] cnn_neat: Added edge 6→1 (from 5 candidates)
2026-08-15 02:11:36,861 [DEBUG] cnn_neat: Removed hidden node 3 (pool=5)
2026-08-15 02:11:36,867 [DEBUG] cnn_neat: Removed edge 6→4 (from 12 candidates)
2026-08-15 02:11:36,878 [DEBUG] cnn_neat: Removed 3 edges (requested 3)
2026-08-15 02:11:36,884 [DEBUG] cnn_neat: Split edge 0→5, new hidden node 7 (pool=11)
2026-08-15 02:11:36,892 [DEBUG] cnn_neat: Split edge 4→5, new hidden node 7 (pool=8)
2026-08-15 02:11:36,896 [DEBUG] cnn_neat: Added edge 6→1 (from 9 candidates)
2026-08-15 02:11:36,944 [DEBUG] cnn_neat: Added edge 3→4 (from 8 candidates)
2026-08-15 02:11:36,970 [DEBUG] cnn_neat: Split edge 2→3, new hidden node 7 (pool=11)
2026-08-15 02:11:36,982 [DEBUG] cnn_neat: Added edge 2→6 (from 6 candidates)
2026-08-15 02:11:36,994 [DEBUG] cnn_neat: Removed hidden node 6 (pool=5)
2026-08-15 02:11:37,004 [DEBUG] cnn_neat: Removed edge 2→4 (from 12 candidates)
2026-08-15 02:11:37,210 [DEBUG] cnn_neat: Removed 3 edges (requested 3)
2026-08-15 02:11:37,215 [DEBUG] cnn_neat: Split edge 2→1, new hidden node 8 (pool=9)
2026-08-15 02:11:37,220 [DEBUG] cnn_neat: Split edge 4→1, new hidden node 7 (pool=8)
2026-08-15 02:11:37,227 [DEBUG] cnn_neat: Added edge 7→1 (from 11 candidates)
2026-08-15 02:11:37,230 [DEBUG] cnn_neat: Added edge 2→5 (from 10 candidates)
2026-08-15 02:11:37,241 [DEBUG] cnn_neat: Split edge 4→1, new hidden node 7 (pool=14)
2026-08-15 02:11:37,247 [DEBUG] cnn_neat: Added edge 6→4 (from 5 candidates)
2026-08-15 02:11:37,256 [DEBUG] cnn_neat: Removed hidden node 6 (pool=5)
2026-08-15 02:11:37,262 [DEBUG] cnn_neat: Removed edge 2→4 (from 15 candidates)
2026-08-15 02:11:37,273 [DEBUG] cnn_neat: Removed 3 edges (requested 3)
2026-08-15 02:11:37,281 [DEBUG] cnn_neat: Split edge 5→1, new hidden node 8 (pool=12)
2026-08-15 02:11:37,288 [DEBUG] cnn_neat: Split edge 3→6, new hidden node 7 (pool=13)
2026-08-15 02:11:37,293 [DEBUG] cnn_neat: Split edge 2→3, new hidden node 7 (pool=11)
2026-08-15 02:11:37,303 [DEBUG] cnn_neat: Split edge 2→1, new hidden node 7 (pool=12)
2026-08-15 02:11:37,309 [DEBUG] cnn_neat: Added edge 6→3 (from 7 candidates)
2026-08-15 02:11:37,320 [DEBUG] cnn_neat: Removed hidden node 6 (pool=5)
2026-08-15 02:11:37,327 [DEBUG] cnn_neat: Removed edge 3→1 (from 14 candidates)
2026-08-15 02:11:37,337 [DEBUG] cnn_neat: Removed 3 edges (requested 3)
2026-08-15 02:11:37,343 [DEBUG] cnn_neat: Split edge 2→3, new hidden node 8 (pool=10)
2026-08-15 02:11:37,350 [DEBUG] cnn_neat: Split edge 2→3, new hidden node 7 (pool=11)
2026-08-15 02:11:37,356 [DEBUG] cnn_neat: Split edge 5→1, new hidden node 7 (pool=9)
2026-08-15 02:11:37,367 [DEBUG] cnn_neat: Split edge 3→1, new hidden node 6 (pool=12)
2026-08-15 02:11:37,372 [DEBUG] cnn_neat: Added edge 0→1 (from 4 candidates)
2026-08-15 02:11:37,382 [DEBUG] cnn_neat: Removed hidden node 5 (pool=4)
2026-08-15 02:11:37,388 [DEBUG] cnn_neat: Removed edge 3→5 (from 12 candidates)
2026-08-15 02:11:37,399 [DEBUG] cnn_neat: Removed 3 edges (requested 3)
2026-08-15 02:11:37,405 [DEBUG] cnn_neat: Split edge 4→5, new hidden node 7 (pool=10)
2026-08-15 02:11:37,416 [DEBUG] cnn_neat: Split edge 2→4, new hidden node 7 (pool=10)
2026-08-15 02:11:37,422 [DEBUG] cnn_neat: Added edge 3→5 (from 8 candidates)
2026-08-15 02:11:37,434 [DEBUG] cnn_neat: Removed hidden node 6 (pool=5)
2026-08-15 02:11:37,438 [DEBUG] cnn_neat: Removed edge 5→1 (from 11 candidates)
2026-08-15 02:11:37,446 [DEBUG] cnn_neat: Removed 3 edges (requested 3)
2026-08-15 02:11:37,453 [DEBUG] cnn_neat: Split edge 2→3, new hidden node 8 (pool=8)
2026-08-15 02:11:37,458 [DEBUG] cnn_neat: Split edge 0→5, new hidden node 7 (pool=11)
2026-08-15 02:11:37,468 [DEBUG] cnn_neat: Split edge 2→6, new hidden node 7 (pool=13)
2026-08-15 02:11:37,470 [DEBUG] cnn_neat: Saved generation 12
2026-08-15 02:11:37,558 [DEBUG] cnn_neat: Selected 25 elite individuals
2026-08-15 02:11:37,570 [DEBUG] cnn_neat: Added edge 3→5 (from 6 candidates)
2026-08-15 02:11:37,606 [DEBUG] cnn_neat: Removed hidden node 2 (pool=5)
2026-08-15 02:11:37,682 [DEBUG] cnn_neat: Removed edge 0→2 (from 14 candidates)
2026-08-15 02:11:37,717 [DEBUG] cnn_neat: Removed 3 edges (requested 3)
2026-08-15 02:11:37,740 [DEBUG] cnn_neat: Split edge 0→5, new hidden node 8 (pool=9)
2026-08-15 02:11:37,769 [DEBUG] cnn_neat: Split edge 5→1, new hidden node 8 (pool=5)
2026-08-15 02:11:37,782 [DEBUG] cnn_neat: Added edge 0→7 (from 15 candidates)
2026-08-15 02:11:37,809 [DEBUG] cnn_neat: Removed hidden node 6 (pool=6)
2026-08-15 02:11:37,819 [DEBUG] cnn_neat: Removed edge 3→6 (from 10 candidates)
2026-08-15 02:11:37,836 [DEBUG] cnn_neat: Removed 3 edges (requested 3)
2026-08-15 02:11:37,852 [DEBUG] cnn_neat: Split edge 2→4, new hidden node 8 (pool=10)
2026-08-15 02:11:37,869 [DEBUG] cnn_neat: Split edge 0→2, new hidden node 8 (pool=11)
2026-08-15 02:11:37,873 [DEBUG] cnn_neat: Trimmed elite queue to 128 entries
2026-08-15 02:11:38,226 [DEBUG] cnn_neat: Added edge 6→5 (from 12 candidates)
2026-08-15 02:11:38,227 [DEBUG] cnn_neat: Split edge 3→1, new hidden node 8 (pool=6)
2026-08-15 02:11:38,231 [DEBUG] cnn_neat: Added edge 5→2 (from 20 candidates)
2026-08-15 02:11:38,236 [DEBUG] cnn_neat: Removed hidden node 3 (pool=6)
2026-08-15 02:11:38,238 [DEBUG] cnn_neat: Removed edge 2→3 (from 9 candidates)
2026-08-15 02:11:38,243 [DEBUG] cnn_neat: Removed 3 edges (requested 3)
2026-08-15 02:11:38,247 [DEBUG] cnn_neat: Crossover rejected: union topology invalid (edges=24 nodes=12)
2026-08-15 02:11:38,250 [DEBUG] cnn_neat: Split edge 2→3, new hidden node 8 (pool=6)
2026-08-15 02:11:38,254 [DEBUG] cnn_neat: Added edge 3→7 (from 20 candidates)
2026-08-15 02:11:38,257 [DEBUG] cnn_neat: Added edge 3→5 (from 14 candidates)
2026-08-15 02:11:38,261 [DEBUG] cnn_neat: Added edge 3→6 (from 13 candidates)
2026-08-15 02:11:38,264 [DEBUG] cnn_neat: Added edge 6→4 (from 12 candidates)
2026-08-15 02:11:38,268 [DEBUG] cnn_neat: Added edge 2→5 (from 8 candidates)
2026-08-15 02:11:38,270 [DEBUG] cnn_neat: Split edge 3→1, new hidden node 8 (pool=7)
2026-08-15 02:11:38,273 [DEBUG] cnn_neat: Added edge 3→7 (from 16 candidates)
2026-08-15 02:11:38,277 [DEBUG] cnn_neat: Removed hidden node 5 (pool=5)
2026-08-15 02:11:38,279 [DEBUG] cnn_neat: Removed edge 2→3 (from 8 candidates)
2026-08-15 02:11:38,283 [DEBUG] cnn_neat: Removed 3 edges (requested 3)
2026-08-15 02:11:38,287 [DEBUG] cnn_neat: Crossover rejected: union topology invalid (edges=27 nodes=14)
2026-08-15 02:11:38,290 [DEBUG] cnn_neat: Split edge 2→3, new hidden node 8 (pool=7)
2026-08-15 02:11:38,292 [DEBUG] cnn_neat: Added edge 6→5 (from 16 candidates)
2026-08-15 02:11:38,295 [DEBUG] cnn_neat: Added edge 7→2 (from 13 candidates)
2026-08-15 02:11:38,298 [DEBUG] cnn_neat: Added edge 6→3 (from 9 candidates)
2026-08-15 02:11:38,301 [DEBUG] cnn_neat: Added edge 7→6 (from 7 candidates)
2026-08-15 02:11:38,305 [DEBUG] cnn_neat: Added edge 2→5 (from 6 candidates)
2026-08-15 02:11:38,307 [DEBUG] cnn_neat: Split edge 2→3, new hidden node 9 (pool=8)
2026-08-15 02:11:38,310 [DEBUG] cnn_neat: Added edge 8→1 (from 25 candidates)
2026-08-15 02:11:38,314 [DEBUG] cnn_neat: Removed hidden node 5 (pool=6)
2026-08-15 02:11:38,316 [DEBUG] cnn_neat: Removed edge 8→6 (from 9 candidates)
2026-08-15 02:11:38,320 [DEBUG] cnn_neat: Removed 3 edges (requested 3)
2026-08-15 02:11:38,324 [DEBUG] cnn_neat: Crossover rejected: union topology invalid (edges=26 nodes=14)
2026-08-15 02:11:38,327 [DEBUG] cnn_neat: Split edge 3→1, new hidden node 9 (pool=8)
2026-08-15 02:11:38,329 [DEBUG] cnn_neat: Added edge 7→2 (from 25 candidates)
2026-08-15 02:11:38,332 [DEBUG] cnn_neat: Added edge 6→1 (from 21 candidates)
2026-08-15 02:11:38,336 [DEBUG] cnn_neat: Added edge 3→5 (from 20 candidates)
2026-08-15 02:11:38,339 [DEBUG] cnn_neat: Added edge 5→6 (from 17 candidates)
2026-08-15 02:11:38,343 [DEBUG] cnn_neat: Added edge 8→1 (from 14 candidates)
2026-08-15 02:11:38,347 [DEBUG] cnn_neat: Split edge 2→3, new hidden node 8 (pool=6)
2026-08-15 02:11:38,351 [DEBUG] cnn_neat: Added edge 6→1 (from 18 candidates)
2026-08-15 02:11:38,357 [DEBUG] cnn_neat: Removed hidden node 6 (pool=6)
2026-08-15 02:11:38,361 [DEBUG] cnn_neat: Removed edge 4→5 (from 12 candidates)
2026-08-15 02:11:38,368 [DEBUG] cnn_neat: Removed 3 edges (requested 3)
2026-08-15 02:11:38,372 [DEBUG] cnn_neat: Crossover rejected: union topology invalid (edges=24 nodes=13)
2026-08-15 02:11:38,375 [DEBUG] cnn_neat: Split edge 0→3, new hidden node 8 (pool=6)
2026-08-15 02:11:38,379 [DEBUG] cnn_neat: Added edge 6→7 (from 18 candidates)
2026-08-15 02:11:38,382 [DEBUG] cnn_neat: Added edge 3→5 (from 15 candidates)
2026-08-15 02:11:38,387 [DEBUG] cnn_neat: Added edge 7→1 (from 14 candidates)
2026-08-15 02:11:38,391 [DEBUG] cnn_neat: Added edge 6→1 (from 13 candidates)
2026-08-15 02:11:38,395 [DEBUG] cnn_neat: Added edge 3→7 (from 12 candidates)
2026-08-15 02:11:38,398 [DEBUG] cnn_neat: Split edge 0→2, new hidden node 8 (pool=10)
2026-08-15 02:11:38,402 [DEBUG] cnn_neat: Added edge 6→1 (from 14 candidates)
2026-08-15 02:11:38,409 [DEBUG] cnn_neat: Removed hidden node 7 (pool=6)
2026-08-15 02:11:38,413 [DEBUG] cnn_neat: Removed edge 0→5 (from 13 candidates)
2026-08-15 02:11:38,418 [DEBUG] cnn_neat: Removed 3 edges (requested 3)
2026-08-15 02:11:38,423 [DEBUG] cnn_neat: Crossover rejected: union topology invalid (edges=25 nodes=13)
2026-08-15 02:11:38,427 [DEBUG] cnn_neat: Split edge 0→2, new hidden node 8 (pool=10)
2026-08-15 02:11:38,431 [DEBUG] cnn_neat: Added edge 2→6 (from 22 candidates)
2026-08-15 02:11:38,435 [DEBUG] cnn_neat: Added edge 7→4 (from 14 candidates)
2026-08-15 02:11:38,439 [DEBUG] cnn_neat: Added edge 7→2 (from 13 candidates)
2026-08-15 02:11:38,443 [DEBUG] cnn_neat: Added edge 7→3 (from 10 candidates)
2026-08-15 02:11:38,447 [DEBUG] cnn_neat: Added edge 3→5 (from 9 candidates)
2026-08-15 02:11:38,451 [DEBUG] cnn_neat: Added edge 2→6 (from 8 candidates)
2026-08-15 02:11:38,456 [DEBUG] cnn_neat: Split edge 0→5, new hidden node 8 (pool=13)
2026-08-15 02:11:38,461 [DEBUG] cnn_neat: Added edge 3→6 (from 11 candidates)
2026-08-15 02:11:38,468 [DEBUG] cnn_neat: Removed hidden node 7 (pool=6)
2026-08-15 02:11:38,472 [DEBUG] cnn_neat: Removed edge 3→4 (from 16 candidates)
2026-08-15 02:11:38,479 [DEBUG] cnn_neat: Removed 3 edges (requested 3)
2026-08-15 02:11:38,484 [DEBUG] cnn_neat: Crossover rejected: union topology invalid (edges=31 nodes=14)
2026-08-15 02:11:38,488 [DEBUG] cnn_neat: Split edge 2→4, new hidden node 8 (pool=13)
2026-08-15 02:11:38,492 [DEBUG] cnn_neat: Added edge 3→5 (from 11 candidates)
2026-08-15 02:11:38,496 [DEBUG] cnn_neat: Added edge 7→1 (from 10 candidates)
2026-08-15 02:11:38,500 [DEBUG] cnn_neat: Added edge 2→7 (from 9 candidates)
2026-08-15 02:11:38,505 [DEBUG] cnn_neat: Added edge 6→3 (from 8 candidates)
2026-08-15 02:11:38,509 [DEBUG] cnn_neat: Added edge 2→6 (from 6 candidates)
2026-08-15 02:11:38,514 [DEBUG] cnn_neat: Split edge 6→7, new hidden node 8 (pool=14)
2026-08-15 02:11:38,518 [DEBUG] cnn_neat: Added edge 3→7 (from 10 candidates)
2026-08-15 02:11:38,525 [DEBUG] cnn_neat: Removed hidden node 5 (pool=6)
2026-08-15 02:11:38,529 [DEBUG] cnn_neat: Removed edge 5→1 (from 17 candidates)
2026-08-15 02:11:38,537 [DEBUG] cnn_neat: Removed 3 edges (requested 3)
2026-08-15 02:11:38,542 [DEBUG] cnn_neat: Crossover rejected: union topology invalid (edges=28 nodes=12)
2026-08-15 02:11:38,545 [DEBUG] cnn_neat: Split edge 6→7, new hidden node 8 (pool=14)
2026-08-15 02:11:38,550 [DEBUG] cnn_neat: Added edge 3→8 (from 17 candidates)
2026-08-15 02:11:38,555 [DEBUG] cnn_neat: Added edge 3→5 (from 10 candidates)
2026-08-15 02:11:38,559 [DEBUG] cnn_neat: Added edge 6→5 (from 9 candidates)
2026-08-15 02:11:38,563 [DEBUG] cnn_neat: Added edge 3→6 (from 8 candidates)
2026-08-15 02:11:38,567 [DEBUG] cnn_neat: Added edge 6→4 (from 5 candidates)
2026-08-15 02:11:38,571 [DEBUG] cnn_neat: Added edge 6→1 (from 4 candidates)
2026-08-15 02:11:38,576 [DEBUG] cnn_neat: Split edge 2→6, new hidden node 8 (pool=14)
2026-08-15 02:11:38,580 [DEBUG] cnn_neat: Added edge 7→5 (from 10 candidates)
2026-08-15 02:11:38,587 [DEBUG] cnn_neat: Removed hidden node 3 (pool=6)
2026-08-15 02:11:38,676 [DEBUG] cnn_neat: Split edge 2→6, new hidden node 8 (pool=6)
2026-08-15 02:11:38,770 [DEBUG] cnn_neat: Added edge 3→6 (from 23 candidates)
2026-08-15 02:11:38,833 [DEBUG] cnn_neat: Removed hidden node 7 (pool=6)
2026-08-15 02:11:38,839 [DEBUG] cnn_neat: Removed edge 2→1 (from 8 candidates)
2026-08-15 02:11:38,853 [DEBUG] cnn_neat: Removed 3 edges (requested 3)
2026-08-15 02:11:38,861 [DEBUG] cnn_neat: Split edge 0→6, new hidden node 9 (pool=4)
2026-08-15 02:11:38,867 [DEBUG] cnn_neat: Split edge 2→1, new hidden node 7 (pool=6)
2026-08-15 02:11:38,880 [DEBUG] cnn_neat: Split edge 3→1, new hidden node 8 (pool=6)
2026-08-15 02:11:38,887 [DEBUG] cnn_neat: Added edge 3→6 (from 20 candidates)
2026-08-15 02:11:38,901 [DEBUG] cnn_neat: Removed hidden node 7 (pool=6)
2026-08-15 02:11:38,908 [DEBUG] cnn_neat: Removed edge 5→1 (from 9 candidates)
2026-08-15 02:11:38,923 [DEBUG] cnn_neat: Removed 3 edges (requested 3)
2026-08-15 02:11:38,931 [DEBUG] cnn_neat: Split edge 3→6, new hidden node 8 (pool=7)
2026-08-15 02:11:38,937 [DEBUG] cnn_neat: Split edge 0→2, new hidden node 7 (pool=6)
2026-08-15 02:11:38,948 [DEBUG] cnn_neat: Split edge 0→3, new hidden node 8 (pool=7)
2026-08-15 02:11:38,957 [DEBUG] cnn_neat: Added edge 6→3 (from 16 candidates)
2026-08-15 02:11:38,968 [DEBUG] cnn_neat: Removed hidden node 5 (pool=5)
2026-08-15 02:11:38,974 [DEBUG] cnn_neat: Removed edge 2→3 (from 8 candidates)
2026-08-15 02:11:39,299 [DEBUG] cnn_neat: Removed 3 edges (requested 3)
2026-08-15 02:11:39,323 [DEBUG] cnn_neat: Split edge 3→1, new hidden node 9 (pool=8)
2026-08-15 02:11:39,341 [DEBUG] cnn_neat: Added edge 5→8 (from 25 candidates)
2026-08-15 02:11:39,375 [DEBUG] cnn_neat: Removed hidden node 6 (pool=6)
2026-08-15 02:11:39,392 [DEBUG] cnn_neat: Removed edge 2→3 (from 9 candidates)
2026-08-15 02:11:39,421 [DEBUG] cnn_neat: Removed 3 edges (requested 3)
2026-08-15 02:11:39,432 [DEBUG] cnn_neat: Split edge 3→1, new hidden node 9 (pool=8)
2026-08-15 02:11:39,443 [DEBUG] cnn_neat: Split edge 2→1, new hidden node 9 (pool=6)
2026-08-15 02:11:39,519 [DEBUG] cnn_neat: Split edge 0→3, new hidden node 8 (pool=10)
2026-08-15 02:11:39,537 [DEBUG] cnn_neat: Added edge 6→7 (from 15 candidates)
2026-08-15 02:11:39,580 [DEBUG] cnn_neat: Removed hidden node 6 (pool=6)
2026-08-15 02:11:39,586 [DEBUG] cnn_neat: Removed edge 2→1 (from 13 candidates)
2026-08-15 02:11:39,600 [DEBUG] cnn_neat: Removed 3 edges (requested 3)
2026-08-15 02:11:39,608 [DEBUG] cnn_neat: Split edge 6→7, new hidden node 8 (pool=11)
2026-08-15 02:11:39,615 [DEBUG] cnn_neat: Split edge 2→4, new hidden node 8 (pool=9)
2026-08-15 02:11:39,621 [DEBUG] cnn_neat: Split edge 2→1, new hidden node 8 (pool=6)
2026-08-15 02:11:39,635 [DEBUG] cnn_neat: Split edge 3→1, new hidden node 8 (pool=6)
2026-08-15 02:11:39,643 [DEBUG] cnn_neat: Added edge 7→3 (from 18 candidates)
2026-08-15 02:11:39,655 [DEBUG] cnn_neat: Removed hidden node 4 (pool=6)
2026-08-15 02:11:39,662 [DEBUG] cnn_neat: Removed edge 3→1 (from 12 candidates)
2026-08-15 02:11:39,674 [DEBUG] cnn_neat: Removed 3 edges (requested 3)
2026-08-15 02:11:39,683 [DEBUG] cnn_neat: Split edge 0→2, new hidden node 9 (pool=1)
2026-08-15 02:11:39,696 [DEBUG] cnn_neat: Split edge 0→5, new hidden node 7 (pool=6)
2026-08-15 02:11:39,702 [DEBUG] cnn_neat: Added edge 6→1 (from 7 candidates)
2026-08-15 02:11:39,712 [DEBUG] cnn_neat: Removed hidden node 3 (pool=5)
2026-08-15 02:11:39,719 [DEBUG] cnn_neat: Removed edge 0→5 (from 10 candidates)
2026-08-15 02:11:39,730 [DEBUG] cnn_neat: Removed 3 edges (requested 3)
2026-08-15 02:11:39,734 [DEBUG] cnn_neat: Split edge 0→5, new hidden node 7 (pool=5)
2026-08-15 02:11:39,740 [DEBUG] cnn_neat: Split edge 2→1, new hidden node 7 (pool=3)
2026-08-15 02:11:39,744 [DEBUG] cnn_neat: Split edge 2→4, new hidden node 7 (pool=8)
2026-08-15 02:11:39,756 [DEBUG] cnn_neat: Split edge 5→1, new hidden node 8 (pool=13)
2026-08-15 02:11:39,763 [DEBUG] cnn_neat: Added edge 3→7 (from 12 candidates)
2026-08-15 02:11:39,774 [DEBUG] cnn_neat: Removed hidden node 4 (pool=6)
2026-08-15 02:11:39,780 [DEBUG] cnn_neat: Removed edge 4→1 (from 16 candidates)
2026-08-15 02:11:39,794 [DEBUG] cnn_neat: Removed 3 edges (requested 3)
2026-08-15 02:11:39,801 [DEBUG] cnn_neat: Split edge 2→3, new hidden node 8 (pool=14)
2026-08-15 02:11:39,807 [DEBUG] cnn_neat: Split edge 0→2, new hidden node 8 (pool=11)
2026-08-15 02:11:39,813 [DEBUG] cnn_neat: Split edge 0→5, new hidden node 8 (pool=5)
2026-08-15 02:11:39,826 [DEBUG] cnn_neat: Split edge 2→5, new hidden node 9 (pool=9)
2026-08-15 02:11:39,834 [DEBUG] cnn_neat: Added edge 8→4 (from 20 candidates)
2026-08-15 02:11:39,853 [DEBUG] cnn_neat: Removed hidden node 2 (pool=7)
2026-08-15 02:11:39,861 [DEBUG] cnn_neat: Removed edge 3→4 (from 13 candidates)
2026-08-15 02:11:39,873 [DEBUG] cnn_neat: Removed 3 edges (requested 3)
2026-08-15 02:11:39,885 [DEBUG] cnn_neat: Split edge 2→3, new hidden node 9 (pool=9)
2026-08-15 02:11:39,946 [DEBUG] cnn_neat: Split edge 6→7, new hidden node 8 (pool=14)
2026-08-15 02:11:39,955 [DEBUG] cnn_neat: Added edge 3→5 (from 9 candidates)
2026-08-15 02:11:39,971 [DEBUG] cnn_neat: Removed hidden node 7 (pool=6)
2026-08-15 02:11:39,980 [DEBUG] cnn_neat: Removed edge 3→4 (from 17 candidates)
2026-08-15 02:11:39,995 [DEBUG] cnn_neat: Removed 3 edges (requested 3)
2026-08-15 02:11:40,005 [DEBUG] cnn_neat: Split edge 0→5, new hidden node 9 (pool=10)
2026-08-15 02:11:40,014 [DEBUG] cnn_neat: Split edge 0→3, new hidden node 8 (pool=15)
2026-08-15 02:11:40,062 [DEBUG] cnn_neat: Split edge 2→5, new hidden node 8 (pool=10)
2026-08-15 02:11:40,074 [DEBUG] cnn_neat: Added edge 6→1 (from 14 candidates)
2026-08-15 02:11:40,095 [DEBUG] cnn_neat: Removed hidden node 2 (pool=6)
2026-08-15 02:11:40,105 [DEBUG] cnn_neat: Removed edge 4→5 (from 13 candidates)
2026-08-15 02:11:40,133 [DEBUG] cnn_neat: Removed 3 edges (requested 3)
2026-08-15 02:11:40,148 [DEBUG] cnn_neat: Split edge 0→3, new hidden node 9 (pool=8)
2026-08-15 02:11:40,156 [DEBUG] cnn_neat: Split edge 3→1, new hidden node 8 (pool=3)
2026-08-15 02:11:40,170 [DEBUG] cnn_neat: Split edge 0→6, new hidden node 8 (pool=13)
2026-08-15 02:11:40,181 [DEBUG] cnn_neat: Added edge 2→7 (from 11 candidates)
2026-08-15 02:11:40,196 [DEBUG] cnn_neat: Removed hidden node 3 (pool=6)
2026-08-15 02:11:40,205 [DEBUG] cnn_neat: Removed edge 2→3 (from 16 candidates)
2026-08-15 02:11:40,398 [DEBUG] cnn_neat: Removed 3 edges (requested 3)
2026-08-15 02:11:40,411 [DEBUG] cnn_neat: Split edge 2→3, new hidden node 9 (pool=9)
2026-08-15 02:11:40,432 [DEBUG] cnn_neat: Split edge 2→6, new hidden node 8 (pool=14)
2026-08-15 02:11:40,449 [DEBUG] cnn_neat: Added edge 3→7 (from 10 candidates)
2026-08-15 02:11:40,472 [DEBUG] cnn_neat: Removed hidden node 4 (pool=6)
2026-08-15 02:11:40,489 [DEBUG] cnn_neat: Removed edge 3→1 (from 17 candidates)
2026-08-15 02:11:40,508 [DEBUG] cnn_neat: Removed 3 edges (requested 3)
2026-08-15 02:11:40,528 [DEBUG] cnn_neat: Split edge 0→5, new hidden node 9 (pool=12)
2026-08-15 02:11:40,530 [DEBUG] cnn_neat: Split edge 0→5, new hidden node 8 (pool=12)
2026-08-15 02:11:40,548 [DEBUG] cnn_neat: Split edge 2→4, new hidden node 8 (pool=14)
2026-08-15 02:11:40,729 [DEBUG] cnn_neat: Added edge 3→6 (from 10 candidates)
2026-08-15 02:11:40,756 [DEBUG] cnn_neat: Removed hidden node 7 (pool=6)
2026-08-15 02:11:40,771 [DEBUG] cnn_neat: Removed edge 2→7 (from 17 candidates)
2026-08-15 02:11:40,795 [DEBUG] cnn_neat: Removed 3 edges (requested 3)
2026-08-15 02:11:40,799 [DEBUG] cnn_neat: Split edge 2→5, new hidden node 9 (pool=10)
2026-08-15 02:11:40,807 [DEBUG] cnn_neat: Split edge 0→7, new hidden node 8 (pool=15)
2026-08-15 02:11:40,833 [DEBUG] cnn_neat: Split edge 2→4, new hidden node 9 (pool=9)
2026-08-15 02:11:40,845 [DEBUG] cnn_neat: Added edge 8→4 (from 20 candidates)
2026-08-15 02:11:40,873 [DEBUG] cnn_neat: Removed hidden node 6 (pool=7)
2026-08-15 02:11:40,886 [DEBUG] cnn_neat: Removed edge 2→5 (from 13 candidates)
2026-08-15 02:11:40,901 [DEBUG] cnn_neat: Removed 3 edges (requested 3)
2026-08-15 02:11:41,085 [DEBUG] cnn_neat: Split edge 2→5, new hidden node 9 (pool=9)
2026-08-15 02:11:41,107 [DEBUG] cnn_neat: Split edge 0→5, new hidden node 9 (pool=10)
2026-08-15 02:11:41,120 [DEBUG] cnn_neat: Added edge 8→1 (from 16 candidates)
2026-08-15 02:11:41,156 [DEBUG] cnn_neat: Removed hidden node 3 (pool=7)
2026-08-15 02:11:41,165 [DEBUG] cnn_neat: Removed edge 2→1 (from 14 candidates)
2026-08-15 02:11:41,194 [DEBUG] cnn_neat: Removed 3 edges (requested 3)
2026-08-15 02:11:41,205 [DEBUG] cnn_neat: Split edge 0→5, new hidden node 9 (pool=10)
2026-08-15 02:11:41,221 [DEBUG] cnn_neat: Split edge 2→5, new hidden node 7 (pool=13)
2026-08-15 02:11:41,237 [DEBUG] cnn_neat: Added edge 3→6 (from 5 candidates)
2026-08-15 02:11:41,261 [DEBUG] cnn_neat: Removed hidden node 3 (pool=5)
2026-08-15 02:11:41,448 [DEBUG] cnn_neat: Removed edge 4→5 (from 15 candidates)
2026-08-15 02:11:41,469 [DEBUG] cnn_neat: Removed 3 edges (requested 3)
2026-08-15 02:11:41,482 [DEBUG] cnn_neat: Split edge 0→5, new hidden node 8 (pool=11)
2026-08-15 02:11:41,485 [DEBUG] cnn_neat: Split edge 2→4, new hidden node 7 (pool=9)
2026-08-15 02:11:41,501 [DEBUG] cnn_neat: Split edge 2→5, new hidden node 7 (pool=13)
2026-08-15 02:11:41,506 [DEBUG] cnn_neat: Added edge 3→5 (from 6 candidates)
2026-08-15 02:11:41,517 [DEBUG] cnn_neat: Removed hidden node 6 (pool=5)
2026-08-15 02:11:41,526 [DEBUG] cnn_neat: Removed edge 3→4 (from 14 candidates)
2026-08-15 02:11:41,531 [DEBUG] cnn_neat: Removed 3 edges (requested 3)
2026-08-15 02:11:41,582 [DEBUG] cnn_neat: Split edge 2→4, new hidden node 8 (pool=11)
2026-08-15 02:11:41,604 [DEBUG] cnn_neat: Split edge 2→3, new hidden node 7 (pool=12)
2026-08-15 02:11:41,610 [DEBUG] cnn_neat: Split edge 2→5, new hidden node 7 (pool=10)
2026-08-15 02:11:41,797 [DEBUG] cnn_neat: Split edge 2→5, new hidden node 8 (pool=11)
2026-08-15 02:11:41,839 [DEBUG] cnn_neat: Added edge 7→1 (from 11 candidates)
2026-08-15 02:11:41,852 [DEBUG] cnn_neat: Removed hidden node 4 (pool=6)
2026-08-15 02:11:41,859 [DEBUG] cnn_neat: Removed edge 7→4 (from 14 candidates)
2026-08-15 02:11:41,872 [DEBUG] cnn_neat: Removed 3 edges (requested 3)
2026-08-15 02:11:41,880 [DEBUG] cnn_neat: Split edge 5→1, new hidden node 9 (pool=9)
2026-08-15 02:11:41,890 [DEBUG] cnn_neat: Split edge 3→4, new hidden node 8 (pool=11)
2026-08-15 02:11:41,895 [DEBUG] cnn_neat: Split edge 3→4, new hidden node 8 (pool=10)
2026-08-15 02:11:41,906 [DEBUG] cnn_neat: Split edge 2→5, new hidden node 8 (pool=10)
2026-08-15 02:11:41,913 [DEBUG] cnn_neat: Added edge 2→6 (from 14 candidates)
2026-08-15 02:11:41,927 [DEBUG] cnn_neat: Removed hidden node 2 (pool=6)
2026-08-15 02:11:41,934 [DEBUG] cnn_neat: Removed edge 0→2 (from 13 candidates)
2026-08-15 02:11:41,951 [DEBUG] cnn_neat: Removed 3 edges (requested 3)
2026-08-15 02:11:41,961 [DEBUG] cnn_neat: Split edge 3→4, new hidden node 9 (pool=8)
2026-08-15 02:11:41,968 [DEBUG] cnn_neat: Split edge 0→5, new hidden node 8 (pool=3)
2026-08-15 02:11:41,975 [DEBUG] cnn_neat: Split edge 2→5, new hidden node 8 (pool=4)
2026-08-15 02:11:41,989 [DEBUG] cnn_neat: Split edge 3→4, new hidden node 6 (pool=10)
2026-08-15 02:11:41,997 [DEBUG] cnn_neat: Added edge 3→5 (from 3 candidates)
2026-08-15 02:11:42,007 [DEBUG] cnn_neat: Removed hidden node 5 (pool=4)
2026-08-15 02:11:42,013 [DEBUG] cnn_neat: Removed edge 2→4 (from 11 candidates)
2026-08-15 02:11:42,027 [DEBUG] cnn_neat: Removed 3 edges (requested 3)
2026-08-15 02:11:42,031 [DEBUG] cnn_neat: Saved generation 13
2026-08-15 02:11:42,118 [DEBUG] cnn_neat: Selected 25 elite individuals
2026-08-15 02:11:42,119 [DEBUG] cnn_neat: Split edge 2→5, new hidden node 6 (pool=11)
2026-08-15 02:11:42,130 [DEBUG] cnn_neat: Split edge 2→1, new hidden node 5 (pool=7)
2026-08-15 02:11:42,164 [DEBUG] cnn_neat: Split edge 3→4, new hidden node 7 (pool=9)
2026-08-15 02:11:42,240 [DEBUG] cnn_neat: Added edge 6→5 (from 8 candidates)
2026-08-15 02:11:42,276 [DEBUG] cnn_neat: Removed hidden node 4 (pool=5)
2026-08-15 02:11:42,293 [DEBUG] cnn_neat: Removed edge 0→3 (from 13 candidates)
2026-08-15 02:11:42,320 [DEBUG] cnn_neat: Removed 3 edges (requested 3)
2026-08-15 02:11:42,333 [DEBUG] cnn_neat: Split edge 0→5, new hidden node 8 (pool=6)
2026-08-15 02:11:42,356 [DEBUG] cnn_neat: Split edge 2→5, new hidden node 8 (pool=10)
2026-08-15 02:11:42,369 [DEBUG] cnn_neat: Added edge 3→5 (from 8 candidates)
2026-08-15 02:11:42,382 [DEBUG] cnn_neat: Removed hidden node 2 (pool=5)
2026-08-15 02:11:42,391 [DEBUG] cnn_neat: Removed edge 0→5 (from 13 candidates)
2026-08-15 02:11:42,405 [DEBUG] cnn_neat: Removed 3 edges (requested 3)
2026-08-15 02:11:42,414 [DEBUG] cnn_neat: Split edge 2→3, new hidden node 9 (pool=8)
2026-08-15 02:11:42,423 [DEBUG] cnn_neat: Trimmed elite queue to 128 entries
2026-08-15 02:11:42,788 [DEBUG] cnn_neat: Split edge 0→5, new hidden node 7 (pool=12)
2026-08-15 02:11:42,789 [DEBUG] cnn_neat: Split edge 0→8, new hidden node 9 (pool=9)
2026-08-15 02:11:42,793 [DEBUG] cnn_neat: Added edge 3→5 (from 24 candidates)
2026-08-15 02:11:42,797 [DEBUG] cnn_neat: Removed hidden node 8 (pool=6)
2026-08-15 02:11:42,799 [DEBUG] cnn_neat: Split edge 0→3, new hidden node 8 (pool=4)
2026-08-15 02:11:42,802 [DEBUG] cnn_neat: Removed edge 2→6 (from 10 candidates)
2026-08-15 02:11:42,807 [DEBUG] cnn_neat: Removed 3 edges (requested 3)
2026-08-15 02:11:42,812 [DEBUG] cnn_neat: Crossover rejected: union topology invalid (edges=29 nodes=14)
2026-08-15 02:11:42,815 [DEBUG] cnn_neat: Split edge 0→2, new hidden node 9 (pool=9)
2026-08-15 02:11:42,819 [DEBUG] cnn_neat: Added edge 8→5 (from 24 candidates)
2026-08-15 02:11:42,821 [DEBUG] cnn_neat: Added edge 5→2 (from 22 candidates)
2026-08-15 02:11:42,824 [DEBUG] cnn_neat: Added edge 8→2 (from 13 candidates)
2026-08-15 02:11:42,828 [DEBUG] cnn_neat: Added edge 8→7 (from 12 candidates)
2026-08-15 02:11:42,832 [DEBUG] cnn_neat: Added edge 7→2 (from 10 candidates)
2026-08-15 02:11:42,835 [DEBUG] cnn_neat: Split edge 2→3, new hidden node 8 (pool=5)
2026-08-15 02:11:42,838 [DEBUG] cnn_neat: Added edge 4→7 (from 25 candidates)
2026-08-15 02:11:42,843 [DEBUG] cnn_neat: Removed hidden node 5 (pool=6)
2026-08-15 02:11:42,845 [DEBUG] cnn_neat: Removed edge 5→1 (from 7 candidates)
2026-08-15 02:11:42,847 [DEBUG] cnn_neat: Split edge 3→1, new hidden node 8 (pool=5)
2026-08-15 02:11:42,853 [DEBUG] cnn_neat: Removed 3 edges (requested 3)
2026-08-15 02:11:42,857 [DEBUG] cnn_neat: Crossover rejected: union topology invalid (edges=28 nodes=15)
2026-08-15 02:11:42,860 [DEBUG] cnn_neat: Split edge 0→6, new hidden node 8 (pool=5)
2026-08-15 02:11:42,863 [DEBUG] cnn_neat: Added edge 2→6 (from 25 candidates)
2026-08-15 02:11:42,866 [DEBUG] cnn_neat: Added edge 6→1 (from 23 candidates)
2026-08-15 02:11:42,869 [DEBUG] cnn_neat: Added edge 3→7 (from 22 candidates)
2026-08-15 02:11:42,872 [DEBUG] cnn_neat: Added edge 7→1 (from 17 candidates)
2026-08-15 02:11:42,877 [DEBUG] cnn_neat: Added edge 4→5 (from 16 candidates)
2026-08-15 02:11:42,880 [DEBUG] cnn_neat: Split edge 2→1, new hidden node 8 (pool=7)
2026-08-15 02:11:42,883 [DEBUG] cnn_neat: Added edge 6→7 (from 21 candidates)
2026-08-15 02:11:42,888 [DEBUG] cnn_neat: Removed hidden node 5 (pool=6)
2026-08-15 02:11:42,891 [DEBUG] cnn_neat: Removed edge 0→6 (from 9 candidates)
2026-08-15 02:11:42,897 [DEBUG] cnn_neat: Removed 3 edges (requested 3)
2026-08-15 02:11:42,901 [DEBUG] cnn_neat: Crossover rejected: union topology invalid (edges=27 nodes=14)
2026-08-15 02:11:42,903 [DEBUG] cnn_neat: Split edge 2→3, new hidden node 8 (pool=7)
2026-08-15 02:11:42,907 [DEBUG] cnn_neat: Added edge 6→1 (from 21 candidates)
2026-08-15 02:11:42,910 [DEBUG] cnn_neat: Added edge 4→5 (from 20 candidates)
2026-08-15 02:11:42,914 [DEBUG] cnn_neat: Added edge 3→5 (from 16 candidates)
2026-08-15 02:11:42,918 [DEBUG] cnn_neat: Added edge 2→7 (from 15 candidates)
2026-08-15 02:11:42,922 [DEBUG] cnn_neat: Added edge 7→3 (from 13 candidates)
2026-08-15 02:11:42,925 [DEBUG] cnn_neat: Split edge 0→8, new hidden node 9 (pool=5)
2026-08-15 02:11:42,927 [DEBUG] cnn_neat: Added edge 2→5 (from 27 candidates)
2026-08-15 02:11:42,931 [DEBUG] cnn_neat: Removed hidden node 2 (pool=6)
2026-08-15 02:11:42,933 [DEBUG] cnn_neat: Removed edge 2→3 (from 6 candidates)
2026-08-15 02:11:42,938 [DEBUG] cnn_neat: Removed 3 edges (requested 3)
2026-08-15 02:11:42,941 [DEBUG] cnn_neat: Crossover rejected: union topology invalid (edges=27 nodes=14)
2026-08-15 02:11:42,944 [DEBUG] cnn_neat: Split edge 0→3, new hidden node 9 (pool=5)
2026-08-15 02:11:42,946 [DEBUG] cnn_neat: Added edge 7→2 (from 27 candidates)
2026-08-15 02:11:42,949 [DEBUG] cnn_neat: Added edge 5→2 (from 23 candidates)
2026-08-15 02:11:42,952 [DEBUG] cnn_neat: Added edge 7→6 (from 19 candidates)
2026-08-15 02:11:42,955 [DEBUG] cnn_neat: Added edge 6→3 (from 18 candidates)
2026-08-15 02:11:42,958 [DEBUG] cnn_neat: Added edge 6→8 (from 16 candidates)
2026-08-15 02:11:42,962 [DEBUG] cnn_neat: Split edge 2→4, new hidden node 8 (pool=6)
2026-08-15 02:11:42,966 [DEBUG] cnn_neat: Added edge 6→1 (from 23 candidates)
2026-08-15 02:11:42,970 [DEBUG] cnn_neat: Removed hidden node 2 (pool=6)
2026-08-15 02:11:42,974 [DEBUG] cnn_neat: Removed edge 3→1 (from 13 candidates)
2026-08-15 02:11:42,977 [DEBUG] cnn_neat: Removed 3 edges (requested 3)
2026-08-15 02:11:42,983 [DEBUG] cnn_neat: Crossover rejected: union topology invalid (edges=29 nodes=15)
2026-08-15 02:11:42,986 [DEBUG] cnn_neat: Split edge 3→1, new hidden node 8 (pool=6)
2026-08-15 02:11:42,990 [DEBUG] cnn_neat: Added edge 7→1 (from 23 candidates)
2026-08-15 02:11:42,994 [DEBUG] cnn_neat: Added edge 3→5 (from 22 candidates)
2026-08-15 02:11:42,997 [DEBUG] cnn_neat: Added edge 6→7 (from 19 candidates)
2026-08-15 02:11:43,002 [DEBUG] cnn_neat: Added edge 0→4 (from 15 candidates)
2026-08-15 02:11:43,006 [DEBUG] cnn_neat: Added edge 4→7 (from 12 candidates)
2026-08-15 02:11:43,009 [DEBUG] cnn_neat: Split edge 0→6, new hidden node 8 (pool=10)
2026-08-15 02:11:43,013 [DEBUG] cnn_neat: Added edge 7→3 (from 20 candidates)
2026-08-15 02:11:43,019 [DEBUG] cnn_neat: Removed hidden node 5 (pool=6)
2026-08-15 02:11:43,023 [DEBUG] cnn_neat: Split edge 0→6, new hidden node 8 (pool=11)
2026-08-15 02:11:43,027 [DEBUG] cnn_neat: Removed edge 4→1 (from 12 candidates)
2026-08-15 02:11:43,032 [DEBUG] cnn_neat: Removed 3 edges (requested 3)
2026-08-15 02:11:43,037 [DEBUG] cnn_neat: Crossover rejected: union topology invalid (edges=31 nodes=14)
2026-08-15 02:11:43,040 [DEBUG] cnn_neat: Split edge 0→2, new hidden node 8 (pool=10)
2026-08-15 02:11:43,045 [DEBUG] cnn_neat: Added edge 7→3 (from 20 candidates)
2026-08-15 02:11:43,048 [DEBUG] cnn_neat: Added edge 2→7 (from 17 candidates)
2026-08-15 02:11:43,051 [DEBUG] cnn_neat: Added edge 7→4 (from 14 candidates)
2026-08-15 02:11:43,056 [DEBUG] cnn_neat: Added edge 7→6 (from 13 candidates)
2026-08-15 02:11:43,060 [DEBUG] cnn_neat: Added edge 2→5 (from 11 candidates)
2026-08-15 02:11:43,063 [DEBUG] cnn_neat: Split edge 0→3, new hidden node 8 (pool=7)
2026-08-15 02:11:43,066 [DEBUG] cnn_neat: Added edge 0→5 (from 11 candidates)
2026-08-15 02:11:43,071 [DEBUG] cnn_neat: Removed hidden node 5 (pool=5)
2026-08-15 02:11:43,075 [DEBUG] cnn_neat: Removed edge 0→2 (from 10 candidates)
2026-08-15 02:11:43,080 [DEBUG] cnn_neat: Removed 3 edges (requested 3)
2026-08-15 02:11:43,084 [DEBUG] cnn_neat: Crossover rejected: union topology invalid (edges=29 nodes=13)
2026-08-15 02:11:43,088 [DEBUG] cnn_neat: Split edge 2→4, new hidden node 8 (pool=7)
2026-08-15 02:11:43,091 [DEBUG] cnn_neat: Added edge 7→2 (from 11 candidates)
2026-08-15 02:11:43,093 [DEBUG] cnn_neat: Added edge 7→1 (from 7 candidates)
2026-08-15 02:11:43,098 [DEBUG] cnn_neat: Added edge 0→4 (from 6 candidates)
2026-08-15 02:11:43,101 [DEBUG] cnn_neat: Added edge 7→4 (from 4 candidates)
2026-08-15 02:11:43,104 [DEBUG] cnn_neat: Added edge 2→5 (from 3 candidates)
2026-08-15 02:11:43,108 [DEBUG] cnn_neat: Split edge 2→3, new hidden node 8 (pool=6)
2026-08-15 02:11:43,112 [DEBUG] cnn_neat: Added edge 0→5 (from 17 candidates)
2026-08-15 02:11:43,119 [DEBUG] cnn_neat: Removed hidden node 5 (pool=6)
2026-08-15 02:11:43,123 [DEBUG] cnn_neat: Removed edge 2→3 (from 13 candidates)
2026-08-15 02:11:43,208 [DEBUG] cnn_neat: Split edge 0→3, new hidden node 9 (pool=9)
2026-08-15 02:11:43,315 [DEBUG] cnn_neat: Added edge 6→3 (from 24 candidates)
2026-08-15 02:11:43,367 [DEBUG] cnn_neat: Removed hidden node 7 (pool=6)
2026-08-15 02:11:43,373 [DEBUG] cnn_neat: Removed edge 0→8 (from 10 candidates)
2026-08-15 02:11:43,386 [DEBUG] cnn_neat: Removed 3 edges (requested 3)
2026-08-15 02:11:43,395 [DEBUG] cnn_neat: Split edge 2→3, new hidden node 10 (pool=9)
2026-08-15 02:11:43,408 [DEBUG] cnn_neat: Split edge 2→1, new hidden node 8 (pool=6)
2026-08-15 02:11:43,417 [DEBUG] cnn_neat: Added edge 6→3 (from 23 candidates)
2026-08-15 02:11:43,432 [DEBUG] cnn_neat: Removed hidden node 6 (pool=6)
2026-08-15 02:11:43,440 [DEBUG] cnn_neat: Removed edge 2→3 (from 8 candidates)
2026-08-15 02:11:43,454 [DEBUG] cnn_neat: Removed 3 edges (requested 3)
2026-08-15 02:11:43,464 [DEBUG] cnn_neat: Split edge 2→3, new hidden node 8 (pool=7)
2026-08-15 02:11:43,472 [DEBUG] cnn_neat: Split edge 2→1, new hidden node 8 (pool=4)
2026-08-15 02:11:43,477 [DEBUG] cnn_neat: Split edge 2→6, new hidden node 8 (pool=5)
2026-08-15 02:11:43,490 [DEBUG] cnn_neat: Split edge 2→1, new hidden node 8 (pool=6)
2026-08-15 02:11:43,498 [DEBUG] cnn_neat: Added edge 4→5 (from 20 candidates)
2026-08-15 02:11:43,839 [DEBUG] cnn_neat: Removed hidden node 5 (pool=6)
2026-08-15 02:11:43,867 [DEBUG] cnn_neat: Split edge 2→3, new hidden node 8 (pool=5)
2026-08-15 02:11:43,890 [DEBUG] cnn_neat: Added edge 4→6 (from 25 candidates)
2026-08-15 02:11:43,927 [DEBUG] cnn_neat: Removed hidden node 2 (pool=6)
2026-08-15 02:11:43,951 [DEBUG] cnn_neat: Removed edge 3→1 (from 7 candidates)
2026-08-15 02:11:43,976 [DEBUG] cnn_neat: Removed 3 edges (requested 3)
2026-08-15 02:11:43,994 [DEBUG] cnn_neat: Split edge 2→1, new hidden node 8 (pool=5)
2026-08-15 02:11:44,008 [DEBUG] cnn_neat: Split edge 2→3, new hidden node 8 (pool=4)
2026-08-15 02:11:44,063 [DEBUG] cnn_neat: Split edge 7→5, new hidden node 8 (pool=8)
2026-08-15 02:11:44,074 [DEBUG] cnn_neat: Split edge 3→6, new hidden node 8 (pool=7)
2026-08-15 02:11:44,087 [DEBUG] cnn_neat: Added edge 2→4 (from 21 candidates)
2026-08-15 02:11:44,108 [DEBUG] cnn_neat: Removed hidden node 6 (pool=6)
2026-08-15 02:11:44,124 [DEBUG] cnn_neat: Removed edge 5→1 (from 9 candidates)
2026-08-15 02:11:44,133 [DEBUG] cnn_neat: Removed 3 edges (requested 3)
2026-08-15 02:11:44,139 [DEBUG] cnn_neat: Split edge 0→6, new hidden node 9 (pool=6)
2026-08-15 02:11:44,146 [DEBUG] cnn_neat: Split edge 3→4, new hidden node 8 (pool=10)
2026-08-15 02:11:44,156 [DEBUG] cnn_neat: Split edge 3→1, new hidden node 8 (pool=7)
2026-08-15 02:11:44,162 [DEBUG] cnn_neat: Added edge 6→7 (from 16 candidates)
2026-08-15 02:11:44,170 [DEBUG] cnn_neat: Removed hidden node 5 (pool=5)
2026-08-15 02:11:44,175 [DEBUG] cnn_neat: Removed edge 2→6 (from 8 candidates)
2026-08-15 02:11:44,183 [DEBUG] cnn_neat: Removed 3 edges (requested 3)
2026-08-15 02:11:44,189 [DEBUG] cnn_neat: Split edge 2→1, new hidden node 8 (pool=8)
2026-08-15 02:11:44,194 [DEBUG] cnn_neat: Split edge 2→1, new hidden node 8 (pool=6)
2026-08-15 02:11:44,197 [DEBUG] cnn_neat: Split edge 0→6, new hidden node 8 (pool=6)
2026-08-15 02:11:44,207 [DEBUG] cnn_neat: Split edge 2→6, new hidden node 9 (pool=8)
2026-08-15 02:11:44,212 [DEBUG] cnn_neat: Added edge 8→5 (from 25 candidates)
2026-08-15 02:11:44,223 [DEBUG] cnn_neat: Removed hidden node 8 (pool=6)
2026-08-15 02:11:44,227 [DEBUG] cnn_neat: Removed edge 2→1 (from 9 candidates)
2026-08-15 02:11:44,235 [DEBUG] cnn_neat: Removed 3 edges (requested 3)
2026-08-15 02:11:44,241 [DEBUG] cnn_neat: Split edge 2→3, new hidden node 10 (pool=4)
2026-08-15 02:11:44,247 [DEBUG] cnn_neat: Split edge 0→3, new hidden node 9 (pool=11)
2026-08-15 02:11:44,256 [DEBUG] cnn_neat: Split edge 2→1, new hidden node 9 (pool=5)
2026-08-15 02:11:44,262 [DEBUG] cnn_neat: Added edge 6→3 (from 27 candidates)
2026-08-15 02:11:44,271 [DEBUG] cnn_neat: Removed hidden node 5 (pool=6)
2026-08-15 02:11:44,276 [DEBUG] cnn_neat: Removed edge 2→3 (from 6 candidates)
2026-08-15 02:11:44,285 [DEBUG] cnn_neat: Removed 3 edges (requested 3)
2026-08-15 02:11:44,291 [DEBUG] cnn_neat: Split edge 2→3, new hidden node 10 (pool=4)
2026-08-15 02:11:44,297 [DEBUG] cnn_neat: Split edge 2→3, new hidden node 9 (pool=5)
2026-08-15 02:11:44,308 [DEBUG] cnn_neat: Split edge 2→1, new hidden node 8 (pool=6)
2026-08-15 02:11:44,316 [DEBUG] cnn_neat: Added edge 6→1 (from 23 candidates)
2026-08-15 02:11:44,328 [DEBUG] cnn_neat: Removed hidden node 3 (pool=6)
2026-08-15 02:11:44,334 [DEBUG] cnn_neat: Removed edge 0→3 (from 13 candidates)
2026-08-15 02:11:44,346 [DEBUG] cnn_neat: Removed 3 edges (requested 3)
2026-08-15 02:11:44,356 [DEBUG] cnn_neat: Split edge 2→1, new hidden node 8 (pool=2)
2026-08-15 02:11:44,362 [DEBUG] cnn_neat: Split edge 0→2, new hidden node 8 (pool=1)
2026-08-15 02:11:44,374 [DEBUG] cnn_neat: Split edge 2→4, new hidden node 8 (pool=10)
2026-08-15 02:11:44,385 [DEBUG] cnn_neat: Added edge 5→6 (from 20 candidates)
2026-08-15 02:11:44,398 [DEBUG] cnn_neat: Removed hidden node 4 (pool=6)
2026-08-15 02:11:44,405 [DEBUG] cnn_neat: Removed edge 6→4 (from 12 candidates)
2026-08-15 02:11:44,418 [DEBUG] cnn_neat: Removed 3 edges (requested 3)
2026-08-15 02:11:44,426 [DEBUG] cnn_neat: Split edge 3→4, new hidden node 9 (pool=8)
2026-08-15 02:11:44,433 [DEBUG] cnn_neat: Split edge 3→1, new hidden node 8 (pool=10)
2026-08-15 02:11:44,440 [DEBUG] cnn_neat: Split edge 3→1, new hidden node 8 (pool=9)
2026-08-15 02:11:44,519 [DEBUG] cnn_neat: Split edge 2→1, new hidden node 8 (pool=7)
2026-08-15 02:11:44,522 [DEBUG] cnn_neat: Added edge 2→7 (from 11 candidates)
2026-08-15 02:11:44,550 [DEBUG] cnn_neat: Removed hidden node 4 (pool=5)
2026-08-15 02:11:44,558 [DEBUG] cnn_neat: Removed edge 3→4 (from 10 candidates)
2026-08-15 02:11:44,583 [DEBUG] cnn_neat: Removed 3 edges (requested 3)
2026-08-15 02:11:44,594 [DEBUG] cnn_neat: Split edge 3→1, new hidden node 9 (pool=5)
2026-08-15 02:11:44,613 [DEBUG] cnn_neat: Split edge 0→6, new hidden node 8 (pool=10)
2026-08-15 02:11:44,623 [DEBUG] cnn_neat: Added edge 6→1 (from 15 candidates)
2026-08-15 02:11:44,646 [DEBUG] cnn_neat: Removed hidden node 3 (pool=6)
2026-08-15 02:11:44,657 [DEBUG] cnn_neat: Removed edge 0→6 (from 13 candidates)
2026-08-15 02:11:44,854 [DEBUG] cnn_neat: Removed 3 edges (requested 3)
2026-08-15 02:11:44,868 [DEBUG] cnn_neat: Split edge 0→8, new hidden node 9 (pool=10)
2026-08-15 02:11:44,881 [DEBUG] cnn_neat: Split edge 2→4, new hidden node 8 (pool=11)
2026-08-15 02:11:44,902 [DEBUG] cnn_neat: Split edge 2→3, new hidden node 8 (pool=6)
2026-08-15 02:11:44,916 [DEBUG] cnn_neat: Added edge 7→4 (from 18 candidates)
2026-08-15 02:11:44,945 [DEBUG] cnn_neat: Removed hidden node 4 (pool=6)
2026-08-15 02:11:44,958 [DEBUG] cnn_neat: Removed edge 5→1 (from 12 candidates)
2026-08-15 02:11:44,981 [DEBUG] cnn_neat: Removed 3 edges (requested 3)
2026-08-15 02:11:44,998 [DEBUG] cnn_neat: Split edge 0→3, new hidden node 8 (pool=7)
2026-08-15 02:11:45,186 [DEBUG] cnn_neat: Split edge 0→3, new hidden node 8 (pool=6)
2026-08-15 02:11:45,195 [DEBUG] cnn_neat: Split edge 3→1, new hidden node 8 (pool=2)
2026-08-15 02:11:45,216 [DEBUG] cnn_neat: Split edge 2→1, new hidden node 8 (pool=6)
2026-08-15 02:11:45,228 [DEBUG] cnn_neat: Added edge 0→4 (from 17 candidates)
2026-08-15 02:11:45,256 [DEBUG] cnn_neat: Removed hidden node 4 (pool=6)
2026-08-15 02:11:45,266 [DEBUG] cnn_neat: Removed edge 4→5 (from 13 candidates)
2026-08-15 02:11:45,282 [DEBUG] cnn_neat: Removed 3 edges (requested 3)
2026-08-15 02:11:45,304 [DEBUG] cnn_neat: Split edge 4→1, new hidden node 8 (pool=11)
2026-08-15 02:11:45,307 [DEBUG] cnn_neat: Split edge 3→1, new hidden node 8 (pool=4)
2026-08-15 02:11:45,322 [DEBUG] cnn_neat: Split edge 2→1, new hidden node 7 (pool=6)
2026-08-15 02:11:45,332 [DEBUG] cnn_neat: Added edge 3→5 (from 7 candidates)
2026-08-15 02:11:45,336 [DEBUG] cnn_neat: Removed hidden node 3 (pool=5)
2026-08-15 02:11:45,340 [DEBUG] cnn_neat: Removed edge 0→5 (from 10 candidates)
2026-08-15 02:11:45,351 [DEBUG] cnn_neat: Removed 3 edges (requested 3)
2026-08-15 02:11:45,364 [DEBUG] cnn_neat: Split edge 5→1, new hidden node 8 (pool=5)
2026-08-15 02:11:45,377 [DEBUG] cnn_neat: Split edge 3→1, new hidden node 7 (pool=7)
2026-08-15 02:11:45,564 [DEBUG] cnn_neat: Split edge 3→1, new hidden node 7 (pool=3)
2026-08-15 02:11:45,589 [DEBUG] cnn_neat: Split edge 0→3, new hidden node 8 (pool=13)
2026-08-15 02:11:45,605 [DEBUG] cnn_neat: Added edge 6→5 (from 12 candidates)
2026-08-15 02:11:45,621 [DEBUG] cnn_neat: Removed hidden node 6 (pool=6)
2026-08-15 02:11:45,630 [DEBUG] cnn_neat: Removed edge 0→7 (from 16 candidates)
2026-08-15 02:11:45,653 [DEBUG] cnn_neat: Removed 3 edges (requested 3)
2026-08-15 02:11:45,669 [DEBUG] cnn_neat: Split edge 2→3, new hidden node 9 (pool=10)
2026-08-15 02:11:45,681 [DEBUG] cnn_neat: Split edge 0→7, new hidden node 8 (pool=13)
2026-08-15 02:11:45,707 [DEBUG] cnn_neat: Split edge 3→4, new hidden node 9 (pool=9)
2026-08-15 02:11:45,718 [DEBUG] cnn_neat: Added edge 8→3 (from 20 candidates)
2026-08-15 02:11:45,919 [DEBUG] cnn_neat: Removed hidden node 3 (pool=7)
2026-08-15 02:11:45,936 [DEBUG] cnn_neat: Removed edge 2→3 (from 13 candidates)
2026-08-15 02:11:45,960 [DEBUG] cnn_neat: Removed 3 edges (requested 3)
2026-08-15 02:11:45,972 [DEBUG] cnn_neat: Split edge 0→5, new hidden node 9 (pool=9)
2026-08-15 02:11:45,985 [DEBUG] cnn_neat: Split edge 2→6, new hidden node 8 (pool=14)
2026-08-15 02:11:45,996 [DEBUG] cnn_neat: Added edge 2→7 (from 9 candidates)
2026-08-15 02:11:46,048 [DEBUG] cnn_neat: Removed hidden node 5 (pool=6)
2026-08-15 02:11:46,069 [DEBUG] cnn_neat: Removed edge 0→5 (from 17 candidates)
2026-08-15 02:11:46,195 [DEBUG] cnn_neat: Removed 3 edges (requested 3)
2026-08-15 02:11:46,201 [DEBUG] cnn_neat: Split edge 0→5, new hidden node 9 (pool=12)
2026-08-15 02:11:46,205 [DEBUG] cnn_neat: Split edge 6→7, new hidden node 8 (pool=11)
2026-08-15 02:11:46,215 [DEBUG] cnn_neat: Split edge 0→3, new hidden node 8 (pool=10)
2026-08-15 02:11:46,228 [DEBUG] cnn_neat: Added edge 2→7 (from 14 candidates)
2026-08-15 02:11:46,454 [DEBUG] cnn_neat: Removed hidden node 2 (pool=6)
2026-08-15 02:11:46,461 [DEBUG] cnn_neat: Removed edge 4→1 (from 13 candidates)
2026-08-15 02:11:46,473 [DEBUG] cnn_neat: Removed 3 edges (requested 3)
2026-08-15 02:11:46,481 [DEBUG] cnn_neat: Split edge 2→1, new hidden node 9 (pool=7)
2026-08-15 02:11:46,489 [DEBUG] cnn_neat: Split edge 2→5, new hidden node 8 (pool=11)
2026-08-15 02:11:46,499 [DEBUG] cnn_neat: Split edge 3→1, new hidden node 8 (pool=13)
2026-08-15 02:11:46,508 [DEBUG] cnn_neat: Added edge 3→6 (from 11 candidates)
2026-08-15 02:11:46,521 [DEBUG] cnn_neat: Removed hidden node 3 (pool=6)
2026-08-15 02:11:46,528 [DEBUG] cnn_neat: Removed edge 3→7 (from 16 candidates)
2026-08-15 02:11:46,540 [DEBUG] cnn_neat: Removed 3 edges (requested 3)
2026-08-15 02:11:46,548 [DEBUG] cnn_neat: Split edge 3→4, new hidden node 9 (pool=11)
2026-08-15 02:11:46,553 [DEBUG] cnn_neat: Split edge 2→5, new hidden node 8 (pool=9)
2026-08-15 02:11:46,559 [DEBUG] cnn_neat: Added edge 8→6 (from 21 candidates)
2026-08-15 02:11:46,565 [DEBUG] cnn_neat: Added edge 7→1 (from 22 candidates)
2026-08-15 02:11:46,577 [DEBUG] cnn_neat: Split edge 0→5, new hidden node 8 (pool=14)
2026-08-15 02:11:46,584 [DEBUG] cnn_neat: Added edge 6→5 (from 10 candidates)
2026-08-15 02:11:46,597 [DEBUG] cnn_neat: Removed hidden node 6 (pool=6)
2026-08-15 02:11:46,605 [DEBUG] cnn_neat: Removed edge 4→5 (from 17 candidates)
2026-08-15 02:11:46,617 [DEBUG] cnn_neat: Removed 3 edges (requested 3)
2026-08-15 02:11:46,625 [DEBUG] cnn_neat: Split edge 3→1, new hidden node 9 (pool=14)
2026-08-15 02:11:46,638 [DEBUG] cnn_neat: Split edge 0→5, new hidden node 8 (pool=10)
2026-08-15 02:11:46,645 [DEBUG] cnn_neat: Added edge 4→1 (from 15 candidates)
2026-08-15 02:11:46,655 [DEBUG] cnn_neat: Removed hidden node 6 (pool=6)
2026-08-15 02:11:46,660 [DEBUG] cnn_neat: Removed edge 4→5 (from 12 candidates)
2026-08-15 02:11:46,668 [DEBUG] cnn_neat: Removed 3 edges (requested 3)
2026-08-15 02:11:46,674 [DEBUG] cnn_neat: Split edge 2→3, new hidden node 9 (pool=10)
2026-08-15 02:11:46,680 [DEBUG] cnn_neat: Split edge 0→3, new hidden node 8 (pool=10)
2026-08-15 02:11:46,691 [DEBUG] cnn_neat: Split edge 3→1, new hidden node 9 (pool=9)
2026-08-15 02:11:46,695 [DEBUG] cnn_neat: Saved generation 14
2026-08-15 02:11:46,777 [DEBUG] cnn_neat: Selected 25 elite individuals
2026-08-15 02:11:46,788 [DEBUG] cnn_neat: Added edge 7→4 (from 25 candidates)
2026-08-15 02:11:46,883 [DEBUG] cnn_neat: Removed hidden node 3 (pool=7)
2026-08-15 02:11:46,905 [DEBUG] cnn_neat: Removed edge 5→1 (from 12 candidates)
2026-08-15 02:11:46,947 [DEBUG] cnn_neat: Removed 3 edges (requested 3)
2026-08-15 02:11:46,971 [DEBUG] cnn_neat: Split edge 2→4, new hidden node 9 (pool=10)
2026-08-15 02:11:46,998 [DEBUG] cnn_neat: Split edge 2→5, new hidden node 8 (pool=14)
2026-08-15 02:11:47,011 [DEBUG] cnn_neat: Added edge 2→7 (from 8 candidates)
2026-08-15 02:11:47,031 [DEBUG] cnn_neat: Removed hidden node 5 (pool=6)
2026-08-15 02:11:47,042 [DEBUG] cnn_neat: Removed edge 4→5 (from 17 candidates)
2026-08-15 02:11:47,055 [DEBUG] cnn_neat: Trimmed elite queue to 128 entries
2026-08-15 02:11:47,441 [DEBUG] cnn_neat: Removed 3 edges (requested 3)
2026-08-15 02:11:47,442 [DEBUG] cnn_neat: Split edge 2→1, new hidden node 9 (pool=6)
2026-08-15 02:11:47,445 [DEBUG] cnn_neat: Added edge 5→8 (from 26 candidates)
2026-08-15 02:11:47,450 [DEBUG] cnn_neat: Removed hidden node 6 (pool=6)
2026-08-15 02:11:47,454 [DEBUG] cnn_neat: Removed edge 2→3 (from 7 candidates)
2026-08-15 02:11:47,459 [DEBUG] cnn_neat: Removed 3 edges (requested 3)
2026-08-15 02:11:47,463 [DEBUG] cnn_neat: Crossover rejected: union topology invalid (edges=23 nodes=13)
2026-08-15 02:11:47,465 [DEBUG] cnn_neat: Split edge 0→2, new hidden node 9 (pool=6)
2026-08-15 02:11:47,469 [DEBUG] cnn_neat: Added edge 5→2 (from 26 candidates)
2026-08-15 02:11:47,472 [DEBUG] cnn_neat: Added edge 7→2 (from 21 candidates)
2026-08-15 02:11:47,475 [DEBUG] cnn_neat: Added edge 6→7 (from 20 candidates)
2026-08-15 02:11:47,479 [DEBUG] cnn_neat: Added edge 8→2 (from 11 candidates)
2026-08-15 02:11:47,482 [DEBUG] cnn_neat: Added edge 6→2 (from 10 candidates)
2026-08-15 02:11:47,486 [DEBUG] cnn_neat: Split edge 2→3, new hidden node 10 (pool=4)
2026-08-15 02:11:47,490 [DEBUG] cnn_neat: Added edge 5→2 (from 34 candidates)
2026-08-15 02:11:47,495 [DEBUG] cnn_neat: Removed hidden node 3 (pool=7)
2026-08-15 02:11:47,498 [DEBUG] cnn_neat: Removed edge 0→3 (from 7 candidates)
2026-08-15 02:11:47,503 [DEBUG] cnn_neat: Removed 3 edges (requested 3)
2026-08-15 02:11:47,507 [DEBUG] cnn_neat: Crossover rejected: union topology invalid (edges=22 nodes=14)
2026-08-15 02:11:47,510 [DEBUG] cnn_neat: Split edge 2→3, new hidden node 10 (pool=4)
2026-08-15 02:11:47,514 [DEBUG] cnn_neat: Added edge 2→5 (from 46 candidates)
2026-08-15 02:11:47,517 [DEBUG] cnn_neat: Added edge 8→2 (from 34 candidates)
2026-08-15 02:11:47,521 [DEBUG] cnn_neat: Added edge 9→5 (from 29 candidates)
2026-08-15 02:11:47,524 [DEBUG] cnn_neat: Added edge 7→3 (from 27 candidates)
2026-08-15 02:11:47,529 [DEBUG] cnn_neat: Added edge 2→5 (from 25 candidates)
2026-08-15 02:11:47,532 [DEBUG] cnn_neat: Added edge 3→5 (from 22 candidates)
2026-08-15 02:11:47,536 [DEBUG] cnn_neat: Split edge 3→1, new hidden node 9 (pool=4)
2026-08-15 02:11:47,538 [DEBUG] cnn_neat: Added edge 2→6 (from 36 candidates)
2026-08-15 02:11:47,543 [DEBUG] cnn_neat: Removed hidden node 4 (pool=7)
2026-08-15 02:11:47,546 [DEBUG] cnn_neat: Removed edge 2→3 (from 6 candidates)
2026-08-15 02:11:47,551 [DEBUG] cnn_neat: Removed 3 edges (requested 3)
2026-08-15 02:11:47,555 [DEBUG] cnn_neat: Crossover rejected: union topology invalid (edges=21 nodes=14)
2026-08-15 02:11:47,557 [DEBUG] cnn_neat: Split edge 2→3, new hidden node 9 (pool=4)
2026-08-15 02:11:47,560 [DEBUG] cnn_neat: Added edge 2→4 (from 36 candidates)
2026-08-15 02:11:47,564 [DEBUG] cnn_neat: Added edge 3→7 (from 35 candidates)
2026-08-15 02:11:47,567 [DEBUG] cnn_neat: Added edge 7→6 (from 30 candidates)
2026-08-15 02:11:47,571 [DEBUG] cnn_neat: Added edge 6→1 (from 26 candidates)
2026-08-15 02:11:47,576 [DEBUG] cnn_neat: Added edge 4→7 (from 25 candidates)
2026-08-15 02:11:47,579 [DEBUG] cnn_neat: Split edge 2→6, new hidden node 8 (pool=6)
2026-08-15 02:11:47,582 [DEBUG] cnn_neat: Added edge 7→3 (from 24 candidates)
2026-08-15 02:11:47,587 [DEBUG] cnn_neat: Removed hidden node 3 (pool=6)
2026-08-15 02:11:47,589 [DEBUG] cnn_neat: Removed edge 0→7 (from 11 candidates)
2026-08-15 02:11:47,594 [DEBUG] cnn_neat: Removed 3 edges (requested 3)
2026-08-15 02:11:47,597 [DEBUG] cnn_neat: Crossover rejected: union topology invalid (edges=22 nodes=14)
2026-08-15 02:11:47,600 [DEBUG] cnn_neat: Split edge 3→6, new hidden node 8 (pool=6)
2026-08-15 02:11:47,604 [DEBUG] cnn_neat: Added edge 7→3 (from 24 candidates)
2026-08-15 02:11:47,607 [DEBUG] cnn_neat: Added edge 5→3 (from 20 candidates)
2026-08-15 02:11:47,609 [DEBUG] cnn_neat: Added edge 2→4 (from 16 candidates)
2026-08-15 02:11:47,612 [DEBUG] cnn_neat: Added edge 5→4 (from 15 candidates)
2026-08-15 02:11:47,616 [DEBUG] cnn_neat: Added edge 6→1 (from 14 candidates)
2026-08-15 02:11:47,619 [DEBUG] cnn_neat: Split edge 2→1, new hidden node 9 (pool=4)
2026-08-15 02:11:47,623 [DEBUG] cnn_neat: Added edge 8→7 (from 33 candidates)
2026-08-15 02:11:47,628 [DEBUG] cnn_neat: Removed hidden node 5 (pool=7)
2026-08-15 02:11:47,630 [DEBUG] cnn_neat: Removed edge 4→1 (from 6 candidates)
2026-08-15 02:11:47,635 [DEBUG] cnn_neat: Removed 3 edges (requested 3)
2026-08-15 02:11:47,639 [DEBUG] cnn_neat: Crossover rejected: union topology invalid (edges=25 nodes=15)
2026-08-15 02:11:47,642 [DEBUG] cnn_neat: Split edge 0→6, new hidden node 9 (pool=4)
2026-08-15 02:11:47,645 [DEBUG] cnn_neat: Added edge 4→9 (from 46 candidates)
2026-08-15 02:11:47,648 [DEBUG] cnn_neat: Added edge 3→6 (from 33 candidates)
2026-08-15 02:11:47,651 [DEBUG] cnn_neat: Added edge 6→7 (from 31 candidates)
2026-08-15 02:11:47,655 [DEBUG] cnn_neat: Added edge 6→1 (from 22 candidates)
2026-08-15 02:11:47,659 [DEBUG] cnn_neat: Added edge 3→7 (from 21 candidates)
2026-08-15 02:11:47,664 [DEBUG] cnn_neat: Added edge 4→5 (from 20 candidates)
2026-08-15 02:11:47,667 [DEBUG] cnn_neat: Split edge 3→6, new hidden node 8 (pool=7)
2026-08-15 02:11:47,669 [DEBUG] cnn_neat: Split edge 3→1, new hidden node 9 (pool=6)
2026-08-15 02:11:47,672 [DEBUG] cnn_neat: Added edge 4→5 (from 18 candidates)
2026-08-15 02:11:47,677 [DEBUG] cnn_neat: Removed hidden node 5 (pool=6)
2026-08-15 02:11:47,679 [DEBUG] cnn_neat: Split edge 2→6, new hidden node 8 (pool=8)
2026-08-15 02:11:47,682 [DEBUG] cnn_neat: Removed edge 2→3 (from 10 candidates)
2026-08-15 02:11:47,688 [DEBUG] cnn_neat: Removed 3 edges (requested 3)
2026-08-15 02:11:47,692 [DEBUG] cnn_neat: Crossover rejected: union topology invalid (edges=26 nodes=13)
2026-08-15 02:11:47,694 [DEBUG] cnn_neat: Split edge 2→3, new hidden node 8 (pool=7)
2026-08-15 02:11:47,697 [DEBUG] cnn_neat: Added edge 2→4 (from 18 candidates)
2026-08-15 02:11:47,700 [DEBUG] cnn_neat: Added edge 7→4 (from 17 candidates)
2026-08-15 02:11:47,703 [DEBUG] cnn_neat: Added edge 2→7 (from 15 candidates)
2026-08-15 02:11:47,707 [DEBUG] cnn_neat: Added edge 3→5 (from 12 candidates)
2026-08-15 02:11:47,710 [DEBUG] cnn_neat: Added edge 4→6 (from 10 candidates)
2026-08-15 02:11:47,716 [DEBUG] cnn_neat: Added edge 3→5 (from 46 candidates)
2026-08-15 02:11:47,720 [DEBUG] cnn_neat: Added edge 5→2 (from 46 candidates)
2026-08-15 02:11:47,728 [DEBUG] cnn_neat: Removed hidden node 5 (pool=8)
2026-08-15 02:11:47,730 [DEBUG] cnn_neat: Removed edge 4→1 (from 6 candidates)
2026-08-15 02:11:47,735 [DEBUG] cnn_neat: Removed 3 edges (requested 3)
2026-08-15 02:11:47,740 [DEBUG] cnn_neat: Crossover rejected: union topology invalid (edges=29 nodes=17)
2026-08-15 02:11:47,744 [DEBUG] cnn_neat: Added edge 5→9 (from 46 candidates)
2026-08-15 02:11:47,747 [DEBUG] cnn_neat: Added edge 8→7 (from 46 candidates)
2026-08-15 02:11:47,751 [DEBUG] cnn_neat: Added edge 3→6 (from 41 candidates)
2026-08-15 02:11:47,755 [DEBUG] cnn_neat: Added edge 4→8 (from 39 candidates)
2026-08-15 02:11:47,759 [DEBUG] cnn_neat: Added edge 2→4 (from 31 candidates)
2026-08-15 02:11:47,762 [DEBUG] cnn_neat: Added edge 9→2 (from 30 candidates)
2026-08-15 02:11:47,765 [DEBUG] cnn_neat: Split edge 0→6, new hidden node 9 (pool=6)
2026-08-15 02:11:47,768 [DEBUG] cnn_neat: Added edge 7→2 (from 27 candidates)
2026-08-15 02:11:47,774 [DEBUG] cnn_neat: Removed hidden node 5 (pool=7)
2026-08-15 02:11:47,777 [DEBUG] cnn_neat: Removed edge 0→6 (from 10 candidates)
2026-08-15 02:11:47,857 [DEBUG] cnn_neat: Split edge 2→6, new hidden node 9 (pool=9)
2026-08-15 02:11:47,900 [DEBUG] cnn_neat: Added edge 5→6 (from 24 candidates)
2026-08-15 02:11:47,905 [DEBUG] cnn_neat: Removed hidden node 5 (pool=6)
2026-08-15 02:11:47,907 [DEBUG] cnn_neat: Removed edge 0→8 (from 10 candidates)
2026-08-15 02:11:47,912 [DEBUG] cnn_neat: Removed 3 edges (requested 3)
2026-08-15 02:11:47,915 [DEBUG] cnn_neat: Split edge 2→1, new hidden node 10 (pool=5)
2026-08-15 02:11:47,918 [DEBUG] cnn_neat: Split edge 2→3, new hidden node 9 (pool=9)
2026-08-15 02:11:47,923 [DEBUG] cnn_neat: Split edge 2→3, new hidden node 9 (pool=6)
2026-08-15 02:11:47,926 [DEBUG] cnn_neat: Added edge 8→7 (from 26 candidates)
2026-08-15 02:11:47,930 [DEBUG] cnn_neat: Removed hidden node 8 (pool=6)
2026-08-15 02:11:47,932 [DEBUG] cnn_neat: Removed edge 3→1 (from 7 candidates)
2026-08-15 02:11:47,937 [DEBUG] cnn_neat: Removed 3 edges (requested 3)
2026-08-15 02:11:47,940 [DEBUG] cnn_neat: Split edge 0→3, new hidden node 10 (pool=4)
2026-08-15 02:11:47,943 [DEBUG] cnn_neat: Split edge 8→1, new hidden node 9 (pool=7)
2026-08-15 02:11:47,948 [DEBUG] cnn_neat: Split edge 2→3, new hidden node 10 (pool=4)
2026-08-15 02:11:47,951 [DEBUG] cnn_neat: Added edge 3→6 (from 34 candidates)
2026-08-15 02:11:47,956 [DEBUG] cnn_neat: Removed hidden node 9 (pool=7)
2026-08-15 02:11:47,959 [DEBUG] cnn_neat: Removed edge 3→1 (from 7 candidates)
2026-08-15 02:11:47,964 [DEBUG] cnn_neat: Removed 3 edges (requested 3)
2026-08-15 02:11:47,967 [DEBUG] cnn_neat: Split edge 2→6, new hidden node 10 (pool=7)
2026-08-15 02:11:47,969 [DEBUG] cnn_neat: Split edge 0→3, new hidden node 10 (pool=4)
2026-08-15 02:11:47,971 [DEBUG] cnn_neat: Split edge 3→1, new hidden node 10 (pool=2)
2026-08-15 02:11:47,977 [DEBUG] cnn_neat: Split edge 0→2, new hidden node 8 (pool=6)
2026-08-15 02:11:47,980 [DEBUG] cnn_neat: Added edge 2→7 (from 23 candidates)
2026-08-15 02:11:47,984 [DEBUG] cnn_neat: Removed hidden node 4 (pool=6)
2026-08-15 02:11:47,987 [DEBUG] cnn_neat: Removed edge 0→6 (from 8 candidates)
2026-08-15 02:11:47,991 [DEBUG] cnn_neat: Removed 3 edges (requested 3)
2026-08-15 02:11:47,995 [DEBUG] cnn_neat: Split edge 2→3, new hidden node 8 (pool=7)
2026-08-15 02:11:47,998 [DEBUG] cnn_neat: Split edge 2→1, new hidden node 8 (pool=3)
2026-08-15 02:11:47,999 [DEBUG] cnn_neat: Split edge 2→6, new hidden node 8 (pool=4)
2026-08-15 02:11:48,004 [DEBUG] cnn_neat: Split edge 0→2, new hidden node 8 (pool=6)
2026-08-15 02:11:48,007 [DEBUG] cnn_neat: Added edge 2→5 (from 20 candidates)
2026-08-15 02:11:48,012 [DEBUG] cnn_neat: Removed hidden node 7 (pool=6)
2026-08-15 02:11:48,014 [DEBUG] cnn_neat: Removed edge 2→3 (from 9 candidates)
2026-08-15 02:11:48,019 [DEBUG] cnn_neat: Removed 3 edges (requested 3)
2026-08-15 02:11:48,121 [DEBUG] cnn_neat: Split edge 0→3, new hidden node 9 (pool=3)
2026-08-15 02:11:48,129 [DEBUG] cnn_neat: Split edge 2→5, new hidden node 8 (pool=9)
2026-08-15 02:11:48,137 [DEBUG] cnn_neat: Added edge 6→3 (from 28 candidates)
2026-08-15 02:11:48,145 [DEBUG] cnn_neat: Added edge 3→7 (from 18 candidates)
2026-08-15 02:11:48,158 [DEBUG] cnn_neat: Split edge 0→6, new hidden node 8 (pool=5)
2026-08-15 02:11:48,164 [DEBUG] cnn_neat: Added edge 6→7 (from 25 candidates)
2026-08-15 02:11:48,170 [DEBUG] cnn_neat: Removed hidden node 3 (pool=6)
2026-08-15 02:11:48,177 [DEBUG] cnn_neat: Removed edge 3→1 (from 7 candidates)
2026-08-15 02:11:48,191 [DEBUG] cnn_neat: Removed 3 edges (requested 3)
2026-08-15 02:11:48,198 [DEBUG] cnn_neat: Split edge 6→7, new hidden node 8 (pool=6)
2026-08-15 02:11:48,202 [DEBUG] cnn_neat: Split edge 0→6, new hidden node 8 (pool=3)
2026-08-15 02:11:48,209 [DEBUG] cnn_neat: Split edge 0→2, new hidden node 8 (pool=3)
2026-08-15 02:11:48,220 [DEBUG] cnn_neat: Split edge 2→1, new hidden node 8 (pool=7)
2026-08-15 02:11:48,226 [DEBUG] cnn_neat: Added edge 2→4 (from 21 candidates)
2026-08-15 02:11:48,238 [DEBUG] cnn_neat: Removed hidden node 4 (pool=6)
2026-08-15 02:11:48,245 [DEBUG] cnn_neat: Removed edge 0→6 (from 9 candidates)
2026-08-15 02:11:48,580 [DEBUG] cnn_neat: Removed 3 edges (requested 3)
2026-08-15 02:11:48,604 [DEBUG] cnn_neat: Split edge 3→1, new hidden node 9 (pool=4)
2026-08-15 02:11:48,626 [DEBUG] cnn_neat: Added edge 3→8 (from 36 candidates)
2026-08-15 02:11:48,662 [DEBUG] cnn_neat: Removed hidden node 6 (pool=7)
2026-08-15 02:11:48,681 [DEBUG] cnn_neat: Removed edge 5→1 (from 6 candidates)
2026-08-15 02:11:48,711 [DEBUG] cnn_neat: Removed 3 edges (requested 3)
2026-08-15 02:11:48,726 [DEBUG] cnn_neat: Split edge 3→1, new hidden node 9 (pool=5)
2026-08-15 02:11:48,741 [DEBUG] cnn_neat: Split edge 2→1, new hidden node 9 (pool=5)
2026-08-15 02:11:48,798 [DEBUG] cnn_neat: Split edge 2→1, new hidden node 8 (pool=6)
2026-08-15 02:11:48,810 [DEBUG] cnn_neat: Added edge 5→4 (from 24 candidates)
2026-08-15 02:11:48,830 [DEBUG] cnn_neat: Removed hidden node 5 (pool=6)
2026-08-15 02:11:48,835 [DEBUG] cnn_neat: Removed edge 2→6 (from 11 candidates)
2026-08-15 02:11:48,854 [DEBUG] cnn_neat: Removed 3 edges (requested 3)
2026-08-15 02:11:48,860 [DEBUG] cnn_neat: Split edge 0→3, new hidden node 9 (pool=1)
2026-08-15 02:11:48,869 [DEBUG] cnn_neat: Split edge 3→1, new hidden node 9 (pool=4)
2026-08-15 02:11:48,876 [DEBUG] cnn_neat: Added edge 3→6 (from 33 candidates)
2026-08-15 02:11:48,884 [DEBUG] cnn_neat: Removed hidden node 5 (pool=7)
2026-08-15 02:11:48,889 [DEBUG] cnn_neat: Removed edge 2→1 (from 6 candidates)
2026-08-15 02:11:48,899 [DEBUG] cnn_neat: Removed 3 edges (requested 3)
2026-08-15 02:11:48,904 [DEBUG] cnn_neat: Split edge 0→2, new hidden node 10 (pool=1)
2026-08-15 02:11:48,909 [DEBUG] cnn_neat: Split edge 0→6, new hidden node 9 (pool=5)
2026-08-15 02:11:48,917 [DEBUG] cnn_neat: Split edge 0→6, new hidden node 8 (pool=7)
2026-08-15 02:11:48,921 [DEBUG] cnn_neat: Added edge 3→7 (from 18 candidates)
2026-08-15 02:11:48,929 [DEBUG] cnn_neat: Removed hidden node 7 (pool=6)
2026-08-15 02:11:48,934 [DEBUG] cnn_neat: Removed edge 0→2 (from 10 candidates)
2026-08-15 02:11:48,941 [DEBUG] cnn_neat: Removed 3 edges (requested 3)
2026-08-15 02:11:48,945 [DEBUG] cnn_neat: Split edge 0→2, new hidden node 9 (pool=8)
2026-08-15 02:11:48,955 [DEBUG] cnn_neat: Added edge 5→9 (from 46 candidates)
2026-08-15 02:11:48,963 [DEBUG] cnn_neat: Removed hidden node 3 (pool=8)
2026-08-15 02:11:48,967 [DEBUG] cnn_neat: Removed edge 3→1 (from 6 candidates)
2026-08-15 02:11:48,975 [DEBUG] cnn_neat: Removed 3 edges (requested 3)
2026-08-15 02:11:48,978 [DEBUG] cnn_neat: Split edge 0→2, new hidden node 10 (pool=2)
2026-08-15 02:11:48,985 [DEBUG] cnn_neat: Split edge 0→2, new hidden node 10 (pool=1)
2026-08-15 02:11:48,990 [DEBUG] cnn_neat: Split edge 3→4, new hidden node 10 (pool=10)
2026-08-15 02:11:48,998 [DEBUG] cnn_neat: Split edge 2→6, new hidden node 9 (pool=6)
2026-08-15 02:11:49,002 [DEBUG] cnn_neat: Added edge 4→8 (from 27 candidates)
2026-08-15 02:11:49,013 [DEBUG] cnn_neat: Removed hidden node 6 (pool=7)
2026-08-15 02:11:49,017 [DEBUG] cnn_neat: Removed edge 0→2 (from 10 candidates)
2026-08-15 02:11:49,027 [DEBUG] cnn_neat: Removed 3 edges (requested 3)
2026-08-15 02:11:49,034 [DEBUG] cnn_neat: Split edge 3→1, new hidden node 9 (pool=6)
2026-08-15 02:11:49,044 [DEBUG] cnn_neat: Split edge 2→6, new hidden node 8 (pool=7)
2026-08-15 02:11:49,048 [DEBUG] cnn_neat: Added edge 2→7 (from 16 candidates)
2026-08-15 02:11:49,057 [DEBUG] cnn_neat: Removed hidden node 6 (pool=5)
2026-08-15 02:11:49,061 [DEBUG] cnn_neat: Removed edge 0→6 (from 8 candidates)
2026-08-15 02:11:49,068 [DEBUG] cnn_neat: Removed 3 edges (requested 3)
2026-08-15 02:11:49,072 [DEBUG] cnn_neat: Split edge 2→3, new hidden node 9 (pool=5)
2026-08-15 02:11:49,076 [DEBUG] cnn_neat: Split edge 0→2, new hidden node 8 (pool=8)
2026-08-15 02:11:49,079 [DEBUG] cnn_neat: Split edge 2→6, new hidden node 8 (pool=7)
2026-08-15 02:11:49,086 [DEBUG] cnn_neat: Split edge 0→2, new hidden node 9 (pool=8)
2026-08-15 02:11:49,090 [DEBUG] cnn_neat: Added edge 7→8 (from 25 candidates)
2026-08-15 02:11:49,096 [DEBUG] cnn_neat: Removed hidden node 7 (pool=6)
2026-08-15 02:11:49,100 [DEBUG] cnn_neat: Removed edge 0→8 (from 9 candidates)
2026-08-15 02:11:49,106 [DEBUG] cnn_neat: Removed 3 edges (requested 3)
2026-08-15 02:11:49,111 [DEBUG] cnn_neat: Split edge 0→3, new hidden node 10 (pool=2)
2026-08-15 02:11:49,120 [DEBUG] cnn_neat: Split edge 2→3, new hidden node 9 (pool=5)
2026-08-15 02:11:49,124 [DEBUG] cnn_neat: Added edge 8→1 (from 27 candidates)
2026-08-15 02:11:49,134 [DEBUG] cnn_neat: Removed hidden node 6 (pool=6)
2026-08-15 02:11:49,139 [DEBUG] cnn_neat: Removed edge 0→8 (from 6 candidates)
2026-08-15 02:11:49,146 [DEBUG] cnn_neat: Removed 3 edges (requested 3)
2026-08-15 02:11:49,151 [DEBUG] cnn_neat: Split edge 3→1, new hidden node 10 (pool=4)
2026-08-15 02:11:49,156 [DEBUG] cnn_neat: Split edge 8→1, new hidden node 9 (pool=6)
2026-08-15 02:11:49,159 [DEBUG] cnn_neat: Split edge 0→2, new hidden node 9 (pool=3)
2026-08-15 02:11:49,235 [DEBUG] cnn_neat: Split edge 3→4, new hidden node 8 (pool=6)
2026-08-15 02:11:49,244 [DEBUG] cnn_neat: Added edge 7→2 (from 23 candidates)
2026-08-15 02:11:49,261 [DEBUG] cnn_neat: Removed hidden node 5 (pool=6)
2026-08-15 02:11:49,270 [DEBUG] cnn_neat: Removed edge 3→4 (from 13 candidates)
2026-08-15 02:11:49,288 [DEBUG] cnn_neat: Removed 3 edges (requested 3)
2026-08-15 02:11:49,304 [DEBUG] cnn_neat: Split edge 2→3, new hidden node 8 (pool=7)
2026-08-15 02:11:49,318 [DEBUG] cnn_neat: Split edge 2→3, new hidden node 8 (pool=10)
2026-08-15 02:11:49,326 [DEBUG] cnn_neat: Added edge 7→1 (from 20 candidates)
2026-08-15 02:11:49,336 [DEBUG] cnn_neat: Removed hidden node 2 (pool=6)
2026-08-15 02:11:49,348 [DEBUG] cnn_neat: Removed edge 3→4 (from 12 candidates)
2026-08-15 02:11:49,369 [DEBUG] cnn_neat: Removed 3 edges (requested 3)
2026-08-15 02:11:49,375 [DEBUG] cnn_neat: Split edge 3→1, new hidden node 9 (pool=8)
2026-08-15 02:11:49,573 [DEBUG] cnn_neat: Split edge 2→3, new hidden node 9 (pool=6)
2026-08-15 02:11:49,580 [DEBUG] cnn_neat: Added edge 5→2 (from 18 candidates)
2026-08-15 02:11:49,593 [DEBUG] cnn_neat: Removed hidden node 8 (pool=5)
2026-08-15 02:11:49,602 [DEBUG] cnn_neat: Removed edge 2→1 (from 7 candidates)
2026-08-15 02:11:49,615 [DEBUG] cnn_neat: Removed 3 edges (requested 3)
2026-08-15 02:11:49,623 [DEBUG] cnn_neat: Split edge 0→3, new hidden node 10 (pool=4)
2026-08-15 02:11:49,630 [DEBUG] cnn_neat: Split edge 2→1, new hidden node 9 (pool=6)
2026-08-15 02:11:49,644 [DEBUG] cnn_neat: Split edge 0→3, new hidden node 8 (pool=4)
2026-08-15 02:11:49,651 [DEBUG] cnn_neat: Added edge 2→7 (from 18 candidates)
2026-08-15 02:11:49,668 [DEBUG] cnn_neat: Removed hidden node 6 (pool=5)
2026-08-15 02:11:49,670 [DEBUG] cnn_neat: Removed edge 0→2 (from 9 candidates)
2026-08-15 02:11:49,681 [DEBUG] cnn_neat: Removed 3 edges (requested 3)
2026-08-15 02:11:49,686 [DEBUG] cnn_neat: Split edge 2→1, new hidden node 8 (pool=5)
2026-08-15 02:11:49,692 [DEBUG] cnn_neat: Split edge 0→3, new hidden node 8 (pool=2)
2026-08-15 02:11:49,697 [DEBUG] cnn_neat: Split edge 2→1, new hidden node 8 (pool=3)
2026-08-15 02:11:49,707 [DEBUG] cnn_neat: Split edge 2→3, new hidden node 10 (pool=4)
2026-08-15 02:11:49,713 [DEBUG] cnn_neat: Added edge 2→5 (from 38 candidates)
2026-08-15 02:11:49,915 [DEBUG] cnn_neat: Removed hidden node 2 (pool=7)
2026-08-15 02:11:49,922 [DEBUG] cnn_neat: Removed edge 3→1 (from 5 candidates)
2026-08-15 02:11:49,927 [DEBUG] cnn_neat: Removed 3 edges (requested 3)
2026-08-15 02:11:49,937 [DEBUG] cnn_neat: Split edge 3→1, new hidden node 10 (pool=7)
2026-08-15 02:11:49,947 [DEBUG] cnn_neat: Split edge 0→3, new hidden node 9 (pool=8)
2026-08-15 02:11:49,954 [DEBUG] cnn_neat: Added edge 6→3 (from 20 candidates)
2026-08-15 02:11:49,962 [DEBUG] cnn_neat: Removed hidden node 7 (pool=6)
2026-08-15 02:11:49,964 [DEBUG] cnn_neat: Removed edge 2→3 (from 9 candidates)
2026-08-15 02:11:49,971 [DEBUG] cnn_neat: Removed 3 edges (requested 3)
2026-08-15 02:11:49,977 [DEBUG] cnn_neat: Split edge 2→6, new hidden node 10 (pool=8)
2026-08-15 02:11:49,993 [DEBUG] cnn_neat: Split edge 2→6, new hidden node 8 (pool=10)
2026-08-15 02:11:50,001 [DEBUG] cnn_neat: Added edge 6→7 (from 21 candidates)
2026-08-15 02:11:50,015 [DEBUG] cnn_neat: Removed hidden node 6 (pool=6)
2026-08-15 02:11:50,020 [DEBUG] cnn_neat: Removed edge 2→1 (from 11 candidates)
2026-08-15 02:11:50,033 [DEBUG] cnn_neat: Removed 3 edges (requested 3)
2026-08-15 02:11:50,038 [DEBUG] cnn_neat: Split edge 0→3, new hidden node 9 (pool=8)
2026-08-15 02:11:50,050 [DEBUG] cnn_neat: Added edge 8→1 (from 34 candidates)
2026-08-15 02:11:50,057 [DEBUG] cnn_neat: Removed hidden node 7 (pool=7)
2026-08-15 02:11:50,062 [DEBUG] cnn_neat: Removed edge 2→1 (from 11 candidates)
2026-08-15 02:11:50,074 [DEBUG] cnn_neat: Removed 3 edges (requested 3)
2026-08-15 02:11:50,088 [DEBUG] cnn_neat: Split edge 3→1, new hidden node 9 (pool=4)
2026-08-15 02:11:50,096 [DEBUG] cnn_neat: Split edge 0→3, new hidden node 9 (pool=1)
2026-08-15 02:11:50,104 [DEBUG] cnn_neat: Split edge 2→1, new hidden node 8 (pool=6)
2026-08-15 02:11:50,294 [DEBUG] cnn_neat: Added edge 4→7 (from 22 candidates)
2026-08-15 02:11:50,309 [DEBUG] cnn_neat: Removed hidden node 4 (pool=6)
2026-08-15 02:11:50,319 [DEBUG] cnn_neat: Removed edge 2→3 (from 14 candidates)
2026-08-15 02:11:50,329 [DEBUG] cnn_neat: Removed 3 edges (requested 3)
2026-08-15 02:11:50,344 [DEBUG] cnn_neat: Split edge 3→4, new hidden node 8 (pool=6)
2026-08-15 02:11:50,351 [DEBUG] cnn_neat: Split edge 2→4, new hidden node 8 (pool=5)
2026-08-15 02:11:50,371 [DEBUG] cnn_neat: Split edge 2→6, new hidden node 9 (pool=10)
2026-08-15 02:11:50,385 [DEBUG] cnn_neat: Added edge 5→4 (from 30 candidates)
2026-08-15 02:11:50,404 [DEBUG] cnn_neat: Removed hidden node 5 (pool=7)
2026-08-15 02:11:50,413 [DEBUG] cnn_neat: Removed edge 2→3 (from 13 candidates)
2026-08-15 02:11:50,427 [DEBUG] cnn_neat: Removed 3 edges (requested 3)
2026-08-15 02:11:50,632 [DEBUG] cnn_neat: Split edge 0→2, new hidden node 9 (pool=10)
2026-08-15 02:11:50,635 [DEBUG] cnn_neat: Split edge 2→4, new hidden node 9 (pool=9)
2026-08-15 02:11:50,651 [DEBUG] cnn_neat: Split edge 0→6, new hidden node 8 (pool=9)
2026-08-15 02:11:50,659 [DEBUG] cnn_neat: Added edge 7→4 (from 14 candidates)
2026-08-15 02:11:50,668 [DEBUG] cnn_neat: Removed hidden node 2 (pool=6)
2026-08-15 02:11:50,678 [DEBUG] cnn_neat: Removed edge 3→7 (from 12 candidates)
2026-08-15 02:11:50,685 [DEBUG] cnn_neat: Removed 3 edges (requested 3)
2026-08-15 02:11:50,695 [DEBUG] cnn_neat: Split edge 8→6, new hidden node 9 (pool=9)
2026-08-15 02:11:50,743 [DEBUG] cnn_neat: Split edge 0→3, new hidden node 8 (pool=7)
2026-08-15 02:11:50,748 [DEBUG] cnn_neat: Added edge 0→4 (from 11 candidates)
2026-08-15 02:11:50,777 [DEBUG] cnn_neat: Removed hidden node 5 (pool=5)
2026-08-15 02:11:50,783 [DEBUG] cnn_neat: Removed edge 4→1 (from 10 candidates)
2026-08-15 02:11:51,007 [DEBUG] cnn_neat: Removed 3 edges (requested 3)
2026-08-15 02:11:51,013 [DEBUG] cnn_neat: Split edge 2→4, new hidden node 8 (pool=12)
2026-08-15 02:11:51,018 [DEBUG] cnn_neat: Split edge 2→4, new hidden node 8 (pool=7)
2026-08-15 02:11:51,022 [DEBUG] cnn_neat: Split edge 0→2, new hidden node 8 (pool=2)
2026-08-15 02:11:51,033 [DEBUG] cnn_neat: Split edge 2→4, new hidden node 9 (pool=9)
2026-08-15 02:11:51,039 [DEBUG] cnn_neat: Added edge 2→8 (from 20 candidates)
2026-08-15 02:11:51,055 [DEBUG] cnn_neat: Removed hidden node 3 (pool=7)
2026-08-15 02:11:51,061 [DEBUG] cnn_neat: Removed edge 6→4 (from 13 candidates)
2026-08-15 02:11:51,072 [DEBUG] cnn_neat: Removed 3 edges (requested 3)
2026-08-15 02:11:51,082 [DEBUG] cnn_neat: Split edge 3→1, new hidden node 9 (pool=12)
2026-08-15 02:11:51,092 [DEBUG] cnn_neat: Split edge 2→3, new hidden node 8 (pool=10)
2026-08-15 02:11:51,098 [DEBUG] cnn_neat: Added edge 3→5 (from 15 candidates)
2026-08-15 02:11:51,106 [DEBUG] cnn_neat: Removed hidden node 4 (pool=6)
2026-08-15 02:11:51,113 [DEBUG] cnn_neat: Removed edge 4→1 (from 13 candidates)
2026-08-15 02:11:51,123 [DEBUG] cnn_neat: Removed 3 edges (requested 3)
2026-08-15 02:11:51,129 [DEBUG] cnn_neat: Split edge 2→4, new hidden node 9 (pool=8)
2026-08-15 02:11:51,136 [DEBUG] cnn_neat: Split edge 3→1, new hidden node 8 (pool=13)
2026-08-15 02:11:51,146 [DEBUG] cnn_neat: Split edge 0→3, new hidden node 8 (pool=6)
2026-08-15 02:11:51,152 [DEBUG] cnn_neat: Added edge 3→6 (from 18 candidates)
2026-08-15 02:11:51,162 [DEBUG] cnn_neat: Removed hidden node 5 (pool=6)
2026-08-15 02:11:51,167 [DEBUG] cnn_neat: Removed edge 0→3 (from 12 candidates)
2026-08-15 02:11:51,175 [DEBUG] cnn_neat: Removed 3 edges (requested 3)
2026-08-15 02:11:51,181 [DEBUG] cnn_neat: Split edge 3→4, new hidden node 8 (pool=9)
2026-08-15 02:11:51,187 [DEBUG] cnn_neat: Split edge 0→2, new hidden node 8 (pool=1)
2026-08-15 02:11:51,189 [DEBUG] cnn_neat: Split edge 3→1, new hidden node 8 (pool=2)
2026-08-15 02:11:51,201 [DEBUG] cnn_neat: Split edge 7→5, new hidden node 8 (pool=13)
2026-08-15 02:11:51,208 [DEBUG] cnn_neat: Added edge 6→3 (from 8 candidates)
2026-08-15 02:11:51,220 [DEBUG] cnn_neat: Removed hidden node 5 (pool=6)
2026-08-15 02:11:51,224 [DEBUG] cnn_neat: Saved generation 15
2026-08-15 02:11:51,300 [DEBUG] cnn_neat: Selected 25 elite individuals
2026-08-15 02:11:51,304 [DEBUG] cnn_neat: Removed edge 5→1 (from 16 candidates)
2026-08-15 02:11:51,394 [DEBUG] cnn_neat: Removed 3 edges (requested 3)
2026-08-15 02:11:51,420 [DEBUG] cnn_neat: Split edge 0→4, new hidden node 9 (pool=9)
2026-08-15 02:11:51,458 [DEBUG] cnn_neat: Split edge 0→5, new hidden node 8 (pool=14)
2026-08-15 02:11:51,473 [DEBUG] cnn_neat: Added edge 6→5 (from 8 candidates)
2026-08-15 02:11:51,498 [DEBUG] cnn_neat: Removed hidden node 2 (pool=6)
2026-08-15 02:11:51,508 [DEBUG] cnn_neat: Removed edge 2→5 (from 17 candidates)
2026-08-15 02:11:51,525 [DEBUG] cnn_neat: Removed 3 edges (requested 3)
2026-08-15 02:11:51,537 [DEBUG] cnn_neat: Trimmed elite queue to 128 entries
2026-08-15 02:11:51,926 [DEBUG] cnn_neat: Split edge 2→5, new hidden node 9 (pool=14)
2026-08-15 02:11:51,930 [DEBUG] cnn_neat: Split edge 2→1, new hidden node 9 (pool=7)
2026-08-15 02:11:51,933 [DEBUG] cnn_neat: Added edge 3→8 (from 17 candidates)
2026-08-15 02:11:51,938 [DEBUG] cnn_neat: Removed hidden node 8 (pool=5)
2026-08-15 02:11:51,941 [DEBUG] cnn_neat: Split edge 3→1, new hidden node 8 (pool=5)
2026-08-15 02:11:51,943 [DEBUG] cnn_neat: Removed edge 8→1 (from 8 candidates)
2026-08-15 02:11:51,946 [DEBUG] cnn_neat: Split edge 0→8, new hidden node 9 (pool=6)
2026-08-15 02:11:51,950 [DEBUG] cnn_neat: Removed 3 edges (requested 3)
2026-08-15 02:11:51,954 [DEBUG] cnn_neat: Crossover rejected: union topology invalid (edges=23 nodes=14)
2026-08-15 02:11:51,956 [DEBUG] cnn_neat: Split edge 0→8, new hidden node 9 (pool=7)
2026-08-15 02:11:51,959 [DEBUG] cnn_neat: Added edge 5→2 (from 17 candidates)
2026-08-15 02:11:51,963 [DEBUG] cnn_neat: Added edge 8→5 (from 12 candidates)
2026-08-15 02:11:51,966 [DEBUG] cnn_neat: Added edge 7→2 (from 8 candidates)
2026-08-15 02:11:51,969 [DEBUG] cnn_neat: Added edge 8→2 (from 7 candidates)
2026-08-15 02:11:51,972 [DEBUG] cnn_neat: Added edge 7→3 (from 6 candidates)
2026-08-15 02:11:51,980 [DEBUG] cnn_neat: Added edge 9→7 (from 23 candidates)
2026-08-15 02:11:51,985 [DEBUG] cnn_neat: Added edge 9→7 (from 23 candidates)
2026-08-15 02:11:51,991 [DEBUG] cnn_neat: Added edge 3→5 (from 22 candidates)
2026-08-15 02:11:51,998 [DEBUG] cnn_neat: Removed hidden node 9 (pool=8)
2026-08-15 02:11:52,001 [DEBUG] cnn_neat: Removed edge 4→1 (from 14 candidates)
2026-08-15 02:11:52,010 [DEBUG] cnn_neat: Removed 3 edges (requested 3)
2026-08-15 02:11:52,014 [DEBUG] cnn_neat: Crossover rejected: union topology invalid (edges=32 nodes=17)
2026-08-15 02:11:52,021 [DEBUG] cnn_neat: Added edge 9→3 (from 23 candidates)
2026-08-15 02:11:52,025 [DEBUG] cnn_neat: Added edge 9→7 (from 23 candidates)
2026-08-15 02:11:52,030 [DEBUG] cnn_neat: Added edge 4→5 (from 22 candidates)
2026-08-15 02:11:52,034 [DEBUG] cnn_neat: Added edge 2→5 (from 21 candidates)
2026-08-15 02:11:52,038 [DEBUG] cnn_neat: Added edge 2→7 (from 20 candidates)
2026-08-15 02:11:52,043 [DEBUG] cnn_neat: Added edge 3→5 (from 19 candidates)
2026-08-15 02:11:52,046 [DEBUG] cnn_neat: Split edge 3→1, new hidden node 8 (pool=4)
2026-08-15 02:11:52,049 [DEBUG] cnn_neat: Added edge 2→4 (from 16 candidates)
2026-08-15 02:11:52,054 [DEBUG] cnn_neat: Removed hidden node 3 (pool=5)
2026-08-15 02:11:52,056 [DEBUG] cnn_neat: Removed edge 0→2 (from 9 candidates)
2026-08-15 02:11:52,060 [DEBUG] cnn_neat: Removed 3 edges (requested 3)
2026-08-15 02:11:52,063 [DEBUG] cnn_neat: Crossover rejected: union topology invalid (edges=23 nodes=14)
2026-08-15 02:11:52,066 [DEBUG] cnn_neat: Split edge 3→1, new hidden node 8 (pool=4)
2026-08-15 02:11:52,069 [DEBUG] cnn_neat: Added edge 2→7 (from 25 candidates)
2026-08-15 02:11:52,072 [DEBUG] cnn_neat: Added edge 3→7 (from 16 candidates)
2026-08-15 02:11:52,074 [DEBUG] cnn_neat: Added edge 0→4 (from 11 candidates)
2026-08-15 02:11:52,078 [DEBUG] cnn_neat: Added edge 4→5 (from 9 candidates)
2026-08-15 02:11:52,081 [DEBUG] cnn_neat: Added edge 4→7 (from 7 candidates)
2026-08-15 02:11:52,084 [DEBUG] cnn_neat: Added edge 2→4 (from 5 candidates)
2026-08-15 02:11:52,087 [DEBUG] cnn_neat: Split edge 0→6, new hidden node 8 (pool=5)
2026-08-15 02:11:52,089 [DEBUG] cnn_neat: Added edge 3→6 (from 21 candidates)
2026-08-15 02:11:52,095 [DEBUG] cnn_neat: Removed hidden node 6 (pool=6)
2026-08-15 02:11:52,098 [DEBUG] cnn_neat: Split edge 2→1, new hidden node 8 (pool=4)
2026-08-15 02:11:52,101 [DEBUG] cnn_neat: Added edge 4→8 (from 26 candidates)
2026-08-15 02:11:52,103 [DEBUG] cnn_neat: Removed edge 5→1 (from 7 candidates)
2026-08-15 02:11:52,108 [DEBUG] cnn_neat: Removed 3 edges (requested 3)
2026-08-15 02:11:52,111 [DEBUG] cnn_neat: Crossover rejected: union topology invalid (edges=25 nodes=14)
2026-08-15 02:11:52,114 [DEBUG] cnn_neat: Split edge 2→3, new hidden node 8 (pool=5)
2026-08-15 02:11:52,117 [DEBUG] cnn_neat: Added edge 7→4 (from 21 candidates)
2026-08-15 02:11:52,119 [DEBUG] cnn_neat: Added edge 3→7 (from 18 candidates)
2026-08-15 02:11:52,122 [DEBUG] cnn_neat: Added edge 2→6 (from 13 candidates)
2026-08-15 02:11:52,125 [DEBUG] cnn_neat: Added edge 7→1 (from 12 candidates)
2026-08-15 02:11:52,129 [DEBUG] cnn_neat: Added edge 5→6 (from 11 candidates)
2026-08-15 02:11:52,132 [DEBUG] cnn_neat: Split edge 2→3, new hidden node 9 (pool=7)
2026-08-15 02:11:52,135 [DEBUG] cnn_neat: Added edge 8→3 (from 34 candidates)
2026-08-15 02:11:52,139 [DEBUG] cnn_neat: Removed hidden node 5 (pool=7)
2026-08-15 02:11:52,142 [DEBUG] cnn_neat: Removed edge 0→8 (from 9 candidates)
2026-08-15 02:11:52,147 [DEBUG] cnn_neat: Removed 3 edges (requested 3)
2026-08-15 02:11:52,152 [DEBUG] cnn_neat: Crossover rejected: union topology invalid (edges=28 nodes=17)
2026-08-15 02:11:52,155 [DEBUG] cnn_neat: Split edge 2→3, new hidden node 9 (pool=7)
2026-08-15 02:11:52,158 [DEBUG] cnn_neat: Added edge 4→7 (from 45 candidates)
2026-08-15 02:11:52,161 [DEBUG] cnn_neat: Added edge 8→4 (from 34 candidates)
2026-08-15 02:11:52,165 [DEBUG] cnn_neat: Added edge 3→8 (from 32 candidates)
2026-08-15 02:11:52,168 [DEBUG] cnn_neat: Added edge 8→1 (from 28 candidates)
2026-08-15 02:11:52,172 [DEBUG] cnn_neat: Added edge 3→7 (from 27 candidates)
2026-08-15 02:11:52,176 [DEBUG] cnn_neat: Added edge 2→8 (from 22 candidates)
2026-08-15 02:11:52,182 [DEBUG] cnn_neat: Added edge 2→7 (from 35 candidates)
2026-08-15 02:11:52,185 [DEBUG] cnn_neat: Added edge 2→6 (from 35 candidates)
2026-08-15 02:11:52,189 [DEBUG] cnn_neat: Removed hidden node 5 (pool=7)
2026-08-15 02:11:52,192 [DEBUG] cnn_neat: Removed edge 2→1 (from 11 candidates)
2026-08-15 02:11:52,196 [DEBUG] cnn_neat: Removed 3 edges (requested 3)
2026-08-15 02:11:52,200 [DEBUG] cnn_neat: Crossover rejected: union topology invalid (edges=27 nodes=15)
2026-08-15 02:11:52,205 [DEBUG] cnn_neat: Added edge 5→3 (from 35 candidates)
2026-08-15 02:11:52,208 [DEBUG] cnn_neat: Added edge 5→3 (from 35 candidates)
2026-08-15 02:11:52,211 [DEBUG] cnn_neat: Added edge 6→1 (from 28 candidates)
2026-08-15 02:11:52,215 [DEBUG] cnn_neat: Added edge 5→8 (from 27 candidates)
2026-08-15 02:11:52,219 [DEBUG] cnn_neat: Added edge 2→4 (from 24 candidates)
2026-08-15 02:11:52,223 [DEBUG] cnn_neat: Added edge 2→7 (from 23 candidates)
2026-08-15 02:11:52,229 [DEBUG] cnn_neat: Added edge 3→6 (from 34 candidates)
2026-08-15 02:11:52,232 [DEBUG] cnn_neat: Added edge 3→6 (from 34 candidates)
2026-08-15 02:11:52,236 [DEBUG] cnn_neat: Added edge 4→5 (from 33 candidates)
2026-08-15 02:11:52,241 [DEBUG] cnn_neat: Removed hidden node 5 (pool=7)
2026-08-15 02:11:52,244 [DEBUG] cnn_neat: Removed edge 3→4 (from 10 candidates)
2026-08-15 02:11:52,249 [DEBUG] cnn_neat: Removed 3 edges (requested 3)
2026-08-15 02:11:52,253 [DEBUG] cnn_neat: Crossover rejected: union topology invalid (edges=26 nodes=16)
2026-08-15 02:11:52,257 [DEBUG] cnn_neat: Added edge 4→5 (from 34 candidates)
2026-08-15 02:11:52,260 [DEBUG] cnn_neat: Added edge 6→5 (from 34 candidates)
2026-08-15 02:11:52,263 [DEBUG] cnn_neat: Added edge 4→6 (from 29 candidates)
2026-08-15 02:11:52,268 [DEBUG] cnn_neat: Added edge 7→4 (from 26 candidates)
2026-08-15 02:11:52,272 [DEBUG] cnn_neat: Added edge 3→7 (from 23 candidates)
2026-08-15 02:11:52,275 [DEBUG] cnn_neat: Added edge 0→5 (from 20 candidates)
2026-08-15 02:11:52,278 [DEBUG] cnn_neat: Split edge 0→6, new hidden node 9 (pool=6)
2026-08-15 02:11:52,283 [DEBUG] cnn_neat: Added edge 3→7 (from 43 candidates)
2026-08-15 02:11:52,287 [DEBUG] cnn_neat: Added edge 4→6 (from 30 candidates)
2026-08-15 02:11:52,293 [DEBUG] cnn_neat: Removed hidden node 6 (pool=7)
2026-08-15 02:11:52,295 [DEBUG] cnn_neat: Split edge 0→2, new hidden node 9 (pool=4)
2026-08-15 02:11:52,299 [DEBUG] cnn_neat: Removed edge 8→6 (from 9 candidates)
2026-08-15 02:11:52,304 [DEBUG] cnn_neat: Removed 3 edges (requested 3)
2026-08-15 02:11:52,416 [DEBUG] cnn_neat: Split edge 8→1, new hidden node 9 (pool=9)
2026-08-15 02:11:52,521 [DEBUG] cnn_neat: Added edge 7→2 (from 24 candidates)
2026-08-15 02:11:52,532 [DEBUG] cnn_neat: Removed hidden node 2 (pool=6)
2026-08-15 02:11:52,539 [DEBUG] cnn_neat: Removed edge 5→1 (from 10 candidates)
2026-08-15 02:11:52,551 [DEBUG] cnn_neat: Removed 3 edges (requested 3)
2026-08-15 02:11:52,559 [DEBUG] cnn_neat: Split edge 0→3, new hidden node 10 (pool=7)
2026-08-15 02:11:52,570 [DEBUG] cnn_neat: Split edge 2→3, new hidden node 9 (pool=6)
2026-08-15 02:11:52,577 [DEBUG] cnn_neat: Added edge 8→3 (from 26 candidates)
2026-08-15 02:11:52,590 [DEBUG] cnn_neat: Removed hidden node 8 (pool=6)
2026-08-15 02:11:52,600 [DEBUG] cnn_neat: Removed edge 2→3 (from 7 candidates)
2026-08-15 02:11:52,611 [DEBUG] cnn_neat: Removed 3 edges (requested 3)
2026-08-15 02:11:52,620 [DEBUG] cnn_neat: Split edge 0→2, new hidden node 9 (pool=7)
2026-08-15 02:11:52,623 [DEBUG] cnn_neat: Split edge 3→1, new hidden node 9 (pool=3)
2026-08-15 02:11:52,631 [DEBUG] cnn_neat: Added edge 2→6 (from 24 candidates)
2026-08-15 02:11:52,951 [DEBUG] cnn_neat: Added edge 0→2 (from 27 candidates)
2026-08-15 02:11:52,982 [DEBUG] cnn_neat: Split edge 0→3, new hidden node 9 (pool=7)
2026-08-15 02:11:53,003 [DEBUG] cnn_neat: Added edge 8→5 (from 17 candidates)
2026-08-15 02:11:53,039 [DEBUG] cnn_neat: Removed hidden node 5 (pool=5)
2026-08-15 02:11:53,058 [DEBUG] cnn_neat: Removed edge 3→1 (from 8 candidates)
2026-08-15 02:11:53,086 [DEBUG] cnn_neat: Removed 3 edges (requested 3)
2026-08-15 02:11:53,103 [DEBUG] cnn_neat: Split edge 0→2, new hidden node 10 (pool=7)
2026-08-15 02:11:53,118 [DEBUG] cnn_neat: Split edge 0→7, new hidden node 9 (pool=10)
2026-08-15 02:11:53,174 [DEBUG] cnn_neat: Split edge 3→1, new hidden node 10 (pool=4)
2026-08-15 02:11:53,188 [DEBUG] cnn_neat: Added edge 2→7 (from 34 candidates)
2026-08-15 02:11:53,212 [DEBUG] cnn_neat: Removed hidden node 3 (pool=7)
2026-08-15 02:11:53,226 [DEBUG] cnn_neat: Removed edge 3→1 (from 7 candidates)
2026-08-15 02:11:53,234 [DEBUG] cnn_neat: Removed 3 edges (requested 3)
2026-08-15 02:11:53,240 [DEBUG] cnn_neat: Split edge 0→2, new hidden node 11 (pool=1)
2026-08-15 02:11:53,245 [DEBUG] cnn_neat: Split edge 2→3, new hidden node 10 (pool=5)
2026-08-15 02:11:53,249 [DEBUG] cnn_neat: Split edge 0→2, new hidden node 10 (pool=3)
2026-08-15 02:11:53,263 [DEBUG] cnn_neat: Added edge 4→5 (from 23 candidates)
2026-08-15 02:11:53,274 [DEBUG] cnn_neat: Removed hidden node 5 (pool=8)
2026-08-15 02:11:53,280 [DEBUG] cnn_neat: Removed edge 2→3 (from 14 candidates)
2026-08-15 02:11:53,292 [DEBUG] cnn_neat: Removed 3 edges (requested 3)
2026-08-15 02:11:53,301 [DEBUG] cnn_neat: Split edge 9→2, new hidden node 10 (pool=11)
2026-08-15 02:11:53,314 [DEBUG] cnn_neat: Added edge 2→6 (from 22 candidates)
2026-08-15 02:11:53,323 [DEBUG] cnn_neat: Split edge 2→6, new hidden node 8 (pool=6)
2026-08-15 02:11:53,328 [DEBUG] cnn_neat: Added edge 5→2 (from 23 candidates)
2026-08-15 02:11:53,338 [DEBUG] cnn_neat: Removed hidden node 2 (pool=6)
2026-08-15 02:11:53,343 [DEBUG] cnn_neat: Removed edge 2→6 (from 8 candidates)
2026-08-15 02:11:53,350 [DEBUG] cnn_neat: Removed 3 edges (requested 3)
2026-08-15 02:11:53,356 [DEBUG] cnn_neat: Split edge 0→6, new hidden node 8 (pool=6)
2026-08-15 02:11:53,361 [DEBUG] cnn_neat: Added edge 5→6 (from 14 candidates)
2026-08-15 02:11:53,368 [DEBUG] cnn_neat: Split edge 0→8, new hidden node 9 (pool=7)
2026-08-15 02:11:53,376 [DEBUG] cnn_neat: Removed hidden node 7 (pool=6)
2026-08-15 02:11:53,382 [DEBUG] cnn_neat: Added edge 8→1 (from 25 candidates)
2026-08-15 02:11:53,390 [DEBUG] cnn_neat: Removed edge 5→2 (from 8 candidates)
2026-08-15 02:11:53,401 [DEBUG] cnn_neat: Removed hidden node 8 (pool=7)
2026-08-15 02:11:53,411 [DEBUG] cnn_neat: Split edge 0→6, new hidden node 8 (pool=6)
2026-08-15 02:11:53,416 [DEBUG] cnn_neat: Added edge 2→4 (from 20 candidates)
2026-08-15 02:11:53,424 [DEBUG] cnn_neat: Removed hidden node 5 (pool=6)
2026-08-15 02:11:53,429 [DEBUG] cnn_neat: Removed edge 2→6 (from 9 candidates)
2026-08-15 02:11:53,438 [DEBUG] cnn_neat: Removed 3 edges (requested 3)
2026-08-15 02:11:53,443 [DEBUG] cnn_neat: Split edge 2→6, new hidden node 9 (pool=7)
2026-08-15 02:11:53,448 [DEBUG] cnn_neat: Split edge 0→2, new hidden node 8 (pool=9)
2026-08-15 02:11:53,458 [DEBUG] cnn_neat: Split edge 3→1, new hidden node 8 (pool=5)
2026-08-15 02:11:53,463 [DEBUG] cnn_neat: Added edge 4→6 (from 25 candidates)
2026-08-15 02:11:53,472 [DEBUG] cnn_neat: Removed hidden node 7 (pool=6)
2026-08-15 02:11:53,478 [DEBUG] cnn_neat: Removed edge 0→6 (from 7 candidates)
2026-08-15 02:11:53,487 [DEBUG] cnn_neat: Removed 3 edges (requested 3)
2026-08-15 02:11:53,494 [DEBUG] cnn_neat: Split edge 0→2, new hidden node 9 (pool=4)
2026-08-15 02:11:53,499 [DEBUG] cnn_neat: Split edge 0→2, new hidden node 7 (pool=5)
2026-08-15 02:11:53,505 [DEBUG] cnn_neat: Split edge 0→3, new hidden node 8 (pool=4)
2026-08-15 02:11:53,583 [DEBUG] cnn_neat: Split edge 0→2, new hidden node 8 (pool=7)
2026-08-15 02:11:53,594 [DEBUG] cnn_neat: Added edge 4→6 (from 21 candidates)
2026-08-15 02:11:53,606 [DEBUG] cnn_neat: Removed hidden node 3 (pool=6)
2026-08-15 02:11:53,613 [DEBUG] cnn_neat: Removed edge 2→3 (from 9 candidates)
2026-08-15 02:11:53,628 [DEBUG] cnn_neat: Removed 3 edges (requested 3)
2026-08-15 02:11:53,637 [DEBUG] cnn_neat: Split edge 0→3, new hidden node 9 (pool=4)
2026-08-15 02:11:53,650 [DEBUG] cnn_neat: Split edge 2→3, new hidden node 9 (pool=4)
2026-08-15 02:11:53,658 [DEBUG] cnn_neat: Added edge 6→2 (from 36 candidates)
2026-08-15 02:11:53,669 [DEBUG] cnn_neat: Removed hidden node 2 (pool=7)
2026-08-15 02:11:53,678 [DEBUG] cnn_neat: Removed edge 2→3 (from 6 candidates)
2026-08-15 02:11:53,693 [DEBUG] cnn_neat: Removed 3 edges (requested 3)
2026-08-15 02:11:53,896 [DEBUG] cnn_neat: Split edge 3→1, new hidden node 9 (pool=4)
2026-08-15 02:11:53,901 [DEBUG] cnn_neat: Split edge 3→1, new hidden node 9 (pool=2)
2026-08-15 02:11:53,904 [DEBUG] cnn_neat: Split edge 0→2, new hidden node 9 (pool=3)
2026-08-15 02:11:53,916 [DEBUG] cnn_neat: Split edge 3→1, new hidden node 8 (pool=6)
2026-08-15 02:11:53,923 [DEBUG] cnn_neat: Added edge 2→5 (from 24 candidates)
2026-08-15 02:11:53,937 [DEBUG] cnn_neat: Removed hidden node 5 (pool=6)
2026-08-15 02:11:53,944 [DEBUG] cnn_neat: Removed edge 3→4 (from 11 candidates)
2026-08-15 02:11:53,959 [DEBUG] cnn_neat: Removed 3 edges (requested 3)
2026-08-15 02:11:53,971 [DEBUG] cnn_neat: Split edge 0→2, new hidden node 8 (pool=9)
2026-08-15 02:11:53,979 [DEBUG] cnn_neat: Split edge 2→3, new hidden node 8 (pool=7)
2026-08-15 02:11:53,989 [DEBUG] cnn_neat: Split edge 0→6, new hidden node 9 (pool=4)
2026-08-15 02:11:53,992 [DEBUG] cnn_neat: Added edge 7→4 (from 33 candidates)
2026-08-15 02:11:54,006 [DEBUG] cnn_neat: Removed hidden node 6 (pool=7)
2026-08-15 02:11:54,011 [DEBUG] cnn_neat: Removed edge 3→1 (from 6 candidates)
2026-08-15 02:11:54,027 [DEBUG] cnn_neat: Removed 3 edges (requested 3)
2026-08-15 02:11:54,234 [DEBUG] cnn_neat: Split edge 0→6, new hidden node 9 (pool=7)
2026-08-15 02:11:54,242 [DEBUG] cnn_neat: Split edge 3→1, new hidden node 9 (pool=3)
2026-08-15 02:11:54,256 [DEBUG] cnn_neat: Split edge 2→3, new hidden node 8 (pool=7)
2026-08-15 02:11:54,263 [DEBUG] cnn_neat: Added edge 7→1 (from 18 candidates)
2026-08-15 02:11:54,281 [DEBUG] cnn_neat: Removed hidden node 4 (pool=6)
2026-08-15 02:11:54,284 [DEBUG] cnn_neat: Removed edge 2→3 (from 10 candidates)
2026-08-15 02:11:54,296 [DEBUG] cnn_neat: Removed 3 edges (requested 3)
2026-08-15 02:11:54,308 [DEBUG] cnn_neat: Split edge 0→6, new hidden node 8 (pool=8)
2026-08-15 02:11:54,315 [DEBUG] cnn_neat: Split edge 3→6, new hidden node 8 (pool=8)
2026-08-15 02:11:54,322 [DEBUG] cnn_neat: Split edge 2→1, new hidden node 8 (pool=5)
2026-08-15 02:11:54,342 [DEBUG] cnn_neat: Added edge 8→4 (from 46 candidates)
2026-08-15 02:11:54,347 [DEBUG] cnn_neat: Removed hidden node 2 (pool=8)
2026-08-15 02:11:54,349 [DEBUG] cnn_neat: Removed edge 8→6 (from 6 candidates)
2026-08-15 02:11:54,362 [DEBUG] cnn_neat: Removed 3 edges (requested 3)
2026-08-15 02:11:54,375 [DEBUG] cnn_neat: Split edge 0→3, new hidden node 10 (pool=2)
2026-08-15 02:11:54,388 [DEBUG] cnn_neat: Split edge 0→2, new hidden node 10 (pool=1)
2026-08-15 02:11:54,399 [DEBUG] cnn_neat: Split edge 3→1, new hidden node 9 (pool=6)
2026-08-15 02:11:54,408 [DEBUG] cnn_neat: Added edge 7→2 (from 27 candidates)
2026-08-15 02:11:54,623 [DEBUG] cnn_neat: Removed hidden node 5 (pool=7)
2026-08-15 02:11:54,631 [DEBUG] cnn_neat: Removed edge 3→1 (from 10 candidates)
2026-08-15 02:11:54,648 [DEBUG] cnn_neat: Removed 3 edges (requested 3)
2026-08-15 02:11:54,657 [DEBUG] cnn_neat: Split edge 2→1, new hidden node 9 (pool=5)
2026-08-15 02:11:54,662 [DEBUG] cnn_neat: Split edge 0→2, new hidden node 9 (pool=4)
2026-08-15 02:11:54,670 [DEBUG] cnn_neat: Added edge 2→4 (from 28 candidates)
2026-08-15 02:11:54,672 [DEBUG] cnn_neat: Added edge 4→8 (from 30 candidates)
2026-08-15 02:11:54,680 [DEBUG] cnn_neat: Split edge 0→2, new hidden node 8 (pool=4)
2026-08-15 02:11:54,692 [DEBUG] cnn_neat: Added edge 5→3 (from 16 candidates)
2026-08-15 02:11:54,713 [DEBUG] cnn_neat: Removed hidden node 7 (pool=5)
2026-08-15 02:11:54,721 [DEBUG] cnn_neat: Removed edge 3→1 (from 9 candidates)
2026-08-15 02:11:54,735 [DEBUG] cnn_neat: Removed 3 edges (requested 3)
2026-08-15 02:11:54,745 [DEBUG] cnn_neat: Split edge 0→3, new hidden node 9 (pool=2)
2026-08-15 02:11:54,954 [DEBUG] cnn_neat: Split edge 3→1, new hidden node 8 (pool=5)
2026-08-15 02:11:54,960 [DEBUG] cnn_neat: Added edge 3→7 (from 21 candidates)
2026-08-15 02:11:54,972 [DEBUG] cnn_neat: Removed hidden node 6 (pool=6)
2026-08-15 02:11:54,978 [DEBUG] cnn_neat: Removed edge 3→1 (from 7 candidates)
2026-08-15 02:11:54,988 [DEBUG] cnn_neat: Removed 3 edges (requested 3)
2026-08-15 02:11:54,993 [DEBUG] cnn_neat: Split edge 2→3, new hidden node 9 (pool=4)
2026-08-15 02:11:54,998 [DEBUG] cnn_neat: Split edge 3→1, new hidden node 8 (pool=6)
2026-08-15 02:11:55,009 [DEBUG] cnn_neat: Split edge 0→2, new hidden node 9 (pool=7)
2026-08-15 02:11:55,012 [DEBUG] cnn_neat: Added edge 3→7 (from 34 candidates)
2026-08-15 02:11:55,023 [DEBUG] cnn_neat: Removed hidden node 2 (pool=7)
2026-08-15 02:11:55,031 [DEBUG] cnn_neat: Removed edge 2→1 (from 9 candidates)
2026-08-15 02:11:55,073 [DEBUG] cnn_neat: Removed 3 edges (requested 3)
2026-08-15 02:11:55,093 [DEBUG] cnn_neat: Split edge 0→3, new hidden node 10 (pool=1)
2026-08-15 02:11:55,103 [DEBUG] cnn_neat: Split edge 2→6, new hidden node 9 (pool=8)
2026-08-15 02:11:55,350 [DEBUG] cnn_neat: Added edge 2→4 (from 35 candidates)
2026-08-15 02:11:55,358 [DEBUG] cnn_neat: Removed hidden node 7 (pool=7)
2026-08-15 02:11:55,361 [DEBUG] cnn_neat: Removed edge 7→5 (from 11 candidates)
2026-08-15 02:11:55,368 [DEBUG] cnn_neat: Removed 3 edges (requested 3)
2026-08-15 02:11:55,374 [DEBUG] cnn_neat: Split edge 3→1, new hidden node 9 (pool=4)
2026-08-15 02:11:55,377 [DEBUG] cnn_neat: Split edge 3→1, new hidden node 9 (pool=4)
2026-08-15 02:11:55,388 [DEBUG] cnn_neat: Added edge 2→7 (from 34 candidates)
2026-08-15 02:11:55,396 [DEBUG] cnn_neat: Removed hidden node 3 (pool=7)
2026-08-15 02:11:55,399 [DEBUG] cnn_neat: Removed edge 4→1 (from 10 candidates)
2026-08-15 02:11:55,406 [DEBUG] cnn_neat: Removed 3 edges (requested 3)
2026-08-15 02:11:55,412 [DEBUG] cnn_neat: Split edge 0→2, new hidden node 9 (pool=2)
2026-08-15 02:11:55,416 [DEBUG] cnn_neat: Split edge 2→3, new hidden node 9 (pool=3)
2026-08-15 02:11:55,426 [DEBUG] cnn_neat: Split edge 0→6, new hidden node 9 (pool=6)
2026-08-15 02:11:55,432 [DEBUG] cnn_neat: Added edge 7→8 (from 30 candidates)
2026-08-15 02:11:55,444 [DEBUG] cnn_neat: Removed hidden node 5 (pool=7)
2026-08-15 02:11:55,449 [DEBUG] cnn_neat: Removed edge 5→1 (from 9 candidates)
2026-08-15 02:11:55,462 [DEBUG] cnn_neat: Removed 3 edges (requested 3)
2026-08-15 02:11:55,468 [DEBUG] cnn_neat: Split edge 3→8, new hidden node 9 (pool=8)
2026-08-15 02:11:55,472 [DEBUG] cnn_neat: Split edge 0→6, new hidden node 9 (pool=6)
2026-08-15 02:11:55,477 [DEBUG] cnn_neat: Split edge 0→2, new hidden node 9 (pool=1)
2026-08-15 02:11:55,487 [DEBUG] cnn_neat: Split edge 0→2, new hidden node 8 (pool=10)
2026-08-15 02:11:55,496 [DEBUG] cnn_neat: Added edge 6→4 (from 20 candidates)
2026-08-15 02:11:55,509 [DEBUG] cnn_neat: Removed hidden node 6 (pool=6)
2026-08-15 02:11:55,515 [DEBUG] cnn_neat: Removed edge 3→1 (from 12 candidates)
2026-08-15 02:11:55,524 [DEBUG] cnn_neat: Saved generation 16
2026-08-15 02:11:55,525 [DEBUG] cnn_neat: Removed 3 edges (requested 3)
2026-08-15 02:11:55,599 [DEBUG] cnn_neat: Selected 25 elite individuals
2026-08-15 02:11:55,610 [DEBUG] cnn_neat: Split edge 0→6, new hidden node 9 (pool=4)
2026-08-15 02:11:55,633 [DEBUG] cnn_neat: Split edge 2→1, new hidden node 8 (pool=11)
2026-08-15 02:11:55,723 [DEBUG] cnn_neat: Added edge 6→1 (from 31 candidates)
2026-08-15 02:11:55,745 [DEBUG] cnn_neat: Removed hidden node 5 (pool=7)
2026-08-15 02:11:55,755 [DEBUG] cnn_neat: Removed edge 4→1 (from 11 candidates)
2026-08-15 02:11:55,774 [DEBUG] cnn_neat: Removed 3 edges (requested 3)
2026-08-15 02:11:55,792 [DEBUG] cnn_neat: Split edge 2→3, new hidden node 9 (pool=4)
2026-08-15 02:11:55,804 [DEBUG] cnn_neat: Added edge 7→1 (from 30 candidates)
2026-08-15 02:11:55,811 [DEBUG] cnn_neat: Added edge 3→7 (from 32 candidates)
2026-08-15 02:11:55,827 [DEBUG] cnn_neat: Added edge 9→3 (from 43 candidates)
2026-08-15 02:11:55,828 [DEBUG] cnn_neat: Trimmed elite queue to 128 entries
2026-08-15 02:11:56,248 [DEBUG] cnn_neat: Split edge 8→1, new hidden node 10 (pool=5)
2026-08-15 02:11:56,250 [DEBUG] cnn_neat: Removed hidden node 2 (pool=8)
2026-08-15 02:11:56,253 [DEBUG] cnn_neat: Added edge 2→6 (from 34 candidates)
2026-08-15 02:11:56,257 [DEBUG] cnn_neat: Removed hidden node 3 (pool=7)
2026-08-15 02:11:56,260 [DEBUG] cnn_neat: Removed edge 2→3 (from 7 candidates)
2026-08-15 02:11:56,265 [DEBUG] cnn_neat: Removed 3 edges (requested 3)
2026-08-15 02:11:56,269 [DEBUG] cnn_neat: Crossover rejected: union topology invalid (edges=26 nodes=15)
2026-08-15 02:11:56,272 [DEBUG] cnn_neat: Split edge 8→1, new hidden node 10 (pool=5)
2026-08-15 02:11:56,276 [DEBUG] cnn_neat: Added edge 6→7 (from 47 candidates)
2026-08-15 02:11:56,279 [DEBUG] cnn_neat: Added edge 8→5 (from 34 candidates)
2026-08-15 02:11:56,282 [DEBUG] cnn_neat: Added edge 5→2 (from 32 candidates)
2026-08-15 02:11:56,285 [DEBUG] cnn_neat: Added edge 7→3 (from 20 candidates)
2026-08-15 02:11:56,288 [DEBUG] cnn_neat: Added edge 9→3 (from 19 candidates)
2026-08-15 02:11:56,292 [DEBUG] cnn_neat: Added edge 8→3 (from 17 candidates)
2026-08-15 02:11:56,295 [DEBUG] cnn_neat: Split edge 2→6, new hidden node 9 (pool=9)
2026-08-15 02:11:56,298 [DEBUG] cnn_neat: Added edge 6→1 (from 21 candidates)
2026-08-15 02:11:56,303 [DEBUG] cnn_neat: Removed hidden node 6 (pool=6)
2026-08-15 02:11:56,307 [DEBUG] cnn_neat: Split edge 0→3, new hidden node 9 (pool=7)
2026-08-15 02:11:56,309 [DEBUG] cnn_neat: Added edge 8→5 (from 26 candidates)
2026-08-15 02:11:56,312 [DEBUG] cnn_neat: Removed edge 3→1 (from 11 candidates)
2026-08-15 02:11:56,317 [DEBUG] cnn_neat: Removed 3 edges (requested 3)
2026-08-15 02:11:56,320 [DEBUG] cnn_neat: Crossover rejected: union topology invalid (edges=24 nodes=14)
2026-08-15 02:11:56,323 [DEBUG] cnn_neat: Split edge 0→3, new hidden node 9 (pool=9)
2026-08-15 02:11:56,325 [DEBUG] cnn_neat: Added edge 3→5 (from 21 candidates)
2026-08-15 02:11:56,328 [DEBUG] cnn_neat: Added edge 3→7 (from 17 candidates)
2026-08-15 02:11:56,331 [DEBUG] cnn_neat: Added edge 7→6 (from 14 candidates)
2026-08-15 02:11:56,335 [DEBUG] cnn_neat: Added edge 7→1 (from 13 candidates)
2026-08-15 02:11:56,338 [DEBUG] cnn_neat: Added edge 3→8 (from 12 candidates)
2026-08-15 02:11:56,341 [DEBUG] cnn_neat: Split edge 3→1, new hidden node 10 (pool=7)
2026-08-15 02:11:56,345 [DEBUG] cnn_neat: Added edge 7→6 (from 32 candidates)
2026-08-15 02:11:56,350 [DEBUG] cnn_neat: Removed hidden node 5 (pool=7)
2026-08-15 02:11:56,353 [DEBUG] cnn_neat: Removed edge 3→6 (from 10 candidates)
2026-08-15 02:11:56,357 [DEBUG] cnn_neat: Split edge 2→1, new hidden node 10 (pool=4)
2026-08-15 02:11:56,362 [DEBUG] cnn_neat: Removed 3 edges (requested 3)
2026-08-15 02:11:56,365 [DEBUG] cnn_neat: Crossover rejected: union topology invalid (edges=28 nodes=15)
2026-08-15 02:11:56,369 [DEBUG] cnn_neat: Split edge 0→2, new hidden node 10 (pool=7)
2026-08-15 02:11:56,372 [DEBUG] cnn_neat: Added edge 3→9 (from 32 candidates)
2026-08-15 02:11:56,375 [DEBUG] cnn_neat: Added edge 9→1 (from 27 candidates)
2026-08-15 02:11:56,378 [DEBUG] cnn_neat: Added edge 5→6 (from 26 candidates)
2026-08-15 02:11:56,381 [DEBUG] cnn_neat: Added edge 2→9 (from 23 candidates)
2026-08-15 02:11:56,385 [DEBUG] cnn_neat: Added edge 7→3 (from 22 candidates)
2026-08-15 02:11:56,392 [DEBUG] cnn_neat: Added edge 5→3 (from 44 candidates)
2026-08-15 02:11:56,396 [DEBUG] cnn_neat: Added edge 5→3 (from 44 candidates)
2026-08-15 02:11:56,401 [DEBUG] cnn_neat: Added edge 2→9 (from 39 candidates)
2026-08-15 02:11:56,406 [DEBUG] cnn_neat: Removed hidden node 8 (pool=8)
2026-08-15 02:11:56,409 [DEBUG] cnn_neat: Removed edge 8→1 (from 7 candidates)
2026-08-15 02:11:56,414 [DEBUG] cnn_neat: Removed 3 edges (requested 3)
2026-08-15 02:11:56,418 [DEBUG] cnn_neat: Crossover rejected: union topology invalid (edges=29 nodes=16)
2026-08-15 02:11:56,424 [DEBUG] cnn_neat: Added edge 3→8 (from 44 candidates)
2026-08-15 02:11:56,427 [DEBUG] cnn_neat: Added edge 10→3 (from 44 candidates)
2026-08-15 02:11:56,430 [DEBUG] cnn_neat: Added edge 8→3 (from 42 candidates)
2026-08-15 02:11:56,434 [DEBUG] cnn_neat: Added edge 10→9 (from 39 candidates)
2026-08-15 02:11:56,438 [DEBUG] cnn_neat: Added edge 7→2 (from 34 candidates)
2026-08-15 02:11:56,443 [DEBUG] cnn_neat: Added edge 7→8 (from 27 candidates)
2026-08-15 02:11:56,451 [DEBUG] cnn_neat: Added edge 3→8 (from 24 candidates)
2026-08-15 02:11:56,455 [DEBUG] cnn_neat: Added edge 4→1 (from 24 candidates)
2026-08-15 02:11:56,461 [DEBUG] cnn_neat: Added edge 9→1 (from 23 candidates)
2026-08-15 02:11:56,468 [DEBUG] cnn_neat: Removed hidden node 3 (pool=8)
2026-08-15 02:11:56,471 [DEBUG] cnn_neat: Removed edge 2→4 (from 13 candidates)
2026-08-15 02:11:56,478 [DEBUG] cnn_neat: Removed 3 edges (requested 3)
2026-08-15 02:11:56,483 [DEBUG] cnn_neat: Crossover rejected: union topology invalid (edges=31 nodes=17)
2026-08-15 02:11:56,488 [DEBUG] cnn_neat: Added edge 4→1 (from 24 candidates)
2026-08-15 02:11:56,495 [DEBUG] cnn_neat: Removed hidden node 9 (pool=8)
2026-08-15 02:11:56,498 [DEBUG] cnn_neat: Removed edge 7→5 (from 11 candidates)
2026-08-15 02:11:56,502 [DEBUG] cnn_neat: Added edge 9→4 (from 24 candidates)
2026-08-15 02:11:56,507 [DEBUG] cnn_neat: Added edge 3→8 (from 23 candidates)
2026-08-15 02:11:56,510 [DEBUG] cnn_neat: Added edge 8→5 (from 22 candidates)
2026-08-15 02:11:56,515 [DEBUG] cnn_neat: Added edge 9→3 (from 21 candidates)
2026-08-15 02:11:56,519 [DEBUG] cnn_neat: Added edge 6→5 (from 20 candidates)
2026-08-15 02:11:56,528 [DEBUG] cnn_neat: Added edge 3→8 (from 22 candidates)
2026-08-15 02:11:56,533 [DEBUG] cnn_neat: Added edge 9→4 (from 22 candidates)
2026-08-15 02:11:56,540 [DEBUG] cnn_neat: Removed hidden node 4 (pool=8)
2026-08-15 02:11:56,544 [DEBUG] cnn_neat: Removed edge 2→4 (from 15 candidates)
2026-08-15 02:11:56,552 [DEBUG] cnn_neat: Removed 3 edges (requested 3)
2026-08-15 02:11:56,556 [DEBUG] cnn_neat: Crossover rejected: union topology invalid (edges=31 nodes=16)
2026-08-15 02:11:56,563 [DEBUG] cnn_neat: Added edge 9→1 (from 22 candidates)
2026-08-15 02:11:56,567 [DEBUG] cnn_neat: Added edge 4→5 (from 22 candidates)
2026-08-15 02:11:56,571 [DEBUG] cnn_neat: Added edge 9→1 (from 21 candidates)
2026-08-15 02:11:56,576 [DEBUG] cnn_neat: Added edge 7→1 (from 20 candidates)
2026-08-15 02:11:56,581 [DEBUG] cnn_neat: Added edge 4→6 (from 19 candidates)
2026-08-15 02:11:56,586 [DEBUG] cnn_neat: Added edge 9→4 (from 18 candidates)
2026-08-15 02:11:56,589 [DEBUG] cnn_neat: Split edge 2→3, new hidden node 8 (pool=3)
2026-08-15 02:11:56,592 [DEBUG] cnn_neat: Added edge 6→7 (from 26 candidates)
2026-08-15 02:11:56,597 [DEBUG] cnn_neat: Removed hidden node 4 (pool=6)
2026-08-15 02:11:56,599 [DEBUG] cnn_neat: Split edge 2→3, new hidden node 8 (pool=4)
2026-08-15 02:11:56,602 [DEBUG] cnn_neat: Removed edge 4→1 (from 10 candidates)
2026-08-15 02:11:56,606 [DEBUG] cnn_neat: Removed 3 edges (requested 3)
2026-08-15 02:11:56,609 [DEBUG] cnn_neat: Crossover rejected: union topology invalid (edges=22 nodes=14)
2026-08-15 02:11:56,612 [DEBUG] cnn_neat: Split edge 2→3, new hidden node 8 (pool=3)
2026-08-15 02:11:56,616 [DEBUG] cnn_neat: Added edge 5→2 (from 36 candidates)
2026-08-15 02:11:56,619 [DEBUG] cnn_neat: Added edge 2→5 (from 26 candidates)
2026-08-15 02:11:56,622 [DEBUG] cnn_neat: Added edge 6→5 (from 24 candidates)
2026-08-15 02:11:56,625 [DEBUG] cnn_neat: Added edge 3→7 (from 22 candidates)
2026-08-15 02:11:56,628 [DEBUG] cnn_neat: Added edge 3→5 (from 18 candidates)
2026-08-15 02:11:56,632 [DEBUG] cnn_neat: Added edge 0→6 (from 17 candidates)
2026-08-15 02:11:56,635 [DEBUG] cnn_neat: Split edge 3→1, new hidden node 9 (pool=5)
2026-08-15 02:11:56,700 [DEBUG] cnn_neat: Split edge 0→8, new hidden node 9 (pool=9)
2026-08-15 02:11:56,802 [DEBUG] cnn_neat: Added edge 5→3 (from 24 candidates)
2026-08-15 02:11:56,858 [DEBUG] cnn_neat: Removed hidden node 8 (pool=6)
2026-08-15 02:11:56,865 [DEBUG] cnn_neat: Removed edge 2→6 (from 10 candidates)
2026-08-15 02:11:56,879 [DEBUG] cnn_neat: Removed 3 edges (requested 3)
2026-08-15 02:11:56,887 [DEBUG] cnn_neat: Split edge 0→2, new hidden node 9 (pool=9)
2026-08-15 02:11:56,892 [DEBUG] cnn_neat: Split edge 0→3, new hidden node 9 (pool=3)
2026-08-15 02:11:56,901 [DEBUG] cnn_neat: Added edge 2→5 (from 21 candidates)
2026-08-15 02:11:56,907 [DEBUG] cnn_neat: Added edge 8→5 (from 26 candidates)
2026-08-15 02:11:56,919 [DEBUG] cnn_neat: Split edge 0→2, new hidden node 9 (pool=6)
2026-08-15 02:11:56,927 [DEBUG] cnn_neat: Added edge 8→5 (from 26 candidates)
2026-08-15 02:11:56,941 [DEBUG] cnn_neat: Removed hidden node 8 (pool=6)
2026-08-15 02:11:56,947 [DEBUG] cnn_neat: Removed edge 3→1 (from 7 candidates)
2026-08-15 02:11:56,959 [DEBUG] cnn_neat: Removed 3 edges (requested 3)
2026-08-15 02:11:56,967 [DEBUG] cnn_neat: Split edge 0→2, new hidden node 9 (pool=9)
2026-08-15 02:11:56,972 [DEBUG] cnn_neat: Split edge 7→5, new hidden node 9 (pool=8)
2026-08-15 02:11:56,978 [DEBUG] cnn_neat: Added edge 7→8 (from 24 candidates)
2026-08-15 02:11:56,980 [DEBUG] cnn_neat: Added edge 8→1 (from 29 candidates)
2026-08-15 02:11:56,985 [DEBUG] cnn_neat: Split edge 8→1, new hidden node 9 (pool=7)
2026-08-15 02:11:56,989 [DEBUG] cnn_neat: Added edge 2→5 (from 17 candidates)
2026-08-15 02:11:56,997 [DEBUG] cnn_neat: Removed hidden node 2 (pool=5)
2026-08-15 02:11:57,338 [DEBUG] cnn_neat: Removed edge 0→3 (from 8 candidates)
2026-08-15 02:11:57,367 [DEBUG] cnn_neat: Split edge 2→1, new hidden node 10 (pool=5)
2026-08-15 02:11:57,390 [DEBUG] cnn_neat: Added edge 3→5 (from 34 candidates)
2026-08-15 02:11:57,431 [DEBUG] cnn_neat: Removed hidden node 6 (pool=7)
2026-08-15 02:11:57,451 [DEBUG] cnn_neat: Removed edge 0→3 (from 7 candidates)
2026-08-15 02:11:57,488 [DEBUG] cnn_neat: Removed 3 edges (requested 3)
2026-08-15 02:11:57,524 [DEBUG] cnn_neat: Split edge 3→5, new hidden node 10 (pool=8)
2026-08-15 02:11:57,561 [DEBUG] cnn_neat: Split edge 8→1, new hidden node 10 (pool=6)
2026-08-15 02:11:57,577 [DEBUG] cnn_neat: Split edge 0→3, new hidden node 9 (pool=9)
2026-08-15 02:11:57,591 [DEBUG] cnn_neat: Added edge 7→3 (from 21 candidates)
2026-08-15 02:11:57,606 [DEBUG] cnn_neat: Removed hidden node 3 (pool=6)
2026-08-15 02:11:57,622 [DEBUG] cnn_neat: Removed edge 0→3 (from 11 candidates)
2026-08-15 02:11:57,631 [DEBUG] cnn_neat: Removed 3 edges (requested 3)
2026-08-15 02:11:57,637 [DEBUG] cnn_neat: Split edge 8→6, new hidden node 9 (pool=10)
2026-08-15 02:11:57,641 [DEBUG] cnn_neat: Split edge 0→2, new hidden node 9 (pool=6)
2026-08-15 02:11:57,652 [DEBUG] cnn_neat: Split edge 0→3, new hidden node 10 (pool=4)
2026-08-15 02:11:57,659 [DEBUG] cnn_neat: Added edge 6→3 (from 34 candidates)
2026-08-15 02:11:57,669 [DEBUG] cnn_neat: Removed hidden node 3 (pool=7)
2026-08-15 02:11:57,675 [DEBUG] cnn_neat: Removed edge 2→1 (from 7 candidates)
2026-08-15 02:11:57,685 [DEBUG] cnn_neat: Removed 3 edges (requested 3)
2026-08-15 02:11:57,690 [DEBUG] cnn_neat: Split edge 0→2, new hidden node 11 (pool=1)
2026-08-15 02:11:57,698 [DEBUG] cnn_neat: Split edge 3→1, new hidden node 10 (pool=4)
2026-08-15 02:11:57,715 [DEBUG] cnn_neat: Added edge 2→5 (from 23 candidates)
2026-08-15 02:11:57,728 [DEBUG] cnn_neat: Removed hidden node 3 (pool=8)
2026-08-15 02:11:57,735 [DEBUG] cnn_neat: Removed edge 9→2 (from 14 candidates)
2026-08-15 02:11:57,748 [DEBUG] cnn_neat: Removed 3 edges (requested 3)
2026-08-15 02:11:57,758 [DEBUG] cnn_neat: Split edge 0→2, new hidden node 10 (pool=1)
2026-08-15 02:11:57,775 [DEBUG] cnn_neat: Added edge 6→1 (from 22 candidates)
2026-08-15 02:11:57,786 [DEBUG] cnn_neat: Split edge 2→1, new hidden node 10 (pool=7)
2026-08-15 02:11:57,792 [DEBUG] cnn_neat: Added edge 9→6 (from 32 candidates)
2026-08-15 02:11:57,802 [DEBUG] cnn_neat: Removed hidden node 3 (pool=7)
2026-08-15 02:11:57,807 [DEBUG] cnn_neat: Removed edge 2→6 (from 10 candidates)
2026-08-15 02:11:57,817 [DEBUG] cnn_neat: Removed 3 edges (requested 3)
2026-08-15 02:11:57,826 [DEBUG] cnn_neat: Split edge 2→1, new hidden node 10 (pool=8)
2026-08-15 02:11:57,832 [DEBUG] cnn_neat: Split edge 0→2, new hidden node 10 (pool=4)
2026-08-15 02:11:57,845 [DEBUG] cnn_neat: Added edge 9→6 (from 44 candidates)
2026-08-15 02:11:57,856 [DEBUG] cnn_neat: Removed hidden node 6 (pool=8)
2026-08-15 02:11:57,862 [DEBUG] cnn_neat: Removed edge 2→3 (from 7 candidates)
2026-08-15 02:11:57,873 [DEBUG] cnn_neat: Removed 3 edges (requested 3)
2026-08-15 02:11:57,884 [DEBUG] cnn_neat: Split edge 2→1, new hidden node 11 (pool=4)
2026-08-15 02:11:57,893 [DEBUG] cnn_neat: Split edge 0→3, new hidden node 11 (pool=1)
2026-08-15 02:11:57,988 [DEBUG] cnn_neat: Added edge 6→7 (from 24 candidates)
2026-08-15 02:11:57,999 [DEBUG] cnn_neat: Removed hidden node 9 (pool=8)
2026-08-15 02:11:58,008 [DEBUG] cnn_neat: Removed edge 5→1 (from 13 candidates)
2026-08-15 02:11:58,028 [DEBUG] cnn_neat: Removed 3 edges (requested 3)
2026-08-15 02:11:58,052 [DEBUG] cnn_neat: Added edge 8→5 (from 21 candidates)
2026-08-15 02:11:58,064 [DEBUG] cnn_neat: Added edge 3→7 (from 22 candidates)
2026-08-15 02:11:58,083 [DEBUG] cnn_neat: Added edge 8→1 (from 22 candidates)
2026-08-15 02:11:58,097 [DEBUG] cnn_neat: Removed hidden node 3 (pool=8)
2026-08-15 02:11:58,107 [DEBUG] cnn_neat: Removed edge 8→7 (from 15 candidates)
2026-08-15 02:11:58,140 [DEBUG] cnn_neat: Removed 3 edges (requested 3)
2026-08-15 02:11:58,149 [DEBUG] cnn_neat: Split edge 0→2, new hidden node 10 (pool=1)
2026-08-15 02:11:58,373 [DEBUG] cnn_neat: Split edge 0→2, new hidden node 10 (pool=1)
2026-08-15 02:11:58,386 [DEBUG] cnn_neat: Split edge 2→3, new hidden node 8 (pool=6)
2026-08-15 02:11:58,396 [DEBUG] cnn_neat: Added edge 2→7 (from 23 candidates)
2026-08-15 02:11:58,411 [DEBUG] cnn_neat: Removed hidden node 3 (pool=6)
2026-08-15 02:11:58,419 [DEBUG] cnn_neat: Removed edge 2→3 (from 8 candidates)
2026-08-15 02:11:58,438 [DEBUG] cnn_neat: Removed 3 edges (requested 3)
2026-08-15 02:11:58,446 [DEBUG] cnn_neat: Split edge 0→6, new hidden node 9 (pool=4)
2026-08-15 02:11:58,454 [DEBUG] cnn_neat: Split edge 0→3, new hidden node 8 (pool=3)
2026-08-15 02:11:58,465 [DEBUG] cnn_neat: Added edge 8→6 (from 32 candidates)
2026-08-15 02:11:58,473 [DEBUG] cnn_neat: Added edge 7→4 (from 26 candidates)
2026-08-15 02:11:58,488 [DEBUG] cnn_neat: Split edge 2→3, new hidden node 8 (pool=6)
2026-08-15 02:11:58,497 [DEBUG] cnn_neat: Added edge 7→3 (from 20 candidates)
2026-08-15 02:11:58,708 [DEBUG] cnn_neat: Removed hidden node 2 (pool=6)
2026-08-15 02:11:58,716 [DEBUG] cnn_neat: Removed edge 5→1 (from 9 candidates)
2026-08-15 02:11:58,734 [DEBUG] cnn_neat: Removed 3 edges (requested 3)
2026-08-15 02:11:58,737 [DEBUG] cnn_neat: Split edge 0→2, new hidden node 8 (pool=7)
2026-08-15 02:11:58,741 [DEBUG] cnn_neat: Split edge 0→6, new hidden node 8 (pool=3)
2026-08-15 02:11:58,746 [DEBUG] cnn_neat: Split edge 2→6, new hidden node 8 (pool=6)
2026-08-15 02:11:58,756 [DEBUG] cnn_neat: Split edge 2→1, new hidden node 8 (pool=5)
2026-08-15 02:11:58,765 [DEBUG] cnn_neat: Added edge 6→7 (from 25 candidates)
2026-08-15 02:11:58,781 [DEBUG] cnn_neat: Removed hidden node 2 (pool=6)
2026-08-15 02:11:58,784 [DEBUG] cnn_neat: Removed edge 2→1 (from 7 candidates)
2026-08-15 02:11:58,794 [DEBUG] cnn_neat: Removed 3 edges (requested 3)
2026-08-15 02:11:58,797 [DEBUG] cnn_neat: Split edge 0→6, new hidden node 9 (pool=4)
2026-08-15 02:11:58,806 [DEBUG] cnn_neat: Split edge 0→3, new hidden node 8 (pool=5)
2026-08-15 02:11:58,813 [DEBUG] cnn_neat: Split edge 0→2, new hidden node 8 (pool=3)
2026-08-15 02:11:58,828 [DEBUG] cnn_neat: Split edge 2→6, new hidden node 8 (pool=7)
2026-08-15 02:11:58,838 [DEBUG] cnn_neat: Added edge 4→7 (from 21 candidates)
2026-08-15 02:11:58,853 [DEBUG] cnn_neat: Removed hidden node 5 (pool=6)
2026-08-15 02:11:58,856 [DEBUG] cnn_neat: Removed edge 3→6 (from 9 candidates)
2026-08-15 02:11:58,861 [DEBUG] cnn_neat: Removed 3 edges (requested 3)
2026-08-15 02:11:58,867 [DEBUG] cnn_neat: Split edge 3→1, new hidden node 8 (pool=7)
2026-08-15 02:11:58,874 [DEBUG] cnn_neat: Split edge 0→7, new hidden node 8 (pool=8)
2026-08-15 02:11:58,880 [DEBUG] cnn_neat: Added edge 2→7 (from 14 candidates)
2026-08-15 02:11:58,883 [DEBUG] cnn_neat: Added edge 6→1 (from 24 candidates)
2026-08-15 02:11:58,889 [DEBUG] cnn_neat: Split edge 0→2, new hidden node 9 (pool=4)
2026-08-15 02:11:59,104 [DEBUG] cnn_neat: Added edge 2→8 (from 36 candidates)
2026-08-15 02:11:59,115 [DEBUG] cnn_neat: Removed hidden node 6 (pool=7)
2026-08-15 02:11:59,120 [DEBUG] cnn_neat: Removed edge 2→3 (from 6 candidates)
2026-08-15 02:11:59,139 [DEBUG] cnn_neat: Removed 3 edges (requested 3)
2026-08-15 02:11:59,151 [DEBUG] cnn_neat: Split edge 0→3, new hidden node 10 (pool=1)
2026-08-15 02:11:59,156 [DEBUG] cnn_neat: Split edge 2→1, new hidden node 9 (pool=5)
2026-08-15 02:11:59,167 [DEBUG] cnn_neat: Added edge 9→5 (from 47 candidates)
2026-08-15 02:11:59,175 [DEBUG] cnn_neat: Added edge 6→3 (from 33 candidates)
2026-08-15 02:11:59,188 [DEBUG] cnn_neat: Split edge 2→6, new hidden node 8 (pool=6)
2026-08-15 02:11:59,196 [DEBUG] cnn_neat: Added edge 5→3 (from 24 candidates)
2026-08-15 02:11:59,204 [DEBUG] cnn_neat: Removed hidden node 4 (pool=6)
2026-08-15 02:11:59,207 [DEBUG] cnn_neat: Removed edge 3→1 (from 11 candidates)
2026-08-15 02:11:59,226 [DEBUG] cnn_neat: Removed 3 edges (requested 3)
2026-08-15 02:11:59,237 [DEBUG] cnn_neat: Split edge 2→6, new hidden node 8 (pool=6)
2026-08-15 02:11:59,243 [DEBUG] cnn_neat: Split edge 2→1, new hidden node 8 (pool=7)
2026-08-15 02:11:59,254 [DEBUG] cnn_neat: Split edge 2→6, new hidden node 8 (pool=5)
2026-08-15 02:11:59,260 [DEBUG] cnn_neat: Split edge 2→1, new hidden node 9 (pool=4)
2026-08-15 02:11:59,271 [DEBUG] cnn_neat: Added edge 3→6 (from 33 candidates)
2026-08-15 02:11:59,293 [DEBUG] cnn_neat: Removed hidden node 8 (pool=7)
2026-08-15 02:11:59,300 [DEBUG] cnn_neat: Removed edge 8→6 (from 6 candidates)
2026-08-15 02:11:59,517 [DEBUG] cnn_neat: Removed 3 edges (requested 3)
2026-08-15 02:11:59,524 [DEBUG] cnn_neat: Split edge 2→1, new hidden node 9 (pool=4)
2026-08-15 02:11:59,529 [DEBUG] cnn_neat: Split edge 2→3, new hidden node 9 (pool=4)
2026-08-15 02:11:59,537 [DEBUG] cnn_neat: Added edge 8→3 (from 36 candidates)
2026-08-15 02:11:59,541 [DEBUG] cnn_neat: Added edge 6→4 (from 36 candidates)
2026-08-15 02:11:59,555 [DEBUG] cnn_neat: Split edge 3→6, new hidden node 8 (pool=7)
2026-08-15 02:11:59,599 [DEBUG] cnn_neat: Added edge 7→2 (from 18 candidates)
2026-08-15 02:11:59,610 [DEBUG] cnn_neat: Removed hidden node 4 (pool=6)
2026-08-15 02:11:59,613 [DEBUG] cnn_neat: Removed edge 3→6 (from 10 candidates)
2026-08-15 02:11:59,622 [DEBUG] cnn_neat: Removed 3 edges (requested 3)
2026-08-15 02:11:59,631 [DEBUG] cnn_neat: Split edge 7→2, new hidden node 8 (pool=8)
2026-08-15 02:11:59,635 [DEBUG] cnn_neat: Split edge 3→6, new hidden node 8 (pool=6)
2026-08-15 02:11:59,644 [DEBUG] cnn_neat: Added edge 5→3 (from 14 candidates)
2026-08-15 02:11:59,647 [DEBUG] cnn_neat: Added edge 2→6 (from 23 candidates)
2026-08-15 02:11:59,700 [DEBUG] cnn_neat: Added edge 4→9 (from 43 candidates)
2026-08-15 02:11:59,734 [DEBUG] cnn_neat: Removed hidden node 2 (pool=8)
2026-08-15 02:11:59,740 [DEBUG] cnn_neat: Removed edge 2→1 (from 10 candidates)
2026-08-15 02:11:59,997 [DEBUG] cnn_neat: Removed 3 edges (requested 3)
2026-08-15 02:12:00,004 [DEBUG] cnn_neat: Split edge 0→3, new hidden node 10 (pool=1)
2026-08-15 02:12:00,015 [DEBUG] cnn_neat: Added edge 8→3 (from 40 candidates)
2026-08-15 02:12:00,027 [DEBUG] cnn_neat: Removed hidden node 7 (pool=8)
2026-08-15 02:12:00,032 [DEBUG] cnn_neat: Removed edge 4→9 (from 7 candidates)
2026-08-15 02:12:00,040 [DEBUG] cnn_neat: Removed 3 edges (requested 3)
2026-08-15 02:12:00,047 [DEBUG] cnn_neat: Split edge 2→3, new hidden node 10 (pool=3)
2026-08-15 02:12:00,051 [DEBUG] cnn_neat: Split edge 9→6, new hidden node 10 (pool=7)
2026-08-15 02:12:00,055 [DEBUG] cnn_neat: Added edge 7→3 (from 36 candidates)
2026-08-15 02:12:00,067 [DEBUG] cnn_neat: Added edge 6→1 (from 41 candidates)
2026-08-15 02:12:00,077 [DEBUG] cnn_neat: Removed hidden node 6 (pool=8)
2026-08-15 02:12:00,081 [DEBUG] cnn_neat: Removed edge 2→3 (from 7 candidates)
2026-08-15 02:12:00,089 [DEBUG] cnn_neat: Removed 3 edges (requested 3)
2026-08-15 02:12:00,098 [DEBUG] cnn_neat: Split edge 2→3, new hidden node 10 (pool=4)
2026-08-15 02:12:00,109 [DEBUG] cnn_neat: Added edge 5→2 (from 40 candidates)
2026-08-15 02:12:00,121 [DEBUG] cnn_neat: Added edge 3→5 (from 40 candidates)
2026-08-15 02:12:00,128 [DEBUG] cnn_neat: Removed hidden node 7 (pool=8)
2026-08-15 02:12:00,133 [DEBUG] cnn_neat: Removed edge 5→1 (from 11 candidates)
2026-08-15 02:12:00,141 [DEBUG] cnn_neat: Removed 3 edges (requested 3)
2026-08-15 02:12:00,147 [DEBUG] cnn_neat: Split edge 2→1, new hidden node 10 (pool=7)
2026-08-15 02:12:00,153 [DEBUG] cnn_neat: Split edge 0→3, new hidden node 10 (pool=1)
2026-08-15 02:12:00,161 [DEBUG] cnn_neat: Split edge 3→1, new hidden node 8 (pool=3)
2026-08-15 02:12:00,165 [DEBUG] cnn_neat: Added edge 2→5 (from 26 candidates)
2026-08-15 02:12:00,172 [DEBUG] cnn_neat: Removed hidden node 4 (pool=6)
2026-08-15 02:12:00,177 [DEBUG] cnn_neat: Removed edge 5→1 (from 10 candidates)
2026-08-15 02:12:00,183 [DEBUG] cnn_neat: Removed 3 edges (requested 3)
2026-08-15 02:12:00,187 [DEBUG] cnn_neat: Split edge 0→2, new hidden node 9 (pool=1)
2026-08-15 02:12:00,192 [DEBUG] cnn_neat: Split edge 7→5, new hidden node 8 (pool=6)
2026-08-15 02:12:00,200 [DEBUG] cnn_neat: Split edge 2→1, new hidden node 9 (pool=5)
2026-08-15 02:12:00,204 [DEBUG] cnn_neat: Added edge 4→5 (from 25 candidates)
2026-08-15 02:12:00,211 [DEBUG] cnn_neat: Removed hidden node 7 (pool=6)
2026-08-15 02:12:00,217 [DEBUG] cnn_neat: Removed edge 0→8 (from 7 candidates)
2026-08-15 02:12:00,224 [DEBUG] cnn_neat: Removed 3 edges (requested 3)
2026-08-15 02:12:00,230 [DEBUG] cnn_neat: Split edge 3→1, new hidden node 9 (pool=5)
2026-08-15 02:12:00,234 [DEBUG] cnn_neat: Split edge 0→8, new hidden node 9 (pool=5)
2026-08-15 02:12:00,236 [DEBUG] cnn_neat: Split edge 0→3, new hidden node 8 (pool=2)
2026-08-15 02:12:00,244 [DEBUG] cnn_neat: Split edge 2→3, new hidden node 9 (pool=4)
2026-08-15 02:12:00,248 [DEBUG] cnn_neat: Added edge 5→2 (from 25 candidates)
2026-08-15 02:12:00,256 [DEBUG] cnn_neat: Saved generation 17
2026-08-15 02:12:00,301 [DEBUG] cnn_neat: Removed hidden node 5 (pool=6)
2026-08-15 02:12:00,336 [DEBUG] cnn_neat: Selected 25 elite individuals
2026-08-15 02:12:00,342 [DEBUG] cnn_neat: Removed edge 0→7 (from 10 candidates)
2026-08-15 02:12:00,368 [DEBUG] cnn_neat: Removed 3 edges (requested 3)
2026-08-15 02:12:00,441 [DEBUG] cnn_neat: Split edge 2→3, new hidden node 9 (pool=4)
2026-08-15 02:12:00,472 [DEBUG] cnn_neat: Split edge 2→3, new hidden node 8 (pool=4)
2026-08-15 02:12:00,489 [DEBUG] cnn_neat: Added edge 3→5 (from 25 candidates)
2026-08-15 02:12:00,512 [DEBUG] cnn_neat: Removed hidden node 7 (pool=6)
2026-08-15 02:12:00,522 [DEBUG] cnn_neat: Removed edge 2→1 (from 10 candidates)
2026-08-15 02:12:00,540 [DEBUG] cnn_neat: Removed 3 edges (requested 3)
2026-08-15 02:12:00,554 [DEBUG] cnn_neat: Split edge 2→1, new hidden node 8 (pool=7)
2026-08-15 02:12:00,566 [DEBUG] cnn_neat: Split edge 2→1, new hidden node 9 (pool=3)
2026-08-15 02:12:00,574 [DEBUG] cnn_neat: Added edge 6→1 (from 33 candidates)
2026-08-15 02:12:00,586 [DEBUG] cnn_neat: Removed hidden node 5 (pool=7)
2026-08-15 02:12:00,594 [DEBUG] cnn_neat: Removed edge 2→3 (from 6 candidates)
2026-08-15 02:12:00,607 [DEBUG] cnn_neat: Removed 3 edges (requested 3)
2026-08-15 02:12:00,608 [DEBUG] cnn_neat: Trimmed elite queue to 128 entries
2026-08-15 02:12:01,058 [DEBUG] cnn_neat: Split edge 0→3, new hidden node 10 (pool=1)
2026-08-15 02:12:01,059 [DEBUG] cnn_neat: Split edge 2→6, new hidden node 10 (pool=8)
2026-08-15 02:12:01,063 [DEBUG] cnn_neat: Added edge 6→7 (from 33 candidates)
2026-08-15 02:12:01,068 [DEBUG] cnn_neat: Removed hidden node 8 (pool=7)
2026-08-15 02:12:01,070 [DEBUG] cnn_neat: Removed edge 0→3 (from 10 candidates)
2026-08-15 02:12:01,077 [DEBUG] cnn_neat: Removed 3 edges (requested 3)
2026-08-15 02:12:01,081 [DEBUG] cnn_neat: Crossover rejected: union topology invalid (edges=29 nodes=16)
2026-08-15 02:12:01,084 [DEBUG] cnn_neat: Split edge 2→3, new hidden node 10 (pool=8)
2026-08-15 02:12:01,087 [DEBUG] cnn_neat: Added edge 7→1 (from 33 candidates)
2026-08-15 02:12:01,090 [DEBUG] cnn_neat: Added edge 9→5 (from 32 candidates)
2026-08-15 02:12:01,095 [DEBUG] cnn_neat: Added edge 9→7 (from 29 candidates)
2026-08-15 02:12:01,099 [DEBUG] cnn_neat: Added edge 6→1 (from 26 candidates)
2026-08-15 02:12:01,103 [DEBUG] cnn_neat: Added edge 9→1 (from 25 candidates)
2026-08-15 02:12:01,107 [DEBUG] cnn_neat: Split edge 8→1, new hidden node 10 (pool=5)
2026-08-15 02:12:01,110 [DEBUG] cnn_neat: Added edge 3→9 (from 31 candidates)
2026-08-15 02:12:01,116 [DEBUG] cnn_neat: Removed hidden node 5 (pool=7)
2026-08-15 02:12:01,119 [DEBUG] cnn_neat: Removed edge 5→1 (from 8 candidates)
2026-08-15 02:12:01,123 [DEBUG] cnn_neat: Removed 3 edges (requested 3)
2026-08-15 02:12:01,127 [DEBUG] cnn_neat: Crossover rejected: union topology invalid (edges=29 nodes=17)
2026-08-15 02:12:01,130 [DEBUG] cnn_neat: Split edge 0→3, new hidden node 10 (pool=5)
2026-08-15 02:12:01,133 [DEBUG] cnn_neat: Added edge 7→1 (from 31 candidates)
2026-08-15 02:12:01,137 [DEBUG] cnn_neat: Added edge 8→7 (from 30 candidates)
2026-08-15 02:12:01,140 [DEBUG] cnn_neat: Added edge 7→6 (from 27 candidates)
2026-08-15 02:12:01,144 [DEBUG] cnn_neat: Added edge 3→8 (from 26 candidates)
2026-08-15 02:12:01,147 [DEBUG] cnn_neat: Added edge 6→1 (from 18 candidates)
2026-08-15 02:12:01,150 [DEBUG] cnn_neat: Split edge 3→1, new hidden node 10 (pool=8)
2026-08-15 02:12:01,154 [DEBUG] cnn_neat: Added edge 7→9 (from 30 candidates)
2026-08-15 02:12:01,160 [DEBUG] cnn_neat: Removed hidden node 8 (pool=7)
2026-08-15 02:12:01,162 [DEBUG] cnn_neat: Removed edge 8→1 (from 11 candidates)
2026-08-15 02:12:01,168 [DEBUG] cnn_neat: Removed 3 edges (requested 3)
2026-08-15 02:12:01,172 [DEBUG] cnn_neat: Crossover rejected: union topology invalid (edges=26 nodes=15)
2026-08-15 02:12:01,175 [DEBUG] cnn_neat: Split edge 2→6, new hidden node 10 (pool=8)
2026-08-15 02:12:01,179 [DEBUG] cnn_neat: Added edge 3→9 (from 30 candidates)
2026-08-15 02:12:01,183 [DEBUG] cnn_neat: Added edge 8→5 (from 25 candidates)
2026-08-15 02:12:01,186 [DEBUG] cnn_neat: Added edge 7→2 (from 20 candidates)
2026-08-15 02:12:01,189 [DEBUG] cnn_neat: Added edge 2→9 (from 15 candidates)
2026-08-15 02:12:01,193 [DEBUG] cnn_neat: Added edge 9→5 (from 14 candidates)
2026-08-15 02:12:01,201 [DEBUG] cnn_neat: Added edge 2→4 (from 25 candidates)
2026-08-15 02:12:01,207 [DEBUG] cnn_neat: Removed hidden node 3 (pool=8)
2026-08-15 02:12:01,210 [DEBUG] cnn_neat: Removed edge 5→1 (from 9 candidates)
2026-08-15 02:12:01,214 [DEBUG] cnn_neat: Added edge 4→5 (from 25 candidates)
2026-08-15 02:12:01,220 [DEBUG] cnn_neat: Removed hidden node 9 (pool=8)
2026-08-15 02:12:01,224 [DEBUG] cnn_neat: Removed edge 4→8 (from 11 candidates)
2026-08-15 02:12:01,231 [DEBUG] cnn_neat: Removed 3 edges (requested 3)
2026-08-15 02:12:01,237 [DEBUG] cnn_neat: Crossover rejected: union topology invalid (edges=37 nodes=18)
2026-08-15 02:12:01,242 [DEBUG] cnn_neat: Added edge 9→8 (from 25 candidates)
2026-08-15 02:12:01,246 [DEBUG] cnn_neat: Added edge 6→7 (from 25 candidates)
2026-08-15 02:12:01,252 [DEBUG] cnn_neat: Added edge 9→3 (from 22 candidates)
2026-08-15 02:12:01,256 [DEBUG] cnn_neat: Added edge 6→5 (from 21 candidates)
2026-08-15 02:12:01,262 [DEBUG] cnn_neat: Added edge 9→7 (from 20 candidates)
2026-08-15 02:12:01,267 [DEBUG] cnn_neat: Added edge 3→7 (from 19 candidates)
2026-08-15 02:12:01,275 [DEBUG] cnn_neat: Added edge 2→7 (from 23 candidates)
2026-08-15 02:12:01,279 [DEBUG] cnn_neat: Added edge 5→6 (from 23 candidates)
2026-08-15 02:12:01,287 [DEBUG] cnn_neat: Removed hidden node 6 (pool=8)
2026-08-15 02:12:01,291 [DEBUG] cnn_neat: Removed edge 2→3 (from 15 candidates)
2026-08-15 02:12:01,299 [DEBUG] cnn_neat: Removed 3 edges (requested 3)
2026-08-15 02:12:01,304 [DEBUG] cnn_neat: Crossover rejected: union topology invalid (edges=33 nodes=17)
2026-08-15 02:12:01,310 [DEBUG] cnn_neat: Added edge 2→6 (from 23 candidates)
2026-08-15 02:12:01,314 [DEBUG] cnn_neat: Added edge 4→5 (from 23 candidates)
2026-08-15 02:12:01,319 [DEBUG] cnn_neat: Added edge 9→1 (from 22 candidates)
2026-08-15 02:12:01,324 [DEBUG] cnn_neat: Added edge 7→1 (from 21 candidates)
2026-08-15 02:12:01,328 [DEBUG] cnn_neat: Added edge 9→3 (from 20 candidates)
2026-08-15 02:12:01,333 [DEBUG] cnn_neat: Added edge 9→7 (from 19 candidates)
2026-08-15 02:12:01,342 [DEBUG] cnn_neat: Added edge 9→7 (from 22 candidates)
2026-08-15 02:12:01,347 [DEBUG] cnn_neat: Added edge 3→7 (from 22 candidates)
2026-08-15 02:12:01,358 [DEBUG] cnn_neat: Removed hidden node 9 (pool=8)
2026-08-15 02:12:01,362 [DEBUG] cnn_neat: Removed edge 2→3 (from 15 candidates)
2026-08-15 02:12:01,371 [DEBUG] cnn_neat: Removed 3 edges (requested 3)
2026-08-15 02:12:01,376 [DEBUG] cnn_neat: Crossover rejected: union topology invalid (edges=31 nodes=16)
2026-08-15 02:12:01,383 [DEBUG] cnn_neat: Added edge 9→3 (from 22 candidates)
2026-08-15 02:12:01,388 [DEBUG] cnn_neat: Added edge 2→5 (from 22 candidates)
2026-08-15 02:12:01,393 [DEBUG] cnn_neat: Added edge 9→1 (from 21 candidates)
2026-08-15 02:12:01,397 [DEBUG] cnn_neat: Added edge 2→6 (from 20 candidates)
2026-08-15 02:12:01,401 [DEBUG] cnn_neat: Added edge 3→5 (from 19 candidates)
2026-08-15 02:12:01,406 [DEBUG] cnn_neat: Added edge 6→5 (from 18 candidates)
2026-08-15 02:12:01,416 [DEBUG] cnn_neat: Added edge 9→5 (from 21 candidates)
2026-08-15 02:12:01,420 [DEBUG] cnn_neat: Added edge 2→5 (from 21 candidates)
2026-08-15 02:12:01,427 [DEBUG] cnn_neat: Removed hidden node 4 (pool=8)
2026-08-15 02:12:01,431 [DEBUG] cnn_neat: Removed edge 2→6 (from 16 candidates)
2026-08-15 02:12:01,438 [DEBUG] cnn_neat: Added edge 3→8 (from 22 candidates)
2026-08-15 02:12:01,446 [DEBUG] cnn_neat: Removed 3 edges (requested 3)
2026-08-15 02:12:01,452 [DEBUG] cnn_neat: Crossover rejected: union topology invalid (edges=40 nodes=18)
2026-08-15 02:12:01,458 [DEBUG] cnn_neat: Added edge 2→7 (from 21 candidates)
2026-08-15 02:12:01,462 [DEBUG] cnn_neat: Added edge 9→1 (from 21 candidates)
2026-08-15 02:12:01,467 [DEBUG] cnn_neat: Added edge 7→6 (from 20 candidates)
2026-08-15 02:12:01,472 [DEBUG] cnn_neat: Added edge 4→6 (from 18 candidates)
2026-08-15 02:12:01,477 [DEBUG] cnn_neat: Added edge 6→5 (from 17 candidates)
2026-08-15 02:12:01,481 [DEBUG] cnn_neat: Added edge 9→8 (from 15 candidates)
2026-08-15 02:12:01,490 [DEBUG] cnn_neat: Added edge 7→1 (from 38 candidates)
2026-08-15 02:12:01,495 [DEBUG] cnn_neat: Added edge 3→7 (from 38 candidates)
2026-08-15 02:12:01,501 [DEBUG] cnn_neat: Removed hidden node 5 (pool=8)
2026-08-15 02:12:01,580 [DEBUG] cnn_neat: Split edge 2→6, new hidden node 9 (pool=9)
2026-08-15 02:12:01,690 [DEBUG] cnn_neat: Added edge 5→6 (from 24 candidates)
2026-08-15 02:12:01,744 [DEBUG] cnn_neat: Removed hidden node 7 (pool=6)
2026-08-15 02:12:01,751 [DEBUG] cnn_neat: Removed edge 2→6 (from 10 candidates)
2026-08-15 02:12:01,764 [DEBUG] cnn_neat: Removed 3 edges (requested 3)
2026-08-15 02:12:01,769 [DEBUG] cnn_neat: Split edge 8→1, new hidden node 9 (pool=2)
2026-08-15 02:12:01,775 [DEBUG] cnn_neat: Added edge 7→3 (from 25 candidates)
2026-08-15 02:12:01,780 [DEBUG] cnn_neat: Split edge 8→6, new hidden node 10 (pool=7)
2026-08-15 02:12:01,787 [DEBUG] cnn_neat: Removed hidden node 7 (pool=6)
2026-08-15 02:12:01,792 [DEBUG] cnn_neat: Added edge 5→2 (from 39 candidates)
2026-08-15 02:12:01,803 [DEBUG] cnn_neat: Split edge 2→1, new hidden node 9 (pool=6)
2026-08-15 02:12:01,812 [DEBUG] cnn_neat: Added edge 6→5 (from 26 candidates)
2026-08-15 02:12:01,825 [DEBUG] cnn_neat: Removed hidden node 3 (pool=6)
2026-08-15 02:12:01,832 [DEBUG] cnn_neat: Removed edge 5→1 (from 7 candidates)
2026-08-15 02:12:01,844 [DEBUG] cnn_neat: Removed 3 edges (requested 3)
2026-08-15 02:12:01,853 [DEBUG] cnn_neat: Split edge 3→1, new hidden node 9 (pool=6)
2026-08-15 02:12:01,858 [DEBUG] cnn_neat: Split edge 2→1, new hidden node 9 (pool=3)
2026-08-15 02:12:01,871 [DEBUG] cnn_neat: Split edge 0→8, new hidden node 9 (pool=7)
2026-08-15 02:12:01,880 [DEBUG] cnn_neat: Added edge 7→8 (from 17 candidates)
2026-08-15 02:12:02,271 [DEBUG] cnn_neat: Removed hidden node 2 (pool=5)
2026-08-15 02:12:02,297 [DEBUG] cnn_neat: Split edge 2→1, new hidden node 10 (pool=5)
2026-08-15 02:12:02,325 [DEBUG] cnn_neat: Added edge 9→1 (from 34 candidates)
2026-08-15 02:12:02,395 [DEBUG] cnn_neat: Removed hidden node 6 (pool=7)
2026-08-15 02:12:02,409 [DEBUG] cnn_neat: Removed edge 3→1 (from 7 candidates)
2026-08-15 02:12:02,434 [DEBUG] cnn_neat: Removed 3 edges (requested 3)
2026-08-15 02:12:02,452 [DEBUG] cnn_neat: Split edge 2→3, new hidden node 10 (pool=5)
2026-08-15 02:12:02,497 [DEBUG] cnn_neat: Split edge 0→3, new hidden node 10 (pool=4)
2026-08-15 02:12:02,500 [DEBUG] cnn_neat: Split edge 0→3, new hidden node 10 (pool=10)
2026-08-15 02:12:02,513 [DEBUG] cnn_neat: Split edge 0→2, new hidden node 9 (pool=9)
2026-08-15 02:12:02,524 [DEBUG] cnn_neat: Added edge 2→7 (from 21 candidates)
2026-08-15 02:12:02,545 [DEBUG] cnn_neat: Removed hidden node 8 (pool=6)
2026-08-15 02:12:02,550 [DEBUG] cnn_neat: Removed edge 2→6 (from 11 candidates)
2026-08-15 02:12:02,572 [DEBUG] cnn_neat: Removed 3 edges (requested 3)
2026-08-15 02:12:02,577 [DEBUG] cnn_neat: Split edge 0→3, new hidden node 10 (pool=3)
2026-08-15 02:12:02,586 [DEBUG] cnn_neat: Split edge 3→1, new hidden node 10 (pool=8)
2026-08-15 02:12:02,592 [DEBUG] cnn_neat: Added edge 2→5 (from 33 candidates)
2026-08-15 02:12:02,601 [DEBUG] cnn_neat: Removed hidden node 8 (pool=7)
2026-08-15 02:12:02,605 [DEBUG] cnn_neat: Removed edge 8→1 (from 10 candidates)
2026-08-15 02:12:02,614 [DEBUG] cnn_neat: Removed 3 edges (requested 3)
2026-08-15 02:12:02,622 [DEBUG] cnn_neat: Split edge 2→3, new hidden node 10 (pool=11)
2026-08-15 02:12:02,626 [DEBUG] cnn_neat: Split edge 2→3, new hidden node 10 (pool=7)
2026-08-15 02:12:02,635 [DEBUG] cnn_neat: Split edge 3→1, new hidden node 10 (pool=5)
2026-08-15 02:12:02,640 [DEBUG] cnn_neat: Added edge 6→3 (from 31 candidates)
2026-08-15 02:12:02,649 [DEBUG] cnn_neat: Removed hidden node 3 (pool=7)
2026-08-15 02:12:02,654 [DEBUG] cnn_neat: Removed edge 5→6 (from 8 candidates)
2026-08-15 02:12:02,661 [DEBUG] cnn_neat: Removed 3 edges (requested 3)
2026-08-15 02:12:02,671 [DEBUG] cnn_neat: Split edge 2→3, new hidden node 10 (pool=5)
2026-08-15 02:12:02,674 [DEBUG] cnn_neat: Split edge 2→1, new hidden node 10 (pool=2)
2026-08-15 02:12:02,685 [DEBUG] cnn_neat: Split edge 0→3, new hidden node 10 (pool=4)
2026-08-15 02:12:02,690 [DEBUG] cnn_neat: Added edge 2→7 (from 34 candidates)
2026-08-15 02:12:02,701 [DEBUG] cnn_neat: Removed hidden node 3 (pool=7)
2026-08-15 02:12:02,707 [DEBUG] cnn_neat: Removed edge 2→3 (from 7 candidates)
2026-08-15 02:12:02,715 [DEBUG] cnn_neat: Removed 3 edges (requested 3)
2026-08-15 02:12:02,720 [DEBUG] cnn_neat: Split edge 3→1, new hidden node 10 (pool=3)
2026-08-15 02:12:02,723 [DEBUG] cnn_neat: Split edge 0→7, new hidden node 10 (pool=9)
2026-08-15 02:12:02,728 [DEBUG] cnn_neat: Added edge 7→2 (from 36 candidates)
2026-08-15 02:12:02,732 [DEBUG] cnn_neat: Added edge 9→6 (from 38 candidates)
2026-08-15 02:12:02,745 [DEBUG] cnn_neat: Added edge 5→6 (from 23 candidates)
2026-08-15 02:12:02,758 [DEBUG] cnn_neat: Removed hidden node 6 (pool=8)
2026-08-15 02:12:02,765 [DEBUG] cnn_neat: Removed edge 4→1 (from 14 candidates)
2026-08-15 02:12:02,778 [DEBUG] cnn_neat: Removed 3 edges (requested 3)
2026-08-15 02:12:02,788 [DEBUG] cnn_neat: Split edge 0→9, new hidden node 10 (pool=8)
2026-08-15 02:12:02,798 [DEBUG] cnn_neat: Added edge 4→7 (from 20 candidates)
2026-08-15 02:12:02,805 [DEBUG] cnn_neat: Added edge 9→5 (from 16 candidates)
2026-08-15 02:12:02,816 [DEBUG] cnn_neat: Split edge 2→1, new hidden node 10 (pool=7)
2026-08-15 02:12:02,822 [DEBUG] cnn_neat: Added edge 2→7 (from 32 candidates)
2026-08-15 02:12:02,833 [DEBUG] cnn_neat: Removed hidden node 6 (pool=7)
2026-08-15 02:12:02,839 [DEBUG] cnn_neat: Removed edge 8→1 (from 10 candidates)
2026-08-15 02:12:02,849 [DEBUG] cnn_neat: Removed 3 edges (requested 3)
2026-08-15 02:12:02,855 [DEBUG] cnn_neat: Split edge 2→6, new hidden node 10 (pool=8)
2026-08-15 02:12:02,860 [DEBUG] cnn_neat: Split edge 3→6, new hidden node 10 (pool=7)
2026-08-15 02:12:02,865 [DEBUG] cnn_neat: Split edge 0→7, new hidden node 10 (pool=11)
2026-08-15 02:12:02,881 [DEBUG] cnn_neat: Added edge 10→3 (from 44 candidates)
2026-08-15 02:12:02,899 [DEBUG] cnn_neat: Removed hidden node 6 (pool=8)
2026-08-15 02:12:02,903 [DEBUG] cnn_neat: Removed edge 8→1 (from 7 candidates)
2026-08-15 02:12:02,914 [DEBUG] cnn_neat: Removed 3 edges (requested 3)
2026-08-15 02:12:02,921 [DEBUG] cnn_neat: Split edge 0→3, new hidden node 11 (pool=1)
2026-08-15 02:12:02,928 [DEBUG] cnn_neat: Added edge 10→8 (from 42 candidates)
2026-08-15 02:12:02,933 [DEBUG] cnn_neat: Added edge 7→1 (from 48 candidates)
2026-08-15 02:12:02,938 [DEBUG] cnn_neat: Split edge 2→10, new hidden node 12 (pool=10)
2026-08-15 02:12:03,023 [DEBUG] cnn_neat: Added edge 6→7 (from 24 candidates)
2026-08-15 02:12:03,040 [DEBUG] cnn_neat: Removed hidden node 4 (pool=8)
2026-08-15 02:12:03,049 [DEBUG] cnn_neat: Removed edge 2→1 (from 13 candidates)
2026-08-15 02:12:03,060 [DEBUG] cnn_neat: Removed 3 edges (requested 3)
2026-08-15 02:12:03,070 [DEBUG] cnn_neat: Split edge 3→1, new hidden node 10 (pool=8)
2026-08-15 02:12:03,088 [DEBUG] cnn_neat: Added edge 9→7 (from 22 candidates)
2026-08-15 02:12:03,102 [DEBUG] cnn_neat: Added edge 8→1 (from 25 candidates)
2026-08-15 02:12:03,110 [DEBUG] cnn_neat: Added edge 2→3 (from 31 candidates)
2026-08-15 02:12:03,125 [DEBUG] cnn_neat: Split edge 0→2, new hidden node 10 (pool=8)
2026-08-15 02:12:03,133 [DEBUG] cnn_neat: Added edge 9→6 (from 30 candidates)
2026-08-15 02:12:03,149 [DEBUG] cnn_neat: Removed hidden node 5 (pool=7)
2026-08-15 02:12:03,162 [DEBUG] cnn_neat: Removed edge 2→6 (from 11 candidates)
2026-08-15 02:12:03,177 [DEBUG] cnn_neat: Removed 3 edges (requested 3)
2026-08-15 02:12:03,187 [DEBUG] cnn_neat: Split edge 3→6, new hidden node 10 (pool=9)
2026-08-15 02:12:03,418 [DEBUG] cnn_neat: Added edge 3→5 (from 25 candidates)
2026-08-15 02:12:03,435 [DEBUG] cnn_neat: Removed hidden node 4 (pool=8)
2026-08-15 02:12:03,446 [DEBUG] cnn_neat: Removed edge 3→1 (from 11 candidates)
2026-08-15 02:12:03,460 [DEBUG] cnn_neat: Removed 3 edges (requested 3)
2026-08-15 02:12:03,471 [DEBUG] cnn_neat: Split edge 0→2, new hidden node 10 (pool=1)
2026-08-15 02:12:03,485 [DEBUG] cnn_neat: Added edge 9→5 (from 24 candidates)
2026-08-15 02:12:03,494 [DEBUG] cnn_neat: Added edge 5→6 (from 26 candidates)
2026-08-15 02:12:03,517 [DEBUG] cnn_neat: Added edge 2→5 (from 23 candidates)
2026-08-15 02:12:03,532 [DEBUG] cnn_neat: Removed hidden node 3 (pool=8)
2026-08-15 02:12:03,542 [DEBUG] cnn_neat: Removed edge 3→4 (from 15 candidates)
2026-08-15 02:12:03,557 [DEBUG] cnn_neat: Removed 3 edges (requested 3)
2026-08-15 02:12:03,805 [DEBUG] cnn_neat: Added edge 8→1 (from 22 candidates)
2026-08-15 02:12:03,818 [DEBUG] cnn_neat: Added edge 6→5 (from 25 candidates)
2026-08-15 02:12:03,827 [DEBUG] cnn_neat: Added edge 5→6 (from 28 candidates)
2026-08-15 02:12:03,857 [DEBUG] cnn_neat: Added edge 5→6 (from 22 candidates)
2026-08-15 02:12:03,880 [DEBUG] cnn_neat: Removed hidden node 9 (pool=8)
2026-08-15 02:12:03,891 [DEBUG] cnn_neat: Removed edge 3→6 (from 15 candidates)
2026-08-15 02:12:03,920 [DEBUG] cnn_neat: Removed 3 edges (requested 3)
2026-08-15 02:12:03,951 [DEBUG] cnn_neat: Added edge 2→6 (from 19 candidates)
2026-08-15 02:12:03,963 [DEBUG] cnn_neat: Added edge 7→1 (from 23 candidates)
2026-08-15 02:12:03,970 [DEBUG] cnn_neat: Added edge 2→7 (from 27 candidates)
2026-08-15 02:12:04,213 [DEBUG] cnn_neat: Added edge 6→5 (from 21 candidates)
2026-08-15 02:12:04,241 [DEBUG] cnn_neat: Removed hidden node 8 (pool=8)
2026-08-15 02:12:04,245 [DEBUG] cnn_neat: Removed edge 3→4 (from 16 candidates)
2026-08-15 02:12:04,271 [DEBUG] cnn_neat: Removed 3 edges (requested 3)
2026-08-15 02:12:04,289 [DEBUG] cnn_neat: Split edge 0→3, new hidden node 10 (pool=12)
2026-08-15 02:12:04,301 [DEBUG] cnn_neat: Split edge 0→3, new hidden node 10 (pool=1)
2026-08-15 02:12:04,328 [DEBUG] cnn_neat: Added edge 8→3 (from 38 candidates)
2026-08-15 02:12:04,345 [DEBUG] cnn_neat: Removed hidden node 9 (pool=8)
2026-08-15 02:12:04,359 [DEBUG] cnn_neat: Removed edge 6→7 (from 7 candidates)
2026-08-15 02:12:04,382 [DEBUG] cnn_neat: Removed 3 edges (requested 3)
2026-08-15 02:12:04,394 [DEBUG] cnn_neat: Split edge 3→1, new hidden node 11 (pool=5)
2026-08-15 02:12:04,396 [DEBUG] cnn_neat: Split edge 0→7, new hidden node 11 (pool=10)
2026-08-15 02:12:04,406 [DEBUG] cnn_neat: Added edge 6→5 (from 36 candidates)
2026-08-15 02:12:04,689 [DEBUG] cnn_neat: Added edge 9→3 (from 22 candidates)
2026-08-15 02:12:04,711 [DEBUG] cnn_neat: Removed hidden node 8 (pool=8)
2026-08-15 02:12:04,724 [DEBUG] cnn_neat: Removed edge 9→6 (from 15 candidates)
2026-08-15 02:12:04,741 [DEBUG] cnn_neat: Removed 3 edges (requested 3)
2026-08-15 02:12:04,752 [DEBUG] cnn_neat: Split edge 9→7, new hidden node 10 (pool=12)
2026-08-15 02:12:04,758 [DEBUG] cnn_neat: Split edge 0→3, new hidden node 10 (pool=1)
2026-08-15 02:12:04,819 [DEBUG] cnn_neat: Added edge 2→6 (from 23 candidates)
2026-08-15 02:12:04,960 [DEBUG] cnn_neat: Removed hidden node 9 (pool=8)
2026-08-15 02:12:04,964 [DEBUG] cnn_neat: Removed edge 3→6 (from 13 candidates)
2026-08-15 02:12:04,971 [DEBUG] cnn_neat: Removed 3 edges (requested 3)
2026-08-15 02:12:04,997 [DEBUG] cnn_neat: Added edge 2→4 (from 22 candidates)
2026-08-15 02:12:05,221 [DEBUG] cnn_neat: Added edge 2→7 (from 22 candidates)
2026-08-15 02:12:05,275 [DEBUG] cnn_neat: Added edge 3→5 (from 21 candidates)
2026-08-15 02:12:05,285 [DEBUG] cnn_neat: Removed hidden node 5 (pool=8)
2026-08-15 02:12:05,291 [DEBUG] cnn_neat: Removed edge 4→1 (from 17 candidates)
2026-08-15 02:12:05,304 [DEBUG] cnn_neat: Removed 3 edges (requested 3)
2026-08-15 02:12:05,312 [DEBUG] cnn_neat: Split edge 9→6, new hidden node 10 (pool=15)
2026-08-15 02:12:05,321 [DEBUG] cnn_neat: Split edge 5→1, new hidden node 10 (pool=7)
2026-08-15 02:12:05,339 [DEBUG] cnn_neat: Added edge 6→7 (from 21 candidates)
2026-08-15 02:12:05,351 [DEBUG] cnn_neat: Removed hidden node 5 (pool=8)
2026-08-15 02:12:05,358 [DEBUG] cnn_neat: Removed edge 4→1 (from 16 candidates)
2026-08-15 02:12:05,372 [DEBUG] cnn_neat: Removed 3 edges (requested 3)
2026-08-15 02:12:05,380 [DEBUG] cnn_neat: Split edge 3→4, new hidden node 10 (pool=13)
2026-08-15 02:12:05,394 [DEBUG] cnn_neat: Added edge 3→5 (from 18 candidates)
2026-08-15 02:12:05,405 [DEBUG] cnn_neat: Split edge 9→7, new hidden node 10 (pool=9)
2026-08-15 02:12:05,414 [DEBUG] cnn_neat: Added edge 2→6 (from 21 candidates)
2026-08-15 02:12:05,424 [DEBUG] cnn_neat: Removed hidden node 5 (pool=7)
2026-08-15 02:12:05,429 [DEBUG] cnn_neat: Removed edge 0→9 (from 12 candidates)
2026-08-15 02:12:05,439 [DEBUG] cnn_neat: Removed 3 edges (requested 3)
2026-08-15 02:12:05,448 [DEBUG] cnn_neat: Split edge 2→1, new hidden node 10 (pool=10)
2026-08-15 02:12:05,456 [DEBUG] cnn_neat: Split edge 2→6, new hidden node 8 (pool=6)
2026-08-15 02:12:05,460 [DEBUG] cnn_neat: Added edge 2→5 (from 23 candidates)
2026-08-15 02:12:05,467 [DEBUG] cnn_neat: Removed hidden node 3 (pool=6)
2026-08-15 02:12:05,470 [DEBUG] cnn_neat: Removed edge 4→1 (from 8 candidates)
2026-08-15 02:12:05,477 [DEBUG] cnn_neat: Removed 3 edges (requested 3)
2026-08-15 02:12:05,481 [DEBUG] cnn_neat: Split edge 2→1, new hidden node 8 (pool=9)
2026-08-15 02:12:05,485 [DEBUG] cnn_neat: Split edge 3→1, new hidden node 8 (pool=6)
2026-08-15 02:12:05,489 [DEBUG] cnn_neat: Added edge 4→5 (from 21 candidates)
2026-08-15 02:12:05,493 [DEBUG] cnn_neat: Added edge 3→5 (from 24 candidates)
2026-08-15 02:12:05,501 [DEBUG] cnn_neat: Split edge 2→6, new hidden node 8 (pool=6)
2026-08-15 02:12:05,505 [DEBUG] cnn_neat: Added edge 4→7 (from 20 candidates)
2026-08-15 02:12:05,515 [DEBUG] cnn_neat: Removed hidden node 6 (pool=6)
2026-08-15 02:12:05,519 [DEBUG] cnn_neat: Removed edge 2→1 (from 9 candidates)
2026-08-15 02:12:05,527 [DEBUG] cnn_neat: Saved generation 18
2026-08-15 02:12:05,609 [DEBUG] cnn_neat: Removed 3 edges (requested 3)
2026-08-15 02:12:05,611 [DEBUG] cnn_neat: Selected 25 elite individuals
2026-08-15 02:12:05,628 [DEBUG] cnn_neat: Split edge 2→3, new hidden node 9 (pool=4)
2026-08-15 02:12:05,647 [DEBUG] cnn_neat: Split edge 2→3, new hidden node 8 (pool=6)
2026-08-15 02:12:05,730 [DEBUG] cnn_neat: Split edge 3→1, new hidden node 9 (pool=3)
2026-08-15 02:12:05,747 [DEBUG] cnn_neat: Added edge 5→3 (from 33 candidates)
2026-08-15 02:12:05,775 [DEBUG] cnn_neat: Removed hidden node 5 (pool=7)
2026-08-15 02:12:05,790 [DEBUG] cnn_neat: Removed edge 2→3 (from 6 candidates)
2026-08-15 02:12:05,812 [DEBUG] cnn_neat: Removed 3 edges (requested 3)
2026-08-15 02:12:05,824 [DEBUG] cnn_neat: Split edge 0→2, new hidden node 10 (pool=1)
2026-08-15 02:12:05,839 [DEBUG] cnn_neat: Split edge 2→3, new hidden node 9 (pool=3)
2026-08-15 02:12:05,852 [DEBUG] cnn_neat: Split edge 2→1, new hidden node 9 (pool=5)
2026-08-15 02:12:05,861 [DEBUG] cnn_neat: Added edge 8→5 (from 31 candidates)
2026-08-15 02:12:05,873 [DEBUG] cnn_neat: Removed hidden node 4 (pool=7)
2026-08-15 02:12:05,881 [DEBUG] cnn_neat: Removed edge 0→2 (from 7 candidates)
2026-08-15 02:12:05,892 [DEBUG] cnn_neat: Removed 3 edges (requested 3)
2026-08-15 02:12:05,901 [DEBUG] cnn_neat: Split edge 0→3, new hidden node 10 (pool=1)
2026-08-15 02:12:05,913 [DEBUG] cnn_neat: Split edge 0→2, new hidden node 9 (pool=4)
2026-08-15 02:12:05,921 [DEBUG] cnn_neat: Added edge 7→6 (from 32 candidates)
2026-08-15 02:12:05,930 [DEBUG] cnn_neat: Trimmed elite queue to 128 entries
2026-08-15 02:12:06,391 [DEBUG] cnn_neat: Removed hidden node 2 (pool=7)
2026-08-15 02:12:06,393 [DEBUG] cnn_neat: Split edge 8→1, new hidden node 10 (pool=6)
2026-08-15 02:12:06,396 [DEBUG] cnn_neat: Split edge 0→3, new hidden node 11 (pool=4)
2026-08-15 02:12:06,400 [DEBUG] cnn_neat: Added edge 9→7 (from 26 candidates)
2026-08-15 02:12:06,404 [DEBUG] cnn_neat: Removed hidden node 5 (pool=6)
2026-08-15 02:12:06,407 [DEBUG] cnn_neat: Removed edge 0→3 (from 7 candidates)
2026-08-15 02:12:06,412 [DEBUG] cnn_neat: Removed 3 edges (requested 3)
2026-08-15 02:12:06,416 [DEBUG] cnn_neat: Crossover rejected: union topology invalid (edges=26 nodes=16)
2026-08-15 02:12:06,419 [DEBUG] cnn_neat: Split edge 0→3, new hidden node 10 (pool=6)
2026-08-15 02:12:06,422 [DEBUG] cnn_neat: Added edge 7→9 (from 26 candidates)
2026-08-15 02:12:06,424 [DEBUG] cnn_neat: Added edge 3→5 (from 24 candidates)
2026-08-15 02:12:06,428 [DEBUG] cnn_neat: Added edge 9→3 (from 21 candidates)
2026-08-15 02:12:06,431 [DEBUG] cnn_neat: Added edge 9→5 (from 17 candidates)
2026-08-15 02:12:06,435 [DEBUG] cnn_neat: Added edge 8→3 (from 16 candidates)
2026-08-15 02:12:06,442 [DEBUG] cnn_neat: Added edge 3→10 (from 45 candidates)
2026-08-15 02:12:06,445 [DEBUG] cnn_neat: Added edge 10→3 (from 45 candidates)
2026-08-15 02:12:06,450 [DEBUG] cnn_neat: Removed hidden node 5 (pool=8)
2026-08-15 02:12:06,453 [DEBUG] cnn_neat: Removed edge 10→6 (from 7 candidates)
2026-08-15 02:12:06,458 [DEBUG] cnn_neat: Removed 3 edges (requested 3)
2026-08-15 02:12:06,462 [DEBUG] cnn_neat: Crossover rejected: union topology invalid (edges=30 nodes=17)
2026-08-15 02:12:06,467 [DEBUG] cnn_neat: Added edge 6→3 (from 45 candidates)
2026-08-15 02:12:06,471 [DEBUG] cnn_neat: Added edge 8→5 (from 45 candidates)
2026-08-15 02:12:06,474 [DEBUG] cnn_neat: Added edge 2→7 (from 43 candidates)
2026-08-15 02:12:06,478 [DEBUG] cnn_neat: Added edge 9→1 (from 40 candidates)
2026-08-15 02:12:06,482 [DEBUG] cnn_neat: Added edge 9→5 (from 39 candidates)
2026-08-15 02:12:06,486 [DEBUG] cnn_neat: Added edge 10→3 (from 37 candidates)
2026-08-15 02:12:06,489 [DEBUG] cnn_neat: Split edge 3→9, new hidden node 10 (pool=8)
2026-08-15 02:12:06,493 [DEBUG] cnn_neat: Added edge 7→3 (from 28 candidates)
2026-08-15 02:12:06,500 [DEBUG] cnn_neat: Removed hidden node 5 (pool=7)
2026-08-15 02:12:06,503 [DEBUG] cnn_neat: Removed edge 2→1 (from 11 candidates)
2026-08-15 02:12:06,508 [DEBUG] cnn_neat: Removed 3 edges (requested 3)
2026-08-15 02:12:06,512 [DEBUG] cnn_neat: Crossover rejected: union topology invalid (edges=30 nodes=17)
2026-08-15 02:12:06,515 [DEBUG] cnn_neat: Split edge 2→9, new hidden node 10 (pool=8)
2026-08-15 02:12:06,519 [DEBUG] cnn_neat: Added edge 9→1 (from 28 candidates)
2026-08-15 02:12:06,523 [DEBUG] cnn_neat: Added edge 8→5 (from 27 candidates)
2026-08-15 02:12:06,526 [DEBUG] cnn_neat: Added edge 3→5 (from 25 candidates)
2026-08-15 02:12:06,530 [DEBUG] cnn_neat: Added edge 3→7 (from 22 candidates)
2026-08-15 02:12:06,533 [DEBUG] cnn_neat: Added edge 7→6 (from 19 candidates)
2026-08-15 02:12:06,537 [DEBUG] cnn_neat: Split edge 2→1, new hidden node 11 (pool=4)
2026-08-15 02:12:06,542 [DEBUG] cnn_neat: Added edge 2→1 (from 50 candidates)
2026-08-15 02:12:06,546 [DEBUG] cnn_neat: Added edge 9→5 (from 37 candidates)
2026-08-15 02:12:06,551 [DEBUG] cnn_neat: Removed hidden node 5 (pool=7)
2026-08-15 02:12:06,554 [DEBUG] cnn_neat: Removed edge 8→1 (from 6 candidates)
2026-08-15 02:12:06,559 [DEBUG] cnn_neat: Removed 3 edges (requested 3)
2026-08-15 02:12:06,564 [DEBUG] cnn_neat: Crossover rejected: union topology invalid (edges=30 nodes=17)
2026-08-15 02:12:06,567 [DEBUG] cnn_neat: Split edge 2→1, new hidden node 11 (pool=4)
2026-08-15 02:12:06,570 [DEBUG] cnn_neat: Added edge 7→10 (from 50 candidates)
2026-08-15 02:12:06,573 [DEBUG] cnn_neat: Added edge 5→10 (from 37 candidates)
2026-08-15 02:12:06,576 [DEBUG] cnn_neat: Added edge 9→5 (from 34 candidates)
2026-08-15 02:12:06,580 [DEBUG] cnn_neat: Added edge 9→7 (from 31 candidates)
2026-08-15 02:12:06,584 [DEBUG] cnn_neat: Added edge 2→7 (from 29 candidates)
2026-08-15 02:12:06,588 [DEBUG] cnn_neat: Added edge 9→3 (from 26 candidates)
2026-08-15 02:12:06,591 [DEBUG] cnn_neat: Split edge 0→2, new hidden node 10 (pool=4)
2026-08-15 02:12:06,594 [DEBUG] cnn_neat: Split edge 0→3, new hidden node 11 (pool=1)
2026-08-15 02:12:06,598 [DEBUG] cnn_neat: Added edge 2→8 (from 33 candidates)
2026-08-15 02:12:06,604 [DEBUG] cnn_neat: Removed hidden node 6 (pool=7)
2026-08-15 02:12:06,607 [DEBUG] cnn_neat: Split edge 2→3, new hidden node 10 (pool=5)
2026-08-15 02:12:06,610 [DEBUG] cnn_neat: Removed edge 8→6 (from 7 candidates)
2026-08-15 02:12:06,614 [DEBUG] cnn_neat: Removed 3 edges (requested 3)
2026-08-15 02:12:06,618 [DEBUG] cnn_neat: Crossover rejected: union topology invalid (edges=23 nodes=14)
2026-08-15 02:12:06,621 [DEBUG] cnn_neat: Split edge 2→3, new hidden node 10 (pool=4)
2026-08-15 02:12:06,625 [DEBUG] cnn_neat: Added edge 7→6 (from 33 candidates)
2026-08-15 02:12:06,629 [DEBUG] cnn_neat: Added edge 2→6 (from 31 candidates)
2026-08-15 02:12:06,632 [DEBUG] cnn_neat: Added edge 7→2 (from 30 candidates)
2026-08-15 02:12:06,635 [DEBUG] cnn_neat: Added edge 7→3 (from 27 candidates)
2026-08-15 02:12:06,638 [DEBUG] cnn_neat: Added edge 5→9 (from 26 candidates)
2026-08-15 02:12:06,641 [DEBUG] cnn_neat: Split edge 9→6, new hidden node 10 (pool=8)
2026-08-15 02:12:06,646 [DEBUG] cnn_neat: Added edge 3→7 (from 31 candidates)
2026-08-15 02:12:06,650 [DEBUG] cnn_neat: Removed hidden node 7 (pool=7)
2026-08-15 02:12:06,654 [DEBUG] cnn_neat: Removed edge 2→3 (from 11 candidates)
2026-08-15 02:12:06,658 [DEBUG] cnn_neat: Removed 3 edges (requested 3)
2026-08-15 02:12:06,663 [DEBUG] cnn_neat: Crossover rejected: union topology invalid (edges=34 nodes=17)
2026-08-15 02:12:06,666 [DEBUG] cnn_neat: Split edge 3→6, new hidden node 10 (pool=8)
2026-08-15 02:12:06,670 [DEBUG] cnn_neat: Added edge 6→7 (from 31 candidates)
2026-08-15 02:12:06,674 [DEBUG] cnn_neat: Added edge 2→9 (from 20 candidates)
2026-08-15 02:12:06,678 [DEBUG] cnn_neat: Added edge 3→5 (from 17 candidates)
2026-08-15 02:12:06,682 [DEBUG] cnn_neat: Added edge 2→7 (from 16 candidates)
2026-08-15 02:12:06,687 [DEBUG] cnn_neat: Added edge 3→7 (from 15 candidates)
2026-08-15 02:12:06,694 [DEBUG] cnn_neat: Added edge 9→5 (from 43 candidates)
2026-08-15 02:12:06,698 [DEBUG] cnn_neat: Added edge 6→7 (from 43 candidates)
2026-08-15 02:12:06,703 [DEBUG] cnn_neat: Removed hidden node 5 (pool=8)
2026-08-15 02:12:06,706 [DEBUG] cnn_neat: Removed edge 2→3 (from 9 candidates)
2026-08-15 02:12:06,712 [DEBUG] cnn_neat: Removed 3 edges (requested 3)
2026-08-15 02:12:06,717 [DEBUG] cnn_neat: Crossover rejected: union topology invalid (edges=32 nodes=18)
2026-08-15 02:12:06,722 [DEBUG] cnn_neat: Added edge 10→1 (from 43 candidates)
2026-08-15 02:12:06,726 [DEBUG] cnn_neat: Added edge 5→3 (from 43 candidates)
2026-08-15 02:12:06,730 [DEBUG] cnn_neat: Added edge 5→9 (from 38 candidates)
2026-08-15 02:12:06,734 [DEBUG] cnn_neat: Added edge 2→5 (from 33 candidates)
2026-08-15 02:12:06,737 [DEBUG] cnn_neat: Added edge 10→9 (from 29 candidates)
2026-08-15 02:12:06,741 [DEBUG] cnn_neat: Added edge 10→1 (from 26 candidates)
2026-08-15 02:12:06,748 [DEBUG] cnn_neat: Added edge 9→3 (from 42 candidates)
2026-08-15 02:12:06,752 [DEBUG] cnn_neat: Added edge 2→8 (from 42 candidates)
2026-08-15 02:12:06,757 [DEBUG] cnn_neat: Removed hidden node 3 (pool=8)
2026-08-15 02:12:06,760 [DEBUG] cnn_neat: Removed edge 2→3 (from 9 candidates)
2026-08-15 02:12:06,766 [DEBUG] cnn_neat: Removed 3 edges (requested 3)
2026-08-15 02:12:06,771 [DEBUG] cnn_neat: Crossover rejected: union topology invalid (edges=31 nodes=17)
2026-08-15 02:12:06,776 [DEBUG] cnn_neat: Added edge 2→7 (from 42 candidates)
2026-08-15 02:12:06,856 [DEBUG] cnn_neat: Split edge 0→8, new hidden node 9 (pool=9)
2026-08-15 02:12:06,964 [DEBUG] cnn_neat: Added edge 3→7 (from 24 candidates)
2026-08-15 02:12:07,019 [DEBUG] cnn_neat: Removed hidden node 8 (pool=6)
2026-08-15 02:12:07,027 [DEBUG] cnn_neat: Removed edge 2→3 (from 10 candidates)
2026-08-15 02:12:07,039 [DEBUG] cnn_neat: Removed 3 edges (requested 3)
2026-08-15 02:12:07,047 [DEBUG] cnn_neat: Split edge 8→1, new hidden node 9 (pool=10)
2026-08-15 02:12:07,054 [DEBUG] cnn_neat: Split edge 8→1, new hidden node 9 (pool=8)
2026-08-15 02:12:07,058 [DEBUG] cnn_neat: Split edge 2→6, new hidden node 9 (pool=6)
2026-08-15 02:12:07,071 [DEBUG] cnn_neat: Split edge 0→3, new hidden node 9 (pool=6)
2026-08-15 02:12:07,078 [DEBUG] cnn_neat: Added edge 3→8 (from 26 candidates)
2026-08-15 02:12:07,090 [DEBUG] cnn_neat: Removed hidden node 3 (pool=6)
2026-08-15 02:12:07,097 [DEBUG] cnn_neat: Removed edge 8→1 (from 7 candidates)
2026-08-15 02:12:07,109 [DEBUG] cnn_neat: Removed 3 edges (requested 3)
2026-08-15 02:12:07,116 [DEBUG] cnn_neat: Split edge 0→9, new hidden node 10 (pool=6)
2026-08-15 02:12:07,124 [DEBUG] cnn_neat: Split edge 3→1, new hidden node 9 (pool=7)
2026-08-15 02:12:07,129 [DEBUG] cnn_neat: Split edge 0→2, new hidden node 9 (pool=2)
2026-08-15 02:12:07,141 [DEBUG] cnn_neat: Split edge 2→3, new hidden node 9 (pool=7)
2026-08-15 02:12:07,149 [DEBUG] cnn_neat: Added edge 8→5 (from 17 candidates)
2026-08-15 02:12:07,510 [DEBUG] cnn_neat: Removed hidden node 3 (pool=5)
2026-08-15 02:12:07,538 [DEBUG] cnn_neat: Split edge 2→3, new hidden node 10 (pool=5)
2026-08-15 02:12:07,560 [DEBUG] cnn_neat: Added edge 5→3 (from 34 candidates)
2026-08-15 02:12:07,601 [DEBUG] cnn_neat: Removed hidden node 6 (pool=7)
2026-08-15 02:12:07,623 [DEBUG] cnn_neat: Removed edge 5→1 (from 7 candidates)
2026-08-15 02:12:07,661 [DEBUG] cnn_neat: Removed 3 edges (requested 3)
2026-08-15 02:12:07,685 [DEBUG] cnn_neat: Split edge 2→3, new hidden node 10 (pool=5)
2026-08-15 02:12:07,698 [DEBUG] cnn_neat: Split edge 8→1, new hidden node 10 (pool=5)
2026-08-15 02:12:07,755 [DEBUG] cnn_neat: Split edge 2→6, new hidden node 9 (pool=9)
2026-08-15 02:12:07,765 [DEBUG] cnn_neat: Added edge 6→1 (from 21 candidates)
2026-08-15 02:12:07,786 [DEBUG] cnn_neat: Removed hidden node 7 (pool=6)
2026-08-15 02:12:07,796 [DEBUG] cnn_neat: Removed edge 5→1 (from 11 candidates)
2026-08-15 02:12:07,816 [DEBUG] cnn_neat: Removed 3 edges (requested 3)
2026-08-15 02:12:07,821 [DEBUG] cnn_neat: Split edge 3→1, new hidden node 9 (pool=9)
2026-08-15 02:12:07,825 [DEBUG] cnn_neat: Split edge 2→6, new hidden node 9 (pool=9)
2026-08-15 02:12:07,830 [DEBUG] cnn_neat: Split edge 8→1, new hidden node 9 (pool=3)
2026-08-15 02:12:07,834 [DEBUG] cnn_neat: Added edge 8→2 (from 14 candidates)
2026-08-15 02:12:07,843 [DEBUG] cnn_neat: Split edge 0→8, new hidden node 10 (pool=8)
2026-08-15 02:12:07,848 [DEBUG] cnn_neat: Added edge 3→5 (from 33 candidates)
2026-08-15 02:12:07,857 [DEBUG] cnn_neat: Removed hidden node 3 (pool=7)
2026-08-15 02:12:07,862 [DEBUG] cnn_neat: Removed edge 2→1 (from 10 candidates)
2026-08-15 02:12:07,870 [DEBUG] cnn_neat: Removed 3 edges (requested 3)
2026-08-15 02:12:07,879 [DEBUG] cnn_neat: Split edge 0→7, new hidden node 10 (pool=11)
2026-08-15 02:12:07,889 [DEBUG] cnn_neat: Split edge 3→1, new hidden node 10 (pool=5)
2026-08-15 02:12:07,895 [DEBUG] cnn_neat: Added edge 7→6 (from 31 candidates)
2026-08-15 02:12:07,905 [DEBUG] cnn_neat: Removed hidden node 3 (pool=7)
2026-08-15 02:12:07,910 [DEBUG] cnn_neat: Removed edge 3→1 (from 8 candidates)
2026-08-15 02:12:07,921 [DEBUG] cnn_neat: Removed 3 edges (requested 3)
2026-08-15 02:12:07,926 [DEBUG] cnn_neat: Split edge 8→1, new hidden node 10 (pool=8)
2026-08-15 02:12:07,931 [DEBUG] cnn_neat: Split edge 2→1, new hidden node 10 (pool=4)
2026-08-15 02:12:07,937 [DEBUG] cnn_neat: Added edge 8→3 (from 30 candidates)
2026-08-15 02:12:07,942 [DEBUG] cnn_neat: Added edge 8→7 (from 32 candidates)
2026-08-15 02:12:07,953 [DEBUG] cnn_neat: Split edge 0→3, new hidden node 10 (pool=6)
2026-08-15 02:12:07,960 [DEBUG] cnn_neat: Added edge 9→8 (from 26 candidates)
2026-08-15 02:12:07,967 [DEBUG] cnn_neat: Removed hidden node 8 (pool=6)
2026-08-15 02:12:07,972 [DEBUG] cnn_neat: Removed edge 3→1 (from 7 candidates)
2026-08-15 02:12:07,980 [DEBUG] cnn_neat: Removed 3 edges (requested 3)
2026-08-15 02:12:07,985 [DEBUG] cnn_neat: Split edge 0→3, new hidden node 10 (pool=6)
2026-08-15 02:12:07,990 [DEBUG] cnn_neat: Split edge 2→1, new hidden node 10 (pool=4)
2026-08-15 02:12:08,003 [DEBUG] cnn_neat: Added edge 3→7 (from 45 candidates)
2026-08-15 02:12:08,012 [DEBUG] cnn_neat: Removed hidden node 3 (pool=8)
2026-08-15 02:12:08,018 [DEBUG] cnn_neat: Removed edge 8→1 (from 7 candidates)
2026-08-15 02:12:08,028 [DEBUG] cnn_neat: Removed 3 edges (requested 3)
2026-08-15 02:12:08,044 [DEBUG] cnn_neat: Added edge 10→7 (from 40 candidates)
2026-08-15 02:12:08,048 [DEBUG] cnn_neat: Added edge 5→2 (from 37 candidates)
2026-08-15 02:12:08,058 [DEBUG] cnn_neat: Split edge 3→1, new hidden node 10 (pool=8)
2026-08-15 02:12:08,065 [DEBUG] cnn_neat: Added edge 3→8 (from 28 candidates)
2026-08-15 02:12:08,075 [DEBUG] cnn_neat: Removed hidden node 3 (pool=7)
2026-08-15 02:12:08,082 [DEBUG] cnn_neat: Removed edge 0→2 (from 11 candidates)
2026-08-15 02:12:08,094 [DEBUG] cnn_neat: Removed 3 edges (requested 3)
2026-08-15 02:12:08,105 [DEBUG] cnn_neat: Split edge 0→3, new hidden node 10 (pool=9)
2026-08-15 02:12:08,111 [DEBUG] cnn_neat: Split edge 3→1, new hidden node 10 (pool=2)
2026-08-15 02:12:08,189 [DEBUG] cnn_neat: Split edge 2→3, new hidden node 10 (pool=4)
2026-08-15 02:12:08,198 [DEBUG] cnn_neat: Added edge 9→2 (from 34 candidates)
2026-08-15 02:12:08,216 [DEBUG] cnn_neat: Removed hidden node 7 (pool=7)
2026-08-15 02:12:08,224 [DEBUG] cnn_neat: Removed edge 8→6 (from 7 candidates)
2026-08-15 02:12:08,232 [DEBUG] cnn_neat: Removed 3 edges (requested 3)
2026-08-15 02:12:08,244 [DEBUG] cnn_neat: Split edge 0→3, new hidden node 10 (pool=5)
2026-08-15 02:12:08,246 [DEBUG] cnn_neat: Split edge 2→1, new hidden node 10 (pool=4)
2026-08-15 02:12:08,271 [DEBUG] cnn_neat: Added edge 8→1 (from 23 candidates)
2026-08-15 02:12:08,296 [DEBUG] cnn_neat: Removed hidden node 8 (pool=8)
2026-08-15 02:12:08,313 [DEBUG] cnn_neat: Removed edge 3→1 (from 14 candidates)
2026-08-15 02:12:08,573 [DEBUG] cnn_neat: Removed 3 edges (requested 3)
2026-08-15 02:12:08,584 [DEBUG] cnn_neat: Split edge 2→1, new hidden node 10 (pool=11)
2026-08-15 02:12:08,595 [DEBUG] cnn_neat: Split edge 0→2, new hidden node 10 (pool=1)
2026-08-15 02:12:08,613 [DEBUG] cnn_neat: Split edge 2→6, new hidden node 10 (pool=7)
2026-08-15 02:12:08,627 [DEBUG] cnn_neat: Added edge 7→6 (from 32 candidates)
2026-08-15 02:12:08,637 [DEBUG] cnn_neat: Removed hidden node 9 (pool=7)
2026-08-15 02:12:08,644 [DEBUG] cnn_neat: Removed edge 2→1 (from 10 candidates)
2026-08-15 02:12:08,662 [DEBUG] cnn_neat: Removed 3 edges (requested 3)
2026-08-15 02:12:08,673 [DEBUG] cnn_neat: Split edge 3→1, new hidden node 9 (pool=7)
2026-08-15 02:12:08,679 [DEBUG] cnn_neat: Split edge 3→1, new hidden node 10 (pool=6)
2026-08-15 02:12:08,683 [DEBUG] cnn_neat: Split edge 0→3, new hidden node 10 (pool=5)
2026-08-15 02:12:08,706 [DEBUG] cnn_neat: Added edge 7→3 (from 44 candidates)
2026-08-15 02:12:08,946 [DEBUG] cnn_neat: Removed hidden node 9 (pool=8)
2026-08-15 02:12:08,952 [DEBUG] cnn_neat: Removed edge 5→1 (from 7 candidates)
2026-08-15 02:12:08,962 [DEBUG] cnn_neat: Removed 3 edges (requested 3)
2026-08-15 02:12:08,975 [DEBUG] cnn_neat: Split edge 2→3, new hidden node 11 (pool=3)
2026-08-15 02:12:08,985 [DEBUG] cnn_neat: Split edge 0→9, new hidden node 11 (pool=11)
2026-08-15 02:12:09,006 [DEBUG] cnn_neat: Added edge 7→1 (from 24 candidates)
2026-08-15 02:12:09,028 [DEBUG] cnn_neat: Removed hidden node 3 (pool=8)
2026-08-15 02:12:09,032 [DEBUG] cnn_neat: Removed edge 9→6 (from 13 candidates)
2026-08-15 02:12:09,045 [DEBUG] cnn_neat: Removed 3 edges (requested 3)
2026-08-15 02:12:09,065 [DEBUG] cnn_neat: Split edge 0→3, new hidden node 10 (pool=1)
2026-08-15 02:12:09,076 [DEBUG] cnn_neat: Added edge 4→6 (from 23 candidates)
2026-08-15 02:12:09,087 [DEBUG] cnn_neat: Added edge 9→5 (from 25 candidates)
2026-08-15 02:12:09,093 [DEBUG] cnn_neat: Split edge 2→3, new hidden node 10 (pool=8)
2026-08-15 02:12:09,103 [DEBUG] cnn_neat: Added edge 8→5 (from 30 candidates)
2026-08-15 02:12:09,340 [DEBUG] cnn_neat: Removed hidden node 6 (pool=7)
2026-08-15 02:12:09,350 [DEBUG] cnn_neat: Removed edge 2→3 (from 11 candidates)
2026-08-15 02:12:09,357 [DEBUG] cnn_neat: Removed 3 edges (requested 3)
2026-08-15 02:12:09,372 [DEBUG] cnn_neat: Split edge 2→6, new hidden node 10 (pool=8)
2026-08-15 02:12:09,380 [DEBUG] cnn_neat: Split edge 3→1, new hidden node 10 (pool=7)
2026-08-15 02:12:09,391 [DEBUG] cnn_neat: Split edge 0→3, new hidden node 11 (pool=4)
2026-08-15 02:12:09,401 [DEBUG] cnn_neat: Added edge 5→9 (from 37 candidates)
2026-08-15 02:12:09,411 [DEBUG] cnn_neat: Removed hidden node 3 (pool=7)
2026-08-15 02:12:09,418 [DEBUG] cnn_neat: Removed edge 0→3 (from 6 candidates)
2026-08-15 02:12:09,431 [DEBUG] cnn_neat: Removed 3 edges (requested 3)
2026-08-15 02:12:09,441 [DEBUG] cnn_neat: Split edge 0→2, new hidden node 12 (pool=1)
2026-08-15 02:12:09,449 [DEBUG] cnn_neat: Split edge 2→1, new hidden node 11 (pool=4)
2026-08-15 02:12:09,467 [DEBUG] cnn_neat: Split edge 2→3, new hidden node 10 (pool=4)
2026-08-15 02:12:09,481 [DEBUG] cnn_neat: Added edge 5→9 (from 33 candidates)
2026-08-15 02:12:09,725 [DEBUG] cnn_neat: Removed hidden node 6 (pool=7)
2026-08-15 02:12:09,735 [DEBUG] cnn_neat: Removed edge 8→1 (from 7 candidates)
2026-08-15 02:12:09,745 [DEBUG] cnn_neat: Removed 3 edges (requested 3)
2026-08-15 02:12:09,748 [DEBUG] cnn_neat: Split edge 3→1, new hidden node 10 (pool=4)
2026-08-15 02:12:09,751 [DEBUG] cnn_neat: Split edge 2→3, new hidden node 10 (pool=4)
2026-08-15 02:12:09,762 [DEBUG] cnn_neat: Split edge 8→1, new hidden node 10 (pool=4)
2026-08-15 02:12:09,767 [DEBUG] cnn_neat: Split edge 3→6, new hidden node 10 (pool=8)
2026-08-15 02:12:09,770 [DEBUG] cnn_neat: Added edge 5→2 (from 31 candidates)
2026-08-15 02:12:09,775 [DEBUG] cnn_neat: Removed hidden node 2 (pool=7)
2026-08-15 02:12:09,778 [DEBUG] cnn_neat: Removed edge 8→6 (from 11 candidates)
2026-08-15 02:12:09,783 [DEBUG] cnn_neat: Removed 3 edges (requested 3)
2026-08-15 02:12:09,786 [DEBUG] cnn_neat: Split edge 2→1, new hidden node 10 (pool=8)
2026-08-15 02:12:09,788 [DEBUG] cnn_neat: Split edge 3→6, new hidden node 10 (pool=4)
2026-08-15 02:12:09,796 [DEBUG] cnn_neat: Added edge 8→7 (from 43 candidates)
2026-08-15 02:12:09,801 [DEBUG] cnn_neat: Removed hidden node 3 (pool=8)
2026-08-15 02:12:09,803 [DEBUG] cnn_neat: Removed edge 2→1 (from 9 candidates)
2026-08-15 02:12:09,808 [DEBUG] cnn_neat: Removed 3 edges (requested 3)
2026-08-15 02:12:09,812 [DEBUG] cnn_neat: Split edge 0→2, new hidden node 11 (pool=1)
2026-08-15 02:12:09,818 [DEBUG] cnn_neat: Added edge 7→6 (from 38 candidates)
2026-08-15 02:12:09,864 [DEBUG] cnn_neat: Added edge 6→5 (from 42 candidates)
2026-08-15 02:12:09,876 [DEBUG] cnn_neat: Removed hidden node 7 (pool=8)
2026-08-15 02:12:09,881 [DEBUG] cnn_neat: Removed edge 2→1 (from 9 candidates)
2026-08-15 02:12:09,887 [DEBUG] cnn_neat: Removed 3 edges (requested 3)
2026-08-15 02:12:09,897 [DEBUG] cnn_neat: Split edge 3→1, new hidden node 11 (pool=3)
2026-08-15 02:12:09,910 [DEBUG] cnn_neat: Added edge 2→8 (from 35 candidates)
2026-08-15 02:12:09,957 [DEBUG] cnn_neat: Split edge 3→4, new hidden node 10 (pool=11)
2026-08-15 02:12:09,978 [DEBUG] cnn_neat: Added edge 9→4 (from 16 candidates)
2026-08-15 02:12:09,998 [DEBUG] cnn_neat: Removed hidden node 9 (pool=7)
2026-08-15 02:12:10,260 [DEBUG] cnn_neat: Removed edge 3→4 (from 14 candidates)
2026-08-15 02:12:10,272 [DEBUG] cnn_neat: Removed 3 edges (requested 3)
2026-08-15 02:12:10,289 [DEBUG] cnn_neat: Added edge 8→1 (from 20 candidates)
2026-08-15 02:12:10,300 [DEBUG] cnn_neat: Removed hidden node 3 (pool=8)
2026-08-15 02:12:10,306 [DEBUG] cnn_neat: Removed edge 4→8 (from 16 candidates)
2026-08-15 02:12:10,320 [DEBUG] cnn_neat: Removed 3 edges (requested 3)
2026-08-15 02:12:10,331 [DEBUG] cnn_neat: Split edge 0→2, new hidden node 10 (pool=1)
2026-08-15 02:12:10,342 [DEBUG] cnn_neat: Added edge 4→1 (from 19 candidates)
2026-08-15 02:12:10,358 [DEBUG] cnn_neat: Added edge 3→7 (from 22 candidates)
2026-08-15 02:12:10,370 [DEBUG] cnn_neat: Removed hidden node 8 (pool=8)
2026-08-15 02:12:10,376 [DEBUG] cnn_neat: Removed edge 8→6 (from 16 candidates)
2026-08-15 02:12:10,388 [DEBUG] cnn_neat: Removed 3 edges (requested 3)
2026-08-15 02:12:10,397 [DEBUG] cnn_neat: Split edge 0→3, new hidden node 10 (pool=12)
2026-08-15 02:12:10,409 [DEBUG] cnn_neat: Added edge 7→6 (from 21 candidates)
2026-08-15 02:12:10,422 [DEBUG] cnn_neat: Added edge 8→6 (from 35 candidates)
2026-08-15 02:12:10,431 [DEBUG] cnn_neat: Removed hidden node 3 (pool=8)
2026-08-15 02:12:10,435 [DEBUG] cnn_neat: Removed edge 3→1 (from 9 candidates)
2026-08-15 02:12:10,444 [DEBUG] cnn_neat: Removed 3 edges (requested 3)
2026-08-15 02:12:10,447 [DEBUG] cnn_neat: Split edge 0→2, new hidden node 10 (pool=3)
2026-08-15 02:12:10,452 [DEBUG] cnn_neat: Split edge 0→2, new hidden node 10 (pool=1)
2026-08-15 02:12:10,456 [DEBUG] cnn_neat: Split edge 0→2, new hidden node 10 (pool=1)
2026-08-15 02:12:10,465 [DEBUG] cnn_neat: Saved generation 19
2026-08-15 02:12:10,542 [DEBUG] cnn_neat: Selected 25 elite individuals
2026-08-15 02:12:10,553 [DEBUG] cnn_neat: Added edge 9→3 (from 33 candidates)
2026-08-15 02:12:10,587 [DEBUG] cnn_neat: Removed hidden node 7 (pool=8)
2026-08-15 02:12:10,648 [DEBUG] cnn_neat: Removed edge 9→6 (from 10 candidates)
2026-08-15 02:12:10,678 [DEBUG] cnn_neat: Removed 3 edges (requested 3)
2026-08-15 02:12:10,697 [DEBUG] cnn_neat: Split edge 3→6, new hidden node 10 (pool=7)
2026-08-15 02:12:10,722 [DEBUG] cnn_neat: Added edge 7→3 (from 32 candidates)
2026-08-15 02:12:10,747 [DEBUG] cnn_neat: Split edge 0→3, new hidden node 10 (pool=9)
2026-08-15 02:12:10,758 [DEBUG] cnn_neat: Added edge 2→7 (from 21 candidates)
2026-08-15 02:12:10,773 [DEBUG] cnn_neat: Removed hidden node 8 (pool=7)
2026-08-15 02:12:10,781 [DEBUG] cnn_neat: Removed edge 3→6 (from 12 candidates)
2026-08-15 02:12:10,796 [DEBUG] cnn_neat: Removed 3 edges (requested 3)
2026-08-15 02:12:10,802 [DEBUG] cnn_neat: Trimmed elite queue to 128 entries
2026-08-15 02:12:11,263 [DEBUG] cnn_neat: Split edge 0→2, new hidden node 11 (pool=1)
2026-08-15 02:12:11,269 [DEBUG] cnn_neat: Added edge 5→9 (from 43 candidates)
2026-08-15 02:12:11,272 [DEBUG] cnn_neat: Added edge 2→8 (from 43 candidates)
2026-08-15 02:12:11,279 [DEBUG] cnn_neat: Removed hidden node 5 (pool=8)
2026-08-15 02:12:11,281 [DEBUG] cnn_neat: Removed edge 3→1 (from 8 candidates)
2026-08-15 02:12:11,287 [DEBUG] cnn_neat: Removed 3 edges (requested 3)
2026-08-15 02:12:11,291 [DEBUG] cnn_neat: Crossover rejected: union topology invalid (edges=30 nodes=17)
2026-08-15 02:12:11,297 [DEBUG] cnn_neat: Added edge 5→3 (from 43 candidates)
2026-08-15 02:12:11,301 [DEBUG] cnn_neat: Added edge 9→7 (from 43 candidates)
2026-08-15 02:12:11,304 [DEBUG] cnn_neat: Added edge 7→8 (from 38 candidates)
2026-08-15 02:12:11,308 [DEBUG] cnn_neat: Added edge 6→1 (from 33 candidates)
2026-08-15 02:12:11,313 [DEBUG] cnn_neat: Added edge 6→5 (from 32 candidates)
2026-08-15 02:12:11,318 [DEBUG] cnn_neat: Added edge 7→10 (from 28 candidates)
2026-08-15 02:12:11,321 [DEBUG] cnn_neat: Split edge 8→1, new hidden node 9 (pool=6)
2026-08-15 02:12:11,325 [DEBUG] cnn_neat: Added edge 7→8 (from 23 candidates)
2026-08-15 02:12:11,330 [DEBUG] cnn_neat: Removed hidden node 6 (pool=6)
2026-08-15 02:12:11,332 [DEBUG] cnn_neat: Split edge 0→8, new hidden node 9 (pool=7)
2026-08-15 02:12:11,335 [DEBUG] cnn_neat: Added edge 8→3 (from 26 candidates)
2026-08-15 02:12:11,339 [DEBUG] cnn_neat: Removed edge 8→1 (from 8 candidates)
2026-08-15 02:12:11,344 [DEBUG] cnn_neat: Removed 3 edges (requested 3)
2026-08-15 02:12:11,347 [DEBUG] cnn_neat: Crossover rejected: union topology invalid (edges=23 nodes=14)
2026-08-15 02:12:11,349 [DEBUG] cnn_neat: Split edge 0→3, new hidden node 9 (pool=6)
2026-08-15 02:12:11,352 [DEBUG] cnn_neat: Added edge 6→1 (from 23 candidates)
2026-08-15 02:12:11,356 [DEBUG] cnn_neat: Added edge 8→3 (from 22 candidates)
2026-08-15 02:12:11,360 [DEBUG] cnn_neat: Added edge 5→3 (from 20 candidates)
2026-08-15 02:12:11,363 [DEBUG] cnn_neat: Added edge 8→7 (from 17 candidates)
2026-08-15 02:12:11,367 [DEBUG] cnn_neat: Added edge 3→6 (from 14 candidates)
2026-08-15 02:12:11,373 [DEBUG] cnn_neat: Added edge 5→10 (from 47 candidates)
2026-08-15 02:12:11,377 [DEBUG] cnn_neat: Added edge 10→7 (from 47 candidates)
2026-08-15 02:12:11,382 [DEBUG] cnn_neat: Removed hidden node 9 (pool=8)
2026-08-15 02:12:11,385 [DEBUG] cnn_neat: Removed edge 8→1 (from 6 candidates)
2026-08-15 02:12:11,390 [DEBUG] cnn_neat: Removed 3 edges (requested 3)
2026-08-15 02:12:11,394 [DEBUG] cnn_neat: Crossover rejected: union topology invalid (edges=29 nodes=18)
2026-08-15 02:12:11,398 [DEBUG] cnn_neat: Added edge 6→3 (from 47 candidates)
2026-08-15 02:12:11,402 [DEBUG] cnn_neat: Added edge 10→6 (from 47 candidates)
2026-08-15 02:12:11,406 [DEBUG] cnn_neat: Added edge 10→5 (from 45 candidates)
2026-08-15 02:12:11,409 [DEBUG] cnn_neat: Added edge 2→8 (from 42 candidates)
2026-08-15 02:12:11,412 [DEBUG] cnn_neat: Added edge 6→7 (from 40 candidates)
2026-08-15 02:12:11,417 [DEBUG] cnn_neat: Added edge 8→9 (from 31 candidates)
2026-08-15 02:12:11,424 [DEBUG] cnn_neat: Added edge 5→2 (from 42 candidates)
2026-08-15 02:12:11,427 [DEBUG] cnn_neat: Added edge 10→9 (from 42 candidates)
2026-08-15 02:12:11,432 [DEBUG] cnn_neat: Removed hidden node 5 (pool=8)
2026-08-15 02:12:11,435 [DEBUG] cnn_neat: Removed edge 2→1 (from 9 candidates)
2026-08-15 02:12:11,440 [DEBUG] cnn_neat: Removed 3 edges (requested 3)
2026-08-15 02:12:11,444 [DEBUG] cnn_neat: Crossover rejected: union topology invalid (edges=32 nodes=18)
2026-08-15 02:12:11,448 [DEBUG] cnn_neat: Added edge 2→7 (from 42 candidates)
2026-08-15 02:12:11,452 [DEBUG] cnn_neat: Added edge 2→8 (from 42 candidates)
2026-08-15 02:12:11,455 [DEBUG] cnn_neat: Added edge 9→7 (from 40 candidates)
2026-08-15 02:12:11,458 [DEBUG] cnn_neat: Added edge 2→7 (from 35 candidates)
2026-08-15 02:12:11,462 [DEBUG] cnn_neat: Added edge 3→7 (from 34 candidates)
2026-08-15 02:12:11,466 [DEBUG] cnn_neat: Added edge 7→1 (from 31 candidates)
2026-08-15 02:12:11,473 [DEBUG] cnn_neat: Added edge 5→2 (from 38 candidates)
2026-08-15 02:12:11,475 [DEBUG] cnn_neat: Added edge 8→7 (from 38 candidates)
2026-08-15 02:12:11,480 [DEBUG] cnn_neat: Removed hidden node 3 (pool=8)
2026-08-15 02:12:11,483 [DEBUG] cnn_neat: Removed edge 10→9 (from 8 candidates)
2026-08-15 02:12:11,489 [DEBUG] cnn_neat: Removed 3 edges (requested 3)
2026-08-15 02:12:11,492 [DEBUG] cnn_neat: Crossover rejected: union topology invalid (edges=31 nodes=17)
2026-08-15 02:12:11,497 [DEBUG] cnn_neat: Added edge 10→8 (from 38 candidates)
2026-08-15 02:12:11,500 [DEBUG] cnn_neat: Added edge 10→7 (from 38 candidates)
2026-08-15 02:12:11,504 [DEBUG] cnn_neat: Added edge 8→7 (from 31 candidates)
2026-08-15 02:12:11,508 [DEBUG] cnn_neat: Added edge 3→8 (from 28 candidates)
2026-08-15 02:12:11,511 [DEBUG] cnn_neat: Added edge 7→9 (from 25 candidates)
2026-08-15 02:12:11,515 [DEBUG] cnn_neat: Added edge 8→5 (from 22 candidates)
2026-08-15 02:12:11,521 [DEBUG] cnn_neat: Added edge 3→7 (from 39 candidates)
2026-08-15 02:12:11,524 [DEBUG] cnn_neat: Added edge 8→3 (from 39 candidates)
2026-08-15 02:12:11,532 [DEBUG] cnn_neat: Removed hidden node 10 (pool=8)
2026-08-15 02:12:11,535 [DEBUG] cnn_neat: Removed edge 2→1 (from 8 candidates)
2026-08-15 02:12:11,539 [DEBUG] cnn_neat: Removed 3 edges (requested 3)
2026-08-15 02:12:11,544 [DEBUG] cnn_neat: Crossover rejected: union topology invalid (edges=32 nodes=17)
2026-08-15 02:12:11,549 [DEBUG] cnn_neat: Added edge 3→7 (from 39 candidates)
2026-08-15 02:12:11,554 [DEBUG] cnn_neat: Removed hidden node 9 (pool=8)
2026-08-15 02:12:11,557 [DEBUG] cnn_neat: Added edge 7→8 (from 39 candidates)
2026-08-15 02:12:11,560 [DEBUG] cnn_neat: Added edge 8→5 (from 37 candidates)
2026-08-15 02:12:11,564 [DEBUG] cnn_neat: Added edge 5→3 (from 35 candidates)
2026-08-15 02:12:11,568 [DEBUG] cnn_neat: Added edge 6→1 (from 28 candidates)
2026-08-15 02:12:11,573 [DEBUG] cnn_neat: Added edge 10→1 (from 27 candidates)
2026-08-15 02:12:11,577 [DEBUG] cnn_neat: Split edge 2→1, new hidden node 10 (pool=4)
2026-08-15 02:12:11,579 [DEBUG] cnn_neat: Added edge 6→9 (from 36 candidates)
2026-08-15 02:12:11,585 [DEBUG] cnn_neat: Removed hidden node 2 (pool=7)
2026-08-15 02:12:11,587 [DEBUG] cnn_neat: Removed edge 2→1 (from 6 candidates)
2026-08-15 02:12:11,592 [DEBUG] cnn_neat: Removed 3 edges (requested 3)
2026-08-15 02:12:11,596 [DEBUG] cnn_neat: Crossover rejected: union topology invalid (edges=26 nodes=16)
2026-08-15 02:12:11,599 [DEBUG] cnn_neat: Split edge 2→1, new hidden node 10 (pool=4)
2026-08-15 02:12:11,602 [DEBUG] cnn_neat: Added edge 5→9 (from 49 candidates)
2026-08-15 02:12:11,605 [DEBUG] cnn_neat: Added edge 9→7 (from 36 candidates)
2026-08-15 02:12:11,609 [DEBUG] cnn_neat: Added edge 9→1 (from 33 candidates)
2026-08-15 02:12:11,613 [DEBUG] cnn_neat: Added edge 2→8 (from 32 candidates)
2026-08-15 02:12:11,617 [DEBUG] cnn_neat: Added edge 6→1 (from 30 candidates)
2026-08-15 02:12:11,621 [DEBUG] cnn_neat: Added edge 6→8 (from 29 candidates)
2026-08-15 02:12:11,624 [DEBUG] cnn_neat: Split edge 3→6, new hidden node 10 (pool=7)
2026-08-15 02:12:11,627 [DEBUG] cnn_neat: Added edge 9→5 (from 31 candidates)
2026-08-15 02:12:11,633 [DEBUG] cnn_neat: Removed hidden node 9 (pool=7)
2026-08-15 02:12:11,636 [DEBUG] cnn_neat: Removed edge 0→3 (from 10 candidates)
2026-08-15 02:12:11,642 [DEBUG] cnn_neat: Removed 3 edges (requested 3)
2026-08-15 02:12:11,765 [DEBUG] cnn_neat: Added edge 9→5 (from 43 candidates)
2026-08-15 02:12:11,873 [DEBUG] cnn_neat: Removed hidden node 7 (pool=8)
2026-08-15 02:12:11,880 [DEBUG] cnn_neat: Removed edge 3→1 (from 8 candidates)
2026-08-15 02:12:11,894 [DEBUG] cnn_neat: Removed 3 edges (requested 3)
2026-08-15 02:12:11,905 [DEBUG] cnn_neat: Split edge 3→1, new hidden node 11 (pool=5)
2026-08-15 02:12:11,918 [DEBUG] cnn_neat: Added edge 7→1 (from 40 candidates)
2026-08-15 02:12:11,925 [DEBUG] cnn_neat: Added edge 5→9 (from 28 candidates)
2026-08-15 02:12:11,938 [DEBUG] cnn_neat: Split edge 0→3, new hidden node 9 (pool=9)
2026-08-15 02:12:11,946 [DEBUG] cnn_neat: Added edge 7→8 (from 24 candidates)
2026-08-15 02:12:11,960 [DEBUG] cnn_neat: Removed hidden node 7 (pool=6)
2026-08-15 02:12:11,965 [DEBUG] cnn_neat: Removed edge 8→1 (from 10 candidates)
2026-08-15 02:12:11,982 [DEBUG] cnn_neat: Removed 3 edges (requested 3)
2026-08-15 02:12:12,344 [DEBUG] cnn_neat: Split edge 2→6, new hidden node 9 (pool=10)
2026-08-15 02:12:12,373 [DEBUG] cnn_neat: Split edge 2→3, new hidden node 9 (pool=6)
2026-08-15 02:12:12,391 [DEBUG] cnn_neat: Added edge 2→7 (from 26 candidates)
2026-08-15 02:12:12,427 [DEBUG] cnn_neat: Removed hidden node 3 (pool=6)
2026-08-15 02:12:12,443 [DEBUG] cnn_neat: Removed edge 2→3 (from 7 candidates)
2026-08-15 02:12:12,474 [DEBUG] cnn_neat: Removed 3 edges (requested 3)
2026-08-15 02:12:12,488 [DEBUG] cnn_neat: Split edge 2→3, new hidden node 9 (pool=7)
2026-08-15 02:12:12,494 [DEBUG] cnn_neat: Split edge 0→2, new hidden node 9 (pool=4)
2026-08-15 02:12:12,507 [DEBUG] cnn_neat: Added edge 6→7 (from 23 candidates)
2026-08-15 02:12:12,512 [DEBUG] cnn_neat: Added edge 5→3 (from 29 candidates)
2026-08-15 02:12:12,569 [DEBUG] cnn_neat: Split edge 0→3, new hidden node 9 (pool=7)
2026-08-15 02:12:12,575 [DEBUG] cnn_neat: Added edge 2→7 (from 17 candidates)
2026-08-15 02:12:12,594 [DEBUG] cnn_neat: Removed hidden node 8 (pool=5)
2026-08-15 02:12:12,599 [DEBUG] cnn_neat: Removed edge 3→1 (from 8 candidates)
2026-08-15 02:12:12,613 [DEBUG] cnn_neat: Removed 3 edges (requested 3)
2026-08-15 02:12:12,628 [DEBUG] cnn_neat: Split edge 0→8, new hidden node 9 (pool=8)
2026-08-15 02:12:12,630 [DEBUG] cnn_neat: Split edge 0→3, new hidden node 9 (pool=5)
2026-08-15 02:12:12,636 [DEBUG] cnn_neat: Added edge 3→5 (from 14 candidates)
2026-08-15 02:12:12,638 [DEBUG] cnn_neat: Added edge 2→8 (from 20 candidates)
2026-08-15 02:12:12,647 [DEBUG] cnn_neat: Split edge 8→1, new hidden node 10 (pool=5)
2026-08-15 02:12:12,653 [DEBUG] cnn_neat: Added edge 3→5 (from 34 candidates)
2026-08-15 02:12:12,662 [DEBUG] cnn_neat: Removed hidden node 5 (pool=7)
2026-08-15 02:12:12,666 [DEBUG] cnn_neat: Removed edge 8→1 (from 7 candidates)
2026-08-15 02:12:12,675 [DEBUG] cnn_neat: Removed 3 edges (requested 3)
2026-08-15 02:12:12,680 [DEBUG] cnn_neat: Added edge 3→5 (from 42 candidates)
2026-08-15 02:12:12,686 [DEBUG] cnn_neat: Removed hidden node 2 (pool=7)
2026-08-15 02:12:12,691 [DEBUG] cnn_neat: Removed edge 7→5 (from 9 candidates)
2026-08-15 02:12:12,696 [DEBUG] cnn_neat: Added edge 3→8 (from 39 candidates)
2026-08-15 02:12:12,698 [DEBUG] cnn_neat: Split edge 0→8, new hidden node 9 (pool=3)
2026-08-15 02:12:12,708 [DEBUG] cnn_neat: Split edge 0→8, new hidden node 9 (pool=9)
2026-08-15 02:12:12,713 [DEBUG] cnn_neat: Added edge 5→2 (from 21 candidates)
2026-08-15 02:12:12,722 [DEBUG] cnn_neat: Removed hidden node 3 (pool=6)
2026-08-15 02:12:12,726 [DEBUG] cnn_neat: Removed edge 8→1 (from 11 candidates)
2026-08-15 02:12:12,736 [DEBUG] cnn_neat: Removed 3 edges (requested 3)
2026-08-15 02:12:12,741 [DEBUG] cnn_neat: Split edge 2→3, new hidden node 10 (pool=4)
2026-08-15 02:12:12,746 [DEBUG] cnn_neat: Split edge 3→1, new hidden node 9 (pool=9)
2026-08-15 02:12:12,756 [DEBUG] cnn_neat: Split edge 3→1, new hidden node 10 (pool=8)
2026-08-15 02:12:12,762 [DEBUG] cnn_neat: Added edge 9→5 (from 33 candidates)
2026-08-15 02:12:12,772 [DEBUG] cnn_neat: Removed hidden node 7 (pool=7)
2026-08-15 02:12:12,775 [DEBUG] cnn_neat: Removed edge 5→1 (from 10 candidates)
2026-08-15 02:12:12,784 [DEBUG] cnn_neat: Removed 3 edges (requested 3)
2026-08-15 02:12:12,789 [DEBUG] cnn_neat: Split edge 2→6, new hidden node 10 (pool=8)
2026-08-15 02:12:12,792 [DEBUG] cnn_neat: Split edge 3→1, new hidden node 10 (pool=8)
2026-08-15 02:12:12,801 [DEBUG] cnn_neat: Split edge 3→1, new hidden node 10 (pool=5)
2026-08-15 02:12:12,807 [DEBUG] cnn_neat: Added edge 2→7 (from 31 candidates)
2026-08-15 02:12:12,814 [DEBUG] cnn_neat: Removed hidden node 5 (pool=7)
2026-08-15 02:12:12,820 [DEBUG] cnn_neat: Removed edge 2→3 (from 8 candidates)
2026-08-15 02:12:12,829 [DEBUG] cnn_neat: Removed 3 edges (requested 3)
2026-08-15 02:12:12,834 [DEBUG] cnn_neat: Split edge 8→1, new hidden node 10 (pool=6)
2026-08-15 02:12:12,838 [DEBUG] cnn_neat: Split edge 2→1, new hidden node 10 (pool=4)
2026-08-15 02:12:12,841 [DEBUG] cnn_neat: Split edge 0→2, new hidden node 10 (pool=2)
2026-08-15 02:12:12,851 [DEBUG] cnn_neat: Split edge 8→1, new hidden node 10 (pool=6)
2026-08-15 02:12:12,856 [DEBUG] cnn_neat: Added edge 9→5 (from 26 candidates)
2026-08-15 02:12:12,864 [DEBUG] cnn_neat: Removed hidden node 5 (pool=6)
2026-08-15 02:12:12,869 [DEBUG] cnn_neat: Removed edge 2→1 (from 7 candidates)
2026-08-15 02:12:12,877 [DEBUG] cnn_neat: Removed 3 edges (requested 3)
2026-08-15 02:12:12,884 [DEBUG] cnn_neat: Split edge 8→1, new hidden node 10 (pool=6)
2026-08-15 02:12:12,889 [DEBUG] cnn_neat: Split edge 0→8, new hidden node 10 (pool=5)
2026-08-15 02:12:12,894 [DEBUG] cnn_neat: Split edge 2→1, new hidden node 10 (pool=2)
2026-08-15 02:12:12,988 [DEBUG] cnn_neat: Added edge 9→8 (from 45 candidates)
2026-08-15 02:12:13,002 [DEBUG] cnn_neat: Removed hidden node 10 (pool=8)
2026-08-15 02:12:13,008 [DEBUG] cnn_neat: Removed edge 8→1 (from 7 candidates)
2026-08-15 02:12:13,023 [DEBUG] cnn_neat: Removed 3 edges (requested 3)
2026-08-15 02:12:13,042 [DEBUG] cnn_neat: Added edge 2→5 (from 42 candidates)
2026-08-15 02:12:13,046 [DEBUG] cnn_neat: Added edge 8→7 (from 51 candidates)
2026-08-15 02:12:13,064 [DEBUG] cnn_neat: Removed hidden node 10 (pool=8)
2026-08-15 02:12:13,075 [DEBUG] cnn_neat: Removed hidden node 5 (pool=8)
2026-08-15 02:12:13,087 [DEBUG] cnn_neat: Split edge 2→1, new hidden node 10 (pool=8)
2026-08-15 02:12:13,097 [DEBUG] cnn_neat: Added edge 9→5 (from 28 candidates)
2026-08-15 02:12:13,113 [DEBUG] cnn_neat: Removed hidden node 6 (pool=7)
2026-08-15 02:12:13,120 [DEBUG] cnn_neat: Removed edge 0→2 (from 11 candidates)
2026-08-15 02:12:13,364 [DEBUG] cnn_neat: Removed 3 edges (requested 3)
2026-08-15 02:12:13,374 [DEBUG] cnn_neat: Split edge 2→9, new hidden node 10 (pool=8)
2026-08-15 02:12:13,385 [DEBUG] cnn_neat: Split edge 0→3, new hidden node 10 (pool=9)
2026-08-15 02:12:13,404 [DEBUG] cnn_neat: Split edge 0→2, new hidden node 9 (pool=6)
2026-08-15 02:12:13,412 [DEBUG] cnn_neat: Added edge 8→7 (from 23 candidates)
2026-08-15 02:12:13,429 [DEBUG] cnn_neat: Removed hidden node 5 (pool=6)
2026-08-15 02:12:13,437 [DEBUG] cnn_neat: Removed edge 5→1 (from 8 candidates)
2026-08-15 02:12:13,450 [DEBUG] cnn_neat: Removed 3 edges (requested 3)
2026-08-15 02:12:13,459 [DEBUG] cnn_neat: Split edge 8→1, new hidden node 10 (pool=3)
2026-08-15 02:12:13,469 [DEBUG] cnn_neat: Added edge 7→6 (from 47 candidates)
2026-08-15 02:12:13,479 [DEBUG] cnn_neat: Removed hidden node 6 (pool=8)
2026-08-15 02:12:13,481 [DEBUG] cnn_neat: Removed edge 3→1 (from 6 candidates)
2026-08-15 02:12:13,497 [DEBUG] cnn_neat: Removed 3 edges (requested 3)
2026-08-15 02:12:13,506 [DEBUG] cnn_neat: Split edge 0→8, new hidden node 11 (pool=6)
2026-08-15 02:12:13,734 [DEBUG] cnn_neat: Added edge 2→6 (from 45 candidates)
2026-08-15 02:12:13,755 [DEBUG] cnn_neat: Added edge 9→3 (from 42 candidates)
2026-08-15 02:12:13,765 [DEBUG] cnn_neat: Removed hidden node 7 (pool=8)
2026-08-15 02:12:13,768 [DEBUG] cnn_neat: Removed edge 2→1 (from 9 candidates)
2026-08-15 02:12:13,777 [DEBUG] cnn_neat: Removed 3 edges (requested 3)
2026-08-15 02:12:13,790 [DEBUG] cnn_neat: Split edge 0→3, new hidden node 11 (pool=7)
2026-08-15 02:12:13,794 [DEBUG] cnn_neat: Split edge 0→8, new hidden node 11 (pool=1)
2026-08-15 02:12:13,806 [DEBUG] cnn_neat: Added edge 5→9 (from 39 candidates)
2026-08-15 02:12:13,822 [DEBUG] cnn_neat: Added edge 3→9 (from 38 candidates)
2026-08-15 02:12:13,835 [DEBUG] cnn_neat: Removed hidden node 7 (pool=8)
2026-08-15 02:12:13,841 [DEBUG] cnn_neat: Removed edge 5→6 (from 8 candidates)
2026-08-15 02:12:13,849 [DEBUG] cnn_neat: Removed 3 edges (requested 3)
2026-08-15 02:12:13,859 [DEBUG] cnn_neat: Split edge 2→3, new hidden node 11 (pool=4)
2026-08-15 02:12:13,865 [DEBUG] cnn_neat: Split edge 0→8, new hidden node 11 (pool=1)
2026-08-15 02:12:13,873 [DEBUG] cnn_neat: Added edge 8→5 (from 39 candidates)
2026-08-15 02:12:13,888 [DEBUG] cnn_neat: Removed hidden node 5 (pool=8)
2026-08-15 02:12:13,891 [DEBUG] cnn_neat: Removed edge 5→1 (from 8 candidates)
2026-08-15 02:12:13,902 [DEBUG] cnn_neat: Removed 3 edges (requested 3)
2026-08-15 02:12:13,909 [DEBUG] cnn_neat: Split edge 2→1, new hidden node 11 (pool=5)
2026-08-15 02:12:13,921 [DEBUG] cnn_neat: Added edge 7→6 (from 37 candidates)
2026-08-15 02:12:13,931 [DEBUG] cnn_neat: Split edge 2→3, new hidden node 10 (pool=4)
2026-08-15 02:12:14,162 [DEBUG] cnn_neat: Added edge 5→8 (from 34 candidates)
2026-08-15 02:12:14,173 [DEBUG] cnn_neat: Removed hidden node 3 (pool=7)
2026-08-15 02:12:14,176 [DEBUG] cnn_neat: Removed edge 8→1 (from 7 candidates)
2026-08-15 02:12:14,187 [DEBUG] cnn_neat: Removed 3 edges (requested 3)
2026-08-15 02:12:14,194 [DEBUG] cnn_neat: Split edge 2→1, new hidden node 10 (pool=4)
2026-08-15 02:12:14,202 [DEBUG] cnn_neat: Split edge 2→1, new hidden node 10 (pool=4)
2026-08-15 02:12:14,209 [DEBUG] cnn_neat: Added edge 6→1 (from 29 candidates)
2026-08-15 02:12:14,214 [DEBUG] cnn_neat: Added edge 7→3 (from 35 candidates)
2026-08-15 02:12:14,239 [DEBUG] cnn_neat: Added edge 9→3 (from 23 candidates)
2026-08-15 02:12:14,259 [DEBUG] cnn_neat: Removed hidden node 6 (pool=8)
2026-08-15 02:12:14,267 [DEBUG] cnn_neat: Removed edge 2→3 (from 14 candidates)
2026-08-15 02:12:14,282 [DEBUG] cnn_neat: Removed 3 edges (requested 3)
2026-08-15 02:12:14,288 [DEBUG] cnn_neat: Added edge 2→6 (from 33 candidates)
2026-08-15 02:12:14,310 [DEBUG] cnn_neat: Removed hidden node 8 (pool=8)
2026-08-15 02:12:14,318 [DEBUG] cnn_neat: Removed edge 0→9 (from 10 candidates)
2026-08-15 02:12:14,328 [DEBUG] cnn_neat: Added edge 9→1 (from 32 candidates)
2026-08-15 02:12:14,602 [DEBUG] cnn_neat: Split edge 2→3, new hidden node 10 (pool=8)
2026-08-15 02:12:14,615 [DEBUG] cnn_neat: Split edge 3→1, new hidden node 10 (pool=7)
2026-08-15 02:12:14,626 [DEBUG] cnn_neat: Added edge 9→2 (from 32 candidates)
2026-08-15 02:12:14,642 [DEBUG] cnn_neat: Removed hidden node 3 (pool=7)
2026-08-15 02:12:14,649 [DEBUG] cnn_neat: Removed edge 3→6 (from 10 candidates)
2026-08-15 02:12:14,658 [DEBUG] cnn_neat: Removed 3 edges (requested 3)
2026-08-15 02:12:14,661 [DEBUG] cnn_neat: Split edge 2→3, new hidden node 10 (pool=8)
2026-08-15 02:12:14,663 [DEBUG] cnn_neat: Split edge 0→3, new hidden node 10 (pool=9)
2026-08-15 02:12:14,674 [DEBUG] cnn_neat: Added edge 6→1 (from 29 candidates)
2026-08-15 02:12:14,677 [DEBUG] cnn_neat: Added edge 3→2 (from 36 candidates)
2026-08-15 02:12:14,690 [DEBUG] cnn_neat: Split edge 2→3, new hidden node 10 (pool=4)
2026-08-15 02:12:14,693 [DEBUG] cnn_neat: Added edge 9→6 (from 36 candidates)
2026-08-15 02:12:14,743 [DEBUG] cnn_neat: Removed hidden node 2 (pool=7)
2026-08-15 02:12:14,765 [DEBUG] cnn_neat: Removed edge 2→3 (from 6 candidates)
2026-08-15 02:12:14,780 [DEBUG] cnn_neat: Removed 3 edges (requested 3)
2026-08-15 02:12:15,055 [DEBUG] cnn_neat: Split edge 7→6, new hidden node 10 (pool=7)
2026-08-15 02:12:15,061 [DEBUG] cnn_neat: Added edge 3→8 (from 31 candidates)
2026-08-15 02:12:15,072 [DEBUG] cnn_neat: Removed hidden node 6 (pool=7)
2026-08-15 02:12:15,077 [DEBUG] cnn_neat: Removed edge 5→1 (from 10 candidates)
2026-08-15 02:12:15,085 [DEBUG] cnn_neat: Removed 3 edges (requested 3)
2026-08-15 02:12:15,092 [DEBUG] cnn_neat: Split edge 0→2, new hidden node 10 (pool=10)
2026-08-15 02:12:15,095 [DEBUG] cnn_neat: Split edge 3→6, new hidden node 10 (pool=7)
2026-08-15 02:12:15,107 [DEBUG] cnn_neat: Split edge 3→1, new hidden node 10 (pool=8)
2026-08-15 02:12:15,113 [DEBUG] cnn_neat: Added edge 2→5 (from 16 candidates)
2026-08-15 02:12:15,126 [DEBUG] cnn_neat: Removed hidden node 9 (pool=7)
2026-08-15 02:12:15,134 [DEBUG] cnn_neat: Removed edge 3→1 (from 12 candidates)
2026-08-15 02:12:15,148 [DEBUG] cnn_neat: Removed 3 edges (requested 3)
2026-08-15 02:12:15,155 [DEBUG] cnn_neat: Split edge 0→2, new hidden node 11 (pool=1)
2026-08-15 02:12:15,165 [DEBUG] cnn_neat: Split edge 9→6, new hidden node 10 (pool=9)
2026-08-15 02:12:15,170 [DEBUG] cnn_neat: Added edge 8→7 (from 29 candidates)
2026-08-15 02:12:15,177 [DEBUG] cnn_neat: Removed hidden node 7 (pool=7)
2026-08-15 02:12:15,182 [DEBUG] cnn_neat: Removed edge 0→2 (from 12 candidates)
2026-08-15 02:12:15,190 [DEBUG] cnn_neat: Removed 3 edges (requested 3)
2026-08-15 02:12:15,197 [DEBUG] cnn_neat: Split edge 7→6, new hidden node 10 (pool=9)
2026-08-15 02:12:15,201 [DEBUG] cnn_neat: Split edge 3→1, new hidden node 10 (pool=5)
2026-08-15 02:12:15,212 [DEBUG] cnn_neat: Added edge 7→9 (from 43 candidates)
2026-08-15 02:12:15,225 [DEBUG] cnn_neat: Removed hidden node 10 (pool=8)
2026-08-15 02:12:15,230 [DEBUG] cnn_neat: Removed edge 2→6 (from 10 candidates)
2026-08-15 02:12:15,238 [DEBUG] cnn_neat: Removed 3 edges (requested 3)
2026-08-15 02:12:15,250 [DEBUG] cnn_neat: Saved generation 20
2026-08-15 02:12:15,330 [DEBUG] cnn_neat: Selected 25 elite individuals
2026-08-15 02:12:15,331 [DEBUG] cnn_neat: Added edge 10→1 (from 38 candidates)
2026-08-15 02:12:15,349 [DEBUG] cnn_neat: Added edge 9→3 (from 44 candidates)
2026-08-15 02:12:15,364 [DEBUG] cnn_neat: Added edge 6→1 (from 47 candidates)
2026-08-15 02:12:15,447 [DEBUG] cnn_neat: Added edge 7→10 (from 42 candidates)
2026-08-15 02:12:15,477 [DEBUG] cnn_neat: Removed hidden node 10 (pool=8)
2026-08-15 02:12:15,489 [DEBUG] cnn_neat: Removed edge 10→6 (from 10 candidates)
2026-08-15 02:12:15,511 [DEBUG] cnn_neat: Removed 3 edges (requested 3)
2026-08-15 02:12:15,525 [DEBUG] cnn_neat: Split edge 2→6, new hidden node 10 (pool=7)
2026-08-15 02:12:15,539 [DEBUG] cnn_neat: Added edge 5→3 (from 39 candidates)
2026-08-15 02:12:15,556 [DEBUG] cnn_neat: Added edge 9→2 (from 40 candidates)
2026-08-15 02:12:15,570 [DEBUG] cnn_neat: Removed hidden node 9 (pool=8)
2026-08-15 02:12:15,576 [DEBUG] cnn_neat: Trimmed elite queue to 128 entries
2026-08-15 02:12:16,052 [DEBUG] cnn_neat: Removed edge 9→6 (from 11 candidates)
2026-08-15 02:12:16,059 [DEBUG] cnn_neat: Added edge 5→10 (from 40 candidates)
2026-08-15 02:12:16,063 [DEBUG] cnn_neat: Added edge 10→8 (from 40 candidates)
2026-08-15 02:12:16,073 [DEBUG] cnn_neat: Removed hidden node 6 (pool=8)
2026-08-15 02:12:16,076 [DEBUG] cnn_neat: Removed edge 5→1 (from 9 candidates)
2026-08-15 02:12:16,081 [DEBUG] cnn_neat: Removed 3 edges (requested 3)
2026-08-15 02:12:16,086 [DEBUG] cnn_neat: Crossover rejected: union topology invalid (edges=33 nodes=18)
2026-08-15 02:12:16,091 [DEBUG] cnn_neat: Added edge 7→3 (from 40 candidates)
2026-08-15 02:12:16,095 [DEBUG] cnn_neat: Added edge 5→10 (from 40 candidates)
2026-08-15 02:12:16,098 [DEBUG] cnn_neat: Added edge 5→6 (from 35 candidates)
2026-08-15 02:12:16,103 [DEBUG] cnn_neat: Added edge 6→1 (from 34 candidates)
2026-08-15 02:12:16,108 [DEBUG] cnn_neat: Added edge 9→10 (from 33 candidates)
2026-08-15 02:12:16,112 [DEBUG] cnn_neat: Added edge 9→8 (from 30 candidates)
2026-08-15 02:12:16,120 [DEBUG] cnn_neat: Added edge 5→6 (from 38 candidates)
2026-08-15 02:12:16,124 [DEBUG] cnn_neat: Added edge 8→10 (from 38 candidates)
2026-08-15 02:12:16,132 [DEBUG] cnn_neat: Removed hidden node 10 (pool=8)
2026-08-15 02:12:16,135 [DEBUG] cnn_neat: Removed edge 3→1 (from 9 candidates)
2026-08-15 02:12:16,140 [DEBUG] cnn_neat: Removed 3 edges (requested 3)
2026-08-15 02:12:16,143 [DEBUG] cnn_neat: Crossover rejected: union topology invalid (edges=32 nodes=18)
2026-08-15 02:12:16,149 [DEBUG] cnn_neat: Added edge 5→6 (from 38 candidates)
2026-08-15 02:12:16,155 [DEBUG] cnn_neat: Removed hidden node 9 (pool=8)
2026-08-15 02:12:16,159 [DEBUG] cnn_neat: Added edge 6→1 (from 38 candidates)
2026-08-15 02:12:16,163 [DEBUG] cnn_neat: Added edge 5→6 (from 37 candidates)
2026-08-15 02:12:16,167 [DEBUG] cnn_neat: Added edge 7→8 (from 36 candidates)
2026-08-15 02:12:16,173 [DEBUG] cnn_neat: Added edge 7→10 (from 34 candidates)
2026-08-15 02:12:16,178 [DEBUG] cnn_neat: Added edge 2→7 (from 31 candidates)
2026-08-15 02:12:16,186 [DEBUG] cnn_neat: Added edge 9→7 (from 41 candidates)
2026-08-15 02:12:16,190 [DEBUG] cnn_neat: Added edge 10→7 (from 41 candidates)
2026-08-15 02:12:16,197 [DEBUG] cnn_neat: Removed hidden node 7 (pool=8)
2026-08-15 02:12:16,202 [DEBUG] cnn_neat: Removed edge 3→1 (from 9 candidates)
2026-08-15 02:12:16,208 [DEBUG] cnn_neat: Removed 3 edges (requested 3)
2026-08-15 02:12:16,213 [DEBUG] cnn_neat: Crossover rejected: union topology invalid (edges=29 nodes=17)
2026-08-15 02:12:16,218 [DEBUG] cnn_neat: Added edge 8→7 (from 41 candidates)
2026-08-15 02:12:16,223 [DEBUG] cnn_neat: Added edge 10→7 (from 41 candidates)
2026-08-15 02:12:16,227 [DEBUG] cnn_neat: Added edge 6→1 (from 36 candidates)
2026-08-15 02:12:16,231 [DEBUG] cnn_neat: Added edge 6→7 (from 35 candidates)
2026-08-15 02:12:16,236 [DEBUG] cnn_neat: Added edge 2→5 (from 28 candidates)
2026-08-15 02:12:16,241 [DEBUG] cnn_neat: Added edge 8→3 (from 27 candidates)
2026-08-15 02:12:16,248 [DEBUG] cnn_neat: Added edge 5→10 (from 45 candidates)
2026-08-15 02:12:16,252 [DEBUG] cnn_neat: Added edge 3→10 (from 45 candidates)
2026-08-15 02:12:16,259 [DEBUG] cnn_neat: Removed hidden node 5 (pool=8)
2026-08-15 02:12:16,263 [DEBUG] cnn_neat: Removed edge 5→1 (from 7 candidates)
2026-08-15 02:12:16,268 [DEBUG] cnn_neat: Removed 3 edges (requested 3)
2026-08-15 02:12:16,273 [DEBUG] cnn_neat: Crossover rejected: union topology invalid (edges=32 nodes=18)
2026-08-15 02:12:16,278 [DEBUG] cnn_neat: Added edge 7→10 (from 45 candidates)
2026-08-15 02:12:16,281 [DEBUG] cnn_neat: Added edge 9→1 (from 45 candidates)
2026-08-15 02:12:16,285 [DEBUG] cnn_neat: Added edge 2→8 (from 44 candidates)
2026-08-15 02:12:16,289 [DEBUG] cnn_neat: Added edge 7→10 (from 42 candidates)
2026-08-15 02:12:16,294 [DEBUG] cnn_neat: Added edge 9→8 (from 38 candidates)
2026-08-15 02:12:16,298 [DEBUG] cnn_neat: Added edge 9→7 (from 36 candidates)
2026-08-15 02:12:16,301 [DEBUG] cnn_neat: Split edge 2→3, new hidden node 11 (pool=5)
2026-08-15 02:12:16,304 [DEBUG] cnn_neat: Added edge 2→7 (from 37 candidates)
2026-08-15 02:12:16,309 [DEBUG] cnn_neat: Removed hidden node 6 (pool=7)
2026-08-15 02:12:16,312 [DEBUG] cnn_neat: Removed edge 2→1 (from 6 candidates)
2026-08-15 02:12:16,318 [DEBUG] cnn_neat: Removed 3 edges (requested 3)
2026-08-15 02:12:16,322 [DEBUG] cnn_neat: Crossover rejected: union topology invalid (edges=27 nodes=16)
2026-08-15 02:12:16,324 [DEBUG] cnn_neat: Split edge 8→1, new hidden node 11 (pool=5)
2026-08-15 02:12:16,328 [DEBUG] cnn_neat: Added edge 8→3 (from 37 candidates)
2026-08-15 02:12:16,331 [DEBUG] cnn_neat: Added edge 7→8 (from 35 candidates)
2026-08-15 02:12:16,335 [DEBUG] cnn_neat: Added edge 6→2 (from 31 candidates)
2026-08-15 02:12:16,339 [DEBUG] cnn_neat: Added edge 5→3 (from 23 candidates)
2026-08-15 02:12:16,342 [DEBUG] cnn_neat: Added edge 2→5 (from 21 candidates)
2026-08-15 02:12:16,345 [DEBUG] cnn_neat: Split edge 8→1, new hidden node 10 (pool=5)
2026-08-15 02:12:16,348 [DEBUG] cnn_neat: Added edge 5→9 (from 29 candidates)
2026-08-15 02:12:16,353 [DEBUG] cnn_neat: Removed hidden node 2 (pool=7)
2026-08-15 02:12:16,357 [DEBUG] cnn_neat: Removed edge 2→1 (from 8 candidates)
2026-08-15 02:12:16,361 [DEBUG] cnn_neat: Removed 3 edges (requested 3)
2026-08-15 02:12:16,365 [DEBUG] cnn_neat: Crossover rejected: union topology invalid (edges=31 nodes=17)
2026-08-15 02:12:16,368 [DEBUG] cnn_neat: Split edge 2→1, new hidden node 10 (pool=5)
2026-08-15 02:12:16,371 [DEBUG] cnn_neat: Added edge 3→6 (from 29 candidates)
2026-08-15 02:12:16,374 [DEBUG] cnn_neat: Added edge 8→7 (from 28 candidates)
2026-08-15 02:12:16,378 [DEBUG] cnn_neat: Added edge 9→1 (from 25 candidates)
2026-08-15 02:12:16,381 [DEBUG] cnn_neat: Added edge 8→3 (from 24 candidates)
2026-08-15 02:12:16,385 [DEBUG] cnn_neat: Added edge 5→3 (from 21 candidates)
2026-08-15 02:12:16,388 [DEBUG] cnn_neat: Split edge 8→1, new hidden node 10 (pool=8)
2026-08-15 02:12:16,393 [DEBUG] cnn_neat: Added edge 2→5 (from 43 candidates)
2026-08-15 02:12:16,396 [DEBUG] cnn_neat: Added edge 7→9 (from 30 candidates)
2026-08-15 02:12:16,402 [DEBUG] cnn_neat: Removed hidden node 2 (pool=7)
2026-08-15 02:12:16,405 [DEBUG] cnn_neat: Removed edge 0→3 (from 11 candidates)
2026-08-15 02:12:16,410 [DEBUG] cnn_neat: Removed 3 edges (requested 3)
2026-08-15 02:12:16,414 [DEBUG] cnn_neat: Crossover rejected: union topology invalid (edges=30 nodes=17)
2026-08-15 02:12:16,417 [DEBUG] cnn_neat: Split edge 7→6, new hidden node 10 (pool=8)
2026-08-15 02:12:16,420 [DEBUG] cnn_neat: Added edge 9→8 (from 30 candidates)
2026-08-15 02:12:16,424 [DEBUG] cnn_neat: Added edge 7→9 (from 27 candidates)
2026-08-15 02:12:16,427 [DEBUG] cnn_neat: Added edge 5→3 (from 24 candidates)
2026-08-15 02:12:16,431 [DEBUG] cnn_neat: Added edge 2→5 (from 21 candidates)
2026-08-15 02:12:16,435 [DEBUG] cnn_neat: Added edge 2→8 (from 19 candidates)
2026-08-15 02:12:16,441 [DEBUG] cnn_neat: Added edge 8→3 (from 44 candidates)
2026-08-15 02:12:16,444 [DEBUG] cnn_neat: Added edge 5→2 (from 44 candidates)
2026-08-15 02:12:16,451 [DEBUG] cnn_neat: Removed hidden node 10 (pool=8)
2026-08-15 02:12:16,454 [DEBUG] cnn_neat: Split edge 2→1, new hidden node 10 (pool=5)
2026-08-15 02:12:16,458 [DEBUG] cnn_neat: Added edge 8→7 (from 47 candidates)
2026-08-15 02:12:16,461 [DEBUG] cnn_neat: Removed edge 2→1 (from 7 candidates)
2026-08-15 02:12:16,582 [DEBUG] cnn_neat: Added edge 9→7 (from 40 candidates)
2026-08-15 02:12:16,695 [DEBUG] cnn_neat: Removed hidden node 10 (pool=8)
2026-08-15 02:12:16,704 [DEBUG] cnn_neat: Removed edge 5→3 (from 9 candidates)
2026-08-15 02:12:16,720 [DEBUG] cnn_neat: Removed 3 edges (requested 3)
2026-08-15 02:12:16,739 [DEBUG] cnn_neat: Added edge 10→9 (from 34 candidates)
2026-08-15 02:12:16,747 [DEBUG] cnn_neat: Added edge 2→8 (from 44 candidates)
2026-08-15 02:12:16,776 [DEBUG] cnn_neat: Removed hidden node 10 (pool=8)
2026-08-15 02:12:16,791 [DEBUG] cnn_neat: Removed hidden node 6 (pool=8)
2026-08-15 02:12:16,812 [DEBUG] cnn_neat: Added edge 7→2 (from 43 candidates)
2026-08-15 02:12:17,201 [DEBUG] cnn_neat: Removed hidden node 3 (pool=8)
2026-08-15 02:12:17,243 [DEBUG] cnn_neat: Added edge 2→5 (from 38 candidates)
2026-08-15 02:12:17,305 [DEBUG] cnn_neat: Removed hidden node 5 (pool=8)
2026-08-15 02:12:17,329 [DEBUG] cnn_neat: Removed edge 3→1 (from 9 candidates)
2026-08-15 02:12:17,354 [DEBUG] cnn_neat: Removed 3 edges (requested 3)
2026-08-15 02:12:17,387 [DEBUG] cnn_neat: Added edge 8→9 (from 36 candidates)
2026-08-15 02:12:17,438 [DEBUG] cnn_neat: Added edge 3→6 (from 42 candidates)
2026-08-15 02:12:17,474 [DEBUG] cnn_neat: Removed hidden node 9 (pool=8)
2026-08-15 02:12:17,499 [DEBUG] cnn_neat: Removed hidden node 9 (pool=8)
2026-08-15 02:12:17,512 [DEBUG] cnn_neat: Added edge 9→3 (from 41 candidates)
2026-08-15 02:12:17,522 [DEBUG] cnn_neat: Removed hidden node 3 (pool=8)
2026-08-15 02:12:17,527 [DEBUG] cnn_neat: Removed edge 2→1 (from 9 candidates)
2026-08-15 02:12:17,537 [DEBUG] cnn_neat: Removed 3 edges (requested 3)
2026-08-15 02:12:17,555 [DEBUG] cnn_neat: Added edge 9→10 (from 39 candidates)
2026-08-15 02:12:17,560 [DEBUG] cnn_neat: Added edge 9→5 (from 35 candidates)
2026-08-15 02:12:17,572 [DEBUG] cnn_neat: Added edge 3→9 (from 45 candidates)
2026-08-15 02:12:17,580 [DEBUG] cnn_neat: Removed hidden node 8 (pool=8)
2026-08-15 02:12:17,586 [DEBUG] cnn_neat: Removed edge 3→1 (from 7 candidates)
2026-08-15 02:12:17,595 [DEBUG] cnn_neat: Removed 3 edges (requested 3)
2026-08-15 02:12:17,601 [DEBUG] cnn_neat: Split edge 0→3, new hidden node 11 (pool=5)
2026-08-15 02:12:17,605 [DEBUG] cnn_neat: Split edge 0→2, new hidden node 11 (pool=1)
2026-08-15 02:12:17,614 [DEBUG] cnn_neat: Split edge 0→8, new hidden node 9 (pool=9)
2026-08-15 02:12:17,619 [DEBUG] cnn_neat: Added edge 6→5 (from 24 candidates)
2026-08-15 02:12:17,627 [DEBUG] cnn_neat: Removed hidden node 8 (pool=6)
2026-08-15 02:12:17,630 [DEBUG] cnn_neat: Removed edge 0→8 (from 10 candidates)
2026-08-15 02:12:17,637 [DEBUG] cnn_neat: Removed 3 edges (requested 3)
2026-08-15 02:12:17,643 [DEBUG] cnn_neat: Split edge 0→8, new hidden node 9 (pool=9)
2026-08-15 02:12:17,646 [DEBUG] cnn_neat: Split edge 8→1, new hidden node 9 (pool=3)
2026-08-15 02:12:17,652 [DEBUG] cnn_neat: Added edge 8→3 (from 20 candidates)
2026-08-15 02:12:17,655 [DEBUG] cnn_neat: Added edge 6→7 (from 27 candidates)
2026-08-15 02:12:17,663 [DEBUG] cnn_neat: Split edge 8→1, new hidden node 9 (pool=6)
2026-08-15 02:12:17,669 [DEBUG] cnn_neat: Added edge 2→5 (from 26 candidates)
2026-08-15 02:12:17,676 [DEBUG] cnn_neat: Removed hidden node 7 (pool=6)
2026-08-15 02:12:17,680 [DEBUG] cnn_neat: Removed edge 8→1 (from 7 candidates)
2026-08-15 02:12:17,689 [DEBUG] cnn_neat: Removed 3 edges (requested 3)
2026-08-15 02:12:17,694 [DEBUG] cnn_neat: Split edge 3→1, new hidden node 10 (pool=5)
2026-08-15 02:12:17,698 [DEBUG] cnn_neat: Split edge 2→5, new hidden node 9 (pool=9)
2026-08-15 02:12:17,704 [DEBUG] cnn_neat: Split edge 8→1, new hidden node 9 (pool=6)
2026-08-15 02:12:17,712 [DEBUG] cnn_neat: Split edge 8→1, new hidden node 9 (pool=7)
2026-08-15 02:12:17,717 [DEBUG] cnn_neat: Added edge 5→3 (from 17 candidates)
2026-08-15 02:12:17,724 [DEBUG] cnn_neat: Removed hidden node 3 (pool=5)
2026-08-15 02:12:17,730 [DEBUG] cnn_neat: Removed edge 2→3 (from 8 candidates)
2026-08-15 02:12:17,736 [DEBUG] cnn_neat: Removed 3 edges (requested 3)
2026-08-15 02:12:17,740 [DEBUG] cnn_neat: Split edge 2→1, new hidden node 9 (pool=7)
2026-08-15 02:12:17,746 [DEBUG] cnn_neat: Split edge 8→1, new hidden node 9 (pool=6)
2026-08-15 02:12:17,750 [DEBUG] cnn_neat: Split edge 0→3, new hidden node 9 (pool=2)
2026-08-15 02:12:17,866 [DEBUG] cnn_neat: Split edge 0→3, new hidden node 10 (pool=5)
2026-08-15 02:12:17,875 [DEBUG] cnn_neat: Added edge 8→9 (from 34 candidates)
2026-08-15 02:12:17,892 [DEBUG] cnn_neat: Removed hidden node 2 (pool=7)
2026-08-15 02:12:17,902 [DEBUG] cnn_neat: Removed edge 5→1 (from 7 candidates)
2026-08-15 02:12:17,915 [DEBUG] cnn_neat: Removed 3 edges (requested 3)
2026-08-15 02:12:17,925 [DEBUG] cnn_neat: Split edge 2→1, new hidden node 10 (pool=8)
2026-08-15 02:12:17,930 [DEBUG] cnn_neat: Split edge 0→3, new hidden node 10 (pool=3)
2026-08-15 02:12:17,941 [DEBUG] cnn_neat: Split edge 3→1, new hidden node 9 (pool=9)
2026-08-15 02:12:17,946 [DEBUG] cnn_neat: Added edge 8→7 (from 21 candidates)
2026-08-15 02:12:17,956 [DEBUG] cnn_neat: Removed hidden node 7 (pool=6)
2026-08-15 02:12:17,965 [DEBUG] cnn_neat: Removed edge 8→6 (from 11 candidates)
2026-08-15 02:12:17,980 [DEBUG] cnn_neat: Removed 3 edges (requested 3)
2026-08-15 02:12:17,987 [DEBUG] cnn_neat: Split edge 2→1, new hidden node 10 (pool=7)
2026-08-15 02:12:17,993 [DEBUG] cnn_neat: Split edge 2→6, new hidden node 9 (pool=10)
2026-08-15 02:12:18,246 [DEBUG] cnn_neat: Split edge 3→1, new hidden node 10 (pool=8)
2026-08-15 02:12:18,254 [DEBUG] cnn_neat: Added edge 8→2 (from 33 candidates)
2026-08-15 02:12:18,268 [DEBUG] cnn_neat: Removed hidden node 8 (pool=7)
2026-08-15 02:12:18,276 [DEBUG] cnn_neat: Removed edge 0→3 (from 10 candidates)
2026-08-15 02:12:18,291 [DEBUG] cnn_neat: Removed 3 edges (requested 3)
2026-08-15 02:12:18,301 [DEBUG] cnn_neat: Split edge 2→3, new hidden node 10 (pool=9)
2026-08-15 02:12:18,306 [DEBUG] cnn_neat: Split edge 0→2, new hidden node 10 (pool=1)
2026-08-15 02:12:18,316 [DEBUG] cnn_neat: Added edge 7→6 (from 29 candidates)
2026-08-15 02:12:18,321 [DEBUG] cnn_neat: Added edge 7→9 (from 39 candidates)
2026-08-15 02:12:18,335 [DEBUG] cnn_neat: Split edge 8→1, new hidden node 10 (pool=5)
2026-08-15 02:12:18,347 [DEBUG] cnn_neat: Added edge 6→3 (from 31 candidates)
2026-08-15 02:12:18,356 [DEBUG] cnn_neat: Removed hidden node 7 (pool=7)
2026-08-15 02:12:18,366 [DEBUG] cnn_neat: Removed edge 8→1 (from 8 candidates)
2026-08-15 02:12:18,614 [DEBUG] cnn_neat: Removed 3 edges (requested 3)
2026-08-15 02:12:18,623 [DEBUG] cnn_neat: Split edge 2→3, new hidden node 10 (pool=5)
2026-08-15 02:12:18,633 [DEBUG] cnn_neat: Split edge 3→1, new hidden node 10 (pool=4)
2026-08-15 02:12:18,642 [DEBUG] cnn_neat: Split edge 0→3, new hidden node 10 (pool=3)
2026-08-15 02:12:18,657 [DEBUG] cnn_neat: Split edge 8→1, new hidden node 10 (pool=6)
2026-08-15 02:12:18,666 [DEBUG] cnn_neat: Added edge 8→3 (from 26 candidates)
2026-08-15 02:12:18,672 [DEBUG] cnn_neat: Removed hidden node 9 (pool=6)
2026-08-15 02:12:18,680 [DEBUG] cnn_neat: Removed edge 5→1 (from 7 candidates)
2026-08-15 02:12:18,687 [DEBUG] cnn_neat: Removed 3 edges (requested 3)
2026-08-15 02:12:18,697 [DEBUG] cnn_neat: Split edge 2→3, new hidden node 10 (pool=7)
2026-08-15 02:12:18,704 [DEBUG] cnn_neat: Split edge 0→3, new hidden node 10 (pool=6)
2026-08-15 02:12:18,708 [DEBUG] cnn_neat: Split edge 8→1, new hidden node 10 (pool=3)
2026-08-15 02:12:18,723 [DEBUG] cnn_neat: Added edge 9→3 (from 45 candidates)
2026-08-15 02:12:18,732 [DEBUG] cnn_neat: Removed hidden node 5 (pool=8)
2026-08-15 02:12:18,737 [DEBUG] cnn_neat: Removed edge 2→1 (from 7 candidates)
2026-08-15 02:12:18,746 [DEBUG] cnn_neat: Removed 3 edges (requested 3)
2026-08-15 02:12:18,763 [DEBUG] cnn_neat: Added edge 2→7 (from 43 candidates)
2026-08-15 02:12:19,010 [DEBUG] cnn_neat: Added edge 2→7 (from 46 candidates)
2026-08-15 02:12:19,034 [DEBUG] cnn_neat: Removed hidden node 10 (pool=8)
2026-08-15 02:12:19,048 [DEBUG] cnn_neat: Removed hidden node 3 (pool=8)
2026-08-15 02:12:19,061 [DEBUG] cnn_neat: Split edge 3→1, new hidden node 10 (pool=8)
2026-08-15 02:12:19,070 [DEBUG] cnn_neat: Added edge 7→6 (from 28 candidates)
2026-08-15 02:12:19,083 [DEBUG] cnn_neat: Removed hidden node 2 (pool=7)
2026-08-15 02:12:19,094 [DEBUG] cnn_neat: Removed edge 5→6 (from 11 candidates)
2026-08-15 02:12:19,104 [DEBUG] cnn_neat: Removed 3 edges (requested 3)
2026-08-15 02:12:19,113 [DEBUG] cnn_neat: Split edge 3→9, new hidden node 10 (pool=11)
2026-08-15 02:12:19,124 [DEBUG] cnn_neat: Split edge 2→1, new hidden node 10 (pool=8)
2026-08-15 02:12:19,126 [DEBUG] cnn_neat: Split edge 8→1, new hidden node 10 (pool=2)
2026-08-15 02:12:19,131 [DEBUG] cnn_neat: Split edge 3→1, new hidden node 9 (pool=6)
2026-08-15 02:12:19,137 [DEBUG] cnn_neat: Added edge 7→3 (from 23 candidates)
2026-08-15 02:12:19,155 [DEBUG] cnn_neat: Removed hidden node 6 (pool=6)
2026-08-15 02:12:19,161 [DEBUG] cnn_neat: Removed edge 5→6 (from 8 candidates)
2026-08-15 02:12:19,169 [DEBUG] cnn_neat: Removed 3 edges (requested 3)
2026-08-15 02:12:19,418 [DEBUG] cnn_neat: Split edge 2→1, new hidden node 10 (pool=4)
2026-08-15 02:12:19,427 [DEBUG] cnn_neat: Split edge 0→3, new hidden node 9 (pool=7)
2026-08-15 02:12:19,435 [DEBUG] cnn_neat: Split edge 3→1, new hidden node 9 (pool=2)
2026-08-15 02:12:19,486 [DEBUG] cnn_neat: Added edge 9→1 (from 47 candidates)
2026-08-15 02:12:19,496 [DEBUG] cnn_neat: Removed hidden node 10 (pool=8)
2026-08-15 02:12:19,504 [DEBUG] cnn_neat: Removed edge 8→1 (from 6 candidates)
2026-08-15 02:12:19,514 [DEBUG] cnn_neat: Removed 3 edges (requested 3)
2026-08-15 02:12:19,519 [DEBUG] cnn_neat: Split edge 0→8, new hidden node 11 (pool=1)
2026-08-15 02:12:19,524 [DEBUG] cnn_neat: Added edge 6→7 (from 46 candidates)
2026-08-15 02:12:19,526 [DEBUG] cnn_neat: Added edge 9→7 (from 50 candidates)
2026-08-15 02:12:19,531 [DEBUG] cnn_neat: Split edge 0→7, new hidden node 12 (pool=10)
2026-08-15 02:12:19,539 [DEBUG] cnn_neat: Split edge 3→1, new hidden node 11 (pool=5)
2026-08-15 02:12:19,542 [DEBUG] cnn_neat: Added edge 5→10 (from 37 candidates)
2026-08-15 02:12:19,554 [DEBUG] cnn_neat: Removed hidden node 8 (pool=7)
2026-08-15 02:12:19,556 [DEBUG] cnn_neat: Removed edge 2→1 (from 6 candidates)
2026-08-15 02:12:19,602 [DEBUG] cnn_neat: Removed 3 edges (requested 3)
2026-08-15 02:12:19,625 [DEBUG] cnn_neat: Split edge 2→3, new hidden node 11 (pool=5)
2026-08-15 02:12:19,635 [DEBUG] cnn_neat: Split edge 2→1, new hidden node 11 (pool=4)
2026-08-15 02:12:19,915 [DEBUG] cnn_neat: Split edge 2→1, new hidden node 10 (pool=5)
2026-08-15 02:12:19,919 [DEBUG] cnn_neat: Added edge 2→9 (from 29 candidates)
2026-08-15 02:12:19,933 [DEBUG] cnn_neat: Removed hidden node 3 (pool=7)
2026-08-15 02:12:19,940 [DEBUG] cnn_neat: Removed edge 2→3 (from 8 candidates)
2026-08-15 02:12:19,950 [DEBUG] cnn_neat: Removed 3 edges (requested 3)
2026-08-15 02:12:19,955 [DEBUG] cnn_neat: Split edge 8→1, new hidden node 10 (pool=3)
2026-08-15 02:12:19,962 [DEBUG] cnn_neat: Split edge 8→1, new hidden node 10 (pool=4)
2026-08-15 02:12:19,966 [DEBUG] cnn_neat: Split edge 8→1, new hidden node 10 (pool=3)
2026-08-15 02:12:19,975 [DEBUG] cnn_neat: Split edge 7→6, new hidden node 10 (pool=8)
2026-08-15 02:12:19,980 [DEBUG] cnn_neat: Added edge 8→5 (from 30 candidates)
2026-08-15 02:12:19,989 [DEBUG] cnn_neat: Removed hidden node 7 (pool=7)
2026-08-15 02:12:19,995 [DEBUG] cnn_neat: Removed edge 5→6 (from 11 candidates)
2026-08-15 02:12:20,003 [DEBUG] cnn_neat: Removed 3 edges (requested 3)
2026-08-15 02:12:20,011 [DEBUG] cnn_neat: Split edge 8→1, new hidden node 10 (pool=11)
2026-08-15 02:12:20,018 [DEBUG] cnn_neat: Split edge 7→6, new hidden node 10 (pool=8)
2026-08-15 02:12:20,023 [DEBUG] cnn_neat: Split edge 8→1, new hidden node 10 (pool=7)
2026-08-15 02:12:20,039 [DEBUG] cnn_neat: Added edge 2→8 (from 44 candidates)
2026-08-15 02:12:20,058 [DEBUG] cnn_neat: Removed hidden node 5 (pool=8)
2026-08-15 02:12:20,064 [DEBUG] cnn_neat: Removed edge 2→1 (from 7 candidates)
2026-08-15 02:12:20,074 [DEBUG] cnn_neat: Saved generation 21
2026-08-15 02:12:20,149 [DEBUG] cnn_neat: Removed 3 edges (requested 3)
2026-08-15 02:12:20,149 [DEBUG] cnn_neat: Selected 25 elite individuals
2026-08-15 02:12:20,170 [DEBUG] cnn_neat: Split edge 3→1, new hidden node 11 (pool=6)
2026-08-15 02:12:20,194 [DEBUG] cnn_neat: Added edge 2→6 (from 42 candidates)
2026-08-15 02:12:20,252 [DEBUG] cnn_neat: Added edge 6→3 (from 35 candidates)
2026-08-15 02:12:20,291 [DEBUG] cnn_neat: Added edge 10→7 (from 43 candidates)
2026-08-15 02:12:20,312 [DEBUG] cnn_neat: Removed hidden node 3 (pool=8)
2026-08-15 02:12:20,324 [DEBUG] cnn_neat: Removed edge 2→1 (from 7 candidates)
2026-08-15 02:12:20,341 [DEBUG] cnn_neat: Removed 3 edges (requested 3)
2026-08-15 02:12:20,360 [DEBUG] cnn_neat: Added edge 9→3 (from 34 candidates)
2026-08-15 02:12:20,368 [DEBUG] cnn_neat: Added edge 3→6 (from 44 candidates)
2026-08-15 02:12:20,375 [DEBUG] cnn_neat: Added edge 7→2 (from 50 candidates)
2026-08-15 02:12:20,394 [DEBUG] cnn_neat: Added edge 8→3 (from 39 candidates)
2026-08-15 02:12:20,407 [DEBUG] cnn_neat: Trimmed elite queue to 128 entries
2026-08-15 02:12:20,901 [DEBUG] cnn_neat: Removed hidden node 7 (pool=8)
2026-08-15 02:12:20,910 [DEBUG] cnn_neat: Split edge 0→3, new hidden node 11 (pool=6)
2026-08-15 02:12:20,915 [DEBUG] cnn_neat: Added edge 7→10 (from 32 candidates)
2026-08-15 02:12:20,920 [DEBUG] cnn_neat: Removed hidden node 5 (pool=7)
2026-08-15 02:12:20,924 [DEBUG] cnn_neat: Removed edge 8→1 (from 9 candidates)
2026-08-15 02:12:20,929 [DEBUG] cnn_neat: Removed 3 edges (requested 3)
2026-08-15 02:12:20,934 [DEBUG] cnn_neat: Crossover rejected: union topology invalid (edges=31 nodes=17)
2026-08-15 02:12:20,937 [DEBUG] cnn_neat: Split edge 8→1, new hidden node 11 (pool=6)
2026-08-15 02:12:20,941 [DEBUG] cnn_neat: Added edge 3→9 (from 32 candidates)
2026-08-15 02:12:20,945 [DEBUG] cnn_neat: Added edge 9→1 (from 27 candidates)
2026-08-15 02:12:20,948 [DEBUG] cnn_neat: Added edge 7→9 (from 26 candidates)
2026-08-15 02:12:20,953 [DEBUG] cnn_neat: Added edge 7→2 (from 25 candidates)
2026-08-15 02:12:20,957 [DEBUG] cnn_neat: Added edge 5→9 (from 22 candidates)
2026-08-15 02:12:20,965 [DEBUG] cnn_neat: Added edge 8→2 (from 35 candidates)
2026-08-15 02:12:20,969 [DEBUG] cnn_neat: Added edge 7→8 (from 35 candidates)
2026-08-15 02:12:20,975 [DEBUG] cnn_neat: Removed hidden node 7 (pool=8)
2026-08-15 02:12:20,979 [DEBUG] cnn_neat: Removed edge 10→3 (from 11 candidates)
2026-08-15 02:12:20,985 [DEBUG] cnn_neat: Removed 3 edges (requested 3)
2026-08-15 02:12:20,989 [DEBUG] cnn_neat: Crossover rejected: union topology invalid (edges=29 nodes=16)
2026-08-15 02:12:20,995 [DEBUG] cnn_neat: Added edge 5→2 (from 35 candidates)
2026-08-15 02:12:20,999 [DEBUG] cnn_neat: Added edge 3→5 (from 35 candidates)
2026-08-15 02:12:21,003 [DEBUG] cnn_neat: Added edge 10→9 (from 26 candidates)
2026-08-15 02:12:21,007 [DEBUG] cnn_neat: Added edge 10→5 (from 25 candidates)
2026-08-15 02:12:21,010 [DEBUG] cnn_neat: Added edge 7→6 (from 24 candidates)
2026-08-15 02:12:21,014 [DEBUG] cnn_neat: Added edge 9→1 (from 23 candidates)
2026-08-15 02:12:21,018 [DEBUG] cnn_neat: Split edge 0→3, new hidden node 11 (pool=5)
2026-08-15 02:12:21,021 [DEBUG] cnn_neat: Added edge 7→1 (from 29 candidates)
2026-08-15 02:12:21,027 [DEBUG] cnn_neat: Removed hidden node 3 (pool=7)
2026-08-15 02:12:21,030 [DEBUG] cnn_neat: Removed edge 5→6 (from 9 candidates)
2026-08-15 02:12:21,035 [DEBUG] cnn_neat: Removed 3 edges (requested 3)
2026-08-15 02:12:21,039 [DEBUG] cnn_neat: Crossover rejected: union topology invalid (edges=29 nodes=16)
2026-08-15 02:12:21,042 [DEBUG] cnn_neat: Split edge 2→3, new hidden node 11 (pool=5)
2026-08-15 02:12:21,046 [DEBUG] cnn_neat: Added edge 10→1 (from 29 candidates)
2026-08-15 02:12:21,049 [DEBUG] cnn_neat: Added edge 8→10 (from 28 candidates)
2026-08-15 02:12:21,053 [DEBUG] cnn_neat: Added edge 8→5 (from 25 candidates)
2026-08-15 02:12:21,056 [DEBUG] cnn_neat: Added edge 7→10 (from 23 candidates)
2026-08-15 02:12:21,060 [DEBUG] cnn_neat: Added edge 3→5 (from 20 candidates)
2026-08-15 02:12:21,068 [DEBUG] cnn_neat: Added edge 10→7 (from 37 candidates)
2026-08-15 02:12:21,072 [DEBUG] cnn_neat: Added edge 2→5 (from 37 candidates)
2026-08-15 02:12:21,080 [DEBUG] cnn_neat: Removed hidden node 10 (pool=8)
2026-08-15 02:12:21,083 [DEBUG] cnn_neat: Removed edge 2→3 (from 10 candidates)
2026-08-15 02:12:21,090 [DEBUG] cnn_neat: Removed 3 edges (requested 3)
2026-08-15 02:12:21,094 [DEBUG] cnn_neat: Crossover rejected: union topology invalid (edges=29 nodes=16)
2026-08-15 02:12:21,099 [DEBUG] cnn_neat: Added edge 5→10 (from 37 candidates)
2026-08-15 02:12:21,103 [DEBUG] cnn_neat: Added edge 3→6 (from 37 candidates)
2026-08-15 02:12:21,107 [DEBUG] cnn_neat: Added edge 9→10 (from 35 candidates)
2026-08-15 02:12:21,111 [DEBUG] cnn_neat: Added edge 7→8 (from 28 candidates)
2026-08-15 02:12:21,115 [DEBUG] cnn_neat: Added edge 7→1 (from 26 candidates)
2026-08-15 02:12:21,119 [DEBUG] cnn_neat: Added edge 3→8 (from 25 candidates)
2026-08-15 02:12:21,126 [DEBUG] cnn_neat: Added edge 2→5 (from 36 candidates)
2026-08-15 02:12:21,130 [DEBUG] cnn_neat: Added edge 7→9 (from 36 candidates)
2026-08-15 02:12:21,136 [DEBUG] cnn_neat: Removed hidden node 3 (pool=8)
2026-08-15 02:12:21,140 [DEBUG] cnn_neat: Removed edge 2→1 (from 10 candidates)
2026-08-15 02:12:21,147 [DEBUG] cnn_neat: Removed 3 edges (requested 3)
2026-08-15 02:12:21,151 [DEBUG] cnn_neat: Crossover rejected: union topology invalid (edges=36 nodes=18)
2026-08-15 02:12:21,158 [DEBUG] cnn_neat: Added edge 3→8 (from 36 candidates)
2026-08-15 02:12:21,162 [DEBUG] cnn_neat: Added edge 10→8 (from 36 candidates)
2026-08-15 02:12:21,166 [DEBUG] cnn_neat: Added edge 6→7 (from 34 candidates)
2026-08-15 02:12:21,170 [DEBUG] cnn_neat: Added edge 3→8 (from 27 candidates)
2026-08-15 02:12:21,175 [DEBUG] cnn_neat: Added edge 8→5 (from 22 candidates)
2026-08-15 02:12:21,180 [DEBUG] cnn_neat: Added edge 2→7 (from 21 candidates)
2026-08-15 02:12:21,184 [DEBUG] cnn_neat: Split edge 2→3, new hidden node 11 (pool=6)
2026-08-15 02:12:21,187 [DEBUG] cnn_neat: Added edge 2→5 (from 26 candidates)
2026-08-15 02:12:21,192 [DEBUG] cnn_neat: Removed hidden node 3 (pool=6)
2026-08-15 02:12:21,194 [DEBUG] cnn_neat: Removed edge 5→1 (from 7 candidates)
2026-08-15 02:12:21,199 [DEBUG] cnn_neat: Removed 3 edges (requested 3)
2026-08-15 02:12:21,203 [DEBUG] cnn_neat: Crossover rejected: union topology invalid (edges=27 nodes=16)
2026-08-15 02:12:21,206 [DEBUG] cnn_neat: Split edge 0→3, new hidden node 11 (pool=6)
2026-08-15 02:12:21,208 [DEBUG] cnn_neat: Added edge 8→3 (from 26 candidates)
2026-08-15 02:12:21,212 [DEBUG] cnn_neat: Added edge 2→5 (from 24 candidates)
2026-08-15 02:12:21,215 [DEBUG] cnn_neat: Added edge 8→2 (from 22 candidates)
2026-08-15 02:12:21,218 [DEBUG] cnn_neat: Added edge 7→1 (from 18 candidates)
2026-08-15 02:12:21,222 [DEBUG] cnn_neat: Added edge 3→7 (from 17 candidates)
2026-08-15 02:12:21,225 [DEBUG] cnn_neat: Split edge 8→1, new hidden node 11 (pool=6)
2026-08-15 02:12:21,228 [DEBUG] cnn_neat: Added edge 5→9 (from 37 candidates)
2026-08-15 02:12:21,233 [DEBUG] cnn_neat: Removed hidden node 2 (pool=7)
2026-08-15 02:12:21,235 [DEBUG] cnn_neat: Split edge 8→1, new hidden node 9 (pool=4)
2026-08-15 02:12:21,237 [DEBUG] cnn_neat: Removed edge 2→3 (from 7 candidates)
2026-08-15 02:12:21,243 [DEBUG] cnn_neat: Removed 3 edges (requested 3)
2026-08-15 02:12:21,246 [DEBUG] cnn_neat: Crossover rejected: union topology invalid (edges=30 nodes=17)
2026-08-15 02:12:21,249 [DEBUG] cnn_neat: Split edge 0→3, new hidden node 11 (pool=6)
2026-08-15 02:12:21,252 [DEBUG] cnn_neat: Added edge 3→9 (from 37 candidates)
2026-08-15 02:12:21,255 [DEBUG] cnn_neat: Added edge 7→9 (from 35 candidates)
2026-08-15 02:12:21,258 [DEBUG] cnn_neat: Added edge 5→8 (from 33 candidates)
2026-08-15 02:12:21,262 [DEBUG] cnn_neat: Added edge 10→7 (from 30 candidates)
2026-08-15 02:12:21,265 [DEBUG] cnn_neat: Added edge 5→3 (from 22 candidates)
2026-08-15 02:12:21,268 [DEBUG] cnn_neat: Split edge 0→3, new hidden node 10 (pool=9)
2026-08-15 02:12:21,271 [DEBUG] cnn_neat: Split edge 8→1, new hidden node 11 (pool=6)
2026-08-15 02:12:21,274 [DEBUG] cnn_neat: Added edge 7→3 (from 24 candidates)
2026-08-15 02:12:21,279 [DEBUG] cnn_neat: Removed hidden node 3 (pool=6)
2026-08-15 02:12:21,281 [DEBUG] cnn_neat: Removed edge 3→1 (from 10 candidates)
2026-08-15 02:12:21,287 [DEBUG] cnn_neat: Removed 3 edges (requested 3)
2026-08-15 02:12:21,291 [DEBUG] cnn_neat: Crossover rejected: union topology invalid (edges=24 nodes=15)
2026-08-15 02:12:21,293 [DEBUG] cnn_neat: Split edge 3→9, new hidden node 10 (pool=9)
2026-08-15 02:12:21,420 [DEBUG] cnn_neat: Added edge 5→2 (from 40 candidates)
2026-08-15 02:12:21,541 [DEBUG] cnn_neat: Removed hidden node 6 (pool=8)
2026-08-15 02:12:21,546 [DEBUG] cnn_neat: Removed edge 8→1 (from 9 candidates)
2026-08-15 02:12:21,563 [DEBUG] cnn_neat: Removed 3 edges (requested 3)
2026-08-15 02:12:21,584 [DEBUG] cnn_neat: Added edge 6→1 (from 31 candidates)
2026-08-15 02:12:21,594 [DEBUG] cnn_neat: Added edge 8→3 (from 41 candidates)
2026-08-15 02:12:21,601 [DEBUG] cnn_neat: Added edge 7→1 (from 44 candidates)
2026-08-15 02:12:21,617 [DEBUG] cnn_neat: Split edge 0→8, new hidden node 11 (pool=6)
2026-08-15 02:12:21,627 [DEBUG] cnn_neat: Added edge 8→5 (from 32 candidates)
2026-08-15 02:12:21,645 [DEBUG] cnn_neat: Removed hidden node 7 (pool=7)
2026-08-15 02:12:22,045 [DEBUG] cnn_neat: Removed edge 10→3 (from 9 candidates)
2026-08-15 02:12:22,092 [DEBUG] cnn_neat: Added edge 9→10 (from 35 candidates)
2026-08-15 02:12:22,137 [DEBUG] cnn_neat: Removed hidden node 10 (pool=8)
2026-08-15 02:12:22,162 [DEBUG] cnn_neat: Removed edge 5→1 (from 11 candidates)
2026-08-15 02:12:22,195 [DEBUG] cnn_neat: Removed 3 edges (requested 3)
2026-08-15 02:12:22,277 [DEBUG] cnn_neat: Added edge 6→1 (from 28 candidates)
2026-08-15 02:12:22,290 [DEBUG] cnn_neat: Added edge 8→3 (from 36 candidates)
2026-08-15 02:12:22,298 [DEBUG] cnn_neat: Added edge 7→8 (from 43 candidates)
2026-08-15 02:12:22,326 [DEBUG] cnn_neat: Added edge 7→3 (from 43 candidates)
2026-08-15 02:12:22,336 [DEBUG] cnn_neat: Removed hidden node 9 (pool=8)
2026-08-15 02:12:22,342 [DEBUG] cnn_neat: Removed edge 2→1 (from 8 candidates)
2026-08-15 02:12:22,351 [DEBUG] cnn_neat: Removed 3 edges (requested 3)
2026-08-15 02:12:22,364 [DEBUG] cnn_neat: Added edge 3→8 (from 41 candidates)
2026-08-15 02:12:22,369 [DEBUG] cnn_neat: Added edge 7→6 (from 44 candidates)
2026-08-15 02:12:22,372 [DEBUG] cnn_neat: Added edge 7→6 (from 47 candidates)
2026-08-15 02:12:22,384 [DEBUG] cnn_neat: Added edge 8→2 (from 38 candidates)
2026-08-15 02:12:22,397 [DEBUG] cnn_neat: Removed hidden node 3 (pool=8)
2026-08-15 02:12:22,401 [DEBUG] cnn_neat: Removed edge 5→1 (from 9 candidates)
2026-08-15 02:12:22,412 [DEBUG] cnn_neat: Removed 3 edges (requested 3)
2026-08-15 02:12:22,429 [DEBUG] cnn_neat: Added edge 9→1 (from 33 candidates)
2026-08-15 02:12:22,432 [DEBUG] cnn_neat: Added edge 8→7 (from 32 candidates)
2026-08-15 02:12:22,442 [DEBUG] cnn_neat: Split edge 0→3, new hidden node 11 (pool=5)
2026-08-15 02:12:22,448 [DEBUG] cnn_neat: Added edge 7→8 (from 29 candidates)
2026-08-15 02:12:22,465 [DEBUG] cnn_neat: Removed hidden node 3 (pool=7)
2026-08-15 02:12:22,472 [DEBUG] cnn_neat: Removed edge 10→6 (from 9 candidates)
2026-08-15 02:12:22,482 [DEBUG] cnn_neat: Removed 3 edges (requested 3)
2026-08-15 02:12:22,488 [DEBUG] cnn_neat: Split edge 2→1, new hidden node 11 (pool=6)
2026-08-15 02:12:22,494 [DEBUG] cnn_neat: Split edge 2→3, new hidden node 11 (pool=5)
2026-08-15 02:12:22,503 [DEBUG] cnn_neat: Added edge 2→8 (from 27 candidates)
2026-08-15 02:12:22,517 [DEBUG] cnn_neat: Added edge 10→7 (from 37 candidates)
2026-08-15 02:12:22,528 [DEBUG] cnn_neat: Removed hidden node 5 (pool=8)
2026-08-15 02:12:22,534 [DEBUG] cnn_neat: Removed edge 9→6 (from 10 candidates)
2026-08-15 02:12:22,542 [DEBUG] cnn_neat: Removed 3 edges (requested 3)
2026-08-15 02:12:22,554 [DEBUG] cnn_neat: Added edge 3→7 (from 39 candidates)
2026-08-15 02:12:22,559 [DEBUG] cnn_neat: Added edge 9→3 (from 40 candidates)
2026-08-15 02:12:22,569 [DEBUG] cnn_neat: Removed hidden node 5 (pool=8)
2026-08-15 02:12:22,579 [DEBUG] cnn_neat: Removed hidden node 9 (pool=8)
2026-08-15 02:12:22,691 [DEBUG] cnn_neat: Added edge 2→5 (from 36 candidates)
2026-08-15 02:12:22,700 [DEBUG] cnn_neat: Removed hidden node 3 (pool=8)
2026-08-15 02:12:22,708 [DEBUG] cnn_neat: Removed edge 2→8 (from 10 candidates)
2026-08-15 02:12:22,723 [DEBUG] cnn_neat: Removed 3 edges (requested 3)
2026-08-15 02:12:22,739 [DEBUG] cnn_neat: Added edge 10→8 (from 38 candidates)
2026-08-15 02:12:22,746 [DEBUG] cnn_neat: Added edge 3→9 (from 41 candidates)
2026-08-15 02:12:22,762 [DEBUG] cnn_neat: Removed hidden node 9 (pool=8)
2026-08-15 02:12:22,768 [DEBUG] cnn_neat: Removed hidden node 6 (pool=8)
2026-08-15 02:12:22,783 [DEBUG] cnn_neat: Added edge 7→10 (from 41 candidates)
2026-08-15 02:12:22,804 [DEBUG] cnn_neat: Removed hidden node 9 (pool=8)
2026-08-15 02:12:22,813 [DEBUG] cnn_neat: Removed edge 10→3 (from 9 candidates)
2026-08-15 02:12:22,836 [DEBUG] cnn_neat: Removed 3 edges (requested 3)
2026-08-15 02:12:22,851 [DEBUG] cnn_neat: Split edge 2→8, new hidden node 11 (pool=6)
2026-08-15 02:12:22,862 [DEBUG] cnn_neat: Split edge 0→8, new hidden node 11 (pool=1)
2026-08-15 02:12:23,129 [DEBUG] cnn_neat: Added edge 10→5 (from 45 candidates)
2026-08-15 02:12:23,154 [DEBUG] cnn_neat: Removed hidden node 10 (pool=8)
2026-08-15 02:12:23,162 [DEBUG] cnn_neat: Removed edge 5→1 (from 7 candidates)
2026-08-15 02:12:23,182 [DEBUG] cnn_neat: Removed 3 edges (requested 3)
2026-08-15 02:12:23,196 [DEBUG] cnn_neat: Split edge 3→1, new hidden node 10 (pool=4)
2026-08-15 02:12:23,205 [DEBUG] cnn_neat: Added edge 3→8 (from 43 candidates)
2026-08-15 02:12:23,208 [DEBUG] cnn_neat: Added edge 8→3 (from 32 candidates)
2026-08-15 02:12:23,223 [DEBUG] cnn_neat: Split edge 0→3, new hidden node 9 (pool=9)
2026-08-15 02:12:23,226 [DEBUG] cnn_neat: Added edge 2→8 (from 24 candidates)
2026-08-15 02:12:23,235 [DEBUG] cnn_neat: Removed hidden node 6 (pool=6)
2026-08-15 02:12:23,239 [DEBUG] cnn_neat: Removed edge 2→6 (from 10 candidates)
2026-08-15 02:12:23,246 [DEBUG] cnn_neat: Removed 3 edges (requested 3)
2026-08-15 02:12:23,258 [DEBUG] cnn_neat: Split edge 8→6, new hidden node 9 (pool=10)
2026-08-15 02:12:23,270 [DEBUG] cnn_neat: Added edge 6→7 (from 22 candidates)
2026-08-15 02:12:23,522 [DEBUG] cnn_neat: Split edge 3→1, new hidden node 10 (pool=6)
2026-08-15 02:12:23,531 [DEBUG] cnn_neat: Removed hidden node 3 (pool=6)
2026-08-15 02:12:23,543 [DEBUG] cnn_neat: Added edge 9→1 (from 31 candidates)
2026-08-15 02:12:23,559 [DEBUG] cnn_neat: Split edge 0→3, new hidden node 9 (pool=6)
2026-08-15 02:12:23,562 [DEBUG] cnn_neat: Added edge 2→8 (from 26 candidates)
2026-08-15 02:12:23,571 [DEBUG] cnn_neat: Removed hidden node 3 (pool=6)
2026-08-15 02:12:23,576 [DEBUG] cnn_neat: Removed edge 2→1 (from 7 candidates)
2026-08-15 02:12:23,585 [DEBUG] cnn_neat: Removed 3 edges (requested 3)
2026-08-15 02:12:23,595 [DEBUG] cnn_neat: Split edge 0→2, new hidden node 9 (pool=7)
2026-08-15 02:12:23,597 [DEBUG] cnn_neat: Split edge 3→1, new hidden node 9 (pool=5)
2026-08-15 02:12:23,600 [DEBUG] cnn_neat: Added edge 2→6 (from 23 candidates)
2026-08-15 02:12:23,608 [DEBUG] cnn_neat: Added edge 7→1 (from 27 candidates)
2026-08-15 02:12:23,615 [DEBUG] cnn_neat: Split edge 8→1, new hidden node 10 (pool=3)
2026-08-15 02:12:23,636 [DEBUG] cnn_neat: Split edge 8→1, new hidden node 9 (pool=7)
2026-08-15 02:12:23,643 [DEBUG] cnn_neat: Added edge 8→5 (from 17 candidates)
2026-08-15 02:12:23,649 [DEBUG] cnn_neat: Removed hidden node 3 (pool=5)
2026-08-15 02:12:23,652 [DEBUG] cnn_neat: Removed edge 2→3 (from 8 candidates)
2026-08-15 02:12:23,661 [DEBUG] cnn_neat: Removed 3 edges (requested 3)
2026-08-15 02:12:23,664 [DEBUG] cnn_neat: Split edge 0→8, new hidden node 9 (pool=5)
2026-08-15 02:12:23,669 [DEBUG] cnn_neat: Added edge 2→1 (from 20 candidates)
2026-08-15 02:12:23,675 [DEBUG] cnn_neat: Split edge 3→1, new hidden node 10 (pool=4)
2026-08-15 02:12:23,677 [DEBUG] cnn_neat: Removed hidden node 2 (pool=4)
2026-08-15 02:12:23,681 [DEBUG] cnn_neat: Added edge 5→2 (from 29 candidates)
2026-08-15 02:12:23,691 [DEBUG] cnn_neat: Split edge 2→3, new hidden node 10 (pool=5)
2026-08-15 02:12:23,701 [DEBUG] cnn_neat: Added edge 9→3 (from 34 candidates)
2026-08-15 02:12:23,706 [DEBUG] cnn_neat: Removed hidden node 7 (pool=7)
2026-08-15 02:12:23,967 [DEBUG] cnn_neat: Removed edge 5→1 (from 7 candidates)
2026-08-15 02:12:23,982 [DEBUG] cnn_neat: Removed 3 edges (requested 3)
2026-08-15 02:12:23,985 [DEBUG] cnn_neat: Split edge 0→3, new hidden node 10 (pool=5)
2026-08-15 02:12:23,993 [DEBUG] cnn_neat: Added edge 2→8 (from 22 candidates)
2026-08-15 02:12:23,995 [DEBUG] cnn_neat: Split edge 10→3, new hidden node 11 (pool=5)
2026-08-15 02:12:23,999 [DEBUG] cnn_neat: Removed hidden node 6 (pool=6)
2026-08-15 02:12:24,003 [DEBUG] cnn_neat: Added edge 2→8 (from 32 candidates)
2026-08-15 02:12:24,022 [DEBUG] cnn_neat: Split edge 8→1, new hidden node 9 (pool=9)
2026-08-15 02:12:24,030 [DEBUG] cnn_neat: Added edge 3→7 (from 21 candidates)
2026-08-15 02:12:24,041 [DEBUG] cnn_neat: Removed hidden node 2 (pool=6)
2026-08-15 02:12:24,046 [DEBUG] cnn_neat: Removed edge 2→3 (from 11 candidates)
2026-08-15 02:12:24,062 [DEBUG] cnn_neat: Removed 3 edges (requested 3)
2026-08-15 02:12:24,075 [DEBUG] cnn_neat: Split edge 8→6, new hidden node 10 (pool=7)
2026-08-15 02:12:24,084 [DEBUG] cnn_neat: Split edge 2→1, new hidden node 10 (pool=8)
2026-08-15 02:12:24,094 [DEBUG] cnn_neat: Added edge 7→2 (from 33 candidates)
2026-08-15 02:12:24,106 [DEBUG] cnn_neat: Removed hidden node 5 (pool=7)
2026-08-15 02:12:24,112 [DEBUG] cnn_neat: Removed edge 9→6 (from 10 candidates)
2026-08-15 02:12:24,120 [DEBUG] cnn_neat: Removed 3 edges (requested 3)
2026-08-15 02:12:24,125 [DEBUG] cnn_neat: Split edge 8→1, new hidden node 10 (pool=9)
2026-08-15 02:12:24,395 [DEBUG] cnn_neat: Split edge 3→1, new hidden node 10 (pool=5)
2026-08-15 02:12:24,446 [DEBUG] cnn_neat: Added edge 8→7 (from 31 candidates)
2026-08-15 02:12:24,454 [DEBUG] cnn_neat: Removed hidden node 9 (pool=7)
2026-08-15 02:12:24,460 [DEBUG] cnn_neat: Removed edge 9→6 (from 8 candidates)
2026-08-15 02:12:24,470 [DEBUG] cnn_neat: Removed 3 edges (requested 3)
2026-08-15 02:12:24,477 [DEBUG] cnn_neat: Split edge 8→1, new hidden node 10 (pool=5)
2026-08-15 02:12:24,481 [DEBUG] cnn_neat: Split edge 0→3, new hidden node 10 (pool=3)
2026-08-15 02:12:24,488 [DEBUG] cnn_neat: Added edge 8→3 (from 34 candidates)
2026-08-15 02:12:24,497 [DEBUG] cnn_neat: Split edge 8→1, new hidden node 10 (pool=6)
2026-08-15 02:12:24,503 [DEBUG] cnn_neat: Added edge 3→5 (from 26 candidates)
2026-08-15 02:12:24,507 [DEBUG] cnn_neat: Removed hidden node 3 (pool=6)
2026-08-15 02:12:24,510 [DEBUG] cnn_neat: Removed edge 0→8 (from 7 candidates)
2026-08-15 02:12:24,520 [DEBUG] cnn_neat: Removed 3 edges (requested 3)
2026-08-15 02:12:24,523 [DEBUG] cnn_neat: Split edge 0→7, new hidden node 10 (pool=9)
2026-08-15 02:12:24,532 [DEBUG] cnn_neat: Split edge 0→3, new hidden node 10 (pool=4)
2026-08-15 02:12:24,533 [DEBUG] cnn_neat: Split edge 0→3, new hidden node 10 (pool=7)
2026-08-15 02:12:24,587 [DEBUG] cnn_neat: Added edge 8→10 (from 39 candidates)
2026-08-15 02:12:24,725 [DEBUG] cnn_neat: Removed hidden node 6 (pool=8)
2026-08-15 02:12:24,728 [DEBUG] cnn_neat: Removed edge 8→1 (from 10 candidates)
2026-08-15 02:12:24,733 [DEBUG] cnn_neat: Removed 3 edges (requested 3)
2026-08-15 02:12:24,739 [DEBUG] cnn_neat: Split edge 3→1, new hidden node 11 (pool=8)
2026-08-15 02:12:24,755 [DEBUG] cnn_neat: Added edge 6→1 (from 36 candidates)
2026-08-15 02:12:25,055 [DEBUG] cnn_neat: Added edge 2→5 (from 22 candidates)
2026-08-15 02:12:25,077 [DEBUG] cnn_neat: Removed hidden node 6 (pool=8)
2026-08-15 02:12:25,085 [DEBUG] cnn_neat: Removed edge 8→1 (from 15 candidates)
2026-08-15 02:12:25,107 [DEBUG] cnn_neat: Removed 3 edges (requested 3)
2026-08-15 02:12:25,123 [DEBUG] cnn_neat: Split edge 8→1, new hidden node 11 (pool=6)
2026-08-15 02:12:25,130 [DEBUG] cnn_neat: Added edge 8→3 (from 26 candidates)
2026-08-15 02:12:25,142 [DEBUG] cnn_neat: Removed hidden node 10 (pool=6)
2026-08-15 02:12:25,150 [DEBUG] cnn_neat: Removed edge 5→1 (from 7 candidates)
2026-08-15 02:12:25,159 [DEBUG] cnn_neat: Removed 3 edges (requested 3)
2026-08-15 02:12:25,166 [DEBUG] cnn_neat: Split edge 0→3, new hidden node 12 (pool=4)
2026-08-15 02:12:25,174 [DEBUG] cnn_neat: Split edge 0→3, new hidden node 11 (pool=7)
2026-08-15 02:12:25,178 [DEBUG] cnn_neat: Split edge 0→8, new hidden node 11 (pool=3)
2026-08-15 02:12:25,186 [DEBUG] cnn_neat: Split edge 2→1, new hidden node 11 (pool=6)
2026-08-15 02:12:25,190 [DEBUG] cnn_neat: Added edge 7→10 (from 37 candidates)
2026-08-15 02:12:25,203 [DEBUG] cnn_neat: Saved generation 22
2026-08-15 02:12:25,269 [DEBUG] cnn_neat: Removed hidden node 10 (pool=7)
2026-08-15 02:12:25,281 [DEBUG] cnn_neat: Selected 25 elite individuals
2026-08-15 02:12:25,290 [DEBUG] cnn_neat: Removed edge 0→8 (from 7 candidates)
2026-08-15 02:12:25,317 [DEBUG] cnn_neat: Removed 3 edges (requested 3)
2026-08-15 02:12:25,387 [DEBUG] cnn_neat: Split edge 8→1, new hidden node 11 (pool=8)
2026-08-15 02:12:25,401 [DEBUG] cnn_neat: Split edge 3→1, new hidden node 11 (pool=4)
2026-08-15 02:12:25,431 [DEBUG] cnn_neat: Split edge 2→3, new hidden node 10 (pool=9)
2026-08-15 02:12:25,444 [DEBUG] cnn_neat: Added edge 7→3 (from 24 candidates)
2026-08-15 02:12:25,465 [DEBUG] cnn_neat: Removed hidden node 9 (pool=6)
2026-08-15 02:12:25,480 [DEBUG] cnn_neat: Removed edge 5→1 (from 10 candidates)
2026-08-15 02:12:25,493 [DEBUG] cnn_neat: Removed 3 edges (requested 3)
2026-08-15 02:12:25,502 [DEBUG] cnn_neat: Split edge 3→1, new hidden node 11 (pool=7)
2026-08-15 02:12:25,509 [DEBUG] cnn_neat: Split edge 2→9, new hidden node 10 (pool=9)
2026-08-15 02:12:25,514 [DEBUG] cnn_neat: Split edge 2→1, new hidden node 10 (pool=3)
2026-08-15 02:12:25,524 [DEBUG] cnn_neat: Split edge 2→3, new hidden node 10 (pool=5)
2026-08-15 02:12:25,531 [DEBUG] cnn_neat: Added edge 3→9 (from 29 candidates)
2026-08-15 02:12:25,536 [DEBUG] cnn_neat: Trimmed elite queue to 128 entries
2026-08-15 02:12:26,069 [DEBUG] cnn_neat: Removed hidden node 7 (pool=7)
2026-08-15 02:12:26,071 [DEBUG] cnn_neat: Split edge 3→1, new hidden node 11 (pool=6)
2026-08-15 02:12:26,075 [DEBUG] cnn_neat: Added edge 7→8 (from 28 candidates)
2026-08-15 02:12:26,081 [DEBUG] cnn_neat: Removed hidden node 6 (pool=7)
2026-08-15 02:12:26,085 [DEBUG] cnn_neat: Removed edge 10→6 (from 10 candidates)
2026-08-15 02:12:26,091 [DEBUG] cnn_neat: Removed 3 edges (requested 3)
2026-08-15 02:12:26,095 [DEBUG] cnn_neat: Crossover rejected: union topology invalid (edges=30 nodes=16)
2026-08-15 02:12:26,099 [DEBUG] cnn_neat: Split edge 8→1, new hidden node 11 (pool=6)
2026-08-15 02:12:26,103 [DEBUG] cnn_neat: Added edge 10→5 (from 28 candidates)
2026-08-15 02:12:26,106 [DEBUG] cnn_neat: Added edge 5→8 (from 25 candidates)
2026-08-15 02:12:26,109 [DEBUG] cnn_neat: Added edge 3→8 (from 20 candidates)
2026-08-15 02:12:26,113 [DEBUG] cnn_neat: Added edge 6→1 (from 17 candidates)
2026-08-15 02:12:26,119 [DEBUG] cnn_neat: Added edge 7→3 (from 16 candidates)
2026-08-15 02:12:26,122 [DEBUG] cnn_neat: Split edge 0→3, new hidden node 11 (pool=5)
2026-08-15 02:12:26,125 [DEBUG] cnn_neat: Added edge 7→3 (from 32 candidates)
2026-08-15 02:12:26,131 [DEBUG] cnn_neat: Removed hidden node 7 (pool=7)
2026-08-15 02:12:26,134 [DEBUG] cnn_neat: Removed edge 8→1 (from 8 candidates)
2026-08-15 02:12:26,139 [DEBUG] cnn_neat: Removed 3 edges (requested 3)
2026-08-15 02:12:26,143 [DEBUG] cnn_neat: Crossover rejected: union topology invalid (edges=28 nodes=16)
2026-08-15 02:12:26,146 [DEBUG] cnn_neat: Split edge 3→1, new hidden node 11 (pool=5)
2026-08-15 02:12:26,150 [DEBUG] cnn_neat: Added edge 8→3 (from 32 candidates)
2026-08-15 02:12:26,153 [DEBUG] cnn_neat: Added edge 5→3 (from 30 candidates)
2026-08-15 02:12:26,157 [DEBUG] cnn_neat: Added edge 7→2 (from 27 candidates)
2026-08-15 02:12:26,161 [DEBUG] cnn_neat: Added edge 5→8 (from 23 candidates)
2026-08-15 02:12:26,165 [DEBUG] cnn_neat: Added edge 5→2 (from 19 candidates)
2026-08-15 02:12:26,173 [DEBUG] cnn_neat: Added edge 8→7 (from 32 candidates)
2026-08-15 02:12:26,176 [DEBUG] cnn_neat: Added edge 7→8 (from 32 candidates)
2026-08-15 02:12:26,186 [DEBUG] cnn_neat: Removed hidden node 10 (pool=8)
2026-08-15 02:12:26,189 [DEBUG] cnn_neat: Removed edge 5→1 (from 12 candidates)
2026-08-15 02:12:26,196 [DEBUG] cnn_neat: Removed 3 edges (requested 3)
2026-08-15 02:12:26,201 [DEBUG] cnn_neat: Crossover rejected: union topology invalid (edges=35 nodes=18)
2026-08-15 02:12:26,207 [DEBUG] cnn_neat: Added edge 9→8 (from 32 candidates)
2026-08-15 02:12:26,210 [DEBUG] cnn_neat: Added edge 3→7 (from 32 candidates)
2026-08-15 02:12:26,214 [DEBUG] cnn_neat: Added edge 3→5 (from 27 candidates)
2026-08-15 02:12:26,218 [DEBUG] cnn_neat: Added edge 3→9 (from 26 candidates)
2026-08-15 02:12:26,222 [DEBUG] cnn_neat: Added edge 3→8 (from 25 candidates)
2026-08-15 02:12:26,227 [DEBUG] cnn_neat: Added edge 2→7 (from 22 candidates)
2026-08-15 02:12:26,235 [DEBUG] cnn_neat: Added edge 6→1 (from 32 candidates)
2026-08-15 02:12:26,239 [DEBUG] cnn_neat: Added edge 9→1 (from 32 candidates)
2026-08-15 02:12:26,246 [DEBUG] cnn_neat: Removed hidden node 10 (pool=8)
2026-08-15 02:12:26,250 [DEBUG] cnn_neat: Removed edge 10→6 (from 11 candidates)
2026-08-15 02:12:26,257 [DEBUG] cnn_neat: Removed 3 edges (requested 3)
2026-08-15 02:12:26,262 [DEBUG] cnn_neat: Crossover rejected: union topology invalid (edges=29 nodes=15)
2026-08-15 02:12:26,268 [DEBUG] cnn_neat: Added edge 2→7 (from 32 candidates)
2026-08-15 02:12:26,272 [DEBUG] cnn_neat: Added edge 5→3 (from 32 candidates)
2026-08-15 02:12:26,276 [DEBUG] cnn_neat: Added edge 9→7 (from 25 candidates)
2026-08-15 02:12:26,280 [DEBUG] cnn_neat: Added edge 2→6 (from 20 candidates)
2026-08-15 02:12:26,285 [DEBUG] cnn_neat: Added edge 7→8 (from 19 candidates)
2026-08-15 02:12:26,289 [DEBUG] cnn_neat: Added edge 9→5 (from 18 candidates)
2026-08-15 02:12:26,299 [DEBUG] cnn_neat: Added edge 3→7 (from 20 candidates)
2026-08-15 02:12:26,305 [DEBUG] cnn_neat: Added edge 3→6 (from 20 candidates)
2026-08-15 02:12:26,313 [DEBUG] cnn_neat: Removed hidden node 5 (pool=8)
2026-08-15 02:12:26,318 [DEBUG] cnn_neat: Removed edge 10→6 (from 16 candidates)
2026-08-15 02:12:26,329 [DEBUG] cnn_neat: Removed 3 edges (requested 3)
2026-08-15 02:12:26,335 [DEBUG] cnn_neat: Crossover rejected: union topology invalid (edges=42 nodes=18)
2026-08-15 02:12:26,343 [DEBUG] cnn_neat: Added edge 10→9 (from 20 candidates)
2026-08-15 02:12:26,349 [DEBUG] cnn_neat: Added edge 2→6 (from 20 candidates)
2026-08-15 02:12:26,354 [DEBUG] cnn_neat: Added edge 2→5 (from 19 candidates)
2026-08-15 02:12:26,360 [DEBUG] cnn_neat: Added edge 9→3 (from 18 candidates)
2026-08-15 02:12:26,366 [DEBUG] cnn_neat: Added edge 8→7 (from 15 candidates)
2026-08-15 02:12:26,372 [DEBUG] cnn_neat: Added edge 10→9 (from 14 candidates)
2026-08-15 02:12:26,380 [DEBUG] cnn_neat: Added edge 6→7 (from 42 candidates)
2026-08-15 02:12:26,384 [DEBUG] cnn_neat: Added edge 3→5 (from 42 candidates)
2026-08-15 02:12:26,390 [DEBUG] cnn_neat: Removed hidden node 6 (pool=8)
2026-08-15 02:12:26,393 [DEBUG] cnn_neat: Removed edge 3→1 (from 9 candidates)
2026-08-15 02:12:26,400 [DEBUG] cnn_neat: Removed 3 edges (requested 3)
2026-08-15 02:12:26,404 [DEBUG] cnn_neat: Crossover rejected: union topology invalid (edges=26 nodes=15)
2026-08-15 02:12:26,408 [DEBUG] cnn_neat: Added edge 7→8 (from 42 candidates)
2026-08-15 02:12:26,412 [DEBUG] cnn_neat: Added edge 5→9 (from 42 candidates)
2026-08-15 02:12:26,417 [DEBUG] cnn_neat: Added edge 6→1 (from 37 candidates)
2026-08-15 02:12:26,422 [DEBUG] cnn_neat: Added edge 8→7 (from 36 candidates)
2026-08-15 02:12:26,426 [DEBUG] cnn_neat: Added edge 7→3 (from 29 candidates)
2026-08-15 02:12:26,431 [DEBUG] cnn_neat: Added edge 9→1 (from 25 candidates)
2026-08-15 02:12:26,439 [DEBUG] cnn_neat: Added edge 7→2 (from 39 candidates)
2026-08-15 02:12:26,444 [DEBUG] cnn_neat: Added edge 7→2 (from 39 candidates)
2026-08-15 02:12:26,451 [DEBUG] cnn_neat: Added edge 7→9 (from 32 candidates)
2026-08-15 02:12:26,458 [DEBUG] cnn_neat: Removed hidden node 6 (pool=8)
2026-08-15 02:12:26,462 [DEBUG] cnn_neat: Removed edge 9→3 (from 10 candidates)
2026-08-15 02:12:26,468 [DEBUG] cnn_neat: Added edge 3→8 (from 41 candidates)
2026-08-15 02:12:26,475 [DEBUG] cnn_neat: Removed 3 edges (requested 3)
2026-08-15 02:12:26,480 [DEBUG] cnn_neat: Crossover rejected: union topology invalid (edges=32 nodes=17)
2026-08-15 02:12:26,486 [DEBUG] cnn_neat: Added edge 8→9 (from 39 candidates)
2026-08-15 02:12:26,491 [DEBUG] cnn_neat: Added edge 7→9 (from 39 candidates)
2026-08-15 02:12:26,495 [DEBUG] cnn_neat: Added edge 10→1 (from 35 candidates)
2026-08-15 02:12:26,499 [DEBUG] cnn_neat: Added edge 9→1 (from 34 candidates)
2026-08-15 02:12:26,504 [DEBUG] cnn_neat: Added edge 2→6 (from 33 candidates)
2026-08-15 02:12:26,509 [DEBUG] cnn_neat: Added edge 5→10 (from 32 candidates)
2026-08-15 02:12:26,512 [DEBUG] cnn_neat: Split edge 2→3, new hidden node 9 (pool=6)
2026-08-15 02:12:26,516 [DEBUG] cnn_neat: Added edge 2→8 (from 23 candidates)
2026-08-15 02:12:26,520 [DEBUG] cnn_neat: Removed hidden node 6 (pool=6)
2026-08-15 02:12:26,524 [DEBUG] cnn_neat: Split edge 0→3, new hidden node 9 (pool=7)
2026-08-15 02:12:26,527 [DEBUG] cnn_neat: Added edge 8→9 (from 26 candidates)
2026-08-15 02:12:26,613 [DEBUG] cnn_neat: Split edge 3→1, new hidden node 11 (pool=6)
2026-08-15 02:12:26,725 [DEBUG] cnn_neat: Added edge 3→7 (from 28 candidates)
2026-08-15 02:12:26,782 [DEBUG] cnn_neat: Removed hidden node 6 (pool=7)
2026-08-15 02:12:26,790 [DEBUG] cnn_neat: Removed edge 10→6 (from 10 candidates)
2026-08-15 02:12:26,806 [DEBUG] cnn_neat: Removed 3 edges (requested 3)
2026-08-15 02:12:26,817 [DEBUG] cnn_neat: Split edge 3→1, new hidden node 11 (pool=7)
2026-08-15 02:12:26,826 [DEBUG] cnn_neat: Split edge 0→3, new hidden node 11 (pool=6)
2026-08-15 02:12:26,835 [DEBUG] cnn_neat: Added edge 5→8 (from 20 candidates)
2026-08-15 02:12:26,844 [DEBUG] cnn_neat: Added edge 7→3 (from 35 candidates)
2026-08-15 02:12:26,864 [DEBUG] cnn_neat: Added edge 6→7 (from 40 candidates)
2026-08-15 02:12:26,882 [DEBUG] cnn_neat: Removed hidden node 10 (pool=8)
2026-08-15 02:12:26,891 [DEBUG] cnn_neat: Removed edge 10→6 (from 9 candidates)
2026-08-15 02:12:26,909 [DEBUG] cnn_neat: Removed 3 edges (requested 3)
2026-08-15 02:12:26,935 [DEBUG] cnn_neat: Added edge 9→8 (from 26 candidates)
2026-08-15 02:12:26,944 [DEBUG] cnn_neat: Added edge 9→1 (from 42 candidates)
2026-08-15 02:12:27,350 [DEBUG] cnn_neat: Added edge 9→5 (from 45 candidates)
2026-08-15 02:12:27,397 [DEBUG] cnn_neat: Split edge 8→1, new hidden node 11 (pool=6)
2026-08-15 02:12:27,422 [DEBUG] cnn_neat: Added edge 3→9 (from 32 candidates)
2026-08-15 02:12:27,467 [DEBUG] cnn_neat: Removed hidden node 7 (pool=7)
2026-08-15 02:12:27,496 [DEBUG] cnn_neat: Removed edge 2→3 (from 9 candidates)
2026-08-15 02:12:27,553 [DEBUG] cnn_neat: Removed 3 edges (requested 3)
2026-08-15 02:12:27,596 [DEBUG] cnn_neat: Split edge 2→1, new hidden node 11 (pool=8)
2026-08-15 02:12:27,607 [DEBUG] cnn_neat: Split edge 0→3, new hidden node 11 (pool=5)
2026-08-15 02:12:27,617 [DEBUG] cnn_neat: Split edge 2→3, new hidden node 11 (pool=5)
2026-08-15 02:12:27,655 [DEBUG] cnn_neat: Added edge 6→3 (from 35 candidates)
2026-08-15 02:12:27,675 [DEBUG] cnn_neat: Removed hidden node 7 (pool=8)
2026-08-15 02:12:27,682 [DEBUG] cnn_neat: Removed edge 2→10 (from 11 candidates)
2026-08-15 02:12:27,695 [DEBUG] cnn_neat: Removed 3 edges (requested 3)
2026-08-15 02:12:27,713 [DEBUG] cnn_neat: Added edge 7→10 (from 30 candidates)
2026-08-15 02:12:27,720 [DEBUG] cnn_neat: Added edge 8→9 (from 37 candidates)
2026-08-15 02:12:27,726 [DEBUG] cnn_neat: Added edge 6→3 (from 44 candidates)
2026-08-15 02:12:27,743 [DEBUG] cnn_neat: Added edge 9→8 (from 43 candidates)
2026-08-15 02:12:27,755 [DEBUG] cnn_neat: Removed hidden node 6 (pool=8)
2026-08-15 02:12:27,762 [DEBUG] cnn_neat: Removed edge 9→6 (from 8 candidates)
2026-08-15 02:12:27,772 [DEBUG] cnn_neat: Removed 3 edges (requested 3)
2026-08-15 02:12:27,782 [DEBUG] cnn_neat: Split edge 2→1, new hidden node 11 (pool=6)
2026-08-15 02:12:27,795 [DEBUG] cnn_neat: Added edge 7→3 (from 40 candidates)
2026-08-15 02:12:27,810 [DEBUG] cnn_neat: Added edge 5→2 (from 38 candidates)
2026-08-15 02:12:27,823 [DEBUG] cnn_neat: Removed hidden node 10 (pool=8)
2026-08-15 02:12:27,828 [DEBUG] cnn_neat: Removed edge 3→1 (from 9 candidates)
2026-08-15 02:12:27,838 [DEBUG] cnn_neat: Removed 3 edges (requested 3)
2026-08-15 02:12:27,850 [DEBUG] cnn_neat: Added edge 2→6 (from 31 candidates)
2026-08-15 02:12:27,856 [DEBUG] cnn_neat: Added edge 10→6 (from 43 candidates)
2026-08-15 02:12:27,868 [DEBUG] cnn_neat: Removed hidden node 10 (pool=8)
2026-08-15 02:12:27,876 [DEBUG] cnn_neat: Removed hidden node 10 (pool=8)
2026-08-15 02:12:27,887 [DEBUG] cnn_neat: Split edge 2→1, new hidden node 11 (pool=5)
2026-08-15 02:12:27,893 [DEBUG] cnn_neat: Added edge 10→7 (from 29 candidates)
2026-08-15 02:12:27,904 [DEBUG] cnn_neat: Removed hidden node 7 (pool=7)
2026-08-15 02:12:27,909 [DEBUG] cnn_neat: Removed edge 10→3 (from 9 candidates)
2026-08-15 02:12:27,919 [DEBUG] cnn_neat: Removed 3 edges (requested 3)
2026-08-15 02:12:27,929 [DEBUG] cnn_neat: Split edge 2→3, new hidden node 11 (pool=5)
2026-08-15 02:12:27,945 [DEBUG] cnn_neat: Added edge 6→1 (from 37 candidates)
2026-08-15 02:12:27,957 [DEBUG] cnn_neat: Removed hidden node 7 (pool=8)
2026-08-15 02:12:27,963 [DEBUG] cnn_neat: Removed edge 10→3 (from 10 candidates)
2026-08-15 02:12:27,974 [DEBUG] cnn_neat: Removed 3 edges (requested 3)
2026-08-15 02:12:27,986 [DEBUG] cnn_neat: Split edge 0→3, new hidden node 11 (pool=5)
2026-08-15 02:12:27,994 [DEBUG] cnn_neat: Split edge 0→8, new hidden node 11 (pool=1)
2026-08-15 02:12:28,048 [DEBUG] cnn_neat: Split edge 3→1, new hidden node 11 (pool=5)
2026-08-15 02:12:28,057 [DEBUG] cnn_neat: Added edge 6→3 (from 32 candidates)
2026-08-15 02:12:28,077 [DEBUG] cnn_neat: Removed hidden node 5 (pool=7)
2026-08-15 02:12:28,084 [DEBUG] cnn_neat: Removed edge 2→3 (from 8 candidates)
2026-08-15 02:12:28,096 [DEBUG] cnn_neat: Removed 3 edges (requested 3)
2026-08-15 02:12:28,104 [DEBUG] cnn_neat: Split edge 0→3, new hidden node 11 (pool=5)
2026-08-15 02:12:28,109 [DEBUG] cnn_neat: Split edge 8→1, new hidden node 11 (pool=6)
2026-08-15 02:12:28,142 [DEBUG] cnn_neat: Added edge 6→3 (from 36 candidates)
2026-08-15 02:12:28,153 [DEBUG] cnn_neat: Removed hidden node 3 (pool=8)
2026-08-15 02:12:28,156 [DEBUG] cnn_neat: Removed edge 2→8 (from 10 candidates)
2026-08-15 02:12:28,169 [DEBUG] cnn_neat: Removed 3 edges (requested 3)
2026-08-15 02:12:28,188 [DEBUG] cnn_neat: Added edge 5→3 (from 32 candidates)
2026-08-15 02:12:28,195 [DEBUG] cnn_neat: Added edge 7→8 (from 45 candidates)
2026-08-15 02:12:28,220 [DEBUG] cnn_neat: Removed hidden node 6 (pool=8)
2026-08-15 02:12:28,231 [DEBUG] cnn_neat: Removed hidden node 3 (pool=8)
2026-08-15 02:12:28,246 [DEBUG] cnn_neat: Added edge 3→9 (from 32 candidates)
2026-08-15 02:12:28,261 [DEBUG] cnn_neat: Removed hidden node 3 (pool=8)
2026-08-15 02:12:28,270 [DEBUG] cnn_neat: Removed edge 2→9 (from 12 candidates)
2026-08-15 02:12:28,288 [DEBUG] cnn_neat: Removed 3 edges (requested 3)
2026-08-15 02:12:28,570 [DEBUG] cnn_neat: Added edge 2→7 (from 29 candidates)
2026-08-15 02:12:28,581 [DEBUG] cnn_neat: Added edge 6→1 (from 26 candidates)
2026-08-15 02:12:28,607 [DEBUG] cnn_neat: Added edge 3→9 (from 41 candidates)
2026-08-15 02:12:28,627 [DEBUG] cnn_neat: Removed hidden node 6 (pool=8)
2026-08-15 02:12:28,634 [DEBUG] cnn_neat: Removed edge 2→3 (from 9 candidates)
2026-08-15 02:12:28,651 [DEBUG] cnn_neat: Removed 3 edges (requested 3)
2026-08-15 02:12:28,666 [DEBUG] cnn_neat: Split edge 0→8, new hidden node 11 (pool=7)
2026-08-15 02:12:28,681 [DEBUG] cnn_neat: Added edge 7→9 (from 37 candidates)
2026-08-15 02:12:28,706 [DEBUG] cnn_neat: Added edge 6→7 (from 32 candidates)
2026-08-15 02:12:28,713 [DEBUG] cnn_neat: Removed hidden node 3 (pool=8)
2026-08-15 02:12:28,720 [DEBUG] cnn_neat: Removed edge 10→3 (from 11 candidates)
2026-08-15 02:12:28,733 [DEBUG] cnn_neat: Removed 3 edges (requested 3)
2026-08-15 02:12:29,015 [DEBUG] cnn_neat: Added edge 8→7 (from 23 candidates)
2026-08-15 02:12:29,025 [DEBUG] cnn_neat: Added edge 6→1 (from 35 candidates)
2026-08-15 02:12:29,034 [DEBUG] cnn_neat: Added edge 2→5 (from 35 candidates)
2026-08-15 02:12:29,060 [DEBUG] cnn_neat: Added edge 9→3 (from 20 candidates)
2026-08-15 02:12:29,084 [DEBUG] cnn_neat: Removed hidden node 7 (pool=8)
2026-08-15 02:12:29,103 [DEBUG] cnn_neat: Removed edge 10→3 (from 16 candidates)
2026-08-15 02:12:29,125 [DEBUG] cnn_neat: Removed 3 edges (requested 3)
2026-08-15 02:12:29,162 [DEBUG] cnn_neat: Added edge 2→6 (from 17 candidates)
2026-08-15 02:12:29,168 [DEBUG] cnn_neat: Added edge 2→5 (from 22 candidates)
2026-08-15 02:12:29,193 [DEBUG] cnn_neat: Added edge 10→6 (from 45 candidates)
2026-08-15 02:12:29,198 [DEBUG] cnn_neat: Removed hidden node 3 (pool=8)
2026-08-15 02:12:29,459 [DEBUG] cnn_neat: Removed edge 3→1 (from 7 candidates)
2026-08-15 02:12:29,478 [DEBUG] cnn_neat: Removed 3 edges (requested 3)
2026-08-15 02:12:29,496 [DEBUG] cnn_neat: Split edge 0→2, new hidden node 11 (pool=1)
2026-08-15 02:12:29,511 [DEBUG] cnn_neat: Added edge 9→3 (from 44 candidates)
2026-08-15 02:12:29,518 [DEBUG] cnn_neat: Added edge 2→10 (from 37 candidates)
2026-08-15 02:12:29,539 [DEBUG] cnn_neat: Added edge 10→2 (from 42 candidates)
2026-08-15 02:12:29,550 [DEBUG] cnn_neat: Removed hidden node 10 (pool=8)
2026-08-15 02:12:29,557 [DEBUG] cnn_neat: Removed edge 3→1 (from 9 candidates)
2026-08-15 02:12:29,571 [DEBUG] cnn_neat: Removed 3 edges (requested 3)
2026-08-15 02:12:29,581 [DEBUG] cnn_neat: Split edge 2→9, new hidden node 10 (pool=6)
2026-08-15 02:12:29,587 [DEBUG] cnn_neat: Split edge 0→3, new hidden node 11 (pool=1)
2026-08-15 02:12:29,593 [DEBUG] cnn_neat: Added edge 10→5 (from 38 candidates)
2026-08-15 02:12:29,652 [DEBUG] cnn_neat: Added edge 7→9 (from 39 candidates)
2026-08-15 02:12:29,668 [DEBUG] cnn_neat: Removed hidden node 6 (pool=8)
2026-08-15 02:12:29,673 [DEBUG] cnn_neat: Removed edge 5→1 (from 10 candidates)
2026-08-15 02:12:29,695 [DEBUG] cnn_neat: Removed 3 edges (requested 3)
2026-08-15 02:12:29,726 [DEBUG] cnn_neat: Added edge 7→6 (from 35 candidates)
2026-08-15 02:12:29,730 [DEBUG] cnn_neat: Added edge 8→3 (from 40 candidates)
2026-08-15 02:12:29,739 [DEBUG] cnn_neat: Added edge 3→7 (from 43 candidates)
2026-08-15 02:12:30,005 [DEBUG] cnn_neat: Split edge 0→8, new hidden node 9 (pool=9)
2026-08-15 02:12:30,015 [DEBUG] cnn_neat: Added edge 6→5 (from 24 candidates)
2026-08-15 02:12:30,025 [DEBUG] cnn_neat: Removed hidden node 8 (pool=6)
2026-08-15 02:12:30,032 [DEBUG] cnn_neat: Removed edge 2→3 (from 10 candidates)
2026-08-15 02:12:30,042 [DEBUG] cnn_neat: Removed 3 edges (requested 3)
2026-08-15 02:12:30,045 [DEBUG] cnn_neat: Split edge 0→8, new hidden node 9 (pool=4)
2026-08-15 02:12:30,047 [DEBUG] cnn_neat: Added edge 5→6 (from 29 candidates)
2026-08-15 02:12:30,054 [DEBUG] cnn_neat: Split edge 2→1, new hidden node 10 (pool=3)
2026-08-15 02:12:30,061 [DEBUG] cnn_neat: Removed hidden node 7 (pool=6)
2026-08-15 02:12:30,069 [DEBUG] cnn_neat: Added edge 3→6 (from 40 candidates)
2026-08-15 02:12:30,074 [DEBUG] cnn_neat: Split edge 2→1, new hidden node 9 (pool=6)
2026-08-15 02:12:30,077 [DEBUG] cnn_neat: Added edge 7→1 (from 26 candidates)
2026-08-15 02:12:30,086 [DEBUG] cnn_neat: Removed hidden node 8 (pool=6)
2026-08-15 02:12:30,090 [DEBUG] cnn_neat: Removed edge 5→1 (from 7 candidates)
2026-08-15 02:12:30,094 [DEBUG] cnn_neat: Removed 3 edges (requested 3)
2026-08-15 02:12:30,103 [DEBUG] cnn_neat: Split edge 0→2, new hidden node 9 (pool=7)
2026-08-15 02:12:30,107 [DEBUG] cnn_neat: Added edge 8→5 (from 25 candidates)
2026-08-15 02:12:30,116 [DEBUG] cnn_neat: Split edge 8→1, new hidden node 10 (pool=4)
2026-08-15 02:12:30,121 [DEBUG] cnn_neat: Removed hidden node 8 (pool=6)
2026-08-15 02:12:30,173 [DEBUG] cnn_neat: Added edge 2→8 (from 35 candidates)
2026-08-15 02:12:30,198 [DEBUG] cnn_neat: Split edge 2→3, new hidden node 9 (pool=7)
2026-08-15 02:12:30,209 [DEBUG] cnn_neat: Added edge 7→1 (from 17 candidates)
2026-08-15 02:12:30,219 [DEBUG] cnn_neat: Removed hidden node 8 (pool=5)
2026-08-15 02:12:30,223 [DEBUG] cnn_neat: Removed edge 5→1 (from 8 candidates)
2026-08-15 02:12:30,531 [DEBUG] cnn_neat: Removed 3 edges (requested 3)
2026-08-15 02:12:30,539 [DEBUG] cnn_neat: Split edge 8→1, new hidden node 10 (pool=5)
2026-08-15 02:12:30,544 [DEBUG] cnn_neat: Added edge 8→2 (from 29 candidates)
2026-08-15 02:12:30,552 [DEBUG] cnn_neat: Removed hidden node 7 (pool=7)
2026-08-15 02:12:30,556 [DEBUG] cnn_neat: Removed edge 8→1 (from 8 candidates)
2026-08-15 02:12:30,565 [DEBUG] cnn_neat: Removed 3 edges (requested 3)
2026-08-15 02:12:30,572 [DEBUG] cnn_neat: Split edge 8→2, new hidden node 10 (pool=6)
2026-08-15 02:12:30,584 [DEBUG] cnn_neat: Added edge 5→10 (from 45 candidates)
2026-08-15 02:12:30,592 [DEBUG] cnn_neat: Removed hidden node 3 (pool=8)
2026-08-15 02:12:30,596 [DEBUG] cnn_neat: Removed edge 0→8 (from 9 candidates)
2026-08-15 02:12:30,604 [DEBUG] cnn_neat: Removed 3 edges (requested 3)
2026-08-15 02:12:30,613 [DEBUG] cnn_neat: Split edge 0→2, new hidden node 11 (pool=1)
2026-08-15 02:12:30,619 [DEBUG] cnn_neat: Added edge 5→6 (from 42 candidates)
2026-08-15 02:12:30,627 [DEBUG] cnn_neat: Split edge 3→1, new hidden node 10 (pool=5)
2026-08-15 02:12:30,632 [DEBUG] cnn_neat: Added edge 2→7 (from 26 candidates)
2026-08-15 02:12:30,646 [DEBUG] cnn_neat: Removed hidden node 6 (pool=7)
2026-08-15 02:12:30,650 [DEBUG] cnn_neat: Removed edge 8→1 (from 9 candidates)
2026-08-15 02:12:30,657 [DEBUG] cnn_neat: Removed 3 edges (requested 3)
2026-08-15 02:12:30,664 [DEBUG] cnn_neat: Split edge 2→3, new hidden node 10 (pool=6)
2026-08-15 02:12:30,677 [DEBUG] cnn_neat: Added edge 10→6 (from 44 candidates)
2026-08-15 02:12:30,687 [DEBUG] cnn_neat: Removed hidden node 9 (pool=8)
2026-08-15 02:12:30,692 [DEBUG] cnn_neat: Removed edge 3→1 (from 10 candidates)
2026-08-15 02:12:30,700 [DEBUG] cnn_neat: Removed 3 edges (requested 3)
2026-08-15 02:12:30,709 [DEBUG] cnn_neat: Split edge 8→1, new hidden node 11 (pool=9)
2026-08-15 02:12:30,718 [DEBUG] cnn_neat: Added edge 7→8 (from 42 candidates)
2026-08-15 02:12:30,731 [DEBUG] cnn_neat: Added edge 10→3 (from 38 candidates)
2026-08-15 02:12:30,745 [DEBUG] cnn_neat: Removed hidden node 7 (pool=8)
2026-08-15 02:12:30,751 [DEBUG] cnn_neat: Removed edge 2→3 (from 8 candidates)
2026-08-15 02:12:30,760 [DEBUG] cnn_neat: Removed 3 edges (requested 3)
2026-08-15 02:12:30,767 [DEBUG] cnn_neat: Split edge 3→1, new hidden node 11 (pool=4)
2026-08-15 02:12:30,773 [DEBUG] cnn_neat: Split edge 8→1, new hidden node 11 (pool=13)
2026-08-15 02:12:30,783 [DEBUG] cnn_neat: Split edge 0→2, new hidden node 10 (pool=11)
2026-08-15 02:12:30,788 [DEBUG] cnn_neat: Added edge 3→9 (from 28 candidates)
2026-08-15 02:12:30,794 [DEBUG] cnn_neat: Removed hidden node 5 (pool=7)
2026-08-15 02:12:30,798 [DEBUG] cnn_neat: Removed edge 0→2 (from 14 candidates)
2026-08-15 02:12:30,807 [DEBUG] cnn_neat: Saved generation 23
2026-08-15 02:12:30,882 [DEBUG] cnn_neat: Removed 3 edges (requested 3)
2026-08-15 02:12:30,895 [DEBUG] cnn_neat: Selected 25 elite individuals
2026-08-15 02:12:30,915 [DEBUG] cnn_neat: Split edge 7→6, new hidden node 10 (pool=12)
2026-08-15 02:12:30,954 [DEBUG] cnn_neat: Added edge 9→10 (from 42 candidates)
2026-08-15 02:12:31,037 [DEBUG] cnn_neat: Removed hidden node 5 (pool=8)
2026-08-15 02:12:31,055 [DEBUG] cnn_neat: Removed edge 2→1 (from 8 candidates)
2026-08-15 02:12:31,080 [DEBUG] cnn_neat: Removed 3 edges (requested 3)
2026-08-15 02:12:31,095 [DEBUG] cnn_neat: Split edge 3→1, new hidden node 11 (pool=5)
2026-08-15 02:12:31,115 [DEBUG] cnn_neat: Added edge 3→5 (from 39 candidates)
2026-08-15 02:12:31,138 [DEBUG] cnn_neat: Split edge 2→3, new hidden node 9 (pool=6)
2026-08-15 02:12:31,145 [DEBUG] cnn_neat: Added edge 7→2 (from 23 candidates)
2026-08-15 02:12:31,155 [DEBUG] cnn_neat: Removed hidden node 3 (pool=6)
2026-08-15 02:12:31,162 [DEBUG] cnn_neat: Removed edge 3→1 (from 8 candidates)
2026-08-15 02:12:31,173 [DEBUG] cnn_neat: Removed 3 edges (requested 3)
2026-08-15 02:12:31,181 [DEBUG] cnn_neat: Split edge 0→3, new hidden node 9 (pool=7)
2026-08-15 02:12:31,185 [DEBUG] cnn_neat: Split edge 0→8, new hidden node 9 (pool=3)
2026-08-15 02:12:31,198 [DEBUG] cnn_neat: Split edge 2→1, new hidden node 11 (pool=6)
2026-08-15 02:12:31,206 [DEBUG] cnn_neat: Added edge 9→8 (from 34 candidates)
2026-08-15 02:12:31,219 [DEBUG] cnn_neat: Removed hidden node 3 (pool=7)
2026-08-15 02:12:31,225 [DEBUG] cnn_neat: Removed edge 8→1 (from 8 candidates)
2026-08-15 02:12:31,235 [DEBUG] cnn_neat: Trimmed elite queue to 128 entries
2026-08-15 02:12:31,786 [DEBUG] cnn_neat: Removed 3 edges (requested 3)
2026-08-15 02:12:31,794 [DEBUG] cnn_neat: Added edge 7→3 (from 41 candidates)
2026-08-15 02:12:31,799 [DEBUG] cnn_neat: Added edge 6→3 (from 41 candidates)
2026-08-15 02:12:31,805 [DEBUG] cnn_neat: Removed hidden node 7 (pool=8)
2026-08-15 02:12:31,808 [DEBUG] cnn_neat: Removed edge 10→3 (from 9 candidates)
2026-08-15 02:12:31,814 [DEBUG] cnn_neat: Removed 3 edges (requested 3)
2026-08-15 02:12:31,820 [DEBUG] cnn_neat: Crossover rejected: union topology invalid (edges=36 nodes=18)
2026-08-15 02:12:31,826 [DEBUG] cnn_neat: Added edge 6→1 (from 41 candidates)
2026-08-15 02:12:31,830 [DEBUG] cnn_neat: Added edge 11→7 (from 41 candidates)
2026-08-15 02:12:31,835 [DEBUG] cnn_neat: Added edge 5→10 (from 35 candidates)
2026-08-15 02:12:31,839 [DEBUG] cnn_neat: Added edge 8→10 (from 26 candidates)
2026-08-15 02:12:31,844 [DEBUG] cnn_neat: Added edge 2→11 (from 25 candidates)
2026-08-15 02:12:31,848 [DEBUG] cnn_neat: Added edge 11→5 (from 21 candidates)
2026-08-15 02:12:31,852 [DEBUG] cnn_neat: Split edge 0→8, new hidden node 11 (pool=7)
2026-08-15 02:12:31,856 [DEBUG] cnn_neat: Added edge 7→10 (from 23 candidates)
2026-08-15 02:12:31,862 [DEBUG] cnn_neat: Removed hidden node 7 (pool=6)
2026-08-15 02:12:31,865 [DEBUG] cnn_neat: Removed edge 8→1 (from 9 candidates)
2026-08-15 02:12:31,871 [DEBUG] cnn_neat: Removed 3 edges (requested 3)
2026-08-15 02:12:31,876 [DEBUG] cnn_neat: Crossover rejected: union topology invalid (edges=31 nodes=16)
2026-08-15 02:12:31,879 [DEBUG] cnn_neat: Split edge 3→1, new hidden node 11 (pool=7)
2026-08-15 02:12:31,884 [DEBUG] cnn_neat: Added edge 8→5 (from 23 candidates)
2026-08-15 02:12:31,888 [DEBUG] cnn_neat: Added edge 7→8 (from 21 candidates)
2026-08-15 02:12:31,891 [DEBUG] cnn_neat: Added edge 8→2 (from 19 candidates)
2026-08-15 02:12:31,895 [DEBUG] cnn_neat: Added edge 10→1 (from 12 candidates)
2026-08-15 02:12:31,899 [DEBUG] cnn_neat: Added edge 7→3 (from 11 candidates)
2026-08-15 02:12:31,902 [DEBUG] cnn_neat: Split edge 2→1, new hidden node 11 (pool=6)
2026-08-15 02:12:31,907 [DEBUG] cnn_neat: Added edge 10→1 (from 31 candidates)
2026-08-15 02:12:31,913 [DEBUG] cnn_neat: Removed hidden node 10 (pool=7)
2026-08-15 02:12:31,917 [DEBUG] cnn_neat: Removed edge 2→3 (from 9 candidates)
2026-08-15 02:12:31,922 [DEBUG] cnn_neat: Removed 3 edges (requested 3)
2026-08-15 02:12:31,928 [DEBUG] cnn_neat: Crossover rejected: union topology invalid (edges=39 nodes=17)
2026-08-15 02:12:31,931 [DEBUG] cnn_neat: Split edge 0→3, new hidden node 11 (pool=6)
2026-08-15 02:12:31,935 [DEBUG] cnn_neat: Added edge 3→8 (from 31 candidates)
2026-08-15 02:12:31,938 [DEBUG] cnn_neat: Added edge 8→7 (from 24 candidates)
2026-08-15 02:12:31,942 [DEBUG] cnn_neat: Added edge 2→7 (from 15 candidates)
2026-08-15 02:12:31,947 [DEBUG] cnn_neat: Added edge 10→1 (from 14 candidates)
2026-08-15 02:12:31,950 [DEBUG] cnn_neat: Added edge 7→6 (from 13 candidates)
2026-08-15 02:12:31,957 [DEBUG] cnn_neat: Added edge 7→6 (from 41 candidates)
2026-08-15 02:12:31,962 [DEBUG] cnn_neat: Added edge 9→3 (from 41 candidates)
2026-08-15 02:12:31,971 [DEBUG] cnn_neat: Removed hidden node 10 (pool=8)
2026-08-15 02:12:31,975 [DEBUG] cnn_neat: Removed edge 9→6 (from 9 candidates)
2026-08-15 02:12:31,980 [DEBUG] cnn_neat: Removed 3 edges (requested 3)
2026-08-15 02:12:31,986 [DEBUG] cnn_neat: Crossover rejected: union topology invalid (edges=37 nodes=18)
2026-08-15 02:12:31,992 [DEBUG] cnn_neat: Added edge 8→9 (from 41 candidates)
2026-08-15 02:12:31,996 [DEBUG] cnn_neat: Added edge 8→2 (from 41 candidates)
2026-08-15 02:12:32,000 [DEBUG] cnn_neat: Added edge 10→9 (from 36 candidates)
2026-08-15 02:12:32,004 [DEBUG] cnn_neat: Added edge 3→6 (from 34 candidates)
2026-08-15 02:12:32,008 [DEBUG] cnn_neat: Added edge 3→9 (from 31 candidates)
2026-08-15 02:12:32,011 [DEBUG] cnn_neat: Added edge 10→7 (from 28 candidates)
2026-08-15 02:12:32,020 [DEBUG] cnn_neat: Added edge 6→3 (from 28 candidates)
2026-08-15 02:12:32,025 [DEBUG] cnn_neat: Added edge 2→7 (from 28 candidates)
2026-08-15 02:12:32,030 [DEBUG] cnn_neat: Removed hidden node 7 (pool=8)
2026-08-15 02:12:32,033 [DEBUG] cnn_neat: Split edge 2→3, new hidden node 11 (pool=6)
2026-08-15 02:12:32,037 [DEBUG] cnn_neat: Removed edge 3→1 (from 13 candidates)
2026-08-15 02:12:32,045 [DEBUG] cnn_neat: Removed 3 edges (requested 3)
2026-08-15 02:12:32,050 [DEBUG] cnn_neat: Crossover rejected: union topology invalid (edges=39 nodes=18)
2026-08-15 02:12:32,056 [DEBUG] cnn_neat: Added edge 8→10 (from 28 candidates)
2026-08-15 02:12:32,060 [DEBUG] cnn_neat: Added edge 7→1 (from 28 candidates)
2026-08-15 02:12:32,064 [DEBUG] cnn_neat: Added edge 7→6 (from 27 candidates)
2026-08-15 02:12:32,069 [DEBUG] cnn_neat: Added edge 7→3 (from 26 candidates)
2026-08-15 02:12:32,073 [DEBUG] cnn_neat: Added edge 10→5 (from 23 candidates)
2026-08-15 02:12:32,077 [DEBUG] cnn_neat: Added edge 2→5 (from 22 candidates)
2026-08-15 02:12:32,087 [DEBUG] cnn_neat: Added edge 9→10 (from 23 candidates)
2026-08-15 02:12:32,092 [DEBUG] cnn_neat: Added edge 2→8 (from 23 candidates)
2026-08-15 02:12:32,101 [DEBUG] cnn_neat: Removed hidden node 6 (pool=8)
2026-08-15 02:12:32,106 [DEBUG] cnn_neat: Removed edge 6→7 (from 13 candidates)
2026-08-15 02:12:32,115 [DEBUG] cnn_neat: Removed 3 edges (requested 3)
2026-08-15 02:12:32,121 [DEBUG] cnn_neat: Crossover rejected: union topology invalid (edges=44 nodes=18)
2026-08-15 02:12:32,128 [DEBUG] cnn_neat: Added edge 9→10 (from 23 candidates)
2026-08-15 02:12:32,135 [DEBUG] cnn_neat: Removed hidden node 3 (pool=8)
2026-08-15 02:12:32,140 [DEBUG] cnn_neat: Added edge 3→6 (from 23 candidates)
2026-08-15 02:12:32,146 [DEBUG] cnn_neat: Added edge 3→9 (from 22 candidates)
2026-08-15 02:12:32,151 [DEBUG] cnn_neat: Added edge 6→1 (from 19 candidates)
2026-08-15 02:12:32,155 [DEBUG] cnn_neat: Added edge 10→9 (from 18 candidates)
2026-08-15 02:12:32,161 [DEBUG] cnn_neat: Added edge 3→7 (from 17 candidates)
2026-08-15 02:12:32,170 [DEBUG] cnn_neat: Added edge 2→5 (from 21 candidates)
2026-08-15 02:12:32,175 [DEBUG] cnn_neat: Added edge 9→5 (from 21 candidates)
2026-08-15 02:12:32,183 [DEBUG] cnn_neat: Removed hidden node 10 (pool=8)
2026-08-15 02:12:32,188 [DEBUG] cnn_neat: Removed edge 7→5 (from 18 candidates)
2026-08-15 02:12:32,197 [DEBUG] cnn_neat: Removed 3 edges (requested 3)
2026-08-15 02:12:32,202 [DEBUG] cnn_neat: Crossover rejected: union topology invalid (edges=41 nodes=18)
2026-08-15 02:12:32,210 [DEBUG] cnn_neat: Added edge 9→5 (from 21 candidates)
2026-08-15 02:12:32,217 [DEBUG] cnn_neat: Removed hidden node 3 (pool=8)
2026-08-15 02:12:32,221 [DEBUG] cnn_neat: Added edge 10→9 (from 21 candidates)
2026-08-15 02:12:32,225 [DEBUG] cnn_neat: Added edge 7→6 (from 20 candidates)
2026-08-15 02:12:32,230 [DEBUG] cnn_neat: Added edge 8→7 (from 19 candidates)
2026-08-15 02:12:32,235 [DEBUG] cnn_neat: Added edge 9→1 (from 15 candidates)
2026-08-15 02:12:32,239 [DEBUG] cnn_neat: Added edge 7→1 (from 14 candidates)
2026-08-15 02:12:32,243 [DEBUG] cnn_neat: Split edge 3→1, new hidden node 11 (pool=5)
2026-08-15 02:12:32,458 [DEBUG] cnn_neat: Added edge 6→3 (from 41 candidates)
2026-08-15 02:12:32,522 [DEBUG] cnn_neat: Removed hidden node 7 (pool=8)
2026-08-15 02:12:32,531 [DEBUG] cnn_neat: Removed edge 11→1 (from 9 candidates)
2026-08-15 02:12:32,547 [DEBUG] cnn_neat: Removed 3 edges (requested 3)
2026-08-15 02:12:32,564 [DEBUG] cnn_neat: Added edge 10→7 (from 42 candidates)
2026-08-15 02:12:32,570 [DEBUG] cnn_neat: Added edge 6→1 (from 46 candidates)
2026-08-15 02:12:32,583 [DEBUG] cnn_neat: Removed hidden node 2 (pool=8)
2026-08-15 02:12:32,592 [DEBUG] cnn_neat: Removed hidden node 2 (pool=8)
2026-08-15 02:12:32,606 [DEBUG] cnn_neat: Split edge 2→3, new hidden node 11 (pool=6)
2026-08-15 02:12:32,616 [DEBUG] cnn_neat: Added edge 8→5 (from 28 candidates)
2026-08-15 02:12:32,639 [DEBUG] cnn_neat: Removed hidden node 3 (pool=7)
2026-08-15 02:12:32,647 [DEBUG] cnn_neat: Removed edge 0→3 (from 10 candidates)
2026-08-15 02:12:32,661 [DEBUG] cnn_neat: Removed 3 edges (requested 3)
2026-08-15 02:12:32,676 [DEBUG] cnn_neat: Split edge 8→1, new hidden node 11 (pool=9)
2026-08-15 02:12:32,691 [DEBUG] cnn_neat: Split edge 0→3, new hidden node 11 (pool=7)
2026-08-15 02:12:33,123 [DEBUG] cnn_neat: Added edge 2→7 (from 23 candidates)
2026-08-15 02:12:33,156 [DEBUG] cnn_neat: Split edge 7→1, new hidden node 11 (pool=6)
2026-08-15 02:12:33,181 [DEBUG] cnn_neat: Added edge 2→5 (from 31 candidates)
2026-08-15 02:12:33,233 [DEBUG] cnn_neat: Removed hidden node 6 (pool=7)
2026-08-15 02:12:33,264 [DEBUG] cnn_neat: Removed edge 5→6 (from 9 candidates)
2026-08-15 02:12:33,297 [DEBUG] cnn_neat: Removed 3 edges (requested 3)
2026-08-15 02:12:33,326 [DEBUG] cnn_neat: Split edge 2→3, new hidden node 11 (pool=9)
2026-08-15 02:12:33,344 [DEBUG] cnn_neat: Split edge 0→3, new hidden node 11 (pool=6)
2026-08-15 02:12:33,413 [DEBUG] cnn_neat: Added edge 5→2 (from 41 candidates)
2026-08-15 02:12:33,441 [DEBUG] cnn_neat: Removed hidden node 6 (pool=8)
2026-08-15 02:12:33,454 [DEBUG] cnn_neat: Removed edge 8→1 (from 9 candidates)
2026-08-15 02:12:33,477 [DEBUG] cnn_neat: Removed 3 edges (requested 3)
2026-08-15 02:12:33,487 [DEBUG] cnn_neat: Split edge 8→1, new hidden node 11 (pool=7)
2026-08-15 02:12:33,501 [DEBUG] cnn_neat: Added edge 9→1 (from 31 candidates)
2026-08-15 02:12:33,518 [DEBUG] cnn_neat: Added edge 10→9 (from 28 candidates)
2026-08-15 02:12:33,531 [DEBUG] cnn_neat: Removed hidden node 9 (pool=8)
2026-08-15 02:12:33,538 [DEBUG] cnn_neat: Removed edge 10→7 (from 13 candidates)
2026-08-15 02:12:33,554 [DEBUG] cnn_neat: Removed 3 edges (requested 3)
2026-08-15 02:12:33,565 [DEBUG] cnn_neat: Split edge 8→1, new hidden node 11 (pool=7)
2026-08-15 02:12:33,578 [DEBUG] cnn_neat: Added edge 3→6 (from 27 candidates)
2026-08-15 02:12:33,595 [DEBUG] cnn_neat: Added edge 8→3 (from 40 candidates)
2026-08-15 02:12:33,608 [DEBUG] cnn_neat: Removed hidden node 6 (pool=8)
2026-08-15 02:12:33,614 [DEBUG] cnn_neat: Removed edge 5→3 (from 9 candidates)
2026-08-15 02:12:33,625 [DEBUG] cnn_neat: Removed 3 edges (requested 3)
2026-08-15 02:12:33,635 [DEBUG] cnn_neat: Added edge 7→6 (from 38 candidates)
2026-08-15 02:12:33,639 [DEBUG] cnn_neat: Added edge 3→6 (from 44 candidates)
2026-08-15 02:12:33,651 [DEBUG] cnn_neat: Removed hidden node 5 (pool=8)
2026-08-15 02:12:33,660 [DEBUG] cnn_neat: Removed hidden node 9 (pool=8)
2026-08-15 02:12:33,669 [DEBUG] cnn_neat: Split edge 0→8, new hidden node 11 (pool=6)
2026-08-15 02:12:33,677 [DEBUG] cnn_neat: Added edge 9→10 (from 32 candidates)
2026-08-15 02:12:33,688 [DEBUG] cnn_neat: Removed hidden node 5 (pool=7)
2026-08-15 02:12:33,693 [DEBUG] cnn_neat: Removed edge 0→3 (from 9 candidates)
2026-08-15 02:12:33,705 [DEBUG] cnn_neat: Removed 3 edges (requested 3)
2026-08-15 02:12:33,713 [DEBUG] cnn_neat: Split edge 0→3, new hidden node 11 (pool=6)
2026-08-15 02:12:33,726 [DEBUG] cnn_neat: Added edge 7→8 (from 29 candidates)
2026-08-15 02:12:33,733 [DEBUG] cnn_neat: Added edge 5→8 (from 36 candidates)
2026-08-15 02:12:33,747 [DEBUG] cnn_neat: Added edge 7→2 (from 35 candidates)
2026-08-15 02:12:33,756 [DEBUG] cnn_neat: Removed hidden node 3 (pool=8)
2026-08-15 02:12:33,762 [DEBUG] cnn_neat: Removed edge 10→3 (from 11 candidates)
2026-08-15 02:12:33,774 [DEBUG] cnn_neat: Removed 3 edges (requested 3)
2026-08-15 02:12:33,790 [DEBUG] cnn_neat: Added edge 3→9 (from 31 candidates)
2026-08-15 02:12:33,795 [DEBUG] cnn_neat: Added edge 8→2 (from 30 candidates)
2026-08-15 02:12:33,802 [DEBUG] cnn_neat: Added edge 8→5 (from 42 candidates)
2026-08-15 02:12:33,923 [DEBUG] cnn_neat: Added edge 2→7 (from 23 candidates)
2026-08-15 02:12:33,950 [DEBUG] cnn_neat: Removed hidden node 6 (pool=8)
2026-08-15 02:12:33,958 [DEBUG] cnn_neat: Removed edge 3→8 (from 13 candidates)
2026-08-15 02:12:33,980 [DEBUG] cnn_neat: Removed 3 edges (requested 3)
2026-08-15 02:12:34,006 [DEBUG] cnn_neat: Added edge 8→7 (from 22 candidates)
2026-08-15 02:12:34,018 [DEBUG] cnn_neat: Added edge 6→1 (from 28 candidates)
2026-08-15 02:12:34,030 [DEBUG] cnn_neat: Added edge 10→9 (from 27 candidates)
2026-08-15 02:12:34,057 [DEBUG] cnn_neat: Added edge 5→8 (from 21 candidates)
2026-08-15 02:12:34,071 [DEBUG] cnn_neat: Removed hidden node 3 (pool=8)
2026-08-15 02:12:34,086 [DEBUG] cnn_neat: Removed edge 8→1 (from 18 candidates)
2026-08-15 02:12:34,112 [DEBUG] cnn_neat: Removed 3 edges (requested 3)
2026-08-15 02:12:34,413 [DEBUG] cnn_neat: Added edge 9→3 (from 43 candidates)
2026-08-15 02:12:34,424 [DEBUG] cnn_neat: Removed hidden node 6 (pool=8)
2026-08-15 02:12:34,433 [DEBUG] cnn_neat: Removed edge 3→1 (from 8 candidates)
2026-08-15 02:12:34,445 [DEBUG] cnn_neat: Removed 3 edges (requested 3)
2026-08-15 02:12:34,448 [DEBUG] cnn_neat: Split edge 10→6, new hidden node 11 (pool=10)
2026-08-15 02:12:34,459 [DEBUG] cnn_neat: Added edge 6→3 (from 41 candidates)
2026-08-15 02:12:34,462 [DEBUG] cnn_neat: Added edge 6→1 (from 43 candidates)
2026-08-15 02:12:34,468 [DEBUG] cnn_neat: Split edge 2→3, new hidden node 12 (pool=6)
2026-08-15 02:12:34,486 [DEBUG] cnn_neat: Added edge 3→5 (from 38 candidates)
2026-08-15 02:12:34,504 [DEBUG] cnn_neat: Removed hidden node 10 (pool=8)
2026-08-15 02:12:34,515 [DEBUG] cnn_neat: Removed edge 5→1 (from 9 candidates)
2026-08-15 02:12:34,536 [DEBUG] cnn_neat: Removed 3 edges (requested 3)
2026-08-15 02:12:34,545 [DEBUG] cnn_neat: Added edge 5→8 (from 31 candidates)
2026-08-15 02:12:34,555 [DEBUG] cnn_neat: Added edge 10→5 (from 43 candidates)
2026-08-15 02:12:34,568 [DEBUG] cnn_neat: Removed hidden node 5 (pool=8)
2026-08-15 02:12:34,572 [DEBUG] cnn_neat: Removed hidden node 7 (pool=8)
2026-08-15 02:12:34,858 [DEBUG] cnn_neat: Split edge 2→1, new hidden node 11 (pool=5)
2026-08-15 02:12:34,862 [DEBUG] cnn_neat: Added edge 7→1 (from 29 candidates)
2026-08-15 02:12:34,885 [DEBUG] cnn_neat: Removed hidden node 10 (pool=7)
2026-08-15 02:12:34,893 [DEBUG] cnn_neat: Removed edge 2→1 (from 9 candidates)
2026-08-15 02:12:34,905 [DEBUG] cnn_neat: Removed 3 edges (requested 3)
2026-08-15 02:12:34,912 [DEBUG] cnn_neat: Split edge 8→1, new hidden node 11 (pool=4)
2026-08-15 02:12:34,922 [DEBUG] cnn_neat: Split edge 0→3, new hidden node 11 (pool=4)
2026-08-15 02:12:34,931 [DEBUG] cnn_neat: Added edge 6→3 (from 30 candidates)
2026-08-15 02:12:34,935 [DEBUG] cnn_neat: Added edge 8→7 (from 36 candidates)
2026-08-15 02:12:34,958 [DEBUG] cnn_neat: Added edge 9→8 (from 37 candidates)
2026-08-15 02:12:34,977 [DEBUG] cnn_neat: Removed hidden node 9 (pool=8)
2026-08-15 02:12:34,984 [DEBUG] cnn_neat: Removed edge 10→3 (from 10 candidates)
2026-08-15 02:12:35,000 [DEBUG] cnn_neat: Removed 3 edges (requested 3)
2026-08-15 02:12:35,020 [DEBUG] cnn_neat: Added edge 8→10 (from 32 candidates)
2026-08-15 02:12:35,031 [DEBUG] cnn_neat: Added edge 2→7 (from 41 candidates)
2026-08-15 02:12:35,047 [DEBUG] cnn_neat: Removed hidden node 5 (pool=8)
2026-08-15 02:12:35,058 [DEBUG] cnn_neat: Removed hidden node 5 (pool=8)
2026-08-15 02:12:35,342 [DEBUG] cnn_neat: Split edge 8→1, new hidden node 11 (pool=5)
2026-08-15 02:12:35,354 [DEBUG] cnn_neat: Added edge 10→1 (from 32 candidates)
2026-08-15 02:12:35,363 [DEBUG] cnn_neat: Removed hidden node 6 (pool=7)
2026-08-15 02:12:35,365 [DEBUG] cnn_neat: Removed edge 5→1 (from 8 candidates)
2026-08-15 02:12:35,383 [DEBUG] cnn_neat: Removed 3 edges (requested 3)
2026-08-15 02:12:35,397 [DEBUG] cnn_neat: Split edge 8→1, new hidden node 11 (pool=5)
2026-08-15 02:12:35,403 [DEBUG] cnn_neat: Split edge 3→1, new hidden node 11 (pool=5)
2026-08-15 02:12:35,458 [DEBUG] cnn_neat: Added edge 6→10 (from 32 candidates)
2026-08-15 02:12:35,467 [DEBUG] cnn_neat: Removed hidden node 7 (pool=7)
2026-08-15 02:12:35,473 [DEBUG] cnn_neat: Removed edge 8→1 (from 8 candidates)
2026-08-15 02:12:35,489 [DEBUG] cnn_neat: Removed 3 edges (requested 3)
2026-08-15 02:12:35,494 [DEBUG] cnn_neat: Split edge 2→3, new hidden node 11 (pool=5)
2026-08-15 02:12:35,499 [DEBUG] cnn_neat: Split edge 0→3, new hidden node 11 (pool=5)
2026-08-15 02:12:35,521 [DEBUG] cnn_neat: Added edge 10→5 (from 39 candidates)
2026-08-15 02:12:35,535 [DEBUG] cnn_neat: Removed hidden node 10 (pool=8)
2026-08-15 02:12:35,541 [DEBUG] cnn_neat: Removed edge 10→3 (from 9 candidates)
2026-08-15 02:12:35,554 [DEBUG] cnn_neat: Removed 3 edges (requested 3)
2026-08-15 02:12:35,565 [DEBUG] cnn_neat: Split edge 3→1, new hidden node 10 (pool=5)
2026-08-15 02:12:35,579 [DEBUG] cnn_neat: Added edge 3→6 (from 35 candidates)
2026-08-15 02:12:35,596 [DEBUG] cnn_neat: Added edge 9→8 (from 36 candidates)
2026-08-15 02:12:35,614 [DEBUG] cnn_neat: Removed hidden node 3 (pool=8)
2026-08-15 02:12:35,624 [DEBUG] cnn_neat: Removed edge 10→6 (from 10 candidates)
2026-08-15 02:12:35,902 [DEBUG] cnn_neat: Removed 3 edges (requested 3)
2026-08-15 02:12:35,925 [DEBUG] cnn_neat: Split edge 0→8, new hidden node 11 (pool=1)
2026-08-15 02:12:35,939 [DEBUG] cnn_neat: Added edge 8→5 (from 34 candidates)
2026-08-15 02:12:35,960 [DEBUG] cnn_neat: Added edge 7→3 (from 32 candidates)
2026-08-15 02:12:35,969 [DEBUG] cnn_neat: Removed hidden node 5 (pool=8)
2026-08-15 02:12:35,979 [DEBUG] cnn_neat: Removed edge 9→6 (from 12 candidates)
2026-08-15 02:12:35,991 [DEBUG] cnn_neat: Removed 3 edges (requested 3)
2026-08-15 02:12:35,997 [DEBUG] cnn_neat: Split edge 2→3, new hidden node 11 (pool=9)
2026-08-15 02:12:36,057 [DEBUG] cnn_neat: Added edge 2→5 (from 30 candidates)
2026-08-15 02:12:36,100 [DEBUG] cnn_neat: Added edge 2→7 (from 31 candidates)
2026-08-15 02:12:36,432 [DEBUG] cnn_neat: Removed hidden node 6 (pool=8)
2026-08-15 02:12:36,447 [DEBUG] cnn_neat: Added edge 8→5 (from 41 candidates)
2026-08-15 02:12:36,470 [DEBUG] cnn_neat: Removed hidden node 3 (pool=8)
2026-08-15 02:12:36,476 [DEBUG] cnn_neat: Removed edge 3→1 (from 9 candidates)
2026-08-15 02:12:36,489 [DEBUG] cnn_neat: Removed 3 edges (requested 3)
2026-08-15 02:12:36,503 [DEBUG] cnn_neat: Added edge 3→7 (from 38 candidates)
2026-08-15 02:12:36,508 [DEBUG] cnn_neat: Added edge 8→3 (from 46 candidates)
2026-08-15 02:12:36,521 [DEBUG] cnn_neat: Removed hidden node 5 (pool=8)
2026-08-15 02:12:36,534 [DEBUG] cnn_neat: Removed hidden node 3 (pool=8)
2026-08-15 02:12:36,552 [DEBUG] cnn_neat: Added edge 9→5 (from 32 candidates)
2026-08-15 02:12:36,567 [DEBUG] cnn_neat: Removed hidden node 9 (pool=8)
2026-08-15 02:12:36,575 [DEBUG] cnn_neat: Removed edge 5→1 (from 11 candidates)
2026-08-15 02:12:36,588 [DEBUG] cnn_neat: Removed 3 edges (requested 3)
2026-08-15 02:12:36,599 [DEBUG] cnn_neat: Split edge 2→3, new hidden node 11 (pool=7)
2026-08-15 02:12:36,613 [DEBUG] cnn_neat: Added edge 3→9 (from 30 candidates)
2026-08-15 02:12:36,627 [DEBUG] cnn_neat: Split edge 8→1, new hidden node 11 (pool=6)
2026-08-15 02:12:36,633 [DEBUG] cnn_neat: Added edge 6→1 (from 30 candidates)
2026-08-15 02:12:36,645 [DEBUG] cnn_neat: Removed hidden node 7 (pool=7)
2026-08-15 02:12:36,653 [DEBUG] cnn_neat: Saved generation 24
2026-08-15 02:12:36,732 [DEBUG] cnn_neat: Removed edge 2→1 (from 9 candidates)
2026-08-15 02:12:36,745 [DEBUG] cnn_neat: Selected 25 elite individuals
2026-08-15 02:12:36,775 [DEBUG] cnn_neat: Removed 3 edges (requested 3)
2026-08-15 02:12:36,869 [DEBUG] cnn_neat: Split edge 8→1, new hidden node 11 (pool=6)
2026-08-15 02:12:36,907 [DEBUG] cnn_neat: Split edge 8→1, new hidden node 11 (pool=7)
2026-08-15 02:12:36,929 [DEBUG] cnn_neat: Added edge 6→1 (from 26 candidates)
2026-08-15 02:12:36,958 [DEBUG] cnn_neat: Removed hidden node 2 (pool=7)
2026-08-15 02:12:36,972 [DEBUG] cnn_neat: Removed edge 2→1 (from 11 candidates)
2026-08-15 02:12:36,999 [DEBUG] cnn_neat: Removed 3 edges (requested 3)
2026-08-15 02:12:37,015 [DEBUG] cnn_neat: Split edge 2→1, new hidden node 11 (pool=7)
2026-08-15 02:12:37,041 [DEBUG] cnn_neat: Added edge 6→7 (from 33 candidates)
2026-08-15 02:12:37,059 [DEBUG] cnn_neat: Removed hidden node 7 (pool=8)
2026-08-15 02:12:37,065 [DEBUG] cnn_neat: Trimmed elite queue to 128 entries
2026-08-15 02:12:37,635 [DEBUG] cnn_neat: Removed edge 10→3 (from 10 candidates)
2026-08-15 02:12:37,638 [DEBUG] cnn_neat: Split edge 3→1, new hidden node 11 (pool=5)
2026-08-15 02:12:37,642 [DEBUG] cnn_neat: Added edge 3→5 (from 29 candidates)
2026-08-15 02:12:37,648 [DEBUG] cnn_neat: Removed hidden node 5 (pool=7)
2026-08-15 02:12:37,652 [DEBUG] cnn_neat: Removed edge 10→6 (from 9 candidates)
2026-08-15 02:12:37,660 [DEBUG] cnn_neat: Removed 3 edges (requested 3)
2026-08-15 02:12:37,665 [DEBUG] cnn_neat: Crossover rejected: union topology invalid (edges=33 nodes=17)
2026-08-15 02:12:37,669 [DEBUG] cnn_neat: Split edge 0→3, new hidden node 11 (pool=5)
2026-08-15 02:12:37,673 [DEBUG] cnn_neat: Added edge 5→6 (from 42 candidates)
2026-08-15 02:12:37,677 [DEBUG] cnn_neat: Added edge 2→7 (from 29 candidates)
2026-08-15 02:12:37,682 [DEBUG] cnn_neat: Added edge 5→3 (from 26 candidates)
2026-08-15 02:12:37,686 [DEBUG] cnn_neat: Added edge 5→10 (from 23 candidates)
2026-08-15 02:12:37,690 [DEBUG] cnn_neat: Added edge 5→6 (from 18 candidates)
2026-08-15 02:12:37,695 [DEBUG] cnn_neat: Added edge 2→5 (from 17 candidates)
2026-08-15 02:12:37,704 [DEBUG] cnn_neat: Added edge 3→6 (from 27 candidates)
2026-08-15 02:12:37,708 [DEBUG] cnn_neat: Added edge 8→9 (from 27 candidates)
2026-08-15 02:12:37,714 [DEBUG] cnn_neat: Removed hidden node 10 (pool=8)
2026-08-15 02:12:37,719 [DEBUG] cnn_neat: Removed edge 10→3 (from 14 candidates)
2026-08-15 02:12:37,727 [DEBUG] cnn_neat: Removed 3 edges (requested 3)
2026-08-15 02:12:37,732 [DEBUG] cnn_neat: Crossover rejected: union topology invalid (edges=38 nodes=18)
2026-08-15 02:12:37,739 [DEBUG] cnn_neat: Added edge 9→1 (from 27 candidates)
2026-08-15 02:12:37,744 [DEBUG] cnn_neat: Added edge 8→9 (from 27 candidates)
2026-08-15 02:12:37,748 [DEBUG] cnn_neat: Added edge 5→9 (from 26 candidates)
2026-08-15 02:12:37,752 [DEBUG] cnn_neat: Added edge 8→3 (from 23 candidates)
2026-08-15 02:12:37,757 [DEBUG] cnn_neat: Added edge 2→6 (from 21 candidates)
2026-08-15 02:12:37,761 [DEBUG] cnn_neat: Added edge 7→3 (from 20 candidates)
2026-08-15 02:12:37,770 [DEBUG] cnn_neat: Added edge 5→2 (from 43 candidates)
2026-08-15 02:12:37,773 [DEBUG] cnn_neat: Added edge 3→9 (from 43 candidates)
2026-08-15 02:12:37,778 [DEBUG] cnn_neat: Removed hidden node 3 (pool=8)
2026-08-15 02:12:37,782 [DEBUG] cnn_neat: Removed edge 2→3 (from 8 candidates)
2026-08-15 02:12:37,788 [DEBUG] cnn_neat: Removed 3 edges (requested 3)
2026-08-15 02:12:37,793 [DEBUG] cnn_neat: Crossover rejected: union topology invalid (edges=31 nodes=17)
2026-08-15 02:12:37,798 [DEBUG] cnn_neat: Added edge 5→10 (from 43 candidates)
2026-08-15 02:12:37,802 [DEBUG] cnn_neat: Added edge 7→2 (from 43 candidates)
2026-08-15 02:12:37,807 [DEBUG] cnn_neat: Added edge 6→5 (from 38 candidates)
2026-08-15 02:12:37,811 [DEBUG] cnn_neat: Added edge 9→6 (from 33 candidates)
2026-08-15 02:12:37,815 [DEBUG] cnn_neat: Added edge 3→5 (from 30 candidates)
2026-08-15 02:12:37,820 [DEBUG] cnn_neat: Added edge 8→3 (from 28 candidates)
2026-08-15 02:12:37,829 [DEBUG] cnn_neat: Added edge 8→3 (from 39 candidates)
2026-08-15 02:12:37,834 [DEBUG] cnn_neat: Added edge 9→1 (from 39 candidates)
2026-08-15 02:12:37,840 [DEBUG] cnn_neat: Removed hidden node 10 (pool=8)
2026-08-15 02:12:37,844 [DEBUG] cnn_neat: Removed edge 5→1 (from 12 candidates)
2026-08-15 02:12:37,850 [DEBUG] cnn_neat: Removed 3 edges (requested 3)
2026-08-15 02:12:37,855 [DEBUG] cnn_neat: Crossover rejected: union topology invalid (edges=34 nodes=18)
2026-08-15 02:12:37,861 [DEBUG] cnn_neat: Added edge 3→6 (from 39 candidates)
2026-08-15 02:12:37,865 [DEBUG] cnn_neat: Added edge 5→10 (from 39 candidates)
2026-08-15 02:12:37,869 [DEBUG] cnn_neat: Added edge 2→8 (from 34 candidates)
2026-08-15 02:12:37,873 [DEBUG] cnn_neat: Added edge 5→9 (from 32 candidates)
2026-08-15 02:12:37,877 [DEBUG] cnn_neat: Added edge 3→6 (from 29 candidates)
2026-08-15 02:12:37,882 [DEBUG] cnn_neat: Added edge 9→1 (from 27 candidates)
2026-08-15 02:12:37,889 [DEBUG] cnn_neat: Added edge 9→5 (from 39 candidates)
2026-08-15 02:12:37,894 [DEBUG] cnn_neat: Added edge 9→5 (from 39 candidates)
2026-08-15 02:12:37,901 [DEBUG] cnn_neat: Added edge 5→10 (from 35 candidates)
2026-08-15 02:12:37,907 [DEBUG] cnn_neat: Removed hidden node 7 (pool=8)
2026-08-15 02:12:37,910 [DEBUG] cnn_neat: Removed edge 2→3 (from 11 candidates)
2026-08-15 02:12:37,917 [DEBUG] cnn_neat: Removed 3 edges (requested 3)
2026-08-15 02:12:37,923 [DEBUG] cnn_neat: Crossover rejected: union topology invalid (edges=39 nodes=18)
2026-08-15 02:12:37,929 [DEBUG] cnn_neat: Added edge 10→8 (from 39 candidates)
2026-08-15 02:12:37,933 [DEBUG] cnn_neat: Added edge 2→7 (from 39 candidates)
2026-08-15 02:12:37,937 [DEBUG] cnn_neat: Added edge 3→5 (from 36 candidates)
2026-08-15 02:12:37,941 [DEBUG] cnn_neat: Added edge 6→3 (from 33 candidates)
2026-08-15 02:12:37,947 [DEBUG] cnn_neat: Added edge 10→7 (from 26 candidates)
2026-08-15 02:12:37,952 [DEBUG] cnn_neat: Added edge 9→3 (from 24 candidates)
2026-08-15 02:12:37,960 [DEBUG] cnn_neat: Added edge 8→3 (from 28 candidates)
2026-08-15 02:12:37,966 [DEBUG] cnn_neat: Added edge 9→5 (from 28 candidates)
2026-08-15 02:12:37,972 [DEBUG] cnn_neat: Removed hidden node 5 (pool=8)
2026-08-15 02:12:37,976 [DEBUG] cnn_neat: Removed edge 2→7 (from 14 candidates)
2026-08-15 02:12:37,982 [DEBUG] cnn_neat: Added edge 5→6 (from 29 candidates)
2026-08-15 02:12:37,989 [DEBUG] cnn_neat: Removed 3 edges (requested 3)
2026-08-15 02:12:37,994 [DEBUG] cnn_neat: Crossover rejected: union topology invalid (edges=39 nodes=18)
2026-08-15 02:12:38,001 [DEBUG] cnn_neat: Added edge 3→7 (from 28 candidates)
2026-08-15 02:12:38,006 [DEBUG] cnn_neat: Added edge 10→1 (from 28 candidates)
2026-08-15 02:12:38,010 [DEBUG] cnn_neat: Added edge 6→1 (from 27 candidates)
2026-08-15 02:12:38,015 [DEBUG] cnn_neat: Added edge 10→9 (from 26 candidates)
2026-08-15 02:12:38,021 [DEBUG] cnn_neat: Added edge 8→10 (from 25 candidates)
2026-08-15 02:12:38,027 [DEBUG] cnn_neat: Added edge 5→3 (from 19 candidates)
2026-08-15 02:12:38,031 [DEBUG] cnn_neat: Split edge 0→8, new hidden node 11 (pool=8)
2026-08-15 02:12:38,035 [DEBUG] cnn_neat: Added edge 3→8 (from 27 candidates)
2026-08-15 02:12:38,041 [DEBUG] cnn_neat: Removed hidden node 8 (pool=7)
2026-08-15 02:12:38,044 [DEBUG] cnn_neat: Removed edge 10→3 (from 11 candidates)
2026-08-15 02:12:38,051 [DEBUG] cnn_neat: Removed 3 edges (requested 3)
2026-08-15 02:12:38,056 [DEBUG] cnn_neat: Crossover rejected: union topology invalid (edges=29 nodes=16)
2026-08-15 02:12:38,059 [DEBUG] cnn_neat: Split edge 3→9, new hidden node 11 (pool=8)
2026-08-15 02:12:38,062 [DEBUG] cnn_neat: Added edge 3→8 (from 27 candidates)
2026-08-15 02:12:38,066 [DEBUG] cnn_neat: Added edge 5→10 (from 21 candidates)
2026-08-15 02:12:38,069 [DEBUG] cnn_neat: Added edge 7→2 (from 18 candidates)
2026-08-15 02:12:38,073 [DEBUG] cnn_neat: Added edge 10→9 (from 16 candidates)
2026-08-15 02:12:38,077 [DEBUG] cnn_neat: Added edge 7→9 (from 15 candidates)
2026-08-15 02:12:38,086 [DEBUG] cnn_neat: Added edge 7→8 (from 42 candidates)
2026-08-15 02:12:38,090 [DEBUG] cnn_neat: Added edge 10→7 (from 42 candidates)
2026-08-15 02:12:38,098 [DEBUG] cnn_neat: Removed hidden node 3 (pool=8)
2026-08-15 02:12:38,101 [DEBUG] cnn_neat: Added edge 5→2 (from 39 candidates)
2026-08-15 02:12:38,105 [DEBUG] cnn_neat: Removed edge 2→1 (from 8 candidates)
2026-08-15 02:12:38,112 [DEBUG] cnn_neat: Removed 3 edges (requested 3)
2026-08-15 02:12:38,116 [DEBUG] cnn_neat: Crossover rejected: union topology invalid (edges=29 nodes=16)
2026-08-15 02:12:38,122 [DEBUG] cnn_neat: Added edge 9→1 (from 42 candidates)
2026-08-15 02:12:38,128 [DEBUG] cnn_neat: Removed hidden node 9 (pool=8)
2026-08-15 02:12:38,132 [DEBUG] cnn_neat: Added edge 3→6 (from 42 candidates)
2026-08-15 02:12:38,136 [DEBUG] cnn_neat: Added edge 7→2 (from 37 candidates)
2026-08-15 02:12:38,140 [DEBUG] cnn_neat: Added edge 10→6 (from 33 candidates)
2026-08-15 02:12:38,144 [DEBUG] cnn_neat: Added edge 9→10 (from 32 candidates)
2026-08-15 02:12:38,148 [DEBUG] cnn_neat: Added edge 7→10 (from 29 candidates)
2026-08-15 02:12:38,159 [DEBUG] cnn_neat: Added edge 3→5 (from 22 candidates)
2026-08-15 02:12:38,368 [DEBUG] cnn_neat: Added edge 5→11 (from 41 candidates)
2026-08-15 02:12:38,442 [DEBUG] cnn_neat: Removed hidden node 6 (pool=8)
2026-08-15 02:12:38,451 [DEBUG] cnn_neat: Removed edge 3→1 (from 9 candidates)
2026-08-15 02:12:38,465 [DEBUG] cnn_neat: Removed 3 edges (requested 3)
2026-08-15 02:12:38,482 [DEBUG] cnn_neat: Split edge 3→1, new hidden node 12 (pool=5)
2026-08-15 02:12:38,500 [DEBUG] cnn_neat: Added edge 6→3 (from 38 candidates)
2026-08-15 02:12:38,516 [DEBUG] cnn_neat: Split edge 8→1, new hidden node 11 (pool=6)
2026-08-15 02:12:38,525 [DEBUG] cnn_neat: Added edge 7→8 (from 28 candidates)
2026-08-15 02:12:38,542 [DEBUG] cnn_neat: Removed hidden node 6 (pool=7)
2026-08-15 02:12:38,551 [DEBUG] cnn_neat: Removed edge 5→6 (from 10 candidates)
2026-08-15 02:12:38,566 [DEBUG] cnn_neat: Removed 3 edges (requested 3)
2026-08-15 02:12:38,575 [DEBUG] cnn_neat: Split edge 8→1, new hidden node 11 (pool=6)
2026-08-15 02:12:38,991 [DEBUG] cnn_neat: Split edge 2→3, new hidden node 11 (pool=4)
2026-08-15 02:12:39,025 [DEBUG] cnn_neat: Split edge 2→3, new hidden node 11 (pool=7)
2026-08-15 02:12:39,048 [DEBUG] cnn_neat: Added edge 7→10 (from 23 candidates)
2026-08-15 02:12:39,089 [DEBUG] cnn_neat: Removed hidden node 7 (pool=6)
2026-08-15 02:12:39,113 [DEBUG] cnn_neat: Removed edge 10→3 (from 9 candidates)
2026-08-15 02:12:39,156 [DEBUG] cnn_neat: Removed 3 edges (requested 3)
2026-08-15 02:12:39,176 [DEBUG] cnn_neat: Split edge 0→3, new hidden node 12 (pool=6)
2026-08-15 02:12:39,191 [DEBUG] cnn_neat: Split edge 0→3, new hidden node 11 (pool=7)
2026-08-15 02:12:39,260 [DEBUG] cnn_neat: Split edge 2→1, new hidden node 11 (pool=3)
2026-08-15 02:12:39,272 [DEBUG] cnn_neat: Split edge 7→1, new hidden node 11 (pool=6)
2026-08-15 02:12:39,285 [DEBUG] cnn_neat: Added edge 3→7 (from 31 candidates)
2026-08-15 02:12:39,310 [DEBUG] cnn_neat: Removed hidden node 6 (pool=7)
2026-08-15 02:12:39,321 [DEBUG] cnn_neat: Removed edge 2→1 (from 9 candidates)
2026-08-15 02:12:39,343 [DEBUG] cnn_neat: Removed 3 edges (requested 3)
2026-08-15 02:12:39,351 [DEBUG] cnn_neat: Split edge 2→1, new hidden node 11 (pool=7)
2026-08-15 02:12:39,357 [DEBUG] cnn_neat: Split edge 7→1, new hidden node 11 (pool=5)
2026-08-15 02:12:39,360 [DEBUG] cnn_neat: Split edge 7→1, new hidden node 11 (pool=4)
2026-08-15 02:12:39,370 [DEBUG] cnn_neat: Split edge 0→3, new hidden node 11 (pool=5)
2026-08-15 02:12:39,378 [DEBUG] cnn_neat: Added edge 10→1 (from 29 candidates)
2026-08-15 02:12:39,390 [DEBUG] cnn_neat: Removed hidden node 7 (pool=7)
2026-08-15 02:12:39,396 [DEBUG] cnn_neat: Removed edge 5→1 (from 9 candidates)
2026-08-15 02:12:39,408 [DEBUG] cnn_neat: Removed 3 edges (requested 3)
2026-08-15 02:12:39,415 [DEBUG] cnn_neat: Split edge 2→1, new hidden node 11 (pool=5)
2026-08-15 02:12:39,421 [DEBUG] cnn_neat: Split edge 8→1, new hidden node 11 (pool=5)
2026-08-15 02:12:39,437 [DEBUG] cnn_neat: Added edge 6→3 (from 27 candidates)
2026-08-15 02:12:39,450 [DEBUG] cnn_neat: Removed hidden node 10 (pool=8)
2026-08-15 02:12:39,457 [DEBUG] cnn_neat: Removed edge 8→7 (from 14 candidates)
2026-08-15 02:12:39,470 [DEBUG] cnn_neat: Removed 3 edges (requested 3)
2026-08-15 02:12:39,489 [DEBUG] cnn_neat: Added edge 5→9 (from 22 candidates)
2026-08-15 02:12:39,496 [DEBUG] cnn_neat: Added edge 9→1 (from 31 candidates)
2026-08-15 02:12:39,504 [DEBUG] cnn_neat: Added edge 8→10 (from 33 candidates)
2026-08-15 02:12:39,519 [DEBUG] cnn_neat: Added edge 5→2 (from 41 candidates)
2026-08-15 02:12:39,528 [DEBUG] cnn_neat: Removed hidden node 7 (pool=8)
2026-08-15 02:12:39,533 [DEBUG] cnn_neat: Removed edge 9→6 (from 9 candidates)
2026-08-15 02:12:39,542 [DEBUG] cnn_neat: Removed 3 edges (requested 3)
2026-08-15 02:12:39,547 [DEBUG] cnn_neat: Added edge 6→3 (from 47 candidates)
2026-08-15 02:12:39,554 [DEBUG] cnn_neat: Removed hidden node 7 (pool=8)
2026-08-15 02:12:39,560 [DEBUG] cnn_neat: Removed edge 10→3 (from 6 candidates)
2026-08-15 02:12:39,565 [DEBUG] cnn_neat: Added edge 8→5 (from 44 candidates)
2026-08-15 02:12:39,568 [DEBUG] cnn_neat: Split edge 0→3, new hidden node 11 (pool=4)
2026-08-15 02:12:39,582 [DEBUG] cnn_neat: Added edge 7→3 (from 28 candidates)
2026-08-15 02:12:39,598 [DEBUG] cnn_neat: Removed hidden node 9 (pool=8)
2026-08-15 02:12:39,604 [DEBUG] cnn_neat: Removed edge 8→7 (from 13 candidates)
2026-08-15 02:12:39,615 [DEBUG] cnn_neat: Removed 3 edges (requested 3)
2026-08-15 02:12:39,628 [DEBUG] cnn_neat: Added edge 5→9 (from 25 candidates)
2026-08-15 02:12:39,634 [DEBUG] cnn_neat: Added edge 9→10 (from 38 candidates)
2026-08-15 02:12:39,643 [DEBUG] cnn_neat: Removed hidden node 2 (pool=8)
2026-08-15 02:12:39,659 [DEBUG] cnn_neat: Removed hidden node 2 (pool=8)
2026-08-15 02:12:39,789 [DEBUG] cnn_neat: Added edge 8→3 (from 43 candidates)
2026-08-15 02:12:39,803 [DEBUG] cnn_neat: Removed hidden node 3 (pool=8)
2026-08-15 02:12:39,812 [DEBUG] cnn_neat: Removed edge 2→3 (from 8 candidates)
2026-08-15 02:12:39,824 [DEBUG] cnn_neat: Removed 3 edges (requested 3)
2026-08-15 02:12:39,834 [DEBUG] cnn_neat: Added edge 3→6 (from 41 candidates)
2026-08-15 02:12:39,842 [DEBUG] cnn_neat: Added edge 5→9 (from 48 candidates)
2026-08-15 02:12:39,855 [DEBUG] cnn_neat: Removed hidden node 10 (pool=8)
2026-08-15 02:12:39,859 [DEBUG] cnn_neat: Removed hidden node 2 (pool=8)
2026-08-15 02:12:39,877 [DEBUG] cnn_neat: Added edge 2→5 (from 39 candidates)
2026-08-15 02:12:39,887 [DEBUG] cnn_neat: Removed hidden node 10 (pool=8)
2026-08-15 02:12:39,892 [DEBUG] cnn_neat: Removed edge 8→1 (from 12 candidates)
2026-08-15 02:12:39,907 [DEBUG] cnn_neat: Removed 3 edges (requested 3)
2026-08-15 02:12:39,934 [DEBUG] cnn_neat: Added edge 7→2 (from 37 candidates)
2026-08-15 02:12:39,944 [DEBUG] cnn_neat: Added edge 5→8 (from 40 candidates)
2026-08-15 02:12:39,951 [DEBUG] cnn_neat: Added edge 5→10 (from 44 candidates)
2026-08-15 02:12:39,975 [DEBUG] cnn_neat: Added edge 7→10 (from 39 candidates)
2026-08-15 02:12:40,262 [DEBUG] cnn_neat: Removed hidden node 6 (pool=8)
2026-08-15 02:12:40,274 [DEBUG] cnn_neat: Removed edge 2→1 (from 11 candidates)
2026-08-15 02:12:40,290 [DEBUG] cnn_neat: Removed 3 edges (requested 3)
2026-08-15 02:12:40,307 [DEBUG] cnn_neat: Split edge 0→8, new hidden node 11 (pool=9)
2026-08-15 02:12:40,341 [DEBUG] cnn_neat: Added edge 10→5 (from 28 candidates)
2026-08-15 02:12:40,356 [DEBUG] cnn_neat: Removed hidden node 2 (pool=8)
2026-08-15 02:12:40,362 [DEBUG] cnn_neat: Removed edge 2→3 (from 14 candidates)
2026-08-15 02:12:40,377 [DEBUG] cnn_neat: Removed 3 edges (requested 3)
2026-08-15 02:12:40,383 [DEBUG] cnn_neat: Split edge 0→3, new hidden node 11 (pool=5)
2026-08-15 02:12:40,404 [DEBUG] cnn_neat: Added edge 9→5 (from 27 candidates)
2026-08-15 02:12:40,423 [DEBUG] cnn_neat: Added edge 8→9 (from 40 candidates)
2026-08-15 02:12:40,429 [DEBUG] cnn_neat: Removed hidden node 6 (pool=8)
2026-08-15 02:12:40,438 [DEBUG] cnn_neat: Removed edge 5→1 (from 9 candidates)
2026-08-15 02:12:40,449 [DEBUG] cnn_neat: Removed 3 edges (requested 3)
2026-08-15 02:12:40,752 [DEBUG] cnn_neat: Added edge 6→7 (from 38 candidates)
2026-08-15 02:12:40,760 [DEBUG] cnn_neat: Added edge 7→10 (from 46 candidates)
2026-08-15 02:12:40,771 [DEBUG] cnn_neat: Split edge 8→1, new hidden node 11 (pool=6)
2026-08-15 02:12:40,775 [DEBUG] cnn_neat: Added edge 5→2 (from 32 candidates)
2026-08-15 02:12:40,793 [DEBUG] cnn_neat: Removed hidden node 10 (pool=7)
2026-08-15 02:12:40,798 [DEBUG] cnn_neat: Removed edge 2→3 (from 9 candidates)
2026-08-15 02:12:40,812 [DEBUG] cnn_neat: Removed 3 edges (requested 3)
2026-08-15 02:12:40,825 [DEBUG] cnn_neat: Split edge 0→3, new hidden node 11 (pool=6)
2026-08-15 02:12:40,833 [DEBUG] cnn_neat: Split edge 2→3, new hidden node 10 (pool=6)
2026-08-15 02:12:40,838 [DEBUG] cnn_neat: Split edge 2→10, new hidden node 11 (pool=11)
2026-08-15 02:12:40,859 [DEBUG] cnn_neat: Added edge 7→2 (from 35 candidates)
2026-08-15 02:12:40,872 [DEBUG] cnn_neat: Removed hidden node 6 (pool=8)
2026-08-15 02:12:40,883 [DEBUG] cnn_neat: Removed edge 8→10 (from 11 candidates)
2026-08-15 02:12:40,898 [DEBUG] cnn_neat: Removed 3 edges (requested 3)
2026-08-15 02:12:40,903 [DEBUG] cnn_neat: Split edge 3→1, new hidden node 11 (pool=8)
2026-08-15 02:12:40,905 [DEBUG] cnn_neat: Split edge 0→2, new hidden node 11 (pool=1)
2026-08-15 02:12:40,909 [DEBUG] cnn_neat: Added edge 3→5 (from 29 candidates)
2026-08-15 02:12:40,915 [DEBUG] cnn_neat: Added edge 7→3 (from 38 candidates)
2026-08-15 02:12:40,933 [DEBUG] cnn_neat: Added edge 8→7 (from 23 candidates)
2026-08-15 02:12:41,214 [DEBUG] cnn_neat: Removed hidden node 5 (pool=8)
2026-08-15 02:12:41,228 [DEBUG] cnn_neat: Removed edge 9→6 (from 13 candidates)
2026-08-15 02:12:41,236 [DEBUG] cnn_neat: Removed 3 edges (requested 3)
2026-08-15 02:12:41,246 [DEBUG] cnn_neat: Split edge 3→8, new hidden node 11 (pool=7)
2026-08-15 02:12:41,310 [DEBUG] cnn_neat: Added edge 8→9 (from 22 candidates)
2026-08-15 02:12:41,327 [DEBUG] cnn_neat: Split edge 0→3, new hidden node 11 (pool=8)
2026-08-15 02:12:41,342 [DEBUG] cnn_neat: Added edge 8→2 (from 27 candidates)
2026-08-15 02:12:41,351 [DEBUG] cnn_neat: Removed hidden node 8 (pool=7)
2026-08-15 02:12:41,361 [DEBUG] cnn_neat: Removed edge 2→9 (from 11 candidates)
2026-08-15 02:12:41,372 [DEBUG] cnn_neat: Removed 3 edges (requested 3)
2026-08-15 02:12:41,381 [DEBUG] cnn_neat: Split edge 8→2, new hidden node 11 (pool=9)
2026-08-15 02:12:41,385 [DEBUG] cnn_neat: Split edge 8→1, new hidden node 11 (pool=5)
2026-08-15 02:12:41,404 [DEBUG] cnn_neat: Added edge 3→6 (from 42 candidates)
2026-08-15 02:12:41,423 [DEBUG] cnn_neat: Removed hidden node 7 (pool=8)
2026-08-15 02:12:41,429 [DEBUG] cnn_neat: Removed edge 2→1 (from 8 candidates)
2026-08-15 02:12:41,446 [DEBUG] cnn_neat: Removed 3 edges (requested 3)
2026-08-15 02:12:41,462 [DEBUG] cnn_neat: Split edge 8→1, new hidden node 11 (pool=5)
2026-08-15 02:12:41,735 [DEBUG] cnn_neat: Added edge 10→5 (from 37 candidates)
2026-08-15 02:12:41,747 [DEBUG] cnn_neat: Added edge 9→10 (from 28 candidates)
2026-08-15 02:12:41,768 [DEBUG] cnn_neat: Added edge 7→1 (from 21 candidates)
2026-08-15 02:12:41,783 [DEBUG] cnn_neat: Removed hidden node 7 (pool=8)
2026-08-15 02:12:41,792 [DEBUG] cnn_neat: Removed edge 8→1 (from 18 candidates)
2026-08-15 02:12:41,803 [DEBUG] cnn_neat: Removed 3 edges (requested 3)
2026-08-15 02:12:41,820 [DEBUG] cnn_neat: Added edge 9→1 (from 20 candidates)
2026-08-15 02:12:41,828 [DEBUG] cnn_neat: Added edge 10→9 (from 21 candidates)
2026-08-15 02:12:41,833 [DEBUG] cnn_neat: Added edge 10→5 (from 25 candidates)
2026-08-15 02:12:41,912 [DEBUG] cnn_neat: Added edge 2→6 (from 22 candidates)
2026-08-15 02:12:42,037 [DEBUG] cnn_neat: Removed hidden node 3 (pool=8)
2026-08-15 02:12:42,042 [DEBUG] cnn_neat: Removed edge 6→7 (from 13 candidates)
2026-08-15 02:12:42,050 [DEBUG] cnn_neat: Removed 3 edges (requested 3)
2026-08-15 02:12:42,080 [DEBUG] cnn_neat: Added edge 9→1 (from 21 candidates)
2026-08-15 02:12:42,396 [DEBUG] cnn_neat: Added edge 0→9 (from 22 candidates)
2026-08-15 02:12:42,413 [DEBUG] cnn_neat: Added edge 9→10 (from 28 candidates)
2026-08-15 02:12:42,425 [DEBUG] cnn_neat: Removed hidden node 3 (pool=8)
2026-08-15 02:12:42,432 [DEBUG] cnn_neat: Removed edge 3→7 (from 14 candidates)
2026-08-15 02:12:42,444 [DEBUG] cnn_neat: Removed 3 edges (requested 3)
2026-08-15 02:12:42,464 [DEBUG] cnn_neat: Added edge 9→3 (from 22 candidates)
2026-08-15 02:12:42,468 [DEBUG] cnn_neat: Added edge 5→9 (from 31 candidates)
2026-08-15 02:12:42,478 [DEBUG] cnn_neat: Split edge 7→1, new hidden node 11 (pool=6)
2026-08-15 02:12:42,484 [DEBUG] cnn_neat: Added edge 2→8 (from 24 candidates)
2026-08-15 02:12:42,492 [DEBUG] cnn_neat: Removed hidden node 3 (pool=6)
2026-08-15 02:12:42,496 [DEBUG] cnn_neat: Removed edge 5→1 (from 8 candidates)
2026-08-15 02:12:42,505 [DEBUG] cnn_neat: Removed 3 edges (requested 3)
2026-08-15 02:12:42,510 [DEBUG] cnn_neat: Split edge 2→1, new hidden node 12 (pool=5)
2026-08-15 02:12:42,514 [DEBUG] cnn_neat: Split edge 0→3, new hidden node 11 (pool=7)
2026-08-15 02:12:42,524 [DEBUG] cnn_neat: Split edge 2→1, new hidden node 12 (pool=5)
2026-08-15 02:12:42,529 [DEBUG] cnn_neat: Added edge 3→5 (from 34 candidates)
2026-08-15 02:12:42,540 [DEBUG] cnn_neat: Removed hidden node 7 (pool=7)
2026-08-15 02:12:42,544 [DEBUG] cnn_neat: Removed edge 3→1 (from 8 candidates)
2026-08-15 02:12:42,555 [DEBUG] cnn_neat: Removed 3 edges (requested 3)
2026-08-15 02:12:42,564 [DEBUG] cnn_neat: Split edge 3→5, new hidden node 12 (pool=8)
2026-08-15 02:12:42,579 [DEBUG] cnn_neat: Added edge 5→2 (from 43 candidates)
2026-08-15 02:12:42,589 [DEBUG] cnn_neat: Removed hidden node 6 (pool=8)
2026-08-15 02:12:42,596 [DEBUG] cnn_neat: Removed edge 10→6 (from 8 candidates)
2026-08-15 02:12:42,605 [DEBUG] cnn_neat: Removed 3 edges (requested 3)
2026-08-15 02:12:42,617 [DEBUG] cnn_neat: Added edge 8→2 (from 32 candidates)
2026-08-15 02:12:42,623 [DEBUG] cnn_neat: Added edge 5→9 (from 47 candidates)
2026-08-15 02:12:42,640 [DEBUG] cnn_neat: Removed hidden node 10 (pool=8)
2026-08-15 02:12:42,643 [DEBUG] cnn_neat: Saved generation 25
2026-08-15 02:12:42,730 [DEBUG] cnn_neat: Selected 25 elite individuals
2026-08-15 02:12:42,759 [DEBUG] cnn_neat: Removed hidden node 7 (pool=8)
2026-08-15 02:12:42,856 [DEBUG] cnn_neat: Added edge 7→1 (from 38 candidates)
2026-08-15 02:12:42,890 [DEBUG] cnn_neat: Removed hidden node 10 (pool=8)
2026-08-15 02:12:42,908 [DEBUG] cnn_neat: Removed edge 5→1 (from 9 candidates)
2026-08-15 02:12:42,934 [DEBUG] cnn_neat: Removed 3 edges (requested 3)
2026-08-15 02:12:42,959 [DEBUG] cnn_neat: Added edge 8→9 (from 37 candidates)
2026-08-15 02:12:42,973 [DEBUG] cnn_neat: Added edge 8→5 (from 46 candidates)
2026-08-15 02:12:42,989 [DEBUG] cnn_neat: Removed hidden node 7 (pool=8)
2026-08-15 02:12:43,003 [DEBUG] cnn_neat: Removed hidden node 6 (pool=8)
2026-08-15 02:12:43,020 [DEBUG] cnn_neat: Removed edge 10→6 (from 10 candidates)
2026-08-15 02:12:43,033 [DEBUG] cnn_neat: Split edge 8→1, new hidden node 11 (pool=6)
2026-08-15 02:12:43,041 [DEBUG] cnn_neat: Added edge 10→8 (from 35 candidates)
2026-08-15 02:12:43,046 [DEBUG] cnn_neat: Trimmed elite queue to 128 entries
2026-08-15 02:12:43,622 [DEBUG] cnn_neat: Removed hidden node 7 (pool=7)
2026-08-15 02:12:43,622 [DEBUG] cnn_neat: Split edge 0→3, new hidden node 11 (pool=5)
2026-08-15 02:12:43,626 [DEBUG] cnn_neat: Added edge 3→5 (from 32 candidates)
2026-08-15 02:12:43,632 [DEBUG] cnn_neat: Removed hidden node 3 (pool=7)
2026-08-15 02:12:43,636 [DEBUG] cnn_neat: Removed edge 10→3 (from 8 candidates)
2026-08-15 02:12:43,641 [DEBUG] cnn_neat: Removed 3 edges (requested 3)
2026-08-15 02:12:43,646 [DEBUG] cnn_neat: Crossover rejected: union topology invalid (edges=39 nodes=17)
2026-08-15 02:12:43,649 [DEBUG] cnn_neat: Split edge 0→3, new hidden node 11 (pool=5)
2026-08-15 02:12:43,653 [DEBUG] cnn_neat: Added edge 10→8 (from 45 candidates)
2026-08-15 02:12:43,658 [DEBUG] cnn_neat: Added edge 2→7 (from 32 candidates)
2026-08-15 02:12:43,663 [DEBUG] cnn_neat: Added edge 5→6 (from 29 candidates)
2026-08-15 02:12:43,666 [DEBUG] cnn_neat: Added edge 2→8 (from 23 candidates)
2026-08-15 02:12:43,670 [DEBUG] cnn_neat: Added edge 8→3 (from 21 candidates)
2026-08-15 02:12:43,674 [DEBUG] cnn_neat: Added edge 5→10 (from 20 candidates)
2026-08-15 02:12:43,679 [DEBUG] cnn_neat: Split edge 8→1, new hidden node 11 (pool=6)
2026-08-15 02:12:43,683 [DEBUG] cnn_neat: Added edge 6→3 (from 34 candidates)
2026-08-15 02:12:43,688 [DEBUG] cnn_neat: Removed hidden node 3 (pool=7)
2026-08-15 02:12:43,691 [DEBUG] cnn_neat: Removed edge 8→1 (from 8 candidates)
2026-08-15 02:12:43,695 [DEBUG] cnn_neat: Removed 3 edges (requested 3)
2026-08-15 02:12:43,701 [DEBUG] cnn_neat: Crossover rejected: union topology invalid (edges=31 nodes=17)
2026-08-15 02:12:43,704 [DEBUG] cnn_neat: Split edge 8→1, new hidden node 11 (pool=6)
2026-08-15 02:12:43,708 [DEBUG] cnn_neat: Added edge 5→11 (from 47 candidates)
2026-08-15 02:12:43,712 [DEBUG] cnn_neat: Added edge 7→8 (from 34 candidates)
2026-08-15 02:12:43,716 [DEBUG] cnn_neat: Added edge 10→5 (from 31 candidates)
2026-08-15 02:12:43,720 [DEBUG] cnn_neat: Added edge 2→7 (from 28 candidates)
2026-08-15 02:12:43,724 [DEBUG] cnn_neat: Added edge 2→6 (from 24 candidates)
2026-08-15 02:12:43,728 [DEBUG] cnn_neat: Added edge 5→3 (from 23 candidates)
2026-08-15 02:12:43,735 [DEBUG] cnn_neat: Added edge 8→3 (from 40 candidates)
2026-08-15 02:12:43,740 [DEBUG] cnn_neat: Added edge 10→5 (from 40 candidates)
2026-08-15 02:12:43,746 [DEBUG] cnn_neat: Removed hidden node 7 (pool=8)
2026-08-15 02:12:43,749 [DEBUG] cnn_neat: Removed edge 2→9 (from 9 candidates)
2026-08-15 02:12:43,756 [DEBUG] cnn_neat: Removed 3 edges (requested 3)
2026-08-15 02:12:43,761 [DEBUG] cnn_neat: Crossover rejected: union topology invalid (edges=33 nodes=18)
2026-08-15 02:12:43,766 [DEBUG] cnn_neat: Added edge 8→5 (from 40 candidates)
2026-08-15 02:12:43,771 [DEBUG] cnn_neat: Added edge 9→11 (from 40 candidates)
2026-08-15 02:12:43,776 [DEBUG] cnn_neat: Added edge 10→7 (from 27 candidates)
2026-08-15 02:12:43,780 [DEBUG] cnn_neat: Added edge 7→1 (from 22 candidates)
2026-08-15 02:12:43,784 [DEBUG] cnn_neat: Added edge 7→3 (from 21 candidates)
2026-08-15 02:12:43,789 [DEBUG] cnn_neat: Added edge 10→9 (from 20 candidates)
2026-08-15 02:12:43,798 [DEBUG] cnn_neat: Added edge 3→9 (from 25 candidates)
2026-08-15 02:12:43,802 [DEBUG] cnn_neat: Added edge 3→7 (from 25 candidates)
2026-08-15 02:12:43,809 [DEBUG] cnn_neat: Removed hidden node 9 (pool=8)
2026-08-15 02:12:43,813 [DEBUG] cnn_neat: Removed edge 5→1 (from 16 candidates)
2026-08-15 02:12:43,821 [DEBUG] cnn_neat: Removed 3 edges (requested 3)
2026-08-15 02:12:43,825 [DEBUG] cnn_neat: Crossover rejected: union topology invalid (edges=40 nodes=18)
2026-08-15 02:12:43,832 [DEBUG] cnn_neat: Added edge 10→8 (from 25 candidates)
2026-08-15 02:12:43,837 [DEBUG] cnn_neat: Added edge 9→5 (from 25 candidates)
2026-08-15 02:12:43,841 [DEBUG] cnn_neat: Added edge 10→1 (from 23 candidates)
2026-08-15 02:12:43,845 [DEBUG] cnn_neat: Added edge 2→6 (from 22 candidates)
2026-08-15 02:12:43,850 [DEBUG] cnn_neat: Added edge 9→1 (from 21 candidates)
2026-08-15 02:12:43,855 [DEBUG] cnn_neat: Added edge 5→3 (from 20 candidates)
2026-08-15 02:12:43,864 [DEBUG] cnn_neat: Added edge 3→7 (from 26 candidates)
2026-08-15 02:12:43,868 [DEBUG] cnn_neat: Added edge 3→6 (from 26 candidates)
2026-08-15 02:12:43,876 [DEBUG] cnn_neat: Removed hidden node 9 (pool=8)
2026-08-15 02:12:43,880 [DEBUG] cnn_neat: Removed edge 10→7 (from 15 candidates)
2026-08-15 02:12:43,888 [DEBUG] cnn_neat: Removed 3 edges (requested 3)
2026-08-15 02:12:43,893 [DEBUG] cnn_neat: Crossover rejected: union topology invalid (edges=38 nodes=18)
2026-08-15 02:12:43,900 [DEBUG] cnn_neat: Added edge 6→5 (from 26 candidates)
2026-08-15 02:12:43,904 [DEBUG] cnn_neat: Added edge 10→9 (from 26 candidates)
2026-08-15 02:12:43,908 [DEBUG] cnn_neat: Added edge 9→1 (from 25 candidates)
2026-08-15 02:12:43,914 [DEBUG] cnn_neat: Added edge 6→5 (from 24 candidates)
2026-08-15 02:12:43,920 [DEBUG] cnn_neat: Added edge 2→5 (from 21 candidates)
2026-08-15 02:12:43,925 [DEBUG] cnn_neat: Added edge 6→3 (from 20 candidates)
2026-08-15 02:12:43,935 [DEBUG] cnn_neat: Added edge 2→7 (from 21 candidates)
2026-08-15 02:12:43,941 [DEBUG] cnn_neat: Added edge 2→5 (from 21 candidates)
2026-08-15 02:12:43,950 [DEBUG] cnn_neat: Removed hidden node 9 (pool=8)
2026-08-15 02:12:43,955 [DEBUG] cnn_neat: Removed edge 10→3 (from 15 candidates)
2026-08-15 02:12:43,965 [DEBUG] cnn_neat: Removed 3 edges (requested 3)
2026-08-15 02:12:43,971 [DEBUG] cnn_neat: Crossover rejected: union topology invalid (edges=40 nodes=18)
2026-08-15 02:12:43,979 [DEBUG] cnn_neat: Added edge 6→1 (from 21 candidates)
2026-08-15 02:12:43,985 [DEBUG] cnn_neat: Added edge 2→5 (from 21 candidates)
2026-08-15 02:12:43,990 [DEBUG] cnn_neat: Added edge 9→8 (from 20 candidates)
2026-08-15 02:12:43,995 [DEBUG] cnn_neat: Added edge 8→5 (from 18 candidates)
2026-08-15 02:12:44,000 [DEBUG] cnn_neat: Added edge 10→8 (from 17 candidates)
2026-08-15 02:12:44,007 [DEBUG] cnn_neat: Added edge 9→1 (from 16 candidates)
2026-08-15 02:12:44,016 [DEBUG] cnn_neat: Added edge 10→5 (from 17 candidates)
2026-08-15 02:12:44,021 [DEBUG] cnn_neat: Added edge 5→9 (from 17 candidates)
2026-08-15 02:12:44,032 [DEBUG] cnn_neat: Removed hidden node 6 (pool=8)
2026-08-15 02:12:44,036 [DEBUG] cnn_neat: Removed edge 7→5 (from 19 candidates)
2026-08-15 02:12:44,046 [DEBUG] cnn_neat: Removed 3 edges (requested 3)
2026-08-15 02:12:44,052 [DEBUG] cnn_neat: Crossover rejected: union topology invalid (edges=42 nodes=18)
2026-08-15 02:12:44,057 [DEBUG] cnn_neat: Added edge 2→6 (from 17 candidates)
2026-08-15 02:12:44,063 [DEBUG] cnn_neat: Added edge 8→9 (from 17 candidates)
2026-08-15 02:12:44,067 [DEBUG] cnn_neat: Added edge 3→6 (from 14 candidates)
2026-08-15 02:12:44,071 [DEBUG] cnn_neat: Added edge 5→6 (from 13 candidates)
2026-08-15 02:12:44,076 [DEBUG] cnn_neat: Added edge 7→8 (from 12 candidates)
2026-08-15 02:12:44,080 [DEBUG] cnn_neat: Added edge 7→1 (from 11 candidates)
2026-08-15 02:12:44,084 [DEBUG] cnn_neat: Split edge 2→3, new hidden node 11 (pool=7)
2026-08-15 02:12:44,087 [DEBUG] cnn_neat: Added edge 3→9 (from 33 candidates)
2026-08-15 02:12:44,092 [DEBUG] cnn_neat: Removed hidden node 2 (pool=7)
2026-08-15 02:12:44,095 [DEBUG] cnn_neat: Removed edge 5→1 (from 9 candidates)
2026-08-15 02:12:44,102 [DEBUG] cnn_neat: Removed 3 edges (requested 3)
2026-08-15 02:12:44,106 [DEBUG] cnn_neat: Crossover rejected: union topology invalid (edges=31 nodes=17)
2026-08-15 02:12:44,109 [DEBUG] cnn_neat: Split edge 2→3, new hidden node 11 (pool=7)
2026-08-15 02:12:44,113 [DEBUG] cnn_neat: Added edge 9→10 (from 45 candidates)
2026-08-15 02:12:44,248 [DEBUG] cnn_neat: Split edge 2→1, new hidden node 11 (pool=5)
2026-08-15 02:12:44,328 [DEBUG] cnn_neat: Added edge 6→10 (from 32 candidates)
2026-08-15 02:12:44,389 [DEBUG] cnn_neat: Removed hidden node 3 (pool=7)
2026-08-15 02:12:44,397 [DEBUG] cnn_neat: Removed edge 3→1 (from 8 candidates)
2026-08-15 02:12:44,411 [DEBUG] cnn_neat: Removed 3 edges (requested 3)
2026-08-15 02:12:44,425 [DEBUG] cnn_neat: Split edge 3→1, new hidden node 11 (pool=5)
2026-08-15 02:12:44,431 [DEBUG] cnn_neat: Split edge 2→1, new hidden node 11 (pool=4)
2026-08-15 02:12:44,450 [DEBUG] cnn_neat: Added edge 3→5 (from 41 candidates)
2026-08-15 02:12:44,468 [DEBUG] cnn_neat: Removed hidden node 5 (pool=8)
2026-08-15 02:12:44,478 [DEBUG] cnn_neat: Removed edge 10→6 (from 9 candidates)
2026-08-15 02:12:44,494 [DEBUG] cnn_neat: Removed 3 edges (requested 3)
2026-08-15 02:12:44,508 [DEBUG] cnn_neat: Split edge 2→1, new hidden node 12 (pool=6)
2026-08-15 02:12:44,527 [DEBUG] cnn_neat: Added edge 3→8 (from 36 candidates)
2026-08-15 02:12:44,541 [DEBUG] cnn_neat: Split edge 0→3, new hidden node 11 (pool=6)
2026-08-15 02:12:44,987 [DEBUG] cnn_neat: Added edge 7→8 (from 28 candidates)
2026-08-15 02:12:45,014 [DEBUG] cnn_neat: Split edge 2→3, new hidden node 11 (pool=7)
2026-08-15 02:12:45,040 [DEBUG] cnn_neat: Added edge 7→2 (from 23 candidates)
2026-08-15 02:12:45,083 [DEBUG] cnn_neat: Removed hidden node 5 (pool=6)
2026-08-15 02:12:45,107 [DEBUG] cnn_neat: Removed edge 7→1 (from 9 candidates)
2026-08-15 02:12:45,150 [DEBUG] cnn_neat: Removed 3 edges (requested 3)
2026-08-15 02:12:45,169 [DEBUG] cnn_neat: Split edge 0→8, new hidden node 11 (pool=8)
2026-08-15 02:12:45,184 [DEBUG] cnn_neat: Split edge 0→3, new hidden node 11 (pool=8)
2026-08-15 02:12:45,209 [DEBUG] cnn_neat: Split edge 0→3, new hidden node 11 (pool=5)
2026-08-15 02:12:45,260 [DEBUG] cnn_neat: Split edge 7→1, new hidden node 11 (pool=6)
2026-08-15 02:12:45,275 [DEBUG] cnn_neat: Added edge 10→1 (from 31 candidates)
2026-08-15 02:12:45,301 [DEBUG] cnn_neat: Removed hidden node 7 (pool=7)
2026-08-15 02:12:45,319 [DEBUG] cnn_neat: Removed edge 5→1 (from 9 candidates)
2026-08-15 02:12:45,328 [DEBUG] cnn_neat: Removed 3 edges (requested 3)
2026-08-15 02:12:45,332 [DEBUG] cnn_neat: Split edge 2→1, new hidden node 11 (pool=6)
2026-08-15 02:12:45,337 [DEBUG] cnn_neat: Added edge 3→6 (from 32 candidates)
2026-08-15 02:12:45,348 [DEBUG] cnn_neat: Removed hidden node 7 (pool=7)
2026-08-15 02:12:45,354 [DEBUG] cnn_neat: Added edge 11→8 (from 45 candidates)
2026-08-15 02:12:45,359 [DEBUG] cnn_neat: Split edge 2→1, new hidden node 11 (pool=9)
2026-08-15 02:12:45,371 [DEBUG] cnn_neat: Split edge 8→1, new hidden node 11 (pool=6)
2026-08-15 02:12:45,376 [DEBUG] cnn_neat: Added edge 5→6 (from 34 candidates)
2026-08-15 02:12:45,387 [DEBUG] cnn_neat: Removed hidden node 7 (pool=7)
2026-08-15 02:12:45,393 [DEBUG] cnn_neat: Removed edge 8→1 (from 8 candidates)
2026-08-15 02:12:45,402 [DEBUG] cnn_neat: Removed 3 edges (requested 3)
2026-08-15 02:12:45,407 [DEBUG] cnn_neat: Split edge 8→1, new hidden node 11 (pool=5)
2026-08-15 02:12:45,411 [DEBUG] cnn_neat: Split edge 2→1, new hidden node 11 (pool=3)
2026-08-15 02:12:45,418 [DEBUG] cnn_neat: Added edge 2→8 (from 23 candidates)
2026-08-15 02:12:45,423 [DEBUG] cnn_neat: Added edge 8→5 (from 35 candidates)
2026-08-15 02:12:45,433 [DEBUG] cnn_neat: Split edge 8→1, new hidden node 11 (pool=5)
2026-08-15 02:12:45,439 [DEBUG] cnn_neat: Added edge 2→6 (from 29 candidates)
2026-08-15 02:12:45,453 [DEBUG] cnn_neat: Removed hidden node 6 (pool=7)
2026-08-15 02:12:45,460 [DEBUG] cnn_neat: Removed edge 10→6 (from 9 candidates)
2026-08-15 02:12:45,473 [DEBUG] cnn_neat: Removed 3 edges (requested 3)
2026-08-15 02:12:45,484 [DEBUG] cnn_neat: Split edge 3→1, new hidden node 11 (pool=8)
2026-08-15 02:12:45,490 [DEBUG] cnn_neat: Split edge 0→8, new hidden node 11 (pool=1)
2026-08-15 02:12:45,497 [DEBUG] cnn_neat: Added edge 10→8 (from 42 candidates)
2026-08-15 02:12:45,513 [DEBUG] cnn_neat: Added edge 3→9 (from 27 candidates)
2026-08-15 02:12:45,526 [DEBUG] cnn_neat: Removed hidden node 7 (pool=8)
2026-08-15 02:12:45,534 [DEBUG] cnn_neat: Removed edge 9→6 (from 14 candidates)
2026-08-15 02:12:45,548 [DEBUG] cnn_neat: Removed 3 edges (requested 3)
2026-08-15 02:12:45,566 [DEBUG] cnn_neat: Added edge 3→5 (from 24 candidates)
2026-08-15 02:12:45,575 [DEBUG] cnn_neat: Added edge 10→5 (from 30 candidates)
2026-08-15 02:12:45,583 [DEBUG] cnn_neat: Added edge 2→6 (from 36 candidates)
2026-08-15 02:12:45,599 [DEBUG] cnn_neat: Added edge 7→11 (from 40 candidates)
2026-08-15 02:12:45,611 [DEBUG] cnn_neat: Removed hidden node 9 (pool=8)
2026-08-15 02:12:45,618 [DEBUG] cnn_neat: Removed edge 5→1 (from 9 candidates)
2026-08-15 02:12:45,629 [DEBUG] cnn_neat: Removed 3 edges (requested 3)
2026-08-15 02:12:45,639 [DEBUG] cnn_neat: Split edge 2→1, new hidden node 12 (pool=4)
2026-08-15 02:12:45,647 [DEBUG] cnn_neat: Split edge 0→2, new hidden node 12 (pool=1)
2026-08-15 02:12:45,767 [DEBUG] cnn_neat: Added edge 5→9 (from 25 candidates)
2026-08-15 02:12:45,788 [DEBUG] cnn_neat: Removed hidden node 9 (pool=8)
2026-08-15 02:12:45,796 [DEBUG] cnn_neat: Removed edge 8→7 (from 16 candidates)
2026-08-15 02:12:45,812 [DEBUG] cnn_neat: Removed 3 edges (requested 3)
2026-08-15 02:12:45,830 [DEBUG] cnn_neat: Added edge 8→3 (from 22 candidates)
2026-08-15 02:12:45,836 [DEBUG] cnn_neat: Added edge 3→8 (from 29 candidates)
2026-08-15 02:12:45,846 [DEBUG] cnn_neat: Added edge 2→6 (from 29 candidates)
2026-08-15 02:12:45,868 [DEBUG] cnn_neat: Added edge 9→3 (from 26 candidates)
2026-08-15 02:12:45,893 [DEBUG] cnn_neat: Removed hidden node 3 (pool=8)
2026-08-15 02:12:45,900 [DEBUG] cnn_neat: Removed edge 7→9 (from 15 candidates)
2026-08-15 02:12:46,212 [DEBUG] cnn_neat: Removed 3 edges (requested 3)
2026-08-15 02:12:46,238 [DEBUG] cnn_neat: Added edge 9→5 (from 21 candidates)
2026-08-15 02:12:46,258 [DEBUG] cnn_neat: Removed hidden node 3 (pool=8)
2026-08-15 02:12:46,264 [DEBUG] cnn_neat: Removed edge 3→5 (from 15 candidates)
2026-08-15 02:12:46,281 [DEBUG] cnn_neat: Removed 3 edges (requested 3)
2026-08-15 02:12:46,304 [DEBUG] cnn_neat: Added edge 6→1 (from 20 candidates)
2026-08-15 02:12:46,315 [DEBUG] cnn_neat: Added edge 2→5 (from 27 candidates)
2026-08-15 02:12:46,333 [DEBUG] cnn_neat: Removed hidden node 6 (pool=8)
2026-08-15 02:12:46,351 [DEBUG] cnn_neat: Removed hidden node 2 (pool=8)
2026-08-15 02:12:46,371 [DEBUG] cnn_neat: Added edge 9→8 (from 17 candidates)
2026-08-15 02:12:46,392 [DEBUG] cnn_neat: Removed hidden node 9 (pool=8)
2026-08-15 02:12:46,400 [DEBUG] cnn_neat: Removed edge 3→9 (from 19 candidates)
2026-08-15 02:12:46,412 [DEBUG] cnn_neat: Removed 3 edges (requested 3)
2026-08-15 02:12:46,711 [DEBUG] cnn_neat: Split edge 0→7, new hidden node 11 (pool=12)
2026-08-15 02:12:46,725 [DEBUG] cnn_neat: Added edge 7→2 (from 41 candidates)
2026-08-15 02:12:46,745 [DEBUG] cnn_neat: Removed hidden node 9 (pool=8)
2026-08-15 02:12:46,753 [DEBUG] cnn_neat: Removed edge 7→3 (from 9 candidates)
2026-08-15 02:12:46,769 [DEBUG] cnn_neat: Removed 3 edges (requested 3)
2026-08-15 02:12:46,786 [DEBUG] cnn_neat: Added edge 9→8 (from 36 candidates)
2026-08-15 02:12:46,789 [DEBUG] cnn_neat: Added edge 8→3 (from 46 candidates)
2026-08-15 02:12:46,810 [DEBUG] cnn_neat: Removed hidden node 6 (pool=8)
2026-08-15 02:12:46,820 [DEBUG] cnn_neat: Removed hidden node 3 (pool=8)
2026-08-15 02:12:46,837 [DEBUG] cnn_neat: Added edge 8→10 (from 28 candidates)
2026-08-15 02:12:46,849 [DEBUG] cnn_neat: Removed hidden node 2 (pool=8)
2026-08-15 02:12:46,855 [DEBUG] cnn_neat: Removed edge 2→3 (from 13 candidates)
2026-08-15 02:12:46,877 [DEBUG] cnn_neat: Removed 3 edges (requested 3)
2026-08-15 02:12:46,884 [DEBUG] cnn_neat: Split edge 8→7, new hidden node 11 (pool=4)
2026-08-15 02:12:46,895 [DEBUG] cnn_neat: Added edge 5→9 (from 26 candidates)
2026-08-15 02:12:46,898 [DEBUG] cnn_neat: Added edge 10→8 (from 29 candidates)
2026-08-15 02:12:47,207 [DEBUG] cnn_neat: Added edge 9→1 (from 43 candidates)
2026-08-15 02:12:47,224 [DEBUG] cnn_neat: Removed hidden node 7 (pool=8)
2026-08-15 02:12:47,231 [DEBUG] cnn_neat: Removed edge 7→3 (from 8 candidates)
2026-08-15 02:12:47,250 [DEBUG] cnn_neat: Removed 3 edges (requested 3)
2026-08-15 02:12:47,318 [DEBUG] cnn_neat: Added edge 2→8 (from 39 candidates)
2026-08-15 02:12:47,331 [DEBUG] cnn_neat: Removed hidden node 9 (pool=8)
2026-08-15 02:12:47,342 [DEBUG] cnn_neat: Removed edge 10→3 (from 12 candidates)
2026-08-15 02:12:47,358 [DEBUG] cnn_neat: Removed 3 edges (requested 3)
2026-08-15 02:12:47,369 [DEBUG] cnn_neat: Split edge 2→1, new hidden node 11 (pool=9)
2026-08-15 02:12:47,387 [DEBUG] cnn_neat: Added edge 3→9 (from 37 candidates)
2026-08-15 02:12:47,421 [DEBUG] cnn_neat: Added edge 6→7 (from 39 candidates)
2026-08-15 02:12:47,444 [DEBUG] cnn_neat: Removed hidden node 3 (pool=8)
2026-08-15 02:12:47,749 [DEBUG] cnn_neat: Removed edge 10→6 (from 11 candidates)
2026-08-15 02:12:47,766 [DEBUG] cnn_neat: Removed 3 edges (requested 3)
2026-08-15 02:12:47,788 [DEBUG] cnn_neat: Added edge 3→7 (from 28 candidates)
2026-08-15 02:12:47,799 [DEBUG] cnn_neat: Removed hidden node 3 (pool=8)
2026-08-15 02:12:47,803 [DEBUG] cnn_neat: Removed edge 2→7 (from 14 candidates)
2026-08-15 02:12:47,817 [DEBUG] cnn_neat: Removed 3 edges (requested 3)
2026-08-15 02:12:47,828 [DEBUG] cnn_neat: Added edge 10→9 (from 38 candidates)
2026-08-15 02:12:47,837 [DEBUG] cnn_neat: Removed hidden node 2 (pool=8)
2026-08-15 02:12:47,886 [DEBUG] cnn_neat: Removed edge 10→3 (from 11 candidates)
2026-08-15 02:12:47,892 [DEBUG] cnn_neat: Added edge 3→8 (from 36 candidates)
2026-08-15 02:12:47,912 [DEBUG] cnn_neat: Split edge 8→1, new hidden node 11 (pool=3)
2026-08-15 02:12:47,934 [DEBUG] cnn_neat: Split edge 8→1, new hidden node 11 (pool=7)
2026-08-15 02:12:48,278 [DEBUG] cnn_neat: Added edge 8→7 (from 33 candidates)
2026-08-15 02:12:48,294 [DEBUG] cnn_neat: Added edge 6→9 (from 46 candidates)
2026-08-15 02:12:48,309 [DEBUG] cnn_neat: Removed hidden node 10 (pool=8)
2026-08-15 02:12:48,314 [DEBUG] cnn_neat: Removed edge 3→1 (from 7 candidates)
2026-08-15 02:12:48,328 [DEBUG] cnn_neat: Removed 3 edges (requested 3)
2026-08-15 02:12:48,334 [DEBUG] cnn_neat: Split edge 7→3, new hidden node 10 (pool=6)
2026-08-15 02:12:48,341 [DEBUG] cnn_neat: Added edge 9→10 (from 43 candidates)
2026-08-15 02:12:48,345 [DEBUG] cnn_neat: Added edge 2→7 (from 35 candidates)
2026-08-15 02:12:48,355 [DEBUG] cnn_neat: Split edge 2→1, new hidden node 11 (pool=7)
2026-08-15 02:12:48,365 [DEBUG] cnn_neat: Added edge 7→3 (from 22 candidates)
2026-08-15 02:12:48,377 [DEBUG] cnn_neat: Removed hidden node 5 (pool=7)
2026-08-15 02:12:48,384 [DEBUG] cnn_neat: Removed edge 8→1 (from 11 candidates)
2026-08-15 02:12:48,397 [DEBUG] cnn_neat: Removed 3 edges (requested 3)
2026-08-15 02:12:48,410 [DEBUG] cnn_neat: Split edge 8→1, new hidden node 11 (pool=8)
2026-08-15 02:12:48,424 [DEBUG] cnn_neat: Added edge 9→5 (from 39 candidates)
2026-08-15 02:12:48,436 [DEBUG] cnn_neat: Removed hidden node 9 (pool=8)
2026-08-15 02:12:48,445 [DEBUG] cnn_neat: Removed edge 2→3 (from 10 candidates)
2026-08-15 02:12:48,461 [DEBUG] cnn_neat: Removed 3 edges (requested 3)
2026-08-15 02:12:48,483 [DEBUG] cnn_neat: Saved generation 26
2026-08-15 02:12:48,564 [DEBUG] cnn_neat: Added edge 9→6 (from 34 candidates)
2026-08-15 02:12:48,575 [DEBUG] cnn_neat: Selected 25 elite individuals
2026-08-15 02:12:48,593 [DEBUG] cnn_neat: Added edge 6→3 (from 40 candidates)
2026-08-15 02:12:48,607 [DEBUG] cnn_neat: Added edge 5→6 (from 44 candidates)
2026-08-15 02:12:48,713 [DEBUG] cnn_neat: Added edge 9→10 (from 37 candidates)
2026-08-15 02:12:48,757 [DEBUG] cnn_neat: Removed hidden node 9 (pool=8)
2026-08-15 02:12:48,778 [DEBUG] cnn_neat: Removed edge 2→1 (from 13 candidates)
2026-08-15 02:12:48,802 [DEBUG] cnn_neat: Removed 3 edges (requested 3)
2026-08-15 02:12:48,824 [DEBUG] cnn_neat: Split edge 8→1, new hidden node 11 (pool=10)
2026-08-15 02:12:48,848 [DEBUG] cnn_neat: Added edge 2→5 (from 34 candidates)
2026-08-15 02:12:48,871 [DEBUG] cnn_neat: Added edge 3→8 (from 27 candidates)
2026-08-15 02:12:48,888 [DEBUG] cnn_neat: Removed hidden node 2 (pool=8)
2026-08-15 02:12:48,898 [DEBUG] cnn_neat: Removed edge 2→8 (from 14 candidates)
2026-08-15 02:12:48,913 [DEBUG] cnn_neat: Trimmed elite queue to 128 entries
2026-08-15 02:12:49,514 [DEBUG] cnn_neat: Removed 3 edges (requested 3)
2026-08-15 02:12:49,518 [DEBUG] cnn_neat: Split edge 2→1, new hidden node 12 (pool=5)
2026-08-15 02:12:49,522 [DEBUG] cnn_neat: Added edge 3→5 (from 34 candidates)
2026-08-15 02:12:49,528 [DEBUG] cnn_neat: Removed hidden node 7 (pool=7)
2026-08-15 02:12:49,531 [DEBUG] cnn_neat: Removed edge 2→1 (from 8 candidates)
2026-08-15 02:12:49,538 [DEBUG] cnn_neat: Removed 3 edges (requested 3)
2026-08-15 02:12:49,543 [DEBUG] cnn_neat: Crossover rejected: union topology invalid (edges=37 nodes=17)
2026-08-15 02:12:49,546 [DEBUG] cnn_neat: Split edge 7→1, new hidden node 12 (pool=5)
2026-08-15 02:12:49,550 [DEBUG] cnn_neat: Added edge 2→7 (from 34 candidates)
2026-08-15 02:12:49,554 [DEBUG] cnn_neat: Added edge 11→3 (from 31 candidates)
2026-08-15 02:12:49,559 [DEBUG] cnn_neat: Added edge 10→7 (from 28 candidates)
2026-08-15 02:12:49,563 [DEBUG] cnn_neat: Added edge 11→7 (from 25 candidates)
2026-08-15 02:12:49,567 [DEBUG] cnn_neat: Added edge 11→5 (from 20 candidates)
2026-08-15 02:12:49,576 [DEBUG] cnn_neat: Added edge 2→11 (from 38 candidates)
2026-08-15 02:12:49,581 [DEBUG] cnn_neat: Added edge 10→8 (from 38 candidates)
2026-08-15 02:12:49,587 [DEBUG] cnn_neat: Removed hidden node 3 (pool=8)
2026-08-15 02:12:49,591 [DEBUG] cnn_neat: Removed edge 5→1 (from 10 candidates)
2026-08-15 02:12:49,597 [DEBUG] cnn_neat: Removed 3 edges (requested 3)
2026-08-15 02:12:49,603 [DEBUG] cnn_neat: Crossover rejected: union topology invalid (edges=34 nodes=18)
2026-08-15 02:12:49,609 [DEBUG] cnn_neat: Added edge 5→2 (from 38 candidates)
2026-08-15 02:12:49,614 [DEBUG] cnn_neat: Added edge 5→2 (from 38 candidates)
2026-08-15 02:12:49,619 [DEBUG] cnn_neat: Added edge 2→11 (from 31 candidates)
2026-08-15 02:12:49,622 [DEBUG] cnn_neat: Added edge 8→2 (from 29 candidates)
2026-08-15 02:12:49,627 [DEBUG] cnn_neat: Added edge 10→1 (from 25 candidates)
2026-08-15 02:12:49,631 [DEBUG] cnn_neat: Added edge 5→8 (from 24 candidates)
2026-08-15 02:12:49,636 [DEBUG] cnn_neat: Split edge 2→1, new hidden node 11 (pool=6)
2026-08-15 02:12:49,640 [DEBUG] cnn_neat: Added edge 7→8 (from 31 candidates)
2026-08-15 02:12:49,645 [DEBUG] cnn_neat: Removed hidden node 2 (pool=7)
2026-08-15 02:12:49,648 [DEBUG] cnn_neat: Removed edge 5→1 (from 9 candidates)
2026-08-15 02:12:49,655 [DEBUG] cnn_neat: Removed 3 edges (requested 3)
2026-08-15 02:12:49,660 [DEBUG] cnn_neat: Crossover rejected: union topology invalid (edges=30 nodes=16)
2026-08-15 02:12:49,663 [DEBUG] cnn_neat: Split edge 2→3, new hidden node 11 (pool=6)
2026-08-15 02:12:49,667 [DEBUG] cnn_neat: Added edge 6→3 (from 31 candidates)
2026-08-15 02:12:49,672 [DEBUG] cnn_neat: Added edge 2→5 (from 28 candidates)
2026-08-15 02:12:49,677 [DEBUG] cnn_neat: Added edge 3→7 (from 26 candidates)
2026-08-15 02:12:49,681 [DEBUG] cnn_neat: Added edge 3→5 (from 16 candidates)
2026-08-15 02:12:49,685 [DEBUG] cnn_neat: Added edge 6→1 (from 15 candidates)
2026-08-15 02:12:49,693 [DEBUG] cnn_neat: Added edge 9→3 (from 37 candidates)
2026-08-15 02:12:49,698 [DEBUG] cnn_neat: Added edge 3→9 (from 37 candidates)
2026-08-15 02:12:49,704 [DEBUG] cnn_neat: Removed hidden node 8 (pool=8)
2026-08-15 02:12:49,707 [DEBUG] cnn_neat: Removed edge 3→1 (from 15 candidates)
2026-08-15 02:12:49,713 [DEBUG] cnn_neat: Removed 3 edges (requested 3)
2026-08-15 02:12:49,718 [DEBUG] cnn_neat: Crossover rejected: union topology invalid (edges=41 nodes=18)
2026-08-15 02:12:49,724 [DEBUG] cnn_neat: Added edge 10→5 (from 37 candidates)
2026-08-15 02:12:49,728 [DEBUG] cnn_neat: Added edge 7→1 (from 37 candidates)
2026-08-15 02:12:49,733 [DEBUG] cnn_neat: Added edge 3→5 (from 36 candidates)
2026-08-15 02:12:49,736 [DEBUG] cnn_neat: Added edge 5→8 (from 33 candidates)
2026-08-15 02:12:49,741 [DEBUG] cnn_neat: Added edge 3→9 (from 25 candidates)
2026-08-15 02:12:49,746 [DEBUG] cnn_neat: Added edge 8→9 (from 21 candidates)
2026-08-15 02:12:49,754 [DEBUG] cnn_neat: Added edge 2→5 (from 23 candidates)
2026-08-15 02:12:49,760 [DEBUG] cnn_neat: Added edge 7→3 (from 23 candidates)
2026-08-15 02:12:49,768 [DEBUG] cnn_neat: Removed hidden node 9 (pool=8)
2026-08-15 02:12:49,772 [DEBUG] cnn_neat: Removed edge 8→7 (from 17 candidates)
2026-08-15 02:12:49,780 [DEBUG] cnn_neat: Removed 3 edges (requested 3)
2026-08-15 02:12:49,785 [DEBUG] cnn_neat: Crossover rejected: union topology invalid (edges=39 nodes=17)
2026-08-15 02:12:49,791 [DEBUG] cnn_neat: Added edge 7→3 (from 23 candidates)
2026-08-15 02:12:49,798 [DEBUG] cnn_neat: Removed hidden node 3 (pool=8)
2026-08-15 02:12:49,803 [DEBUG] cnn_neat: Added edge 10→1 (from 23 candidates)
2026-08-15 02:12:49,808 [DEBUG] cnn_neat: Added edge 3→7 (from 22 candidates)
2026-08-15 02:12:49,812 [DEBUG] cnn_neat: Added edge 2→6 (from 18 candidates)
2026-08-15 02:12:49,816 [DEBUG] cnn_neat: Added edge 7→6 (from 17 candidates)
2026-08-15 02:12:49,820 [DEBUG] cnn_neat: Added edge 9→1 (from 16 candidates)
2026-08-15 02:12:49,830 [DEBUG] cnn_neat: Added edge 8→2 (from 41 candidates)
2026-08-15 02:12:49,834 [DEBUG] cnn_neat: Added edge 8→10 (from 41 candidates)
2026-08-15 02:12:49,841 [DEBUG] cnn_neat: Removed hidden node 10 (pool=8)
2026-08-15 02:12:49,844 [DEBUG] cnn_neat: Removed edge 5→3 (from 7 candidates)
2026-08-15 02:12:49,851 [DEBUG] cnn_neat: Removed 3 edges (requested 3)
2026-08-15 02:12:49,856 [DEBUG] cnn_neat: Crossover rejected: union topology invalid (edges=32 nodes=18)
2026-08-15 02:12:49,862 [DEBUG] cnn_neat: Added edge 10→5 (from 41 candidates)
2026-08-15 02:12:49,866 [DEBUG] cnn_neat: Added edge 11→5 (from 41 candidates)
2026-08-15 02:12:49,870 [DEBUG] cnn_neat: Added edge 10→1 (from 37 candidates)
2026-08-15 02:12:49,875 [DEBUG] cnn_neat: Added edge 7→9 (from 36 candidates)
2026-08-15 02:12:49,879 [DEBUG] cnn_neat: Added edge 2→7 (from 35 candidates)
2026-08-15 02:12:49,883 [DEBUG] cnn_neat: Added edge 8→7 (from 32 candidates)
2026-08-15 02:12:49,887 [DEBUG] cnn_neat: Split edge 3→1, new hidden node 11 (pool=8)
2026-08-15 02:12:49,891 [DEBUG] cnn_neat: Added edge 3→6 (from 21 candidates)
2026-08-15 02:12:49,896 [DEBUG] cnn_neat: Split edge 8→1, new hidden node 11 (pool=11)
2026-08-15 02:12:49,902 [DEBUG] cnn_neat: Removed hidden node 5 (pool=7)
2026-08-15 02:12:49,905 [DEBUG] cnn_neat: Removed edge 5→1 (from 12 candidates)
2026-08-15 02:12:49,912 [DEBUG] cnn_neat: Removed 3 edges (requested 3)
2026-08-15 02:12:49,918 [DEBUG] cnn_neat: Crossover rejected: union topology invalid (edges=41 nodes=17)
2026-08-15 02:12:49,922 [DEBUG] cnn_neat: Split edge 3→1, new hidden node 11 (pool=8)
2026-08-15 02:12:49,926 [DEBUG] cnn_neat: Added edge 2→5 (from 32 candidates)
2026-08-15 02:12:49,930 [DEBUG] cnn_neat: Added edge 3→6 (from 21 candidates)
2026-08-15 02:12:49,935 [DEBUG] cnn_neat: Added edge 2→5 (from 19 candidates)
2026-08-15 02:12:49,939 [DEBUG] cnn_neat: Added edge 10→5 (from 18 candidates)
2026-08-15 02:12:49,944 [DEBUG] cnn_neat: Added edge 6→7 (from 17 candidates)
2026-08-15 02:12:49,949 [DEBUG] cnn_neat: Added edge 3→7 (from 12 candidates)
2026-08-15 02:12:49,953 [DEBUG] cnn_neat: Split edge 2→8, new hidden node 11 (pool=11)
2026-08-15 02:12:49,957 [DEBUG] cnn_neat: Added edge 7→3 (from 19 candidates)
2026-08-15 02:12:49,964 [DEBUG] cnn_neat: Removed hidden node 7 (pool=7)
2026-08-15 02:12:49,967 [DEBUG] cnn_neat: Removed edge 3→6 (from 15 candidates)
2026-08-15 02:12:49,972 [DEBUG] cnn_neat: Split edge 2→8, new hidden node 11 (pool=8)
2026-08-15 02:12:49,980 [DEBUG] cnn_neat: Removed 3 edges (requested 3)
2026-08-15 02:12:49,985 [DEBUG] cnn_neat: Crossover rejected: union topology invalid (edges=37 nodes=17)
2026-08-15 02:12:49,990 [DEBUG] cnn_neat: Split edge 8→6, new hidden node 11 (pool=11)
2026-08-15 02:12:49,994 [DEBUG] cnn_neat: Added edge 2→5 (from 19 candidates)
2026-08-15 02:12:49,998 [DEBUG] cnn_neat: Added edge 7→3 (from 18 candidates)
2026-08-15 02:12:50,002 [DEBUG] cnn_neat: Added edge 10→8 (from 14 candidates)
2026-08-15 02:12:50,006 [DEBUG] cnn_neat: Added edge 3→5 (from 12 candidates)
2026-08-15 02:12:50,012 [DEBUG] cnn_neat: Added edge 8→5 (from 10 candidates)
2026-08-15 02:12:50,020 [DEBUG] cnn_neat: Added edge 8→9 (from 23 candidates)
2026-08-15 02:12:50,025 [DEBUG] cnn_neat: Added edge 5→6 (from 23 candidates)
2026-08-15 02:12:50,165 [DEBUG] cnn_neat: Split edge 3→1, new hidden node 11 (pool=5)
2026-08-15 02:12:50,290 [DEBUG] cnn_neat: Added edge 7→1 (from 32 candidates)
2026-08-15 02:12:50,313 [DEBUG] cnn_neat: Removed hidden node 10 (pool=7)
2026-08-15 02:12:50,322 [DEBUG] cnn_neat: Removed edge 5→1 (from 8 candidates)
2026-08-15 02:12:50,339 [DEBUG] cnn_neat: Removed 3 edges (requested 3)
2026-08-15 02:12:50,352 [DEBUG] cnn_neat: Split edge 8→1, new hidden node 9 (pool=6)
2026-08-15 02:12:50,360 [DEBUG] cnn_neat: Split edge 0→3, new hidden node 11 (pool=5)
2026-08-15 02:12:50,382 [DEBUG] cnn_neat: Added edge 8→2 (from 41 candidates)
2026-08-15 02:12:50,400 [DEBUG] cnn_neat: Removed hidden node 5 (pool=8)
2026-08-15 02:12:50,409 [DEBUG] cnn_neat: Removed edge 10→6 (from 9 candidates)
2026-08-15 02:12:50,428 [DEBUG] cnn_neat: Removed 3 edges (requested 3)
2026-08-15 02:12:50,445 [DEBUG] cnn_neat: Added edge 6→3 (from 37 candidates)
2026-08-15 02:12:50,465 [DEBUG] cnn_neat: Removed hidden node 6 (pool=8)
2026-08-15 02:12:50,482 [DEBUG] cnn_neat: Removed edge 10→6 (from 10 candidates)
2026-08-15 02:12:50,958 [DEBUG] cnn_neat: Added edge 10→11 (from 33 candidates)
2026-08-15 02:12:51,006 [DEBUG] cnn_neat: Split edge 2→1, new hidden node 12 (pool=5)
2026-08-15 02:12:51,033 [DEBUG] cnn_neat: Added edge 8→5 (from 34 candidates)
2026-08-15 02:12:51,082 [DEBUG] cnn_neat: Removed hidden node 3 (pool=7)
2026-08-15 02:12:51,112 [DEBUG] cnn_neat: Removed edge 5→1 (from 8 candidates)
2026-08-15 02:12:51,140 [DEBUG] cnn_neat: Removed 3 edges (requested 3)
2026-08-15 02:12:51,159 [DEBUG] cnn_neat: Split edge 7→1, new hidden node 12 (pool=8)
2026-08-15 02:12:51,172 [DEBUG] cnn_neat: Split edge 7→1, new hidden node 12 (pool=2)
2026-08-15 02:12:51,251 [DEBUG] cnn_neat: Added edge 10→1 (from 38 candidates)
2026-08-15 02:12:51,278 [DEBUG] cnn_neat: Removed hidden node 11 (pool=8)
2026-08-15 02:12:51,295 [DEBUG] cnn_neat: Removed edge 2→3 (from 10 candidates)
2026-08-15 02:12:51,322 [DEBUG] cnn_neat: Removed 3 edges (requested 3)
2026-08-15 02:12:51,334 [DEBUG] cnn_neat: Split edge 2→1, new hidden node 11 (pool=5)
2026-08-15 02:12:51,351 [DEBUG] cnn_neat: Added edge 8→1 (from 37 candidates)
2026-08-15 02:12:51,364 [DEBUG] cnn_neat: Split edge 2→1, new hidden node 11 (pool=6)
2026-08-15 02:12:51,372 [DEBUG] cnn_neat: Added edge 7→10 (from 28 candidates)
2026-08-15 02:12:51,383 [DEBUG] cnn_neat: Removed hidden node 2 (pool=7)
2026-08-15 02:12:51,389 [DEBUG] cnn_neat: Removed edge 5→1 (from 10 candidates)
2026-08-15 02:12:51,403 [DEBUG] cnn_neat: Removed 3 edges (requested 3)
2026-08-15 02:12:51,414 [DEBUG] cnn_neat: Split edge 0→2, new hidden node 11 (pool=9)
2026-08-15 02:12:51,426 [DEBUG] cnn_neat: Split edge 2→1, new hidden node 11 (pool=7)
2026-08-15 02:12:51,433 [DEBUG] cnn_neat: Added edge 8→5 (from 23 candidates)
2026-08-15 02:12:51,446 [DEBUG] cnn_neat: Removed hidden node 5 (pool=6)
2026-08-15 02:12:51,451 [DEBUG] cnn_neat: Removed edge 10→3 (from 9 candidates)
2026-08-15 02:12:51,461 [DEBUG] cnn_neat: Removed 3 edges (requested 3)
2026-08-15 02:12:51,468 [DEBUG] cnn_neat: Split edge 3→1, new hidden node 12 (pool=6)
2026-08-15 02:12:51,475 [DEBUG] cnn_neat: Split edge 2→1, new hidden node 11 (pool=10)
2026-08-15 02:12:51,483 [DEBUG] cnn_neat: Added edge 3→7 (from 34 candidates)
2026-08-15 02:12:51,491 [DEBUG] cnn_neat: Added edge 8→3 (from 21 candidates)
2026-08-15 02:12:51,503 [DEBUG] cnn_neat: Split edge 8→1, new hidden node 11 (pool=6)
2026-08-15 02:12:51,510 [DEBUG] cnn_neat: Added edge 8→2 (from 31 candidates)
2026-08-15 02:12:51,528 [DEBUG] cnn_neat: Removed hidden node 10 (pool=7)
2026-08-15 02:12:51,534 [DEBUG] cnn_neat: Removed edge 0→3 (from 9 candidates)
2026-08-15 02:12:51,545 [DEBUG] cnn_neat: Removed 3 edges (requested 3)
2026-08-15 02:12:51,552 [DEBUG] cnn_neat: Split edge 2→1, new hidden node 11 (pool=7)
2026-08-15 02:12:51,559 [DEBUG] cnn_neat: Split edge 0→8, new hidden node 11 (pool=2)
2026-08-15 02:12:51,566 [DEBUG] cnn_neat: Added edge 2→5 (from 27 candidates)
2026-08-15 02:12:51,577 [DEBUG] cnn_neat: Split edge 2→3, new hidden node 11 (pool=6)
2026-08-15 02:12:51,585 [DEBUG] cnn_neat: Added edge 2→5 (from 34 candidates)
2026-08-15 02:12:51,596 [DEBUG] cnn_neat: Removed hidden node 2 (pool=7)
2026-08-15 02:12:51,603 [DEBUG] cnn_neat: Removed edge 10→3 (from 8 candidates)
2026-08-15 02:12:51,614 [DEBUG] cnn_neat: Removed 3 edges (requested 3)
2026-08-15 02:12:51,624 [DEBUG] cnn_neat: Split edge 7→5, new hidden node 11 (pool=9)
2026-08-15 02:12:51,629 [DEBUG] cnn_neat: Split edge 3→1, new hidden node 11 (pool=4)
2026-08-15 02:12:51,641 [DEBUG] cnn_neat: Split edge 2→1, new hidden node 11 (pool=6)
2026-08-15 02:12:51,647 [DEBUG] cnn_neat: Added edge 5→6 (from 31 candidates)
2026-08-15 02:12:51,661 [DEBUG] cnn_neat: Removed hidden node 5 (pool=7)
2026-08-15 02:12:51,669 [DEBUG] cnn_neat: Removed edge 8→1 (from 9 candidates)
2026-08-15 02:12:51,682 [DEBUG] cnn_neat: Removed 3 edges (requested 3)
2026-08-15 02:12:51,690 [DEBUG] cnn_neat: Split edge 8→1, new hidden node 11 (pool=7)
2026-08-15 02:12:51,696 [DEBUG] cnn_neat: Split edge 2→1, new hidden node 11 (pool=5)
2026-08-15 02:12:51,702 [DEBUG] cnn_neat: Split edge 2→1, new hidden node 11 (pool=4)
2026-08-15 02:12:51,709 [DEBUG] cnn_neat: Added edge 10→8 (from 21 candidates)
2026-08-15 02:12:51,830 [DEBUG] cnn_neat: Added edge 10→7 (from 37 candidates)
2026-08-15 02:12:51,843 [DEBUG] cnn_neat: Removed hidden node 6 (pool=8)
2026-08-15 02:12:51,850 [DEBUG] cnn_neat: Removed edge 5→1 (from 15 candidates)
2026-08-15 02:12:51,870 [DEBUG] cnn_neat: Removed 3 edges (requested 3)
2026-08-15 02:12:51,883 [DEBUG] cnn_neat: Split edge 0→8, new hidden node 11 (pool=10)
2026-08-15 02:12:51,900 [DEBUG] cnn_neat: Added edge 10→5 (from 33 candidates)
2026-08-15 02:12:51,924 [DEBUG] cnn_neat: Added edge 8→5 (from 23 candidates)
2026-08-15 02:12:51,945 [DEBUG] cnn_neat: Removed hidden node 6 (pool=8)
2026-08-15 02:12:51,962 [DEBUG] cnn_neat: Removed edge 10→7 (from 17 candidates)
2026-08-15 02:12:51,983 [DEBUG] cnn_neat: Removed 3 edges (requested 3)
2026-08-15 02:12:52,303 [DEBUG] cnn_neat: Split edge 8→1, new hidden node 11 (pool=5)
2026-08-15 02:12:52,307 [DEBUG] cnn_neat: Added edge 2→8 (from 29 candidates)
2026-08-15 02:12:52,332 [DEBUG] cnn_neat: Removed hidden node 5 (pool=7)
2026-08-15 02:12:52,344 [DEBUG] cnn_neat: Removed edge 2→1 (from 9 candidates)
2026-08-15 02:12:52,370 [DEBUG] cnn_neat: Removed 3 edges (requested 3)
2026-08-15 02:12:52,382 [DEBUG] cnn_neat: Split edge 2→8, new hidden node 11 (pool=6)
2026-08-15 02:12:52,385 [DEBUG] cnn_neat: Split edge 8→1, new hidden node 11 (pool=4)
2026-08-15 02:12:52,388 [DEBUG] cnn_neat: Split edge 3→1, new hidden node 11 (pool=3)
2026-08-15 02:12:52,417 [DEBUG] cnn_neat: Added edge 7→6 (from 27 candidates)
2026-08-15 02:12:52,429 [DEBUG] cnn_neat: Removed hidden node 10 (pool=8)
2026-08-15 02:12:52,438 [DEBUG] cnn_neat: Removed edge 2→8 (from 14 candidates)
2026-08-15 02:12:52,460 [DEBUG] cnn_neat: Removed 3 edges (requested 3)
2026-08-15 02:12:52,792 [DEBUG] cnn_neat: Added edge 2→6 (from 26 candidates)
2026-08-15 02:12:52,811 [DEBUG] cnn_neat: Added edge 7→11 (from 40 candidates)
2026-08-15 02:12:52,827 [DEBUG] cnn_neat: Removed hidden node 8 (pool=8)
2026-08-15 02:12:52,835 [DEBUG] cnn_neat: Removed edge 3→1 (from 9 candidates)
2026-08-15 02:12:52,856 [DEBUG] cnn_neat: Removed 3 edges (requested 3)
2026-08-15 02:12:52,868 [DEBUG] cnn_neat: Split edge 2→9, new hidden node 12 (pool=7)
2026-08-15 02:12:52,875 [DEBUG] cnn_neat: Split edge 0→2, new hidden node 12 (pool=1)
2026-08-15 02:12:52,885 [DEBUG] cnn_neat: Split edge 0→2, new hidden node 12 (pool=1)
2026-08-15 02:12:52,913 [DEBUG] cnn_neat: Added edge 6→1 (from 25 candidates)
2026-08-15 02:12:52,932 [DEBUG] cnn_neat: Removed hidden node 8 (pool=8)
2026-08-15 02:12:52,939 [DEBUG] cnn_neat: Removed edge 8→6 (from 16 candidates)
2026-08-15 02:12:52,957 [DEBUG] cnn_neat: Removed 3 edges (requested 3)
2026-08-15 02:12:53,321 [DEBUG] cnn_neat: Added edge 5→3 (from 24 candidates)
2026-08-15 02:12:53,345 [DEBUG] cnn_neat: Added edge 10→1 (from 26 candidates)
2026-08-15 02:12:53,364 [DEBUG] cnn_neat: Removed hidden node 6 (pool=8)
2026-08-15 02:12:53,376 [DEBUG] cnn_neat: Removed edge 5→1 (from 15 candidates)
2026-08-15 02:12:53,393 [DEBUG] cnn_neat: Removed 3 edges (requested 3)
2026-08-15 02:12:53,417 [DEBUG] cnn_neat: Split edge 3→1, new hidden node 11 (pool=12)
2026-08-15 02:12:53,430 [DEBUG] cnn_neat: Added edge 3→6 (from 25 candidates)
2026-08-15 02:12:53,453 [DEBUG] cnn_neat: Added edge 10→8 (from 41 candidates)
2026-08-15 02:12:53,466 [DEBUG] cnn_neat: Removed hidden node 5 (pool=8)
2026-08-15 02:12:53,475 [DEBUG] cnn_neat: Removed edge 8→1 (from 7 candidates)
2026-08-15 02:12:53,492 [DEBUG] cnn_neat: Removed 3 edges (requested 3)
2026-08-15 02:12:53,509 [DEBUG] cnn_neat: Split edge 2→1, new hidden node 12 (pool=4)
2026-08-15 02:12:53,524 [DEBUG] cnn_neat: Split edge 5→3, new hidden node 12 (pool=12)
2026-08-15 02:12:53,843 [DEBUG] cnn_neat: Split edge 2→7, new hidden node 11 (pool=8)
2026-08-15 02:12:53,856 [DEBUG] cnn_neat: Added edge 5→3 (from 21 candidates)
2026-08-15 02:12:53,877 [DEBUG] cnn_neat: Removed hidden node 3 (pool=7)
2026-08-15 02:12:53,881 [DEBUG] cnn_neat: Removed edge 2→1 (from 12 candidates)
2026-08-15 02:12:53,894 [DEBUG] cnn_neat: Removed 3 edges (requested 3)
2026-08-15 02:12:53,904 [DEBUG] cnn_neat: Split edge 8→7, new hidden node 11 (pool=8)
2026-08-15 02:12:53,918 [DEBUG] cnn_neat: Split edge 2→8, new hidden node 11 (pool=11)
2026-08-15 02:12:53,922 [DEBUG] cnn_neat: Added edge 5→3 (from 19 candidates)
2026-08-15 02:12:53,935 [DEBUG] cnn_neat: Removed hidden node 2 (pool=7)
2026-08-15 02:12:53,944 [DEBUG] cnn_neat: Removed edge 10→7 (from 15 candidates)
2026-08-15 02:12:54,014 [DEBUG] cnn_neat: Removed 3 edges (requested 3)
2026-08-15 02:12:54,029 [DEBUG] cnn_neat: Split edge 2→1, new hidden node 11 (pool=11)
2026-08-15 02:12:54,035 [DEBUG] cnn_neat: Split edge 8→7, new hidden node 11 (pool=7)
2026-08-15 02:12:54,395 [DEBUG] cnn_neat: Added edge 7→6 (from 23 candidates)
2026-08-15 02:12:54,408 [DEBUG] cnn_neat: Added edge 6→1 (from 24 candidates)
2026-08-15 02:12:54,421 [DEBUG] cnn_neat: Removed hidden node 5 (pool=8)
2026-08-15 02:12:54,428 [DEBUG] cnn_neat: Removed edge 2→1 (from 17 candidates)
2026-08-15 02:12:54,443 [DEBUG] cnn_neat: Removed 3 edges (requested 3)
2026-08-15 02:12:54,453 [DEBUG] cnn_neat: Split edge 0→8, new hidden node 11 (pool=15)
2026-08-15 02:12:54,467 [DEBUG] cnn_neat: Added edge 8→10 (from 23 candidates)
2026-08-15 02:12:54,487 [DEBUG] cnn_neat: Added edge 8→5 (from 21 candidates)
2026-08-15 02:12:54,509 [DEBUG] cnn_neat: Removed hidden node 5 (pool=8)
2026-08-15 02:12:54,518 [DEBUG] cnn_neat: Removed edge 2→8 (from 15 candidates)
2026-08-15 02:12:54,534 [DEBUG] cnn_neat: Removed 3 edges (requested 3)
2026-08-15 02:12:54,544 [DEBUG] cnn_neat: Split edge 2→3, new hidden node 11 (pool=9)
2026-08-15 02:12:54,558 [DEBUG] cnn_neat: Split edge 2→10, new hidden node 11 (pool=11)
2026-08-15 02:12:54,578 [DEBUG] cnn_neat: Added edge 3→6 (from 17 candidates)
2026-08-15 02:12:54,591 [DEBUG] cnn_neat: Removed hidden node 3 (pool=8)
2026-08-15 02:12:54,599 [DEBUG] cnn_neat: Removed edge 3→8 (from 19 candidates)
2026-08-15 02:12:54,615 [DEBUG] cnn_neat: Removed 3 edges (requested 3)
2026-08-15 02:12:54,637 [DEBUG] cnn_neat: Added edge 7→6 (from 16 candidates)
2026-08-15 02:12:54,644 [DEBUG] cnn_neat: Added edge 10→9 (from 20 candidates)
2026-08-15 02:12:54,658 [DEBUG] cnn_neat: Split edge 2→1, new hidden node 11 (pool=11)
2026-08-15 02:12:54,666 [DEBUG] cnn_neat: Added edge 10→5 (from 12 candidates)
2026-08-15 02:12:54,673 [DEBUG] cnn_neat: Saved generation 27
2026-08-15 02:12:54,769 [DEBUG] cnn_neat: Selected 25 elite individuals
2026-08-15 02:12:54,792 [DEBUG] cnn_neat: Removed hidden node 5 (pool=7)
2026-08-15 02:12:54,821 [DEBUG] cnn_neat: Removed edge 2→1 (from 16 candidates)
2026-08-15 02:12:54,935 [DEBUG] cnn_neat: Removed 3 edges (requested 3)
2026-08-15 02:12:54,979 [DEBUG] cnn_neat: Split edge 2→3, new hidden node 11 (pool=11)
2026-08-15 02:12:55,013 [DEBUG] cnn_neat: Split edge 3→8, new hidden node 11 (pool=16)
2026-08-15 02:12:55,030 [DEBUG] cnn_neat: Added edge 7→8 (from 12 candidates)
2026-08-15 02:12:55,062 [DEBUG] cnn_neat: Removed hidden node 3 (pool=7)
2026-08-15 02:12:55,075 [DEBUG] cnn_neat: Removed edge 2→9 (from 20 candidates)
2026-08-15 02:12:55,097 [DEBUG] cnn_neat: Removed 3 edges (requested 3)
2026-08-15 02:12:55,115 [DEBUG] cnn_neat: Split edge 0→3, new hidden node 11 (pool=17)
2026-08-15 02:12:55,128 [DEBUG] cnn_neat: Trimmed elite queue to 128 entries
2026-08-15 02:12:55,759 [DEBUG] cnn_neat: Added edge 5→11 (from 46 candidates)
2026-08-15 02:12:55,763 [DEBUG] cnn_neat: Added edge 8→7 (from 46 candidates)
2026-08-15 02:12:55,770 [DEBUG] cnn_neat: Removed hidden node 2 (pool=8)
2026-08-15 02:12:55,774 [DEBUG] cnn_neat: Removed edge 2→3 (from 6 candidates)
2026-08-15 02:12:55,778 [DEBUG] cnn_neat: Removed 3 edges (requested 3)
2026-08-15 02:12:55,784 [DEBUG] cnn_neat: Crossover rejected: union topology invalid (edges=34 nodes=18)
2026-08-15 02:12:55,790 [DEBUG] cnn_neat: Added edge 9→5 (from 46 candidates)
2026-08-15 02:12:55,794 [DEBUG] cnn_neat: Added edge 9→11 (from 46 candidates)
2026-08-15 02:12:55,798 [DEBUG] cnn_neat: Added edge 5→11 (from 37 candidates)
2026-08-15 02:12:55,802 [DEBUG] cnn_neat: Added edge 10→11 (from 32 candidates)
2026-08-15 02:12:55,806 [DEBUG] cnn_neat: Added edge 5→3 (from 31 candidates)
2026-08-15 02:12:55,811 [DEBUG] cnn_neat: Added edge 10→5 (from 26 candidates)
2026-08-15 02:12:55,821 [DEBUG] cnn_neat: Added edge 3→7 (from 27 candidates)
2026-08-15 02:12:55,826 [DEBUG] cnn_neat: Added edge 8→5 (from 27 candidates)
2026-08-15 02:12:55,834 [DEBUG] cnn_neat: Removed hidden node 7 (pool=8)
2026-08-15 02:12:55,838 [DEBUG] cnn_neat: Removed edge 5→1 (from 11 candidates)
2026-08-15 02:12:55,847 [DEBUG] cnn_neat: Removed 3 edges (requested 3)
2026-08-15 02:12:55,852 [DEBUG] cnn_neat: Crossover rejected: union topology invalid (edges=39 nodes=17)
2026-08-15 02:12:55,859 [DEBUG] cnn_neat: Added edge 5→9 (from 27 candidates)
2026-08-15 02:12:55,864 [DEBUG] cnn_neat: Added edge 6→9 (from 27 candidates)
2026-08-15 02:12:55,869 [DEBUG] cnn_neat: Added edge 8→5 (from 22 candidates)
2026-08-15 02:12:55,873 [DEBUG] cnn_neat: Added edge 5→9 (from 21 candidates)
2026-08-15 02:12:55,878 [DEBUG] cnn_neat: Added edge 7→9 (from 18 candidates)
2026-08-15 02:12:55,883 [DEBUG] cnn_neat: Added edge 2→5 (from 17 candidates)
2026-08-15 02:12:55,891 [DEBUG] cnn_neat: Added edge 3→5 (from 33 candidates)
2026-08-15 02:12:55,896 [DEBUG] cnn_neat: Added edge 7→11 (from 33 candidates)
2026-08-15 02:12:55,907 [DEBUG] cnn_neat: Removed hidden node 6 (pool=8)
2026-08-15 02:12:55,911 [DEBUG] cnn_neat: Removed edge 3→1 (from 11 candidates)
2026-08-15 02:12:55,919 [DEBUG] cnn_neat: Removed 3 edges (requested 3)
2026-08-15 02:12:55,926 [DEBUG] cnn_neat: Added edge 7→8 (from 44 candidates)
2026-08-15 02:12:55,931 [DEBUG] cnn_neat: Crossover rejected: union topology invalid (edges=35 nodes=17)
2026-08-15 02:12:55,937 [DEBUG] cnn_neat: Added edge 5→2 (from 33 candidates)
2026-08-15 02:12:55,941 [DEBUG] cnn_neat: Added edge 8→1 (from 33 candidates)
2026-08-15 02:12:55,947 [DEBUG] cnn_neat: Added edge 3→5 (from 32 candidates)
2026-08-15 02:12:55,951 [DEBUG] cnn_neat: Added edge 3→8 (from 26 candidates)
2026-08-15 02:12:55,955 [DEBUG] cnn_neat: Added edge 2→6 (from 24 candidates)
2026-08-15 02:12:55,960 [DEBUG] cnn_neat: Added edge 7→11 (from 23 candidates)
2026-08-15 02:12:55,964 [DEBUG] cnn_neat: Split edge 7→1, new hidden node 11 (pool=7)
2026-08-15 02:12:55,968 [DEBUG] cnn_neat: Added edge 5→8 (from 28 candidates)
2026-08-15 02:12:55,975 [DEBUG] cnn_neat: Removed hidden node 6 (pool=7)
2026-08-15 02:12:55,978 [DEBUG] cnn_neat: Removed edge 2→3 (from 10 candidates)
2026-08-15 02:12:55,985 [DEBUG] cnn_neat: Removed 3 edges (requested 3)
2026-08-15 02:12:55,990 [DEBUG] cnn_neat: Crossover rejected: union topology invalid (edges=36 nodes=17)
2026-08-15 02:12:55,994 [DEBUG] cnn_neat: Split edge 2→3, new hidden node 11 (pool=7)
2026-08-15 02:12:55,998 [DEBUG] cnn_neat: Added edge 8→2 (from 28 candidates)
2026-08-15 02:12:56,002 [DEBUG] cnn_neat: Added edge 5→10 (from 21 candidates)
2026-08-15 02:12:56,005 [DEBUG] cnn_neat: Added edge 2→5 (from 17 candidates)
2026-08-15 02:12:56,010 [DEBUG] cnn_neat: Added edge 7→2 (from 14 candidates)
2026-08-15 02:12:56,014 [DEBUG] cnn_neat: Added edge 7→3 (from 13 candidates)
2026-08-15 02:12:56,022 [DEBUG] cnn_neat: Added edge 10→8 (from 29 candidates)
2026-08-15 02:12:56,026 [DEBUG] cnn_neat: Added edge 8→10 (from 29 candidates)
2026-08-15 02:12:56,032 [DEBUG] cnn_neat: Removed hidden node 7 (pool=8)
2026-08-15 02:12:56,036 [DEBUG] cnn_neat: Removed edge 2→1 (from 12 candidates)
2026-08-15 02:12:56,043 [DEBUG] cnn_neat: Removed 3 edges (requested 3)
2026-08-15 02:12:56,048 [DEBUG] cnn_neat: Crossover rejected: union topology invalid (edges=39 nodes=18)
2026-08-15 02:12:56,054 [DEBUG] cnn_neat: Added edge 2→6 (from 29 candidates)
2026-08-15 02:12:56,060 [DEBUG] cnn_neat: Removed hidden node 8 (pool=8)
2026-08-15 02:12:56,064 [DEBUG] cnn_neat: Added edge 8→10 (from 29 candidates)
2026-08-15 02:12:56,068 [DEBUG] cnn_neat: Added edge 8→9 (from 26 candidates)
2026-08-15 02:12:56,072 [DEBUG] cnn_neat: Added edge 2→7 (from 25 candidates)
2026-08-15 02:12:56,077 [DEBUG] cnn_neat: Added edge 10→1 (from 24 candidates)
2026-08-15 02:12:56,081 [DEBUG] cnn_neat: Added edge 7→3 (from 23 candidates)
2026-08-15 02:12:56,089 [DEBUG] cnn_neat: Added edge 8→1 (from 28 candidates)
2026-08-15 02:12:56,093 [DEBUG] cnn_neat: Added edge 10→1 (from 28 candidates)
2026-08-15 02:12:56,099 [DEBUG] cnn_neat: Removed hidden node 10 (pool=8)
2026-08-15 02:12:56,104 [DEBUG] cnn_neat: Removed edge 8→7 (from 14 candidates)
2026-08-15 02:12:56,111 [DEBUG] cnn_neat: Removed 3 edges (requested 3)
2026-08-15 02:12:56,116 [DEBUG] cnn_neat: Crossover rejected: union topology invalid (edges=34 nodes=17)
2026-08-15 02:12:56,123 [DEBUG] cnn_neat: Added edge 3→7 (from 28 candidates)
2026-08-15 02:12:56,127 [DEBUG] cnn_neat: Added edge 8→1 (from 28 candidates)
2026-08-15 02:12:56,131 [DEBUG] cnn_neat: Added edge 8→5 (from 27 candidates)
2026-08-15 02:12:56,136 [DEBUG] cnn_neat: Added edge 9→1 (from 26 candidates)
2026-08-15 02:12:56,141 [DEBUG] cnn_neat: Added edge 5→6 (from 25 candidates)
2026-08-15 02:12:56,145 [DEBUG] cnn_neat: Added edge 7→3 (from 23 candidates)
2026-08-15 02:12:56,154 [DEBUG] cnn_neat: Added edge 7→10 (from 44 candidates)
2026-08-15 02:12:56,158 [DEBUG] cnn_neat: Added edge 10→7 (from 44 candidates)
2026-08-15 02:12:56,167 [DEBUG] cnn_neat: Removed hidden node 3 (pool=8)
2026-08-15 02:12:56,170 [DEBUG] cnn_neat: Removed edge 7→1 (from 8 candidates)
2026-08-15 02:12:56,178 [DEBUG] cnn_neat: Removed 3 edges (requested 3)
2026-08-15 02:12:56,183 [DEBUG] cnn_neat: Crossover rejected: union topology invalid (edges=35 nodes=18)
2026-08-15 02:12:56,188 [DEBUG] cnn_neat: Added edge 11→7 (from 44 candidates)
2026-08-15 02:12:56,194 [DEBUG] cnn_neat: Added edge 7→3 (from 44 candidates)
2026-08-15 02:12:56,197 [DEBUG] cnn_neat: Added edge 10→11 (from 42 candidates)
2026-08-15 02:12:56,202 [DEBUG] cnn_neat: Added edge 5→3 (from 39 candidates)
2026-08-15 02:12:56,207 [DEBUG] cnn_neat: Added edge 5→11 (from 37 candidates)
2026-08-15 02:12:56,211 [DEBUG] cnn_neat: Added edge 2→5 (from 34 candidates)
2026-08-15 02:12:56,220 [DEBUG] cnn_neat: Added edge 5→9 (from 32 candidates)
2026-08-15 02:12:56,224 [DEBUG] cnn_neat: Added edge 5→10 (from 32 candidates)
2026-08-15 02:12:56,230 [DEBUG] cnn_neat: Removed hidden node 10 (pool=8)
2026-08-15 02:12:56,234 [DEBUG] cnn_neat: Removed edge 7→6 (from 17 candidates)
2026-08-15 02:12:56,242 [DEBUG] cnn_neat: Removed 3 edges (requested 3)
2026-08-15 02:12:56,247 [DEBUG] cnn_neat: Crossover rejected: union topology invalid (edges=34 nodes=17)
2026-08-15 02:12:56,253 [DEBUG] cnn_neat: Added edge 2→7 (from 32 candidates)
2026-08-15 02:12:56,456 [DEBUG] cnn_neat: Added edge 5→11 (from 46 candidates)
2026-08-15 02:12:56,544 [DEBUG] cnn_neat: Removed hidden node 10 (pool=8)
2026-08-15 02:12:56,553 [DEBUG] cnn_neat: Removed edge 8→1 (from 6 candidates)
2026-08-15 02:12:56,569 [DEBUG] cnn_neat: Removed 3 edges (requested 3)
2026-08-15 02:12:56,579 [DEBUG] cnn_neat: Split edge 3→1, new hidden node 12 (pool=4)
2026-08-15 02:12:56,589 [DEBUG] cnn_neat: Split edge 0→2, new hidden node 12 (pool=1)
2026-08-15 02:12:56,598 [DEBUG] cnn_neat: Added edge 11→9 (from 36 candidates)
2026-08-15 02:12:56,624 [DEBUG] cnn_neat: Added edge 8→9 (from 27 candidates)
2026-08-15 02:12:56,645 [DEBUG] cnn_neat: Removed hidden node 8 (pool=8)
2026-08-15 02:12:56,659 [DEBUG] cnn_neat: Removed edge 3→8 (from 11 candidates)
2026-08-15 02:12:56,682 [DEBUG] cnn_neat: Removed 3 edges (requested 3)
2026-08-15 02:12:57,212 [DEBUG] cnn_neat: Split edge 0→3, new hidden node 11 (pool=5)
2026-08-15 02:12:57,241 [DEBUG] cnn_neat: Added edge 5→2 (from 32 candidates)
2026-08-15 02:12:57,294 [DEBUG] cnn_neat: Removed hidden node 7 (pool=7)
2026-08-15 02:12:57,320 [DEBUG] cnn_neat: Removed edge 10→3 (from 8 candidates)
2026-08-15 02:12:57,360 [DEBUG] cnn_neat: Removed 3 edges (requested 3)
2026-08-15 02:12:57,380 [DEBUG] cnn_neat: Split edge 0→3, new hidden node 11 (pool=5)
2026-08-15 02:12:57,395 [DEBUG] cnn_neat: Split edge 8→1, new hidden node 11 (pool=5)
2026-08-15 02:12:57,403 [DEBUG] cnn_neat: Split edge 2→1, new hidden node 11 (pool=3)
2026-08-15 02:12:57,484 [DEBUG] cnn_neat: Added edge 5→10 (from 33 candidates)
2026-08-15 02:12:57,518 [DEBUG] cnn_neat: Removed hidden node 7 (pool=8)
2026-08-15 02:12:57,525 [DEBUG] cnn_neat: Removed edge 2→3 (from 11 candidates)
2026-08-15 02:12:57,549 [DEBUG] cnn_neat: Removed 3 edges (requested 3)
2026-08-15 02:12:57,560 [DEBUG] cnn_neat: Split edge 2→3, new hidden node 12 (pool=4)
2026-08-15 02:12:57,574 [DEBUG] cnn_neat: Added edge 2→8 (from 26 candidates)
2026-08-15 02:12:57,586 [DEBUG] cnn_neat: Split edge 7→8, new hidden node 11 (pool=7)
2026-08-15 02:12:57,593 [DEBUG] cnn_neat: Added edge 2→6 (from 28 candidates)
2026-08-15 02:12:57,606 [DEBUG] cnn_neat: Removed hidden node 6 (pool=7)
2026-08-15 02:12:57,614 [DEBUG] cnn_neat: Removed edge 2→1 (from 10 candidates)
2026-08-15 02:12:57,627 [DEBUG] cnn_neat: Removed 3 edges (requested 3)
2026-08-15 02:12:57,636 [DEBUG] cnn_neat: Split edge 3→1, new hidden node 11 (pool=10)
2026-08-15 02:12:57,641 [DEBUG] cnn_neat: Split edge 3→1, new hidden node 11 (pool=6)
2026-08-15 02:12:57,656 [DEBUG] cnn_neat: Added edge 10→1 (from 29 candidates)
2026-08-15 02:12:57,672 [DEBUG] cnn_neat: Removed hidden node 5 (pool=8)
2026-08-15 02:12:57,680 [DEBUG] cnn_neat: Removed edge 2→9 (from 12 candidates)
2026-08-15 02:12:57,687 [DEBUG] cnn_neat: Removed 3 edges (requested 3)
2026-08-15 02:12:57,696 [DEBUG] cnn_neat: Split edge 2→9, new hidden node 11 (pool=9)
2026-08-15 02:12:57,702 [DEBUG] cnn_neat: Split edge 0→2, new hidden node 11 (pool=1)
2026-08-15 02:12:57,717 [DEBUG] cnn_neat: Added edge 10→1 (from 28 candidates)
2026-08-15 02:12:57,730 [DEBUG] cnn_neat: Removed hidden node 6 (pool=8)
2026-08-15 02:12:57,737 [DEBUG] cnn_neat: Removed edge 3→1 (from 14 candidates)
2026-08-15 02:12:57,747 [DEBUG] cnn_neat: Removed 3 edges (requested 3)
2026-08-15 02:12:57,754 [DEBUG] cnn_neat: Split edge 2→3, new hidden node 11 (pool=9)
2026-08-15 02:12:57,761 [DEBUG] cnn_neat: Split edge 0→2, new hidden node 11 (pool=1)
2026-08-15 02:12:57,763 [DEBUG] cnn_neat: Split edge 0→2, new hidden node 11 (pool=1)
2026-08-15 02:12:57,778 [DEBUG] cnn_neat: Added edge 7→2 (from 41 candidates)
2026-08-15 02:12:57,790 [DEBUG] cnn_neat: Removed hidden node 5 (pool=8)
2026-08-15 02:12:57,796 [DEBUG] cnn_neat: Removed edge 2→3 (from 9 candidates)
2026-08-15 02:12:57,808 [DEBUG] cnn_neat: Removed 3 edges (requested 3)
2026-08-15 02:12:57,824 [DEBUG] cnn_neat: Added edge 7→3 (from 37 candidates)
2026-08-15 02:12:57,831 [DEBUG] cnn_neat: Added edge 10→7 (from 42 candidates)
2026-08-15 02:12:57,837 [DEBUG] cnn_neat: Added edge 3→10 (from 45 candidates)
2026-08-15 02:12:57,850 [DEBUG] cnn_neat: Split edge 3→1, new hidden node 12 (pool=5)
2026-08-15 02:12:57,856 [DEBUG] cnn_neat: Added edge 10→8 (from 34 candidates)
2026-08-15 02:12:57,867 [DEBUG] cnn_neat: Removed hidden node 7 (pool=7)
2026-08-15 02:12:57,873 [DEBUG] cnn_neat: Removed edge 11→1 (from 8 candidates)
2026-08-15 02:12:57,886 [DEBUG] cnn_neat: Removed 3 edges (requested 3)
2026-08-15 02:12:57,895 [DEBUG] cnn_neat: Split edge 7→1, new hidden node 12 (pool=5)
2026-08-15 02:12:57,900 [DEBUG] cnn_neat: Split edge 3→1, new hidden node 12 (pool=5)
2026-08-15 02:12:57,903 [DEBUG] cnn_neat: Split edge 2→1, new hidden node 12 (pool=4)
2026-08-15 02:12:58,035 [DEBUG] cnn_neat: Added edge 3→11 (from 38 candidates)
2026-08-15 02:12:58,045 [DEBUG] cnn_neat: Removed hidden node 2 (pool=8)
2026-08-15 02:12:58,053 [DEBUG] cnn_neat: Removed edge 5→1 (from 10 candidates)
2026-08-15 02:12:58,074 [DEBUG] cnn_neat: Removed 3 edges (requested 3)
2026-08-15 02:12:58,079 [DEBUG] cnn_neat: Split edge 7→1, new hidden node 12 (pool=3)
2026-08-15 02:12:58,091 [DEBUG] cnn_neat: Added edge 8→2 (from 34 candidates)
2026-08-15 02:12:58,101 [DEBUG] cnn_neat: Added edge 3→6 (from 28 candidates)
2026-08-15 02:12:58,121 [DEBUG] cnn_neat: Added edge 3→7 (from 44 candidates)
2026-08-15 02:12:58,134 [DEBUG] cnn_neat: Removed hidden node 10 (pool=8)
2026-08-15 02:12:58,145 [DEBUG] cnn_neat: Removed edge 10→3 (from 8 candidates)
2026-08-15 02:12:58,165 [DEBUG] cnn_neat: Removed 3 edges (requested 3)
2026-08-15 02:12:58,175 [DEBUG] cnn_neat: Split edge 2→3, new hidden node 12 (pool=6)
2026-08-15 02:12:58,192 [DEBUG] cnn_neat: Added edge 8→1 (from 34 candidates)
2026-08-15 02:12:58,211 [DEBUG] cnn_neat: Split edge 2→3, new hidden node 11 (pool=6)
2026-08-15 02:12:58,223 [DEBUG] cnn_neat: Added edge 10→8 (from 28 candidates)
2026-08-15 02:12:58,234 [DEBUG] cnn_neat: Removed hidden node 2 (pool=7)
2026-08-15 02:12:58,551 [DEBUG] cnn_neat: Removed edge 10→6 (from 10 candidates)
2026-08-15 02:12:58,566 [DEBUG] cnn_neat: Split edge 8→1, new hidden node 11 (pool=7)
2026-08-15 02:12:58,580 [DEBUG] cnn_neat: Added edge 2→8 (from 23 candidates)
2026-08-15 02:12:58,604 [DEBUG] cnn_neat: Removed hidden node 10 (pool=6)
2026-08-15 02:12:58,618 [DEBUG] cnn_neat: Removed edge 5→1 (from 9 candidates)
2026-08-15 02:12:58,633 [DEBUG] cnn_neat: Removed 3 edges (requested 3)
2026-08-15 02:12:58,645 [DEBUG] cnn_neat: Split edge 7→1, new hidden node 11 (pool=8)
2026-08-15 02:12:58,651 [DEBUG] cnn_neat: Split edge 7→1, new hidden node 11 (pool=7)
2026-08-15 02:12:58,658 [DEBUG] cnn_neat: Split edge 7→1, new hidden node 11 (pool=4)
2026-08-15 02:12:58,684 [DEBUG] cnn_neat: Split edge 2→3, new hidden node 11 (pool=6)
2026-08-15 02:12:59,007 [DEBUG] cnn_neat: Added edge 3→7 (from 31 candidates)
2026-08-15 02:12:59,029 [DEBUG] cnn_neat: Removed hidden node 2 (pool=7)
2026-08-15 02:12:59,036 [DEBUG] cnn_neat: Split edge 2→1, new hidden node 11 (pool=6)
2026-08-15 02:12:59,046 [DEBUG] cnn_neat: Added edge 2→8 (from 34 candidates)
2026-08-15 02:12:59,060 [DEBUG] cnn_neat: Removed hidden node 8 (pool=7)
2026-08-15 02:12:59,068 [DEBUG] cnn_neat: Removed edge 5→1 (from 8 candidates)
2026-08-15 02:12:59,081 [DEBUG] cnn_neat: Removed 3 edges (requested 3)
2026-08-15 02:12:59,101 [DEBUG] cnn_neat: Split edge 7→1, new hidden node 11 (pool=7)
2026-08-15 02:12:59,115 [DEBUG] cnn_neat: Split edge 2→3, new hidden node 11 (pool=5)
2026-08-15 02:12:59,141 [DEBUG] cnn_neat: Split edge 8→1, new hidden node 11 (pool=6)
2026-08-15 02:12:59,154 [DEBUG] cnn_neat: Added edge 3→6 (from 31 candidates)
2026-08-15 02:12:59,178 [DEBUG] cnn_neat: Removed hidden node 7 (pool=7)
2026-08-15 02:12:59,189 [DEBUG] cnn_neat: Removed edge 8→1 (from 9 candidates)
2026-08-15 02:12:59,555 [DEBUG] cnn_neat: Removed 3 edges (requested 3)
2026-08-15 02:12:59,582 [DEBUG] cnn_neat: Added edge 3→8 (from 37 candidates)
2026-08-15 02:12:59,602 [DEBUG] cnn_neat: Removed hidden node 8 (pool=8)
2026-08-15 02:12:59,613 [DEBUG] cnn_neat: Removed edge 0→7 (from 15 candidates)
2026-08-15 02:12:59,625 [DEBUG] cnn_neat: Removed 3 edges (requested 3)
2026-08-15 02:12:59,651 [DEBUG] cnn_neat: Added edge 5→10 (from 31 candidates)
2026-08-15 02:12:59,666 [DEBUG] cnn_neat: Added edge 2→8 (from 34 candidates)
2026-08-15 02:12:59,669 [DEBUG] cnn_neat: Added edge 7→10 (from 34 candidates)
2026-08-15 02:12:59,698 [DEBUG] cnn_neat: Added edge 7→10 (from 32 candidates)
2026-08-15 02:12:59,711 [DEBUG] cnn_neat: Removed hidden node 2 (pool=8)
2026-08-15 02:12:59,714 [DEBUG] cnn_neat: Removed edge 3→9 (from 17 candidates)
2026-08-15 02:12:59,729 [DEBUG] cnn_neat: Removed 3 edges (requested 3)
2026-08-15 02:12:59,742 [DEBUG] cnn_neat: Split edge 7→3, new hidden node 11 (pool=6)
2026-08-15 02:13:00,064 [DEBUG] cnn_neat: Added edge 8→3 (from 23 candidates)
2026-08-15 02:13:00,077 [DEBUG] cnn_neat: Removed hidden node 5 (pool=8)
2026-08-15 02:13:00,086 [DEBUG] cnn_neat: Removed edge 2→8 (from 17 candidates)
2026-08-15 02:13:00,106 [DEBUG] cnn_neat: Removed 3 edges (requested 3)
2026-08-15 02:13:00,115 [DEBUG] cnn_neat: Split edge 8→7, new hidden node 11 (pool=14)
2026-08-15 02:13:00,130 [DEBUG] cnn_neat: Added edge 2→5 (from 21 candidates)
2026-08-15 02:13:00,144 [DEBUG] cnn_neat: Split edge 8→1, new hidden node 11 (pool=11)
2026-08-15 02:13:00,148 [DEBUG] cnn_neat: Added edge 6→1 (from 17 candidates)
2026-08-15 02:13:00,201 [DEBUG] cnn_neat: Removed hidden node 2 (pool=7)
2026-08-15 02:13:00,337 [DEBUG] cnn_neat: Removed edge 10→7 (from 16 candidates)
2026-08-15 02:13:00,344 [DEBUG] cnn_neat: Removed 3 edges (requested 3)
2026-08-15 02:13:00,353 [DEBUG] cnn_neat: Split edge 2→7, new hidden node 11 (pool=11)
2026-08-15 02:13:00,360 [DEBUG] cnn_neat: Split edge 2→1, new hidden node 11 (pool=5)
2026-08-15 02:13:00,376 [DEBUG] cnn_neat: Added edge 5→2 (from 29 candidates)
2026-08-15 02:13:00,388 [DEBUG] cnn_neat: Removed hidden node 10 (pool=7)
2026-08-15 02:13:00,732 [DEBUG] cnn_neat: Removed edge 0→3 (from 9 candidates)
2026-08-15 02:13:00,746 [DEBUG] cnn_neat: Added edge 3→7 (from 36 candidates)
2026-08-15 02:13:00,757 [DEBUG] cnn_neat: Removed hidden node 2 (pool=8)
2026-08-15 02:13:00,763 [DEBUG] cnn_neat: Removed edge 2→11 (from 12 candidates)
2026-08-15 02:13:00,775 [DEBUG] cnn_neat: Removed 3 edges (requested 3)
2026-08-15 02:13:00,793 [DEBUG] cnn_neat: Added edge 11→6 (from 26 candidates)
2026-08-15 02:13:00,799 [DEBUG] cnn_neat: Added edge 10→7 (from 42 candidates)
2026-08-15 02:13:00,812 [DEBUG] cnn_neat: Removed hidden node 2 (pool=8)
2026-08-15 02:13:00,821 [DEBUG] cnn_neat: Removed hidden node 7 (pool=8)
2026-08-15 02:13:00,835 [DEBUG] cnn_neat: Added edge 8→9 (from 27 candidates)
2026-08-15 02:13:00,845 [DEBUG] cnn_neat: Removed hidden node 5 (pool=8)
2026-08-15 02:13:00,854 [DEBUG] cnn_neat: Removed edge 9→6 (from 14 candidates)
2026-08-15 02:13:00,866 [DEBUG] cnn_neat: Removed 3 edges (requested 3)
2026-08-15 02:13:00,871 [DEBUG] cnn_neat: Split edge 0→7, new hidden node 11 (pool=11)
2026-08-15 02:13:00,880 [DEBUG] cnn_neat: Added edge 8→3 (from 18 candidates)
2026-08-15 02:13:00,887 [DEBUG] cnn_neat: Added edge 6→3 (from 33 candidates)
2026-08-15 02:13:00,900 [DEBUG] cnn_neat: Removed hidden node 2 (pool=7)
2026-08-15 02:13:00,909 [DEBUG] cnn_neat: Split edge 2→3, new hidden node 12 (pool=4)
2026-08-15 02:13:00,915 [DEBUG] cnn_neat: Added edge 8→10 (from 32 candidates)
2026-08-15 02:13:00,926 [DEBUG] cnn_neat: Removed hidden node 5 (pool=7)
2026-08-15 02:13:00,932 [DEBUG] cnn_neat: Removed edge 5→3 (from 8 candidates)
2026-08-15 02:13:00,944 [DEBUG] cnn_neat: Removed 3 edges (requested 3)
2026-08-15 02:13:00,955 [DEBUG] cnn_neat: Saved generation 28
2026-08-15 02:13:01,047 [DEBUG] cnn_neat: Selected 25 elite individuals
2026-08-15 02:13:01,051 [DEBUG] cnn_neat: Split edge 3→1, new hidden node 12 (pool=4)
2026-08-15 02:13:01,107 [DEBUG] cnn_neat: Added edge 3→7 (from 30 candidates)
2026-08-15 02:13:01,206 [DEBUG] cnn_neat: Removed hidden node 9 (pool=8)
2026-08-15 02:13:01,228 [DEBUG] cnn_neat: Removed edge 2→1 (from 13 candidates)
2026-08-15 02:13:01,258 [DEBUG] cnn_neat: Removed 3 edges (requested 3)
2026-08-15 02:13:01,284 [DEBUG] cnn_neat: Split edge 0→8, new hidden node 11 (pool=1)
2026-08-15 02:13:01,304 [DEBUG] cnn_neat: Added edge 10→9 (from 26 candidates)
2026-08-15 02:13:01,314 [DEBUG] cnn_neat: Added edge 8→9 (from 31 candidates)
2026-08-15 02:13:01,335 [DEBUG] cnn_neat: Added edge 2→6 (from 30 candidates)
2026-08-15 02:13:01,354 [DEBUG] cnn_neat: Removed hidden node 8 (pool=8)
2026-08-15 02:13:01,363 [DEBUG] cnn_neat: Trimmed elite queue to 128 entries
2026-08-15 02:13:01,975 [DEBUG] cnn_neat: Removed edge 8→7 (from 12 candidates)
2026-08-15 02:13:01,991 [DEBUG] cnn_neat: Split edge 7→8, new hidden node 11 (pool=7)
2026-08-15 02:13:01,995 [DEBUG] cnn_neat: Added edge 2→7 (from 25 candidates)
2026-08-15 02:13:02,003 [DEBUG] cnn_neat: Removed hidden node 6 (pool=7)
2026-08-15 02:13:02,007 [DEBUG] cnn_neat: Removed edge 7→1 (from 11 candidates)
2026-08-15 02:13:02,013 [DEBUG] cnn_neat: Removed 3 edges (requested 3)
2026-08-15 02:13:02,018 [DEBUG] cnn_neat: Crossover rejected: union topology invalid (edges=30 nodes=15)
2026-08-15 02:13:02,022 [DEBUG] cnn_neat: Split edge 3→1, new hidden node 11 (pool=7)
2026-08-15 02:13:02,026 [DEBUG] cnn_neat: Added edge 3→7 (from 25 candidates)
2026-08-15 02:13:02,029 [DEBUG] cnn_neat: Added edge 3→5 (from 14 candidates)
2026-08-15 02:13:02,033 [DEBUG] cnn_neat: Added edge 7→6 (from 13 candidates)
2026-08-15 02:13:02,037 [DEBUG] cnn_neat: Added edge 10→7 (from 12 candidates)
2026-08-15 02:13:02,041 [DEBUG] cnn_neat: Added edge 6→1 (from 11 candidates)
2026-08-15 02:13:02,050 [DEBUG] cnn_neat: Added edge 5→9 (from 23 candidates)
2026-08-15 02:13:02,053 [DEBUG] cnn_neat: Added edge 8→3 (from 23 candidates)
2026-08-15 02:13:02,060 [DEBUG] cnn_neat: Removed hidden node 3 (pool=8)
2026-08-15 02:13:02,063 [DEBUG] cnn_neat: Removed edge 3→1 (from 15 candidates)
2026-08-15 02:13:02,070 [DEBUG] cnn_neat: Removed 3 edges (requested 3)
2026-08-15 02:13:02,076 [DEBUG] cnn_neat: Crossover rejected: union topology invalid (edges=40 nodes=18)
2026-08-15 02:13:02,081 [DEBUG] cnn_neat: Added edge 3→8 (from 23 candidates)
2026-08-15 02:13:02,086 [DEBUG] cnn_neat: Added edge 2→5 (from 23 candidates)
2026-08-15 02:13:02,089 [DEBUG] cnn_neat: Added edge 3→6 (from 22 candidates)
2026-08-15 02:13:02,093 [DEBUG] cnn_neat: Added edge 8→5 (from 21 candidates)
2026-08-15 02:13:02,097 [DEBUG] cnn_neat: Added edge 3→9 (from 20 candidates)
2026-08-15 02:13:02,101 [DEBUG] cnn_neat: Added edge 3→8 (from 19 candidates)
2026-08-15 02:13:02,111 [DEBUG] cnn_neat: Added edge 6→1 (from 20 candidates)
2026-08-15 02:13:02,115 [DEBUG] cnn_neat: Added edge 3→6 (from 20 candidates)
2026-08-15 02:13:02,122 [DEBUG] cnn_neat: Removed hidden node 5 (pool=8)
2026-08-15 02:13:02,127 [DEBUG] cnn_neat: Removed edge 10→3 (from 12 candidates)
2026-08-15 02:13:02,134 [DEBUG] cnn_neat: Removed 3 edges (requested 3)
2026-08-15 02:13:02,140 [DEBUG] cnn_neat: Crossover rejected: union topology invalid (edges=36 nodes=17)
2026-08-15 02:13:02,146 [DEBUG] cnn_neat: Added edge 8→9 (from 20 candidates)
2026-08-15 02:13:02,151 [DEBUG] cnn_neat: Added edge 8→9 (from 20 candidates)
2026-08-15 02:13:02,155 [DEBUG] cnn_neat: Added edge 6→1 (from 19 candidates)
2026-08-15 02:13:02,159 [DEBUG] cnn_neat: Added edge 2→7 (from 18 candidates)
2026-08-15 02:13:02,164 [DEBUG] cnn_neat: Added edge 6→9 (from 17 candidates)
2026-08-15 02:13:02,169 [DEBUG] cnn_neat: Added edge 9→1 (from 16 candidates)
2026-08-15 02:13:02,173 [DEBUG] cnn_neat: Split edge 2→1, new hidden node 12 (pool=5)
2026-08-15 02:13:02,177 [DEBUG] cnn_neat: Added edge 2→11 (from 26 candidates)
2026-08-15 02:13:02,184 [DEBUG] cnn_neat: Removed hidden node 2 (pool=7)
2026-08-15 02:13:02,188 [DEBUG] cnn_neat: Removed edge 3→1 (from 10 candidates)
2026-08-15 02:13:02,194 [DEBUG] cnn_neat: Removed 3 edges (requested 3)
2026-08-15 02:13:02,199 [DEBUG] cnn_neat: Crossover rejected: union topology invalid (edges=33 nodes=17)
2026-08-15 02:13:02,203 [DEBUG] cnn_neat: Split edge 2→1, new hidden node 12 (pool=5)
2026-08-15 02:13:02,207 [DEBUG] cnn_neat: Added edge 7→8 (from 39 candidates)
2026-08-15 02:13:02,213 [DEBUG] cnn_neat: Added edge 3→11 (from 26 candidates)
2026-08-15 02:13:02,217 [DEBUG] cnn_neat: Added edge 10→11 (from 24 candidates)
2026-08-15 02:13:02,221 [DEBUG] cnn_neat: Added edge 10→7 (from 23 candidates)
2026-08-15 02:13:02,225 [DEBUG] cnn_neat: Added edge 8→3 (from 18 candidates)
2026-08-15 02:13:02,230 [DEBUG] cnn_neat: Added edge 2→11 (from 16 candidates)
2026-08-15 02:13:02,234 [DEBUG] cnn_neat: Split edge 7→1, new hidden node 11 (pool=8)
2026-08-15 02:13:02,238 [DEBUG] cnn_neat: Added edge 8→5 (from 21 candidates)
2026-08-15 02:13:02,243 [DEBUG] cnn_neat: Removed hidden node 3 (pool=6)
2026-08-15 02:13:02,246 [DEBUG] cnn_neat: Removed edge 8→1 (from 10 candidates)
2026-08-15 02:13:02,252 [DEBUG] cnn_neat: Removed 3 edges (requested 3)
2026-08-15 02:13:02,256 [DEBUG] cnn_neat: Crossover rejected: union topology invalid (edges=31 nodes=16)
2026-08-15 02:13:02,259 [DEBUG] cnn_neat: Split edge 7→1, new hidden node 11 (pool=8)
2026-08-15 02:13:02,263 [DEBUG] cnn_neat: Added edge 8→2 (from 32 candidates)
2026-08-15 02:13:02,267 [DEBUG] cnn_neat: Added edge 5→3 (from 21 candidates)
2026-08-15 02:13:02,271 [DEBUG] cnn_neat: Added edge 3→8 (from 18 candidates)
2026-08-15 02:13:02,275 [DEBUG] cnn_neat: Added edge 10→7 (from 13 candidates)
2026-08-15 02:13:02,279 [DEBUG] cnn_neat: Added edge 10→5 (from 8 candidates)
2026-08-15 02:13:02,283 [DEBUG] cnn_neat: Added edge 2→7 (from 7 candidates)
2026-08-15 02:13:02,290 [DEBUG] cnn_neat: Added edge 5→9 (from 27 candidates)
2026-08-15 02:13:02,295 [DEBUG] cnn_neat: Added edge 2→7 (from 27 candidates)
2026-08-15 02:13:02,301 [DEBUG] cnn_neat: Removed hidden node 10 (pool=8)
2026-08-15 02:13:02,305 [DEBUG] cnn_neat: Removed edge 10→3 (from 13 candidates)
2026-08-15 02:13:02,311 [DEBUG] cnn_neat: Removed 3 edges (requested 3)
2026-08-15 02:13:02,317 [DEBUG] cnn_neat: Crossover rejected: union topology invalid (edges=40 nodes=18)
2026-08-15 02:13:02,322 [DEBUG] cnn_neat: Added edge 3→8 (from 27 candidates)
2026-08-15 02:13:02,327 [DEBUG] cnn_neat: Added edge 6→1 (from 27 candidates)
2026-08-15 02:13:02,332 [DEBUG] cnn_neat: Added edge 8→5 (from 26 candidates)
2026-08-15 02:13:02,337 [DEBUG] cnn_neat: Added edge 6→3 (from 25 candidates)
2026-08-15 02:13:02,342 [DEBUG] cnn_neat: Added edge 5→3 (from 20 candidates)
2026-08-15 02:13:02,347 [DEBUG] cnn_neat: Added edge 9→5 (from 18 candidates)
2026-08-15 02:13:02,358 [DEBUG] cnn_neat: Added edge 2→8 (from 22 candidates)
2026-08-15 02:13:02,363 [DEBUG] cnn_neat: Added edge 8→5 (from 22 candidates)
2026-08-15 02:13:02,370 [DEBUG] cnn_neat: Removed hidden node 5 (pool=8)
2026-08-15 02:13:02,374 [DEBUG] cnn_neat: Removed edge 7→1 (from 20 candidates)
2026-08-15 02:13:02,384 [DEBUG] cnn_neat: Removed 3 edges (requested 3)
2026-08-15 02:13:02,389 [DEBUG] cnn_neat: Crossover rejected: union topology invalid (edges=40 nodes=17)
2026-08-15 02:13:02,397 [DEBUG] cnn_neat: Added edge 3→7 (from 22 candidates)
2026-08-15 02:13:02,402 [DEBUG] cnn_neat: Added edge 10→1 (from 22 candidates)
2026-08-15 02:13:02,407 [DEBUG] cnn_neat: Added edge 3→7 (from 21 candidates)
2026-08-15 02:13:02,412 [DEBUG] cnn_neat: Added edge 2→5 (from 17 candidates)
2026-08-15 02:13:02,416 [DEBUG] cnn_neat: Added edge 2→8 (from 16 candidates)
2026-08-15 02:13:02,423 [DEBUG] cnn_neat: Added edge 3→11 (from 15 candidates)
2026-08-15 02:13:02,427 [DEBUG] cnn_neat: Split edge 2→1, new hidden node 11 (pool=10)
2026-08-15 02:13:02,430 [DEBUG] cnn_neat: Added edge 10→8 (from 31 candidates)
2026-08-15 02:13:02,436 [DEBUG] cnn_neat: Removed hidden node 10 (pool=7)
2026-08-15 02:13:02,440 [DEBUG] cnn_neat: Removed edge 2→3 (from 12 candidates)
2026-08-15 02:13:02,445 [DEBUG] cnn_neat: Removed 3 edges (requested 3)
2026-08-15 02:13:02,450 [DEBUG] cnn_neat: Crossover rejected: union topology invalid (edges=34 nodes=17)
2026-08-15 02:13:02,454 [DEBUG] cnn_neat: Split edge 7→3, new hidden node 11 (pool=10)
2026-08-15 02:13:02,458 [DEBUG] cnn_neat: Added edge 3→5 (from 31 candidates)
2026-08-15 02:13:02,462 [DEBUG] cnn_neat: Added edge 10→9 (from 28 candidates)
2026-08-15 02:13:02,466 [DEBUG] cnn_neat: Added edge 7→9 (from 26 candidates)
2026-08-15 02:13:02,469 [DEBUG] cnn_neat: Added edge 8→10 (from 24 candidates)
2026-08-15 02:13:02,473 [DEBUG] cnn_neat: Added edge 3→9 (from 19 candidates)
2026-08-15 02:13:02,482 [DEBUG] cnn_neat: Added edge 5→10 (from 33 candidates)
2026-08-15 02:13:02,623 [DEBUG] cnn_neat: Split edge 3→1, new hidden node 11 (pool=7)
2026-08-15 02:13:02,754 [DEBUG] cnn_neat: Added edge 10→7 (from 25 candidates)
2026-08-15 02:13:02,780 [DEBUG] cnn_neat: Removed hidden node 3 (pool=7)
2026-08-15 02:13:02,789 [DEBUG] cnn_neat: Removed edge 2→3 (from 11 candidates)
2026-08-15 02:13:02,808 [DEBUG] cnn_neat: Removed 3 edges (requested 3)
2026-08-15 02:13:02,818 [DEBUG] cnn_neat: Split edge 2→3, new hidden node 11 (pool=7)
2026-08-15 02:13:02,825 [DEBUG] cnn_neat: Split edge 7→8, new hidden node 11 (pool=4)
2026-08-15 02:13:02,847 [DEBUG] cnn_neat: Added edge 8→3 (from 23 candidates)
2026-08-15 02:13:02,862 [DEBUG] cnn_neat: Removed hidden node 7 (pool=8)
2026-08-15 02:13:02,872 [DEBUG] cnn_neat: Removed edge 10→7 (from 15 candidates)
2026-08-15 02:13:02,889 [DEBUG] cnn_neat: Removed 3 edges (requested 3)
2026-08-15 02:13:02,895 [DEBUG] cnn_neat: Split edge 2→8, new hidden node 11 (pool=8)
2026-08-15 02:13:02,909 [DEBUG] cnn_neat: Added edge 8→1 (from 26 candidates)
2026-08-15 02:13:02,918 [DEBUG] cnn_neat: Added edge 5→6 (from 24 candidates)
2026-08-15 02:13:03,428 [DEBUG] cnn_neat: Added edge 8→5 (from 27 candidates)
2026-08-15 02:13:03,491 [DEBUG] cnn_neat: Removed hidden node 6 (pool=8)
2026-08-15 02:13:03,519 [DEBUG] cnn_neat: Removed edge 5→1 (from 11 candidates)
2026-08-15 02:13:03,575 [DEBUG] cnn_neat: Removed 3 edges (requested 3)
2026-08-15 02:13:03,612 [DEBUG] cnn_neat: Split edge 2→3, new hidden node 11 (pool=9)
2026-08-15 02:13:03,658 [DEBUG] cnn_neat: Added edge 8→5 (from 20 candidates)
2026-08-15 02:13:03,673 [DEBUG] cnn_neat: Added edge 6→10 (from 38 candidates)
2026-08-15 02:13:03,706 [DEBUG] cnn_neat: Removed hidden node 8 (pool=7)
2026-08-15 02:13:03,737 [DEBUG] cnn_neat: Added edge 10→8 (from 20 candidates)
2026-08-15 02:13:03,751 [DEBUG] cnn_neat: Removed hidden node 10 (pool=8)
2026-08-15 02:13:03,759 [DEBUG] cnn_neat: Removed edge 3→8 (from 12 candidates)
2026-08-15 02:13:03,774 [DEBUG] cnn_neat: Removed 3 edges (requested 3)
2026-08-15 02:13:03,785 [DEBUG] cnn_neat: Split edge 2→1, new hidden node 10 (pool=8)
2026-08-15 02:13:03,795 [DEBUG] cnn_neat: Split edge 0→8, new hidden node 11 (pool=1)
2026-08-15 02:13:03,808 [DEBUG] cnn_neat: Split edge 3→1, new hidden node 11 (pool=5)
2026-08-15 02:13:03,816 [DEBUG] cnn_neat: Added edge 2→5 (from 32 candidates)
2026-08-15 02:13:03,828 [DEBUG] cnn_neat: Removed hidden node 10 (pool=7)
2026-08-15 02:13:03,834 [DEBUG] cnn_neat: Removed edge 2→3 (from 8 candidates)
2026-08-15 02:13:03,844 [DEBUG] cnn_neat: Removed 3 edges (requested 3)
2026-08-15 02:13:03,850 [DEBUG] cnn_neat: Split edge 0→3, new hidden node 11 (pool=8)
2026-08-15 02:13:03,856 [DEBUG] cnn_neat: Split edge 8→1, new hidden node 11 (pool=4)
2026-08-15 02:13:03,859 [DEBUG] cnn_neat: Split edge 0→8, new hidden node 11 (pool=3)
2026-08-15 02:13:03,876 [DEBUG] cnn_neat: Added edge 10→5 (from 33 candidates)
2026-08-15 02:13:03,888 [DEBUG] cnn_neat: Removed hidden node 7 (pool=8)
2026-08-15 02:13:03,894 [DEBUG] cnn_neat: Removed edge 3→1 (from 11 candidates)
2026-08-15 02:13:03,907 [DEBUG] cnn_neat: Removed 3 edges (requested 3)
2026-08-15 02:13:03,921 [DEBUG] cnn_neat: Added edge 2→6 (from 30 candidates)
2026-08-15 02:13:03,927 [DEBUG] cnn_neat: Added edge 3→6 (from 37 candidates)
2026-08-15 02:13:03,938 [DEBUG] cnn_neat: Removed hidden node 2 (pool=8)
2026-08-15 02:13:03,946 [DEBUG] cnn_neat: Removed hidden node 11 (pool=8)
2026-08-15 02:13:03,958 [DEBUG] cnn_neat: Split edge 0→3, new hidden node 12 (pool=5)
2026-08-15 02:13:03,965 [DEBUG] cnn_neat: Added edge 2→5 (from 26 candidates)
2026-08-15 02:13:03,977 [DEBUG] cnn_neat: Removed hidden node 7 (pool=7)
2026-08-15 02:13:03,984 [DEBUG] cnn_neat: Removed edge 2→3 (from 10 candidates)
2026-08-15 02:13:03,996 [DEBUG] cnn_neat: Removed 3 edges (requested 3)
2026-08-15 02:13:04,007 [DEBUG] cnn_neat: Split edge 2→1, new hidden node 12 (pool=8)
2026-08-15 02:13:04,020 [DEBUG] cnn_neat: Split edge 8→1, new hidden node 11 (pool=7)
2026-08-15 02:13:04,028 [DEBUG] cnn_neat: Added edge 5→8 (from 28 candidates)
2026-08-15 02:13:04,042 [DEBUG] cnn_neat: Removed hidden node 3 (pool=7)
2026-08-15 02:13:04,049 [DEBUG] cnn_neat: Removed edge 2→3 (from 10 candidates)
2026-08-15 02:13:04,064 [DEBUG] cnn_neat: Removed 3 edges (requested 3)
2026-08-15 02:13:04,073 [DEBUG] cnn_neat: Split edge 7→1, new hidden node 11 (pool=4)
2026-08-15 02:13:04,086 [DEBUG] cnn_neat: Added edge 8→10 (from 40 candidates)
2026-08-15 02:13:04,091 [DEBUG] cnn_neat: Added edge 2→6 (from 23 candidates)
2026-08-15 02:13:04,184 [DEBUG] cnn_neat: Added edge 9→1 (from 46 candidates)
2026-08-15 02:13:04,196 [DEBUG] cnn_neat: Removed hidden node 5 (pool=8)
2026-08-15 02:13:04,206 [DEBUG] cnn_neat: Removed edge 8→1 (from 6 candidates)
2026-08-15 02:13:04,219 [DEBUG] cnn_neat: Removed 3 edges (requested 3)
2026-08-15 02:13:04,234 [DEBUG] cnn_neat: Added edge 2→8 (from 45 candidates)
2026-08-15 02:13:04,256 [DEBUG] cnn_neat: Removed hidden node 7 (pool=8)
2026-08-15 02:13:04,276 [DEBUG] cnn_neat: Removed edge 2→3 (from 7 candidates)
2026-08-15 02:13:04,289 [DEBUG] cnn_neat: Added edge 8→9 (from 43 candidates)
2026-08-15 02:13:04,293 [DEBUG] cnn_neat: Split edge 2→1, new hidden node 12 (pool=3)
2026-08-15 02:13:04,313 [DEBUG] cnn_neat: Added edge 7→6 (from 29 candidates)
2026-08-15 02:13:04,335 [DEBUG] cnn_neat: Removed hidden node 9 (pool=8)
2026-08-15 02:13:04,652 [DEBUG] cnn_neat: Removed edge 2→1 (from 12 candidates)
2026-08-15 02:13:04,673 [DEBUG] cnn_neat: Added edge 9→1 (from 28 candidates)
2026-08-15 02:13:04,693 [DEBUG] cnn_neat: Removed hidden node 3 (pool=8)
2026-08-15 02:13:04,697 [DEBUG] cnn_neat: Removed edge 10→7 (from 14 candidates)
2026-08-15 02:13:04,711 [DEBUG] cnn_neat: Removed 3 edges (requested 3)
2026-08-15 02:13:04,731 [DEBUG] cnn_neat: Added edge 10→5 (from 27 candidates)
2026-08-15 02:13:04,741 [DEBUG] cnn_neat: Added edge 5→6 (from 32 candidates)
2026-08-15 02:13:04,752 [DEBUG] cnn_neat: Added edge 8→2 (from 36 candidates)
2026-08-15 02:13:04,767 [DEBUG] cnn_neat: Split edge 7→8, new hidden node 11 (pool=8)
2026-08-15 02:13:04,776 [DEBUG] cnn_neat: Added edge 3→7 (from 21 candidates)
2026-08-15 02:13:04,798 [DEBUG] cnn_neat: Removed hidden node 3 (pool=6)
2026-08-15 02:13:04,806 [DEBUG] cnn_neat: Removed edge 7→1 (from 10 candidates)
2026-08-15 02:13:04,815 [DEBUG] cnn_neat: Removed 3 edges (requested 3)
2026-08-15 02:13:04,822 [DEBUG] cnn_neat: Split edge 0→8, new hidden node 12 (pool=7)
2026-08-15 02:13:05,138 [DEBUG] cnn_neat: Split edge 2→1, new hidden node 11 (pool=9)
2026-08-15 02:13:05,167 [DEBUG] cnn_neat: Added edge 6→3 (from 41 candidates)
2026-08-15 02:13:05,181 [DEBUG] cnn_neat: Removed hidden node 10 (pool=8)
2026-08-15 02:13:05,196 [DEBUG] cnn_neat: Removed edge 5→6 (from 9 candidates)
2026-08-15 02:13:05,216 [DEBUG] cnn_neat: Removed 3 edges (requested 3)
2026-08-15 02:13:05,226 [DEBUG] cnn_neat: Split edge 0→2, new hidden node 12 (pool=1)
2026-08-15 02:13:05,235 [DEBUG] cnn_neat: Added edge 6→11 (from 46 candidates)
2026-08-15 02:13:05,239 [DEBUG] cnn_neat: Split edge 0→8, new hidden node 13 (pool=9)
2026-08-15 02:13:05,246 [DEBUG] cnn_neat: Removed hidden node 2 (pool=8)
2026-08-15 02:13:05,256 [DEBUG] cnn_neat: Added edge 11→5 (from 51 candidates)
2026-08-15 02:13:05,272 [DEBUG] cnn_neat: Split edge 0→3, new hidden node 12 (pool=5)
2026-08-15 02:13:05,285 [DEBUG] cnn_neat: Added edge 8→3 (from 34 candidates)
2026-08-15 02:13:05,613 [DEBUG] cnn_neat: Removed hidden node 8 (pool=7)
2026-08-15 02:13:05,618 [DEBUG] cnn_neat: Removed edge 7→1 (from 8 candidates)
2026-08-15 02:13:05,645 [DEBUG] cnn_neat: Added edge 10→5 (from 38 candidates)
2026-08-15 02:13:05,704 [DEBUG] cnn_neat: Removed hidden node 3 (pool=8)
2026-08-15 02:13:05,708 [DEBUG] cnn_neat: Removed edge 2→1 (from 10 candidates)
2026-08-15 02:13:05,722 [DEBUG] cnn_neat: Removed 3 edges (requested 3)
2026-08-15 02:13:05,746 [DEBUG] cnn_neat: Added edge 10→8 (from 33 candidates)
2026-08-15 02:13:05,749 [DEBUG] cnn_neat: Added edge 3→5 (from 39 candidates)
2026-08-15 02:13:05,753 [DEBUG] cnn_neat: Added edge 11→6 (from 43 candidates)
2026-08-15 02:13:05,770 [DEBUG] cnn_neat: Removed hidden node 3 (pool=8)
2026-08-15 02:13:05,798 [DEBUG] cnn_neat: Added edge 7→10 (from 44 candidates)
2026-08-15 02:13:05,809 [DEBUG] cnn_neat: Removed hidden node 6 (pool=8)
2026-08-15 02:13:05,812 [DEBUG] cnn_neat: Removed edge 5→1 (from 8 candidates)
2026-08-15 02:13:05,828 [DEBUG] cnn_neat: Removed 3 edges (requested 3)
2026-08-15 02:13:05,846 [DEBUG] cnn_neat: Added edge 10→8 (from 45 candidates)
2026-08-15 02:13:05,857 [DEBUG] cnn_neat: Added edge 3→8 (from 48 candidates)
2026-08-15 02:13:06,195 [DEBUG] cnn_neat: Removed hidden node 6 (pool=8)
2026-08-15 02:13:06,212 [DEBUG] cnn_neat: Added edge 10→9 (from 27 candidates)
2026-08-15 02:13:06,225 [DEBUG] cnn_neat: Removed hidden node 10 (pool=8)
2026-08-15 02:13:06,234 [DEBUG] cnn_neat: Removed edge 8→7 (from 13 candidates)
2026-08-15 02:13:06,246 [DEBUG] cnn_neat: Removed 3 edges (requested 3)
2026-08-15 02:13:06,261 [DEBUG] cnn_neat: Added edge 5→6 (from 26 candidates)
2026-08-15 02:13:06,264 [DEBUG] cnn_neat: Added edge 3→6 (from 31 candidates)
2026-08-15 02:13:06,275 [DEBUG] cnn_neat: Added edge 2→7 (from 34 candidates)
2026-08-15 02:13:06,291 [DEBUG] cnn_neat: Added edge 3→6 (from 22 candidates)
2026-08-15 02:13:06,349 [DEBUG] cnn_neat: Removed hidden node 8 (pool=8)
2026-08-15 02:13:06,380 [DEBUG] cnn_neat: Removed edge 2→3 (from 20 candidates)
2026-08-15 02:13:06,399 [DEBUG] cnn_neat: Removed 3 edges (requested 3)
2026-08-15 02:13:06,762 [DEBUG] cnn_neat: Split edge 2→1, new hidden node 11 (pool=6)
2026-08-15 02:13:06,769 [DEBUG] cnn_neat: Added edge 2→6 (from 28 candidates)
2026-08-15 02:13:06,779 [DEBUG] cnn_neat: Removed hidden node 5 (pool=7)
2026-08-15 02:13:06,785 [DEBUG] cnn_neat: Removed edge 5→1 (from 10 candidates)
2026-08-15 02:13:06,796 [DEBUG] cnn_neat: Removed 3 edges (requested 3)
2026-08-15 02:13:06,805 [DEBUG] cnn_neat: Split edge 2→1, new hidden node 11 (pool=9)
2026-08-15 02:13:06,812 [DEBUG] cnn_neat: Split edge 7→1, new hidden node 11 (pool=4)
2026-08-15 02:13:06,819 [DEBUG] cnn_neat: Added edge 8→3 (from 27 candidates)
2026-08-15 02:13:06,824 [DEBUG] cnn_neat: Added edge 5→2 (from 33 candidates)
2026-08-15 02:13:06,836 [DEBUG] cnn_neat: Split edge 0→8, new hidden node 11 (pool=7)
2026-08-15 02:13:06,842 [DEBUG] cnn_neat: Added edge 3→5 (from 23 candidates)
2026-08-15 02:13:06,856 [DEBUG] cnn_neat: Removed hidden node 7 (pool=6)
2026-08-15 02:13:06,861 [DEBUG] cnn_neat: Removed edge 0→8 (from 9 candidates)
2026-08-15 02:13:06,871 [DEBUG] cnn_neat: Removed 3 edges (requested 3)
2026-08-15 02:13:06,878 [DEBUG] cnn_neat: Split edge 0→7, new hidden node 11 (pool=10)
2026-08-15 02:13:06,884 [DEBUG] cnn_neat: Split edge 2→3, new hidden node 11 (pool=5)
2026-08-15 02:13:06,888 [DEBUG] cnn_neat: Split edge 0→8, new hidden node 11 (pool=5)
2026-08-15 02:13:06,899 [DEBUG] cnn_neat: Split edge 2→1, new hidden node 11 (pool=10)
2026-08-15 02:13:06,906 [DEBUG] cnn_neat: Added edge 5→8 (from 31 candidates)
2026-08-15 02:13:06,917 [DEBUG] cnn_neat: Removed hidden node 3 (pool=7)
2026-08-15 02:13:06,922 [DEBUG] cnn_neat: Removed edge 8→1 (from 12 candidates)
2026-08-15 02:13:06,930 [DEBUG] cnn_neat: Removed 3 edges (requested 3)
2026-08-15 02:13:06,937 [DEBUG] cnn_neat: Split edge 7→3, new hidden node 11 (pool=10)
2026-08-15 02:13:06,941 [DEBUG] cnn_neat: Split edge 2→5, new hidden node 11 (pool=6)
2026-08-15 02:13:06,955 [DEBUG] cnn_neat: Added edge 10→5 (from 33 candidates)
2026-08-15 02:13:06,962 [DEBUG] cnn_neat: Saved generation 29
2026-08-15 02:13:07,051 [DEBUG] cnn_neat: Selected 25 elite individuals
2026-08-15 02:13:07,060 [DEBUG] cnn_neat: Removed hidden node 3 (pool=8)
2026-08-15 02:13:07,080 [DEBUG] cnn_neat: Removed edge 7→5 (from 14 candidates)
2026-08-15 02:13:07,115 [DEBUG] cnn_neat: Removed 3 edges (requested 3)
2026-08-15 02:13:07,228 [DEBUG] cnn_neat: Added edge 2→7 (from 31 candidates)
2026-08-15 02:13:07,243 [DEBUG] cnn_neat: Added edge 6→7 (from 35 candidates)
2026-08-15 02:13:07,278 [DEBUG] cnn_neat: Added edge 8→7 (from 29 candidates)
2026-08-15 02:13:07,307 [DEBUG] cnn_neat: Removed hidden node 5 (pool=8)
2026-08-15 02:13:07,319 [DEBUG] cnn_neat: Removed edge 3→1 (from 18 candidates)
2026-08-15 02:13:07,336 [DEBUG] cnn_neat: Removed 3 edges (requested 3)
2026-08-15 02:13:07,348 [DEBUG] cnn_neat: Split edge 0→8, new hidden node 11 (pool=12)
2026-08-15 02:13:07,366 [DEBUG] cnn_neat: Added edge 5→10 (from 24 candidates)
2026-08-15 02:13:07,381 [DEBUG] cnn_neat: Trimmed elite queue to 128 entries
2026-08-15 02:13:08,054 [DEBUG] cnn_neat: Added edge 3→5 (from 41 candidates)
2026-08-15 02:13:08,056 [DEBUG] cnn_neat: Split edge 0→3, new hidden node 11 (pool=8)
2026-08-15 02:13:08,060 [DEBUG] cnn_neat: Added edge 8→10 (from 19 candidates)
2026-08-15 02:13:08,066 [DEBUG] cnn_neat: Removed hidden node 8 (pool=6)
2026-08-15 02:13:08,070 [DEBUG] cnn_neat: Removed edge 7→8 (from 11 candidates)
2026-08-15 02:13:08,077 [DEBUG] cnn_neat: Removed 3 edges (requested 3)
2026-08-15 02:13:08,081 [DEBUG] cnn_neat: Crossover rejected: union topology invalid (edges=29 nodes=14)
2026-08-15 02:13:08,085 [DEBUG] cnn_neat: Split edge 3→1, new hidden node 11 (pool=8)
2026-08-15 02:13:08,089 [DEBUG] cnn_neat: Added edge 3→8 (from 19 candidates)
2026-08-15 02:13:08,092 [DEBUG] cnn_neat: Added edge 7→2 (from 15 candidates)
2026-08-15 02:13:08,097 [DEBUG] cnn_neat: Added edge 2→5 (from 11 candidates)
2026-08-15 02:13:08,100 [DEBUG] cnn_neat: Added edge 5→3 (from 9 candidates)
2026-08-15 02:13:08,105 [DEBUG] cnn_neat: Added edge 10→1 (from 7 candidates)
2026-08-15 02:13:08,114 [DEBUG] cnn_neat: Added edge 7→3 (from 36 candidates)
2026-08-15 02:13:08,118 [DEBUG] cnn_neat: Added edge 10→5 (from 36 candidates)
2026-08-15 02:13:08,128 [DEBUG] cnn_neat: Removed hidden node 2 (pool=8)
2026-08-15 02:13:08,132 [DEBUG] cnn_neat: Removed edge 11→8 (from 10 candidates)
2026-08-15 02:13:08,140 [DEBUG] cnn_neat: Removed 3 edges (requested 3)
2026-08-15 02:13:08,145 [DEBUG] cnn_neat: Crossover rejected: union topology invalid (edges=37 nodes=18)
2026-08-15 02:13:08,151 [DEBUG] cnn_neat: Added edge 10→8 (from 36 candidates)
2026-08-15 02:13:08,156 [DEBUG] cnn_neat: Added edge 6→3 (from 36 candidates)
2026-08-15 02:13:08,160 [DEBUG] cnn_neat: Added edge 6→1 (from 30 candidates)
2026-08-15 02:13:08,165 [DEBUG] cnn_neat: Added edge 7→10 (from 29 candidates)
2026-08-15 02:13:08,170 [DEBUG] cnn_neat: Added edge 10→1 (from 27 candidates)
2026-08-15 02:13:08,175 [DEBUG] cnn_neat: Added edge 5→10 (from 26 candidates)
2026-08-15 02:13:08,184 [DEBUG] cnn_neat: Added edge 10→5 (from 20 candidates)
2026-08-15 02:13:08,188 [DEBUG] cnn_neat: Added edge 7→1 (from 20 candidates)
2026-08-15 02:13:08,194 [DEBUG] cnn_neat: Removed hidden node 10 (pool=8)
2026-08-15 02:13:08,198 [DEBUG] cnn_neat: Removed edge 5→9 (from 16 candidates)
2026-08-15 02:13:08,204 [DEBUG] cnn_neat: Added edge 8→5 (from 23 candidates)
2026-08-15 02:13:08,211 [DEBUG] cnn_neat: Removed 3 edges (requested 3)
2026-08-15 02:13:08,216 [DEBUG] cnn_neat: Crossover rejected: union topology invalid (edges=43 nodes=18)
2026-08-15 02:13:08,221 [DEBUG] cnn_neat: Added edge 10→9 (from 20 candidates)
2026-08-15 02:13:08,226 [DEBUG] cnn_neat: Added edge 10→9 (from 20 candidates)
2026-08-15 02:13:08,230 [DEBUG] cnn_neat: Added edge 3→8 (from 19 candidates)
2026-08-15 02:13:08,233 [DEBUG] cnn_neat: Added edge 3→9 (from 16 candidates)
2026-08-15 02:13:08,237 [DEBUG] cnn_neat: Added edge 2→5 (from 15 candidates)
2026-08-15 02:13:08,241 [DEBUG] cnn_neat: Added edge 3→6 (from 14 candidates)
2026-08-15 02:13:08,251 [DEBUG] cnn_neat: Added edge 3→6 (from 23 candidates)
2026-08-15 02:13:08,255 [DEBUG] cnn_neat: Added edge 10→8 (from 23 candidates)
2026-08-15 02:13:08,263 [DEBUG] cnn_neat: Removed hidden node 10 (pool=8)
2026-08-15 02:13:08,267 [DEBUG] cnn_neat: Removed edge 5→1 (from 13 candidates)
2026-08-15 02:13:08,275 [DEBUG] cnn_neat: Removed 3 edges (requested 3)
2026-08-15 02:13:08,281 [DEBUG] cnn_neat: Crossover rejected: union topology invalid (edges=40 nodes=18)
2026-08-15 02:13:08,288 [DEBUG] cnn_neat: Added edge 8→5 (from 23 candidates)
2026-08-15 02:13:08,293 [DEBUG] cnn_neat: Added edge 7→9 (from 23 candidates)
2026-08-15 02:13:08,296 [DEBUG] cnn_neat: Added edge 8→5 (from 20 candidates)
2026-08-15 02:13:08,301 [DEBUG] cnn_neat: Added edge 2→5 (from 19 candidates)
2026-08-15 02:13:08,305 [DEBUG] cnn_neat: Added edge 3→5 (from 18 candidates)
2026-08-15 02:13:08,310 [DEBUG] cnn_neat: Added edge 10→1 (from 17 candidates)
2026-08-15 02:13:08,319 [DEBUG] cnn_neat: Added edge 10→5 (from 19 candidates)
2026-08-15 02:13:08,323 [DEBUG] cnn_neat: Added edge 10→9 (from 19 candidates)
2026-08-15 02:13:08,331 [DEBUG] cnn_neat: Removed hidden node 8 (pool=8)
2026-08-15 02:13:08,335 [DEBUG] cnn_neat: Removed edge 5→9 (from 14 candidates)
2026-08-15 02:13:08,342 [DEBUG] cnn_neat: Added edge 6→1 (from 23 candidates)
2026-08-15 02:13:08,350 [DEBUG] cnn_neat: Removed 3 edges (requested 3)
2026-08-15 02:13:08,356 [DEBUG] cnn_neat: Crossover rejected: union topology invalid (edges=38 nodes=17)
2026-08-15 02:13:08,362 [DEBUG] cnn_neat: Added edge 6→5 (from 19 candidates)
2026-08-15 02:13:08,367 [DEBUG] cnn_neat: Added edge 8→5 (from 19 candidates)
2026-08-15 02:13:08,372 [DEBUG] cnn_neat: Added edge 2→7 (from 18 candidates)
2026-08-15 02:13:08,377 [DEBUG] cnn_neat: Added edge 3→5 (from 17 candidates)
2026-08-15 02:13:08,381 [DEBUG] cnn_neat: Added edge 7→1 (from 16 candidates)
2026-08-15 02:13:08,386 [DEBUG] cnn_neat: Added edge 7→9 (from 15 candidates)
2026-08-15 02:13:08,396 [DEBUG] cnn_neat: Added edge 9→5 (from 26 candidates)
2026-08-15 02:13:08,400 [DEBUG] cnn_neat: Added edge 2→5 (from 26 candidates)
2026-08-15 02:13:08,406 [DEBUG] cnn_neat: Removed hidden node 7 (pool=8)
2026-08-15 02:13:08,410 [DEBUG] cnn_neat: Removed edge 10→3 (from 14 candidates)
2026-08-15 02:13:08,418 [DEBUG] cnn_neat: Removed 3 edges (requested 3)
2026-08-15 02:13:08,423 [DEBUG] cnn_neat: Crossover rejected: union topology invalid (edges=40 nodes=18)
2026-08-15 02:13:08,429 [DEBUG] cnn_neat: Added edge 5→9 (from 26 candidates)
2026-08-15 02:13:08,434 [DEBUG] cnn_neat: Added edge 5→3 (from 26 candidates)
2026-08-15 02:13:08,438 [DEBUG] cnn_neat: Added edge 9→3 (from 22 candidates)
2026-08-15 02:13:08,442 [DEBUG] cnn_neat: Added edge 8→9 (from 20 candidates)
2026-08-15 02:13:08,446 [DEBUG] cnn_neat: Added edge 9→1 (from 19 candidates)
2026-08-15 02:13:08,452 [DEBUG] cnn_neat: Added edge 7→3 (from 18 candidates)
2026-08-15 02:13:08,461 [DEBUG] cnn_neat: Added edge 2→6 (from 21 candidates)
2026-08-15 02:13:08,466 [DEBUG] cnn_neat: Added edge 6→5 (from 21 candidates)
2026-08-15 02:13:08,473 [DEBUG] cnn_neat: Removed hidden node 6 (pool=8)
2026-08-15 02:13:08,477 [DEBUG] cnn_neat: Removed edge 2→1 (from 14 candidates)
2026-08-15 02:13:08,484 [DEBUG] cnn_neat: Removed 3 edges (requested 3)
2026-08-15 02:13:08,490 [DEBUG] cnn_neat: Crossover rejected: union topology invalid (edges=35 nodes=17)
2026-08-15 02:13:08,495 [DEBUG] cnn_neat: Added edge 7→1 (from 21 candidates)
2026-08-15 02:13:08,500 [DEBUG] cnn_neat: Added edge 3→7 (from 21 candidates)
2026-08-15 02:13:08,504 [DEBUG] cnn_neat: Added edge 2→6 (from 20 candidates)
2026-08-15 02:13:08,508 [DEBUG] cnn_neat: Added edge 3→9 (from 19 candidates)
2026-08-15 02:13:08,512 [DEBUG] cnn_neat: Added edge 7→6 (from 18 candidates)
2026-08-15 02:13:08,516 [DEBUG] cnn_neat: Added edge 5→9 (from 17 candidates)
2026-08-15 02:13:08,525 [DEBUG] cnn_neat: Added edge 6→1 (from 20 candidates)
2026-08-15 02:13:08,530 [DEBUG] cnn_neat: Added edge 10→9 (from 20 candidates)
2026-08-15 02:13:08,537 [DEBUG] cnn_neat: Removed hidden node 9 (pool=8)
2026-08-15 02:13:08,541 [DEBUG] cnn_neat: Removed edge 10→6 (from 16 candidates)
2026-08-15 02:13:08,548 [DEBUG] cnn_neat: Removed 3 edges (requested 3)
2026-08-15 02:13:08,554 [DEBUG] cnn_neat: Crossover rejected: union topology invalid (edges=38 nodes=17)
2026-08-15 02:13:08,560 [DEBUG] cnn_neat: Added edge 7→6 (from 20 candidates)
2026-08-15 02:13:08,703 [DEBUG] cnn_neat: Split edge 2→1, new hidden node 11 (pool=7)
2026-08-15 02:13:08,832 [DEBUG] cnn_neat: Added edge 5→2 (from 25 candidates)
2026-08-15 02:13:08,851 [DEBUG] cnn_neat: Removed hidden node 2 (pool=7)
2026-08-15 02:13:08,861 [DEBUG] cnn_neat: Removed edge 5→8 (from 11 candidates)
2026-08-15 02:13:08,878 [DEBUG] cnn_neat: Removed 3 edges (requested 3)
2026-08-15 02:13:08,896 [DEBUG] cnn_neat: Split edge 8→1, new hidden node 11 (pool=7)
2026-08-15 02:13:08,903 [DEBUG] cnn_neat: Split edge 8→1, new hidden node 11 (pool=5)
2026-08-15 02:13:08,921 [DEBUG] cnn_neat: Split edge 0→8, new hidden node 11 (pool=8)
2026-08-15 02:13:08,932 [DEBUG] cnn_neat: Added edge 8→3 (from 19 candidates)
2026-08-15 02:13:08,951 [DEBUG] cnn_neat: Removed hidden node 5 (pool=6)
2026-08-15 02:13:08,961 [DEBUG] cnn_neat: Removed edge 5→8 (from 11 candidates)
2026-08-15 02:13:08,978 [DEBUG] cnn_neat: Removed 3 edges (requested 3)
2026-08-15 02:13:08,988 [DEBUG] cnn_neat: Split edge 0→11, new hidden node 12 (pool=8)
2026-08-15 02:13:09,498 [DEBUG] cnn_neat: Split edge 7→1, new hidden node 11 (pool=9)
2026-08-15 02:13:09,562 [DEBUG] cnn_neat: Added edge 2→7 (from 36 candidates)
2026-08-15 02:13:09,645 [DEBUG] cnn_neat: Removed hidden node 3 (pool=8)
2026-08-15 02:13:09,667 [DEBUG] cnn_neat: Removed edge 2→1 (from 10 candidates)
2026-08-15 02:13:09,705 [DEBUG] cnn_neat: Removed 3 edges (requested 3)
2026-08-15 02:13:09,797 [DEBUG] cnn_neat: Added edge 3→11 (from 31 candidates)
2026-08-15 02:13:09,809 [DEBUG] cnn_neat: Added edge 11→10 (from 37 candidates)
2026-08-15 02:13:09,824 [DEBUG] cnn_neat: Added edge 10→8 (from 43 candidates)
2026-08-15 02:13:09,859 [DEBUG] cnn_neat: Added edge 3→9 (from 23 candidates)
2026-08-15 02:13:09,870 [DEBUG] cnn_neat: Removed hidden node 8 (pool=8)
2026-08-15 02:13:09,878 [DEBUG] cnn_neat: Removed edge 2→3 (from 15 candidates)
2026-08-15 02:13:09,891 [DEBUG] cnn_neat: Removed 3 edges (requested 3)
2026-08-15 02:13:09,912 [DEBUG] cnn_neat: Added edge 9→1 (from 22 candidates)
2026-08-15 02:13:09,917 [DEBUG] cnn_neat: Added edge 0→9 (from 20 candidates)
2026-08-15 02:13:09,934 [DEBUG] cnn_neat: Added edge 7→1 (from 20 candidates)
2026-08-15 02:13:09,945 [DEBUG] cnn_neat: Removed hidden node 3 (pool=8)
2026-08-15 02:13:09,952 [DEBUG] cnn_neat: Removed edge 8→6 (from 16 candidates)
2026-08-15 02:13:09,965 [DEBUG] cnn_neat: Removed 3 edges (requested 3)
2026-08-15 02:13:09,971 [DEBUG] cnn_neat: Split edge 0→2, new hidden node 11 (pool=1)
2026-08-15 02:13:09,980 [DEBUG] cnn_neat: Split edge 0→2, new hidden node 11 (pool=1)
2026-08-15 02:13:09,986 [DEBUG] cnn_neat: Added edge 10→5 (from 19 candidates)
2026-08-15 02:13:10,003 [DEBUG] cnn_neat: Added edge 2→9 (from 46 candidates)
2026-08-15 02:13:10,014 [DEBUG] cnn_neat: Removed hidden node 8 (pool=8)
2026-08-15 02:13:10,021 [DEBUG] cnn_neat: Removed edge 2→1 (from 6 candidates)
2026-08-15 02:13:10,032 [DEBUG] cnn_neat: Removed 3 edges (requested 3)
2026-08-15 02:13:10,041 [DEBUG] cnn_neat: Split edge 0→11, new hidden node 12 (pool=4)
2026-08-15 02:13:10,047 [DEBUG] cnn_neat: Split edge 0→3, new hidden node 12 (pool=1)
2026-08-15 02:13:10,065 [DEBUG] cnn_neat: Added edge 9→10 (from 27 candidates)
2026-08-15 02:13:10,079 [DEBUG] cnn_neat: Removed hidden node 10 (pool=8)
2026-08-15 02:13:10,087 [DEBUG] cnn_neat: Removed edge 3→8 (from 11 candidates)
2026-08-15 02:13:10,103 [DEBUG] cnn_neat: Removed 3 edges (requested 3)
2026-08-15 02:13:10,114 [DEBUG] cnn_neat: Split edge 2→1, new hidden node 10 (pool=8)
2026-08-15 02:13:10,126 [DEBUG] cnn_neat: Added edge 9→5 (from 20 candidates)
2026-08-15 02:13:10,132 [DEBUG] cnn_neat: Added edge 3→7 (from 21 candidates)
2026-08-15 02:13:10,152 [DEBUG] cnn_neat: Added edge 9→1 (from 20 candidates)
2026-08-15 02:13:10,168 [DEBUG] cnn_neat: Removed hidden node 3 (pool=8)
2026-08-15 02:13:10,177 [DEBUG] cnn_neat: Removed edge 8→1 (from 12 candidates)
2026-08-15 02:13:10,194 [DEBUG] cnn_neat: Removed 3 edges (requested 3)
2026-08-15 02:13:10,220 [DEBUG] cnn_neat: Added edge 3→7 (from 19 candidates)
2026-08-15 02:13:10,227 [DEBUG] cnn_neat: Added edge 10→1 (from 22 candidates)
2026-08-15 02:13:10,342 [DEBUG] cnn_neat: Added edge 6→1 (from 23 candidates)
2026-08-15 02:13:10,358 [DEBUG] cnn_neat: Removed hidden node 2 (pool=8)
2026-08-15 02:13:10,362 [DEBUG] cnn_neat: Removed edge 3→8 (from 13 candidates)
2026-08-15 02:13:10,386 [DEBUG] cnn_neat: Removed 3 edges (requested 3)
2026-08-15 02:13:10,396 [DEBUG] cnn_neat: Split edge 3→1, new hidden node 11 (pool=5)
2026-08-15 02:13:10,418 [DEBUG] cnn_neat: Added edge 6→9 (from 21 candidates)
2026-08-15 02:13:10,427 [DEBUG] cnn_neat: Added edge 8→3 (from 32 candidates)
2026-08-15 02:13:10,457 [DEBUG] cnn_neat: Added edge 6→1 (from 19 candidates)
2026-08-15 02:13:10,486 [DEBUG] cnn_neat: Removed hidden node 5 (pool=8)
2026-08-15 02:13:10,808 [DEBUG] cnn_neat: Removed edge 8→7 (from 14 candidates)
2026-08-15 02:13:10,829 [DEBUG] cnn_neat: Added edge 6→1 (from 26 candidates)
2026-08-15 02:13:10,848 [DEBUG] cnn_neat: Removed hidden node 10 (pool=8)
2026-08-15 02:13:10,859 [DEBUG] cnn_neat: Removed edge 8→7 (from 14 candidates)
2026-08-15 02:13:10,871 [DEBUG] cnn_neat: Removed 3 edges (requested 3)
2026-08-15 02:13:10,887 [DEBUG] cnn_neat: Split edge 2→7, new hidden node 10 (pool=10)
2026-08-15 02:13:10,903 [DEBUG] cnn_neat: Added edge 7→3 (from 25 candidates)
2026-08-15 02:13:10,929 [DEBUG] cnn_neat: Added edge 7→1 (from 21 candidates)
2026-08-15 02:13:10,948 [DEBUG] cnn_neat: Removed hidden node 10 (pool=8)
2026-08-15 02:13:10,951 [DEBUG] cnn_neat: Removed edge 8→7 (from 14 candidates)
2026-08-15 02:13:10,968 [DEBUG] cnn_neat: Removed 3 edges (requested 3)
2026-08-15 02:13:10,979 [DEBUG] cnn_neat: Split edge 7→9, new hidden node 10 (pool=10)
2026-08-15 02:13:11,316 [DEBUG] cnn_neat: Added edge 2→6 (from 18 candidates)
2026-08-15 02:13:11,339 [DEBUG] cnn_neat: Added edge 3→9 (from 20 candidates)
2026-08-15 02:13:11,368 [DEBUG] cnn_neat: Removed hidden node 6 (pool=8)
2026-08-15 02:13:11,379 [DEBUG] cnn_neat: Removed edge 3→7 (from 16 candidates)
2026-08-15 02:13:11,398 [DEBUG] cnn_neat: Removed 3 edges (requested 3)
2026-08-15 02:13:11,405 [DEBUG] cnn_neat: Split edge 2→1, new hidden node 11 (pool=11)
2026-08-15 02:13:11,420 [DEBUG] cnn_neat: Added edge 8→5 (from 19 candidates)
2026-08-15 02:13:11,442 [DEBUG] cnn_neat: Split edge 2→3, new hidden node 11 (pool=5)
2026-08-15 02:13:11,450 [DEBUG] cnn_neat: Added edge 2→5 (from 32 candidates)
2026-08-15 02:13:11,459 [DEBUG] cnn_neat: Removed hidden node 8 (pool=7)
2026-08-15 02:13:11,468 [DEBUG] cnn_neat: Removed edge 10→3 (from 8 candidates)
2026-08-15 02:13:11,490 [DEBUG] cnn_neat: Removed 3 edges (requested 3)
2026-08-15 02:13:11,495 [DEBUG] cnn_neat: Split edge 2→1, new hidden node 11 (pool=4)
2026-08-15 02:13:11,503 [DEBUG] cnn_neat: Split edge 0→8, new hidden node 11 (pool=1)
2026-08-15 02:13:11,887 [DEBUG] cnn_neat: Added edge 7→6 (from 44 candidates)
2026-08-15 02:13:11,897 [DEBUG] cnn_neat: Split edge 2→3, new hidden node 12 (pool=5)
2026-08-15 02:13:11,914 [DEBUG] cnn_neat: Added edge 11→5 (from 29 candidates)
2026-08-15 02:13:11,937 [DEBUG] cnn_neat: Removed hidden node 7 (pool=7)
2026-08-15 02:13:11,949 [DEBUG] cnn_neat: Removed edge 10→8 (from 9 candidates)
2026-08-15 02:13:11,960 [DEBUG] cnn_neat: Removed 3 edges (requested 3)
2026-08-15 02:13:11,978 [DEBUG] cnn_neat: Split edge 0→3, new hidden node 12 (pool=5)
2026-08-15 02:13:11,985 [DEBUG] cnn_neat: Split edge 2→3, new hidden node 12 (pool=4)
2026-08-15 02:13:12,011 [DEBUG] cnn_neat: Added edge 7→6 (from 34 candidates)
2026-08-15 02:13:12,029 [DEBUG] cnn_neat: Removed hidden node 6 (pool=8)
2026-08-15 02:13:12,038 [DEBUG] cnn_neat: Removed edge 5→11 (from 12 candidates)
2026-08-15 02:13:12,388 [DEBUG] cnn_neat: Removed 3 edges (requested 3)
2026-08-15 02:13:12,412 [DEBUG] cnn_neat: Added edge 10→7 (from 33 candidates)
2026-08-15 02:13:12,431 [DEBUG] cnn_neat: Removed hidden node 11 (pool=8)
2026-08-15 02:13:12,438 [DEBUG] cnn_neat: Removed edge 5→6 (from 11 candidates)
2026-08-15 02:13:12,445 [DEBUG] cnn_neat: Removed 3 edges (requested 3)
2026-08-15 02:13:12,456 [DEBUG] cnn_neat: Split edge 2→1, new hidden node 11 (pool=5)
2026-08-15 02:13:12,469 [DEBUG] cnn_neat: Added edge 2→11 (from 28 candidates)
2026-08-15 02:13:12,524 [DEBUG] cnn_neat: Split edge 0→3, new hidden node 12 (pool=5)
2026-08-15 02:13:12,545 [DEBUG] cnn_neat: Added edge 7→8 (from 26 candidates)
2026-08-15 02:13:12,565 [DEBUG] cnn_neat: Removed hidden node 5 (pool=7)
2026-08-15 02:13:12,940 [DEBUG] cnn_neat: Removed edge 11→1 (from 10 candidates)
2026-08-15 02:13:12,950 [DEBUG] cnn_neat: Split edge 7→1, new hidden node 11 (pool=7)
2026-08-15 02:13:12,957 [DEBUG] cnn_neat: Added edge 8→3 (from 28 candidates)
2026-08-15 02:13:12,968 [DEBUG] cnn_neat: Removed hidden node 2 (pool=7)
2026-08-15 02:13:12,974 [DEBUG] cnn_neat: Removed edge 10→3 (from 10 candidates)
2026-08-15 02:13:12,985 [DEBUG] cnn_neat: Removed 3 edges (requested 3)
2026-08-15 02:13:12,992 [DEBUG] cnn_neat: Split edge 8→3, new hidden node 11 (pool=8)
2026-08-15 02:13:12,996 [DEBUG] cnn_neat: Split edge 3→1, new hidden node 11 (pool=5)
2026-08-15 02:13:13,012 [DEBUG] cnn_neat: Added edge 7→3 (from 29 candidates)
2026-08-15 02:13:13,023 [DEBUG] cnn_neat: Removed hidden node 10 (pool=8)
2026-08-15 02:13:13,029 [DEBUG] cnn_neat: Removed edge 10→3 (from 12 candidates)
2026-08-15 02:13:13,041 [DEBUG] cnn_neat: Removed 3 edges (requested 3)
2026-08-15 02:13:13,057 [DEBUG] cnn_neat: Added edge 10→9 (from 26 candidates)
2026-08-15 02:13:13,064 [DEBUG] cnn_neat: Added edge 9→3 (from 31 candidates)
2026-08-15 02:13:13,069 [DEBUG] cnn_neat: Added edge 5→1 (from 34 candidates)
2026-08-15 02:13:13,086 [DEBUG] cnn_neat: Added edge 6→1 (from 28 candidates)
2026-08-15 02:13:13,096 [DEBUG] cnn_neat: Removed hidden node 5 (pool=8)
2026-08-15 02:13:13,102 [DEBUG] cnn_neat: Removed edge 2→6 (from 14 candidates)
2026-08-15 02:13:13,114 [DEBUG] cnn_neat: Removed 3 edges (requested 3)
2026-08-15 02:13:13,122 [DEBUG] cnn_neat: Split edge 2→1, new hidden node 11 (pool=12)
2026-08-15 02:13:13,128 [DEBUG] cnn_neat: Split edge 0→2, new hidden node 11 (pool=1)
2026-08-15 02:13:13,137 [DEBUG] cnn_neat: Added edge 10→8 (from 27 candidates)
2026-08-15 02:13:13,148 [DEBUG] cnn_neat: Split edge 7→8, new hidden node 11 (pool=8)
2026-08-15 02:13:13,155 [DEBUG] cnn_neat: Added edge 8→2 (from 21 candidates)
2026-08-15 02:13:13,165 [DEBUG] cnn_neat: Removed hidden node 7 (pool=6)
2026-08-15 02:13:13,171 [DEBUG] cnn_neat: Removed edge 7→8 (from 10 candidates)
2026-08-15 02:13:13,183 [DEBUG] cnn_neat: Removed 3 edges (requested 3)
2026-08-15 02:13:13,189 [DEBUG] cnn_neat: Split edge 2→3, new hidden node 11 (pool=9)
2026-08-15 02:13:13,195 [DEBUG] cnn_neat: Saved generation 30
2026-08-15 02:13:13,251 [DEBUG] cnn_neat: Split edge 3→1, new hidden node 11 (pool=4)
2026-08-15 02:13:13,289 [DEBUG] cnn_neat: Selected 25 elite individuals
2026-08-15 02:13:13,307 [DEBUG] cnn_neat: Added edge 5→8 (from 14 candidates)
2026-08-15 02:13:13,325 [DEBUG] cnn_neat: Added edge 8→2 (from 26 candidates)
2026-08-15 02:13:13,422 [DEBUG] cnn_neat: Split edge 8→1, new hidden node 11 (pool=8)
2026-08-15 02:13:13,440 [DEBUG] cnn_neat: Added edge 10→1 (from 21 candidates)
2026-08-15 02:13:13,479 [DEBUG] cnn_neat: Removed hidden node 10 (pool=6)
2026-08-15 02:13:13,493 [DEBUG] cnn_neat: Removed edge 0→3 (from 10 candidates)
2026-08-15 02:13:13,518 [DEBUG] cnn_neat: Removed 3 edges (requested 3)
2026-08-15 02:13:13,537 [DEBUG] cnn_neat: Split edge 7→1, new hidden node 12 (pool=6)
2026-08-15 02:13:13,553 [DEBUG] cnn_neat: Split edge 0→3, new hidden node 11 (pool=9)
2026-08-15 02:13:13,564 [DEBUG] cnn_neat: Added edge 9→5 (from 22 candidates)
2026-08-15 02:13:13,577 [DEBUG] cnn_neat: Removed hidden node 5 (pool=7)
2026-08-15 02:13:13,586 [DEBUG] cnn_neat: Removed edge 0→3 (from 12 candidates)
2026-08-15 02:13:13,605 [DEBUG] cnn_neat: Removed 3 edges (requested 3)
2026-08-15 02:13:13,614 [DEBUG] cnn_neat: Split edge 0→2, new hidden node 12 (pool=1)
2026-08-15 02:13:13,623 [DEBUG] cnn_neat: Trimmed elite queue to 128 entries
2026-08-15 02:13:14,320 [DEBUG] cnn_neat: Split edge 7→1, new hidden node 11 (pool=7)
2026-08-15 02:13:14,322 [DEBUG] cnn_neat: Split edge 8→6, new hidden node 11 (pool=10)
2026-08-15 02:13:14,326 [DEBUG] cnn_neat: Added edge 10→8 (from 20 candidates)
2026-08-15 02:13:14,331 [DEBUG] cnn_neat: Removed hidden node 2 (pool=6)
2026-08-15 02:13:14,335 [DEBUG] cnn_neat: Removed edge 8→1 (from 9 candidates)
2026-08-15 02:13:14,340 [DEBUG] cnn_neat: Removed 3 edges (requested 3)
2026-08-15 02:13:14,344 [DEBUG] cnn_neat: Crossover rejected: union topology invalid (edges=31 nodes=16)
2026-08-15 02:13:14,348 [DEBUG] cnn_neat: Split edge 0→8, new hidden node 11 (pool=7)
2026-08-15 02:13:14,352 [DEBUG] cnn_neat: Added edge 7→2 (from 20 candidates)
2026-08-15 02:13:14,356 [DEBUG] cnn_neat: Added edge 7→10 (from 16 candidates)
2026-08-15 02:13:14,359 [DEBUG] cnn_neat: Added edge 7→8 (from 15 candidates)
2026-08-15 02:13:14,363 [DEBUG] cnn_neat: Added edge 5→3 (from 14 candidates)
2026-08-15 02:13:14,368 [DEBUG] cnn_neat: Added edge 10→8 (from 12 candidates)
2026-08-15 02:13:14,376 [DEBUG] cnn_neat: Added edge 8→2 (from 39 candidates)
2026-08-15 02:13:14,380 [DEBUG] cnn_neat: Added edge 2→8 (from 39 candidates)
2026-08-15 02:13:14,386 [DEBUG] cnn_neat: Removed hidden node 3 (pool=8)
2026-08-15 02:13:14,390 [DEBUG] cnn_neat: Removed edge 3→1 (from 9 candidates)
2026-08-15 02:13:14,397 [DEBUG] cnn_neat: Removed 3 edges (requested 3)
2026-08-15 02:13:14,401 [DEBUG] cnn_neat: Crossover rejected: union topology invalid (edges=38 nodes=18)
2026-08-15 02:13:14,407 [DEBUG] cnn_neat: Added edge 10→11 (from 39 candidates)
2026-08-15 02:13:14,412 [DEBUG] cnn_neat: Added edge 7→2 (from 39 candidates)
2026-08-15 02:13:14,416 [DEBUG] cnn_neat: Added edge 2→11 (from 35 candidates)
2026-08-15 02:13:14,419 [DEBUG] cnn_neat: Added edge 2→8 (from 33 candidates)
2026-08-15 02:13:14,424 [DEBUG] cnn_neat: Added edge 10→1 (from 31 candidates)
2026-08-15 02:13:14,428 [DEBUG] cnn_neat: Added edge 8→11 (from 30 candidates)
2026-08-15 02:13:14,436 [DEBUG] cnn_neat: Added edge 7→1 (from 19 candidates)
2026-08-15 02:13:14,440 [DEBUG] cnn_neat: Added edge 2→5 (from 19 candidates)
2026-08-15 02:13:14,446 [DEBUG] cnn_neat: Removed hidden node 7 (pool=8)
2026-08-15 02:13:14,450 [DEBUG] cnn_neat: Removed edge 8→6 (from 17 candidates)
2026-08-15 02:13:14,458 [DEBUG] cnn_neat: Removed 3 edges (requested 3)
2026-08-15 02:13:14,463 [DEBUG] cnn_neat: Crossover rejected: union topology invalid (edges=46 nodes=18)
2026-08-15 02:13:14,469 [DEBUG] cnn_neat: Added edge 7→6 (from 19 candidates)
2026-08-15 02:13:14,473 [DEBUG] cnn_neat: Added edge 3→9 (from 19 candidates)
2026-08-15 02:13:14,477 [DEBUG] cnn_neat: Added edge 8→10 (from 18 candidates)
2026-08-15 02:13:14,480 [DEBUG] cnn_neat: Added edge 8→5 (from 15 candidates)
2026-08-15 02:13:14,486 [DEBUG] cnn_neat: Added edge 10→1 (from 14 candidates)
2026-08-15 02:13:14,490 [DEBUG] cnn_neat: Added edge 5→6 (from 13 candidates)
2026-08-15 02:13:14,493 [DEBUG] cnn_neat: Split edge 7→9, new hidden node 11 (pool=10)
2026-08-15 02:13:14,497 [DEBUG] cnn_neat: Added edge 2→5 (from 15 candidates)
2026-08-15 02:13:14,504 [DEBUG] cnn_neat: Removed hidden node 3 (pool=7)
2026-08-15 02:13:14,508 [DEBUG] cnn_neat: Removed edge 10→8 (from 14 candidates)
2026-08-15 02:13:14,515 [DEBUG] cnn_neat: Removed 3 edges (requested 3)
2026-08-15 02:13:14,520 [DEBUG] cnn_neat: Crossover rejected: union topology invalid (edges=39 nodes=17)
2026-08-15 02:13:14,525 [DEBUG] cnn_neat: Split edge 2→3, new hidden node 11 (pool=10)
2026-08-15 02:13:14,529 [DEBUG] cnn_neat: Added edge 9→5 (from 15 candidates)
2026-08-15 02:13:14,533 [DEBUG] cnn_neat: Added edge 3→7 (from 13 candidates)
2026-08-15 02:13:14,537 [DEBUG] cnn_neat: Added edge 9→1 (from 12 candidates)
2026-08-15 02:13:14,541 [DEBUG] cnn_neat: Added edge 8→9 (from 11 candidates)
2026-08-15 02:13:14,546 [DEBUG] cnn_neat: Added edge 3→9 (from 10 candidates)
2026-08-15 02:13:14,551 [DEBUG] cnn_neat: Split edge 2→3, new hidden node 11 (pool=11)
2026-08-15 02:13:14,554 [DEBUG] cnn_neat: Added edge 5→6 (from 15 candidates)
2026-08-15 02:13:14,560 [DEBUG] cnn_neat: Removed hidden node 7 (pool=7)
2026-08-15 02:13:14,564 [DEBUG] cnn_neat: Removed edge 3→8 (from 15 candidates)
2026-08-15 02:13:14,571 [DEBUG] cnn_neat: Removed 3 edges (requested 3)
2026-08-15 02:13:14,577 [DEBUG] cnn_neat: Crossover rejected: union topology invalid (edges=41 nodes=17)
2026-08-15 02:13:14,581 [DEBUG] cnn_neat: Split edge 2→8, new hidden node 11 (pool=11)
2026-08-15 02:13:14,585 [DEBUG] cnn_neat: Added edge 8→1 (from 15 candidates)
2026-08-15 02:13:14,590 [DEBUG] cnn_neat: Added edge 2→7 (from 14 candidates)
2026-08-15 02:13:14,594 [DEBUG] cnn_neat: Added edge 10→1 (from 13 candidates)
2026-08-15 02:13:14,599 [DEBUG] cnn_neat: Added edge 6→5 (from 12 candidates)
2026-08-15 02:13:14,604 [DEBUG] cnn_neat: Added edge 3→5 (from 10 candidates)
2026-08-15 02:13:14,612 [DEBUG] cnn_neat: Added edge 3→6 (from 21 candidates)
2026-08-15 02:13:14,617 [DEBUG] cnn_neat: Added edge 10→6 (from 21 candidates)
2026-08-15 02:13:14,622 [DEBUG] cnn_neat: Added edge 3→9 (from 20 candidates)
2026-08-15 02:13:14,629 [DEBUG] cnn_neat: Removed hidden node 8 (pool=8)
2026-08-15 02:13:14,635 [DEBUG] cnn_neat: Removed hidden node 10 (pool=8)
2026-08-15 02:13:14,638 [DEBUG] cnn_neat: Removed edge 3→8 (from 15 candidates)
2026-08-15 02:13:14,646 [DEBUG] cnn_neat: Removed 3 edges (requested 3)
2026-08-15 02:13:14,651 [DEBUG] cnn_neat: Crossover rejected: union topology invalid (edges=42 nodes=18)
2026-08-15 02:13:14,657 [DEBUG] cnn_neat: Added edge 3→5 (from 21 candidates)
2026-08-15 02:13:14,661 [DEBUG] cnn_neat: Added edge 10→9 (from 21 candidates)
2026-08-15 02:13:14,665 [DEBUG] cnn_neat: Added edge 10→5 (from 20 candidates)
2026-08-15 02:13:14,669 [DEBUG] cnn_neat: Added edge 3→5 (from 19 candidates)
2026-08-15 02:13:14,674 [DEBUG] cnn_neat: Added edge 10→6 (from 18 candidates)
2026-08-15 02:13:14,678 [DEBUG] cnn_neat: Added edge 10→1 (from 17 candidates)
2026-08-15 02:13:14,686 [DEBUG] cnn_neat: Added edge 7→1 (from 18 candidates)
2026-08-15 02:13:14,690 [DEBUG] cnn_neat: Added edge 2→5 (from 18 candidates)
2026-08-15 02:13:14,698 [DEBUG] cnn_neat: Removed hidden node 7 (pool=8)
2026-08-15 02:13:14,702 [DEBUG] cnn_neat: Removed edge 3→8 (from 15 candidates)
2026-08-15 02:13:14,711 [DEBUG] cnn_neat: Removed 3 edges (requested 3)
2026-08-15 02:13:14,717 [DEBUG] cnn_neat: Crossover rejected: union topology invalid (edges=43 nodes=18)
2026-08-15 02:13:14,724 [DEBUG] cnn_neat: Added edge 2→7 (from 18 candidates)
2026-08-15 02:13:14,728 [DEBUG] cnn_neat: Added edge 10→6 (from 18 candidates)
2026-08-15 02:13:14,732 [DEBUG] cnn_neat: Added edge 8→5 (from 17 candidates)
2026-08-15 02:13:14,738 [DEBUG] cnn_neat: Added edge 10→8 (from 16 candidates)
2026-08-15 02:13:14,743 [DEBUG] cnn_neat: Added edge 9→1 (from 15 candidates)
2026-08-15 02:13:14,748 [DEBUG] cnn_neat: Added edge 3→7 (from 14 candidates)
2026-08-15 02:13:14,757 [DEBUG] cnn_neat: Added edge 10→1 (from 23 candidates)
2026-08-15 02:13:14,761 [DEBUG] cnn_neat: Added edge 5→3 (from 23 candidates)
2026-08-15 02:13:14,767 [DEBUG] cnn_neat: Removed hidden node 5 (pool=8)
2026-08-15 02:13:14,771 [DEBUG] cnn_neat: Removed edge 2→7 (from 15 candidates)
2026-08-15 02:13:14,777 [DEBUG] cnn_neat: Added edge 3→8 (from 24 candidates)
2026-08-15 02:13:14,785 [DEBUG] cnn_neat: Removed 3 edges (requested 3)
2026-08-15 02:13:14,931 [DEBUG] cnn_neat: Split edge 8→1, new hidden node 11 (pool=7)
2026-08-15 02:13:15,063 [DEBUG] cnn_neat: Added edge 2→5 (from 25 candidates)
2026-08-15 02:13:15,083 [DEBUG] cnn_neat: Removed hidden node 3 (pool=7)
2026-08-15 02:13:15,094 [DEBUG] cnn_neat: Removed edge 10→6 (from 11 candidates)
2026-08-15 02:13:15,116 [DEBUG] cnn_neat: Removed 3 edges (requested 3)
2026-08-15 02:13:15,134 [DEBUG] cnn_neat: Split edge 2→3, new hidden node 11 (pool=10)
2026-08-15 02:13:15,144 [DEBUG] cnn_neat: Split edge 8→1, new hidden node 11 (pool=7)
2026-08-15 02:13:15,161 [DEBUG] cnn_neat: Split edge 3→1, new hidden node 11 (pool=8)
2026-08-15 02:13:15,169 [DEBUG] cnn_neat: Added edge 10→7 (from 19 candidates)
2026-08-15 02:13:15,181 [DEBUG] cnn_neat: Removed hidden node 5 (pool=6)
2026-08-15 02:13:15,697 [DEBUG] cnn_neat: Removed edge 2→1 (from 11 candidates)
2026-08-15 02:13:15,729 [DEBUG] cnn_neat: Split edge 2→1, new hidden node 11 (pool=7)
2026-08-15 02:13:15,756 [DEBUG] cnn_neat: Added edge 10→5 (from 20 candidates)
2026-08-15 02:13:15,802 [DEBUG] cnn_neat: Removed hidden node 5 (pool=6)
2026-08-15 02:13:15,831 [DEBUG] cnn_neat: Removed edge 8→1 (from 9 candidates)
2026-08-15 02:13:15,874 [DEBUG] cnn_neat: Removed 3 edges (requested 3)
2026-08-15 02:13:15,893 [DEBUG] cnn_neat: Split edge 7→1, new hidden node 12 (pool=6)
2026-08-15 02:13:15,912 [DEBUG] cnn_neat: Split edge 0→3, new hidden node 11 (pool=7)
2026-08-15 02:13:15,927 [DEBUG] cnn_neat: Split edge 7→1, new hidden node 11 (pool=3)
2026-08-15 02:13:15,995 [DEBUG] cnn_neat: Added edge 5→10 (from 39 candidates)
2026-08-15 02:13:16,038 [DEBUG] cnn_neat: Removed hidden node 2 (pool=8)
2026-08-15 02:13:16,045 [DEBUG] cnn_neat: Removed edge 5→8 (from 9 candidates)
2026-08-15 02:13:16,070 [DEBUG] cnn_neat: Removed 3 edges (requested 3)
2026-08-15 02:13:16,080 [DEBUG] cnn_neat: Split edge 7→1, new hidden node 12 (pool=4)
2026-08-15 02:13:16,093 [DEBUG] cnn_neat: Added edge 2→7 (from 34 candidates)
2026-08-15 02:13:16,110 [DEBUG] cnn_neat: Added edge 6→1 (from 36 candidates)
2026-08-15 02:13:16,123 [DEBUG] cnn_neat: Removed hidden node 2 (pool=8)
2026-08-15 02:13:16,130 [DEBUG] cnn_neat: Removed edge 5→8 (from 10 candidates)
2026-08-15 02:13:16,144 [DEBUG] cnn_neat: Removed 3 edges (requested 3)
2026-08-15 02:13:16,160 [DEBUG] cnn_neat: Added edge 3→6 (from 35 candidates)
2026-08-15 02:13:16,166 [DEBUG] cnn_neat: Added edge 10→3 (from 42 candidates)
2026-08-15 02:13:16,190 [DEBUG] cnn_neat: Removed hidden node 11 (pool=8)
2026-08-15 02:13:16,200 [DEBUG] cnn_neat: Removed hidden node 5 (pool=8)
2026-08-15 02:13:16,217 [DEBUG] cnn_neat: Added edge 3→6 (from 23 candidates)
2026-08-15 02:13:16,231 [DEBUG] cnn_neat: Removed hidden node 6 (pool=8)
2026-08-15 02:13:16,238 [DEBUG] cnn_neat: Removed edge 2→6 (from 15 candidates)
2026-08-15 02:13:16,252 [DEBUG] cnn_neat: Removed 3 edges (requested 3)
2026-08-15 02:13:16,263 [DEBUG] cnn_neat: Split edge 0→8, new hidden node 11 (pool=10)
2026-08-15 02:13:16,278 [DEBUG] cnn_neat: Added edge 8→3 (from 22 candidates)
2026-08-15 02:13:16,295 [DEBUG] cnn_neat: Added edge 7→6 (from 20 candidates)
2026-08-15 02:13:16,309 [DEBUG] cnn_neat: Removed hidden node 8 (pool=8)
2026-08-15 02:13:16,317 [DEBUG] cnn_neat: Removed edge 7→9 (from 16 candidates)
2026-08-15 02:13:16,330 [DEBUG] cnn_neat: Removed 3 edges (requested 3)
2026-08-15 02:13:16,352 [DEBUG] cnn_neat: Added edge 8→3 (from 19 candidates)
2026-08-15 02:13:16,360 [DEBUG] cnn_neat: Added edge 3→9 (from 17 candidates)
2026-08-15 02:13:16,487 [DEBUG] cnn_neat: Added edge 8→3 (from 19 candidates)
2026-08-15 02:13:16,505 [DEBUG] cnn_neat: Removed hidden node 2 (pool=8)
2026-08-15 02:13:16,518 [DEBUG] cnn_neat: Removed edge 9→6 (from 17 candidates)
2026-08-15 02:13:16,546 [DEBUG] cnn_neat: Removed 3 edges (requested 3)
2026-08-15 02:13:16,553 [DEBUG] cnn_neat: Split edge 0→3, new hidden node 11 (pool=4)
2026-08-15 02:13:16,566 [DEBUG] cnn_neat: Added edge 7→6 (from 17 candidates)
2026-08-15 02:13:16,593 [DEBUG] cnn_neat: Added edge 7→10 (from 46 candidates)
2026-08-15 02:13:16,614 [DEBUG] cnn_neat: Removed hidden node 11 (pool=8)
2026-08-15 02:13:16,625 [DEBUG] cnn_neat: Removed edge 2→1 (from 6 candidates)
2026-08-15 02:13:16,647 [DEBUG] cnn_neat: Removed 3 edges (requested 3)
2026-08-15 02:13:16,991 [DEBUG] cnn_neat: Split edge 3→1, new hidden node 11 (pool=3)
2026-08-15 02:13:17,026 [DEBUG] cnn_neat: Added edge 3→6 (from 27 candidates)
2026-08-15 02:13:17,052 [DEBUG] cnn_neat: Removed hidden node 10 (pool=8)
2026-08-15 02:13:17,072 [DEBUG] cnn_neat: Removed edge 2→3 (from 11 candidates)
2026-08-15 02:13:17,099 [DEBUG] cnn_neat: Removed 3 edges (requested 3)
2026-08-15 02:13:17,129 [DEBUG] cnn_neat: Added edge 8→5 (from 26 candidates)
2026-08-15 02:13:17,143 [DEBUG] cnn_neat: Added edge 3→9 (from 28 candidates)
2026-08-15 02:13:17,157 [DEBUG] cnn_neat: Added edge 9→7 (from 30 candidates)
2026-08-15 02:13:17,522 [DEBUG] cnn_neat: Added edge 2→6 (from 20 candidates)
2026-08-15 02:13:17,545 [DEBUG] cnn_neat: Removed hidden node 3 (pool=8)
2026-08-15 02:13:17,549 [DEBUG] cnn_neat: Removed edge 8→1 (from 12 candidates)
2026-08-15 02:13:17,569 [DEBUG] cnn_neat: Removed 3 edges (requested 3)
2026-08-15 02:13:17,581 [DEBUG] cnn_neat: Added edge 3→5 (from 19 candidates)
2026-08-15 02:13:17,590 [DEBUG] cnn_neat: Added edge 6→9 (from 29 candidates)
2026-08-15 02:13:17,615 [DEBUG] cnn_neat: Removed hidden node 8 (pool=8)
2026-08-15 02:13:17,635 [DEBUG] cnn_neat: Removed hidden node 6 (pool=8)
2026-08-15 02:13:17,654 [DEBUG] cnn_neat: Added edge 9→1 (from 23 candidates)
2026-08-15 02:13:17,676 [DEBUG] cnn_neat: Removed hidden node 2 (pool=8)
2026-08-15 02:13:17,686 [DEBUG] cnn_neat: Removed edge 8→7 (from 13 candidates)
2026-08-15 02:13:18,084 [DEBUG] cnn_neat: Removed 3 edges (requested 3)
2026-08-15 02:13:18,104 [DEBUG] cnn_neat: Added edge 7→9 (from 19 candidates)
2026-08-15 02:13:18,131 [DEBUG] cnn_neat: Removed hidden node 3 (pool=8)
2026-08-15 02:13:18,150 [DEBUG] cnn_neat: Removed edge 8→7 (from 14 candidates)
2026-08-15 02:13:18,181 [DEBUG] cnn_neat: Removed 3 edges (requested 3)
2026-08-15 02:13:18,217 [DEBUG] cnn_neat: Added edge 8→5 (from 18 candidates)
2026-08-15 02:13:18,227 [DEBUG] cnn_neat: Added edge 2→5 (from 21 candidates)
2026-08-15 02:13:18,576 [DEBUG] cnn_neat: Added edge 3→6 (from 25 candidates)
2026-08-15 02:13:18,605 [DEBUG] cnn_neat: Added edge 2→5 (from 26 candidates)
2026-08-15 02:13:18,619 [DEBUG] cnn_neat: Removed hidden node 2 (pool=8)
2026-08-15 02:13:18,633 [DEBUG] cnn_neat: Removed edge 10→7 (from 14 candidates)
2026-08-15 02:13:18,646 [DEBUG] cnn_neat: Removed 3 edges (requested 3)
2026-08-15 02:13:18,648 [DEBUG] cnn_neat: Split edge 0→3, new hidden node 11 (pool=3)
2026-08-15 02:13:18,661 [DEBUG] cnn_neat: Added edge 9→5 (from 25 candidates)
2026-08-15 02:13:18,670 [DEBUG] cnn_neat: Added edge 7→1 (from 27 candidates)
2026-08-15 02:13:18,732 [DEBUG] cnn_neat: Added edge 9→5 (from 21 candidates)
2026-08-15 02:13:18,871 [DEBUG] cnn_neat: Removed hidden node 3 (pool=8)
2026-08-15 02:13:18,875 [DEBUG] cnn_neat: Removed edge 7→9 (from 14 candidates)
2026-08-15 02:13:18,884 [DEBUG] cnn_neat: Removed 3 edges (requested 3)
2026-08-15 02:13:18,890 [DEBUG] cnn_neat: Split edge 0→2, new hidden node 11 (pool=1)
2026-08-15 02:13:18,914 [DEBUG] cnn_neat: Added edge 2→5 (from 19 candidates)
2026-08-15 02:13:19,311 [DEBUG] cnn_neat: Added edge 3→6 (from 20 candidates)
2026-08-15 02:13:19,320 [DEBUG] cnn_neat: Split edge 3→1, new hidden node 11 (pool=10)
2026-08-15 02:13:19,328 [DEBUG] cnn_neat: Added edge 10→1 (from 15 candidates)
2026-08-15 02:13:19,340 [DEBUG] cnn_neat: Removed hidden node 7 (pool=7)
2026-08-15 02:13:19,347 [DEBUG] cnn_neat: Removed edge 3→1 (from 14 candidates)
2026-08-15 02:13:19,362 [DEBUG] cnn_neat: Removed 3 edges (requested 3)
2026-08-15 02:13:19,371 [DEBUG] cnn_neat: Split edge 0→2, new hidden node 12 (pool=1)
2026-08-15 02:13:19,386 [DEBUG] cnn_neat: Split edge 2→8, new hidden node 11 (pool=11)
2026-08-15 02:13:19,393 [DEBUG] cnn_neat: Added edge 10→1 (from 15 candidates)
2026-08-15 02:13:19,406 [DEBUG] cnn_neat: Removed hidden node 3 (pool=7)
2026-08-15 02:13:19,413 [DEBUG] cnn_neat: Removed edge 2→1 (from 15 candidates)
2026-08-15 02:13:19,426 [DEBUG] cnn_neat: Removed 3 edges (requested 3)
2026-08-15 02:13:19,433 [DEBUG] cnn_neat: Split edge 3→1, new hidden node 11 (pool=11)
2026-08-15 02:13:19,438 [DEBUG] cnn_neat: Split edge 2→6, new hidden node 11 (pool=7)
2026-08-15 02:13:19,454 [DEBUG] cnn_neat: Added edge 2→5 (from 21 candidates)
2026-08-15 02:13:19,468 [DEBUG] cnn_neat: Removed hidden node 8 (pool=8)
2026-08-15 02:13:19,475 [DEBUG] cnn_neat: Removed edge 2→6 (from 15 candidates)
2026-08-15 02:13:19,489 [DEBUG] cnn_neat: Removed 3 edges (requested 3)
2026-08-15 02:13:19,511 [DEBUG] cnn_neat: Added edge 3→6 (from 20 candidates)
2026-08-15 02:13:19,516 [DEBUG] cnn_neat: Added edge 10→5 (from 21 candidates)
2026-08-15 02:13:19,534 [DEBUG] cnn_neat: Added edge 6→1 (from 18 candidates)
2026-08-15 02:13:19,547 [DEBUG] cnn_neat: Removed hidden node 6 (pool=8)
2026-08-15 02:13:19,555 [DEBUG] cnn_neat: Removed edge 8→7 (from 15 candidates)
2026-08-15 02:13:19,571 [DEBUG] cnn_neat: Removed 3 edges (requested 3)
2026-08-15 02:13:19,576 [DEBUG] cnn_neat: Saved generation 31
2026-08-15 02:13:19,674 [DEBUG] cnn_neat: Selected 25 elite individuals
2026-08-15 02:13:19,695 [DEBUG] cnn_neat: Split edge 2→1, new hidden node 11 (pool=11)
2026-08-15 02:13:19,810 [DEBUG] cnn_neat: Added edge 2→6 (from 17 candidates)
2026-08-15 02:13:19,873 [DEBUG] cnn_neat: Added edge 8→3 (from 23 candidates)
2026-08-15 02:13:19,899 [DEBUG] cnn_neat: Removed hidden node 7 (pool=8)
2026-08-15 02:13:19,915 [DEBUG] cnn_neat: Removed edge 5→9 (from 15 candidates)
2026-08-15 02:13:19,941 [DEBUG] cnn_neat: Removed 3 edges (requested 3)
2026-08-15 02:13:19,951 [DEBUG] cnn_neat: Split edge 2→3, new hidden node 11 (pool=5)
2026-08-15 02:13:19,955 [DEBUG] cnn_neat: Split edge 0→2, new hidden node 11 (pool=1)
2026-08-15 02:13:19,966 [DEBUG] cnn_neat: Added edge 10→1 (from 21 candidates)
2026-08-15 02:13:19,987 [DEBUG] cnn_neat: Added edge 2→7 (from 20 candidates)
2026-08-15 02:13:20,003 [DEBUG] cnn_neat: Removed hidden node 7 (pool=8)
2026-08-15 02:13:20,014 [DEBUG] cnn_neat: Removed edge 10→7 (from 16 candidates)
2026-08-15 02:13:20,024 [DEBUG] cnn_neat: Trimmed elite queue to 128 entries
2026-08-15 02:13:20,741 [DEBUG] cnn_neat: Removed 3 edges (requested 3)
2026-08-15 02:13:20,742 [DEBUG] cnn_neat: Split edge 8→1, new hidden node 11 (pool=7)
2026-08-15 02:13:20,746 [DEBUG] cnn_neat: Added edge 10→7 (from 17 candidates)
2026-08-15 02:13:20,753 [DEBUG] cnn_neat: Removed hidden node 5 (pool=6)
2026-08-15 02:13:20,757 [DEBUG] cnn_neat: Removed edge 2→1 (from 10 candidates)
2026-08-15 02:13:20,763 [DEBUG] cnn_neat: Removed 3 edges (requested 3)
2026-08-15 02:13:20,769 [DEBUG] cnn_neat: Crossover rejected: union topology invalid (edges=33 nodes=15)
2026-08-15 02:13:20,773 [DEBUG] cnn_neat: Split edge 0→8, new hidden node 11 (pool=7)
2026-08-15 02:13:20,776 [DEBUG] cnn_neat: Added edge 8→3 (from 17 candidates)
2026-08-15 02:13:20,780 [DEBUG] cnn_neat: Added edge 7→10 (from 13 candidates)
2026-08-15 02:13:20,784 [DEBUG] cnn_neat: Added edge 2→5 (from 11 candidates)
2026-08-15 02:13:20,788 [DEBUG] cnn_neat: Added edge 2→7 (from 9 candidates)
2026-08-15 02:13:20,792 [DEBUG] cnn_neat: Added edge 7→8 (from 7 candidates)
2026-08-15 02:13:20,800 [DEBUG] cnn_neat: Added edge 11→3 (from 36 candidates)
2026-08-15 02:13:20,804 [DEBUG] cnn_neat: Added edge 3→11 (from 36 candidates)
2026-08-15 02:13:20,814 [DEBUG] cnn_neat: Removed hidden node 2 (pool=8)
2026-08-15 02:13:20,817 [DEBUG] cnn_neat: Removed edge 10→11 (from 10 candidates)
2026-08-15 02:13:20,823 [DEBUG] cnn_neat: Added edge 8→11 (from 39 candidates)
2026-08-15 02:13:20,830 [DEBUG] cnn_neat: Removed 3 edges (requested 3)
2026-08-15 02:13:20,836 [DEBUG] cnn_neat: Crossover rejected: union topology invalid (edges=38 nodes=17)
2026-08-15 02:13:20,841 [DEBUG] cnn_neat: Added edge 8→10 (from 36 candidates)
2026-08-15 02:13:20,846 [DEBUG] cnn_neat: Added edge 3→8 (from 36 candidates)
2026-08-15 02:13:20,850 [DEBUG] cnn_neat: Added edge 5→10 (from 31 candidates)
2026-08-15 02:13:20,855 [DEBUG] cnn_neat: Added edge 5→3 (from 25 candidates)
2026-08-15 02:13:20,858 [DEBUG] cnn_neat: Added edge 10→8 (from 24 candidates)
2026-08-15 02:13:20,863 [DEBUG] cnn_neat: Added edge 7→10 (from 23 candidates)
2026-08-15 02:13:20,868 [DEBUG] cnn_neat: Split edge 2→3, new hidden node 11 (pool=10)
2026-08-15 02:13:20,873 [DEBUG] cnn_neat: Added edge 3→8 (from 19 candidates)
2026-08-15 02:13:20,878 [DEBUG] cnn_neat: Split edge 0→8, new hidden node 11 (pool=11)
2026-08-15 02:13:20,884 [DEBUG] cnn_neat: Removed hidden node 10 (pool=7)
2026-08-15 02:13:20,888 [DEBUG] cnn_neat: Removed edge 8→6 (from 14 candidates)
2026-08-15 02:13:20,895 [DEBUG] cnn_neat: Removed 3 edges (requested 3)
2026-08-15 02:13:20,900 [DEBUG] cnn_neat: Crossover rejected: union topology invalid (edges=41 nodes=17)
2026-08-15 02:13:20,904 [DEBUG] cnn_neat: Split edge 3→1, new hidden node 11 (pool=10)
2026-08-15 02:13:20,908 [DEBUG] cnn_neat: Added edge 7→1 (from 19 candidates)
2026-08-15 02:13:20,913 [DEBUG] cnn_neat: Added edge 3→8 (from 18 candidates)
2026-08-15 02:13:20,917 [DEBUG] cnn_neat: Added edge 6→5 (from 14 candidates)
2026-08-15 02:13:20,921 [DEBUG] cnn_neat: Added edge 6→7 (from 12 candidates)
2026-08-15 02:13:20,926 [DEBUG] cnn_neat: Added edge 8→1 (from 10 candidates)
2026-08-15 02:13:20,934 [DEBUG] cnn_neat: Added edge 5→6 (from 24 candidates)
2026-08-15 02:13:20,939 [DEBUG] cnn_neat: Added edge 10→5 (from 24 candidates)
2026-08-15 02:13:20,946 [DEBUG] cnn_neat: Removed hidden node 9 (pool=8)
2026-08-15 02:13:20,950 [DEBUG] cnn_neat: Removed edge 2→8 (from 14 candidates)
2026-08-15 02:13:20,956 [DEBUG] cnn_neat: Removed 3 edges (requested 3)
2026-08-15 02:13:20,960 [DEBUG] cnn_neat: Crossover rejected: union topology invalid (edges=37 nodes=18)
2026-08-15 02:13:20,966 [DEBUG] cnn_neat: Added edge 8→3 (from 24 candidates)
2026-08-15 02:13:20,971 [DEBUG] cnn_neat: Added edge 6→1 (from 24 candidates)
2026-08-15 02:13:20,977 [DEBUG] cnn_neat: Added edge 9→5 (from 23 candidates)
2026-08-15 02:13:20,982 [DEBUG] cnn_neat: Added edge 8→5 (from 21 candidates)
2026-08-15 02:13:20,987 [DEBUG] cnn_neat: Added edge 10→5 (from 20 candidates)
2026-08-15 02:13:20,993 [DEBUG] cnn_neat: Added edge 3→8 (from 19 candidates)
2026-08-15 02:13:21,003 [DEBUG] cnn_neat: Added edge 6→1 (from 21 candidates)
2026-08-15 02:13:21,007 [DEBUG] cnn_neat: Added edge 3→9 (from 21 candidates)
2026-08-15 02:13:21,013 [DEBUG] cnn_neat: Removed hidden node 8 (pool=8)
2026-08-15 02:13:21,019 [DEBUG] cnn_neat: Added edge 0→6 (from 17 candidates)
2026-08-15 02:13:21,023 [DEBUG] cnn_neat: Removed edge 2→1 (from 14 candidates)
2026-08-15 02:13:21,029 [DEBUG] cnn_neat: Removed 3 edges (requested 3)
2026-08-15 02:13:21,034 [DEBUG] cnn_neat: Crossover rejected: union topology invalid (edges=40 nodes=18)
2026-08-15 02:13:21,041 [DEBUG] cnn_neat: Added edge 3→8 (from 21 candidates)
2026-08-15 02:13:21,045 [DEBUG] cnn_neat: Added edge 7→1 (from 21 candidates)
2026-08-15 02:13:21,048 [DEBUG] cnn_neat: Added edge 2→7 (from 20 candidates)
2026-08-15 02:13:21,053 [DEBUG] cnn_neat: Added edge 9→1 (from 19 candidates)
2026-08-15 02:13:21,058 [DEBUG] cnn_neat: Added edge 6→1 (from 18 candidates)
2026-08-15 02:13:21,063 [DEBUG] cnn_neat: Added edge 7→6 (from 17 candidates)
2026-08-15 02:13:21,072 [DEBUG] cnn_neat: Added edge 10→8 (from 22 candidates)
2026-08-15 02:13:21,076 [DEBUG] cnn_neat: Added edge 9→1 (from 22 candidates)
2026-08-15 02:13:21,084 [DEBUG] cnn_neat: Added edge 6→5 (from 21 candidates)
2026-08-15 02:13:21,090 [DEBUG] cnn_neat: Removed hidden node 7 (pool=8)
2026-08-15 02:13:21,094 [DEBUG] cnn_neat: Removed edge 9→6 (from 16 candidates)
2026-08-15 02:13:21,101 [DEBUG] cnn_neat: Removed 3 edges (requested 3)
2026-08-15 02:13:21,107 [DEBUG] cnn_neat: Crossover rejected: union topology invalid (edges=40 nodes=18)
2026-08-15 02:13:21,113 [DEBUG] cnn_neat: Added edge 10→8 (from 22 candidates)
2026-08-15 02:13:21,120 [DEBUG] cnn_neat: Removed hidden node 10 (pool=8)
2026-08-15 02:13:21,125 [DEBUG] cnn_neat: Added edge 10→8 (from 22 candidates)
2026-08-15 02:13:21,130 [DEBUG] cnn_neat: Added edge 7→1 (from 20 candidates)
2026-08-15 02:13:21,135 [DEBUG] cnn_neat: Added edge 8→3 (from 19 candidates)
2026-08-15 02:13:21,139 [DEBUG] cnn_neat: Added edge 5→6 (from 17 candidates)
2026-08-15 02:13:21,142 [DEBUG] cnn_neat: Added edge 8→1 (from 15 candidates)
2026-08-15 02:13:21,151 [DEBUG] cnn_neat: Added edge 10→1 (from 20 candidates)
2026-08-15 02:13:21,155 [DEBUG] cnn_neat: Added edge 8→9 (from 20 candidates)
2026-08-15 02:13:21,161 [DEBUG] cnn_neat: Removed hidden node 3 (pool=8)
2026-08-15 02:13:21,165 [DEBUG] cnn_neat: Removed edge 7→9 (from 15 candidates)
2026-08-15 02:13:21,172 [DEBUG] cnn_neat: Removed 3 edges (requested 3)
2026-08-15 02:13:21,177 [DEBUG] cnn_neat: Crossover rejected: union topology invalid (edges=36 nodes=18)
2026-08-15 02:13:21,183 [DEBUG] cnn_neat: Added edge 10→8 (from 20 candidates)
2026-08-15 02:13:21,188 [DEBUG] cnn_neat: Added edge 9→1 (from 20 candidates)
2026-08-15 02:13:21,193 [DEBUG] cnn_neat: Added edge 5→6 (from 19 candidates)
2026-08-15 02:13:21,198 [DEBUG] cnn_neat: Added edge 3→8 (from 18 candidates)
2026-08-15 02:13:21,202 [DEBUG] cnn_neat: Added edge 8→1 (from 15 candidates)
2026-08-15 02:13:21,208 [DEBUG] cnn_neat: Added edge 10→5 (from 14 candidates)
2026-08-15 02:13:21,217 [DEBUG] cnn_neat: Added edge 6→1 (from 18 candidates)
2026-08-15 02:13:21,222 [DEBUG] cnn_neat: Added edge 9→1 (from 18 candidates)
2026-08-15 02:13:21,229 [DEBUG] cnn_neat: Removed hidden node 9 (pool=8)
2026-08-15 02:13:21,233 [DEBUG] cnn_neat: Removed edge 8→6 (from 18 candidates)
2026-08-15 02:13:21,240 [DEBUG] cnn_neat: Removed 3 edges (requested 3)
2026-08-15 02:13:21,244 [DEBUG] cnn_neat: Crossover rejected: union topology invalid (edges=45 nodes=18)
2026-08-15 02:13:21,252 [DEBUG] cnn_neat: Added edge 8→10 (from 18 candidates)
2026-08-15 02:13:21,257 [DEBUG] cnn_neat: Added edge 8→5 (from 18 candidates)
2026-08-15 02:13:21,261 [DEBUG] cnn_neat: Added edge 2→5 (from 17 candidates)
2026-08-15 02:13:21,265 [DEBUG] cnn_neat: Added edge 2→7 (from 16 candidates)
2026-08-15 02:13:21,270 [DEBUG] cnn_neat: Added edge 7→1 (from 15 candidates)
2026-08-15 02:13:21,274 [DEBUG] cnn_neat: Added edge 10→1 (from 14 candidates)
2026-08-15 02:13:21,281 [DEBUG] cnn_neat: Added edge 8→9 (from 45 candidates)
2026-08-15 02:13:21,286 [DEBUG] cnn_neat: Added edge 2→8 (from 45 candidates)
2026-08-15 02:13:21,293 [DEBUG] cnn_neat: Removed hidden node 9 (pool=8)
2026-08-15 02:13:21,442 [DEBUG] cnn_neat: Split edge 2→3, new hidden node 11 (pool=7)
2026-08-15 02:13:21,578 [DEBUG] cnn_neat: Added edge 5→10 (from 25 candidates)
2026-08-15 02:13:21,602 [DEBUG] cnn_neat: Removed hidden node 7 (pool=7)
2026-08-15 02:13:21,610 [DEBUG] cnn_neat: Removed edge 3→1 (from 11 candidates)
2026-08-15 02:13:21,628 [DEBUG] cnn_neat: Removed 3 edges (requested 3)
2026-08-15 02:13:21,644 [DEBUG] cnn_neat: Split edge 7→8, new hidden node 11 (pool=7)
2026-08-15 02:13:21,665 [DEBUG] cnn_neat: Split edge 0→8, new hidden node 11 (pool=8)
2026-08-15 02:13:21,676 [DEBUG] cnn_neat: Added edge 5→10 (from 19 candidates)
2026-08-15 02:13:21,696 [DEBUG] cnn_neat: Removed hidden node 10 (pool=6)
2026-08-15 02:13:21,707 [DEBUG] cnn_neat: Removed edge 0→8 (from 11 candidates)
2026-08-15 02:13:21,726 [DEBUG] cnn_neat: Removed 3 edges (requested 3)
2026-08-15 02:13:21,737 [DEBUG] cnn_neat: Split edge 0→8, new hidden node 11 (pool=8)
2026-08-15 02:13:21,746 [DEBUG] cnn_neat: Split edge 0→3, new hidden node 9 (pool=9)
2026-08-15 02:13:22,291 [DEBUG] cnn_neat: Split edge 8→1, new hidden node 11 (pool=7)
2026-08-15 02:13:22,338 [DEBUG] cnn_neat: Added edge 8→3 (from 39 candidates)
2026-08-15 02:13:22,390 [DEBUG] cnn_neat: Removed hidden node 6 (pool=8)
2026-08-15 02:13:22,416 [DEBUG] cnn_neat: Removed edge 8→1 (from 9 candidates)
2026-08-15 02:13:22,464 [DEBUG] cnn_neat: Removed 3 edges (requested 3)
2026-08-15 02:13:22,495 [DEBUG] cnn_neat: Split edge 0→3, new hidden node 12 (pool=7)
2026-08-15 02:13:22,529 [DEBUG] cnn_neat: Added edge 3→11 (from 35 candidates)
2026-08-15 02:13:22,600 [DEBUG] cnn_neat: Split edge 8→1, new hidden node 11 (pool=7)
2026-08-15 02:13:22,618 [DEBUG] cnn_neat: Added edge 2→5 (from 17 candidates)
2026-08-15 02:13:22,647 [DEBUG] cnn_neat: Removed hidden node 2 (pool=6)
2026-08-15 02:13:22,666 [DEBUG] cnn_neat: Removed edge 7→1 (from 10 candidates)
2026-08-15 02:13:22,679 [DEBUG] cnn_neat: Removed 3 edges (requested 3)
2026-08-15 02:13:22,687 [DEBUG] cnn_neat: Split edge 0→8, new hidden node 11 (pool=10)
2026-08-15 02:13:22,692 [DEBUG] cnn_neat: Split edge 0→3, new hidden node 11 (pool=5)
2026-08-15 02:13:22,708 [DEBUG] cnn_neat: Added edge 8→11 (from 36 candidates)
2026-08-15 02:13:22,720 [DEBUG] cnn_neat: Removed hidden node 6 (pool=8)
2026-08-15 02:13:22,727 [DEBUG] cnn_neat: Removed edge 7→1 (from 10 candidates)
2026-08-15 02:13:22,739 [DEBUG] cnn_neat: Removed 3 edges (requested 3)
2026-08-15 02:13:22,749 [DEBUG] cnn_neat: Split edge 7→1, new hidden node 12 (pool=7)
2026-08-15 02:13:22,761 [DEBUG] cnn_neat: Added edge 5→11 (from 33 candidates)
2026-08-15 02:13:22,779 [DEBUG] cnn_neat: Added edge 11→10 (from 36 candidates)
2026-08-15 02:13:22,794 [DEBUG] cnn_neat: Removed hidden node 6 (pool=8)
2026-08-15 02:13:22,801 [DEBUG] cnn_neat: Removed edge 10→3 (from 10 candidates)
2026-08-15 02:13:22,815 [DEBUG] cnn_neat: Removed 3 edges (requested 3)
2026-08-15 02:13:22,827 [DEBUG] cnn_neat: Split edge 2→1, new hidden node 12 (pool=7)
2026-08-15 02:13:22,843 [DEBUG] cnn_neat: Added edge 7→8 (from 31 candidates)
2026-08-15 02:13:22,859 [DEBUG] cnn_neat: Added edge 8→10 (from 23 candidates)
2026-08-15 02:13:22,872 [DEBUG] cnn_neat: Removed hidden node 9 (pool=8)
2026-08-15 02:13:22,879 [DEBUG] cnn_neat: Removed edge 10→3 (from 15 candidates)
2026-08-15 02:13:22,892 [DEBUG] cnn_neat: Removed 3 edges (requested 3)
2026-08-15 02:13:22,909 [DEBUG] cnn_neat: Added edge 7→6 (from 20 candidates)
2026-08-15 02:13:22,915 [DEBUG] cnn_neat: Added edge 8→9 (from 25 candidates)
2026-08-15 02:13:22,922 [DEBUG] cnn_neat: Added edge 3→8 (from 30 candidates)
2026-08-15 02:13:22,939 [DEBUG] cnn_neat: Added edge 2→7 (from 20 candidates)
2026-08-15 02:13:22,951 [DEBUG] cnn_neat: Removed hidden node 10 (pool=8)
2026-08-15 02:13:22,958 [DEBUG] cnn_neat: Removed edge 8→6 (from 16 candidates)
2026-08-15 02:13:22,973 [DEBUG] cnn_neat: Removed 3 edges (requested 3)
2026-08-15 02:13:22,988 [DEBUG] cnn_neat: Added edge 8→1 (from 19 candidates)
2026-08-15 02:13:22,993 [DEBUG] cnn_neat: Added edge 5→6 (from 25 candidates)
2026-08-15 02:13:23,008 [DEBUG] cnn_neat: Removed hidden node 10 (pool=8)
2026-08-15 02:13:23,017 [DEBUG] cnn_neat: Removed hidden node 7 (pool=8)
2026-08-15 02:13:23,134 [DEBUG] cnn_neat: Added edge 10→1 (from 19 candidates)
2026-08-15 02:13:23,147 [DEBUG] cnn_neat: Removed hidden node 2 (pool=8)
2026-08-15 02:13:23,160 [DEBUG] cnn_neat: Removed edge 2→1 (from 17 candidates)
2026-08-15 02:13:23,172 [DEBUG] cnn_neat: Removed 3 edges (requested 3)
2026-08-15 02:13:23,203 [DEBUG] cnn_neat: Added edge 9→1 (from 18 candidates)
2026-08-15 02:13:23,217 [DEBUG] cnn_neat: Added edge 8→9 (from 20 candidates)
2026-08-15 02:13:23,228 [DEBUG] cnn_neat: Added edge 7→6 (from 24 candidates)
2026-08-15 02:13:23,252 [DEBUG] cnn_neat: Split edge 3→1, new hidden node 11 (pool=10)
2026-08-15 02:13:23,268 [DEBUG] cnn_neat: Added edge 6→3 (from 19 candidates)
2026-08-15 02:13:23,292 [DEBUG] cnn_neat: Removed hidden node 2 (pool=7)
2026-08-15 02:13:23,650 [DEBUG] cnn_neat: Removed edge 10→7 (from 14 candidates)
2026-08-15 02:13:23,671 [DEBUG] cnn_neat: Added edge 8→10 (from 24 candidates)
2026-08-15 02:13:23,692 [DEBUG] cnn_neat: Removed hidden node 5 (pool=8)
2026-08-15 02:13:23,706 [DEBUG] cnn_neat: Removed edge 8→6 (from 14 candidates)
2026-08-15 02:13:23,722 [DEBUG] cnn_neat: Removed 3 edges (requested 3)
2026-08-15 02:13:23,740 [DEBUG] cnn_neat: Split edge 2→3, new hidden node 11 (pool=13)
2026-08-15 02:13:23,753 [DEBUG] cnn_neat: Added edge 7→6 (from 21 candidates)
2026-08-15 02:13:23,772 [DEBUG] cnn_neat: Added edge 2→5 (from 21 candidates)
2026-08-15 02:13:23,777 [DEBUG] cnn_neat: Removed hidden node 7 (pool=8)
2026-08-15 02:13:23,789 [DEBUG] cnn_neat: Removed edge 2→3 (from 14 candidates)
2026-08-15 02:13:23,810 [DEBUG] cnn_neat: Removed 3 edges (requested 3)
2026-08-15 02:13:23,821 [DEBUG] cnn_neat: Split edge 3→1, new hidden node 11 (pool=6)
2026-08-15 02:13:23,832 [DEBUG] cnn_neat: Split edge 0→2, new hidden node 11 (pool=1)
2026-08-15 02:13:24,204 [DEBUG] cnn_neat: Added edge 3→5 (from 22 candidates)
2026-08-15 02:13:24,224 [DEBUG] cnn_neat: Added edge 10→8 (from 20 candidates)
2026-08-15 02:13:24,238 [DEBUG] cnn_neat: Removed hidden node 8 (pool=8)
2026-08-15 02:13:24,245 [DEBUG] cnn_neat: Removed edge 2→3 (from 15 candidates)
2026-08-15 02:13:24,271 [DEBUG] cnn_neat: Removed 3 edges (requested 3)
2026-08-15 02:13:24,303 [DEBUG] cnn_neat: Added edge 3→6 (from 16 candidates)
2026-08-15 02:13:24,311 [DEBUG] cnn_neat: Added edge 10→1 (from 21 candidates)
2026-08-15 02:13:24,315 [DEBUG] cnn_neat: Added edge 7→3 (from 29 candidates)
2026-08-15 02:13:24,335 [DEBUG] cnn_neat: Added edge 8→10 (from 18 candidates)
2026-08-15 02:13:24,348 [DEBUG] cnn_neat: Removed hidden node 8 (pool=8)
2026-08-15 02:13:24,359 [DEBUG] cnn_neat: Removed edge 2→6 (from 18 candidates)
2026-08-15 02:13:24,385 [DEBUG] cnn_neat: Removed 3 edges (requested 3)
2026-08-15 02:13:24,801 [DEBUG] cnn_neat: Added edge 10→1 (from 15 candidates)
2026-08-15 02:13:24,823 [DEBUG] cnn_neat: Added edge 10→7 (from 46 candidates)
2026-08-15 02:13:24,836 [DEBUG] cnn_neat: Removed hidden node 3 (pool=8)
2026-08-15 02:13:24,847 [DEBUG] cnn_neat: Removed edge 8→1 (from 6 candidates)
2026-08-15 02:13:24,856 [DEBUG] cnn_neat: Removed 3 edges (requested 3)
2026-08-15 02:13:24,871 [DEBUG] cnn_neat: Split edge 2→1, new hidden node 12 (pool=2)
2026-08-15 02:13:24,880 [DEBUG] cnn_neat: Split edge 0→2, new hidden node 12 (pool=1)
2026-08-15 02:13:24,896 [DEBUG] cnn_neat: Added edge 8→9 (from 41 candidates)
2026-08-15 02:13:24,918 [DEBUG] cnn_neat: Added edge 5→2 (from 45 candidates)
2026-08-15 02:13:24,937 [DEBUG] cnn_neat: Removed hidden node 5 (pool=8)
2026-08-15 02:13:24,941 [DEBUG] cnn_neat: Removed edge 2→9 (from 8 candidates)
2026-08-15 02:13:24,958 [DEBUG] cnn_neat: Removed 3 edges (requested 3)
2026-08-15 02:13:24,977 [DEBUG] cnn_neat: Split edge 2→1, new hidden node 12 (pool=7)
2026-08-15 02:13:24,987 [DEBUG] cnn_neat: Split edge 0→2, new hidden node 12 (pool=1)
2026-08-15 02:13:25,343 [DEBUG] cnn_neat: Added edge 10→1 (from 36 candidates)
2026-08-15 02:13:25,371 [DEBUG] cnn_neat: Added edge 10→1 (from 27 candidates)
2026-08-15 02:13:25,386 [DEBUG] cnn_neat: Removed hidden node 7 (pool=8)
2026-08-15 02:13:25,394 [DEBUG] cnn_neat: Removed edge 2→1 (from 11 candidates)
2026-08-15 02:13:25,410 [DEBUG] cnn_neat: Removed 3 edges (requested 3)
2026-08-15 02:13:25,429 [DEBUG] cnn_neat: Added edge 2→7 (from 26 candidates)
2026-08-15 02:13:25,433 [DEBUG] cnn_neat: Added edge 8→9 (from 28 candidates)
2026-08-15 02:13:25,488 [DEBUG] cnn_neat: Added edge 6→1 (from 33 candidates)
2026-08-15 02:13:25,531 [DEBUG] cnn_neat: Added edge 10→6 (from 20 candidates)
2026-08-15 02:13:25,933 [DEBUG] cnn_neat: Removed hidden node 6 (pool=8)
2026-08-15 02:13:25,948 [DEBUG] cnn_neat: Added edge 10→8 (from 23 candidates)
2026-08-15 02:13:25,960 [DEBUG] cnn_neat: Removed hidden node 8 (pool=8)
2026-08-15 02:13:25,968 [DEBUG] cnn_neat: Removed edge 3→8 (from 13 candidates)
2026-08-15 02:13:25,983 [DEBUG] cnn_neat: Removed 3 edges (requested 3)
2026-08-15 02:13:25,990 [DEBUG] cnn_neat: Split edge 0→8, new hidden node 11 (pool=1)
2026-08-15 02:13:25,997 [DEBUG] cnn_neat: Added edge 3→1 (from 26 candidates)
2026-08-15 02:13:26,005 [DEBUG] cnn_neat: Split edge 0→7, new hidden node 12 (pool=10)
2026-08-15 02:13:26,018 [DEBUG] cnn_neat: Removed hidden node 6 (pool=8)
2026-08-15 02:13:26,026 [DEBUG] cnn_neat: Added edge 7→9 (from 30 candidates)
2026-08-15 02:13:26,045 [DEBUG] cnn_neat: Added edge 2→7 (from 19 candidates)
2026-08-15 02:13:26,057 [DEBUG] cnn_neat: Removed hidden node 8 (pool=8)
2026-08-15 02:13:26,065 [DEBUG] cnn_neat: Removed edge 10→3 (from 14 candidates)
2026-08-15 02:13:26,081 [DEBUG] cnn_neat: Removed 3 edges (requested 3)
2026-08-15 02:13:26,100 [DEBUG] cnn_neat: Added edge 10→9 (from 18 candidates)
2026-08-15 02:13:26,108 [DEBUG] cnn_neat: Added edge 6→1 (from 23 candidates)
2026-08-15 02:13:26,115 [DEBUG] cnn_neat: Added edge 7→9 (from 25 candidates)
2026-08-15 02:13:26,130 [DEBUG] cnn_neat: Removed hidden node 5 (pool=8)
2026-08-15 02:13:26,147 [DEBUG] cnn_neat: Added edge 10→1 (from 20 candidates)
2026-08-15 02:13:26,158 [DEBUG] cnn_neat: Removed hidden node 2 (pool=8)
2026-08-15 02:13:26,165 [DEBUG] cnn_neat: Removed edge 2→1 (from 16 candidates)
2026-08-15 02:13:26,175 [DEBUG] cnn_neat: Saved generation 32
2026-08-15 02:13:26,274 [DEBUG] cnn_neat: Selected 25 elite individuals
2026-08-15 02:13:26,283 [DEBUG] cnn_neat: Removed 3 edges (requested 3)
2026-08-15 02:13:26,313 [DEBUG] cnn_neat: Split edge 0→3, new hidden node 11 (pool=4)
2026-08-15 02:13:26,424 [DEBUG] cnn_neat: Added edge 3→7 (from 19 candidates)
2026-08-15 02:13:26,480 [DEBUG] cnn_neat: Added edge 9→1 (from 19 candidates)
2026-08-15 02:13:26,507 [DEBUG] cnn_neat: Removed hidden node 2 (pool=8)
2026-08-15 02:13:26,524 [DEBUG] cnn_neat: Removed edge 2→3 (from 17 candidates)
2026-08-15 02:13:26,554 [DEBUG] cnn_neat: Removed 3 edges (requested 3)
2026-08-15 02:13:26,568 [DEBUG] cnn_neat: Split edge 3→7, new hidden node 11 (pool=5)
2026-08-15 02:13:26,582 [DEBUG] cnn_neat: Split edge 0→2, new hidden node 11 (pool=1)
2026-08-15 02:13:26,597 [DEBUG] cnn_neat: Added edge 2→5 (from 19 candidates)
2026-08-15 02:13:26,613 [DEBUG] cnn_neat: Removed hidden node 5 (pool=8)
2026-08-15 02:13:26,625 [DEBUG] cnn_neat: Removed edge 2→9 (from 17 candidates)
2026-08-15 02:13:26,637 [DEBUG] cnn_neat: Trimmed elite queue to 128 entries
2026-08-15 02:13:27,369 [DEBUG] cnn_neat: Removed 3 edges (requested 3)
2026-08-15 02:13:27,371 [DEBUG] cnn_neat: Split edge 7→1, new hidden node 11 (pool=7)
2026-08-15 02:13:27,376 [DEBUG] cnn_neat: Added edge 2→8 (from 28 candidates)
2026-08-15 02:13:27,382 [DEBUG] cnn_neat: Removed hidden node 2 (pool=7)
2026-08-15 02:13:27,386 [DEBUG] cnn_neat: Removed edge 2→3 (from 10 candidates)
2026-08-15 02:13:27,393 [DEBUG] cnn_neat: Removed 3 edges (requested 3)
2026-08-15 02:13:27,400 [DEBUG] cnn_neat: Crossover rejected: union topology invalid (edges=31 nodes=15)
2026-08-15 02:13:27,404 [DEBUG] cnn_neat: Split edge 7→1, new hidden node 11 (pool=7)
2026-08-15 02:13:27,408 [DEBUG] cnn_neat: Added edge 8→11 (from 41 candidates)
2026-08-15 02:13:27,412 [DEBUG] cnn_neat: Added edge 2→7 (from 28 candidates)
2026-08-15 02:13:27,416 [DEBUG] cnn_neat: Added edge 6→10 (from 23 candidates)
2026-08-15 02:13:27,421 [DEBUG] cnn_neat: Added edge 8→10 (from 14 candidates)
2026-08-15 02:13:27,425 [DEBUG] cnn_neat: Added edge 6→1 (from 13 candidates)
2026-08-15 02:13:27,429 [DEBUG] cnn_neat: Added edge 5→3 (from 12 candidates)
2026-08-15 02:13:27,433 [DEBUG] cnn_neat: Split edge 2→1, new hidden node 11 (pool=6)
2026-08-15 02:13:27,439 [DEBUG] cnn_neat: Added edge 2→6 (from 25 candidates)
2026-08-15 02:13:27,445 [DEBUG] cnn_neat: Removed hidden node 7 (pool=7)
2026-08-15 02:13:27,449 [DEBUG] cnn_neat: Removed edge 10→3 (from 11 candidates)
2026-08-15 02:13:27,457 [DEBUG] cnn_neat: Removed 3 edges (requested 3)
2026-08-15 02:13:27,463 [DEBUG] cnn_neat: Crossover rejected: union topology invalid (edges=34 nodes=16)
2026-08-15 02:13:27,466 [DEBUG] cnn_neat: Split edge 2→3, new hidden node 11 (pool=6)
2026-08-15 02:13:27,471 [DEBUG] cnn_neat: Added edge 3→5 (from 25 candidates)
2026-08-15 02:13:27,475 [DEBUG] cnn_neat: Added edge 7→2 (from 17 candidates)
2026-08-15 02:13:27,480 [DEBUG] cnn_neat: Added edge 3→6 (from 13 candidates)
2026-08-15 02:13:27,485 [DEBUG] cnn_neat: Added edge 7→3 (from 12 candidates)
2026-08-15 02:13:27,489 [DEBUG] cnn_neat: Added edge 7→8 (from 11 candidates)
2026-08-15 02:13:27,498 [DEBUG] cnn_neat: Added edge 2→7 (from 36 candidates)
2026-08-15 02:13:27,502 [DEBUG] cnn_neat: Added edge 7→6 (from 36 candidates)
2026-08-15 02:13:27,507 [DEBUG] cnn_neat: Removed hidden node 3 (pool=8)
2026-08-15 02:13:27,511 [DEBUG] cnn_neat: Removed edge 10→6 (from 11 candidates)
2026-08-15 02:13:27,517 [DEBUG] cnn_neat: Removed 3 edges (requested 3)
2026-08-15 02:13:27,523 [DEBUG] cnn_neat: Crossover rejected: union topology invalid (edges=34 nodes=17)
2026-08-15 02:13:27,528 [DEBUG] cnn_neat: Added edge 8→2 (from 36 candidates)
2026-08-15 02:13:27,532 [DEBUG] cnn_neat: Added edge 5→11 (from 36 candidates)
2026-08-15 02:13:27,536 [DEBUG] cnn_neat: Added edge 3→5 (from 35 candidates)
2026-08-15 02:13:27,540 [DEBUG] cnn_neat: Added edge 2→8 (from 24 candidates)
2026-08-15 02:13:27,544 [DEBUG] cnn_neat: Added edge 7→2 (from 23 candidates)
2026-08-15 02:13:27,549 [DEBUG] cnn_neat: Added edge 2→5 (from 19 candidates)
2026-08-15 02:13:27,556 [DEBUG] cnn_neat: Added edge 6→1 (from 34 candidates)
2026-08-15 02:13:27,561 [DEBUG] cnn_neat: Added edge 5→2 (from 34 candidates)
2026-08-15 02:13:27,567 [DEBUG] cnn_neat: Removed hidden node 3 (pool=8)
2026-08-15 02:13:27,570 [DEBUG] cnn_neat: Removed edge 3→1 (from 12 candidates)
2026-08-15 02:13:27,577 [DEBUG] cnn_neat: Removed 3 edges (requested 3)
2026-08-15 02:13:27,583 [DEBUG] cnn_neat: Crossover rejected: union topology invalid (edges=39 nodes=18)
2026-08-15 02:13:27,589 [DEBUG] cnn_neat: Added edge 6→1 (from 34 candidates)
2026-08-15 02:13:27,595 [DEBUG] cnn_neat: Removed hidden node 6 (pool=8)
2026-08-15 02:13:27,599 [DEBUG] cnn_neat: Added edge 11→6 (from 34 candidates)
2026-08-15 02:13:27,604 [DEBUG] cnn_neat: Added edge 8→10 (from 31 candidates)
2026-08-15 02:13:27,607 [DEBUG] cnn_neat: Added edge 5→2 (from 22 candidates)
2026-08-15 02:13:27,611 [DEBUG] cnn_neat: Added edge 8→2 (from 19 candidates)
2026-08-15 02:13:27,615 [DEBUG] cnn_neat: Added edge 10→1 (from 17 candidates)
2026-08-15 02:13:27,619 [DEBUG] cnn_neat: Split edge 3→7, new hidden node 11 (pool=10)
2026-08-15 02:13:27,624 [DEBUG] cnn_neat: Added edge 7→1 (from 18 candidates)
2026-08-15 02:13:27,630 [DEBUG] cnn_neat: Removed hidden node 3 (pool=7)
2026-08-15 02:13:27,633 [DEBUG] cnn_neat: Removed edge 7→9 (from 13 candidates)
2026-08-15 02:13:27,642 [DEBUG] cnn_neat: Removed 3 edges (requested 3)
2026-08-15 02:13:27,648 [DEBUG] cnn_neat: Crossover rejected: union topology invalid (edges=35 nodes=17)
2026-08-15 02:13:27,651 [DEBUG] cnn_neat: Split edge 2→1, new hidden node 11 (pool=10)
2026-08-15 02:13:27,654 [DEBUG] cnn_neat: Added edge 8→9 (from 18 candidates)
2026-08-15 02:13:27,658 [DEBUG] cnn_neat: Added edge 10→8 (from 17 candidates)
2026-08-15 02:13:27,662 [DEBUG] cnn_neat: Added edge 3→9 (from 15 candidates)
2026-08-15 02:13:27,666 [DEBUG] cnn_neat: Added edge 10→9 (from 14 candidates)
2026-08-15 02:13:27,670 [DEBUG] cnn_neat: Added edge 3→5 (from 13 candidates)
2026-08-15 02:13:27,673 [DEBUG] cnn_neat: Split edge 3→1, new hidden node 11 (pool=8)
2026-08-15 02:13:27,677 [DEBUG] cnn_neat: Added edge 3→8 (from 21 candidates)
2026-08-15 02:13:27,688 [DEBUG] cnn_neat: Removed hidden node 6 (pool=7)
2026-08-15 02:13:27,692 [DEBUG] cnn_neat: Removed edge 0→3 (from 12 candidates)
2026-08-15 02:13:27,698 [DEBUG] cnn_neat: Removed 3 edges (requested 3)
2026-08-15 02:13:27,703 [DEBUG] cnn_neat: Crossover rejected: union topology invalid (edges=31 nodes=15)
2026-08-15 02:13:27,706 [DEBUG] cnn_neat: Split edge 8→7, new hidden node 11 (pool=8)
2026-08-15 02:13:27,711 [DEBUG] cnn_neat: Added edge 6→3 (from 21 candidates)
2026-08-15 02:13:27,715 [DEBUG] cnn_neat: Added edge 10→8 (from 17 candidates)
2026-08-15 02:13:27,719 [DEBUG] cnn_neat: Added edge 6→8 (from 15 candidates)
2026-08-15 02:13:27,724 [DEBUG] cnn_neat: Added edge 6→1 (from 13 candidates)
2026-08-15 02:13:27,729 [DEBUG] cnn_neat: Added edge 8→1 (from 12 candidates)
2026-08-15 02:13:27,733 [DEBUG] cnn_neat: Split edge 8→7, new hidden node 11 (pool=10)
2026-08-15 02:13:27,737 [DEBUG] cnn_neat: Added edge 3→8 (from 21 candidates)
2026-08-15 02:13:27,742 [DEBUG] cnn_neat: Removed hidden node 7 (pool=7)
2026-08-15 02:13:27,746 [DEBUG] cnn_neat: Removed edge 8→7 (from 13 candidates)
2026-08-15 02:13:27,754 [DEBUG] cnn_neat: Removed 3 edges (requested 3)
2026-08-15 02:13:27,758 [DEBUG] cnn_neat: Crossover rejected: union topology invalid (edges=38 nodes=17)
2026-08-15 02:13:27,761 [DEBUG] cnn_neat: Split edge 2→6, new hidden node 11 (pool=10)
2026-08-15 02:13:27,766 [DEBUG] cnn_neat: Added edge 2→7 (from 21 candidates)
2026-08-15 02:13:27,769 [DEBUG] cnn_neat: Added edge 6→10 (from 20 candidates)
2026-08-15 02:13:27,774 [DEBUG] cnn_neat: Added edge 3→5 (from 13 candidates)
2026-08-15 02:13:27,779 [DEBUG] cnn_neat: Added edge 6→7 (from 12 candidates)
2026-08-15 02:13:27,783 [DEBUG] cnn_neat: Added edge 10→5 (from 11 candidates)
2026-08-15 02:13:27,787 [DEBUG] cnn_neat: Split edge 7→6, new hidden node 11 (pool=11)
2026-08-15 02:13:27,792 [DEBUG] cnn_neat: Added edge 8→1 (from 16 candidates)
2026-08-15 02:13:27,800 [DEBUG] cnn_neat: Removed hidden node 8 (pool=7)
2026-08-15 02:13:27,803 [DEBUG] cnn_neat: Removed edge 2→8 (from 15 candidates)
2026-08-15 02:13:27,811 [DEBUG] cnn_neat: Removed 3 edges (requested 3)
2026-08-15 02:13:27,816 [DEBUG] cnn_neat: Crossover rejected: union topology invalid (edges=39 nodes=17)
2026-08-15 02:13:27,820 [DEBUG] cnn_neat: Split edge 2→3, new hidden node 11 (pool=11)
2026-08-15 02:13:27,823 [DEBUG] cnn_neat: Added edge 2→7 (from 16 candidates)
2026-08-15 02:13:27,828 [DEBUG] cnn_neat: Added edge 10→1 (from 15 candidates)
2026-08-15 02:13:27,832 [DEBUG] cnn_neat: Added edge 3→8 (from 14 candidates)
2026-08-15 02:13:27,836 [DEBUG] cnn_neat: Added edge 10→5 (from 11 candidates)
2026-08-15 02:13:27,840 [DEBUG] cnn_neat: Added edge 6→5 (from 10 candidates)
2026-08-15 02:13:27,849 [DEBUG] cnn_neat: Added edge 8→10 (from 24 candidates)
2026-08-15 02:13:27,854 [DEBUG] cnn_neat: Added edge 8→10 (from 24 candidates)
2026-08-15 02:13:27,859 [DEBUG] cnn_neat: Added edge 10→9 (from 21 candidates)
2026-08-15 02:13:28,017 [DEBUG] cnn_neat: Split edge 0→3, new hidden node 11 (pool=7)
2026-08-15 02:13:28,146 [DEBUG] cnn_neat: Added edge 10→5 (from 25 candidates)
2026-08-15 02:13:28,178 [DEBUG] cnn_neat: Removed hidden node 7 (pool=7)
2026-08-15 02:13:28,189 [DEBUG] cnn_neat: Removed edge 10→3 (from 11 candidates)
2026-08-15 02:13:28,210 [DEBUG] cnn_neat: Removed 3 edges (requested 3)
2026-08-15 02:13:28,227 [DEBUG] cnn_neat: Split edge 2→1, new hidden node 11 (pool=7)
2026-08-15 02:13:28,238 [DEBUG] cnn_neat: Split edge 8→1, new hidden node 11 (pool=7)
2026-08-15 02:13:28,257 [DEBUG] cnn_neat: Split edge 7→1, new hidden node 11 (pool=8)
2026-08-15 02:13:28,268 [DEBUG] cnn_neat: Added edge 3→5 (from 19 candidates)
2026-08-15 02:13:28,288 [DEBUG] cnn_neat: Removed hidden node 2 (pool=6)
2026-08-15 02:13:28,298 [DEBUG] cnn_neat: Removed edge 5→1 (from 11 candidates)
2026-08-15 02:13:28,317 [DEBUG] cnn_neat: Removed 3 edges (requested 3)
2026-08-15 02:13:28,848 [DEBUG] cnn_neat: Split edge 7→8, new hidden node 12 (pool=7)
2026-08-15 02:13:28,895 [DEBUG] cnn_neat: Split edge 7→1, new hidden node 11 (pool=7)
2026-08-15 02:13:28,926 [DEBUG] cnn_neat: Added edge 8→10 (from 28 candidates)
2026-08-15 02:13:28,969 [DEBUG] cnn_neat: Removed hidden node 8 (pool=7)
2026-08-15 02:13:28,998 [DEBUG] cnn_neat: Removed edge 2→3 (from 10 candidates)
2026-08-15 02:13:29,044 [DEBUG] cnn_neat: Removed 3 edges (requested 3)
2026-08-15 02:13:29,064 [DEBUG] cnn_neat: Split edge 8→1, new hidden node 11 (pool=10)
2026-08-15 02:13:29,130 [DEBUG] cnn_neat: Added edge 5→3 (from 21 candidates)
2026-08-15 02:13:29,137 [DEBUG] cnn_neat: Added edge 3→10 (from 37 candidates)
2026-08-15 02:13:29,162 [DEBUG] cnn_neat: Removed hidden node 3 (pool=7)
2026-08-15 02:13:29,197 [DEBUG] cnn_neat: Split edge 7→1, new hidden node 11 (pool=7)
2026-08-15 02:13:29,204 [DEBUG] cnn_neat: Added edge 5→10 (from 20 candidates)
2026-08-15 02:13:29,216 [DEBUG] cnn_neat: Removed hidden node 5 (pool=6)
2026-08-15 02:13:29,223 [DEBUG] cnn_neat: Removed edge 5→1 (from 9 candidates)
2026-08-15 02:13:29,234 [DEBUG] cnn_neat: Removed 3 edges (requested 3)
2026-08-15 02:13:29,241 [DEBUG] cnn_neat: Split edge 0→8, new hidden node 11 (pool=7)
2026-08-15 02:13:29,247 [DEBUG] cnn_neat: Split edge 0→8, new hidden node 11 (pool=7)
2026-08-15 02:13:29,252 [DEBUG] cnn_neat: Split edge 7→1, new hidden node 11 (pool=3)
2026-08-15 02:13:29,266 [DEBUG] cnn_neat: Added edge 10→7 (from 39 candidates)
2026-08-15 02:13:29,278 [DEBUG] cnn_neat: Removed hidden node 11 (pool=8)
2026-08-15 02:13:29,284 [DEBUG] cnn_neat: Removed edge 10→3 (from 9 candidates)
2026-08-15 02:13:29,295 [DEBUG] cnn_neat: Removed 3 edges (requested 3)
2026-08-15 02:13:29,305 [DEBUG] cnn_neat: Split edge 2→1, new hidden node 11 (pool=6)
2026-08-15 02:13:29,317 [DEBUG] cnn_neat: Added edge 10→8 (from 30 candidates)
2026-08-15 02:13:29,331 [DEBUG] cnn_neat: Split edge 2→3, new hidden node 11 (pool=7)
2026-08-15 02:13:29,338 [DEBUG] cnn_neat: Added edge 10→5 (from 17 candidates)
2026-08-15 02:13:29,349 [DEBUG] cnn_neat: Removed hidden node 5 (pool=6)
2026-08-15 02:13:29,355 [DEBUG] cnn_neat: Removed edge 10→3 (from 10 candidates)
2026-08-15 02:13:29,366 [DEBUG] cnn_neat: Removed 3 edges (requested 3)
2026-08-15 02:13:29,374 [DEBUG] cnn_neat: Split edge 2→1, new hidden node 12 (pool=6)
2026-08-15 02:13:29,381 [DEBUG] cnn_neat: Split edge 2→1, new hidden node 11 (pool=7)
2026-08-15 02:13:29,396 [DEBUG] cnn_neat: Added edge 7→3 (from 36 candidates)
2026-08-15 02:13:29,407 [DEBUG] cnn_neat: Removed hidden node 3 (pool=8)
2026-08-15 02:13:29,413 [DEBUG] cnn_neat: Removed edge 5→8 (from 10 candidates)
2026-08-15 02:13:29,425 [DEBUG] cnn_neat: Removed 3 edges (requested 3)
2026-08-15 02:13:29,441 [DEBUG] cnn_neat: Added edge 10→7 (from 34 candidates)
2026-08-15 02:13:29,447 [DEBUG] cnn_neat: Added edge 3→8 (from 41 candidates)
2026-08-15 02:13:29,452 [DEBUG] cnn_neat: Added edge 11→1 (from 43 candidates)
2026-08-15 02:13:29,465 [DEBUG] cnn_neat: Split edge 3→1, new hidden node 11 (pool=6)
2026-08-15 02:13:29,474 [DEBUG] cnn_neat: Added edge 2→6 (from 25 candidates)
2026-08-15 02:13:29,487 [DEBUG] cnn_neat: Removed hidden node 6 (pool=7)
2026-08-15 02:13:29,495 [DEBUG] cnn_neat: Removed edge 8→1 (from 11 candidates)
2026-08-15 02:13:29,511 [DEBUG] cnn_neat: Removed 3 edges (requested 3)
2026-08-15 02:13:29,523 [DEBUG] cnn_neat: Split edge 2→3, new hidden node 11 (pool=5)
2026-08-15 02:13:29,530 [DEBUG] cnn_neat: Split edge 3→1, new hidden node 11 (pool=5)
2026-08-15 02:13:29,539 [DEBUG] cnn_neat: Added edge 6→11 (from 36 candidates)
2026-08-15 02:13:29,645 [DEBUG] cnn_neat: Added edge 2→5 (from 36 candidates)
2026-08-15 02:13:29,660 [DEBUG] cnn_neat: Removed hidden node 3 (pool=8)
2026-08-15 02:13:29,664 [DEBUG] cnn_neat: Removed edge 8→1 (from 11 candidates)
2026-08-15 02:13:29,679 [DEBUG] cnn_neat: Removed 3 edges (requested 3)
2026-08-15 02:13:29,699 [DEBUG] cnn_neat: Added edge 11→6 (from 32 candidates)
2026-08-15 02:13:29,709 [DEBUG] cnn_neat: Added edge 2→6 (from 37 candidates)
2026-08-15 02:13:29,721 [DEBUG] cnn_neat: Added edge 7→8 (from 43 candidates)
2026-08-15 02:13:29,747 [DEBUG] cnn_neat: Added edge 10→8 (from 34 candidates)
2026-08-15 02:13:29,757 [DEBUG] cnn_neat: Removed hidden node 5 (pool=8)
2026-08-15 02:13:29,765 [DEBUG] cnn_neat: Removed edge 2→1 (from 12 candidates)
2026-08-15 02:13:29,785 [DEBUG] cnn_neat: Removed 3 edges (requested 3)
2026-08-15 02:13:29,805 [DEBUG] cnn_neat: Split edge 3→11, new hidden node 12 (pool=9)
2026-08-15 02:13:30,196 [DEBUG] cnn_neat: Added edge 3→5 (from 31 candidates)
2026-08-15 02:13:30,223 [DEBUG] cnn_neat: Added edge 11→3 (from 36 candidates)
2026-08-15 02:13:30,252 [DEBUG] cnn_neat: Removed hidden node 10 (pool=8)
2026-08-15 02:13:30,263 [DEBUG] cnn_neat: Removed edge 10→6 (from 10 candidates)
2026-08-15 02:13:30,282 [DEBUG] cnn_neat: Removed 3 edges (requested 3)
2026-08-15 02:13:30,299 [DEBUG] cnn_neat: Split edge 2→1, new hidden node 12 (pool=7)
2026-08-15 02:13:30,314 [DEBUG] cnn_neat: Added edge 7→10 (from 33 candidates)
2026-08-15 02:13:30,343 [DEBUG] cnn_neat: Added edge 3→6 (from 23 candidates)
2026-08-15 02:13:30,357 [DEBUG] cnn_neat: Removed hidden node 2 (pool=8)
2026-08-15 02:13:30,711 [DEBUG] cnn_neat: Removed edge 2→1 (from 15 candidates)
2026-08-15 02:13:30,726 [DEBUG] cnn_neat: Added edge 10→8 (from 20 candidates)
2026-08-15 02:13:30,737 [DEBUG] cnn_neat: Removed hidden node 3 (pool=8)
2026-08-15 02:13:30,746 [DEBUG] cnn_neat: Removed edge 2→8 (from 16 candidates)
2026-08-15 02:13:30,760 [DEBUG] cnn_neat: Removed 3 edges (requested 3)
2026-08-15 02:13:30,788 [DEBUG] cnn_neat: Added edge 10→5 (from 18 candidates)
2026-08-15 02:13:30,798 [DEBUG] cnn_neat: Added edge 8→9 (from 22 candidates)
2026-08-15 02:13:30,807 [DEBUG] cnn_neat: Added edge 8→10 (from 25 candidates)
2026-08-15 02:13:30,825 [DEBUG] cnn_neat: Added edge 5→6 (from 19 candidates)
2026-08-15 02:13:30,845 [DEBUG] cnn_neat: Removed hidden node 8 (pool=8)
2026-08-15 02:13:30,858 [DEBUG] cnn_neat: Removed edge 8→6 (from 17 candidates)
2026-08-15 02:13:30,869 [DEBUG] cnn_neat: Removed 3 edges (requested 3)
2026-08-15 02:13:30,878 [DEBUG] cnn_neat: Split edge 0→2, new hidden node 11 (pool=1)
2026-08-15 02:13:30,891 [DEBUG] cnn_neat: Added edge 10→1 (from 18 candidates)
2026-08-15 02:13:30,895 [DEBUG] cnn_neat: Added edge 7→6 (from 22 candidates)
2026-08-15 02:13:30,901 [DEBUG] cnn_neat: Split edge 2→8, new hidden node 12 (pool=15)
2026-08-15 02:13:30,912 [DEBUG] cnn_neat: Split edge 0→8, new hidden node 11 (pool=10)
2026-08-15 02:13:31,318 [DEBUG] cnn_neat: Added edge 6→3 (from 19 candidates)
2026-08-15 02:13:31,339 [DEBUG] cnn_neat: Added edge 3→9 (from 24 candidates)
2026-08-15 02:13:31,356 [DEBUG] cnn_neat: Removed hidden node 9 (pool=8)
2026-08-15 02:13:31,369 [DEBUG] cnn_neat: Removed edge 10→7 (from 14 candidates)
2026-08-15 02:13:31,377 [DEBUG] cnn_neat: Removed 3 edges (requested 3)
2026-08-15 02:13:31,405 [DEBUG] cnn_neat: Added edge 2→5 (from 23 candidates)
2026-08-15 02:13:31,421 [DEBUG] cnn_neat: Added edge 7→6 (from 25 candidates)
2026-08-15 02:13:31,431 [DEBUG] cnn_neat: Added edge 2→7 (from 33 candidates)
2026-08-15 02:13:31,465 [DEBUG] cnn_neat: Added edge 8→10 (from 21 candidates)
2026-08-15 02:13:31,496 [DEBUG] cnn_neat: Removed hidden node 6 (pool=8)
2026-08-15 02:13:31,509 [DEBUG] cnn_neat: Removed edge 10→6 (from 14 candidates)
2026-08-15 02:13:31,880 [DEBUG] cnn_neat: Removed 3 edges (requested 3)
2026-08-15 02:13:31,899 [DEBUG] cnn_neat: Split edge 8→7, new hidden node 11 (pool=10)
2026-08-15 02:13:31,912 [DEBUG] cnn_neat: Added edge 8→3 (from 18 candidates)
2026-08-15 02:13:31,927 [DEBUG] cnn_neat: Removed hidden node 8 (pool=7)
2026-08-15 02:13:31,937 [DEBUG] cnn_neat: Removed edge 3→7 (from 13 candidates)
2026-08-15 02:13:31,946 [DEBUG] cnn_neat: Removed 3 edges (requested 3)
2026-08-15 02:13:31,954 [DEBUG] cnn_neat: Split edge 0→8, new hidden node 11 (pool=11)
2026-08-15 02:13:31,964 [DEBUG] cnn_neat: Split edge 3→7, new hidden node 11 (pool=7)
2026-08-15 02:13:31,972 [DEBUG] cnn_neat: Split edge 3→1, new hidden node 11 (pool=8)
2026-08-15 02:13:31,982 [DEBUG] cnn_neat: Added edge 8→3 (from 21 candidates)
2026-08-15 02:13:32,036 [DEBUG] cnn_neat: Removed hidden node 3 (pool=7)
2026-08-15 02:13:32,042 [DEBUG] cnn_neat: Removed edge 0→3 (from 12 candidates)
2026-08-15 02:13:32,074 [DEBUG] cnn_neat: Removed 3 edges (requested 3)
2026-08-15 02:13:32,081 [DEBUG] cnn_neat: Split edge 0→8, new hidden node 11 (pool=9)
2026-08-15 02:13:32,086 [DEBUG] cnn_neat: Split edge 2→1, new hidden node 11 (pool=5)
2026-08-15 02:13:32,090 [DEBUG] cnn_neat: Split edge 0→2, new hidden node 11 (pool=1)
2026-08-15 02:13:32,491 [DEBUG] cnn_neat: Split edge 0→3, new hidden node 11 (pool=10)
2026-08-15 02:13:32,500 [DEBUG] cnn_neat: Split edge 8→6, new hidden node 11 (pool=11)
2026-08-15 02:13:32,506 [DEBUG] cnn_neat: Added edge 2→5 (from 16 candidates)
2026-08-15 02:13:32,515 [DEBUG] cnn_neat: Removed hidden node 2 (pool=7)
2026-08-15 02:13:32,520 [DEBUG] cnn_neat: Removed edge 5→1 (from 15 candidates)
2026-08-15 02:13:32,532 [DEBUG] cnn_neat: Removed 3 edges (requested 3)
2026-08-15 02:13:32,541 [DEBUG] cnn_neat: Split edge 2→6, new hidden node 11 (pool=14)
2026-08-15 02:13:32,557 [DEBUG] cnn_neat: Added edge 8→5 (from 24 candidates)
2026-08-15 02:13:32,568 [DEBUG] cnn_neat: Removed hidden node 3 (pool=8)
2026-08-15 02:13:32,573 [DEBUG] cnn_neat: Removed edge 5→1 (from 13 candidates)
2026-08-15 02:13:32,584 [DEBUG] cnn_neat: Removed 3 edges (requested 3)
2026-08-15 02:13:32,591 [DEBUG] cnn_neat: Split edge 0→2, new hidden node 11 (pool=1)
2026-08-15 02:13:32,602 [DEBUG] cnn_neat: Added edge 9→5 (from 23 candidates)
2026-08-15 02:13:32,616 [DEBUG] cnn_neat: Added edge 5→6 (from 21 candidates)
2026-08-15 02:13:32,625 [DEBUG] cnn_neat: Removed hidden node 3 (pool=8)
2026-08-15 02:13:32,631 [DEBUG] cnn_neat: Removed edge 8→7 (from 14 candidates)
2026-08-15 02:13:32,640 [DEBUG] cnn_neat: Removed 3 edges (requested 3)
2026-08-15 02:13:32,648 [DEBUG] cnn_neat: Split edge 0→2, new hidden node 11 (pool=1)
2026-08-15 02:13:32,659 [DEBUG] cnn_neat: Added edge 10→1 (from 20 candidates)
2026-08-15 02:13:32,675 [DEBUG] cnn_neat: Added edge 8→1 (from 22 candidates)
2026-08-15 02:13:32,688 [DEBUG] cnn_neat: Removed hidden node 9 (pool=8)
2026-08-15 02:13:32,695 [DEBUG] cnn_neat: Removed edge 3→7 (from 15 candidates)
2026-08-15 02:13:32,705 [DEBUG] cnn_neat: Removed 3 edges (requested 3)
2026-08-15 02:13:32,714 [DEBUG] cnn_neat: Split edge 2→3, new hidden node 11 (pool=10)
2026-08-15 02:13:32,727 [DEBUG] cnn_neat: Added edge 10→9 (from 21 candidates)
2026-08-15 02:13:32,740 [DEBUG] cnn_neat: Added edge 8→5 (from 26 candidates)
2026-08-15 02:13:32,750 [DEBUG] cnn_neat: Removed hidden node 8 (pool=8)
2026-08-15 02:13:32,755 [DEBUG] cnn_neat: Removed edge 10→6 (from 15 candidates)
2026-08-15 02:13:32,763 [DEBUG] cnn_neat: Removed 3 edges (requested 3)
2026-08-15 02:13:32,769 [DEBUG] cnn_neat: Saved generation 33
2026-08-15 02:13:32,862 [DEBUG] cnn_neat: Selected 25 elite individuals
2026-08-15 02:13:32,907 [DEBUG] cnn_neat: Added edge 10→1 (from 25 candidates)
2026-08-15 02:13:32,927 [DEBUG] cnn_neat: Added edge 10→5 (from 23 candidates)
2026-08-15 02:13:33,037 [DEBUG] cnn_neat: Added edge 7→6 (from 21 candidates)
2026-08-15 02:13:33,070 [DEBUG] cnn_neat: Removed hidden node 8 (pool=8)
2026-08-15 02:13:33,082 [DEBUG] cnn_neat: Removed edge 5→1 (from 13 candidates)
2026-08-15 02:13:33,106 [DEBUG] cnn_neat: Removed 3 edges (requested 3)
2026-08-15 02:13:33,140 [DEBUG] cnn_neat: Added edge 9→1 (from 20 candidates)
2026-08-15 02:13:33,148 [DEBUG] cnn_neat: Added edge 7→6 (from 17 candidates)
2026-08-15 02:13:33,173 [DEBUG] cnn_neat: Added edge 6→5 (from 22 candidates)
2026-08-15 02:13:33,186 [DEBUG] cnn_neat: Removed hidden node 2 (pool=8)
2026-08-15 02:13:33,192 [DEBUG] cnn_neat: Trimmed elite queue to 128 entries
2026-08-15 02:13:33,941 [DEBUG] cnn_neat: Removed edge 10→6 (from 16 candidates)
2026-08-15 02:13:33,943 [DEBUG] cnn_neat: Split edge 2→3, new hidden node 11 (pool=8)
2026-08-15 02:13:33,947 [DEBUG] cnn_neat: Added edge 3→7 (from 25 candidates)
2026-08-15 02:13:33,954 [DEBUG] cnn_neat: Removed hidden node 7 (pool=7)
2026-08-15 02:13:33,958 [DEBUG] cnn_neat: Removed edge 3→1 (from 11 candidates)
2026-08-15 02:13:33,964 [DEBUG] cnn_neat: Removed 3 edges (requested 3)
2026-08-15 02:13:33,970 [DEBUG] cnn_neat: Crossover rejected: union topology invalid (edges=34 nodes=17)
2026-08-15 02:13:33,973 [DEBUG] cnn_neat: Split edge 8→1, new hidden node 11 (pool=8)
2026-08-15 02:13:33,978 [DEBUG] cnn_neat: Added edge 5→2 (from 25 candidates)
2026-08-15 02:13:33,982 [DEBUG] cnn_neat: Added edge 5→10 (from 18 candidates)
2026-08-15 02:13:33,986 [DEBUG] cnn_neat: Added edge 7→10 (from 17 candidates)
2026-08-15 02:13:33,990 [DEBUG] cnn_neat: Added edge 8→10 (from 16 candidates)
2026-08-15 02:13:33,994 [DEBUG] cnn_neat: Added edge 2→6 (from 13 candidates)
2026-08-15 02:13:34,004 [DEBUG] cnn_neat: Added edge 6→11 (from 33 candidates)
2026-08-15 02:13:34,009 [DEBUG] cnn_neat: Added edge 3→7 (from 33 candidates)
2026-08-15 02:13:34,017 [DEBUG] cnn_neat: Removed hidden node 11 (pool=8)
2026-08-15 02:13:34,021 [DEBUG] cnn_neat: Split edge 8→1, new hidden node 11 (pool=6)
2026-08-15 02:13:34,026 [DEBUG] cnn_neat: Removed edge 5→8 (from 13 candidates)
2026-08-15 02:13:34,034 [DEBUG] cnn_neat: Removed 3 edges (requested 3)
2026-08-15 02:13:34,040 [DEBUG] cnn_neat: Crossover rejected: union topology invalid (edges=38 nodes=17)
2026-08-15 02:13:34,046 [DEBUG] cnn_neat: Added edge 3→8 (from 33 candidates)
2026-08-15 02:13:34,051 [DEBUG] cnn_neat: Added edge 3→8 (from 33 candidates)
2026-08-15 02:13:34,056 [DEBUG] cnn_neat: Added edge 11→1 (from 28 candidates)
2026-08-15 02:13:34,061 [DEBUG] cnn_neat: Added edge 5→11 (from 27 candidates)
2026-08-15 02:13:34,066 [DEBUG] cnn_neat: Added edge 2→11 (from 25 candidates)
2026-08-15 02:13:34,072 [DEBUG] cnn_neat: Added edge 2→6 (from 24 candidates)
2026-08-15 02:13:34,075 [DEBUG] cnn_neat: Split edge 2→3, new hidden node 12 (pool=7)
2026-08-15 02:13:34,079 [DEBUG] cnn_neat: Added edge 2→7 (from 31 candidates)
2026-08-15 02:13:34,085 [DEBUG] cnn_neat: Removed hidden node 2 (pool=7)
2026-08-15 02:13:34,088 [DEBUG] cnn_neat: Removed edge 0→3 (from 9 candidates)
2026-08-15 02:13:34,095 [DEBUG] cnn_neat: Removed 3 edges (requested 3)
2026-08-15 02:13:34,099 [DEBUG] cnn_neat: Crossover rejected: union topology invalid (edges=37 nodes=17)
2026-08-15 02:13:34,103 [DEBUG] cnn_neat: Split edge 2→3, new hidden node 12 (pool=7)
2026-08-15 02:13:34,107 [DEBUG] cnn_neat: Added edge 8→10 (from 43 candidates)
2026-08-15 02:13:34,111 [DEBUG] cnn_neat: Added edge 5→10 (from 31 candidates)
2026-08-15 02:13:34,115 [DEBUG] cnn_neat: Added edge 2→11 (from 26 candidates)
2026-08-15 02:13:34,119 [DEBUG] cnn_neat: Added edge 2→8 (from 24 candidates)
2026-08-15 02:13:34,122 [DEBUG] cnn_neat: Added edge 10→8 (from 22 candidates)
2026-08-15 02:13:34,126 [DEBUG] cnn_neat: Added edge 5→11 (from 20 candidates)
2026-08-15 02:13:34,130 [DEBUG] cnn_neat: Split edge 0→8, new hidden node 12 (pool=7)
2026-08-15 02:13:34,134 [DEBUG] cnn_neat: Added edge 2→11 (from 28 candidates)
2026-08-15 02:13:34,139 [DEBUG] cnn_neat: Removed hidden node 2 (pool=7)
2026-08-15 02:13:34,144 [DEBUG] cnn_neat: Removed edge 5→8 (from 10 candidates)
2026-08-15 02:13:34,150 [DEBUG] cnn_neat: Removed 3 edges (requested 3)
2026-08-15 02:13:34,155 [DEBUG] cnn_neat: Crossover rejected: union topology invalid (edges=31 nodes=15)
2026-08-15 02:13:34,158 [DEBUG] cnn_neat: Split edge 7→1, new hidden node 12 (pool=7)
2026-08-15 02:13:34,162 [DEBUG] cnn_neat: Added edge 12→10 (from 41 candidates)
2026-08-15 02:13:34,166 [DEBUG] cnn_neat: Added edge 5→3 (from 28 candidates)
2026-08-15 02:13:34,170 [DEBUG] cnn_neat: Added edge 8→11 (from 25 candidates)
2026-08-15 02:13:34,174 [DEBUG] cnn_neat: Added edge 2→11 (from 22 candidates)
2026-08-15 02:13:34,177 [DEBUG] cnn_neat: Added edge 7→8 (from 21 candidates)
2026-08-15 02:13:34,181 [DEBUG] cnn_neat: Added edge 2→5 (from 20 candidates)
2026-08-15 02:13:34,189 [DEBUG] cnn_neat: Added edge 6→10 (from 39 candidates)
2026-08-15 02:13:34,194 [DEBUG] cnn_neat: Added edge 6→10 (from 39 candidates)
2026-08-15 02:13:34,199 [DEBUG] cnn_neat: Added edge 2→8 (from 30 candidates)
2026-08-15 02:13:34,206 [DEBUG] cnn_neat: Removed hidden node 10 (pool=8)
2026-08-15 02:13:34,210 [DEBUG] cnn_neat: Removed edge 8→1 (from 10 candidates)
2026-08-15 02:13:34,216 [DEBUG] cnn_neat: Removed 3 edges (requested 3)
2026-08-15 02:13:34,220 [DEBUG] cnn_neat: Crossover rejected: union topology invalid (edges=37 nodes=18)
2026-08-15 02:13:34,226 [DEBUG] cnn_neat: Added edge 7→3 (from 39 candidates)
2026-08-15 02:13:34,231 [DEBUG] cnn_neat: Added edge 8→3 (from 39 candidates)
2026-08-15 02:13:34,235 [DEBUG] cnn_neat: Added edge 8→10 (from 35 candidates)
2026-08-15 02:13:34,239 [DEBUG] cnn_neat: Added edge 5→11 (from 31 candidates)
2026-08-15 02:13:34,243 [DEBUG] cnn_neat: Added edge 11→1 (from 30 candidates)
2026-08-15 02:13:34,247 [DEBUG] cnn_neat: Added edge 3→11 (from 29 candidates)
2026-08-15 02:13:34,252 [DEBUG] cnn_neat: Split edge 0→3, new hidden node 12 (pool=9)
2026-08-15 02:13:34,256 [DEBUG] cnn_neat: Added edge 11→5 (from 26 candidates)
2026-08-15 02:13:34,261 [DEBUG] cnn_neat: Removed hidden node 2 (pool=7)
2026-08-15 02:13:34,265 [DEBUG] cnn_neat: Removed edge 7→11 (from 12 candidates)
2026-08-15 02:13:34,271 [DEBUG] cnn_neat: Removed 3 edges (requested 3)
2026-08-15 02:13:34,276 [DEBUG] cnn_neat: Crossover rejected: union topology invalid (edges=35 nodes=17)
2026-08-15 02:13:34,280 [DEBUG] cnn_neat: Split edge 7→11, new hidden node 12 (pool=9)
2026-08-15 02:13:34,283 [DEBUG] cnn_neat: Added edge 8→2 (from 26 candidates)
2026-08-15 02:13:34,287 [DEBUG] cnn_neat: Added edge 2→11 (from 14 candidates)
2026-08-15 02:13:34,290 [DEBUG] cnn_neat: Added edge 10→1 (from 13 candidates)
2026-08-15 02:13:34,295 [DEBUG] cnn_neat: Added edge 7→3 (from 12 candidates)
2026-08-15 02:13:34,299 [DEBUG] cnn_neat: Added edge 8→11 (from 11 candidates)
2026-08-15 02:13:34,306 [DEBUG] cnn_neat: Added edge 7→3 (from 33 candidates)
2026-08-15 02:13:34,310 [DEBUG] cnn_neat: Added edge 10→1 (from 33 candidates)
2026-08-15 02:13:34,317 [DEBUG] cnn_neat: Removed hidden node 3 (pool=8)
2026-08-15 02:13:34,320 [DEBUG] cnn_neat: Removed edge 10→11 (from 12 candidates)
2026-08-15 02:13:34,325 [DEBUG] cnn_neat: Added edge 7→8 (from 36 candidates)
2026-08-15 02:13:34,332 [DEBUG] cnn_neat: Removed 3 edges (requested 3)
2026-08-15 02:13:34,338 [DEBUG] cnn_neat: Crossover rejected: union topology invalid (edges=35 nodes=17)
2026-08-15 02:13:34,343 [DEBUG] cnn_neat: Added edge 3→11 (from 33 candidates)
2026-08-15 02:13:34,347 [DEBUG] cnn_neat: Added edge 5→11 (from 33 candidates)
2026-08-15 02:13:34,351 [DEBUG] cnn_neat: Added edge 2→6 (from 32 candidates)
2026-08-15 02:13:34,355 [DEBUG] cnn_neat: Added edge 11→3 (from 31 candidates)
2026-08-15 02:13:34,360 [DEBUG] cnn_neat: Added edge 7→6 (from 26 candidates)
2026-08-15 02:13:34,365 [DEBUG] cnn_neat: Added edge 5→10 (from 25 candidates)
2026-08-15 02:13:34,372 [DEBUG] cnn_neat: Added edge 2→6 (from 35 candidates)
2026-08-15 02:13:34,376 [DEBUG] cnn_neat: Added edge 8→10 (from 35 candidates)
2026-08-15 02:13:34,383 [DEBUG] cnn_neat: Removed hidden node 2 (pool=8)
2026-08-15 02:13:34,387 [DEBUG] cnn_neat: Removed edge 10→6 (from 13 candidates)
2026-08-15 02:13:34,392 [DEBUG] cnn_neat: Removed 3 edges (requested 3)
2026-08-15 02:13:34,540 [DEBUG] cnn_neat: Split edge 7→1, new hidden node 11 (pool=7)
2026-08-15 02:13:34,676 [DEBUG] cnn_neat: Added edge 8→10 (from 25 candidates)
2026-08-15 02:13:34,696 [DEBUG] cnn_neat: Removed hidden node 6 (pool=7)
2026-08-15 02:13:34,705 [DEBUG] cnn_neat: Removed edge 5→1 (from 11 candidates)
2026-08-15 02:13:34,722 [DEBUG] cnn_neat: Removed 3 edges (requested 3)
2026-08-15 02:13:34,738 [DEBUG] cnn_neat: Split edge 7→1, new hidden node 11 (pool=10)
2026-08-15 02:13:34,748 [DEBUG] cnn_neat: Split edge 2→3, new hidden node 11 (pool=7)
2026-08-15 02:13:34,765 [DEBUG] cnn_neat: Split edge 0→8, new hidden node 11 (pool=8)
2026-08-15 02:13:34,775 [DEBUG] cnn_neat: Added edge 2→7 (from 19 candidates)
2026-08-15 02:13:34,791 [DEBUG] cnn_neat: Removed hidden node 8 (pool=6)
2026-08-15 02:13:34,800 [DEBUG] cnn_neat: Removed edge 5→8 (from 11 candidates)
2026-08-15 02:13:34,816 [DEBUG] cnn_neat: Removed 3 edges (requested 3)
2026-08-15 02:13:34,825 [DEBUG] cnn_neat: Split edge 7→8, new hidden node 11 (pool=9)
2026-08-15 02:13:34,832 [DEBUG] cnn_neat: Split edge 2→3, new hidden node 11 (pool=6)
2026-08-15 02:13:34,842 [DEBUG] cnn_neat: Added edge 8→10 (from 15 candidates)
2026-08-15 02:13:34,849 [DEBUG] cnn_neat: Added edge 2→7 (from 23 candidates)
2026-08-15 02:13:34,866 [DEBUG] cnn_neat: Split edge 2→3, new hidden node 11 (pool=7)
2026-08-15 02:13:34,876 [DEBUG] cnn_neat: Added edge 2→6 (from 28 candidates)
2026-08-15 02:13:35,436 [DEBUG] cnn_neat: Removed hidden node 6 (pool=7)
2026-08-15 02:13:35,468 [DEBUG] cnn_neat: Split edge 0→3, new hidden node 11 (pool=8)
2026-08-15 02:13:35,495 [DEBUG] cnn_neat: Added edge 2→6 (from 25 candidates)
2026-08-15 02:13:35,550 [DEBUG] cnn_neat: Removed hidden node 6 (pool=7)
2026-08-15 02:13:35,580 [DEBUG] cnn_neat: Removed edge 5→8 (from 11 candidates)
2026-08-15 02:13:35,612 [DEBUG] cnn_neat: Removed 3 edges (requested 3)
2026-08-15 02:13:35,640 [DEBUG] cnn_neat: Split edge 2→6, new hidden node 11 (pool=11)
2026-08-15 02:13:35,721 [DEBUG] cnn_neat: Added edge 2→11 (from 33 candidates)
2026-08-15 02:13:35,744 [DEBUG] cnn_neat: Removed hidden node 3 (pool=8)
2026-08-15 02:13:35,755 [DEBUG] cnn_neat: Removed edge 6→1 (from 13 candidates)
2026-08-15 02:13:35,782 [DEBUG] cnn_neat: Removed 3 edges (requested 3)
2026-08-15 02:13:35,801 [DEBUG] cnn_neat: Added edge 10→8 (from 32 candidates)
2026-08-15 02:13:35,808 [DEBUG] cnn_neat: Added edge 10→7 (from 29 candidates)
2026-08-15 02:13:35,816 [DEBUG] cnn_neat: Added edge 3→8 (from 41 candidates)
2026-08-15 02:13:35,829 [DEBUG] cnn_neat: Split edge 7→1, new hidden node 11 (pool=7)
2026-08-15 02:13:35,835 [DEBUG] cnn_neat: Added edge 7→10 (from 20 candidates)
2026-08-15 02:13:35,845 [DEBUG] cnn_neat: Removed hidden node 2 (pool=6)
2026-08-15 02:13:35,851 [DEBUG] cnn_neat: Removed edge 5→1 (from 9 candidates)
2026-08-15 02:13:35,861 [DEBUG] cnn_neat: Removed 3 edges (requested 3)
2026-08-15 02:13:35,867 [DEBUG] cnn_neat: Split edge 0→2, new hidden node 11 (pool=10)
2026-08-15 02:13:35,873 [DEBUG] cnn_neat: Split edge 0→8, new hidden node 11 (pool=3)
2026-08-15 02:13:35,880 [DEBUG] cnn_neat: Added edge 10→5 (from 17 candidates)
2026-08-15 02:13:35,887 [DEBUG] cnn_neat: Added edge 3→8 (from 25 candidates)
2026-08-15 02:13:35,903 [DEBUG] cnn_neat: Added edge 11→6 (from 39 candidates)
2026-08-15 02:13:35,915 [DEBUG] cnn_neat: Removed hidden node 11 (pool=8)
2026-08-15 02:13:35,922 [DEBUG] cnn_neat: Removed edge 5→1 (from 9 candidates)
2026-08-15 02:13:35,933 [DEBUG] cnn_neat: Removed 3 edges (requested 3)
2026-08-15 02:13:35,949 [DEBUG] cnn_neat: Added edge 7→8 (from 37 candidates)
2026-08-15 02:13:35,955 [DEBUG] cnn_neat: Added edge 7→6 (from 40 candidates)
2026-08-15 02:13:35,961 [DEBUG] cnn_neat: Added edge 7→8 (from 44 candidates)
2026-08-15 02:13:35,972 [DEBUG] cnn_neat: Split edge 2→1, new hidden node 11 (pool=7)
2026-08-15 02:13:35,979 [DEBUG] cnn_neat: Added edge 3→7 (from 17 candidates)
2026-08-15 02:13:35,990 [DEBUG] cnn_neat: Removed hidden node 10 (pool=6)
2026-08-15 02:13:35,998 [DEBUG] cnn_neat: Removed edge 10→3 (from 10 candidates)
2026-08-15 02:13:36,010 [DEBUG] cnn_neat: Removed 3 edges (requested 3)
2026-08-15 02:13:36,019 [DEBUG] cnn_neat: Split edge 0→8, new hidden node 12 (pool=6)
2026-08-15 02:13:36,027 [DEBUG] cnn_neat: Split edge 2→3, new hidden node 11 (pool=8)
2026-08-15 02:13:36,044 [DEBUG] cnn_neat: Added edge 5→11 (from 36 candidates)
2026-08-15 02:13:36,056 [DEBUG] cnn_neat: Removed hidden node 10 (pool=8)
2026-08-15 02:13:36,062 [DEBUG] cnn_neat: Removed edge 2→3 (from 10 candidates)
2026-08-15 02:13:36,074 [DEBUG] cnn_neat: Removed 3 edges (requested 3)
2026-08-15 02:13:36,084 [DEBUG] cnn_neat: Split edge 7→1, new hidden node 12 (pool=7)
2026-08-15 02:13:36,096 [DEBUG] cnn_neat: Added edge 6→11 (from 34 candidates)
2026-08-15 02:13:36,113 [DEBUG] cnn_neat: Split edge 2→1, new hidden node 11 (pool=6)
2026-08-15 02:13:36,122 [DEBUG] cnn_neat: Added edge 7→3 (from 25 candidates)
2026-08-15 02:13:36,136 [DEBUG] cnn_neat: Removed hidden node 2 (pool=7)
2026-08-15 02:13:36,142 [DEBUG] cnn_neat: Removed edge 7→1 (from 11 candidates)
2026-08-15 02:13:36,158 [DEBUG] cnn_neat: Removed 3 edges (requested 3)
2026-08-15 02:13:36,166 [DEBUG] cnn_neat: Split edge 8→1, new hidden node 11 (pool=7)
2026-08-15 02:13:36,173 [DEBUG] cnn_neat: Split edge 3→1, new hidden node 11 (pool=4)
2026-08-15 02:13:36,279 [DEBUG] cnn_neat: Added edge 6→3 (from 36 candidates)
2026-08-15 02:13:36,290 [DEBUG] cnn_neat: Removed hidden node 7 (pool=8)
2026-08-15 02:13:36,300 [DEBUG] cnn_neat: Removed edge 2→3 (from 11 candidates)
2026-08-15 02:13:36,317 [DEBUG] cnn_neat: Removed 3 edges (requested 3)
2026-08-15 02:13:36,326 [DEBUG] cnn_neat: Split edge 0→3, new hidden node 12 (pool=5)
2026-08-15 02:13:36,342 [DEBUG] cnn_neat: Added edge 5→10 (from 31 candidates)
2026-08-15 02:13:36,361 [DEBUG] cnn_neat: Added edge 11→6 (from 34 candidates)
2026-08-15 02:13:36,380 [DEBUG] cnn_neat: Removed hidden node 3 (pool=8)
2026-08-15 02:13:36,394 [DEBUG] cnn_neat: Removed edge 5→1 (from 12 candidates)
2026-08-15 02:13:36,418 [DEBUG] cnn_neat: Removed 3 edges (requested 3)
2026-08-15 02:13:36,450 [DEBUG] cnn_neat: Added edge 2→7 (from 31 candidates)
2026-08-15 02:13:36,830 [DEBUG] cnn_neat: Added edge 11→6 (from 35 candidates)
2026-08-15 02:13:36,850 [DEBUG] cnn_neat: Split edge 0→8, new hidden node 12 (pool=7)
2026-08-15 02:13:36,861 [DEBUG] cnn_neat: Added edge 5→10 (from 31 candidates)
2026-08-15 02:13:36,879 [DEBUG] cnn_neat: Removed hidden node 7 (pool=7)
2026-08-15 02:13:36,885 [DEBUG] cnn_neat: Removed edge 0→3 (from 9 candidates)
2026-08-15 02:13:36,898 [DEBUG] cnn_neat: Removed 3 edges (requested 3)
2026-08-15 02:13:36,912 [DEBUG] cnn_neat: Split edge 2→3, new hidden node 12 (pool=7)
2026-08-15 02:13:36,915 [DEBUG] cnn_neat: Split edge 3→1, new hidden node 11 (pool=6)
2026-08-15 02:13:36,932 [DEBUG] cnn_neat: Split edge 2→3, new hidden node 12 (pool=7)
2026-08-15 02:13:36,947 [DEBUG] cnn_neat: Added edge 7→10 (from 28 candidates)
2026-08-15 02:13:36,981 [DEBUG] cnn_neat: Removed hidden node 8 (pool=7)
2026-08-15 02:13:37,353 [DEBUG] cnn_neat: Removed edge 8→1 (from 10 candidates)
2026-08-15 02:13:37,378 [DEBUG] cnn_neat: Added edge 10→5 (from 39 candidates)
2026-08-15 02:13:37,403 [DEBUG] cnn_neat: Removed hidden node 10 (pool=8)
2026-08-15 02:13:37,415 [DEBUG] cnn_neat: Removed edge 5→8 (from 10 candidates)
2026-08-15 02:13:37,430 [DEBUG] cnn_neat: Removed 3 edges (requested 3)
2026-08-15 02:13:37,455 [DEBUG] cnn_neat: Added edge 7→8 (from 30 candidates)
2026-08-15 02:13:37,470 [DEBUG] cnn_neat: Added edge 11→1 (from 45 candidates)
2026-08-15 02:13:37,481 [DEBUG] cnn_neat: Added edge 3→6 (from 47 candidates)
2026-08-15 02:13:37,499 [DEBUG] cnn_neat: Split edge 3→11, new hidden node 12 (pool=9)
2026-08-15 02:13:37,514 [DEBUG] cnn_neat: Added edge 11→1 (from 26 candidates)
2026-08-15 02:13:37,539 [DEBUG] cnn_neat: Removed hidden node 10 (pool=7)
2026-08-15 02:13:37,545 [DEBUG] cnn_neat: Removed edge 7→11 (from 12 candidates)
2026-08-15 02:13:37,971 [DEBUG] cnn_neat: Removed 3 edges (requested 3)
2026-08-15 02:13:37,995 [DEBUG] cnn_neat: Added edge 8→10 (from 33 candidates)
2026-08-15 02:13:38,027 [DEBUG] cnn_neat: Removed hidden node 7 (pool=8)
2026-08-15 02:13:38,033 [DEBUG] cnn_neat: Removed edge 7→1 (from 12 candidates)
2026-08-15 02:13:38,045 [DEBUG] cnn_neat: Removed 3 edges (requested 3)
2026-08-15 02:13:38,056 [DEBUG] cnn_neat: Split edge 0→3, new hidden node 12 (pool=5)
2026-08-15 02:13:38,075 [DEBUG] cnn_neat: Added edge 5→2 (from 26 candidates)
2026-08-15 02:13:38,097 [DEBUG] cnn_neat: Added edge 5→3 (from 35 candidates)
2026-08-15 02:13:38,108 [DEBUG] cnn_neat: Removed hidden node 8 (pool=8)
2026-08-15 02:13:38,111 [DEBUG] cnn_neat: Removed edge 10→6 (from 13 candidates)
2026-08-15 02:13:38,132 [DEBUG] cnn_neat: Removed 3 edges (requested 3)
2026-08-15 02:13:38,149 [DEBUG] cnn_neat: Added edge 8→10 (from 32 candidates)
2026-08-15 02:13:38,154 [DEBUG] cnn_neat: Added edge 10→7 (from 34 candidates)
2026-08-15 02:13:38,161 [DEBUG] cnn_neat: Added edge 5→10 (from 40 candidates)
2026-08-15 02:13:38,559 [DEBUG] cnn_neat: Added edge 7→10 (from 32 candidates)
2026-08-15 02:13:38,572 [DEBUG] cnn_neat: Removed hidden node 7 (pool=8)
2026-08-15 02:13:38,581 [DEBUG] cnn_neat: Removed edge 8→11 (from 13 candidates)
2026-08-15 02:13:38,594 [DEBUG] cnn_neat: Removed 3 edges (requested 3)
2026-08-15 02:13:38,600 [DEBUG] cnn_neat: Split edge 2→3, new hidden node 12 (pool=5)
2026-08-15 02:13:38,612 [DEBUG] cnn_neat: Added edge 5→6 (from 29 candidates)
2026-08-15 02:13:38,615 [DEBUG] cnn_neat: Added edge 11→1 (from 24 candidates)
2026-08-15 02:13:38,632 [DEBUG] cnn_neat: Added edge 11→10 (from 36 candidates)
2026-08-15 02:13:38,688 [DEBUG] cnn_neat: Removed hidden node 3 (pool=8)
2026-08-15 02:13:38,825 [DEBUG] cnn_neat: Removed edge 3→1 (from 10 candidates)
2026-08-15 02:13:38,832 [DEBUG] cnn_neat: Removed 3 edges (requested 3)
2026-08-15 02:13:38,841 [DEBUG] cnn_neat: Added edge 8→3 (from 37 candidates)
2026-08-15 02:13:38,844 [DEBUG] cnn_neat: Added edge 11→6 (from 41 candidates)
2026-08-15 02:13:38,852 [DEBUG] cnn_neat: Removed hidden node 6 (pool=8)
2026-08-15 02:13:38,870 [DEBUG] cnn_neat: Removed hidden node 11 (pool=8)
2026-08-15 02:13:39,297 [DEBUG] cnn_neat: Split edge 0→8, new hidden node 12 (pool=7)
2026-08-15 02:13:39,308 [DEBUG] cnn_neat: Added edge 3→8 (from 29 candidates)
2026-08-15 02:13:39,329 [DEBUG] cnn_neat: Removed hidden node 5 (pool=7)
2026-08-15 02:13:39,336 [DEBUG] cnn_neat: Removed edge 5→1 (from 10 candidates)
2026-08-15 02:13:39,351 [DEBUG] cnn_neat: Removed 3 edges (requested 3)
2026-08-15 02:13:39,363 [DEBUG] cnn_neat: Split edge 2→3, new hidden node 12 (pool=8)
2026-08-15 02:13:39,380 [DEBUG] cnn_neat: Split edge 2→6, new hidden node 11 (pool=9)
2026-08-15 02:13:39,389 [DEBUG] cnn_neat: Added edge 2→7 (from 24 candidates)
2026-08-15 02:13:39,401 [DEBUG] cnn_neat: Removed hidden node 5 (pool=7)
2026-08-15 02:13:39,411 [DEBUG] cnn_neat: Removed edge 8→6 (from 13 candidates)
2026-08-15 02:13:39,425 [DEBUG] cnn_neat: Removed 3 edges (requested 3)
2026-08-15 02:13:39,435 [DEBUG] cnn_neat: Split edge 2→6, new hidden node 11 (pool=10)
2026-08-15 02:13:39,450 [DEBUG] cnn_neat: Added edge 5→6 (from 23 candidates)
2026-08-15 02:13:39,462 [DEBUG] cnn_neat: Removed hidden node 6 (pool=8)
2026-08-15 02:13:39,469 [DEBUG] cnn_neat: Removed edge 7→9 (from 15 candidates)
2026-08-15 02:13:39,482 [DEBUG] cnn_neat: Removed 3 edges (requested 3)
2026-08-15 02:13:39,502 [DEBUG] cnn_neat: Added edge 8→10 (from 21 candidates)
2026-08-15 02:13:39,510 [DEBUG] cnn_neat: Added edge 9→1 (from 30 candidates)
2026-08-15 02:13:39,517 [DEBUG] cnn_neat: Saved generation 34
2026-08-15 02:13:39,598 [DEBUG] cnn_neat: Added edge 10→8 (from 27 candidates)
2026-08-15 02:13:39,610 [DEBUG] cnn_neat: Selected 25 elite individuals
2026-08-15 02:13:39,656 [DEBUG] cnn_neat: Added edge 7→1 (from 20 candidates)
2026-08-15 02:13:39,756 [DEBUG] cnn_neat: Removed hidden node 6 (pool=8)
2026-08-15 02:13:39,779 [DEBUG] cnn_neat: Removed edge 2→9 (from 16 candidates)
2026-08-15 02:13:39,821 [DEBUG] cnn_neat: Removed 3 edges (requested 3)
2026-08-15 02:13:39,850 [DEBUG] cnn_neat: Added edge 10→9 (from 21 candidates)
2026-08-15 02:13:39,865 [DEBUG] cnn_neat: Added edge 8→10 (from 25 candidates)
2026-08-15 02:13:39,890 [DEBUG] cnn_neat: Removed hidden node 5 (pool=8)
2026-08-15 02:13:39,910 [DEBUG] cnn_neat: Removed hidden node 9 (pool=8)
2026-08-15 02:13:39,935 [DEBUG] cnn_neat: Added edge 2→5 (from 22 candidates)
2026-08-15 02:13:39,936 [DEBUG] cnn_neat: Trimmed elite queue to 128 entries
2026-08-15 02:13:40,731 [DEBUG] cnn_neat: Added edge 8→10 (from 35 candidates)
2026-08-15 02:13:40,732 [DEBUG] cnn_neat: Removed hidden node 10 (pool=8)
2026-08-15 02:13:40,736 [DEBUG] cnn_neat: Added edge 5→6 (from 35 candidates)
2026-08-15 02:13:40,742 [DEBUG] cnn_neat: Removed hidden node 2 (pool=8)
2026-08-15 02:13:40,747 [DEBUG] cnn_neat: Removed edge 2→1 (from 12 candidates)
2026-08-15 02:13:40,754 [DEBUG] cnn_neat: Removed 3 edges (requested 3)
2026-08-15 02:13:40,759 [DEBUG] cnn_neat: Crossover rejected: union topology invalid (edges=38 nodes=18)
2026-08-15 02:13:40,764 [DEBUG] cnn_neat: Added edge 7→3 (from 35 candidates)
2026-08-15 02:13:40,769 [DEBUG] cnn_neat: Added edge 8→2 (from 35 candidates)
2026-08-15 02:13:40,774 [DEBUG] cnn_neat: Added edge 11→1 (from 25 candidates)
2026-08-15 02:13:40,778 [DEBUG] cnn_neat: Added edge 6→11 (from 24 candidates)
2026-08-15 02:13:40,783 [DEBUG] cnn_neat: Added edge 6→3 (from 20 candidates)
2026-08-15 02:13:40,788 [DEBUG] cnn_neat: Added edge 7→6 (from 18 candidates)
2026-08-15 02:13:40,796 [DEBUG] cnn_neat: Added edge 11→6 (from 32 candidates)
2026-08-15 02:13:40,800 [DEBUG] cnn_neat: Added edge 8→3 (from 32 candidates)
2026-08-15 02:13:40,810 [DEBUG] cnn_neat: Removed hidden node 10 (pool=8)
2026-08-15 02:13:40,813 [DEBUG] cnn_neat: Split edge 0→3, new hidden node 12 (pool=9)
2026-08-15 02:13:40,817 [DEBUG] cnn_neat: Removed edge 10→1 (from 13 candidates)
2026-08-15 02:13:40,822 [DEBUG] cnn_neat: Added edge 3→8 (from 33 candidates)
2026-08-15 02:13:40,831 [DEBUG] cnn_neat: Removed 3 edges (requested 3)
2026-08-15 02:13:40,836 [DEBUG] cnn_neat: Crossover rejected: union topology invalid (edges=39 nodes=18)
2026-08-15 02:13:40,841 [DEBUG] cnn_neat: Added edge 2→11 (from 32 candidates)
2026-08-15 02:13:40,845 [DEBUG] cnn_neat: Added edge 10→7 (from 32 candidates)
2026-08-15 02:13:40,850 [DEBUG] cnn_neat: Added edge 2→5 (from 25 candidates)
2026-08-15 02:13:40,854 [DEBUG] cnn_neat: Added edge 2→6 (from 24 candidates)
2026-08-15 02:13:40,859 [DEBUG] cnn_neat: Added edge 10→8 (from 23 candidates)
2026-08-15 02:13:40,863 [DEBUG] cnn_neat: Added edge 3→11 (from 22 candidates)
2026-08-15 02:13:40,872 [DEBUG] cnn_neat: Added edge 2→5 (from 29 candidates)
2026-08-15 02:13:40,877 [DEBUG] cnn_neat: Added edge 2→7 (from 29 candidates)
2026-08-15 02:13:40,885 [DEBUG] cnn_neat: Removed hidden node 3 (pool=8)
2026-08-15 02:13:40,889 [DEBUG] cnn_neat: Removed edge 6→11 (from 14 candidates)
2026-08-15 02:13:40,895 [DEBUG] cnn_neat: Added edge 5→10 (from 33 candidates)
2026-08-15 02:13:40,903 [DEBUG] cnn_neat: Removed 3 edges (requested 3)
2026-08-15 02:13:40,909 [DEBUG] cnn_neat: Crossover rejected: union topology invalid (edges=38 nodes=17)
2026-08-15 02:13:40,917 [DEBUG] cnn_neat: Added edge 3→5 (from 29 candidates)
2026-08-15 02:13:40,921 [DEBUG] cnn_neat: Added edge 5→6 (from 29 candidates)
2026-08-15 02:13:40,926 [DEBUG] cnn_neat: Added edge 10→7 (from 28 candidates)
2026-08-15 02:13:40,930 [DEBUG] cnn_neat: Added edge 8→11 (from 21 candidates)
2026-08-15 02:13:40,934 [DEBUG] cnn_neat: Added edge 8→3 (from 20 candidates)
2026-08-15 02:13:40,939 [DEBUG] cnn_neat: Added edge 2→6 (from 16 candidates)
2026-08-15 02:13:40,947 [DEBUG] cnn_neat: Added edge 2→7 (from 31 candidates)
2026-08-15 02:13:40,952 [DEBUG] cnn_neat: Added edge 7→3 (from 31 candidates)
2026-08-15 02:13:40,960 [DEBUG] cnn_neat: Removed hidden node 6 (pool=8)
2026-08-15 02:13:40,963 [DEBUG] cnn_neat: Removed edge 10→3 (from 13 candidates)
2026-08-15 02:13:40,971 [DEBUG] cnn_neat: Removed 3 edges (requested 3)
2026-08-15 02:13:40,978 [DEBUG] cnn_neat: Added edge 8→10 (from 39 candidates)
2026-08-15 02:13:40,983 [DEBUG] cnn_neat: Crossover rejected: union topology invalid (edges=39 nodes=18)
2026-08-15 02:13:40,989 [DEBUG] cnn_neat: Added edge 11→8 (from 31 candidates)
2026-08-15 02:13:40,994 [DEBUG] cnn_neat: Added edge 3→6 (from 31 candidates)
2026-08-15 02:13:40,998 [DEBUG] cnn_neat: Added edge 7→10 (from 29 candidates)
2026-08-15 02:13:41,003 [DEBUG] cnn_neat: Added edge 11→1 (from 26 candidates)
2026-08-15 02:13:41,007 [DEBUG] cnn_neat: Added edge 10→5 (from 25 candidates)
2026-08-15 02:13:41,012 [DEBUG] cnn_neat: Added edge 10→1 (from 22 candidates)
2026-08-15 02:13:41,023 [DEBUG] cnn_neat: Added edge 2→11 (from 28 candidates)
2026-08-15 02:13:41,027 [DEBUG] cnn_neat: Added edge 11→8 (from 28 candidates)
2026-08-15 02:13:41,034 [DEBUG] cnn_neat: Removed hidden node 2 (pool=8)
2026-08-15 02:13:41,039 [DEBUG] cnn_neat: Removed edge 6→1 (from 14 candidates)
2026-08-15 02:13:41,046 [DEBUG] cnn_neat: Removed 3 edges (requested 3)
2026-08-15 02:13:41,052 [DEBUG] cnn_neat: Crossover rejected: union topology invalid (edges=38 nodes=17)
2026-08-15 02:13:41,059 [DEBUG] cnn_neat: Added edge 8→11 (from 28 candidates)
2026-08-15 02:13:41,063 [DEBUG] cnn_neat: Added edge 2→6 (from 28 candidates)
2026-08-15 02:13:41,068 [DEBUG] cnn_neat: Added edge 2→7 (from 27 candidates)
2026-08-15 02:13:41,072 [DEBUG] cnn_neat: Added edge 3→5 (from 24 candidates)
2026-08-15 02:13:41,077 [DEBUG] cnn_neat: Added edge 7→3 (from 21 candidates)
2026-08-15 02:13:41,083 [DEBUG] cnn_neat: Added edge 11→5 (from 19 candidates)
2026-08-15 02:13:41,087 [DEBUG] cnn_neat: Split edge 8→1, new hidden node 11 (pool=6)
2026-08-15 02:13:41,090 [DEBUG] cnn_neat: Added edge 10→5 (from 26 candidates)
2026-08-15 02:13:41,096 [DEBUG] cnn_neat: Removed hidden node 2 (pool=7)
2026-08-15 02:13:41,099 [DEBUG] cnn_neat: Removed edge 10→3 (from 10 candidates)
2026-08-15 02:13:41,106 [DEBUG] cnn_neat: Removed 3 edges (requested 3)
2026-08-15 02:13:41,111 [DEBUG] cnn_neat: Crossover rejected: union topology invalid (edges=31 nodes=15)
2026-08-15 02:13:41,115 [DEBUG] cnn_neat: Split edge 2→3, new hidden node 11 (pool=6)
2026-08-15 02:13:41,119 [DEBUG] cnn_neat: Added edge 8→2 (from 26 candidates)
2026-08-15 02:13:41,122 [DEBUG] cnn_neat: Added edge 10→1 (from 16 candidates)
2026-08-15 02:13:41,126 [DEBUG] cnn_neat: Added edge 5→2 (from 15 candidates)
2026-08-15 02:13:41,130 [DEBUG] cnn_neat: Added edge 8→3 (from 14 candidates)
2026-08-15 02:13:41,135 [DEBUG] cnn_neat: Added edge 3→6 (from 13 candidates)
2026-08-15 02:13:41,138 [DEBUG] cnn_neat: Split edge 8→1, new hidden node 12 (pool=6)
2026-08-15 02:13:41,142 [DEBUG] cnn_neat: Added edge 11→5 (from 28 candidates)
2026-08-15 02:13:41,151 [DEBUG] cnn_neat: Removed hidden node 10 (pool=7)
2026-08-15 02:13:41,155 [DEBUG] cnn_neat: Removed edge 5→1 (from 9 candidates)
2026-08-15 02:13:41,161 [DEBUG] cnn_neat: Removed 3 edges (requested 3)
2026-08-15 02:13:41,165 [DEBUG] cnn_neat: Crossover rejected: union topology invalid (edges=36 nodes=17)
2026-08-15 02:13:41,169 [DEBUG] cnn_neat: Split edge 8→1, new hidden node 12 (pool=6)
2026-08-15 02:13:41,172 [DEBUG] cnn_neat: Added edge 2→8 (from 39 candidates)
2026-08-15 02:13:41,178 [DEBUG] cnn_neat: Added edge 7→3 (from 28 candidates)
2026-08-15 02:13:41,182 [DEBUG] cnn_neat: Added edge 8→10 (from 25 candidates)
2026-08-15 02:13:41,186 [DEBUG] cnn_neat: Added edge 10→1 (from 17 candidates)
2026-08-15 02:13:41,190 [DEBUG] cnn_neat: Added edge 5→11 (from 16 candidates)
2026-08-15 02:13:41,194 [DEBUG] cnn_neat: Added edge 5→3 (from 15 candidates)
2026-08-15 02:13:41,198 [DEBUG] cnn_neat: Split edge 7→11, new hidden node 12 (pool=9)
2026-08-15 02:13:41,202 [DEBUG] cnn_neat: Added edge 3→5 (from 27 candidates)
2026-08-15 02:13:41,208 [DEBUG] cnn_neat: Removed hidden node 2 (pool=7)
2026-08-15 02:13:41,210 [DEBUG] cnn_neat: Split edge 0→3, new hidden node 12 (pool=5)
2026-08-15 02:13:41,214 [DEBUG] cnn_neat: Removed edge 3→1 (from 12 candidates)
2026-08-15 02:13:41,220 [DEBUG] cnn_neat: Removed 3 edges (requested 3)
2026-08-15 02:13:41,225 [DEBUG] cnn_neat: Crossover rejected: union topology invalid (edges=33 nodes=16)
2026-08-15 02:13:41,228 [DEBUG] cnn_neat: Split edge 8→1, new hidden node 12 (pool=9)
2026-08-15 02:13:41,373 [DEBUG] cnn_neat: Split edge 8→1, new hidden node 11 (pool=7)
2026-08-15 02:13:41,511 [DEBUG] cnn_neat: Added edge 7→3 (from 25 candidates)
2026-08-15 02:13:41,530 [DEBUG] cnn_neat: Removed hidden node 5 (pool=7)
2026-08-15 02:13:41,541 [DEBUG] cnn_neat: Removed edge 2→3 (from 11 candidates)
2026-08-15 02:13:41,557 [DEBUG] cnn_neat: Removed 3 edges (requested 3)
2026-08-15 02:13:41,569 [DEBUG] cnn_neat: Split edge 7→3, new hidden node 11 (pool=8)
2026-08-15 02:13:41,578 [DEBUG] cnn_neat: Split edge 7→8, new hidden node 11 (pool=8)
2026-08-15 02:13:41,583 [DEBUG] cnn_neat: Split edge 2→3, new hidden node 11 (pool=5)
2026-08-15 02:13:41,594 [DEBUG] cnn_neat: Split edge 0→8, new hidden node 11 (pool=8)
2026-08-15 02:13:41,606 [DEBUG] cnn_neat: Added edge 10→8 (from 19 candidates)
2026-08-15 02:13:41,625 [DEBUG] cnn_neat: Removed hidden node 5 (pool=6)
2026-08-15 02:13:41,634 [DEBUG] cnn_neat: Removed edge 0→8 (from 11 candidates)
2026-08-15 02:13:41,650 [DEBUG] cnn_neat: Removed 3 edges (requested 3)
2026-08-15 02:13:42,217 [DEBUG] cnn_neat: Split edge 2→3, new hidden node 11 (pool=8)
2026-08-15 02:13:42,254 [DEBUG] cnn_neat: Split edge 7→1, new hidden node 11 (pool=7)
2026-08-15 02:13:42,280 [DEBUG] cnn_neat: Added edge 3→7 (from 28 candidates)
2026-08-15 02:13:42,327 [DEBUG] cnn_neat: Removed hidden node 8 (pool=7)
2026-08-15 02:13:42,355 [DEBUG] cnn_neat: Removed edge 7→8 (from 10 candidates)
2026-08-15 02:13:42,397 [DEBUG] cnn_neat: Removed 3 edges (requested 3)
2026-08-15 02:13:42,418 [DEBUG] cnn_neat: Split edge 2→1, new hidden node 11 (pool=8)
2026-08-15 02:13:42,486 [DEBUG] cnn_neat: Split edge 8→1, new hidden node 11 (pool=6)
2026-08-15 02:13:42,491 [DEBUG] cnn_neat: Split edge 3→1, new hidden node 11 (pool=5)
2026-08-15 02:13:42,515 [DEBUG] cnn_neat: Split edge 3→1, new hidden node 11 (pool=8)
2026-08-15 02:13:42,533 [DEBUG] cnn_neat: Added edge 5→6 (from 25 candidates)
2026-08-15 02:13:42,550 [DEBUG] cnn_neat: Removed hidden node 3 (pool=7)
2026-08-15 02:13:42,570 [DEBUG] cnn_neat: Removed edge 3→1 (from 11 candidates)
2026-08-15 02:13:42,582 [DEBUG] cnn_neat: Removed 3 edges (requested 3)
2026-08-15 02:13:42,592 [DEBUG] cnn_neat: Split edge 7→1, new hidden node 11 (pool=8)
2026-08-15 02:13:42,600 [DEBUG] cnn_neat: Split edge 7→1, new hidden node 11 (pool=5)
2026-08-15 02:13:42,616 [DEBUG] cnn_neat: Added edge 7→6 (from 33 candidates)
2026-08-15 02:13:42,638 [DEBUG] cnn_neat: Removed hidden node 11 (pool=8)
2026-08-15 02:13:42,645 [DEBUG] cnn_neat: Removed edge 10→11 (from 13 candidates)
2026-08-15 02:13:42,660 [DEBUG] cnn_neat: Removed 3 edges (requested 3)
2026-08-15 02:13:42,679 [DEBUG] cnn_neat: Added edge 2→8 (from 32 candidates)
2026-08-15 02:13:42,688 [DEBUG] cnn_neat: Added edge 6→11 (from 34 candidates)
2026-08-15 02:13:42,695 [DEBUG] cnn_neat: Added edge 11→3 (from 37 candidates)
2026-08-15 02:13:42,715 [DEBUG] cnn_neat: Added edge 2→11 (from 35 candidates)
2026-08-15 02:13:42,728 [DEBUG] cnn_neat: Removed hidden node 7 (pool=8)
2026-08-15 02:13:42,733 [DEBUG] cnn_neat: Removed edge 8→1 (from 12 candidates)
2026-08-15 02:13:42,745 [DEBUG] cnn_neat: Removed 3 edges (requested 3)
2026-08-15 02:13:42,763 [DEBUG] cnn_neat: Added edge 2→5 (from 33 candidates)
2026-08-15 02:13:42,767 [DEBUG] cnn_neat: Added edge 5→2 (from 36 candidates)
2026-08-15 02:13:42,774 [DEBUG] cnn_neat: Added edge 3→5 (from 38 candidates)
2026-08-15 02:13:42,792 [DEBUG] cnn_neat: Added edge 8→10 (from 32 candidates)
2026-08-15 02:13:42,803 [DEBUG] cnn_neat: Removed hidden node 3 (pool=8)
2026-08-15 02:13:42,810 [DEBUG] cnn_neat: Removed edge 5→8 (from 13 candidates)
2026-08-15 02:13:42,823 [DEBUG] cnn_neat: Removed 3 edges (requested 3)
2026-08-15 02:13:42,841 [DEBUG] cnn_neat: Added edge 2→8 (from 25 candidates)
2026-08-15 02:13:42,847 [DEBUG] cnn_neat: Added edge 10→5 (from 26 candidates)
2026-08-15 02:13:42,865 [DEBUG] cnn_neat: Added edge 5→10 (from 29 candidates)
2026-08-15 02:13:42,876 [DEBUG] cnn_neat: Removed hidden node 6 (pool=8)
2026-08-15 02:13:42,886 [DEBUG] cnn_neat: Removed edge 3→11 (from 14 candidates)
2026-08-15 02:13:42,901 [DEBUG] cnn_neat: Removed 3 edges (requested 3)
2026-08-15 02:13:42,925 [DEBUG] cnn_neat: Added edge 2→8 (from 24 candidates)
2026-08-15 02:13:42,934 [DEBUG] cnn_neat: Added edge 7→8 (from 31 candidates)
2026-08-15 02:13:42,941 [DEBUG] cnn_neat: Added edge 3→6 (from 34 candidates)
2026-08-15 02:13:43,084 [DEBUG] cnn_neat: Added edge 8→11 (from 31 candidates)
2026-08-15 02:13:43,101 [DEBUG] cnn_neat: Removed hidden node 6 (pool=8)
2026-08-15 02:13:43,109 [DEBUG] cnn_neat: Removed edge 7→11 (from 13 candidates)
2026-08-15 02:13:43,126 [DEBUG] cnn_neat: Removed 3 edges (requested 3)
2026-08-15 02:13:43,149 [DEBUG] cnn_neat: Added edge 11→1 (from 28 candidates)
2026-08-15 02:13:43,161 [DEBUG] cnn_neat: Added edge 3→7 (from 33 candidates)
2026-08-15 02:13:43,166 [DEBUG] cnn_neat: Added edge 3→1 (from 34 candidates)
2026-08-15 02:13:43,194 [DEBUG] cnn_neat: Added edge 3→5 (from 28 candidates)
2026-08-15 02:13:43,222 [DEBUG] cnn_neat: Removed hidden node 10 (pool=8)
2026-08-15 02:13:43,232 [DEBUG] cnn_neat: Removed edge 6→1 (from 14 candidates)
2026-08-15 02:13:43,635 [DEBUG] cnn_neat: Removed 3 edges (requested 3)
2026-08-15 02:13:43,643 [DEBUG] cnn_neat: Split edge 0→8, new hidden node 11 (pool=7)
2026-08-15 02:13:43,654 [DEBUG] cnn_neat: Added edge 3→8 (from 20 candidates)
2026-08-15 02:13:43,669 [DEBUG] cnn_neat: Removed hidden node 10 (pool=6)
2026-08-15 02:13:43,676 [DEBUG] cnn_neat: Removed edge 2→3 (from 9 candidates)
2026-08-15 02:13:43,693 [DEBUG] cnn_neat: Removed 3 edges (requested 3)
2026-08-15 02:13:43,706 [DEBUG] cnn_neat: Split edge 7→1, new hidden node 11 (pool=8)
2026-08-15 02:13:43,721 [DEBUG] cnn_neat: Split edge 2→1, new hidden node 11 (pool=6)
2026-08-15 02:13:43,732 [DEBUG] cnn_neat: Split edge 3→1, new hidden node 11 (pool=5)
2026-08-15 02:13:43,761 [DEBUG] cnn_neat: Added edge 11→10 (from 39 candidates)
2026-08-15 02:13:43,784 [DEBUG] cnn_neat: Removed hidden node 11 (pool=8)
2026-08-15 02:13:43,796 [DEBUG] cnn_neat: Removed edge 8→1 (from 9 candidates)
2026-08-15 02:13:43,811 [DEBUG] cnn_neat: Removed 3 edges (requested 3)
2026-08-15 02:13:44,208 [DEBUG] cnn_neat: Split edge 8→1, new hidden node 11 (pool=7)
2026-08-15 02:13:44,217 [DEBUG] cnn_neat: Added edge 10→7 (from 17 candidates)
2026-08-15 02:13:44,229 [DEBUG] cnn_neat: Removed hidden node 7 (pool=6)
2026-08-15 02:13:44,241 [DEBUG] cnn_neat: Removed edge 5→8 (from 10 candidates)
2026-08-15 02:13:44,261 [DEBUG] cnn_neat: Removed 3 edges (requested 3)
2026-08-15 02:13:44,270 [DEBUG] cnn_neat: Split edge 8→1, new hidden node 11 (pool=6)
2026-08-15 02:13:44,277 [DEBUG] cnn_neat: Split edge 0→8, new hidden node 11 (pool=7)
2026-08-15 02:13:44,289 [DEBUG] cnn_neat: Split edge 0→8, new hidden node 11 (pool=6)
2026-08-15 02:13:44,310 [DEBUG] cnn_neat: Added edge 6→3 (from 36 candidates)
2026-08-15 02:13:44,327 [DEBUG] cnn_neat: Removed hidden node 5 (pool=8)
2026-08-15 02:13:44,330 [DEBUG] cnn_neat: Removed edge 8→1 (from 10 candidates)
2026-08-15 02:13:44,342 [DEBUG] cnn_neat: Removed 3 edges (requested 3)
2026-08-15 02:13:44,349 [DEBUG] cnn_neat: Split edge 2→1, new hidden node 12 (pool=6)
2026-08-15 02:13:44,361 [DEBUG] cnn_neat: Added edge 7→10 (from 31 candidates)
2026-08-15 02:13:44,383 [DEBUG] cnn_neat: Split edge 8→1, new hidden node 11 (pool=6)
2026-08-15 02:13:44,404 [DEBUG] cnn_neat: Added edge 5→6 (from 25 candidates)
2026-08-15 02:13:44,833 [DEBUG] cnn_neat: Removed hidden node 3 (pool=7)
2026-08-15 02:13:44,856 [DEBUG] cnn_neat: Added edge 2→7 (from 36 candidates)
2026-08-15 02:13:44,864 [DEBUG] cnn_neat: Removed hidden node 5 (pool=8)
2026-08-15 02:13:44,873 [DEBUG] cnn_neat: Removed edge 7→1 (from 11 candidates)
2026-08-15 02:13:44,884 [DEBUG] cnn_neat: Removed 3 edges (requested 3)
2026-08-15 02:13:44,893 [DEBUG] cnn_neat: Split edge 2→3, new hidden node 12 (pool=9)
2026-08-15 02:13:44,907 [DEBUG] cnn_neat: Added edge 7→8 (from 30 candidates)
2026-08-15 02:13:44,920 [DEBUG] cnn_neat: Added edge 10→1 (from 37 candidates)
2026-08-15 02:13:44,945 [DEBUG] cnn_neat: Added edge 6→1 (from 34 candidates)
2026-08-15 02:13:44,965 [DEBUG] cnn_neat: Removed hidden node 7 (pool=8)
2026-08-15 02:13:44,970 [DEBUG] cnn_neat: Removed edge 5→8 (from 12 candidates)
2026-08-15 02:13:44,996 [DEBUG] cnn_neat: Removed 3 edges (requested 3)
2026-08-15 02:13:45,001 [DEBUG] cnn_neat: Split edge 8→1, new hidden node 12 (pool=4)
2026-08-15 02:13:45,013 [DEBUG] cnn_neat: Added edge 6→3 (from 25 candidates)
2026-08-15 02:13:45,017 [DEBUG] cnn_neat: Added edge 8→5 (from 39 candidates)
2026-08-15 02:13:45,035 [DEBUG] cnn_neat: Split edge 2→3, new hidden node 12 (pool=7)
2026-08-15 02:13:45,425 [DEBUG] cnn_neat: Added edge 11→8 (from 31 candidates)
2026-08-15 02:13:45,435 [DEBUG] cnn_neat: Split edge 0→3, new hidden node 11 (pool=6)
2026-08-15 02:13:45,446 [DEBUG] cnn_neat: Added edge 2→7 (from 26 candidates)
2026-08-15 02:13:45,463 [DEBUG] cnn_neat: Removed hidden node 10 (pool=7)
2026-08-15 02:13:45,468 [DEBUG] cnn_neat: Removed edge 0→3 (from 10 candidates)
2026-08-15 02:13:45,481 [DEBUG] cnn_neat: Removed 3 edges (requested 3)
2026-08-15 02:13:45,490 [DEBUG] cnn_neat: Split edge 2→7, new hidden node 11 (pool=7)
2026-08-15 02:13:45,495 [DEBUG] cnn_neat: Split edge 2→3, new hidden node 9 (pool=7)
2026-08-15 02:13:45,508 [DEBUG] cnn_neat: Split edge 2→1, new hidden node 12 (pool=6)
2026-08-15 02:13:45,512 [DEBUG] cnn_neat: Added edge 7→2 (from 28 candidates)
2026-08-15 02:13:45,525 [DEBUG] cnn_neat: Removed hidden node 11 (pool=7)
2026-08-15 02:13:45,529 [DEBUG] cnn_neat: Removed edge 10→11 (from 9 candidates)
2026-08-15 02:13:45,586 [DEBUG] cnn_neat: Removed 3 edges (requested 3)
2026-08-15 02:13:45,619 [DEBUG] cnn_neat: Split edge 7→1, new hidden node 12 (pool=7)
2026-08-15 02:13:45,624 [DEBUG] cnn_neat: Split edge 2→1, new hidden node 12 (pool=6)
2026-08-15 02:13:45,636 [DEBUG] cnn_neat: Split edge 7→11, new hidden node 12 (pool=9)
2026-08-15 02:13:46,053 [DEBUG] cnn_neat: Added edge 7→8 (from 27 candidates)
2026-08-15 02:13:46,063 [DEBUG] cnn_neat: Added edge 5→12 (from 38 candidates)
2026-08-15 02:13:46,081 [DEBUG] cnn_neat: Removed hidden node 5 (pool=8)
2026-08-15 02:13:46,088 [DEBUG] cnn_neat: Removed edge 5→8 (from 10 candidates)
2026-08-15 02:13:46,099 [DEBUG] cnn_neat: Removed 3 edges (requested 3)
2026-08-15 02:13:46,106 [DEBUG] cnn_neat: Split edge 3→1, new hidden node 13 (pool=6)
2026-08-15 02:13:46,117 [DEBUG] cnn_neat: Added edge 2→5 (from 35 candidates)
2026-08-15 02:13:46,132 [DEBUG] cnn_neat: Added edge 7→3 (from 38 candidates)
2026-08-15 02:13:46,144 [DEBUG] cnn_neat: Removed hidden node 11 (pool=8)
2026-08-15 02:13:46,149 [DEBUG] cnn_neat: Removed edge 5→1 (from 12 candidates)
2026-08-15 02:13:46,159 [DEBUG] cnn_neat: Removed 3 edges (requested 3)
2026-08-15 02:13:46,168 [DEBUG] cnn_neat: Split edge 0→3, new hidden node 11 (pool=9)
2026-08-15 02:13:46,179 [DEBUG] cnn_neat: Added edge 3→5 (from 36 candidates)
2026-08-15 02:13:46,189 [DEBUG] cnn_neat: Split edge 2→1, new hidden node 12 (pool=7)
2026-08-15 02:13:46,195 [DEBUG] cnn_neat: Added edge 10→8 (from 31 candidates)
2026-08-15 02:13:46,204 [DEBUG] cnn_neat: Removed hidden node 8 (pool=7)
2026-08-15 02:13:46,210 [DEBUG] cnn_neat: Removed edge 7→1 (from 9 candidates)
2026-08-15 02:13:46,221 [DEBUG] cnn_neat: Removed 3 edges (requested 3)
2026-08-15 02:13:46,230 [DEBUG] cnn_neat: Split edge 3→1, new hidden node 12 (pool=7)
2026-08-15 02:13:46,244 [DEBUG] cnn_neat: Added edge 11→6 (from 31 candidates)
2026-08-15 02:13:46,255 [DEBUG] cnn_neat: Removed hidden node 11 (pool=8)
2026-08-15 02:13:46,261 [DEBUG] cnn_neat: Removed edge 2→1 (from 13 candidates)
2026-08-15 02:13:46,272 [DEBUG] cnn_neat: Removed 3 edges (requested 3)
2026-08-15 02:13:46,286 [DEBUG] cnn_neat: Added edge 10→7 (from 28 candidates)
2026-08-15 02:13:46,291 [DEBUG] cnn_neat: Added edge 6→3 (from 32 candidates)
2026-08-15 02:13:46,296 [DEBUG] cnn_neat: Added edge 2→6 (from 38 candidates)
2026-08-15 02:13:46,311 [DEBUG] cnn_neat: Added edge 2→7 (from 34 candidates)
2026-08-15 02:13:46,321 [DEBUG] cnn_neat: Removed hidden node 8 (pool=8)
2026-08-15 02:13:46,325 [DEBUG] cnn_neat: Removed edge 7→11 (from 14 candidates)
2026-08-15 02:13:46,336 [DEBUG] cnn_neat: Removed 3 edges (requested 3)
2026-08-15 02:13:46,340 [DEBUG] cnn_neat: Saved generation 35
2026-08-15 02:13:46,436 [DEBUG] cnn_neat: Selected 25 elite individuals
2026-08-15 02:13:46,485 [DEBUG] cnn_neat: Added edge 2→8 (from 29 candidates)
2026-08-15 02:13:46,504 [DEBUG] cnn_neat: Added edge 11→10 (from 33 candidates)
2026-08-15 02:13:46,617 [DEBUG] cnn_neat: Added edge 2→11 (from 39 candidates)
2026-08-15 02:13:46,656 [DEBUG] cnn_neat: Removed hidden node 5 (pool=8)
2026-08-15 02:13:46,670 [DEBUG] cnn_neat: Removed edge 7→1 (from 9 candidates)
2026-08-15 02:13:46,706 [DEBUG] cnn_neat: Removed 3 edges (requested 3)
2026-08-15 02:13:46,722 [DEBUG] cnn_neat: Split edge 2→3, new hidden node 12 (pool=6)
2026-08-15 02:13:46,744 [DEBUG] cnn_neat: Added edge 3→5 (from 35 candidates)
2026-08-15 02:13:46,768 [DEBUG] cnn_neat: Added edge 10→5 (from 22 candidates)
2026-08-15 02:13:46,776 [DEBUG] cnn_neat: Trimmed elite queue to 128 entries
2026-08-15 02:13:47,545 [DEBUG] cnn_neat: Removed hidden node 5 (pool=8)
2026-08-15 02:13:47,547 [DEBUG] cnn_neat: Split edge 0→3, new hidden node 11 (pool=9)
2026-08-15 02:13:47,552 [DEBUG] cnn_neat: Added edge 10→1 (from 17 candidates)
2026-08-15 02:13:47,559 [DEBUG] cnn_neat: Removed hidden node 7 (pool=6)
2026-08-15 02:13:47,562 [DEBUG] cnn_neat: Removed edge 2→3 (from 12 candidates)
2026-08-15 02:13:47,569 [DEBUG] cnn_neat: Removed 3 edges (requested 3)
2026-08-15 02:13:47,574 [DEBUG] cnn_neat: Crossover rejected: union topology invalid (edges=36 nodes=16)
2026-08-15 02:13:47,577 [DEBUG] cnn_neat: Split edge 2→1, new hidden node 11 (pool=9)
2026-08-15 02:13:47,583 [DEBUG] cnn_neat: Added edge 3→8 (from 17 candidates)
2026-08-15 02:13:47,587 [DEBUG] cnn_neat: Added edge 7→2 (from 14 candidates)
2026-08-15 02:13:47,590 [DEBUG] cnn_neat: Added edge 5→2 (from 10 candidates)
2026-08-15 02:13:47,594 [DEBUG] cnn_neat: Added edge 5→10 (from 6 candidates)
2026-08-15 02:13:47,598 [DEBUG] cnn_neat: Added edge 10→8 (from 5 candidates)
2026-08-15 02:13:47,603 [DEBUG] cnn_neat: Split edge 7→1, new hidden node 11 (pool=10)
2026-08-15 02:13:47,607 [DEBUG] cnn_neat: Added edge 7→2 (from 26 candidates)
2026-08-15 02:13:47,612 [DEBUG] cnn_neat: Removed hidden node 3 (pool=7)
2026-08-15 02:13:47,616 [DEBUG] cnn_neat: Removed edge 8→1 (from 13 candidates)
2026-08-15 02:13:47,623 [DEBUG] cnn_neat: Removed 3 edges (requested 3)
2026-08-15 02:13:47,628 [DEBUG] cnn_neat: Crossover rejected: union topology invalid (edges=37 nodes=17)
2026-08-15 02:13:47,632 [DEBUG] cnn_neat: Split edge 0→8, new hidden node 11 (pool=10)
2026-08-15 02:13:47,636 [DEBUG] cnn_neat: Added edge 7→6 (from 26 candidates)
2026-08-15 02:13:47,640 [DEBUG] cnn_neat: Added edge 2→7 (from 25 candidates)
2026-08-15 02:13:47,643 [DEBUG] cnn_neat: Added edge 3→6 (from 21 candidates)
2026-08-15 02:13:47,647 [DEBUG] cnn_neat: Added edge 7→10 (from 18 candidates)
2026-08-15 02:13:47,651 [DEBUG] cnn_neat: Added edge 7→3 (from 15 candidates)
2026-08-15 02:13:47,656 [DEBUG] cnn_neat: Split edge 2→8, new hidden node 11 (pool=11)
2026-08-15 02:13:47,660 [DEBUG] cnn_neat: Added edge 10→8 (from 24 candidates)
2026-08-15 02:13:47,666 [DEBUG] cnn_neat: Removed hidden node 7 (pool=7)
2026-08-15 02:13:47,669 [DEBUG] cnn_neat: Removed edge 8→1 (from 14 candidates)
2026-08-15 02:13:47,677 [DEBUG] cnn_neat: Removed 3 edges (requested 3)
2026-08-15 02:13:47,683 [DEBUG] cnn_neat: Crossover rejected: union topology invalid (edges=38 nodes=17)
2026-08-15 02:13:47,686 [DEBUG] cnn_neat: Split edge 8→6, new hidden node 11 (pool=11)
2026-08-15 02:13:47,690 [DEBUG] cnn_neat: Added edge 10→1 (from 24 candidates)
2026-08-15 02:13:47,695 [DEBUG] cnn_neat: Added edge 5→3 (from 23 candidates)
2026-08-15 02:13:47,699 [DEBUG] cnn_neat: Added edge 8→3 (from 20 candidates)
2026-08-15 02:13:47,703 [DEBUG] cnn_neat: Added edge 7→3 (from 18 candidates)
2026-08-15 02:13:47,707 [DEBUG] cnn_neat: Added edge 10→5 (from 17 candidates)
2026-08-15 02:13:47,717 [DEBUG] cnn_neat: Added edge 7→11 (from 36 candidates)
2026-08-15 02:13:47,721 [DEBUG] cnn_neat: Added edge 10→11 (from 36 candidates)
2026-08-15 02:13:47,728 [DEBUG] cnn_neat: Removed hidden node 10 (pool=8)
2026-08-15 02:13:47,732 [DEBUG] cnn_neat: Removed edge 5→8 (from 11 candidates)
2026-08-15 02:13:47,739 [DEBUG] cnn_neat: Removed 3 edges (requested 3)
2026-08-15 02:13:47,744 [DEBUG] cnn_neat: Crossover rejected: union topology invalid (edges=36 nodes=17)
2026-08-15 02:13:47,750 [DEBUG] cnn_neat: Added edge 8→10 (from 36 candidates)
2026-08-15 02:13:47,754 [DEBUG] cnn_neat: Added edge 8→10 (from 36 candidates)
2026-08-15 02:13:47,759 [DEBUG] cnn_neat: Added edge 11→3 (from 29 candidates)
2026-08-15 02:13:47,764 [DEBUG] cnn_neat: Added edge 6→3 (from 27 candidates)
2026-08-15 02:13:47,768 [DEBUG] cnn_neat: Added edge 11→10 (from 25 candidates)
2026-08-15 02:13:47,774 [DEBUG] cnn_neat: Added edge 7→11 (from 23 candidates)
2026-08-15 02:13:47,783 [DEBUG] cnn_neat: Added edge 11→10 (from 34 candidates)
2026-08-15 02:13:47,787 [DEBUG] cnn_neat: Added edge 10→7 (from 34 candidates)
2026-08-15 02:13:47,794 [DEBUG] cnn_neat: Removed hidden node 7 (pool=8)
2026-08-15 02:13:47,798 [DEBUG] cnn_neat: Removed edge 7→1 (from 13 candidates)
2026-08-15 02:13:47,804 [DEBUG] cnn_neat: Removed 3 edges (requested 3)
2026-08-15 02:13:47,809 [DEBUG] cnn_neat: Crossover rejected: union topology invalid (edges=41 nodes=18)
2026-08-15 02:13:47,816 [DEBUG] cnn_neat: Added edge 2→5 (from 34 candidates)
2026-08-15 02:13:47,820 [DEBUG] cnn_neat: Added edge 2→6 (from 34 candidates)
2026-08-15 02:13:47,824 [DEBUG] cnn_neat: Added edge 7→10 (from 33 candidates)
2026-08-15 02:13:47,828 [DEBUG] cnn_neat: Added edge 2→8 (from 30 candidates)
2026-08-15 02:13:47,833 [DEBUG] cnn_neat: Added edge 11→6 (from 27 candidates)
2026-08-15 02:13:47,838 [DEBUG] cnn_neat: Added edge 6→3 (from 25 candidates)
2026-08-15 02:13:47,846 [DEBUG] cnn_neat: Added edge 6→1 (from 27 candidates)
2026-08-15 02:13:47,850 [DEBUG] cnn_neat: Added edge 6→11 (from 27 candidates)
2026-08-15 02:13:47,856 [DEBUG] cnn_neat: Removed hidden node 7 (pool=8)
2026-08-15 02:13:47,860 [DEBUG] cnn_neat: Removed edge 10→3 (from 13 candidates)
2026-08-15 02:13:47,867 [DEBUG] cnn_neat: Removed 3 edges (requested 3)
2026-08-15 02:13:47,872 [DEBUG] cnn_neat: Crossover rejected: union topology invalid (edges=35 nodes=16)
2026-08-15 02:13:47,879 [DEBUG] cnn_neat: Added edge 3→11 (from 27 candidates)
2026-08-15 02:13:47,883 [DEBUG] cnn_neat: Added edge 2→11 (from 27 candidates)
2026-08-15 02:13:47,886 [DEBUG] cnn_neat: Added edge 3→5 (from 26 candidates)
2026-08-15 02:13:47,890 [DEBUG] cnn_neat: Added edge 6→1 (from 22 candidates)
2026-08-15 02:13:47,895 [DEBUG] cnn_neat: Added edge 10→1 (from 21 candidates)
2026-08-15 02:13:47,899 [DEBUG] cnn_neat: Added edge 5→11 (from 20 candidates)
2026-08-15 02:13:47,908 [DEBUG] cnn_neat: Added edge 10→7 (from 32 candidates)
2026-08-15 02:13:47,913 [DEBUG] cnn_neat: Added edge 3→8 (from 32 candidates)
2026-08-15 02:13:47,921 [DEBUG] cnn_neat: Added edge 2→8 (from 27 candidates)
2026-08-15 02:13:47,927 [DEBUG] cnn_neat: Removed hidden node 5 (pool=8)
2026-08-15 02:13:47,932 [DEBUG] cnn_neat: Removed edge 7→1 (from 14 candidates)
2026-08-15 02:13:47,940 [DEBUG] cnn_neat: Removed 3 edges (requested 3)
2026-08-15 02:13:47,945 [DEBUG] cnn_neat: Added edge 7→2 (from 35 candidates)
2026-08-15 02:13:47,950 [DEBUG] cnn_neat: Crossover rejected: union topology invalid (edges=42 nodes=18)
2026-08-15 02:13:47,956 [DEBUG] cnn_neat: Added edge 2→6 (from 32 candidates)
2026-08-15 02:13:47,962 [DEBUG] cnn_neat: Added edge 11→5 (from 32 candidates)
2026-08-15 02:13:47,967 [DEBUG] cnn_neat: Added edge 7→2 (from 21 candidates)
2026-08-15 02:13:47,972 [DEBUG] cnn_neat: Added edge 10→8 (from 17 candidates)
2026-08-15 02:13:47,977 [DEBUG] cnn_neat: Added edge 11→8 (from 16 candidates)
2026-08-15 02:13:47,984 [DEBUG] cnn_neat: Added edge 3→6 (from 15 candidates)
2026-08-15 02:13:47,992 [DEBUG] cnn_neat: Added edge 10→5 (from 30 candidates)
2026-08-15 02:13:47,996 [DEBUG] cnn_neat: Added edge 8→10 (from 30 candidates)
2026-08-15 02:13:48,004 [DEBUG] cnn_neat: Removed hidden node 6 (pool=8)
2026-08-15 02:13:48,008 [DEBUG] cnn_neat: Removed edge 7→11 (from 14 candidates)
2026-08-15 02:13:48,015 [DEBUG] cnn_neat: Removed 3 edges (requested 3)
2026-08-15 02:13:48,021 [DEBUG] cnn_neat: Crossover rejected: union topology invalid (edges=41 nodes=18)
2026-08-15 02:13:48,027 [DEBUG] cnn_neat: Added edge 7→3 (from 30 candidates)
2026-08-15 02:13:48,032 [DEBUG] cnn_neat: Added edge 5→6 (from 30 candidates)
2026-08-15 02:13:48,035 [DEBUG] cnn_neat: Added edge 3→5 (from 29 candidates)
2026-08-15 02:13:48,039 [DEBUG] cnn_neat: Added edge 2→5 (from 20 candidates)
2026-08-15 02:13:48,044 [DEBUG] cnn_neat: Added edge 10→7 (from 19 candidates)
2026-08-15 02:13:48,048 [DEBUG] cnn_neat: Added edge 3→8 (from 16 candidates)
2026-08-15 02:13:48,056 [DEBUG] cnn_neat: Added edge 6→11 (from 31 candidates)
2026-08-15 02:13:48,060 [DEBUG] cnn_neat: Added edge 5→2 (from 31 candidates)
2026-08-15 02:13:48,067 [DEBUG] cnn_neat: Removed hidden node 7 (pool=8)
2026-08-15 02:13:48,071 [DEBUG] cnn_neat: Removed edge 5→8 (from 14 candidates)
2026-08-15 02:13:48,218 [DEBUG] cnn_neat: Split edge 3→1, new hidden node 11 (pool=7)
2026-08-15 02:13:48,355 [DEBUG] cnn_neat: Added edge 7→3 (from 25 candidates)
2026-08-15 02:13:48,380 [DEBUG] cnn_neat: Removed hidden node 2 (pool=7)
2026-08-15 02:13:48,389 [DEBUG] cnn_neat: Removed edge 3→1 (from 11 candidates)
2026-08-15 02:13:48,404 [DEBUG] cnn_neat: Removed 3 edges (requested 3)
2026-08-15 02:13:48,411 [DEBUG] cnn_neat: Split edge 0→3, new hidden node 11 (pool=5)
2026-08-15 02:13:48,419 [DEBUG] cnn_neat: Added edge 3→5 (from 29 candidates)
2026-08-15 02:13:48,435 [DEBUG] cnn_neat: Removed hidden node 6 (pool=7)
2026-08-15 02:13:48,443 [DEBUG] cnn_neat: Added edge 7→8 (from 42 candidates)
2026-08-15 02:13:48,452 [DEBUG] cnn_neat: Split edge 3→1, new hidden node 11 (pool=8)
2026-08-15 02:13:48,459 [DEBUG] cnn_neat: Removed edge 2→3 (from 8 candidates)
2026-08-15 02:13:48,476 [DEBUG] cnn_neat: Split edge 7→1, new hidden node 11 (pool=8)
2026-08-15 02:13:48,485 [DEBUG] cnn_neat: Added edge 3→7 (from 19 candidates)
2026-08-15 02:13:48,501 [DEBUG] cnn_neat: Removed hidden node 7 (pool=6)
2026-08-15 02:13:48,510 [DEBUG] cnn_neat: Removed edge 10→3 (from 11 candidates)
2026-08-15 02:13:48,525 [DEBUG] cnn_neat: Removed 3 edges (requested 3)
2026-08-15 02:13:48,536 [DEBUG] cnn_neat: Split edge 7→1, new hidden node 11 (pool=9)
2026-08-15 02:13:49,086 [DEBUG] cnn_neat: Split edge 0→3, new hidden node 11 (pool=8)
2026-08-15 02:13:49,126 [DEBUG] cnn_neat: Split edge 7→8, new hidden node 11 (pool=7)
2026-08-15 02:13:49,157 [DEBUG] cnn_neat: Added edge 10→5 (from 28 candidates)
2026-08-15 02:13:49,209 [DEBUG] cnn_neat: Removed hidden node 8 (pool=7)
2026-08-15 02:13:49,237 [DEBUG] cnn_neat: Removed edge 5→8 (from 10 candidates)
2026-08-15 02:13:49,277 [DEBUG] cnn_neat: Removed 3 edges (requested 3)
2026-08-15 02:13:49,297 [DEBUG] cnn_neat: Split edge 2→3, new hidden node 11 (pool=7)
2026-08-15 02:13:49,317 [DEBUG] cnn_neat: Split edge 7→1, new hidden node 11 (pool=7)
2026-08-15 02:13:49,328 [DEBUG] cnn_neat: Split edge 0→3, new hidden node 11 (pool=5)
2026-08-15 02:13:49,386 [DEBUG] cnn_neat: Split edge 3→1, new hidden node 11 (pool=8)
2026-08-15 02:13:49,400 [DEBUG] cnn_neat: Added edge 7→3 (from 25 candidates)
2026-08-15 02:13:49,424 [DEBUG] cnn_neat: Removed hidden node 8 (pool=7)
2026-08-15 02:13:49,438 [DEBUG] cnn_neat: Removed edge 0→3 (from 11 candidates)
2026-08-15 02:13:49,467 [DEBUG] cnn_neat: Removed 3 edges (requested 3)
2026-08-15 02:13:49,474 [DEBUG] cnn_neat: Split edge 2→1, new hidden node 11 (pool=9)
2026-08-15 02:13:49,482 [DEBUG] cnn_neat: Split edge 7→8, new hidden node 11 (pool=7)
2026-08-15 02:13:49,490 [DEBUG] cnn_neat: Added edge 7→2 (from 23 candidates)
2026-08-15 02:13:49,510 [DEBUG] cnn_neat: Added edge 2→8 (from 33 candidates)
2026-08-15 02:13:49,525 [DEBUG] cnn_neat: Removed hidden node 11 (pool=8)
2026-08-15 02:13:49,533 [DEBUG] cnn_neat: Removed edge 5→8 (from 13 candidates)
2026-08-15 02:13:49,547 [DEBUG] cnn_neat: Removed 3 edges (requested 3)
2026-08-15 02:13:49,562 [DEBUG] cnn_neat: Added edge 6→11 (from 31 candidates)
2026-08-15 02:13:49,567 [DEBUG] cnn_neat: Added edge 7→10 (from 37 candidates)
2026-08-15 02:13:49,581 [DEBUG] cnn_neat: Removed hidden node 2 (pool=8)
2026-08-15 02:13:49,589 [DEBUG] cnn_neat: Removed hidden node 6 (pool=8)
2026-08-15 02:13:49,606 [DEBUG] cnn_neat: Added edge 6→3 (from 35 candidates)
2026-08-15 02:13:49,617 [DEBUG] cnn_neat: Removed hidden node 3 (pool=8)
2026-08-15 02:13:49,624 [DEBUG] cnn_neat: Removed edge 5→8 (from 12 candidates)
2026-08-15 02:13:49,635 [DEBUG] cnn_neat: Removed 3 edges (requested 3)
2026-08-15 02:13:49,657 [DEBUG] cnn_neat: Added edge 10→11 (from 30 candidates)
2026-08-15 02:13:49,663 [DEBUG] cnn_neat: Added edge 8→2 (from 29 candidates)
2026-08-15 02:13:49,682 [DEBUG] cnn_neat: Added edge 5→11 (from 32 candidates)
2026-08-15 02:13:49,696 [DEBUG] cnn_neat: Removed hidden node 5 (pool=8)
2026-08-15 02:13:49,703 [DEBUG] cnn_neat: Removed edge 10→6 (from 13 candidates)
2026-08-15 02:13:49,719 [DEBUG] cnn_neat: Removed 3 edges (requested 3)
2026-08-15 02:13:49,728 [DEBUG] cnn_neat: Split edge 2→3, new hidden node 12 (pool=9)
2026-08-15 02:13:49,744 [DEBUG] cnn_neat: Added edge 7→8 (from 31 candidates)
2026-08-15 02:13:49,762 [DEBUG] cnn_neat: Added edge 10→7 (from 29 candidates)
2026-08-15 02:13:49,777 [DEBUG] cnn_neat: Removed hidden node 6 (pool=8)
2026-08-15 02:13:49,785 [DEBUG] cnn_neat: Removed edge 7→1 (from 14 candidates)
2026-08-15 02:13:49,802 [DEBUG] cnn_neat: Removed 3 edges (requested 3)
2026-08-15 02:13:49,826 [DEBUG] cnn_neat: Added edge 2→11 (from 22 candidates)
2026-08-15 02:13:49,835 [DEBUG] cnn_neat: Added edge 3→7 (from 30 candidates)
2026-08-15 02:13:49,843 [DEBUG] cnn_neat: Added edge 10→1 (from 39 candidates)
2026-08-15 02:13:49,954 [DEBUG] cnn_neat: Split edge 2→1, new hidden node 11 (pool=9)
2026-08-15 02:13:49,968 [DEBUG] cnn_neat: Added edge 8→3 (from 17 candidates)
2026-08-15 02:13:49,984 [DEBUG] cnn_neat: Removed hidden node 5 (pool=6)
2026-08-15 02:13:49,991 [DEBUG] cnn_neat: Removed edge 2→8 (from 12 candidates)
2026-08-15 02:13:50,010 [DEBUG] cnn_neat: Removed 3 edges (requested 3)
2026-08-15 02:13:50,022 [DEBUG] cnn_neat: Split edge 7→1, new hidden node 11 (pool=10)
2026-08-15 02:13:50,029 [DEBUG] cnn_neat: Split edge 0→8, new hidden node 11 (pool=10)
2026-08-15 02:13:50,039 [DEBUG] cnn_neat: Split edge 8→1, new hidden node 11 (pool=6)
2026-08-15 02:13:50,055 [DEBUG] cnn_neat: Split edge 2→3, new hidden node 11 (pool=10)
2026-08-15 02:13:50,068 [DEBUG] cnn_neat: Added edge 6→3 (from 26 candidates)
2026-08-15 02:13:50,081 [DEBUG] cnn_neat: Removed hidden node 3 (pool=7)
2026-08-15 02:13:50,088 [DEBUG] cnn_neat: Removed edge 7→8 (from 13 candidates)
2026-08-15 02:13:50,105 [DEBUG] cnn_neat: Removed 3 edges (requested 3)
2026-08-15 02:13:50,503 [DEBUG] cnn_neat: Split edge 8→1, new hidden node 11 (pool=10)
2026-08-15 02:13:50,519 [DEBUG] cnn_neat: Split edge 0→8, new hidden node 11 (pool=11)
2026-08-15 02:13:50,532 [DEBUG] cnn_neat: Added edge 5→6 (from 24 candidates)
2026-08-15 02:13:50,551 [DEBUG] cnn_neat: Removed hidden node 7 (pool=7)
2026-08-15 02:13:50,561 [DEBUG] cnn_neat: Removed edge 7→8 (from 14 candidates)
2026-08-15 02:13:50,589 [DEBUG] cnn_neat: Removed 3 edges (requested 3)
2026-08-15 02:13:50,609 [DEBUG] cnn_neat: Split edge 8→1, new hidden node 11 (pool=11)
2026-08-15 02:13:50,624 [DEBUG] cnn_neat: Split edge 8→6, new hidden node 11 (pool=10)
2026-08-15 02:13:50,647 [DEBUG] cnn_neat: Added edge 10→1 (from 36 candidates)
2026-08-15 02:13:50,670 [DEBUG] cnn_neat: Removed hidden node 7 (pool=8)
2026-08-15 02:13:50,683 [DEBUG] cnn_neat: Removed edge 5→1 (from 11 candidates)
2026-08-15 02:13:51,078 [DEBUG] cnn_neat: Removed 3 edges (requested 3)
2026-08-15 02:13:51,099 [DEBUG] cnn_neat: Added edge 5→3 (from 34 candidates)
2026-08-15 02:13:51,114 [DEBUG] cnn_neat: Removed hidden node 5 (pool=8)
2026-08-15 02:13:51,125 [DEBUG] cnn_neat: Removed edge 2→1 (from 13 candidates)
2026-08-15 02:13:51,138 [DEBUG] cnn_neat: Removed 3 edges (requested 3)
2026-08-15 02:13:51,167 [DEBUG] cnn_neat: Added edge 11→1 (from 31 candidates)
2026-08-15 02:13:51,181 [DEBUG] cnn_neat: Added edge 10→8 (from 35 candidates)
2026-08-15 02:13:51,186 [DEBUG] cnn_neat: Added edge 5→11 (from 37 candidates)
2026-08-15 02:13:51,216 [DEBUG] cnn_neat: Added edge 2→11 (from 27 candidates)
2026-08-15 02:13:51,230 [DEBUG] cnn_neat: Removed hidden node 3 (pool=8)
2026-08-15 02:13:51,243 [DEBUG] cnn_neat: Removed edge 10→11 (from 13 candidates)
2026-08-15 02:13:51,257 [DEBUG] cnn_neat: Removed 3 edges (requested 3)
2026-08-15 02:13:51,696 [DEBUG] cnn_neat: Added edge 2→6 (from 32 candidates)
2026-08-15 02:13:51,712 [DEBUG] cnn_neat: Removed hidden node 3 (pool=8)
2026-08-15 02:13:51,722 [DEBUG] cnn_neat: Removed edge 7→1 (from 14 candidates)
2026-08-15 02:13:51,735 [DEBUG] cnn_neat: Removed 3 edges (requested 3)
2026-08-15 02:13:51,750 [DEBUG] cnn_neat: Added edge 8→2 (from 28 candidates)
2026-08-15 02:13:51,761 [DEBUG] cnn_neat: Added edge 10→8 (from 35 candidates)
2026-08-15 02:13:51,779 [DEBUG] cnn_neat: Removed hidden node 7 (pool=7)
2026-08-15 02:13:51,791 [DEBUG] cnn_neat: Removed hidden node 3 (pool=8)
2026-08-15 02:13:51,822 [DEBUG] cnn_neat: Added edge 3→7 (from 30 candidates)
2026-08-15 02:13:51,845 [DEBUG] cnn_neat: Removed hidden node 5 (pool=8)
2026-08-15 02:13:51,854 [DEBUG] cnn_neat: Removed edge 7→1 (from 14 candidates)
2026-08-15 02:13:51,877 [DEBUG] cnn_neat: Removed 3 edges (requested 3)
2026-08-15 02:13:51,887 [DEBUG] cnn_neat: Split edge 3→1, new hidden node 12 (pool=9)
2026-08-15 02:13:51,901 [DEBUG] cnn_neat: Added edge 5→6 (from 18 candidates)
2026-08-15 02:13:52,297 [DEBUG] cnn_neat: Added edge 6→1 (from 26 candidates)
2026-08-15 02:13:52,318 [DEBUG] cnn_neat: Removed hidden node 3 (pool=8)
2026-08-15 02:13:52,328 [DEBUG] cnn_neat: Removed edge 2→1 (from 14 candidates)
2026-08-15 02:13:52,341 [DEBUG] cnn_neat: Removed 3 edges (requested 3)
2026-08-15 02:13:52,368 [DEBUG] cnn_neat: Added edge 7→8 (from 25 candidates)
2026-08-15 02:13:52,373 [DEBUG] cnn_neat: Added edge 6→1 (from 24 candidates)
2026-08-15 02:13:52,434 [DEBUG] cnn_neat: Added edge 5→6 (from 31 candidates)
2026-08-15 02:13:52,886 [DEBUG] cnn_neat: Removed hidden node 6 (pool=8)
2026-08-15 02:13:52,900 [DEBUG] cnn_neat: Added edge 7→10 (from 28 candidates)
2026-08-15 02:13:52,911 [DEBUG] cnn_neat: Removed hidden node 3 (pool=8)
2026-08-15 02:13:52,918 [DEBUG] cnn_neat: Removed edge 10→3 (from 14 candidates)
2026-08-15 02:13:52,935 [DEBUG] cnn_neat: Removed 3 edges (requested 3)
2026-08-15 02:13:52,961 [DEBUG] cnn_neat: Added edge 11→1 (from 25 candidates)
2026-08-15 02:13:52,973 [DEBUG] cnn_neat: Added edge 6→11 (from 31 candidates)
2026-08-15 02:13:52,979 [DEBUG] cnn_neat: Added edge 10→8 (from 34 candidates)
2026-08-15 02:13:52,993 [DEBUG] cnn_neat: Split edge 7→1, new hidden node 12 (pool=9)
2026-08-15 02:13:53,001 [DEBUG] cnn_neat: Added edge 5→3 (from 23 candidates)
2026-08-15 02:13:53,012 [DEBUG] cnn_neat: Removed hidden node 3 (pool=7)
2026-08-15 02:13:53,021 [DEBUG] cnn_neat: Removed edge 7→1 (from 13 candidates)
2026-08-15 02:13:53,037 [DEBUG] cnn_neat: Removed 3 edges (requested 3)
2026-08-15 02:13:53,048 [DEBUG] cnn_neat: Split edge 3→11, new hidden node 12 (pool=9)
2026-08-15 02:13:53,065 [DEBUG] cnn_neat: Added edge 11→3 (from 31 candidates)
2026-08-15 02:13:53,076 [DEBUG] cnn_neat: Removed hidden node 7 (pool=8)
2026-08-15 02:13:53,084 [DEBUG] cnn_neat: Removed edge 7→11 (from 14 candidates)
2026-08-15 02:13:53,098 [DEBUG] cnn_neat: Removed 3 edges (requested 3)
2026-08-15 02:13:53,117 [DEBUG] cnn_neat: Added edge 6→3 (from 26 candidates)
2026-08-15 02:13:53,125 [DEBUG] cnn_neat: Added edge 10→8 (from 32 candidates)
2026-08-15 02:13:53,133 [DEBUG] cnn_neat: Saved generation 36
2026-08-15 02:13:53,217 [DEBUG] cnn_neat: Added edge 2→11 (from 39 candidates)
2026-08-15 02:13:53,229 [DEBUG] cnn_neat: Selected 25 elite individuals
2026-08-15 02:13:53,279 [DEBUG] cnn_neat: Added edge 2→7 (from 27 candidates)
2026-08-15 02:13:53,384 [DEBUG] cnn_neat: Removed hidden node 5 (pool=8)
2026-08-15 02:13:53,406 [DEBUG] cnn_neat: Removed edge 5→8 (from 15 candidates)
2026-08-15 02:13:53,450 [DEBUG] cnn_neat: Removed 3 edges (requested 3)
2026-08-15 02:13:53,473 [DEBUG] cnn_neat: Split edge 7→1, new hidden node 12 (pool=11)
2026-08-15 02:13:53,510 [DEBUG] cnn_neat: Added edge 5→3 (from 24 candidates)
2026-08-15 02:13:53,538 [DEBUG] cnn_neat: Added edge 2→8 (from 25 candidates)
2026-08-15 02:13:53,559 [DEBUG] cnn_neat: Removed hidden node 10 (pool=8)
2026-08-15 02:13:53,570 [DEBUG] cnn_neat: Removed edge 8→11 (from 15 candidates)
2026-08-15 02:13:53,578 [DEBUG] cnn_neat: Trimmed elite queue to 128 entries
2026-08-15 02:13:54,360 [DEBUG] cnn_neat: Split edge 7→1, new hidden node 11 (pool=8)
2026-08-15 02:13:54,365 [DEBUG] cnn_neat: Removed 3 edges (requested 3)
2026-08-15 02:13:54,370 [DEBUG] cnn_neat: Added edge 8→11 (from 37 candidates)
2026-08-15 02:13:54,374 [DEBUG] cnn_neat: Added edge 7→10 (from 24 candidates)
2026-08-15 02:13:54,381 [DEBUG] cnn_neat: Removed hidden node 10 (pool=7)
2026-08-15 02:13:54,385 [DEBUG] cnn_neat: Removed edge 2→1 (from 12 candidates)
2026-08-15 02:13:54,393 [DEBUG] cnn_neat: Removed 3 edges (requested 3)
2026-08-15 02:13:54,398 [DEBUG] cnn_neat: Added edge 3→8 (from 32 candidates)
2026-08-15 02:13:54,404 [DEBUG] cnn_neat: Crossover rejected: union topology invalid (edges=38 nodes=17)
2026-08-15 02:13:54,407 [DEBUG] cnn_neat: Split edge 8→1, new hidden node 11 (pool=8)
2026-08-15 02:13:54,411 [DEBUG] cnn_neat: Added edge 3→7 (from 24 candidates)
2026-08-15 02:13:54,415 [DEBUG] cnn_neat: Added edge 2→7 (from 13 candidates)
2026-08-15 02:13:54,420 [DEBUG] cnn_neat: Added edge 2→5 (from 12 candidates)
2026-08-15 02:13:54,424 [DEBUG] cnn_neat: Added edge 7→6 (from 11 candidates)
2026-08-15 02:13:54,428 [DEBUG] cnn_neat: Added edge 10→7 (from 10 candidates)
2026-08-15 02:13:54,432 [DEBUG] cnn_neat: Split edge 0→3, new hidden node 12 (pool=9)
2026-08-15 02:13:54,436 [DEBUG] cnn_neat: Added edge 7→2 (from 24 candidates)
2026-08-15 02:13:54,443 [DEBUG] cnn_neat: Removed hidden node 7 (pool=7)
2026-08-15 02:13:54,446 [DEBUG] cnn_neat: Removed edge 10→3 (from 13 candidates)
2026-08-15 02:13:54,454 [DEBUG] cnn_neat: Removed 3 edges (requested 3)
2026-08-15 02:13:54,459 [DEBUG] cnn_neat: Crossover rejected: union topology invalid (edges=36 nodes=16)
2026-08-15 02:13:54,463 [DEBUG] cnn_neat: Split edge 0→8, new hidden node 12 (pool=9)
2026-08-15 02:13:54,468 [DEBUG] cnn_neat: Added edge 3→8 (from 24 candidates)
2026-08-15 02:13:54,471 [DEBUG] cnn_neat: Added edge 10→7 (from 19 candidates)
2026-08-15 02:13:54,475 [DEBUG] cnn_neat: Added edge 10→5 (from 14 candidates)
2026-08-15 02:13:54,479 [DEBUG] cnn_neat: Added edge 3→5 (from 13 candidates)
2026-08-15 02:13:54,484 [DEBUG] cnn_neat: Added edge 11→1 (from 11 candidates)
2026-08-15 02:13:54,493 [DEBUG] cnn_neat: Added edge 10→8 (from 34 candidates)
2026-08-15 02:13:54,497 [DEBUG] cnn_neat: Added edge 10→8 (from 34 candidates)
2026-08-15 02:13:54,505 [DEBUG] cnn_neat: Added edge 2→5 (from 31 candidates)
2026-08-15 02:13:54,512 [DEBUG] cnn_neat: Removed hidden node 7 (pool=8)
2026-08-15 02:13:54,516 [DEBUG] cnn_neat: Removed edge 2→3 (from 12 candidates)
2026-08-15 02:13:54,523 [DEBUG] cnn_neat: Removed 3 edges (requested 3)
2026-08-15 02:13:54,530 [DEBUG] cnn_neat: Crossover rejected: union topology invalid (edges=35 nodes=17)
2026-08-15 02:13:54,536 [DEBUG] cnn_neat: Added edge 2→7 (from 34 candidates)
2026-08-15 02:13:54,540 [DEBUG] cnn_neat: Added edge 7→3 (from 34 candidates)
2026-08-15 02:13:54,544 [DEBUG] cnn_neat: Added edge 3→5 (from 32 candidates)
2026-08-15 02:13:54,550 [DEBUG] cnn_neat: Added edge 11→5 (from 24 candidates)
2026-08-15 02:13:54,555 [DEBUG] cnn_neat: Added edge 7→6 (from 20 candidates)
2026-08-15 02:13:54,560 [DEBUG] cnn_neat: Added edge 7→8 (from 19 candidates)
2026-08-15 02:13:54,570 [DEBUG] cnn_neat: Added edge 5→11 (from 33 candidates)
2026-08-15 02:13:54,574 [DEBUG] cnn_neat: Added edge 10→8 (from 33 candidates)
2026-08-15 02:13:54,582 [DEBUG] cnn_neat: Removed hidden node 11 (pool=8)
2026-08-15 02:13:54,586 [DEBUG] cnn_neat: Removed edge 10→3 (from 11 candidates)
2026-08-15 02:13:54,594 [DEBUG] cnn_neat: Removed 3 edges (requested 3)
2026-08-15 02:13:54,598 [DEBUG] cnn_neat: Crossover rejected: union topology invalid (edges=37 nodes=17)
2026-08-15 02:13:54,604 [DEBUG] cnn_neat: Added edge 7→11 (from 33 candidates)
2026-08-15 02:13:54,609 [DEBUG] cnn_neat: Added edge 8→10 (from 33 candidates)
2026-08-15 02:13:54,613 [DEBUG] cnn_neat: Added edge 7→2 (from 26 candidates)
2026-08-15 02:13:54,618 [DEBUG] cnn_neat: Added edge 8→3 (from 24 candidates)
2026-08-15 02:13:54,622 [DEBUG] cnn_neat: Added edge 10→1 (from 23 candidates)
2026-08-15 02:13:54,626 [DEBUG] cnn_neat: Added edge 6→1 (from 22 candidates)
2026-08-15 02:13:54,635 [DEBUG] cnn_neat: Added edge 5→3 (from 33 candidates)
2026-08-15 02:13:54,639 [DEBUG] cnn_neat: Added edge 8→10 (from 33 candidates)
2026-08-15 02:13:54,646 [DEBUG] cnn_neat: Removed hidden node 10 (pool=8)
2026-08-15 02:13:54,651 [DEBUG] cnn_neat: Removed edge 5→1 (from 13 candidates)
2026-08-15 02:13:54,658 [DEBUG] cnn_neat: Removed 3 edges (requested 3)
2026-08-15 02:13:54,663 [DEBUG] cnn_neat: Crossover rejected: union topology invalid (edges=40 nodes=18)
2026-08-15 02:13:54,668 [DEBUG] cnn_neat: Added edge 5→6 (from 33 candidates)
2026-08-15 02:13:54,673 [DEBUG] cnn_neat: Added edge 5→3 (from 33 candidates)
2026-08-15 02:13:54,677 [DEBUG] cnn_neat: Added edge 10→5 (from 30 candidates)
2026-08-15 02:13:54,681 [DEBUG] cnn_neat: Added edge 10→7 (from 24 candidates)
2026-08-15 02:13:54,685 [DEBUG] cnn_neat: Added edge 10→8 (from 21 candidates)
2026-08-15 02:13:54,689 [DEBUG] cnn_neat: Added edge 3→8 (from 20 candidates)
2026-08-15 02:13:54,699 [DEBUG] cnn_neat: Added edge 7→6 (from 31 candidates)
2026-08-15 02:13:54,703 [DEBUG] cnn_neat: Added edge 2→5 (from 31 candidates)
2026-08-15 02:13:54,718 [DEBUG] cnn_neat: Removed hidden node 6 (pool=8)
2026-08-15 02:13:54,721 [DEBUG] cnn_neat: Split edge 2→1, new hidden node 12 (pool=7)
2026-08-15 02:13:54,725 [DEBUG] cnn_neat: Removed edge 6→1 (from 12 candidates)
2026-08-15 02:13:54,733 [DEBUG] cnn_neat: Removed 3 edges (requested 3)
2026-08-15 02:13:54,739 [DEBUG] cnn_neat: Crossover rejected: union topology invalid (edges=36 nodes=16)
2026-08-15 02:13:54,745 [DEBUG] cnn_neat: Added edge 8→3 (from 31 candidates)
2026-08-15 02:13:54,750 [DEBUG] cnn_neat: Added edge 2→5 (from 31 candidates)
2026-08-15 02:13:54,754 [DEBUG] cnn_neat: Added edge 6→3 (from 28 candidates)
2026-08-15 02:13:54,760 [DEBUG] cnn_neat: Added edge 5→10 (from 23 candidates)
2026-08-15 02:13:54,765 [DEBUG] cnn_neat: Added edge 2→11 (from 20 candidates)
2026-08-15 02:13:54,769 [DEBUG] cnn_neat: Added edge 7→6 (from 19 candidates)
2026-08-15 02:13:54,779 [DEBUG] cnn_neat: Added edge 8→2 (from 30 candidates)
2026-08-15 02:13:54,784 [DEBUG] cnn_neat: Added edge 11→1 (from 30 candidates)
2026-08-15 02:13:54,790 [DEBUG] cnn_neat: Removed hidden node 2 (pool=8)
2026-08-15 02:13:54,794 [DEBUG] cnn_neat: Removed edge 10→3 (from 13 candidates)
2026-08-15 02:13:54,802 [DEBUG] cnn_neat: Removed 3 edges (requested 3)
2026-08-15 02:13:54,808 [DEBUG] cnn_neat: Crossover rejected: union topology invalid (edges=37 nodes=17)
2026-08-15 02:13:54,814 [DEBUG] cnn_neat: Added edge 2→6 (from 30 candidates)
2026-08-15 02:13:54,819 [DEBUG] cnn_neat: Added edge 7→6 (from 30 candidates)
2026-08-15 02:13:54,824 [DEBUG] cnn_neat: Added edge 2→5 (from 29 candidates)
2026-08-15 02:13:54,828 [DEBUG] cnn_neat: Added edge 10→8 (from 26 candidates)
2026-08-15 02:13:54,833 [DEBUG] cnn_neat: Added edge 10→5 (from 24 candidates)
2026-08-15 02:13:54,837 [DEBUG] cnn_neat: Added edge 7→3 (from 22 candidates)
2026-08-15 02:13:54,846 [DEBUG] cnn_neat: Added edge 8→3 (from 34 candidates)
2026-08-15 02:13:54,850 [DEBUG] cnn_neat: Added edge 3→6 (from 34 candidates)
2026-08-15 02:13:54,857 [DEBUG] cnn_neat: Removed hidden node 3 (pool=8)
2026-08-15 02:13:54,861 [DEBUG] cnn_neat: Removed edge 2→8 (from 13 candidates)
2026-08-15 02:13:54,869 [DEBUG] cnn_neat: Removed 3 edges (requested 3)
2026-08-15 02:13:55,018 [DEBUG] cnn_neat: Split edge 2→1, new hidden node 11 (pool=7)
2026-08-15 02:13:55,159 [DEBUG] cnn_neat: Added edge 2→5 (from 25 candidates)
2026-08-15 02:13:55,173 [DEBUG] cnn_neat: Removed hidden node 3 (pool=7)
2026-08-15 02:13:55,183 [DEBUG] cnn_neat: Removed edge 10→6 (from 11 candidates)
2026-08-15 02:13:55,199 [DEBUG] cnn_neat: Removed 3 edges (requested 3)
2026-08-15 02:13:55,206 [DEBUG] cnn_neat: Split edge 2→1, new hidden node 11 (pool=5)
2026-08-15 02:13:55,214 [DEBUG] cnn_neat: Added edge 6→7 (from 32 candidates)
2026-08-15 02:13:55,229 [DEBUG] cnn_neat: Removed hidden node 2 (pool=7)
2026-08-15 02:13:55,237 [DEBUG] cnn_neat: Added edge 5→3 (from 45 candidates)
2026-08-15 02:13:55,247 [DEBUG] cnn_neat: Split edge 0→3, new hidden node 11 (pool=5)
2026-08-15 02:13:55,263 [DEBUG] cnn_neat: Split edge 7→8, new hidden node 11 (pool=8)
2026-08-15 02:13:55,274 [DEBUG] cnn_neat: Added edge 3→5 (from 19 candidates)
2026-08-15 02:13:55,292 [DEBUG] cnn_neat: Removed hidden node 7 (pool=6)
2026-08-15 02:13:55,301 [DEBUG] cnn_neat: Removed edge 5→1 (from 11 candidates)
2026-08-15 02:13:55,868 [DEBUG] cnn_neat: Removed 3 edges (requested 3)
2026-08-15 02:13:55,898 [DEBUG] cnn_neat: Split edge 7→1, new hidden node 11 (pool=7)
2026-08-15 02:13:55,923 [DEBUG] cnn_neat: Added edge 5→10 (from 28 candidates)
2026-08-15 02:13:55,972 [DEBUG] cnn_neat: Removed hidden node 7 (pool=7)
2026-08-15 02:13:56,004 [DEBUG] cnn_neat: Removed edge 10→3 (from 10 candidates)
2026-08-15 02:13:56,056 [DEBUG] cnn_neat: Removed 3 edges (requested 3)
2026-08-15 02:13:56,080 [DEBUG] cnn_neat: Split edge 7→8, new hidden node 11 (pool=7)
2026-08-15 02:13:56,095 [DEBUG] cnn_neat: Split edge 2→1, new hidden node 11 (pool=5)
2026-08-15 02:13:56,159 [DEBUG] cnn_neat: Split edge 2→1, new hidden node 11 (pool=8)
2026-08-15 02:13:56,175 [DEBUG] cnn_neat: Added edge 6→10 (from 25 candidates)
2026-08-15 02:13:56,202 [DEBUG] cnn_neat: Removed hidden node 2 (pool=7)
2026-08-15 02:13:56,212 [DEBUG] cnn_neat: Removed edge 2→8 (from 11 candidates)
2026-08-15 02:13:56,238 [DEBUG] cnn_neat: Removed 3 edges (requested 3)
2026-08-15 02:13:56,248 [DEBUG] cnn_neat: Split edge 2→3, new hidden node 11 (pool=8)
2026-08-15 02:13:56,253 [DEBUG] cnn_neat: Split edge 8→1, new hidden node 11 (pool=6)
2026-08-15 02:13:56,260 [DEBUG] cnn_neat: Added edge 10→5 (from 38 candidates)
2026-08-15 02:13:56,276 [DEBUG] cnn_neat: Added edge 7→8 (from 33 candidates)
2026-08-15 02:13:56,288 [DEBUG] cnn_neat: Removed hidden node 2 (pool=8)
2026-08-15 02:13:56,294 [DEBUG] cnn_neat: Removed edge 3→1 (from 13 candidates)
2026-08-15 02:13:56,306 [DEBUG] cnn_neat: Removed 3 edges (requested 3)
2026-08-15 02:13:56,324 [DEBUG] cnn_neat: Added edge 3→7 (from 32 candidates)
2026-08-15 02:13:56,330 [DEBUG] cnn_neat: Added edge 10→8 (from 34 candidates)
2026-08-15 02:13:56,337 [DEBUG] cnn_neat: Added edge 10→3 (from 40 candidates)
2026-08-15 02:13:56,353 [DEBUG] cnn_neat: Added edge 2→8 (from 35 candidates)
2026-08-15 02:13:56,366 [DEBUG] cnn_neat: Removed hidden node 10 (pool=8)
2026-08-15 02:13:56,372 [DEBUG] cnn_neat: Removed edge 7→11 (from 12 candidates)
2026-08-15 02:13:56,384 [DEBUG] cnn_neat: Removed 3 edges (requested 3)
2026-08-15 02:13:56,393 [DEBUG] cnn_neat: Split edge 2→3, new hidden node 12 (pool=10)
2026-08-15 02:13:56,406 [DEBUG] cnn_neat: Added edge 7→2 (from 32 candidates)
2026-08-15 02:13:56,422 [DEBUG] cnn_neat: Added edge 8→3 (from 32 candidates)
2026-08-15 02:13:56,433 [DEBUG] cnn_neat: Removed hidden node 3 (pool=8)
2026-08-15 02:13:56,440 [DEBUG] cnn_neat: Removed edge 3→1 (from 13 candidates)
2026-08-15 02:13:56,452 [DEBUG] cnn_neat: Removed 3 edges (requested 3)
2026-08-15 02:13:56,461 [DEBUG] cnn_neat: Added edge 7→6 (from 33 candidates)
2026-08-15 02:13:56,466 [DEBUG] cnn_neat: Added edge 5→3 (from 40 candidates)
2026-08-15 02:13:56,478 [DEBUG] cnn_neat: Removed hidden node 11 (pool=8)
2026-08-15 02:13:56,486 [DEBUG] cnn_neat: Removed hidden node 5 (pool=8)
2026-08-15 02:13:56,502 [DEBUG] cnn_neat: Added edge 3→7 (from 29 candidates)
2026-08-15 02:13:56,514 [DEBUG] cnn_neat: Removed hidden node 6 (pool=8)
2026-08-15 02:13:56,521 [DEBUG] cnn_neat: Removed edge 10→6 (from 14 candidates)
2026-08-15 02:13:56,534 [DEBUG] cnn_neat: Removed 3 edges (requested 3)
2026-08-15 02:13:56,551 [DEBUG] cnn_neat: Added edge 5→11 (from 18 candidates)
2026-08-15 02:13:56,559 [DEBUG] cnn_neat: Added edge 7→2 (from 32 candidates)
2026-08-15 02:13:56,565 [DEBUG] cnn_neat: Added edge 2→8 (from 34 candidates)
2026-08-15 02:13:56,579 [DEBUG] cnn_neat: Split edge 7→8, new hidden node 11 (pool=9)
2026-08-15 02:13:56,585 [DEBUG] cnn_neat: Added edge 5→3 (from 17 candidates)
2026-08-15 02:13:56,596 [DEBUG] cnn_neat: Removed hidden node 7 (pool=6)
2026-08-15 02:13:56,603 [DEBUG] cnn_neat: Removed edge 2→1 (from 12 candidates)
2026-08-15 02:13:56,615 [DEBUG] cnn_neat: Removed 3 edges (requested 3)
2026-08-15 02:13:56,623 [DEBUG] cnn_neat: Split edge 8→1, new hidden node 12 (pool=8)
2026-08-15 02:13:56,630 [DEBUG] cnn_neat: Split edge 0→8, new hidden node 11 (pool=9)
2026-08-15 02:13:56,750 [DEBUG] cnn_neat: Split edge 2→6, new hidden node 11 (pool=10)
2026-08-15 02:13:56,759 [DEBUG] cnn_neat: Added edge 7→2 (from 26 candidates)
2026-08-15 02:13:56,776 [DEBUG] cnn_neat: Removed hidden node 10 (pool=7)
2026-08-15 02:13:56,787 [DEBUG] cnn_neat: Removed edge 5→1 (from 13 candidates)
2026-08-15 02:13:56,802 [DEBUG] cnn_neat: Removed 3 edges (requested 3)
2026-08-15 02:13:56,809 [DEBUG] cnn_neat: Split edge 3→1, new hidden node 9 (pool=11)
2026-08-15 02:13:56,817 [DEBUG] cnn_neat: Split edge 0→8, new hidden node 11 (pool=10)
2026-08-15 02:13:56,838 [DEBUG] cnn_neat: Split edge 0→8, new hidden node 11 (pool=11)
2026-08-15 02:13:56,845 [DEBUG] cnn_neat: Added edge 7→3 (from 24 candidates)
2026-08-15 02:13:56,857 [DEBUG] cnn_neat: Removed hidden node 10 (pool=7)
2026-08-15 02:13:56,869 [DEBUG] cnn_neat: Removed edge 0→3 (from 14 candidates)
2026-08-15 02:13:56,896 [DEBUG] cnn_neat: Removed 3 edges (requested 3)
2026-08-15 02:13:56,905 [DEBUG] cnn_neat: Split edge 7→8, new hidden node 11 (pool=12)
2026-08-15 02:13:56,917 [DEBUG] cnn_neat: Split edge 8→1, new hidden node 9 (pool=12)
2026-08-15 02:13:57,324 [DEBUG] cnn_neat: Added edge 7→3 (from 36 candidates)
2026-08-15 02:13:57,346 [DEBUG] cnn_neat: Added edge 5→10 (from 34 candidates)
2026-08-15 02:13:57,366 [DEBUG] cnn_neat: Removed hidden node 3 (pool=8)
2026-08-15 02:13:57,379 [DEBUG] cnn_neat: Removed edge 8→11 (from 13 candidates)
2026-08-15 02:13:57,393 [DEBUG] cnn_neat: Removed 3 edges (requested 3)
2026-08-15 02:13:57,418 [DEBUG] cnn_neat: Added edge 8→2 (from 29 candidates)
2026-08-15 02:13:57,426 [DEBUG] cnn_neat: Added edge 2→5 (from 28 candidates)
2026-08-15 02:13:57,449 [DEBUG] cnn_neat: Split edge 3→1, new hidden node 11 (pool=8)
2026-08-15 02:13:57,453 [DEBUG] cnn_neat: Added edge 7→10 (from 24 candidates)
2026-08-15 02:13:57,480 [DEBUG] cnn_neat: Removed hidden node 10 (pool=7)
2026-08-15 02:13:57,485 [DEBUG] cnn_neat: Removed edge 7→8 (from 12 candidates)
2026-08-15 02:13:57,893 [DEBUG] cnn_neat: Removed 3 edges (requested 3)
2026-08-15 02:13:57,909 [DEBUG] cnn_neat: Split edge 7→1, new hidden node 12 (pool=9)
2026-08-15 02:13:57,921 [DEBUG] cnn_neat: Added edge 8→10 (from 24 candidates)
2026-08-15 02:13:57,930 [DEBUG] cnn_neat: Removed hidden node 8 (pool=7)
2026-08-15 02:13:57,939 [DEBUG] cnn_neat: Removed edge 8→1 (from 13 candidates)
2026-08-15 02:13:57,955 [DEBUG] cnn_neat: Removed 3 edges (requested 3)
2026-08-15 02:13:57,970 [DEBUG] cnn_neat: Split edge 7→1, new hidden node 12 (pool=12)
2026-08-15 02:13:57,988 [DEBUG] cnn_neat: Added edge 7→8 (from 34 candidates)
2026-08-15 02:13:58,013 [DEBUG] cnn_neat: Removed hidden node 10 (pool=8)
2026-08-15 02:13:58,023 [DEBUG] cnn_neat: Removed edge 3→11 (from 12 candidates)
2026-08-15 02:13:58,036 [DEBUG] cnn_neat: Removed 3 edges (requested 3)
2026-08-15 02:13:58,046 [DEBUG] cnn_neat: Split edge 3→11, new hidden node 12 (pool=9)
2026-08-15 02:13:58,071 [DEBUG] cnn_neat: Added edge 10→7 (from 33 candidates)
2026-08-15 02:13:58,524 [DEBUG] cnn_neat: Added edge 8→3 (from 33 candidates)
2026-08-15 02:13:58,545 [DEBUG] cnn_neat: Added edge 7→10 (from 33 candidates)
2026-08-15 02:13:58,562 [DEBUG] cnn_neat: Removed hidden node 6 (pool=8)
2026-08-15 02:13:58,573 [DEBUG] cnn_neat: Removed edge 10→3 (from 13 candidates)
2026-08-15 02:13:58,595 [DEBUG] cnn_neat: Removed 3 edges (requested 3)
2026-08-15 02:13:58,602 [DEBUG] cnn_neat: Split edge 2→3, new hidden node 12 (pool=11)
2026-08-15 02:13:58,616 [DEBUG] cnn_neat: Added edge 6→3 (from 30 candidates)
2026-08-15 02:13:58,643 [DEBUG] cnn_neat: Added edge 2→11 (from 31 candidates)
2026-08-15 02:13:58,660 [DEBUG] cnn_neat: Removed hidden node 3 (pool=8)
2026-08-15 02:13:58,675 [DEBUG] cnn_neat: Removed edge 2→3 (from 12 candidates)
2026-08-15 02:13:58,693 [DEBUG] cnn_neat: Removed 3 edges (requested 3)
2026-08-15 02:13:58,720 [DEBUG] cnn_neat: Added edge 3→6 (from 30 candidates)
2026-08-15 02:13:58,725 [DEBUG] cnn_neat: Added edge 3→7 (from 32 candidates)
2026-08-15 02:13:58,737 [DEBUG] cnn_neat: Added edge 5→11 (from 34 candidates)
2026-08-15 02:13:59,154 [DEBUG] cnn_neat: Added edge 7→2 (from 30 candidates)
2026-08-15 02:13:59,164 [DEBUG] cnn_neat: Removed hidden node 7 (pool=8)
2026-08-15 02:13:59,171 [DEBUG] cnn_neat: Removed edge 5→1 (from 13 candidates)
2026-08-15 02:13:59,188 [DEBUG] cnn_neat: Removed 3 edges (requested 3)
2026-08-15 02:13:59,196 [DEBUG] cnn_neat: Split edge 3→1, new hidden node 12 (pool=4)
2026-08-15 02:13:59,211 [DEBUG] cnn_neat: Added edge 7→3 (from 26 candidates)
2026-08-15 02:13:59,227 [DEBUG] cnn_neat: Added edge 3→5 (from 34 candidates)
2026-08-15 02:13:59,282 [DEBUG] cnn_neat: Removed hidden node 5 (pool=8)
2026-08-15 02:13:59,419 [DEBUG] cnn_neat: Removed edge 3→1 (from 13 candidates)
2026-08-15 02:13:59,427 [DEBUG] cnn_neat: Removed 3 edges (requested 3)
2026-08-15 02:13:59,433 [DEBUG] cnn_neat: Split edge 2→8, new hidden node 12 (pool=11)
2026-08-15 02:13:59,441 [DEBUG] cnn_neat: Added edge 10→11 (from 26 candidates)
2026-08-15 02:13:59,901 [DEBUG] cnn_neat: Added edge 2→7 (from 31 candidates)
2026-08-15 02:13:59,916 [DEBUG] cnn_neat: Removed hidden node 10 (pool=8)
2026-08-15 02:13:59,922 [DEBUG] cnn_neat: Removed edge 10→3 (from 12 candidates)
2026-08-15 02:13:59,934 [DEBUG] cnn_neat: Removed 3 edges (requested 3)
2026-08-15 02:13:59,942 [DEBUG] cnn_neat: Split edge 3→1, new hidden node 12 (pool=7)
2026-08-15 02:13:59,954 [DEBUG] cnn_neat: Added edge 3→7 (from 27 candidates)
2026-08-15 02:13:59,969 [DEBUG] cnn_neat: Added edge 10→5 (from 25 candidates)
2026-08-15 02:13:59,979 [DEBUG] cnn_neat: Removed hidden node 5 (pool=8)
2026-08-15 02:13:59,985 [DEBUG] cnn_neat: Removed edge 5→8 (from 14 candidates)
2026-08-15 02:13:59,996 [DEBUG] cnn_neat: Removed 3 edges (requested 3)
2026-08-15 02:14:00,005 [DEBUG] cnn_neat: Split edge 8→1, new hidden node 12 (pool=10)
2026-08-15 02:14:00,017 [DEBUG] cnn_neat: Added edge 10→1 (from 22 candidates)
2026-08-15 02:14:00,033 [DEBUG] cnn_neat: Added edge 3→6 (from 26 candidates)
2026-08-15 02:14:00,044 [DEBUG] cnn_neat: Removed hidden node 6 (pool=8)
2026-08-15 02:14:00,049 [DEBUG] cnn_neat: Removed edge 10→6 (from 14 candidates)
2026-08-15 02:14:00,061 [DEBUG] cnn_neat: Removed 3 edges (requested 3)
2026-08-15 02:14:00,069 [DEBUG] cnn_neat: Split edge 8→1, new hidden node 12 (pool=11)
2026-08-15 02:14:00,082 [DEBUG] cnn_neat: Added edge 11→6 (from 25 candidates)
2026-08-15 02:14:00,097 [DEBUG] cnn_neat: Added edge 6→1 (from 29 candidates)
2026-08-15 02:14:00,111 [DEBUG] cnn_neat: Removed hidden node 2 (pool=8)
2026-08-15 02:14:00,116 [DEBUG] cnn_neat: Removed edge 7→1 (from 15 candidates)
2026-08-15 02:14:00,127 [DEBUG] cnn_neat: Removed 3 edges (requested 3)
2026-08-15 02:14:00,135 [DEBUG] cnn_neat: Split edge 7→11, new hidden node 12 (pool=6)
2026-08-15 02:14:00,146 [DEBUG] cnn_neat: Added edge 3→11 (from 28 candidates)
2026-08-15 02:14:00,161 [DEBUG] cnn_neat: Added edge 6→11 (from 25 candidates)
2026-08-15 02:14:00,172 [DEBUG] cnn_neat: Removed hidden node 7 (pool=8)
2026-08-15 02:14:00,179 [DEBUG] cnn_neat: Removed edge 2→3 (from 15 candidates)
2026-08-15 02:14:00,193 [DEBUG] cnn_neat: Removed 3 edges (requested 3)
2026-08-15 02:14:00,201 [DEBUG] cnn_neat: Saved generation 37
2026-08-15 02:14:00,290 [DEBUG] cnn_neat: Split edge 2→1, new hidden node 12 (pool=8)
2026-08-15 02:14:00,301 [DEBUG] cnn_neat: Selected 25 elite individuals
2026-08-15 02:14:00,340 [DEBUG] cnn_neat: Added edge 10→5 (from 23 candidates)
2026-08-15 02:14:00,375 [DEBUG] cnn_neat: Split edge 8→1, new hidden node 11 (pool=8)
2026-08-15 02:14:00,455 [DEBUG] cnn_neat: Added edge 10→5 (from 16 candidates)
2026-08-15 02:14:00,491 [DEBUG] cnn_neat: Removed hidden node 10 (pool=6)
2026-08-15 02:14:00,513 [DEBUG] cnn_neat: Removed edge 5→1 (from 11 candidates)
2026-08-15 02:14:00,540 [DEBUG] cnn_neat: Removed 3 edges (requested 3)
2026-08-15 02:14:00,556 [DEBUG] cnn_neat: Split edge 7→1, new hidden node 12 (pool=6)
2026-08-15 02:14:00,574 [DEBUG] cnn_neat: Split edge 2→1, new hidden node 11 (pool=8)
2026-08-15 02:14:00,595 [DEBUG] cnn_neat: Added edge 3→8 (from 33 candidates)
2026-08-15 02:14:00,618 [DEBUG] cnn_neat: Removed hidden node 2 (pool=8)
2026-08-15 02:14:00,627 [DEBUG] cnn_neat: Removed edge 2→3 (from 11 candidates)
2026-08-15 02:14:00,633 [DEBUG] cnn_neat: Trimmed elite queue to 128 entries
2026-08-15 02:14:01,437 [DEBUG] cnn_neat: Removed 3 edges (requested 3)
2026-08-15 02:14:01,437 [DEBUG] cnn_neat: Split edge 8→1, new hidden node 11 (pool=9)
2026-08-15 02:14:01,443 [DEBUG] cnn_neat: Added edge 8→3 (from 28 candidates)
2026-08-15 02:14:01,450 [DEBUG] cnn_neat: Removed hidden node 6 (pool=7)
2026-08-15 02:14:01,453 [DEBUG] cnn_neat: Split edge 3→1, new hidden node 11 (pool=9)
2026-08-15 02:14:01,457 [DEBUG] cnn_neat: Removed edge 3→1 (from 12 candidates)
2026-08-15 02:14:01,463 [DEBUG] cnn_neat: Removed 3 edges (requested 3)
2026-08-15 02:14:01,469 [DEBUG] cnn_neat: Crossover rejected: union topology invalid (edges=36 nodes=17)
2026-08-15 02:14:01,473 [DEBUG] cnn_neat: Split edge 2→8, new hidden node 11 (pool=9)
2026-08-15 02:14:01,477 [DEBUG] cnn_neat: Added edge 3→6 (from 28 candidates)
2026-08-15 02:14:01,482 [DEBUG] cnn_neat: Added edge 6→7 (from 25 candidates)
2026-08-15 02:14:01,486 [DEBUG] cnn_neat: Added edge 3→7 (from 13 candidates)
2026-08-15 02:14:01,491 [DEBUG] cnn_neat: Added edge 10→1 (from 12 candidates)
2026-08-15 02:14:01,495 [DEBUG] cnn_neat: Added edge 6→5 (from 11 candidates)
2026-08-15 02:14:01,499 [DEBUG] cnn_neat: Split edge 0→3, new hidden node 11 (pool=11)
2026-08-15 02:14:01,504 [DEBUG] cnn_neat: Added edge 5→2 (from 23 candidates)
2026-08-15 02:14:01,510 [DEBUG] cnn_neat: Removed hidden node 7 (pool=7)
2026-08-15 02:14:01,513 [DEBUG] cnn_neat: Removed edge 5→8 (from 15 candidates)
2026-08-15 02:14:01,521 [DEBUG] cnn_neat: Removed 3 edges (requested 3)
2026-08-15 02:14:01,524 [DEBUG] cnn_neat: Split edge 0→8, new hidden node 11 (pool=9)
2026-08-15 02:14:01,529 [DEBUG] cnn_neat: Crossover rejected: union topology invalid (edges=40 nodes=17)
2026-08-15 02:14:01,533 [DEBUG] cnn_neat: Split edge 7→8, new hidden node 11 (pool=11)
2026-08-15 02:14:01,537 [DEBUG] cnn_neat: Added edge 8→10 (from 23 candidates)
2026-08-15 02:14:01,541 [DEBUG] cnn_neat: Added edge 2→7 (from 16 candidates)
2026-08-15 02:14:01,545 [DEBUG] cnn_neat: Added edge 2→5 (from 13 candidates)
2026-08-15 02:14:01,550 [DEBUG] cnn_neat: Added edge 6→1 (from 12 candidates)
2026-08-15 02:14:01,555 [DEBUG] cnn_neat: Added edge 8→3 (from 11 candidates)
2026-08-15 02:14:01,563 [DEBUG] cnn_neat: Added edge 11→6 (from 35 candidates)
2026-08-15 02:14:01,568 [DEBUG] cnn_neat: Added edge 5→6 (from 35 candidates)
2026-08-15 02:14:01,574 [DEBUG] cnn_neat: Removed hidden node 5 (pool=8)
2026-08-15 02:14:01,578 [DEBUG] cnn_neat: Removed edge 2→1 (from 12 candidates)
2026-08-15 02:14:01,586 [DEBUG] cnn_neat: Removed 3 edges (requested 3)
2026-08-15 02:14:01,591 [DEBUG] cnn_neat: Crossover rejected: union topology invalid (edges=40 nodes=18)
2026-08-15 02:14:01,597 [DEBUG] cnn_neat: Added edge 6→2 (from 35 candidates)
2026-08-15 02:14:01,601 [DEBUG] cnn_neat: Added edge 11→6 (from 35 candidates)
2026-08-15 02:14:01,605 [DEBUG] cnn_neat: Added edge 7→10 (from 31 candidates)
2026-08-15 02:14:01,609 [DEBUG] cnn_neat: Added edge 5→6 (from 28 candidates)
2026-08-15 02:14:01,614 [DEBUG] cnn_neat: Added edge 6→3 (from 27 candidates)
2026-08-15 02:14:01,619 [DEBUG] cnn_neat: Added edge 7→3 (from 22 candidates)
2026-08-15 02:14:01,628 [DEBUG] cnn_neat: Added edge 2→7 (from 36 candidates)
2026-08-15 02:14:01,632 [DEBUG] cnn_neat: Added edge 3→6 (from 36 candidates)
2026-08-15 02:14:01,638 [DEBUG] cnn_neat: Removed hidden node 2 (pool=8)
2026-08-15 02:14:01,641 [DEBUG] cnn_neat: Removed edge 3→1 (from 12 candidates)
2026-08-15 02:14:01,649 [DEBUG] cnn_neat: Removed 3 edges (requested 3)
2026-08-15 02:14:01,653 [DEBUG] cnn_neat: Crossover rejected: union topology invalid (edges=36 nodes=17)
2026-08-15 02:14:01,659 [DEBUG] cnn_neat: Added edge 11→1 (from 36 candidates)
2026-08-15 02:14:01,663 [DEBUG] cnn_neat: Added edge 3→7 (from 36 candidates)
2026-08-15 02:14:01,668 [DEBUG] cnn_neat: Added edge 2→7 (from 22 candidates)
2026-08-15 02:14:01,672 [DEBUG] cnn_neat: Added edge 10→8 (from 21 candidates)
2026-08-15 02:14:01,676 [DEBUG] cnn_neat: Added edge 10→5 (from 20 candidates)
2026-08-15 02:14:01,680 [DEBUG] cnn_neat: Added edge 10→7 (from 19 candidates)
2026-08-15 02:14:01,689 [DEBUG] cnn_neat: Added edge 10→7 (from 32 candidates)
2026-08-15 02:14:01,694 [DEBUG] cnn_neat: Added edge 2→5 (from 32 candidates)
2026-08-15 02:14:01,700 [DEBUG] cnn_neat: Removed hidden node 10 (pool=8)
2026-08-15 02:14:01,704 [DEBUG] cnn_neat: Removed edge 7→1 (from 12 candidates)
2026-08-15 02:14:01,713 [DEBUG] cnn_neat: Removed 3 edges (requested 3)
2026-08-15 02:14:01,718 [DEBUG] cnn_neat: Crossover rejected: union topology invalid (edges=41 nodes=18)
2026-08-15 02:14:01,724 [DEBUG] cnn_neat: Added edge 5→6 (from 32 candidates)
2026-08-15 02:14:01,728 [DEBUG] cnn_neat: Added edge 7→11 (from 32 candidates)
2026-08-15 02:14:01,732 [DEBUG] cnn_neat: Added edge 8→10 (from 31 candidates)
2026-08-15 02:14:01,737 [DEBUG] cnn_neat: Added edge 6→3 (from 24 candidates)
2026-08-15 02:14:01,742 [DEBUG] cnn_neat: Added edge 2→5 (from 21 candidates)
2026-08-15 02:14:01,747 [DEBUG] cnn_neat: Added edge 2→7 (from 19 candidates)
2026-08-15 02:14:01,757 [DEBUG] cnn_neat: Added edge 5→11 (from 32 candidates)
2026-08-15 02:14:01,762 [DEBUG] cnn_neat: Added edge 7→3 (from 32 candidates)
2026-08-15 02:14:01,768 [DEBUG] cnn_neat: Removed hidden node 7 (pool=8)
2026-08-15 02:14:01,772 [DEBUG] cnn_neat: Removed edge 2→1 (from 13 candidates)
2026-08-15 02:14:01,779 [DEBUG] cnn_neat: Removed 3 edges (requested 3)
2026-08-15 02:14:01,785 [DEBUG] cnn_neat: Crossover rejected: union topology invalid (edges=42 nodes=18)
2026-08-15 02:14:01,791 [DEBUG] cnn_neat: Added edge 5→6 (from 32 candidates)
2026-08-15 02:14:01,796 [DEBUG] cnn_neat: Added edge 10→7 (from 32 candidates)
2026-08-15 02:14:01,800 [DEBUG] cnn_neat: Added edge 7→6 (from 24 candidates)
2026-08-15 02:14:01,804 [DEBUG] cnn_neat: Added edge 8→6 (from 23 candidates)
2026-08-15 02:14:01,808 [DEBUG] cnn_neat: Added edge 10→5 (from 22 candidates)
2026-08-15 02:14:01,812 [DEBUG] cnn_neat: Added edge 8→3 (from 21 candidates)
2026-08-15 02:14:01,821 [DEBUG] cnn_neat: Added edge 2→6 (from 31 candidates)
2026-08-15 02:14:01,826 [DEBUG] cnn_neat: Added edge 8→3 (from 31 candidates)
2026-08-15 02:14:01,833 [DEBUG] cnn_neat: Removed hidden node 10 (pool=8)
2026-08-15 02:14:01,836 [DEBUG] cnn_neat: Removed edge 5→11 (from 14 candidates)
2026-08-15 02:14:01,842 [DEBUG] cnn_neat: Added edge 2→7 (from 32 candidates)
2026-08-15 02:14:01,850 [DEBUG] cnn_neat: Removed 3 edges (requested 3)
2026-08-15 02:14:01,855 [DEBUG] cnn_neat: Crossover rejected: union topology invalid (edges=43 nodes=18)
2026-08-15 02:14:01,862 [DEBUG] cnn_neat: Added edge 8→2 (from 31 candidates)
2026-08-15 02:14:01,866 [DEBUG] cnn_neat: Added edge 2→7 (from 31 candidates)
2026-08-15 02:14:01,870 [DEBUG] cnn_neat: Added edge 3→6 (from 27 candidates)
2026-08-15 02:14:01,874 [DEBUG] cnn_neat: Added edge 7→6 (from 25 candidates)
2026-08-15 02:14:01,878 [DEBUG] cnn_neat: Added edge 7→8 (from 24 candidates)
2026-08-15 02:14:01,882 [DEBUG] cnn_neat: Added edge 3→11 (from 23 candidates)
2026-08-15 02:14:01,890 [DEBUG] cnn_neat: Added edge 3→11 (from 32 candidates)
2026-08-15 02:14:01,894 [DEBUG] cnn_neat: Added edge 2→6 (from 32 candidates)
2026-08-15 02:14:01,901 [DEBUG] cnn_neat: Removed hidden node 6 (pool=8)
2026-08-15 02:14:01,905 [DEBUG] cnn_neat: Split edge 0→8, new hidden node 12 (pool=11)
2026-08-15 02:14:01,909 [DEBUG] cnn_neat: Removed edge 7→8 (from 14 candidates)
2026-08-15 02:14:01,916 [DEBUG] cnn_neat: Removed 3 edges (requested 3)
2026-08-15 02:14:01,922 [DEBUG] cnn_neat: Crossover rejected: union topology invalid (edges=42 nodes=18)
2026-08-15 02:14:01,928 [DEBUG] cnn_neat: Added edge 2→7 (from 32 candidates)
2026-08-15 02:14:01,932 [DEBUG] cnn_neat: Added edge 5→10 (from 32 candidates)
2026-08-15 02:14:01,936 [DEBUG] cnn_neat: Added edge 6→11 (from 27 candidates)
2026-08-15 02:14:01,940 [DEBUG] cnn_neat: Added edge 2→7 (from 24 candidates)
2026-08-15 02:14:01,945 [DEBUG] cnn_neat: Added edge 6→1 (from 20 candidates)
2026-08-15 02:14:01,950 [DEBUG] cnn_neat: Added edge 10→8 (from 19 candidates)
2026-08-15 02:14:01,958 [DEBUG] cnn_neat: Added edge 10→7 (from 31 candidates)
2026-08-15 02:14:01,963 [DEBUG] cnn_neat: Added edge 2→6 (from 31 candidates)
2026-08-15 02:14:01,969 [DEBUG] cnn_neat: Removed hidden node 2 (pool=8)
2026-08-15 02:14:01,973 [DEBUG] cnn_neat: Removed edge 3→6 (from 15 candidates)
2026-08-15 02:14:01,979 [DEBUG] cnn_neat: Added edge 11→8 (from 34 candidates)
2026-08-15 02:14:02,087 [DEBUG] cnn_neat: Split edge 3→1, new hidden node 11 (pool=7)
2026-08-15 02:14:02,272 [DEBUG] cnn_neat: Added edge 10→1 (from 25 candidates)
2026-08-15 02:14:02,289 [DEBUG] cnn_neat: Removed hidden node 3 (pool=7)
2026-08-15 02:14:02,299 [DEBUG] cnn_neat: Removed edge 7→8 (from 11 candidates)
2026-08-15 02:14:02,315 [DEBUG] cnn_neat: Removed 3 edges (requested 3)
2026-08-15 02:14:02,325 [DEBUG] cnn_neat: Split edge 2→1, new hidden node 11 (pool=7)
2026-08-15 02:14:02,339 [DEBUG] cnn_neat: Added edge 6→3 (from 24 candidates)
2026-08-15 02:14:02,347 [DEBUG] cnn_neat: Added edge 6→1 (from 31 candidates)
2026-08-15 02:14:02,372 [DEBUG] cnn_neat: Removed hidden node 10 (pool=7)
2026-08-15 02:14:02,389 [DEBUG] cnn_neat: Split edge 3→1, new hidden node 11 (pool=8)
2026-08-15 02:14:02,400 [DEBUG] cnn_neat: Added edge 7→3 (from 19 candidates)
2026-08-15 02:14:02,419 [DEBUG] cnn_neat: Removed hidden node 3 (pool=6)
2026-08-15 02:14:02,428 [DEBUG] cnn_neat: Removed edge 5→8 (from 11 candidates)
2026-08-15 02:14:03,000 [DEBUG] cnn_neat: Removed 3 edges (requested 3)
2026-08-15 02:14:03,041 [DEBUG] cnn_neat: Split edge 2→1, new hidden node 11 (pool=7)
2026-08-15 02:14:03,068 [DEBUG] cnn_neat: Added edge 3→6 (from 28 candidates)
2026-08-15 02:14:03,120 [DEBUG] cnn_neat: Removed hidden node 6 (pool=7)
2026-08-15 02:14:03,149 [DEBUG] cnn_neat: Removed edge 2→1 (from 10 candidates)
2026-08-15 02:14:03,198 [DEBUG] cnn_neat: Removed 3 edges (requested 3)
2026-08-15 02:14:03,232 [DEBUG] cnn_neat: Split edge 3→6, new hidden node 11 (pool=10)
2026-08-15 02:14:03,292 [DEBUG] cnn_neat: Split edge 0→3, new hidden node 11 (pool=6)
2026-08-15 02:14:03,309 [DEBUG] cnn_neat: Split edge 7→8, new hidden node 11 (pool=8)
2026-08-15 02:14:03,325 [DEBUG] cnn_neat: Added edge 6→3 (from 25 candidates)
2026-08-15 02:14:03,352 [DEBUG] cnn_neat: Removed hidden node 2 (pool=7)
2026-08-15 02:14:03,362 [DEBUG] cnn_neat: Removed edge 7→8 (from 11 candidates)
2026-08-15 02:14:03,386 [DEBUG] cnn_neat: Removed 3 edges (requested 3)
2026-08-15 02:14:03,396 [DEBUG] cnn_neat: Split edge 2→1, new hidden node 11 (pool=8)
2026-08-15 02:14:03,403 [DEBUG] cnn_neat: Split edge 0→3, new hidden node 11 (pool=7)
2026-08-15 02:14:03,419 [DEBUG] cnn_neat: Added edge 10→1 (from 33 candidates)
2026-08-15 02:14:03,432 [DEBUG] cnn_neat: Removed hidden node 7 (pool=8)
2026-08-15 02:14:03,438 [DEBUG] cnn_neat: Removed edge 2→1 (from 13 candidates)
2026-08-15 02:14:03,453 [DEBUG] cnn_neat: Removed 3 edges (requested 3)
2026-08-15 02:14:03,462 [DEBUG] cnn_neat: Split edge 3→1, new hidden node 12 (pool=4)
2026-08-15 02:14:03,476 [DEBUG] cnn_neat: Added edge 6→11 (from 32 candidates)
2026-08-15 02:14:03,493 [DEBUG] cnn_neat: Added edge 2→8 (from 35 candidates)
2026-08-15 02:14:03,505 [DEBUG] cnn_neat: Removed hidden node 10 (pool=8)
2026-08-15 02:14:03,511 [DEBUG] cnn_neat: Removed edge 3→1 (from 12 candidates)
2026-08-15 02:14:03,523 [DEBUG] cnn_neat: Removed 3 edges (requested 3)
2026-08-15 02:14:03,534 [DEBUG] cnn_neat: Added edge 3→11 (from 36 candidates)
2026-08-15 02:14:03,540 [DEBUG] cnn_neat: Added edge 10→11 (from 39 candidates)
2026-08-15 02:14:03,548 [DEBUG] cnn_neat: Removed hidden node 7 (pool=8)
2026-08-15 02:14:03,558 [DEBUG] cnn_neat: Removed hidden node 6 (pool=8)
2026-08-15 02:14:03,576 [DEBUG] cnn_neat: Added edge 5→10 (from 32 candidates)
2026-08-15 02:14:03,589 [DEBUG] cnn_neat: Removed hidden node 6 (pool=8)
2026-08-15 02:14:03,596 [DEBUG] cnn_neat: Removed edge 8→1 (from 13 candidates)
2026-08-15 02:14:03,608 [DEBUG] cnn_neat: Removed 3 edges (requested 3)
2026-08-15 02:14:03,626 [DEBUG] cnn_neat: Added edge 7→8 (from 27 candidates)
2026-08-15 02:14:03,632 [DEBUG] cnn_neat: Added edge 7→8 (from 33 candidates)
2026-08-15 02:14:03,639 [DEBUG] cnn_neat: Added edge 10→5 (from 37 candidates)
2026-08-15 02:14:03,659 [DEBUG] cnn_neat: Added edge 3→5 (from 29 candidates)
2026-08-15 02:14:03,674 [DEBUG] cnn_neat: Removed hidden node 6 (pool=8)
2026-08-15 02:14:03,682 [DEBUG] cnn_neat: Removed edge 10→3 (from 14 candidates)
2026-08-15 02:14:03,697 [DEBUG] cnn_neat: Removed 3 edges (requested 3)
2026-08-15 02:14:03,712 [DEBUG] cnn_neat: Added edge 10→7 (from 31 candidates)
2026-08-15 02:14:03,719 [DEBUG] cnn_neat: Added edge 5→1 (from 32 candidates)
2026-08-15 02:14:03,734 [DEBUG] cnn_neat: Removed hidden node 2 (pool=8)
2026-08-15 02:14:03,748 [DEBUG] cnn_neat: Removed hidden node 5 (pool=8)
2026-08-15 02:14:03,868 [DEBUG] cnn_neat: Split edge 7→1, new hidden node 11 (pool=9)
2026-08-15 02:14:03,875 [DEBUG] cnn_neat: Added edge 2→5 (from 17 candidates)
2026-08-15 02:14:03,897 [DEBUG] cnn_neat: Removed hidden node 7 (pool=6)
2026-08-15 02:14:03,907 [DEBUG] cnn_neat: Removed edge 7→1 (from 12 candidates)
2026-08-15 02:14:03,924 [DEBUG] cnn_neat: Removed 3 edges (requested 3)
2026-08-15 02:14:03,933 [DEBUG] cnn_neat: Split edge 0→3, new hidden node 12 (pool=8)
2026-08-15 02:14:03,939 [DEBUG] cnn_neat: Split edge 0→7, new hidden node 11 (pool=12)
2026-08-15 02:14:03,959 [DEBUG] cnn_neat: Split edge 0→3, new hidden node 11 (pool=10)
2026-08-15 02:14:03,966 [DEBUG] cnn_neat: Added edge 6→10 (from 26 candidates)
2026-08-15 02:14:03,979 [DEBUG] cnn_neat: Removed hidden node 8 (pool=7)
2026-08-15 02:14:03,991 [DEBUG] cnn_neat: Removed edge 0→3 (from 13 candidates)
2026-08-15 02:14:04,005 [DEBUG] cnn_neat: Removed 3 edges (requested 3)
2026-08-15 02:14:04,027 [DEBUG] cnn_neat: Split edge 7→1, new hidden node 11 (pool=10)
2026-08-15 02:14:04,043 [DEBUG] cnn_neat: Split edge 7→1, new hidden node 11 (pool=11)
2026-08-15 02:14:04,453 [DEBUG] cnn_neat: Added edge 6→1 (from 24 candidates)
2026-08-15 02:14:04,476 [DEBUG] cnn_neat: Added edge 5→11 (from 36 candidates)
2026-08-15 02:14:04,502 [DEBUG] cnn_neat: Removed hidden node 7 (pool=8)
2026-08-15 02:14:04,512 [DEBUG] cnn_neat: Removed edge 5→8 (from 11 candidates)
2026-08-15 02:14:04,535 [DEBUG] cnn_neat: Removed 3 edges (requested 3)
2026-08-15 02:14:04,565 [DEBUG] cnn_neat: Added edge 11→10 (from 33 candidates)
2026-08-15 02:14:04,576 [DEBUG] cnn_neat: Added edge 11→8 (from 42 candidates)
2026-08-15 02:14:04,606 [DEBUG] cnn_neat: Removed hidden node 11 (pool=8)
2026-08-15 02:14:04,626 [DEBUG] cnn_neat: Removed hidden node 10 (pool=8)
2026-08-15 02:14:05,034 [DEBUG] cnn_neat: Added edge 11→6 (from 34 candidates)
2026-08-15 02:14:05,051 [DEBUG] cnn_neat: Removed hidden node 6 (pool=8)
2026-08-15 02:14:05,063 [DEBUG] cnn_neat: Removed edge 8→1 (from 13 candidates)
2026-08-15 02:14:05,084 [DEBUG] cnn_neat: Removed 3 edges (requested 3)
2026-08-15 02:14:05,098 [DEBUG] cnn_neat: Split edge 8→11, new hidden node 12 (pool=10)
2026-08-15 02:14:05,111 [DEBUG] cnn_neat: Added edge 8→10 (from 32 candidates)
2026-08-15 02:14:05,142 [DEBUG] cnn_neat: Added edge 5→6 (from 33 candidates)
2026-08-15 02:14:05,160 [DEBUG] cnn_neat: Removed hidden node 6 (pool=8)
2026-08-15 02:14:05,167 [DEBUG] cnn_neat: Removed edge 11→6 (from 12 candidates)
2026-08-15 02:14:05,194 [DEBUG] cnn_neat: Removed 3 edges (requested 3)
2026-08-15 02:14:05,201 [DEBUG] cnn_neat: Split edge 7→1, new hidden node 12 (pool=9)
2026-08-15 02:14:05,218 [DEBUG] cnn_neat: Added edge 11→7 (from 32 candidates)
2026-08-15 02:14:05,236 [DEBUG] cnn_neat: Split edge 0→8, new hidden node 11 (pool=9)
2026-08-15 02:14:05,246 [DEBUG] cnn_neat: Added edge 3→6 (from 28 candidates)
2026-08-15 02:14:05,648 [DEBUG] cnn_neat: Removed hidden node 8 (pool=7)
2026-08-15 02:14:05,704 [DEBUG] cnn_neat: Split edge 8→1, new hidden node 11 (pool=11)
2026-08-15 02:14:05,713 [DEBUG] cnn_neat: Added edge 8→3 (from 23 candidates)
2026-08-15 02:14:05,737 [DEBUG] cnn_neat: Removed hidden node 5 (pool=7)
2026-08-15 02:14:05,753 [DEBUG] cnn_neat: Removed edge 2→8 (from 15 candidates)
2026-08-15 02:14:05,773 [DEBUG] cnn_neat: Removed 3 edges (requested 3)
2026-08-15 02:14:05,783 [DEBUG] cnn_neat: Split edge 7→1, new hidden node 11 (pool=12)
2026-08-15 02:14:05,790 [DEBUG] cnn_neat: Split edge 2→3, new hidden node 11 (pool=12)
2026-08-15 02:14:05,810 [DEBUG] cnn_neat: Added edge 3→8 (from 35 candidates)
2026-08-15 02:14:05,823 [DEBUG] cnn_neat: Removed hidden node 3 (pool=8)
2026-08-15 02:14:05,826 [DEBUG] cnn_neat: Removed edge 10→3 (from 12 candidates)
2026-08-15 02:14:05,843 [DEBUG] cnn_neat: Removed 3 edges (requested 3)
2026-08-15 02:14:05,863 [DEBUG] cnn_neat: Added edge 5→3 (from 27 candidates)
2026-08-15 02:14:05,874 [DEBUG] cnn_neat: Added edge 2→11 (from 29 candidates)
2026-08-15 02:14:06,322 [DEBUG] cnn_neat: Added edge 10→11 (from 36 candidates)
2026-08-15 02:14:06,346 [DEBUG] cnn_neat: Added edge 8→6 (from 32 candidates)
2026-08-15 02:14:06,368 [DEBUG] cnn_neat: Removed hidden node 11 (pool=8)
2026-08-15 02:14:06,375 [DEBUG] cnn_neat: Removed edge 5→1 (from 12 candidates)
2026-08-15 02:14:06,385 [DEBUG] cnn_neat: Removed 3 edges (requested 3)
2026-08-15 02:14:06,402 [DEBUG] cnn_neat: Added edge 10→7 (from 31 candidates)
2026-08-15 02:14:06,412 [DEBUG] cnn_neat: Added edge 8→6 (from 33 candidates)
2026-08-15 02:14:06,416 [DEBUG] cnn_neat: Added edge 5→3 (from 39 candidates)
2026-08-15 02:14:06,477 [DEBUG] cnn_neat: Added edge 5→6 (from 32 candidates)
2026-08-15 02:14:06,954 [DEBUG] cnn_neat: Removed hidden node 6 (pool=8)
2026-08-15 02:14:06,966 [DEBUG] cnn_neat: Added edge 10→5 (from 31 candidates)
2026-08-15 02:14:06,976 [DEBUG] cnn_neat: Removed hidden node 3 (pool=8)
2026-08-15 02:14:06,982 [DEBUG] cnn_neat: Removed edge 5→11 (from 14 candidates)
2026-08-15 02:14:06,993 [DEBUG] cnn_neat: Removed 3 edges (requested 3)
2026-08-15 02:14:07,008 [DEBUG] cnn_neat: Added edge 3→5 (from 26 candidates)
2026-08-15 02:14:07,013 [DEBUG] cnn_neat: Added edge 8→2 (from 25 candidates)
2026-08-15 02:14:07,018 [DEBUG] cnn_neat: Added edge 10→5 (from 36 candidates)
2026-08-15 02:14:07,034 [DEBUG] cnn_neat: Added edge 5→3 (from 32 candidates)
2026-08-15 02:14:07,043 [DEBUG] cnn_neat: Removed hidden node 3 (pool=8)
2026-08-15 02:14:07,049 [DEBUG] cnn_neat: Removed edge 5→6 (from 14 candidates)
2026-08-15 02:14:07,059 [DEBUG] cnn_neat: Removed 3 edges (requested 3)
2026-08-15 02:14:07,074 [DEBUG] cnn_neat: Added edge 6→1 (from 29 candidates)
2026-08-15 02:14:07,079 [DEBUG] cnn_neat: Added edge 7→6 (from 26 candidates)
2026-08-15 02:14:07,084 [DEBUG] cnn_neat: Added edge 11→6 (from 38 candidates)
2026-08-15 02:14:07,099 [DEBUG] cnn_neat: Added edge 2→7 (from 31 candidates)
2026-08-15 02:14:07,108 [DEBUG] cnn_neat: Removed hidden node 2 (pool=8)
2026-08-15 02:14:07,113 [DEBUG] cnn_neat: Removed edge 7→1 (from 15 candidates)
2026-08-15 02:14:07,124 [DEBUG] cnn_neat: Removed 3 edges (requested 3)
2026-08-15 02:14:07,140 [DEBUG] cnn_neat: Added edge 11→8 (from 28 candidates)
2026-08-15 02:14:07,147 [DEBUG] cnn_neat: Added edge 10→1 (from 32 candidates)
2026-08-15 02:14:07,153 [DEBUG] cnn_neat: Added edge 5→6 (from 37 candidates)
2026-08-15 02:14:07,169 [DEBUG] cnn_neat: Added edge 7→6 (from 30 candidates)
2026-08-15 02:14:07,179 [DEBUG] cnn_neat: Removed hidden node 2 (pool=8)
2026-08-15 02:14:07,186 [DEBUG] cnn_neat: Removed edge 10→3 (from 15 candidates)
2026-08-15 02:14:07,196 [DEBUG] cnn_neat: Removed 3 edges (requested 3)
2026-08-15 02:14:07,204 [DEBUG] cnn_neat: Split edge 8→1, new hidden node 12 (pool=7)
2026-08-15 02:14:07,217 [DEBUG] cnn_neat: Added edge 2→11 (from 29 candidates)
2026-08-15 02:14:07,231 [DEBUG] cnn_neat: Added edge 6→3 (from 33 candidates)
2026-08-15 02:14:07,252 [DEBUG] cnn_neat: Removed hidden node 5 (pool=8)
2026-08-15 02:14:07,257 [DEBUG] cnn_neat: Removed edge 5→1 (from 11 candidates)
2026-08-15 02:14:07,265 [DEBUG] cnn_neat: Saved generation 38
2026-08-15 02:14:07,366 [DEBUG] cnn_neat: Removed 3 edges (requested 3)
2026-08-15 02:14:07,379 [DEBUG] cnn_neat: Split edge 7→1, new hidden node 12 (pool=6)
2026-08-15 02:14:07,397 [DEBUG] cnn_neat: Added edge 10→7 (from 24 candidates)
2026-08-15 02:14:07,421 [DEBUG] cnn_neat: Added edge 7→6 (from 35 candidates)
2026-08-15 02:14:07,497 [DEBUG] cnn_neat: Removed hidden node 11 (pool=8)
2026-08-15 02:14:07,507 [DEBUG] cnn_neat: Removed edge 11→8 (from 12 candidates)
2026-08-15 02:14:07,526 [DEBUG] cnn_neat: Removed 3 edges (requested 3)
2026-08-15 02:14:07,551 [DEBUG] cnn_neat: Added edge 11→7 (from 34 candidates)
2026-08-15 02:14:07,564 [DEBUG] cnn_neat: Added edge 7→3 (from 39 candidates)
2026-08-15 02:14:07,613 [DEBUG] cnn_neat: Added edge 10→11 (from 40 candidates)
2026-08-15 02:14:08,046 [DEBUG] cnn_neat: Added edge 3→7 (from 28 candidates)
2026-08-15 02:14:08,056 [DEBUG] cnn_neat: Removed hidden node 7 (pool=8)
2026-08-15 02:14:08,062 [DEBUG] cnn_neat: Removed edge 2→3 (from 14 candidates)
2026-08-15 02:14:08,073 [DEBUG] cnn_neat: Removed 3 edges (requested 3)
2026-08-15 02:14:08,081 [DEBUG] cnn_neat: Split edge 8→11, new hidden node 12 (pool=7)
2026-08-15 02:14:08,094 [DEBUG] cnn_neat: Added edge 10→5 (from 19 candidates)
2026-08-15 02:14:08,111 [DEBUG] cnn_neat: Added edge 10→8 (from 26 candidates)
2026-08-15 02:14:08,123 [DEBUG] cnn_neat: Removed hidden node 2 (pool=8)
2026-08-15 02:14:08,130 [DEBUG] cnn_neat: Removed edge 3→8 (from 14 candidates)
2026-08-15 02:14:08,143 [DEBUG] cnn_neat: Removed 3 edges (requested 3)
2026-08-15 02:14:08,151 [DEBUG] cnn_neat: Split edge 0→3, new hidden node 12 (pool=7)
2026-08-15 02:14:08,166 [DEBUG] cnn_neat: Added edge 7→3 (from 25 candidates)
2026-08-15 02:14:08,184 [DEBUG] cnn_neat: Added edge 5→11 (from 26 candidates)
2026-08-15 02:14:08,197 [DEBUG] cnn_neat: Removed hidden node 10 (pool=8)
2026-08-15 02:14:08,204 [DEBUG] cnn_neat: Removed edge 6→1 (from 16 candidates)
2026-08-15 02:14:08,218 [DEBUG] cnn_neat: Removed 3 edges (requested 3)
2026-08-15 02:14:08,227 [DEBUG] cnn_neat: Split edge 2→11, new hidden node 12 (pool=12)
2026-08-15 02:14:08,242 [DEBUG] cnn_neat: Added edge 11→1 (from 24 candidates)
2026-08-15 02:14:08,261 [DEBUG] cnn_neat: Added edge 2→7 (from 31 candidates)
2026-08-15 02:14:08,274 [DEBUG] cnn_neat: Removed hidden node 3 (pool=8)
2026-08-15 02:14:08,280 [DEBUG] cnn_neat: Removed edge 10→3 (from 14 candidates)
2026-08-15 02:14:08,294 [DEBUG] cnn_neat: Removed 3 edges (requested 3)
2026-08-15 02:14:08,314 [DEBUG] cnn_neat: Added edge 3→6 (from 28 candidates)
2026-08-15 02:14:08,322 [DEBUG] cnn_neat: Added edge 7→2 (from 27 candidates)
2026-08-15 02:14:08,342 [DEBUG] cnn_neat: Added edge 7→2 (from 27 candidates)
2026-08-15 02:14:08,355 [DEBUG] cnn_neat: Removed hidden node 7 (pool=8)
2026-08-15 02:14:08,364 [DEBUG] cnn_neat: Removed edge 10→3 (from 15 candidates)
2026-08-15 02:14:08,401 [DEBUG] cnn_neat: Removed 3 edges (requested 3)
2026-08-15 02:14:08,406 [DEBUG] cnn_neat: Split edge 2→1, new hidden node 12 (pool=5)
2026-08-15 02:14:08,415 [DEBUG] cnn_neat: Added edge 7→8 (from 23 candidates)
2026-08-15 02:14:14,052 [DEBUG] cnn_neat: Split edge 0→1, new hidden node 2 (pool=1)
2026-08-15 02:14:14,056 [DEBUG] cnn_neat: Split edge 0→2, new hidden node 3 (pool=2)
2026-08-15 02:14:14,057 [DEBUG] cnn_neat: Split edge 2→1, new hidden node 3 (pool=2)
2026-08-15 02:14:14,060 [DEBUG] cnn_neat: Added edge 0→1 (from 1 candidates)
2026-08-15 02:14:14,063 [DEBUG] cnn_neat: Added edge 3→1 (from 2 candidates)
2026-08-15 02:14:14,065 [DEBUG] cnn_neat: Added edge 2→1 (from 2 candidates)
2026-08-15 02:14:14,069 [DEBUG] cnn_neat: Removed 2 edges (requested 3)
2026-08-15 02:14:14,070 [DEBUG] cnn_neat: Split edge 0→1, new hidden node 2 (pool=1)
2026-08-15 02:14:14,072 [DEBUG] cnn_neat: Removed edge 3→1 (from 3 candidates)
2026-08-15 02:14:14,074 [DEBUG] cnn_neat: Removed hidden node 3 (pool=1)
2026-08-15 02:14:14,075 [DEBUG] cnn_neat: Split edge 0→1, new hidden node 2 (pool=1)
2026-08-15 02:14:14,076 [DEBUG] cnn_neat: Removed hidden node 2 (pool=1)
2026-08-15 02:14:14,078 [DEBUG] cnn_neat: Removed 1 edges (requested 3)
2026-08-15 02:14:14,079 [DEBUG] cnn_neat: Removed 1 edges (requested 3)
2026-08-15 02:14:14,080 [DEBUG] cnn_neat: Split edge 0→2, new hidden node 4 (pool=2)
2026-08-15 02:14:14,083 [DEBUG] cnn_neat: Added edge 0→3 (from 2 candidates)
2026-08-15 02:14:14,085 [DEBUG] cnn_neat: Removed edge 2→3 (from 1 candidates)
2026-08-15 02:14:14,086 [DEBUG] cnn_neat: Added edge 4→1 (from 2 candidates)
2026-08-15 02:14:14,087 [DEBUG] cnn_neat: Removed edge 3→1 (from 3 candidates)
2026-08-15 02:14:14,088 [DEBUG] cnn_neat: Added edge 0→3 (from 2 candidates)
2026-08-15 02:14:14,090 [DEBUG] cnn_neat: Split edge 3→1, new hidden node 4 (pool=3)
2026-08-15 02:14:14,092 [DEBUG] cnn_neat: Removed 1 edges (requested 3)
2026-08-15 02:14:14,094 [DEBUG] cnn_neat: Split edge 0→2, new hidden node 3 (pool=2)
2026-08-15 02:14:14,095 [DEBUG] cnn_neat: Split edge 3→1, new hidden node 4 (pool=4)
2026-08-15 02:14:14,097 [DEBUG] cnn_neat: Added edge 0→3 (from 2 candidates)
2026-08-15 02:14:14,098 [DEBUG] cnn_neat: Added edge 2→1 (from 2 candidates)
2026-08-15 02:14:14,100 [DEBUG] cnn_neat: Split edge 2→3, new hidden node 4 (pool=3)
2026-08-15 02:14:14,101 [DEBUG] cnn_neat: Added edge 0→1 (from 1 candidates)
2026-08-15 02:14:14,102 [DEBUG] cnn_neat: Removed edge 2→1 (from 3 candidates)
2026-08-15 02:14:14,105 [DEBUG] cnn_neat: Removed 1 edges (requested 3)
2026-08-15 02:14:14,106 [DEBUG] cnn_neat: Split edge 0→2, new hidden node 3 (pool=2)
2026-08-15 02:14:14,108 [DEBUG] cnn_neat: Split edge 3→1, new hidden node 4 (pool=2)
2026-08-15 02:14:14,109 [DEBUG] cnn_neat: Split edge 4→1, new hidden node 5 (pool=2)
2026-08-15 02:14:14,111 [DEBUG] cnn_neat: Removed 2 edges (requested 3)
2026-08-15 02:14:14,113 [DEBUG] cnn_neat: Removed edge 2→3 (from 1 candidates)
2026-08-15 02:14:14,114 [DEBUG] cnn_neat: Split edge 3→2, new hidden node 4 (pool=3)
2026-08-15 02:14:14,116 [DEBUG] cnn_neat: Added edge 3→1 (from 2 candidates)
2026-08-15 02:14:14,118 [DEBUG] cnn_neat: Removed 2 edges (requested 3)
2026-08-15 02:14:14,120 [DEBUG] cnn_neat: Added edge 2→1 (from 2 candidates)
2026-08-15 02:14:14,122 [DEBUG] cnn_neat: Removed hidden node 3 (pool=1)
2026-08-15 02:14:14,125 [DEBUG] cnn_neat: Removed hidden node 2 (pool=1)
2026-08-15 02:14:14,126 [DEBUG] cnn_neat: Split edge 0→2, new hidden node 3 (pool=2)
2026-08-15 02:14:14,129 [DEBUG] cnn_neat: Split edge 3→1, new hidden node 5 (pool=4)
2026-08-15 02:14:14,130 [DEBUG] cnn_neat: Removed 1 edges (requested 3)
2026-08-15 02:14:14,133 [DEBUG] cnn_neat: Removed 1 edges (requested 3)
2026-08-15 02:14:14,134 [DEBUG] cnn_neat: Removed edge 2→1 (from 3 candidates)
2026-08-15 02:14:14,136 [DEBUG] cnn_neat: Added edge 2→1 (from 2 candidates)
2026-08-15 02:14:14,138 [DEBUG] cnn_neat: Added edge 0→3 (from 4 candidates)
2026-08-15 02:14:14,141 [DEBUG] cnn_neat: Removed edge 0→3 (from 5 candidates)
2026-08-15 02:14:14,142 [DEBUG] cnn_neat: Split edge 0→1, new hidden node 2 (pool=1)
2026-08-15 02:14:14,144 [DEBUG] cnn_neat: Removed hidden node 3 (pool=1)
2026-08-15 02:14:14,146 [DEBUG] cnn_neat: Removed hidden node 2 (pool=1)
2026-08-15 02:14:14,147 [DEBUG] cnn_neat: Split edge 2→3, new hidden node 4 (pool=5)
2026-08-15 02:14:14,149 [DEBUG] cnn_neat: Added edge 3→1 (from 2 candidates)
2026-08-15 02:14:14,151 [DEBUG] cnn_neat: Split edge 2→1, new hidden node 5 (pool=4)
2026-08-15 02:14:14,153 [DEBUG] cnn_neat: Removed edge 3→1 (from 3 candidates)
2026-08-15 02:14:14,154 [DEBUG] cnn_neat: Added edge 3→2 (from 4 candidates)
2026-08-15 02:14:14,156 [DEBUG] cnn_neat: Split edge 4→2, new hidden node 5 (pool=5)
2026-08-15 02:14:14,157 [DEBUG] cnn_neat: Removed edge 5→1 (from 4 candidates)
2026-08-15 02:14:14,159 [DEBUG] cnn_neat: Removed 2 edges (requested 3)
2026-08-15 02:14:14,160 [DEBUG] cnn_neat: Removed 2 edges (requested 3)
2026-08-15 02:14:14,162 [DEBUG] cnn_neat: Split edge 0→4, new hidden node 5 (pool=3)
2026-08-15 02:14:14,163 [DEBUG] cnn_neat: Removed edge 0→2 (from 3 candidates)
2026-08-15 02:14:14,164 [DEBUG] cnn_neat: Removed edge 4→2 (from 3 candidates)
2026-08-15 02:14:14,166 [DEBUG] cnn_neat: Split edge 4→2, new hidden node 5 (pool=3)
2026-08-15 02:14:14,168 [DEBUG] cnn_neat: Added edge 3→2 (from 6 candidates)
2026-08-15 02:14:14,169 [DEBUG] cnn_neat: Removed 1 edges (requested 3)
2026-08-15 02:14:14,170 [DEBUG] cnn_neat: Removed 2 edges (requested 3)
2026-08-15 02:14:14,171 [DEBUG] cnn_neat: Removed edge 2→1 (from 1 candidates)
2026-08-15 02:14:14,172 [DEBUG] cnn_neat: Removed edge 3→4 (from 3 candidates)
2026-08-15 02:14:14,176 [DEBUG] cnn_neat: Removed hidden node 2 (pool=1)
2026-08-15 02:14:14,178 [DEBUG] cnn_neat: Removed 2 edges (requested 3)
2026-08-15 02:14:14,181 [DEBUG] cnn_neat: Added edge 2→1 (from 2 candidates)
2026-08-15 02:14:14,182 [DEBUG] cnn_neat: Split edge 4→5, new hidden node 6 (pool=4)
2026-08-15 02:14:14,184 [DEBUG] cnn_neat: Removed 1 edges (requested 3)
2026-08-15 02:14:14,186 [DEBUG] cnn_neat: Added edge 2→1 (from 2 candidates)
2026-08-15 02:14:14,188 [DEBUG] cnn_neat: Split edge 4→2, new hidden node 6 (pool=4)
2026-08-15 02:14:14,190 [DEBUG] cnn_neat: Added edge 0→2 (from 6 candidates)
2026-08-15 02:14:14,193 [DEBUG] cnn_neat: Added edge 4→1 (from 5 candidates)
2026-08-15 02:14:14,196 [DEBUG] cnn_neat: Removed hidden node 3 (pool=1)
2026-08-15 02:14:14,197 [DEBUG] cnn_neat: Split edge 3→2, new hidden node 5 (pool=5)
2026-08-15 02:14:14,199 [DEBUG] cnn_neat: Split edge 4→2, new hidden node 6 (pool=4)
2026-08-15 02:14:14,201 [DEBUG] cnn_neat: Added edge 3→1 (from 4 candidates)
2026-08-15 02:14:14,202 [DEBUG] cnn_neat: Added edge 4→2 (from 4 candidates)
2026-08-15 02:14:14,203 [DEBUG] cnn_neat: Removed 2 edges (requested 3)
2026-08-15 02:14:14,204 [DEBUG] cnn_neat: Removed 1 edges (requested 3)
2026-08-15 02:14:14,205 [DEBUG] cnn_neat: Removed edge 2→1 (from 1 candidates)
2026-08-15 02:14:14,206 [DEBUG] cnn_neat: Split edge 4→1, new hidden node 5 (pool=2)
2026-08-15 02:14:14,208 [DEBUG] cnn_neat: Removed 1 edges (requested 3)
2026-08-15 02:14:14,209 [DEBUG] cnn_neat: Split edge 2→1, new hidden node 5 (pool=3)
2026-08-15 02:14:14,212 [DEBUG] cnn_neat: Removed hidden node 2 (pool=3)
2026-08-15 02:14:14,214 [DEBUG] cnn_neat: Added edge 4→1 (from 3 candidates)
2026-08-15 02:14:14,215 [DEBUG] cnn_neat: Removed 1 edges (requested 3)
2026-08-15 02:14:14,217 [DEBUG] cnn_neat: Split edge 4→1, new hidden node 5 (pool=5)
2026-08-15 02:14:14,219 [DEBUG] cnn_neat: Split edge 3→4, new hidden node 5 (pool=4)
2026-08-15 02:14:14,221 [DEBUG] cnn_neat: Removed hidden node 2 (pool=2)
2026-08-15 02:14:14,224 [DEBUG] cnn_neat: Removed hidden node 5 (pool=2)
2026-08-15 02:14:14,225 [DEBUG] cnn_neat: Split edge 4→1, new hidden node 5 (pool=2)
2026-08-15 02:14:14,226 [DEBUG] cnn_neat: Added edge 0→1 (from 1 candidates)
2026-08-15 02:14:14,228 [DEBUG] cnn_neat: Removed edge 2→3 (from 2 candidates)
2026-08-15 02:14:14,230 [DEBUG] cnn_neat: Removed 2 edges (requested 3)
2026-08-15 02:14:14,232 [DEBUG] cnn_neat: Removed hidden node 2 (pool=1)
2026-08-15 02:14:14,234 [DEBUG] cnn_neat: Split edge 3→4, new hidden node 5 (pool=4)
2026-08-15 02:14:14,236 [DEBUG] cnn_neat: Added edge 0→5 (from 4 candidates)
2026-08-15 02:14:14,238 [DEBUG] cnn_neat: Added edge 0→3 (from 1 candidates)
2026-08-15 02:14:14,240 [DEBUG] cnn_neat: Split edge 4→3, new hidden node 5 (pool=4)
2026-08-15 02:14:14,242 [DEBUG] cnn_neat: Split edge 2→1, new hidden node 6 (pool=5)
2026-08-15 02:14:14,244 [DEBUG] cnn_neat: Split edge 3→2, new hidden node 5 (pool=5)
2026-08-15 02:14:14,245 [DEBUG] cnn_neat: Added edge 3→1 (from 4 candidates)
2026-08-15 02:14:14,247 [DEBUG] cnn_neat: Removed 1 edges (requested 3)
2026-08-15 02:14:14,250 [DEBUG] cnn_neat: Removed 2 edges (requested 3)
2026-08-15 02:14:14,252 [DEBUG] cnn_neat: Added edge 0→3 (from 1 candidates)
2026-08-15 02:14:14,254 [DEBUG] cnn_neat: Split edge 0→2, new hidden node 4 (pool=4)
2026-08-15 02:14:14,256 [DEBUG] cnn_neat: Split edge 5→1, new hidden node 6 (pool=5)
2026-08-15 02:14:14,257 [DEBUG] cnn_neat: Added edge 4→1 (from 4 candidates)
2026-08-15 02:14:14,260 [DEBUG] cnn_neat: Removed 3 edges (requested 3)
2026-08-15 02:14:14,262 [DEBUG] cnn_neat: Removed edge 3→4 (from 4 candidates)
2026-08-15 02:14:14,263 [DEBUG] cnn_neat: Removed edge 4→1 (from 1 candidates)
2026-08-15 02:14:14,265 [DEBUG] cnn_neat: Removed hidden node 3 (pool=1)
2026-08-15 02:14:14,267 [DEBUG] cnn_neat: Split edge 2→3, new hidden node 4 (pool=3)
2026-08-15 02:14:14,268 [DEBUG] cnn_neat: Removed 1 edges (requested 3)
2026-08-15 02:14:14,271 [DEBUG] cnn_neat: Split edge 0→5, new hidden node 6 (pool=3)
2026-08-15 02:14:14,273 [DEBUG] cnn_neat: Added edge 2→1 (from 2 candidates)
2026-08-15 02:14:14,275 [DEBUG] cnn_neat: Removed hidden node 4 (pool=1)
2026-08-15 02:14:14,277 [DEBUG] cnn_neat: Removed 3 edges (requested 3)
2026-08-15 02:14:14,279 [DEBUG] cnn_neat: Split edge 4→2, new hidden node 6 (pool=4)
2026-08-15 02:14:14,281 [DEBUG] cnn_neat: Split edge 0→2, new hidden node 6 (pool=6)
2026-08-15 02:14:14,283 [DEBUG] cnn_neat: Removed hidden node 3 (pool=1)
2026-08-15 02:14:14,284 [DEBUG] cnn_neat: Removed edge 2→1 (from 1 candidates)
2026-08-15 02:14:14,286 [DEBUG] cnn_neat: Added edge 3→1 (from 4 candidates)
2026-08-15 02:14:14,287 [DEBUG] cnn_neat: Added edge 0→2 (from 2 candidates)
2026-08-15 02:14:14,289 [DEBUG] cnn_neat: Added edge 3→1 (from 4 candidates)
2026-08-15 02:14:14,290 [DEBUG] cnn_neat: Removed 1 edges (requested 3)
2026-08-15 02:14:14,293 [DEBUG] cnn_neat: Added edge 0→4 (from 5 candidates)
2026-08-15 02:14:14,296 [DEBUG] cnn_neat: Removed hidden node 2 (pool=1)
2026-08-15 02:14:14,297 [DEBUG] cnn_neat: Added edge 0→4 (from 3 candidates)
2026-08-15 02:14:14,301 [DEBUG] cnn_neat: Removed hidden node 2 (pool=2)
2026-08-15 02:14:14,302 [DEBUG] cnn_neat: Added edge 0→4 (from 4 candidates)
2026-08-15 02:14:14,305 [DEBUG] cnn_neat: Removed edge 2→1 (from 4 candidates)
2026-08-15 02:14:14,306 [DEBUG] cnn_neat: Removed edge 2→1 (from 3 candidates)
2026-08-15 02:14:14,308 [DEBUG] cnn_neat: Split edge 5→3, new hidden node 6 (pool=5)
2026-08-15 02:14:14,310 [DEBUG] cnn_neat: Split edge 3→1, new hidden node 5 (pool=3)
2026-08-15 02:14:14,311 [DEBUG] cnn_neat: Removed 2 edges (requested 3)
2026-08-15 02:14:14,313 [DEBUG] cnn_neat: Split edge 3→4, new hidden node 6 (pool=5)
2026-08-15 02:14:14,315 [DEBUG] cnn_neat: Split edge 3→1, new hidden node 4 (pool=3)
2026-08-15 02:14:14,317 [DEBUG] cnn_neat: Added edge 0→5 (from 1 candidates)
2026-08-15 02:14:14,318 [DEBUG] cnn_neat: Removed 1 edges (requested 3)
2026-08-15 02:14:14,320 [DEBUG] cnn_neat: Added edge 0→1 (from 2 candidates)
2026-08-15 02:14:14,323 [DEBUG] cnn_neat: Removed 3 edges (requested 3)
2026-08-15 02:14:14,325 [DEBUG] cnn_neat: Added edge 2→1 (from 7 candidates)
2026-08-15 02:14:14,326 [DEBUG] cnn_neat: Added edge 2→1 (from 2 candidates)
2026-08-15 02:14:14,328 [DEBUG] cnn_neat: Removed hidden node 5 (pool=1)
2026-08-15 02:14:14,330 [DEBUG] cnn_neat: Split edge 4→5, new hidden node 6 (pool=4)
2026-08-15 02:14:14,332 [DEBUG] cnn_neat: Removed 2 edges (requested 3)
2026-08-15 02:14:14,333 [DEBUG] cnn_neat: Added edge 2→4 (from 4 candidates)
2026-08-15 02:14:14,334 [DEBUG] cnn_neat: Split edge 4→3, new hidden node 5 (pool=4)
2026-08-15 02:14:14,336 [DEBUG] cnn_neat: Split edge 0→2, new hidden node 4 (pool=5)
2026-08-15 02:14:14,339 [DEBUG] cnn_neat: Removed 3 edges (requested 3)
2026-08-15 02:14:14,342 [DEBUG] cnn_neat: Split edge 3→4, new hidden node 6 (pool=6)
2026-08-15 02:14:14,344 [DEBUG] cnn_neat: Split edge 5→4, new hidden node 7 (pool=5)
2026-08-15 02:14:14,347 [DEBUG] cnn_neat: Removed hidden node 3 (pool=3)
2026-08-15 02:14:14,348 [DEBUG] cnn_neat: Split edge 3→1, new hidden node 5 (pool=4)
2026-08-15 02:14:14,352 [DEBUG] cnn_neat: Removed hidden node 2 (pool=3)
2026-08-15 02:14:14,354 [DEBUG] cnn_neat: Removed edge 5→1 (from 2 candidates)
2026-08-15 02:14:14,357 [DEBUG] cnn_neat: Removed 3 edges (requested 3)
2026-08-15 02:14:14,359 [DEBUG] cnn_neat: Removed 2 edges (requested 3)
2026-08-15 02:14:14,362 [DEBUG] cnn_neat: Removed hidden node 4 (pool=1)
2026-08-15 02:14:14,366 [DEBUG] cnn_neat: Removed hidden node 5 (pool=2)
2026-08-15 02:14:14,367 [DEBUG] cnn_neat: Split edge 2→4, new hidden node 6 (pool=5)
2026-08-15 02:14:14,369 [DEBUG] cnn_neat: Split edge 3→2, new hidden node 4 (pool=3)
2026-08-15 02:14:14,370 [DEBUG] cnn_neat: Split edge 4→2, new hidden node 5 (pool=5)
2026-08-15 02:14:14,373 [DEBUG] cnn_neat: Split edge 4→5, new hidden node 6 (pool=3)
2026-08-15 02:14:14,375 [DEBUG] cnn_neat: Removed 2 edges (requested 3)
2026-08-15 02:14:14,377 [DEBUG] cnn_neat: Split edge 3→4, new hidden node 7 (pool=7)
2026-08-15 02:14:14,380 [DEBUG] cnn_neat: Removed 3 edges (requested 3)
2026-08-15 02:14:14,383 [DEBUG] cnn_neat: Split edge 2→3, new hidden node 6 (pool=5)
2026-08-15 02:14:14,385 [DEBUG] cnn_neat: Removed 3 edges (requested 3)
2026-08-15 02:14:14,387 [DEBUG] cnn_neat: Split edge 4→1, new hidden node 5 (pool=2)
2026-08-15 02:14:14,390 [DEBUG] cnn_neat: Removed hidden node 2 (pool=1)
2026-08-15 02:14:14,392 [DEBUG] cnn_neat: Removed edge 4→1 (from 6 candidates)
2026-08-15 02:14:14,394 [DEBUG] cnn_neat: Added edge 2→4 (from 3 candidates)
2026-08-15 02:14:14,397 [DEBUG] cnn_neat: Removed 3 edges (requested 3)
2026-08-15 02:14:14,399 [DEBUG] cnn_neat: Split edge 0→2, new hidden node 6 (pool=4)
2026-08-15 02:14:14,401 [DEBUG] cnn_neat: Added edge 4→1 (from 3 candidates)
2026-08-15 02:14:14,403 [DEBUG] cnn_neat: Removed 3 edges (requested 3)
2026-08-15 02:14:14,404 [DEBUG] cnn_neat: Removed 2 edges (requested 3)
2026-08-15 02:14:14,407 [DEBUG] cnn_neat: Removed hidden node 3 (pool=3)
2026-08-15 02:14:14,409 [DEBUG] cnn_neat: Removed hidden node 2 (pool=1)
2026-08-15 02:14:14,410 [DEBUG] cnn_neat: Split edge 4→1, new hidden node 6 (pool=2)
2026-08-15 02:14:14,412 [DEBUG] cnn_neat: Split edge 3→1, new hidden node 5 (pool=3)
2026-08-15 02:14:14,415 [DEBUG] cnn_neat: Removed hidden node 2 (pool=2)
2026-08-15 02:14:14,417 [DEBUG] cnn_neat: Removed 2 edges (requested 3)
2026-08-15 02:14:14,418 [DEBUG] cnn_neat: Removed edge 4→1 (from 3 candidates)
2026-08-15 02:14:14,420 [DEBUG] cnn_neat: Added edge 5→3 (from 7 candidates)
2026-08-15 02:14:14,421 [DEBUG] cnn_neat: Removed edge 4→2 (from 1 candidates)
2026-08-15 02:14:14,424 [DEBUG] cnn_neat: Added edge 2→3 (from 3 candidates)
2026-08-15 02:14:14,426 [DEBUG] cnn_neat: Split edge 2→3, new hidden node 5 (pool=5)
2026-08-15 02:14:14,428 [DEBUG] cnn_neat: Removed hidden node 4 (pool=1)
2026-08-15 02:14:14,430 [DEBUG] cnn_neat: Removed 1 edges (requested 3)
2026-08-15 02:14:14,431 [DEBUG] cnn_neat: Removed edge 3→5 (from 4 candidates)
2026-08-15 02:14:14,435 [DEBUG] cnn_neat: Removed hidden node 6 (pool=2)
2026-08-15 02:14:14,436 [DEBUG] cnn_neat: Added edge 2→1 (from 2 candidates)
2026-08-15 02:14:14,438 [DEBUG] cnn_neat: Split edge 5→1, new hidden node 7 (pool=7)
2026-08-15 02:14:14,440 [DEBUG] cnn_neat: Removed 1 edges (requested 3)
2026-08-15 02:14:14,443 [DEBUG] cnn_neat: Removed hidden node 5 (pool=2)
2026-08-15 02:14:14,444 [DEBUG] cnn_neat: Split edge 2→1, new hidden node 5 (pool=4)
2026-08-15 02:14:14,446 [DEBUG] cnn_neat: Removed edge 3→2 (from 1 candidates)
2026-08-15 02:14:14,448 [DEBUG] cnn_neat: Removed hidden node 5 (pool=2)
2026-08-15 02:14:14,449 [DEBUG] cnn_neat: Removed edge 3→1 (from 3 candidates)
2026-08-15 02:14:14,450 [DEBUG] cnn_neat: Removed 1 edges (requested 3)
2026-08-15 02:14:14,452 [DEBUG] cnn_neat: Removed hidden node 3 (pool=1)
2026-08-15 02:14:14,454 [DEBUG] cnn_neat: Split edge 0→1, new hidden node 3 (pool=1)
2026-08-15 02:14:14,456 [DEBUG] cnn_neat: Split edge 3→2, new hidden node 6 (pool=5)
2026-08-15 02:14:14,457 [DEBUG] cnn_neat: Added edge 0→2 (from 2 candidates)
2026-08-15 02:14:14,459 [DEBUG] cnn_neat: Added edge 0→2 (from 4 candidates)
2026-08-15 02:14:14,460 [DEBUG] cnn_neat: Removed hidden node 4 (pool=1)
2026-08-15 02:14:14,461 [DEBUG] cnn_neat: Removed 2 edges (requested 3)
2026-08-15 02:14:14,463 [DEBUG] cnn_neat: Removed 2 edges (requested 3)
2026-08-15 02:14:14,464 [DEBUG] cnn_neat: Removed edge 2→1 (from 1 candidates)
2026-08-15 02:14:14,466 [DEBUG] cnn_neat: Removed 1 edges (requested 3)
2026-08-15 02:14:14,469 [DEBUG] cnn_neat: Removed hidden node 5 (pool=2)
2026-08-15 02:14:14,471 [DEBUG] cnn_neat: Removed edge 4→2 (from 6 candidates)
2026-08-15 02:14:14,472 [DEBUG] cnn_neat: Removed 1 edges (requested 3)
2026-08-15 02:14:14,473 [DEBUG] cnn_neat: Added edge 2→1 (from 6 candidates)
2026-08-15 02:14:14,475 [DEBUG] cnn_neat: Removed edge 2→3 (from 6 candidates)
2026-08-15 02:14:14,477 [DEBUG] cnn_neat: Split edge 3→1, new hidden node 5 (pool=2)
2026-08-15 02:14:14,478 [DEBUG] cnn_neat: Added edge 5→6 (from 10 candidates)
2026-08-15 02:14:14,482 [DEBUG] cnn_neat: Removed hidden node 2 (pool=1)
2026-08-15 02:14:14,484 [DEBUG] cnn_neat: Removed edge 0→3 (from 4 candidates)
2026-08-15 02:14:14,487 [DEBUG] cnn_neat: Removed 3 edges (requested 3)
2026-08-15 02:14:14,490 [DEBUG] cnn_neat: Added edge 6→4 (from 9 candidates)
2026-08-15 02:14:14,492 [DEBUG] cnn_neat: Added edge 2→5 (from 7 candidates)
2026-08-15 02:14:14,493 [DEBUG] cnn_neat: Removed edge 4→2 (from 6 candidates)
2026-08-15 02:14:14,495 [INFO] cnn_neat: CnnNeat started | run=run_0001 | population=128 | in=(32, 32) out=(1, 1)
2026-08-15 02:14:14,495 [INFO] cnn_neat: Compute: device=cuda | grid (32, 32)→(1, 1) | AMP=on (float16) | GPU=NVIDIA GeForce RTX 4060 Ti
