2026-08-17 09:04:43,407 [DEBUG] cnn_neat: Saved generation 0
2026-08-17 09:04:43,472 [DEBUG] cnn_neat: Selected 25 elite individuals
2026-08-17 09:04:43,543 [DEBUG] cnn_neat: Split edge 3→4, new hidden node 5 (pool=3)
2026-08-17 09:04:43,544 [DEBUG] cnn_neat: Added edge 3→1 (from 2 candidates)
2026-08-17 09:04:43,546 [DEBUG] cnn_neat: Split edge 4→1, new hidden node 5 (pool=3)
2026-08-17 09:04:43,548 [DEBUG] cnn_neat: Split edge 0→3, new hidden node 5 (pool=3)
2026-08-17 09:04:43,550 [DEBUG] cnn_neat: Split edge 0→3, new hidden node 5 (pool=3)
2026-08-17 09:04:43,553 [DEBUG] cnn_neat: Added edge 5→4 (from 4 candidates)
2026-08-17 09:04:43,555 [DEBUG] cnn_neat: Crossover rejected: copied edge has no live Conv2d
2026-08-17 09:04:43,558 [DEBUG] cnn_neat: Split edge 3→4, new hidden node 5 (pool=3)
2026-08-17 09:04:43,559 [DEBUG] cnn_neat: Added edge 0→4 (from 4 candidates)
2026-08-17 09:04:43,561 [DEBUG] cnn_neat: Added edge 3→1 (from 2 candidates)
2026-08-17 09:04:43,564 [DEBUG] cnn_neat: Added edge 0→4 (from 1 candidates)
2026-08-17 09:04:43,566 [DEBUG] cnn_neat: Added edge 0→1 (from 1 candidates)
2026-08-17 09:04:43,568 [DEBUG] cnn_neat: Split edge 3→2, new hidden node 5 (pool=4)
2026-08-17 09:04:43,570 [DEBUG] cnn_neat: Added edge 3→1 (from 6 candidates)
2026-08-17 09:04:43,572 [DEBUG] cnn_neat: Removed hidden node 2 (pool=1)
2026-08-17 09:04:43,573 [DEBUG] cnn_neat: Split edge 4→1, new hidden node 5 (pool=3)
2026-08-17 09:04:43,575 [DEBUG] cnn_neat: Added edge 0→5 (from 4 candidates)
2026-08-17 09:04:43,576 [DEBUG] cnn_neat: Removed edge 3→2 (from 1 candidates)
2026-08-17 09:04:43,577 [DEBUG] cnn_neat: Split edge 4→1, new hidden node 5 (pool=3)
2026-08-17 09:04:43,578 [DEBUG] cnn_neat: Added edge 3→5 (from 4 candidates)
2026-08-17 09:04:43,580 [DEBUG] cnn_neat: Removed 1 edges (requested 3)
2026-08-17 09:04:43,581 [DEBUG] cnn_neat: Split edge 4→1, new hidden node 5 (pool=3)
2026-08-17 09:04:43,582 [DEBUG] cnn_neat: Added edge 0→4 (from 4 candidates)
2026-08-17 09:04:43,584 [DEBUG] cnn_neat: Crossover rejected: copied edge has no live Conv2d
2026-08-17 09:04:43,585 [DEBUG] cnn_neat: Split edge 3→2, new hidden node 5 (pool=4)
2026-08-17 09:04:43,587 [DEBUG] cnn_neat: Added edge 5→1 (from 9 candidates)
2026-08-17 09:04:43,588 [DEBUG] cnn_neat: Added edge 0→4 (from 6 candidates)
2026-08-17 09:04:43,590 [DEBUG] cnn_neat: Added edge 3→1 (from 5 candidates)
2026-08-17 09:04:43,591 [DEBUG] cnn_neat: Added edge 4→2 (from 4 candidates)
2026-08-17 09:04:43,593 [DEBUG] cnn_neat: Added edge 0→2 (from 2 candidates)
2026-08-17 09:04:43,594 [DEBUG] cnn_neat: Added edge 0→1 (from 2 candidates)
2026-08-17 09:04:43,596 [DEBUG] cnn_neat: Split edge 2→1, new hidden node 6 (pool=6)
2026-08-17 09:04:43,598 [DEBUG] cnn_neat: Added edge 3→1 (from 12 candidates)
2026-08-17 09:04:43,601 [DEBUG] cnn_neat: Removed hidden node 4 (pool=4)
2026-08-17 09:04:43,603 [DEBUG] cnn_neat: Removed edge 2→1 (from 6 candidates)
2026-08-17 09:04:43,605 [DEBUG] cnn_neat: Removed 3 edges (requested 3)
2026-08-17 09:04:43,606 [DEBUG] cnn_neat: Split edge 0→4, new hidden node 5 (pool=3)
2026-08-17 09:04:43,608 [DEBUG] cnn_neat: Added edge 5→2 (from 4 candidates)
2026-08-17 09:04:43,610 [DEBUG] cnn_neat: Crossover union: A_edges=6 B_added=3 dup_skipped=0 child_edges=9 nodes=8
2026-08-17 09:04:43,612 [DEBUG] cnn_neat: Added edge 5→2 (from 12 candidates)
2026-08-17 09:04:43,614 [DEBUG] cnn_neat: Added edge 3→2 (from 9 candidates)
2026-08-17 09:04:43,616 [DEBUG] cnn_neat: Added edge 4→1 (from 8 candidates)
2026-08-17 09:04:43,618 [DEBUG] cnn_neat: Added edge 4→3 (from 7 candidates)
2026-08-17 09:04:43,621 [DEBUG] cnn_neat: Added edge 4→5 (from 4 candidates)
2026-08-17 09:04:43,622 [DEBUG] cnn_neat: Split edge 0→3, new hidden node 5 (pool=2)
2026-08-17 09:04:43,624 [DEBUG] cnn_neat: Added edge 3→2 (from 6 candidates)
2026-08-17 09:04:43,627 [DEBUG] cnn_neat: Removed hidden node 3 (pool=3)
2026-08-17 09:04:43,628 [DEBUG] cnn_neat: Split edge 2→1, new hidden node 5 (pool=3)
2026-08-17 09:04:43,629 [DEBUG] cnn_neat: Removed edge 0→4 (from 5 candidates)
2026-08-17 09:04:43,631 [DEBUG] cnn_neat: Removed 2 edges (requested 3)
2026-08-17 09:04:43,632 [DEBUG] cnn_neat: Split edge 0→4, new hidden node 5 (pool=3)
2026-08-17 09:04:43,634 [DEBUG] cnn_neat: Added edge 0→2 (from 4 candidates)
2026-08-17 09:04:43,636 [DEBUG] cnn_neat: Crossover union: A_edges=5 B_added=3 dup_skipped=0 child_edges=8 nodes=7
2026-08-17 09:04:43,637 [DEBUG] cnn_neat: Added edge 2→3 (from 6 candidates)
2026-08-17 09:04:43,639 [DEBUG] cnn_neat: Added edge 4→3 (from 3 candidates)
2026-08-17 09:04:43,641 [DEBUG] cnn_neat: Added edge 4→1 (from 2 candidates)
2026-08-17 09:04:43,643 [DEBUG] cnn_neat: Added edge 0→2 (from 1 candidates)
2026-08-17 09:04:43,645 [DEBUG] cnn_neat: Added edge 0→1 (from 1 candidates)
2026-08-17 09:04:43,647 [DEBUG] cnn_neat: Split edge 0→3, new hidden node 5 (pool=2)
2026-08-17 09:04:43,649 [DEBUG] cnn_neat: Added edge 4→3 (from 3 candidates)
2026-08-17 09:04:43,652 [DEBUG] cnn_neat: Removed hidden node 2 (pool=3)
2026-08-17 09:04:43,653 [DEBUG] cnn_neat: Removed edge 4→2 (from 6 candidates)
2026-08-17 09:04:43,656 [DEBUG] cnn_neat: Removed 3 edges (requested 3)
2026-08-17 09:04:43,657 [DEBUG] cnn_neat: Split edge 2→1, new hidden node 5 (pool=3)
2026-08-17 09:04:43,658 [DEBUG] cnn_neat: Added edge 0→5 (from 4 candidates)
2026-08-17 09:04:43,661 [DEBUG] cnn_neat: Crossover rejected: copied edge has no live Conv2d
2026-08-17 09:04:43,662 [DEBUG] cnn_neat: Split edge 0→3, new hidden node 5 (pool=2)
2026-08-17 09:04:43,664 [DEBUG] cnn_neat: Added edge 4→3 (from 9 candidates)
2026-08-17 09:04:43,666 [DEBUG] cnn_neat: Added edge 4→3 (from 3 candidates)
2026-08-17 09:04:43,668 [DEBUG] cnn_neat: Added edge 0→2 (from 2 candidates)
2026-08-17 09:04:43,670 [DEBUG] cnn_neat: Added edge 0→1 (from 2 candidates)
2026-08-17 09:04:43,672 [DEBUG] cnn_neat: Added edge 4→1 (from 1 candidates)
2026-08-17 09:04:43,676 [DEBUG] cnn_neat: Split edge 0→1, new hidden node 5 (pool=1)
2026-08-17 09:04:43,678 [DEBUG] cnn_neat: Split edge 3→4, new hidden node 5 (pool=5)
2026-08-17 09:04:43,679 [DEBUG] cnn_neat: Added edge 3→1 (from 5 candidates)
2026-08-17 09:04:43,682 [DEBUG] cnn_neat: Removed hidden node 2 (pool=2)
2026-08-17 09:04:43,683 [DEBUG] cnn_neat: Split edge 0→3, new hidden node 5 (pool=3)
2026-08-17 09:04:43,684 [DEBUG] cnn_neat: Added edge 5→4 (from 4 candidates)
2026-08-17 09:04:43,687 [DEBUG] cnn_neat: Removed hidden node 3 (pool=1)
2026-08-17 09:04:43,688 [DEBUG] cnn_neat: Removed edge 3→4 (from 4 candidates)
2026-08-17 09:04:43,689 [DEBUG] cnn_neat: Split edge 4→1, new hidden node 5 (pool=4)
2026-08-17 09:04:43,691 [DEBUG] cnn_neat: Removed 2 edges (requested 3)
2026-08-17 09:04:43,693 [DEBUG] cnn_neat: Split edge 4→1, new hidden node 5 (pool=3)
2026-08-17 09:04:43,694 [DEBUG] cnn_neat: Added edge 3→5 (from 4 candidates)
2026-08-17 09:04:43,696 [DEBUG] cnn_neat: Removed hidden node 4 (pool=1)
2026-08-17 09:04:43,698 [DEBUG] cnn_neat: Crossover union: A_edges=5 B_added=4 dup_skipped=0 child_edges=9 nodes=8
2026-08-17 09:04:43,700 [DEBUG] cnn_neat: Added edge 3→1 (from 5 candidates)
2026-08-17 09:04:43,702 [DEBUG] cnn_neat: Added edge 0→4 (from 4 candidates)
2026-08-17 09:04:43,704 [DEBUG] cnn_neat: Added edge 2→4 (from 3 candidates)
2026-08-17 09:04:43,706 [DEBUG] cnn_neat: Added edge 0→2 (from 1 candidates)
2026-08-17 09:04:43,708 [DEBUG] cnn_neat: Added edge 0→1 (from 1 candidates)
2026-08-17 09:04:43,709 [DEBUG] cnn_neat: Split edge 5→1, new hidden node 6 (pool=3)
2026-08-17 09:04:43,711 [DEBUG] cnn_neat: Added edge 3→1 (from 2 candidates)
2026-08-17 09:04:43,712 [DEBUG] cnn_neat: Split edge 5→1, new hidden node 6 (pool=3)
2026-08-17 09:04:43,714 [DEBUG] cnn_neat: Added edge 0→6 (from 4 candidates)
2026-08-17 09:04:43,716 [DEBUG] cnn_neat: Split edge 0→3, new hidden node 6 (pool=3)
2026-08-17 09:04:43,718 [DEBUG] cnn_neat: Split edge 3→5, new hidden node 6 (pool=3)
2026-08-17 09:04:43,719 [DEBUG] cnn_neat: Crossover union: A_edges=3 B_added=3 dup_skipped=0 child_edges=6 nodes=6
2026-08-17 09:04:43,721 [DEBUG] cnn_neat: Added edge 3→1 (from 2 candidates)
2026-08-17 09:04:43,722 [DEBUG] cnn_neat: Added edge 0→5 (from 1 candidates)
2026-08-17 09:04:43,723 [DEBUG] cnn_neat: Added edge 0→1 (from 1 candidates)
2026-08-17 09:04:43,726 [DEBUG] cnn_neat: Split edge 0→2, new hidden node 6 (pool=4)
2026-08-17 09:04:43,727 [DEBUG] cnn_neat: Split edge 3→5, new hidden node 7 (pool=5)
2026-08-17 09:04:43,729 [DEBUG] cnn_neat: Added edge 2→5 (from 7 candidates)
2026-08-17 09:04:43,731 [DEBUG] cnn_neat: Split edge 5→1, new hidden node 6 (pool=5)
2026-08-17 09:04:43,733 [DEBUG] cnn_neat: Removed hidden node 2 (pool=1)
2026-08-17 09:04:43,734 [DEBUG] cnn_neat: Split edge 0→3, new hidden node 6 (pool=3)
2026-08-17 09:04:43,735 [DEBUG] cnn_neat: Added edge 0→3 (from 4 candidates)
2026-08-17 09:04:43,737 [DEBUG] cnn_neat: Removed edge 0→2 (from 1 candidates)
2026-08-17 09:04:43,738 [DEBUG] cnn_neat: Split edge 0→3, new hidden node 6 (pool=3)
2026-08-17 09:04:43,739 [DEBUG] cnn_neat: Added edge 3→1 (from 4 candidates)
2026-08-17 09:04:43,741 [DEBUG] cnn_neat: Removed 1 edges (requested 3)
2026-08-17 09:04:43,742 [DEBUG] cnn_neat: Split edge 3→5, new hidden node 6 (pool=3)
2026-08-17 09:04:43,743 [DEBUG] cnn_neat: Added edge 0→5 (from 4 candidates)
2026-08-17 09:04:43,745 [DEBUG] cnn_neat: Crossover rejected: copied edge has no live Conv2d
2026-08-17 09:04:43,746 [DEBUG] cnn_neat: Split edge 3→5, new hidden node 6 (pool=4)
2026-08-17 09:04:43,747 [DEBUG] cnn_neat: Added edge 3→2 (from 7 candidates)
2026-08-17 09:04:43,749 [DEBUG] cnn_neat: Added edge 5→2 (from 5 candidates)
2026-08-17 09:04:43,750 [DEBUG] cnn_neat: Added edge 2→1 (from 3 candidates)
2026-08-17 09:04:43,752 [DEBUG] cnn_neat: Added edge 0→5 (from 2 candidates)
2026-08-17 09:04:43,754 [DEBUG] cnn_neat: Added edge 0→1 (from 2 candidates)
2026-08-17 09:04:43,755 [DEBUG] cnn_neat: Split edge 0→6, new hidden node 7 (pool=5)
2026-08-17 09:04:43,757 [DEBUG] cnn_neat: Added edge 2→3 (from 13 candidates)
2026-08-17 09:04:43,759 [DEBUG] cnn_neat: Removed hidden node 6 (pool=2)
2026-08-17 09:04:43,761 [DEBUG] cnn_neat: Split edge 0→3, new hidden node 6 (pool=3)
2026-08-17 09:04:43,762 [DEBUG] cnn_neat: Added edge 0→5 (from 4 candidates)
2026-08-17 09:04:43,763 [DEBUG] cnn_neat: Removed edge 0→6 (from 2 candidates)
2026-08-17 09:04:43,765 [DEBUG] cnn_neat: Removed 2 edges (requested 3)
2026-08-17 09:04:43,766 [DEBUG] cnn_neat: Split edge 0→3, new hidden node 6 (pool=3)
2026-08-17 09:04:43,768 [DEBUG] cnn_neat: Added edge 6→5 (from 4 candidates)
2026-08-17 09:04:43,769 [DEBUG] cnn_neat: Crossover rejected: copied edge has no live Conv2d
2026-08-17 09:04:43,771 [DEBUG] cnn_neat: Split edge 6→2, new hidden node 7 (pool=5)
2026-08-17 09:04:43,772 [DEBUG] cnn_neat: Added edge 6→1 (from 13 candidates)
2026-08-17 09:04:43,774 [DEBUG] cnn_neat: Added edge 2→1 (from 12 candidates)
2026-08-17 09:04:43,776 [DEBUG] cnn_neat: Added edge 5→6 (from 11 candidates)
2026-08-17 09:04:43,778 [DEBUG] cnn_neat: Added edge 0→5 (from 6 candidates)
2026-08-17 09:04:43,780 [DEBUG] cnn_neat: Added edge 3→1 (from 5 candidates)
2026-08-17 09:04:43,782 [DEBUG] cnn_neat: Split edge 2→3, new hidden node 6 (pool=5)
2026-08-17 09:04:43,785 [DEBUG] cnn_neat: Added edge 0→6 (from 9 candidates)
2026-08-17 09:04:43,787 [DEBUG] cnn_neat: Added edge 5→1 (from 6 candidates)
2026-08-17 09:04:43,789 [DEBUG] cnn_neat: Split edge 3→5, new hidden node 6 (pool=5)
2026-08-17 09:04:43,792 [DEBUG] cnn_neat: Split edge 3→5, new hidden node 6 (pool=5)
2026-08-17 09:04:43,794 [DEBUG] cnn_neat: Added edge 0→5 (from 9 candidates)
2026-08-17 09:04:43,796 [DEBUG] cnn_neat: Split edge 4→1, new hidden node 6 (pool=5)
2026-08-17 09:04:43,798 [DEBUG] cnn_neat: Crossover rejected: union topology invalid (edges=11 nodes=10)
2026-08-17 09:04:43,800 [DEBUG] cnn_neat: Split edge 2→3, new hidden node 6 (pool=5)
2026-08-17 09:04:43,802 [DEBUG] cnn_neat: Added edge 2→5 (from 9 candidates)
2026-08-17 09:04:43,803 [DEBUG] cnn_neat: Added edge 3→4 (from 6 candidates)
2026-08-17 09:04:43,805 [DEBUG] cnn_neat: Added edge 2→5 (from 6 candidates)
2026-08-17 09:04:43,807 [DEBUG] cnn_neat: Added edge 0→3 (from 6 candidates)
2026-08-17 09:04:43,809 [DEBUG] cnn_neat: Added edge 5→1 (from 6 candidates)
2026-08-17 09:04:43,811 [DEBUG] cnn_neat: Added edge 2→1 (from 5 candidates)
2026-08-17 09:04:43,813 [DEBUG] cnn_neat: Split edge 0→2, new hidden node 6 (pool=5)
2026-08-17 09:04:43,815 [DEBUG] cnn_neat: Added edge 0→5 (from 5 candidates)
2026-08-17 09:04:43,817 [DEBUG] cnn_neat: Removed hidden node 3 (pool=2)
2026-08-17 09:04:43,819 [DEBUG] cnn_neat: Removed edge 2→5 (from 4 candidates)
2026-08-17 09:04:43,820 [DEBUG] cnn_neat: Split edge 0→2, new hidden node 6 (pool=4)
2026-08-17 09:04:43,821 [DEBUG] cnn_neat: Added edge 5→6 (from 13 candidates)
2026-08-17 09:04:43,823 [DEBUG] cnn_neat: Removed 2 edges (requested 3)
2026-08-17 09:04:43,824 [DEBUG] cnn_neat: Split edge 2→5, new hidden node 6 (pool=3)
2026-08-17 09:04:43,827 [DEBUG] cnn_neat: Crossover union: A_edges=5 B_added=7 dup_skipped=0 child_edges=12 nodes=9
2026-08-17 09:04:43,829 [DEBUG] cnn_neat: Added edge 3→2 (from 5 candidates)
2026-08-17 09:04:43,830 [DEBUG] cnn_neat: Added edge 0→5 (from 3 candidates)
2026-08-17 09:04:43,832 [DEBUG] cnn_neat: Added edge 2→1 (from 3 candidates)
2026-08-17 09:04:43,834 [DEBUG] cnn_neat: Added edge 3→1 (from 2 candidates)
2026-08-17 09:04:43,836 [DEBUG] cnn_neat: Added edge 0→1 (from 1 candidates)
2026-08-17 09:04:43,838 [DEBUG] cnn_neat: Split edge 2→3, new hidden node 4 (pool=5)
2026-08-17 09:04:43,840 [DEBUG] cnn_neat: Split edge 2→1, new hidden node 5 (pool=3)
2026-08-17 09:04:43,841 [DEBUG] cnn_neat: Added edge 0→1 (from 1 candidates)
2026-08-17 09:04:43,844 [DEBUG] cnn_neat: Removed hidden node 2 (pool=2)
2026-08-17 09:04:43,845 [DEBUG] cnn_neat: Split edge 3→1, new hidden node 4 (pool=2)
2026-08-17 09:04:43,846 [DEBUG] cnn_neat: Added edge 0→4 (from 2 candidates)
2026-08-17 09:04:43,848 [DEBUG] cnn_neat: Removed edge 0→3 (from 5 candidates)
2026-08-17 09:04:43,849 [DEBUG] cnn_neat: Split edge 0→2, new hidden node 4 (pool=2)
2026-08-17 09:04:43,851 [DEBUG] cnn_neat: Added edge 0→3 (from 3 candidates)
2026-08-17 09:04:43,853 [DEBUG] cnn_neat: Removed hidden node 4 (pool=3)
2026-08-17 09:04:43,856 [DEBUG] cnn_neat: Removed 3 edges (requested 3)
2026-08-17 09:04:43,858 [DEBUG] cnn_neat: Split edge 2→1, new hidden node 3 (pool=2)
2026-08-17 09:04:43,859 [DEBUG] cnn_neat: Added edge 0→3 (from 2 candidates)
2026-08-17 09:04:43,861 [DEBUG] cnn_neat: Removed hidden node 2 (pool=1)
2026-08-17 09:04:43,863 [DEBUG] cnn_neat: Split edge 3→1, new hidden node 4 (pool=2)
2026-08-17 09:04:43,864 [DEBUG] cnn_neat: Split edge 0→3, new hidden node 5 (pool=3)
2026-08-17 09:04:43,866 [DEBUG] cnn_neat: Crossover union: A_edges=5 B_added=3 dup_skipped=0 child_edges=8 nodes=6
2026-08-17 09:04:43,868 [DEBUG] cnn_neat: Added edge 0→1 (from 1 candidates)
2026-08-17 09:04:43,873 [DEBUG] cnn_neat: Split edge 0→1, new hidden node 4 (pool=1)
2026-08-17 09:04:43,874 [DEBUG] cnn_neat: Split edge 0→4, new hidden node 6 (pool=3)
2026-08-17 09:04:43,876 [DEBUG] cnn_neat: Added edge 4→1 (from 2 candidates)
2026-08-17 09:04:43,877 [DEBUG] cnn_neat: Split edge 4→1, new hidden node 6 (pool=2)
2026-08-17 09:04:43,879 [DEBUG] cnn_neat: Split edge 4→5, new hidden node 6 (pool=3)
2026-08-17 09:04:43,880 [DEBUG] cnn_neat: Added edge 4→5 (from 4 candidates)
2026-08-17 09:04:43,882 [DEBUG] cnn_neat: Split edge 5→1, new hidden node 6 (pool=3)
2026-08-17 09:04:43,884 [DEBUG] cnn_neat: Split edge 0→4, new hidden node 6 (pool=3)
2026-08-17 09:04:43,885 [DEBUG] cnn_neat: Added edge 0→4 (from 4 candidates)
2026-08-17 09:04:43,887 [DEBUG] cnn_neat: Crossover union: A_edges=3 B_added=6 dup_skipped=0 child_edges=9 nodes=7
2026-08-17 09:04:43,888 [DEBUG] cnn_neat: Added edge 0→5 (from 2 candidates)
2026-08-17 09:04:43,890 [DEBUG] cnn_neat: Added edge 4→1 (from 2 candidates)
2026-08-17 09:04:43,891 [DEBUG] cnn_neat: Added edge 0→1 (from 1 candidates)
2026-08-17 09:04:43,894 [DEBUG] cnn_neat: Split edge 4→5, new hidden node 6 (pool=4)
2026-08-17 09:04:43,896 [DEBUG] cnn_neat: Split edge 2→1, new hidden node 7 (pool=1)
2026-08-17 09:04:43,898 [DEBUG] cnn_neat: Added edge 0→3 (from 7 candidates)
2026-08-17 09:04:43,899 [DEBUG] cnn_neat: Split edge 2→3, new hidden node 6 (pool=6)
2026-08-17 09:04:43,901 [DEBUG] cnn_neat: Removed hidden node 3 (pool=1)
2026-08-17 09:04:43,903 [DEBUG] cnn_neat: Split edge 5→2, new hidden node 6 (pool=4)
2026-08-17 09:04:43,904 [DEBUG] cnn_neat: Removed edge 2→3 (from 1 candidates)
2026-08-17 09:04:43,905 [DEBUG] cnn_neat: Split edge 2→1, new hidden node 6 (pool=4)
2026-08-17 09:04:43,907 [DEBUG] cnn_neat: Removed 1 edges (requested 3)
2026-08-17 09:04:43,909 [DEBUG] cnn_neat: Split edge 4→5, new hidden node 6 (pool=4)
2026-08-17 09:04:43,910 [DEBUG] cnn_neat: Added edge 0→5 (from 6 candidates)
2026-08-17 09:04:43,912 [DEBUG] cnn_neat: Crossover rejected: union topology invalid (edges=11 nodes=10)
2026-08-17 09:04:43,914 [DEBUG] cnn_neat: Split edge 0→4, new hidden node 6 (pool=4)
2026-08-17 09:04:43,915 [DEBUG] cnn_neat: Added edge 0→5 (from 7 candidates)
2026-08-17 09:04:43,917 [DEBUG] cnn_neat: Added edge 4→3 (from 6 candidates)
2026-08-17 09:04:43,918 [DEBUG] cnn_neat: Added edge 5→1 (from 7 candidates)
2026-08-17 09:04:43,920 [DEBUG] cnn_neat: Added edge 4→1 (from 6 candidates)
2026-08-17 09:04:43,922 [DEBUG] cnn_neat: Added edge 5→3 (from 5 candidates)
2026-08-17 09:04:43,924 [DEBUG] cnn_neat: Split edge 0→2, new hidden node 6 (pool=2)
2026-08-17 09:04:43,927 [DEBUG] cnn_neat: Added edge 4→5 (from 6 candidates)
2026-08-17 09:04:43,930 [DEBUG] cnn_neat: Removed hidden node 3 (pool=4)
2026-08-17 09:04:43,932 [DEBUG] cnn_neat: Removed edge 4→3 (from 7 candidates)
2026-08-17 09:04:43,935 [DEBUG] cnn_neat: Removed 3 edges (requested 3)
2026-08-17 09:04:43,938 [DEBUG] cnn_neat: Crossover rejected: union topology invalid (edges=13 nodes=10)
2026-08-17 09:04:43,940 [DEBUG] cnn_neat: Split edge 2→1, new hidden node 6 (pool=2)
2026-08-17 09:04:43,942 [DEBUG] cnn_neat: Added edge 3→1 (from 6 candidates)
2026-08-17 09:04:43,944 [DEBUG] cnn_neat: Added edge 2→5 (from 5 candidates)
2026-08-17 09:04:43,947 [DEBUG] cnn_neat: Added edge 0→4 (from 4 candidates)
2026-08-17 09:04:43,949 [DEBUG] cnn_neat: Added edge 4→5 (from 3 candidates)
2026-08-17 09:04:43,952 [DEBUG] cnn_neat: Added edge 2→3 (from 2 candidates)
2026-08-17 09:04:43,956 [DEBUG] cnn_neat: Added edge 6→4 (from 9 candidates)
2026-08-17 09:04:43,958 [DEBUG] cnn_neat: Added edge 3→4 (from 9 candidates)
2026-08-17 09:04:43,962 [DEBUG] cnn_neat: Added edge 0→6 (from 9 candidates)
2026-08-17 09:04:43,965 [DEBUG] cnn_neat: Removed hidden node 2 (pool=1)
2026-08-17 09:04:43,968 [DEBUG] cnn_neat: Added edge 6→5 (from 9 candidates)
2026-08-17 09:04:43,972 [DEBUG] cnn_neat: Added edge 3→4 (from 9 candidates)
2026-08-17 09:04:43,975 [DEBUG] cnn_neat: Removed hidden node 5 (pool=1)
2026-08-17 09:04:43,978 [DEBUG] cnn_neat: Crossover rejected: union topology invalid (edges=11 nodes=11)
2026-08-17 09:04:43,980 [DEBUG] cnn_neat: Added edge 2→5 (from 9 candidates)
2026-08-17 09:04:43,983 [DEBUG] cnn_neat: Removed hidden node 6 (pool=2)
2026-08-17 09:04:43,985 [DEBUG] cnn_neat: Added edge 2→3 (from 9 candidates)
2026-08-17 09:04:43,987 [DEBUG] cnn_neat: Added edge 2→5 (from 9 candidates)
2026-08-17 09:04:43,989 [DEBUG] cnn_neat: Added edge 0→6 (from 11 candidates)
2026-08-17 09:04:43,992 [DEBUG] cnn_neat: Added edge 3→1 (from 9 candidates)
2026-08-17 09:04:43,994 [DEBUG] cnn_neat: Added edge 6→5 (from 7 candidates)
2026-08-17 09:04:43,996 [DEBUG] cnn_neat: Split edge 0→2, new hidden node 5 (pool=5)
2026-08-17 09:04:43,998 [DEBUG] cnn_neat: Added edge 2→4 (from 4 candidates)
2026-08-17 09:04:44,001 [DEBUG] cnn_neat: Removed hidden node 2 (pool=1)
2026-08-17 09:04:44,004 [DEBUG] cnn_neat: Split edge 0→3, new hidden node 5 (pool=3)
2026-08-17 09:04:44,006 [DEBUG] cnn_neat: Added edge 5→4 (from 4 candidates)
2026-08-17 09:04:44,009 [DEBUG] cnn_neat: Removed edge 0→2 (from 3 candidates)
2026-08-17 09:04:44,012 [DEBUG] cnn_neat: Removed 2 edges (requested 3)
2026-08-17 09:04:44,014 [DEBUG] cnn_neat: Split edge 4→1, new hidden node 5 (pool=3)
2026-08-17 09:04:44,016 [DEBUG] cnn_neat: Added edge 4→1 (from 4 candidates)
2026-08-17 09:04:44,018 [DEBUG] cnn_neat: Crossover union: A_edges=5 B_added=4 dup_skipped=0 child_edges=9 nodes=8
2026-08-17 09:04:44,020 [DEBUG] cnn_neat: Added edge 2→4 (from 4 candidates)
2026-08-17 09:04:44,021 [DEBUG] cnn_neat: Added edge 0→4 (from 3 candidates)
2026-08-17 09:04:44,023 [DEBUG] cnn_neat: Added edge 3→1 (from 3 candidates)
2026-08-17 09:04:44,025 [DEBUG] cnn_neat: Added edge 2→1 (from 2 candidates)
2026-08-17 09:04:44,027 [DEBUG] cnn_neat: Added edge 0→1 (from 1 candidates)
2026-08-17 09:04:44,029 [DEBUG] cnn_neat: Split edge 3→4, new hidden node 6 (pool=7)
2026-08-17 09:04:44,032 [DEBUG] cnn_neat: Added edge 2→4 (from 8 candidates)
2026-08-17 09:04:44,035 [DEBUG] cnn_neat: Removed hidden node 4 (pool=3)
2026-08-17 09:04:44,037 [DEBUG] cnn_neat: Removed edge 3→4 (from 7 candidates)
2026-08-17 09:04:44,040 [DEBUG] cnn_neat: Removed 3 edges (requested 3)
2026-08-17 09:04:44,041 [DEBUG] cnn_neat: Split edge 4→1, new hidden node 5 (pool=4)
2026-08-17 09:04:44,044 [DEBUG] cnn_neat: Crossover rejected: union topology invalid (edges=13 nodes=11)
2026-08-17 09:04:44,046 [DEBUG] cnn_neat: Split edge 0→2, new hidden node 6 (pool=7)
2026-08-17 09:04:44,050 [DEBUG] cnn_neat: Added edge 0→5 (from 8 candidates)
2026-08-17 09:04:44,052 [DEBUG] cnn_neat: Added edge 2→1 (from 7 candidates)
2026-08-17 09:04:44,058 [DEBUG] cnn_neat: Added edge 4→5 (from 6 candidates)
2026-08-17 09:04:44,062 [DEBUG] cnn_neat: Added edge 0→4 (from 4 candidates)
2026-08-17 09:04:44,066 [DEBUG] cnn_neat: Added edge 2→4 (from 4 candidates)
2026-08-17 09:04:44,069 [DEBUG] cnn_neat: Split edge 0→4, new hidden node 5 (pool=4)
2026-08-17 09:04:44,072 [DEBUG] cnn_neat: Split edge 2→1, new hidden node 6 (pool=2)
2026-08-17 09:04:44,075 [DEBUG] cnn_neat: Added edge 4→1 (from 2 candidates)
2026-08-17 09:04:44,075 [DEBUG] cnn_neat: Generation bred 128 offspring from 25 parents (queue=25 enqueued=0)
2026-08-17 09:04:44,079 [DEBUG] cnn_neat: Generation 1 formed (128 models, elite_queue=25, breeders=25, offspring=128) | evaluated total: 128 | avg cycle ~8 мин 18 с (last 1 of ≤5, no MAX_GENERATIONS limit)
2026-08-17 09:14:24,621 [DEBUG] cnn_neat: Saved generation 1
2026-08-17 09:14:24,716 [DEBUG] cnn_neat: Selected 25 elite individuals
2026-08-17 09:14:24,896 [DEBUG] cnn_neat: Split edge 3→1, new hidden node 5 (pool=2)
2026-08-17 09:14:24,899 [DEBUG] cnn_neat: Added edge 4→2 (from 5 candidates)
2026-08-17 09:14:24,903 [DEBUG] cnn_neat: Removed hidden node 2 (pool=2)
2026-08-17 09:14:24,906 [DEBUG] cnn_neat: Split edge 0→3, new hidden node 5 (pool=2)
2026-08-17 09:14:24,909 [DEBUG] cnn_neat: Removed edge 4→1 (from 4 candidates)
2026-08-17 09:14:24,913 [DEBUG] cnn_neat: Removed 2 edges (requested 3)
2026-08-17 09:14:24,915 [DEBUG] cnn_neat: Split edge 4→1, new hidden node 5 (pool=3)
2026-08-17 09:14:24,918 [DEBUG] cnn_neat: Added edge 3→5 (from 4 candidates)
2026-08-17 09:14:24,923 [DEBUG] cnn_neat: Removed hidden node 4 (pool=1)
2026-08-17 09:14:24,928 [DEBUG] cnn_neat: Split edge 0→3, new hidden node 6 (pool=3)
2026-08-17 09:14:24,932 [DEBUG] cnn_neat: Crossover rejected: copied edge has no live Conv2d
2026-08-17 09:14:24,935 [DEBUG] cnn_neat: Split edge 0→3, new hidden node 5 (pool=2)
2026-08-17 09:14:24,938 [DEBUG] cnn_neat: Added edge 4→2 (from 5 candidates)
2026-08-17 09:14:24,940 [DEBUG] cnn_neat: Added edge 0→2 (from 3 candidates)
2026-08-17 09:14:24,944 [DEBUG] cnn_neat: Added edge 0→4 (from 2 candidates)
2026-08-17 09:14:24,948 [DEBUG] cnn_neat: Added edge 2→1 (from 2 candidates)
2026-08-17 09:14:24,953 [DEBUG] cnn_neat: Added edge 0→1 (from 1 candidates)
2026-08-17 09:14:24,957 [DEBUG] cnn_neat: Split edge 0→3, new hidden node 6 (pool=2)
2026-08-17 09:14:24,962 [DEBUG] cnn_neat: Added edge 0→5 (from 11 candidates)
2026-08-17 09:14:24,970 [DEBUG] cnn_neat: Removed hidden node 2 (pool=4)
2026-08-17 09:14:24,975 [DEBUG] cnn_neat: Removed edge 3→1 (from 7 candidates)
2026-08-17 09:14:24,979 [DEBUG] cnn_neat: Split edge 3→5, new hidden node 6 (pool=6)
2026-08-17 09:14:24,984 [DEBUG] cnn_neat: Removed 3 edges (requested 3)
2026-08-17 09:14:24,989 [DEBUG] cnn_neat: Crossover rejected: union topology invalid (edges=16 nodes=11)
2026-08-17 09:14:24,994 [DEBUG] cnn_neat: Split edge 3→1, new hidden node 6 (pool=2)
2026-08-17 09:14:24,999 [DEBUG] cnn_neat: Added edge 0→2 (from 11 candidates)
2026-08-17 09:14:25,003 [DEBUG] cnn_neat: Added edge 2→3 (from 10 candidates)
2026-08-17 09:14:25,013 [DEBUG] cnn_neat: Added edge 2→5 (from 5 candidates)
2026-08-17 09:14:25,017 [DEBUG] cnn_neat: Added edge 4→3 (from 4 candidates)
2026-08-17 09:14:25,022 [DEBUG] cnn_neat: Added edge 4→5 (from 3 candidates)
2026-08-17 09:14:25,026 [DEBUG] cnn_neat: Split edge 0→3, new hidden node 5 (pool=2)
2026-08-17 09:14:25,030 [DEBUG] cnn_neat: Split edge 0→5, new hidden node 6 (pool=3)
2026-08-17 09:14:25,034 [DEBUG] cnn_neat: Added edge 0→4 (from 1 candidates)
2026-08-17 09:14:25,038 [DEBUG] cnn_neat: Removed hidden node 4 (pool=1)
2026-08-17 09:14:25,040 [DEBUG] cnn_neat: Split edge 0→3, new hidden node 4 (pool=2)
2026-08-17 09:14:25,043 [DEBUG] cnn_neat: Removed edge 4→1 (from 3 candidates)
2026-08-17 09:14:25,047 [DEBUG] cnn_neat: Removed 2 edges (requested 3)
2026-08-17 09:14:25,050 [DEBUG] cnn_neat: Split edge 3→1, new hidden node 4 (pool=2)
2026-08-17 09:14:25,053 [DEBUG] cnn_neat: Added edge 0→4 (from 2 candidates)
2026-08-17 09:14:25,057 [DEBUG] cnn_neat: Crossover union: A_edges=4 B_added=6 dup_skipped=0 child_edges=10 nodes=7
2026-08-17 09:14:25,060 [DEBUG] cnn_neat: Added edge 0→4 (from 1 candidates)
2026-08-17 09:14:25,063 [DEBUG] cnn_neat: Added edge 0→1 (from 1 candidates)
2026-08-17 09:14:25,072 [DEBUG] cnn_neat: Split edge 0→1, new hidden node 5 (pool=1)
2026-08-17 09:14:25,075 [DEBUG] cnn_neat: Split edge 3→4, new hidden node 6 (pool=3)
2026-08-17 09:14:25,079 [DEBUG] cnn_neat: Added edge 2→1 (from 9 candidates)
2026-08-17 09:14:25,083 [DEBUG] cnn_neat: Removed hidden node 2 (pool=2)
2026-08-17 09:14:25,087 [DEBUG] cnn_neat: Removed edge 3→5 (from 2 candidates)
2026-08-17 09:14:25,091 [DEBUG] cnn_neat: Removed 2 edges (requested 3)
2026-08-17 09:14:25,093 [DEBUG] cnn_neat: Split edge 4→1, new hidden node 5 (pool=3)
2026-08-17 09:14:25,096 [DEBUG] cnn_neat: Added edge 4→1 (from 4 candidates)
2026-08-17 09:14:25,100 [DEBUG] cnn_neat: Crossover rejected: union topology invalid (edges=13 nodes=11)
2026-08-17 09:14:25,105 [DEBUG] cnn_neat: Split edge 0→3, new hidden node 6 (pool=3)
2026-08-17 09:14:25,110 [DEBUG] cnn_neat: Added edge 0→2 (from 9 candidates)
2026-08-17 09:14:25,112 [DEBUG] cnn_neat: Added edge 5→1 (from 10 candidates)
2026-08-17 09:14:25,117 [DEBUG] cnn_neat: Added edge 3→1 (from 9 candidates)
2026-08-17 09:14:25,120 [DEBUG] cnn_neat: Added edge 0→4 (from 8 candidates)
2026-08-17 09:14:25,125 [DEBUG] cnn_neat: Added edge 5→4 (from 7 candidates)
2026-08-17 09:14:25,129 [DEBUG] cnn_neat: Split edge 0→4, new hidden node 6 (pool=6)
2026-08-17 09:14:25,133 [DEBUG] cnn_neat: Added edge 0→3 (from 12 candidates)
2026-08-17 09:14:25,139 [DEBUG] cnn_neat: Removed hidden node 4 (pool=4)
2026-08-17 09:14:25,142 [DEBUG] cnn_neat: Removed edge 2→1 (from 6 candidates)
2026-08-17 09:14:25,147 [DEBUG] cnn_neat: Removed 3 edges (requested 3)
2026-08-17 09:14:25,152 [DEBUG] cnn_neat: Crossover union: A_edges=6 B_added=3 dup_skipped=0 child_edges=9 nodes=8
2026-08-17 09:14:25,156 [DEBUG] cnn_neat: Added edge 2→3 (from 12 candidates)
2026-08-17 09:14:25,160 [DEBUG] cnn_neat: Added edge 5→1 (from 9 candidates)
2026-08-17 09:14:25,164 [DEBUG] cnn_neat: Added edge 5→2 (from 8 candidates)
2026-08-17 09:14:25,170 [DEBUG] cnn_neat: Added edge 4→3 (from 6 candidates)
2026-08-17 09:14:25,177 [DEBUG] cnn_neat: Added edge 5→4 (from 5 candidates)
2026-08-17 09:14:25,182 [DEBUG] cnn_neat: Split edge 3→1, new hidden node 11 (pool=2)
2026-08-17 09:14:25,189 [DEBUG] cnn_neat: Added edge 10→2 (from 20 candidates)
2026-08-17 09:14:25,198 [DEBUG] cnn_neat: Removed hidden node 9 (pool=5)
2026-08-17 09:14:25,203 [DEBUG] cnn_neat: Removed edge 4→2 (from 8 candidates)
2026-08-17 09:14:25,213 [DEBUG] cnn_neat: Removed 3 edges (requested 3)
2026-08-17 09:14:25,216 [DEBUG] cnn_neat: Split edge 3→1, new hidden node 5 (pool=2)
2026-08-17 09:14:25,220 [DEBUG] cnn_neat: Added edge 2→5 (from 12 candidates)
2026-08-17 09:14:25,226 [DEBUG] cnn_neat: Crossover rejected: union topology invalid (edges=14 nodes=11)
2026-08-17 09:14:25,232 [DEBUG] cnn_neat: Split edge 3→1, new hidden node 11 (pool=2)
2026-08-17 09:14:25,237 [DEBUG] cnn_neat: Added edge 11→9 (from 30 candidates)
2026-08-17 09:14:25,243 [DEBUG] cnn_neat: Added edge 2→9 (from 20 candidates)
2026-08-17 09:14:25,250 [DEBUG] cnn_neat: Added edge 4→9 (from 15 candidates)
2026-08-17 09:14:25,257 [DEBUG] cnn_neat: Added edge 9→3 (from 14 candidates)
2026-08-17 09:14:25,263 [DEBUG] cnn_neat: Added edge 0→2 (from 10 candidates)
2026-08-17 09:14:25,271 [DEBUG] cnn_neat: Added edge 2→10 (from 8 candidates)
2026-08-17 09:14:25,277 [DEBUG] cnn_neat: Split edge 4→3, new hidden node 5 (pool=3)
2026-08-17 09:14:25,282 [DEBUG] cnn_neat: Added edge 0→2 (from 2 candidates)
2026-08-17 09:14:25,287 [DEBUG] cnn_neat: Removed hidden node 3 (pool=3)
2026-08-17 09:14:25,290 [DEBUG] cnn_neat: Split edge 2→1, new hidden node 5 (pool=3)
2026-08-17 09:14:25,296 [DEBUG] cnn_neat: Added edge 0→5 (from 4 candidates)
2026-08-17 09:14:25,302 [DEBUG] cnn_neat: Removed hidden node 4 (pool=2)
2026-08-17 09:14:25,306 [DEBUG] cnn_neat: Removed edge 2→3 (from 7 candidates)
2026-08-17 09:14:25,311 [DEBUG] cnn_neat: Removed 3 edges (requested 3)
2026-08-17 09:14:25,316 [DEBUG] cnn_neat: Crossover union: A_edges=7 B_added=5 dup_skipped=0 child_edges=12 nodes=7
2026-08-17 09:14:25,320 [DEBUG] cnn_neat: Added edge 4→1 (from 2 candidates)
2026-08-17 09:14:25,325 [DEBUG] cnn_neat: Added edge 0→2 (from 1 candidates)
2026-08-17 09:14:25,329 [DEBUG] cnn_neat: Added edge 0→1 (from 1 candidates)
2026-08-17 09:14:25,342 [DEBUG] cnn_neat: Split edge 0→1, new hidden node 5 (pool=1)
2026-08-17 09:14:25,347 [DEBUG] cnn_neat: Added edge 2→5 (from 7 candidates)
2026-08-17 09:14:25,352 [DEBUG] cnn_neat: Split edge 2→3, new hidden node 6 (pool=8)
2026-08-17 09:14:25,357 [DEBUG] cnn_neat: Added edge 5→2 (from 8 candidates)
2026-08-17 09:14:25,364 [DEBUG] cnn_neat: Removed hidden node 5 (pool=4)
2026-08-17 09:14:25,368 [DEBUG] cnn_neat: Removed edge 0→5 (from 8 candidates)
2026-08-17 09:14:25,374 [DEBUG] cnn_neat: Removed 3 edges (requested 3)
2026-08-17 09:14:25,380 [DEBUG] cnn_neat: Crossover rejected: union topology invalid (edges=15 nodes=9)
2026-08-17 09:14:25,386 [DEBUG] cnn_neat: Split edge 3→1, new hidden node 6 (pool=8)
2026-08-17 09:14:25,392 [DEBUG] cnn_neat: Added edge 2→5 (from 8 candidates)
2026-08-17 09:14:25,400 [DEBUG] cnn_neat: Added edge 0→2 (from 5 candidates)
2026-08-17 09:14:25,405 [DEBUG] cnn_neat: Added edge 5→1 (from 4 candidates)
2026-08-17 09:14:25,410 [DEBUG] cnn_neat: Added edge 4→5 (from 3 candidates)
2026-08-17 09:14:25,419 [DEBUG] cnn_neat: Added edge 4→1 (from 2 candidates)
2026-08-17 09:14:25,424 [DEBUG] cnn_neat: Split edge 0→5, new hidden node 6 (pool=7)
2026-08-17 09:14:25,428 [DEBUG] cnn_neat: Added edge 4→1 (from 9 candidates)
2026-08-17 09:14:25,435 [DEBUG] cnn_neat: Removed hidden node 3 (pool=4)
2026-08-17 09:14:25,440 [DEBUG] cnn_neat: Removed edge 5→3 (from 7 candidates)
2026-08-17 09:14:25,448 [DEBUG] cnn_neat: Removed 3 edges (requested 3)
2026-08-17 09:14:25,454 [DEBUG] cnn_neat: Crossover union: A_edges=7 B_added=5 dup_skipped=0 child_edges=12 nodes=9
2026-08-17 09:14:25,463 [DEBUG] cnn_neat: Added edge 4→1 (from 9 candidates)
2026-08-17 09:14:25,468 [DEBUG] cnn_neat: Added edge 5→1 (from 8 candidates)
2026-08-17 09:14:25,474 [DEBUG] cnn_neat: Added edge 0→2 (from 7 candidates)
2026-08-17 09:14:25,479 [DEBUG] cnn_neat: Added edge 2→5 (from 6 candidates)
2026-08-17 09:14:25,487 [DEBUG] cnn_neat: Added edge 4→5 (from 3 candidates)
2026-08-17 09:14:25,493 [DEBUG] cnn_neat: Split edge 9→1, new hidden node 11 (pool=2)
2026-08-17 09:14:25,499 [DEBUG] cnn_neat: Added edge 5→8 (from 17 candidates)
2026-08-17 09:14:25,508 [DEBUG] cnn_neat: Removed hidden node 4 (pool=5)
2026-08-17 09:14:25,513 [DEBUG] cnn_neat: Removed edge 0→10 (from 9 candidates)
2026-08-17 09:14:25,520 [DEBUG] cnn_neat: Removed 3 edges (requested 3)
2026-08-17 09:14:25,527 [DEBUG] cnn_neat: Crossover rejected: union topology invalid (edges=16 nodes=10)
2026-08-17 09:14:25,532 [DEBUG] cnn_neat: Split edge 9→1, new hidden node 11 (pool=2)
2026-08-17 09:14:25,540 [DEBUG] cnn_neat: Added edge 9→1 (from 25 candidates)
2026-08-17 09:14:25,545 [DEBUG] cnn_neat: Added edge 10→4 (from 17 candidates)
2026-08-17 09:14:25,551 [DEBUG] cnn_neat: Added edge 10→1 (from 14 candidates)
2026-08-17 09:14:25,560 [DEBUG] cnn_neat: Added edge 5→8 (from 13 candidates)
2026-08-17 09:14:25,565 [DEBUG] cnn_neat: Added edge 5→9 (from 8 candidates)
2026-08-17 09:14:25,571 [DEBUG] cnn_neat: Added edge 0→5 (from 7 candidates)
2026-08-17 09:14:25,577 [DEBUG] cnn_neat: Split edge 3→1, new hidden node 5 (pool=7)
2026-08-17 09:14:25,582 [DEBUG] cnn_neat: Added edge 2→4 (from 5 candidates)
2026-08-17 09:14:25,589 [DEBUG] cnn_neat: Removed hidden node 4 (pool=3)
2026-08-17 09:14:25,592 [DEBUG] cnn_neat: Split edge 0→2, new hidden node 4 (pool=5)
2026-08-17 09:14:25,598 [DEBUG] cnn_neat: Added edge 4→3 (from 3 candidates)
2026-08-17 09:14:25,605 [DEBUG] cnn_neat: Removed hidden node 4 (pool=3)
2026-08-17 09:14:25,607 [DEBUG] cnn_neat: Removed edge 2→3 (from 2 candidates)
2026-08-17 09:14:25,612 [DEBUG] cnn_neat: Removed edge 2→1 (from 7 candidates)
2026-08-17 09:14:25,619 [DEBUG] cnn_neat: Removed 3 edges (requested 3)
2026-08-17 09:14:25,622 [DEBUG] cnn_neat: Split edge 0→3, new hidden node 4 (pool=4)
2026-08-17 09:14:25,628 [DEBUG] cnn_neat: Crossover union: A_edges=7 B_added=4 dup_skipped=0 child_edges=11 nodes=7
2026-08-17 09:14:25,634 [DEBUG] cnn_neat: Added edge 0→1 (from 5 candidates)
2026-08-17 09:14:25,640 [DEBUG] cnn_neat: Added edge 2→4 (from 4 candidates)
2026-08-17 09:14:25,644 [DEBUG] cnn_neat: Added edge 3→4 (from 2 candidates)
2026-08-17 09:14:25,654 [DEBUG] cnn_neat: Split edge 0→4, new hidden node 5 (pool=5)
2026-08-17 09:14:25,663 [DEBUG] cnn_neat: Added edge 4→3 (from 4 candidates)
2026-08-17 09:14:25,673 [DEBUG] cnn_neat: Removed hidden node 3 (pool=3)
2026-08-17 09:14:25,675 [DEBUG] cnn_neat: Split edge 2→1, new hidden node 5 (pool=3)
2026-08-17 09:14:25,678 [DEBUG] cnn_neat: Added edge 2→1 (from 4 candidates)
2026-08-17 09:14:25,682 [DEBUG] cnn_neat: Removed edge 4→2 (from 6 candidates)
2026-08-17 09:14:25,688 [DEBUG] cnn_neat: Removed 3 edges (requested 3)
2026-08-17 09:14:25,692 [DEBUG] cnn_neat: Split edge 0→4, new hidden node 5 (pool=3)
2026-08-17 09:14:25,696 [DEBUG] cnn_neat: Added edge 0→4 (from 4 candidates)
2026-08-17 09:14:25,703 [DEBUG] cnn_neat: Removed hidden node 5 (pool=1)
2026-08-17 09:14:25,709 [DEBUG] cnn_neat: Split edge 0→4, new hidden node 5 (pool=3)
2026-08-17 09:14:25,712 [DEBUG] cnn_neat: Split edge 2→1, new hidden node 6 (pool=4)
2026-08-17 09:14:25,718 [DEBUG] cnn_neat: Crossover union: A_edges=6 B_added=4 dup_skipped=0 child_edges=10 nodes=7
2026-08-17 09:14:25,723 [DEBUG] cnn_neat: Added edge 4→1 (from 4 candidates)
2026-08-17 09:14:25,729 [DEBUG] cnn_neat: Added edge 3→4 (from 3 candidates)
2026-08-17 09:14:25,736 [DEBUG] cnn_neat: Added edge 0→2 (from 1 candidates)
2026-08-17 09:14:25,741 [DEBUG] cnn_neat: Added edge 0→1 (from 1 candidates)
2026-08-17 09:14:25,747 [DEBUG] cnn_neat: Split edge 3→5, new hidden node 7 (pool=4)
2026-08-17 09:14:25,751 [DEBUG] cnn_neat: Added edge 3→1 (from 13 candidates)
2026-08-17 09:14:25,758 [DEBUG] cnn_neat: Removed hidden node 2 (pool=2)
2026-08-17 09:14:25,765 [DEBUG] cnn_neat: Split edge 0→3, new hidden node 6 (pool=3)
2026-08-17 09:14:25,767 [DEBUG] cnn_neat: Added edge 0→3 (from 4 candidates)
2026-08-17 09:14:25,773 [DEBUG] cnn_neat: Removed hidden node 6 (pool=1)
2026-08-17 09:14:25,780 [DEBUG] cnn_neat: Split edge 3→5, new hidden node 6 (pool=3)
2026-08-17 09:14:25,784 [DEBUG] cnn_neat: Split edge 0→3, new hidden node 7 (pool=4)
2026-08-17 09:14:25,786 [DEBUG] cnn_neat: Removed edge 6→2 (from 1 candidates)
2026-08-17 09:14:25,789 [DEBUG] cnn_neat: Split edge 3→5, new hidden node 6 (pool=3)
2026-08-17 09:14:25,795 [DEBUG] cnn_neat: Added edge 6→1 (from 4 candidates)
2026-08-17 09:14:25,797 [DEBUG] cnn_neat: Removed 1 edges (requested 3)
2026-08-17 09:14:25,800 [DEBUG] cnn_neat: Split edge 0→3, new hidden node 6 (pool=3)
2026-08-17 09:14:25,804 [DEBUG] cnn_neat: Added edge 0→3 (from 4 candidates)
2026-08-17 09:14:25,809 [DEBUG] cnn_neat: Removed hidden node 6 (pool=1)
2026-08-17 09:14:25,813 [DEBUG] cnn_neat: Split edge 5→1, new hidden node 6 (pool=3)
2026-08-17 09:14:25,816 [DEBUG] cnn_neat: Split edge 6→1, new hidden node 7 (pool=4)
2026-08-17 09:14:25,820 [DEBUG] cnn_neat: Crossover rejected: union topology invalid (edges=9 nodes=9)
2026-08-17 09:14:25,825 [DEBUG] cnn_neat: Split edge 5→1, new hidden node 7 (pool=4)
2026-08-17 09:14:25,828 [DEBUG] cnn_neat: Added edge 2→1 (from 13 candidates)
2026-08-17 09:14:25,832 [DEBUG] cnn_neat: Added edge 6→1 (from 12 candidates)
2026-08-17 09:14:25,835 [DEBUG] cnn_neat: Added edge 3→2 (from 11 candidates)
2026-08-17 09:14:25,838 [DEBUG] cnn_neat: Added edge 6→3 (from 10 candidates)
2026-08-17 09:14:25,841 [DEBUG] cnn_neat: Added edge 6→5 (from 7 candidates)
2026-08-17 09:14:25,844 [DEBUG] cnn_neat: Split edge 3→4, new hidden node 5 (pool=3)
2026-08-17 09:14:25,847 [DEBUG] cnn_neat: Split edge 4→1, new hidden node 6 (pool=4)
2026-08-17 09:14:25,850 [DEBUG] cnn_neat: Added edge 0→4 (from 2 candidates)
2026-08-17 09:14:25,853 [DEBUG] cnn_neat: Split edge 4→1, new hidden node 5 (pool=4)
2026-08-17 09:14:25,856 [DEBUG] cnn_neat: Added edge 4→1 (from 4 candidates)
2026-08-17 09:14:25,860 [DEBUG] cnn_neat: Split edge 4→1, new hidden node 5 (pool=3)
2026-08-17 09:14:25,863 [DEBUG] cnn_neat: Added edge 4→1 (from 4 candidates)
2026-08-17 09:14:25,870 [DEBUG] cnn_neat: Removed hidden node 5 (pool=1)
2026-08-17 09:14:25,875 [DEBUG] cnn_neat: Split edge 4→1, new hidden node 5 (pool=3)
2026-08-17 09:14:25,878 [DEBUG] cnn_neat: Split edge 4→5, new hidden node 6 (pool=4)
2026-08-17 09:14:25,882 [DEBUG] cnn_neat: Split edge 3→4, new hidden node 5 (pool=3)
2026-08-17 09:14:25,885 [DEBUG] cnn_neat: Added edge 0→5 (from 4 candidates)
2026-08-17 09:14:25,889 [DEBUG] cnn_neat: Split edge 3→4, new hidden node 5 (pool=3)
2026-08-17 09:14:25,893 [DEBUG] cnn_neat: Added edge 3→4 (from 4 candidates)
2026-08-17 09:14:25,897 [DEBUG] cnn_neat: Crossover union: A_edges=3 B_added=6 dup_skipped=0 child_edges=9 nodes=7
2026-08-17 09:14:25,899 [DEBUG] cnn_neat: Added edge 0→4 (from 2 candidates)
2026-08-17 09:14:25,902 [DEBUG] cnn_neat: Added edge 3→1 (from 2 candidates)
2026-08-17 09:14:25,906 [DEBUG] cnn_neat: Added edge 0→1 (from 1 candidates)
2026-08-17 09:14:25,919 [DEBUG] cnn_neat: Split edge 0→1, new hidden node 5 (pool=1)
2026-08-17 09:14:25,924 [DEBUG] cnn_neat: Added edge 4→5 (from 5 candidates)
2026-08-17 09:14:25,927 [DEBUG] cnn_neat: Split edge 3→4, new hidden node 5 (pool=4)
2026-08-17 09:14:25,930 [DEBUG] cnn_neat: Added edge 3→1 (from 6 candidates)
2026-08-17 09:14:25,935 [DEBUG] cnn_neat: Split edge 0→3, new hidden node 5 (pool=2)
2026-08-17 09:14:25,939 [DEBUG] cnn_neat: Added edge 0→2 (from 7 candidates)
2026-08-17 09:14:25,944 [DEBUG] cnn_neat: Removed hidden node 2 (pool=1)
2026-08-17 09:14:25,946 [DEBUG] cnn_neat: Split edge 4→1, new hidden node 5 (pool=3)
2026-08-17 09:14:25,951 [DEBUG] cnn_neat: Added edge 3→5 (from 4 candidates)
2026-08-17 09:14:25,958 [DEBUG] cnn_neat: Removed hidden node 4 (pool=1)
2026-08-17 09:14:25,964 [DEBUG] cnn_neat: Split edge 3→5, new hidden node 6 (pool=3)
2026-08-17 09:14:25,966 [DEBUG] cnn_neat: Removed edge 3→2 (from 1 candidates)
2026-08-17 09:14:25,969 [DEBUG] cnn_neat: Split edge 3→4, new hidden node 5 (pool=3)
2026-08-17 09:14:25,971 [DEBUG] cnn_neat: Added edge 0→5 (from 4 candidates)
2026-08-17 09:14:25,977 [DEBUG] cnn_neat: Removed hidden node 3 (pool=1)
2026-08-17 09:14:25,980 [DEBUG] cnn_neat: Removed 1 edges (requested 3)
2026-08-17 09:14:25,982 [DEBUG] cnn_neat: Split edge 4→1, new hidden node 5 (pool=3)
2026-08-17 09:14:25,985 [DEBUG] cnn_neat: Added edge 4→1 (from 4 candidates)
2026-08-17 09:14:25,990 [DEBUG] cnn_neat: Removed hidden node 5 (pool=1)
2026-08-17 09:14:25,997 [DEBUG] cnn_neat: Split edge 3→4, new hidden node 5 (pool=3)
2026-08-17 09:14:26,000 [DEBUG] cnn_neat: Split edge 0→3, new hidden node 6 (pool=4)
2026-08-17 09:14:26,004 [DEBUG] cnn_neat: Crossover rejected: copied edge has no live Conv2d
2026-08-17 09:14:26,006 [DEBUG] cnn_neat: Split edge 4→1, new hidden node 5 (pool=4)
2026-08-17 09:14:26,009 [DEBUG] cnn_neat: Added edge 2→4 (from 6 candidates)
2026-08-17 09:14:26,014 [DEBUG] cnn_neat: Added edge 0→4 (from 4 candidates)
2026-08-17 09:14:26,019 [DEBUG] cnn_neat: Added edge 0→2 (from 3 candidates)
2026-08-17 09:14:26,023 [DEBUG] cnn_neat: Added edge 2→1 (from 3 candidates)
2026-08-17 09:14:26,027 [DEBUG] cnn_neat: Added edge 3→1 (from 2 candidates)
2026-08-17 09:14:26,031 [DEBUG] cnn_neat: Split edge 2→1, new hidden node 6 (pool=6)
2026-08-17 09:14:26,035 [DEBUG] cnn_neat: Split edge 3→5, new hidden node 7 (pool=3)
2026-08-17 09:14:26,039 [DEBUG] cnn_neat: Added edge 4→5 (from 12 candidates)
2026-08-17 09:14:26,045 [DEBUG] cnn_neat: Removed hidden node 2 (pool=4)
2026-08-17 09:14:26,048 [DEBUG] cnn_neat: Removed edge 0→3 (from 6 candidates)
2026-08-17 09:14:26,053 [DEBUG] cnn_neat: Removed 3 edges (requested 3)
2026-08-17 09:14:26,056 [DEBUG] cnn_neat: Split edge 0→3, new hidden node 6 (pool=3)
2026-08-17 09:14:26,058 [DEBUG] cnn_neat: Added edge 0→5 (from 4 candidates)
2026-08-17 09:14:26,064 [DEBUG] cnn_neat: Removed hidden node 3 (pool=2)
2026-08-17 09:14:26,068 [DEBUG] cnn_neat: Crossover rejected: union topology invalid (edges=10 nodes=10)
2026-08-17 09:14:26,071 [DEBUG] cnn_neat: Split edge 4→2, new hidden node 6 (pool=6)
2026-08-17 09:14:26,078 [DEBUG] cnn_neat: Added edge 4→3 (from 12 candidates)
2026-08-17 09:14:26,082 [DEBUG] cnn_neat: Added edge 4→5 (from 9 candidates)
2026-08-17 09:14:26,086 [DEBUG] cnn_neat: Added edge 2→5 (from 8 candidates)
2026-08-17 09:14:26,091 [DEBUG] cnn_neat: Added edge 2→3 (from 6 candidates)
2026-08-17 09:14:26,096 [DEBUG] cnn_neat: Added edge 0→2 (from 4 candidates)
2026-08-17 09:14:26,100 [DEBUG] cnn_neat: Split edge 3→1, new hidden node 5 (pool=2)
2026-08-17 09:14:26,104 [DEBUG] cnn_neat: Split edge 3→5, new hidden node 6 (pool=6)
2026-08-17 09:14:26,111 [DEBUG] cnn_neat: Added edge 5→4 (from 16 candidates)
2026-08-17 09:14:26,116 [DEBUG] cnn_neat: Added edge 4→1 (from 6 candidates)
2026-08-17 09:14:26,122 [DEBUG] cnn_neat: Removed hidden node 2 (pool=3)
2026-08-17 09:14:26,125 [DEBUG] cnn_neat: Split edge 0→3, new hidden node 5 (pool=3)
2026-08-17 09:14:26,128 [DEBUG] cnn_neat: Removed edge 0→3 (from 5 candidates)
2026-08-17 09:14:26,133 [DEBUG] cnn_neat: Removed 3 edges (requested 3)
2026-08-17 09:14:26,135 [DEBUG] cnn_neat: Split edge 0→3, new hidden node 4 (pool=2)
2026-08-17 09:14:26,140 [DEBUG] cnn_neat: Crossover union: A_edges=5 B_added=6 dup_skipped=0 child_edges=11 nodes=8
2026-08-17 09:14:26,145 [DEBUG] cnn_neat: Added edge 2→3 (from 6 candidates)
2026-08-17 09:14:26,149 [DEBUG] cnn_neat: Added edge 0→2 (from 3 candidates)
2026-08-17 09:14:26,152 [DEBUG] cnn_neat: Added edge 4→3 (from 3 candidates)
2026-08-17 09:14:26,160 [DEBUG] cnn_neat: Added edge 4→1 (from 2 candidates)
2026-08-17 09:14:26,172 [DEBUG] cnn_neat: Added edge 0→1 (from 1 candidates)
2026-08-17 09:14:26,181 [DEBUG] cnn_neat: Split edge 0→1, new hidden node 5 (pool=1)
2026-08-17 09:14:26,187 [DEBUG] cnn_neat: Added edge 4→5 (from 7 candidates)
2026-08-17 09:14:26,192 [DEBUG] cnn_neat: Split edge 0→3, new hidden node 5 (pool=2)
2026-08-17 09:14:26,202 [DEBUG] cnn_neat: Split edge 2→1, new hidden node 6 (pool=7)
2026-08-17 09:14:26,210 [DEBUG] cnn_neat: Added edge 4→3 (from 3 candidates)
2026-08-17 09:14:26,214 [DEBUG] cnn_neat: Split edge 0→3, new hidden node 5 (pool=3)
2026-08-17 09:14:26,220 [DEBUG] cnn_neat: Added edge 0→2 (from 8 candidates)
2026-08-17 09:14:26,225 [DEBUG] cnn_neat: Removed hidden node 4 (pool=3)
2026-08-17 09:14:26,229 [DEBUG] cnn_neat: Split edge 0→3, new hidden node 4 (pool=4)
2026-08-17 09:14:26,233 [DEBUG] cnn_neat: Removed edge 4→2 (from 6 candidates)
2026-08-17 09:14:26,235 [DEBUG] cnn_neat: Split edge 2→1, new hidden node 5 (pool=5)
2026-08-17 09:14:26,242 [DEBUG] cnn_neat: Removed 3 edges (requested 3)
2026-08-17 09:14:26,244 [DEBUG] cnn_neat: Split edge 2→1, new hidden node 4 (pool=3)
2026-08-17 09:14:26,256 [DEBUG] cnn_neat: Crossover union: A_edges=6 B_added=5 dup_skipped=0 child_edges=11 nodes=7
2026-08-17 09:14:26,260 [DEBUG] cnn_neat: Added edge 4→3 (from 3 candidates)
2026-08-17 09:14:26,269 [DEBUG] cnn_neat: Added edge 0→2 (from 2 candidates)
2026-08-17 09:14:26,273 [DEBUG] cnn_neat: Added edge 4→1 (from 2 candidates)
2026-08-17 09:14:26,281 [DEBUG] cnn_neat: Added edge 0→1 (from 1 candidates)
2026-08-17 09:14:26,289 [DEBUG] cnn_neat: Split edge 0→1, new hidden node 5 (pool=1)
2026-08-17 09:14:26,297 [DEBUG] cnn_neat: Added edge 3→5 (from 7 candidates)
2026-08-17 09:14:26,304 [DEBUG] cnn_neat: Split edge 3→4, new hidden node 5 (pool=5)
2026-08-17 09:14:26,309 [DEBUG] cnn_neat: Split edge 2→1, new hidden node 6 (pool=3)
2026-08-17 09:14:26,314 [DEBUG] cnn_neat: Added edge 0→4 (from 5 candidates)
2026-08-17 09:14:26,314 [DEBUG] cnn_neat: Generation bred 128 offspring from 26 parents (queue=50 enqueued=0)
2026-08-17 09:14:26,324 [DEBUG] cnn_neat: Generation 2 formed (128 models, elite_queue=50, breeders=26, offspring=128) | evaluated total: 256 | avg cycle ~9 мин (last 2 of ≤5, no MAX_GENERATIONS limit)
2026-08-17 09:27:43,817 [DEBUG] cnn_neat: Saved generation 2
2026-08-17 09:27:43,872 [DEBUG] cnn_neat: Selected 25 elite individuals
2026-08-17 09:27:43,966 [DEBUG] cnn_neat: Split edge 0→3, new hidden node 7 (pool=5)
2026-08-17 09:27:43,968 [DEBUG] cnn_neat: Added edge 6→1 (from 6 candidates)
2026-08-17 09:27:43,970 [DEBUG] cnn_neat: Split edge 0→3, new hidden node 7 (pool=5)
2026-08-17 09:27:43,972 [DEBUG] cnn_neat: Added edge 3→5 (from 9 candidates)
2026-08-17 09:27:43,975 [DEBUG] cnn_neat: Split edge 3→4, new hidden node 7 (pool=5)
2026-08-17 09:27:43,977 [DEBUG] cnn_neat: Split edge 5→1, new hidden node 7 (pool=5)
2026-08-17 09:27:43,979 [DEBUG] cnn_neat: Crossover rejected: union topology invalid (edges=8 nodes=8)
2026-08-17 09:27:43,981 [DEBUG] cnn_neat: Split edge 0→3, new hidden node 7 (pool=5)
2026-08-17 09:27:43,983 [DEBUG] cnn_neat: Added edge 0→4 (from 9 candidates)
2026-08-17 09:27:43,984 [DEBUG] cnn_neat: Added edge 3→6 (from 6 candidates)
2026-08-17 09:27:43,986 [DEBUG] cnn_neat: Added edge 6→1 (from 7 candidates)
2026-08-17 09:27:43,988 [DEBUG] cnn_neat: Added edge 0→6 (from 6 candidates)
2026-08-17 09:27:43,990 [DEBUG] cnn_neat: Added edge 4→1 (from 6 candidates)
2026-08-17 09:27:43,993 [DEBUG] cnn_neat: Added edge 0→4 (from 5 candidates)
2026-08-17 09:27:43,995 [DEBUG] cnn_neat: Split edge 0→4, new hidden node 5 (pool=5)
2026-08-17 09:27:43,997 [DEBUG] cnn_neat: Added edge 0→1 (from 1 candidates)
2026-08-17 09:27:43,999 [DEBUG] cnn_neat: Split edge 0→1, new hidden node 5 (pool=1)
2026-08-17 09:27:44,001 [DEBUG] cnn_neat: Added edge 5→4 (from 5 candidates)
2026-08-17 09:27:44,004 [DEBUG] cnn_neat: Removed hidden node 4 (pool=2)
2026-08-17 09:27:44,005 [DEBUG] cnn_neat: Split edge 0→3, new hidden node 4 (pool=2)
2026-08-17 09:27:44,006 [DEBUG] cnn_neat: Added edge 4→1 (from 2 candidates)
2026-08-17 09:27:44,007 [DEBUG] cnn_neat: Removed edge 3→1 (from 5 candidates)
2026-08-17 09:27:44,009 [DEBUG] cnn_neat: Split edge 0→3, new hidden node 5 (pool=4)
2026-08-17 09:27:44,011 [DEBUG] cnn_neat: Removed 3 edges (requested 3)
2026-08-17 09:27:44,012 [DEBUG] cnn_neat: Split edge 0→3, new hidden node 4 (pool=2)
2026-08-17 09:27:44,013 [DEBUG] cnn_neat: Added edge 4→1 (from 2 candidates)
2026-08-17 09:27:44,015 [DEBUG] cnn_neat: Removed hidden node 3 (pool=1)
2026-08-17 09:27:44,017 [DEBUG] cnn_neat: Crossover rejected: copied edge has no live Conv2d
2026-08-17 09:27:44,019 [DEBUG] cnn_neat: Split edge 0→3, new hidden node 5 (pool=5)
2026-08-17 09:27:44,021 [DEBUG] cnn_neat: Added edge 0→1 (from 1 candidates)
2026-08-17 09:27:44,026 [DEBUG] cnn_neat: Split edge 0→1, new hidden node 5 (pool=1)
2026-08-17 09:27:44,028 [DEBUG] cnn_neat: Added edge 0→1 (from 5 candidates)
2026-08-17 09:27:44,031 [DEBUG] cnn_neat: Split edge 4→2, new hidden node 7 (pool=7)
2026-08-17 09:27:44,034 [DEBUG] cnn_neat: Added edge 3→1 (from 10 candidates)
2026-08-17 09:27:44,037 [DEBUG] cnn_neat: Removed hidden node 2 (pool=5)
2026-08-17 09:27:44,040 [DEBUG] cnn_neat: Removed edge 6→1 (from 9 candidates)
2026-08-17 09:27:44,043 [DEBUG] cnn_neat: Removed 3 edges (requested 3)
2026-08-17 09:27:44,045 [DEBUG] cnn_neat: Crossover rejected: union topology invalid (edges=20 nodes=12)
2026-08-17 09:27:44,048 [DEBUG] cnn_neat: Split edge 4→2, new hidden node 7 (pool=7)
2026-08-17 09:27:44,050 [DEBUG] cnn_neat: Added edge 7→3 (from 16 candidates)
2026-08-17 09:27:44,054 [DEBUG] cnn_neat: Added edge 2→6 (from 10 candidates)
2026-08-17 09:27:44,057 [DEBUG] cnn_neat: Added edge 0→2 (from 10 candidates)
2026-08-17 09:27:44,059 [DEBUG] cnn_neat: Added edge 5→1 (from 11 candidates)
2026-08-17 09:27:44,062 [DEBUG] cnn_neat: Added edge 0→6 (from 10 candidates)
2026-08-17 09:27:44,064 [DEBUG] cnn_neat: Added edge 3→1 (from 8 candidates)
2026-08-17 09:27:44,068 [DEBUG] cnn_neat: Split edge 3→1, new hidden node 9 (pool=8)
2026-08-17 09:27:44,071 [DEBUG] cnn_neat: Added edge 3→7 (from 13 candidates)
2026-08-17 09:27:44,076 [DEBUG] cnn_neat: Removed hidden node 7 (pool=5)
2026-08-17 09:27:44,079 [DEBUG] cnn_neat: Removed edge 8→1 (from 10 candidates)
2026-08-17 09:27:44,084 [DEBUG] cnn_neat: Removed 3 edges (requested 3)
2026-08-17 09:27:44,087 [DEBUG] cnn_neat: Crossover rejected: union topology invalid (edges=19 nodes=10)
2026-08-17 09:27:44,090 [DEBUG] cnn_neat: Split edge 7→8, new hidden node 9 (pool=8)
2026-08-17 09:27:44,093 [DEBUG] cnn_neat: Added edge 4→1 (from 13 candidates)
2026-08-17 09:27:44,096 [DEBUG] cnn_neat: Added edge 3→7 (from 12 candidates)
2026-08-17 09:27:44,099 [DEBUG] cnn_neat: Added edge 2→8 (from 5 candidates)
2026-08-17 09:27:44,102 [DEBUG] cnn_neat: Added edge 4→7 (from 4 candidates)
2026-08-17 09:27:44,106 [DEBUG] cnn_neat: Added edge 4→8 (from 3 candidates)
2026-08-17 09:27:44,107 [DEBUG] cnn_neat: Split edge 3→1, new hidden node 5 (pool=2)
2026-08-17 09:27:44,109 [DEBUG] cnn_neat: Added edge 0→4 (from 3 candidates)
2026-08-17 09:27:44,112 [DEBUG] cnn_neat: Removed hidden node 2 (pool=2)
2026-08-17 09:27:44,113 [DEBUG] cnn_neat: Split edge 0→3, new hidden node 5 (pool=2)
2026-08-17 09:27:44,115 [DEBUG] cnn_neat: Added edge 0→3 (from 3 candidates)
2026-08-17 09:27:44,116 [DEBUG] cnn_neat: Removed edge 4→2 (from 4 candidates)
2026-08-17 09:27:44,118 [DEBUG] cnn_neat: Split edge 0→3, new hidden node 5 (pool=2)
2026-08-17 09:27:44,119 [DEBUG] cnn_neat: Added edge 2→1 (from 7 candidates)
2026-08-17 09:27:44,122 [DEBUG] cnn_neat: Removed 3 edges (requested 3)
2026-08-17 09:27:44,124 [DEBUG] cnn_neat: Crossover rejected: copied edge has no live Conv2d
2026-08-17 09:27:44,125 [DEBUG] cnn_neat: Split edge 3→1, new hidden node 5 (pool=2)
2026-08-17 09:27:44,127 [DEBUG] cnn_neat: Added edge 5→2 (from 9 candidates)
2026-08-17 09:27:44,129 [DEBUG] cnn_neat: Added edge 2→1 (from 3 candidates)
2026-08-17 09:27:44,130 [DEBUG] cnn_neat: Added edge 0→2 (from 2 candidates)
2026-08-17 09:27:44,132 [DEBUG] cnn_neat: Added edge 0→4 (from 1 candidates)
2026-08-17 09:27:44,135 [DEBUG] cnn_neat: Added edge 0→1 (from 1 candidates)
2026-08-17 09:27:44,138 [DEBUG] cnn_neat: Split edge 0→1, new hidden node 5 (pool=1)
2026-08-17 09:27:44,140 [DEBUG] cnn_neat: Split edge 2→5, new hidden node 6 (pool=7)
2026-08-17 09:27:44,143 [DEBUG] cnn_neat: Added edge 4→3 (from 9 candidates)
2026-08-17 09:27:44,146 [DEBUG] cnn_neat: Removed hidden node 3 (pool=4)
2026-08-17 09:27:44,148 [DEBUG] cnn_neat: Removed edge 5→1 (from 7 candidates)
2026-08-17 09:27:44,151 [DEBUG] cnn_neat: Removed 3 edges (requested 3)
2026-08-17 09:27:44,152 [DEBUG] cnn_neat: Split edge 3→5, new hidden node 6 (pool=4)
2026-08-17 09:27:44,154 [DEBUG] cnn_neat: Crossover union: A_edges=7 B_added=7 dup_skipped=0 child_edges=14 nodes=10
2026-08-17 09:27:44,157 [DEBUG] cnn_neat: Added edge 3→1 (from 9 candidates)
2026-08-17 09:27:44,159 [DEBUG] cnn_neat: Added edge 2→3 (from 8 candidates)
2026-08-17 09:27:44,161 [DEBUG] cnn_neat: Added edge 4→1 (from 5 candidates)
2026-08-17 09:27:44,163 [DEBUG] cnn_neat: Added edge 4→3 (from 4 candidates)
2026-08-17 09:27:44,166 [DEBUG] cnn_neat: Added edge 0→5 (from 3 candidates)
2026-08-17 09:27:44,168 [DEBUG] cnn_neat: Split edge 0→4, new hidden node 6 (pool=5)
2026-08-17 09:27:44,171 [DEBUG] cnn_neat: Added edge 2→1 (from 5 candidates)
2026-08-17 09:27:44,174 [DEBUG] cnn_neat: Removed hidden node 3 (pool=4)
2026-08-17 09:27:44,176 [DEBUG] cnn_neat: Removed edge 0→3 (from 9 candidates)
2026-08-17 09:27:44,179 [DEBUG] cnn_neat: Removed 3 edges (requested 3)
2026-08-17 09:27:44,181 [DEBUG] cnn_neat: Crossover rejected: copied edge has no live Conv2d
2026-08-17 09:27:44,183 [DEBUG] cnn_neat: Split edge 0→2, new hidden node 6 (pool=5)
2026-08-17 09:27:44,186 [DEBUG] cnn_neat: Added edge 2→4 (from 5 candidates)
2026-08-17 09:27:44,188 [DEBUG] cnn_neat: Added edge 2→1 (from 3 candidates)
2026-08-17 09:27:44,191 [DEBUG] cnn_neat: Added edge 3→2 (from 2 candidates)
2026-08-17 09:27:44,194 [DEBUG] cnn_neat: Added edge 0→5 (from 1 candidates)
2026-08-17 09:27:44,197 [DEBUG] cnn_neat: Added edge 0→1 (from 1 candidates)
2026-08-17 09:27:44,199 [DEBUG] cnn_neat: Split edge 4→1, new hidden node 6 (pool=4)
2026-08-17 09:27:44,200 [DEBUG] cnn_neat: Added edge 3→1 (from 6 candidates)
2026-08-17 09:27:44,202 [DEBUG] cnn_neat: Removed hidden node 5 (pool=1)
2026-08-17 09:27:44,203 [DEBUG] cnn_neat: Split edge 4→1, new hidden node 5 (pool=3)
2026-08-17 09:27:44,205 [DEBUG] cnn_neat: Added edge 0→5 (from 4 candidates)
2026-08-17 09:27:44,207 [DEBUG] cnn_neat: Removed hidden node 4 (pool=2)
2026-08-17 09:27:44,208 [DEBUG] cnn_neat: Removed edge 3→5 (from 1 candidates)
2026-08-17 09:27:44,209 [DEBUG] cnn_neat: Split edge 3→4, new hidden node 5 (pool=3)
2026-08-17 09:27:44,211 [DEBUG] cnn_neat: Added edge 0→5 (from 4 candidates)
2026-08-17 09:27:44,213 [DEBUG] cnn_neat: Removed hidden node 3 (pool=1)
2026-08-17 09:27:44,215 [DEBUG] cnn_neat: Split edge 5→4, new hidden node 6 (pool=3)
2026-08-17 09:27:44,216 [DEBUG] cnn_neat: Removed 1 edges (requested 3)
2026-08-17 09:27:44,217 [DEBUG] cnn_neat: Split edge 0→3, new hidden node 5 (pool=3)
2026-08-17 09:27:44,219 [DEBUG] cnn_neat: Added edge 0→3 (from 4 candidates)
2026-08-17 09:27:44,221 [DEBUG] cnn_neat: Crossover rejected: union topology invalid (edges=16 nodes=10)
2026-08-17 09:27:44,222 [DEBUG] cnn_neat: Split edge 4→1, new hidden node 6 (pool=4)
2026-08-17 09:27:44,224 [DEBUG] cnn_neat: Added edge 5→1 (from 10 candidates)
2026-08-17 09:27:44,225 [DEBUG] cnn_neat: Added edge 0→5 (from 6 candidates)
2026-08-17 09:27:44,226 [DEBUG] cnn_neat: Added edge 0→4 (from 5 candidates)
2026-08-17 09:27:44,228 [DEBUG] cnn_neat: Added edge 5→4 (from 5 candidates)
2026-08-17 09:27:44,229 [DEBUG] cnn_neat: Added edge 5→1 (from 3 candidates)
2026-08-17 09:27:44,231 [DEBUG] cnn_neat: Added edge 0→1 (from 2 candidates)
2026-08-17 09:27:44,233 [DEBUG] cnn_neat: Split edge 3→4, new hidden node 6 (pool=4)
2026-08-17 09:27:44,234 [DEBUG] cnn_neat: Added edge 2→3 (from 13 candidates)
2026-08-17 09:27:44,237 [DEBUG] cnn_neat: Removed hidden node 5 (pool=2)
2026-08-17 09:27:44,239 [DEBUG] cnn_neat: Split edge 0→3, new hidden node 5 (pool=3)
2026-08-17 09:27:44,241 [DEBUG] cnn_neat: Added edge 5→4 (from 4 candidates)
2026-08-17 09:27:44,246 [DEBUG] cnn_neat: Removed hidden node 3 (pool=1)
2026-08-17 09:27:44,250 [DEBUG] cnn_neat: Split edge 0→5, new hidden node 6 (pool=3)
2026-08-17 09:27:44,252 [DEBUG] cnn_neat: Removed edge 5→2 (from 1 candidates)
2026-08-17 09:27:44,254 [DEBUG] cnn_neat: Split edge 4→1, new hidden node 5 (pool=3)
2026-08-17 09:27:44,257 [DEBUG] cnn_neat: Added edge 4→1 (from 4 candidates)
2026-08-17 09:27:44,261 [DEBUG] cnn_neat: Removed hidden node 5 (pool=1)
2026-08-17 09:27:44,265 [DEBUG] cnn_neat: Split edge 4→1, new hidden node 5 (pool=3)
2026-08-17 09:27:44,268 [DEBUG] cnn_neat: Split edge 3→4, new hidden node 6 (pool=4)
2026-08-17 09:27:44,270 [DEBUG] cnn_neat: Removed 1 edges (requested 3)
2026-08-17 09:27:44,272 [DEBUG] cnn_neat: Split edge 3→4, new hidden node 5 (pool=3)
2026-08-17 09:27:44,274 [DEBUG] cnn_neat: Added edge 5→1 (from 4 candidates)
2026-08-17 09:27:44,278 [DEBUG] cnn_neat: Crossover rejected: union topology invalid (edges=12 nodes=11)
2026-08-17 09:27:44,280 [DEBUG] cnn_neat: Split edge 0→3, new hidden node 6 (pool=4)
2026-08-17 09:27:44,283 [DEBUG] cnn_neat: Added edge 3→5 (from 13 candidates)
2026-08-17 09:27:44,285 [DEBUG] cnn_neat: Added edge 2→1 (from 9 candidates)
2026-08-17 09:27:44,288 [DEBUG] cnn_neat: Added edge 4→2 (from 8 candidates)
2026-08-17 09:27:44,292 [DEBUG] cnn_neat: Added edge 0→4 (from 7 candidates)
2026-08-17 09:27:44,296 [DEBUG] cnn_neat: Added edge 0→5 (from 7 candidates)
2026-08-17 09:27:44,300 [DEBUG] cnn_neat: Split edge 8→1, new hidden node 9 (pool=7)
2026-08-17 09:27:44,303 [DEBUG] cnn_neat: Added edge 8→4 (from 14 candidates)
2026-08-17 09:27:44,307 [DEBUG] cnn_neat: Removed hidden node 4 (pool=5)
2026-08-17 09:27:44,310 [DEBUG] cnn_neat: Removed edge 0→8 (from 8 candidates)
2026-08-17 09:27:44,315 [DEBUG] cnn_neat: Removed 3 edges (requested 3)
2026-08-17 09:27:44,321 [DEBUG] cnn_neat: Crossover rejected: union topology invalid (edges=19 nodes=11)
2026-08-17 09:27:44,325 [DEBUG] cnn_neat: Split edge 7→8, new hidden node 9 (pool=7)
2026-08-17 09:27:44,330 [DEBUG] cnn_neat: Added edge 3→7 (from 14 candidates)
2026-08-17 09:27:44,333 [DEBUG] cnn_neat: Added edge 3→8 (from 7 candidates)
2026-08-17 09:27:44,336 [DEBUG] cnn_neat: Added edge 4→8 (from 6 candidates)
2026-08-17 09:27:44,339 [DEBUG] cnn_neat: Added edge 4→1 (from 5 candidates)
2026-08-17 09:27:44,342 [DEBUG] cnn_neat: Added edge 4→3 (from 4 candidates)
2026-08-17 09:27:44,345 [DEBUG] cnn_neat: Split edge 3→2, new hidden node 10 (pool=6)
2026-08-17 09:27:44,348 [DEBUG] cnn_neat: Added edge 4→3 (from 17 candidates)
2026-08-17 09:27:44,352 [DEBUG] cnn_neat: Removed hidden node 8 (pool=5)
2026-08-17 09:27:44,354 [DEBUG] cnn_neat: Removed edge 8→9 (from 10 candidates)
2026-08-17 09:27:44,358 [DEBUG] cnn_neat: Removed 3 edges (requested 3)
2026-08-17 09:27:44,361 [DEBUG] cnn_neat: Crossover rejected: union topology invalid (edges=16 nodes=11)
2026-08-17 09:27:44,364 [DEBUG] cnn_neat: Split edge 3→2, new hidden node 10 (pool=6)
2026-08-17 09:27:44,367 [DEBUG] cnn_neat: Added edge 9→10 (from 26 candidates)
2026-08-17 09:27:44,369 [DEBUG] cnn_neat: Added edge 4→1 (from 17 candidates)
2026-08-17 09:27:44,372 [DEBUG] cnn_neat: Added edge 0→2 (from 16 candidates)
2026-08-17 09:27:44,375 [DEBUG] cnn_neat: Added edge 9→4 (from 14 candidates)
2026-08-17 09:27:44,378 [DEBUG] cnn_neat: Added edge 3→4 (from 9 candidates)
2026-08-17 09:27:44,381 [DEBUG] cnn_neat: Added edge 8→3 (from 7 candidates)
2026-08-17 09:27:44,382 [DEBUG] cnn_neat: Split edge 4→2, new hidden node 6 (pool=4)
2026-08-17 09:27:44,384 [DEBUG] cnn_neat: Added edge 0→5 (from 7 candidates)
2026-08-17 09:27:44,386 [DEBUG] cnn_neat: Removed hidden node 5 (pool=1)
2026-08-17 09:27:44,387 [DEBUG] cnn_neat: Split edge 2→1, new hidden node 5 (pool=3)
2026-08-17 09:27:44,388 [DEBUG] cnn_neat: Added edge 0→2 (from 4 candidates)
2026-08-17 09:27:44,390 [DEBUG] cnn_neat: Removed edge 5→1 (from 1 candidates)
2026-08-17 09:27:44,391 [DEBUG] cnn_neat: Split edge 0→4, new hidden node 5 (pool=3)
2026-08-17 09:27:44,392 [DEBUG] cnn_neat: Added edge 0→2 (from 4 candidates)
2026-08-17 09:27:44,394 [DEBUG] cnn_neat: Removed hidden node 4 (pool=2)
2026-08-17 09:27:44,396 [DEBUG] cnn_neat: Removed 1 edges (requested 3)
2026-08-17 09:27:44,397 [DEBUG] cnn_neat: Split edge 2→1, new hidden node 5 (pool=3)
2026-08-17 09:27:44,398 [DEBUG] cnn_neat: Added edge 2→1 (from 4 candidates)
2026-08-17 09:27:44,400 [DEBUG] cnn_neat: Removed hidden node 5 (pool=1)
2026-08-17 09:27:44,403 [DEBUG] cnn_neat: Split edge 4→2, new hidden node 5 (pool=3)
2026-08-17 09:27:44,404 [DEBUG] cnn_neat: Split edge 4→5, new hidden node 6 (pool=4)
2026-08-17 09:27:44,405 [DEBUG] cnn_neat: Added edge 4→2 (from 4 candidates)
2026-08-17 09:27:44,408 [DEBUG] cnn_neat: Crossover rejected: copied edge has no live Conv2d
2026-08-17 09:27:44,409 [DEBUG] cnn_neat: Split edge 2→1, new hidden node 6 (pool=4)
2026-08-17 09:27:44,410 [DEBUG] cnn_neat: Added edge 4→1 (from 7 candidates)
2026-08-17 09:27:44,411 [DEBUG] cnn_neat: Added edge 0→5 (from 5 candidates)
2026-08-17 09:27:44,413 [DEBUG] cnn_neat: Added edge 5→4 (from 5 candidates)
2026-08-17 09:27:44,415 [DEBUG] cnn_neat: Added edge 0→2 (from 2 candidates)
2026-08-17 09:27:44,417 [DEBUG] cnn_neat: Added edge 0→1 (from 2 candidates)
2026-08-17 09:27:44,418 [DEBUG] cnn_neat: Split edge 4→2, new hidden node 6 (pool=4)
2026-08-17 09:27:44,420 [DEBUG] cnn_neat: Added edge 4→1 (from 7 candidates)
2026-08-17 09:27:44,422 [DEBUG] cnn_neat: Removed hidden node 5 (pool=1)
2026-08-17 09:27:44,423 [DEBUG] cnn_neat: Split edge 0→4, new hidden node 5 (pool=3)
2026-08-17 09:27:44,424 [DEBUG] cnn_neat: Added edge 0→2 (from 4 candidates)
2026-08-17 09:27:44,427 [DEBUG] cnn_neat: Removed hidden node 4 (pool=2)
2026-08-17 09:27:44,428 [DEBUG] cnn_neat: Removed edge 0→5 (from 1 candidates)
2026-08-17 09:27:44,429 [DEBUG] cnn_neat: Split edge 2→1, new hidden node 3 (pool=2)
2026-08-17 09:27:44,430 [DEBUG] cnn_neat: Split edge 3→1, new hidden node 4 (pool=3)
2026-08-17 09:27:44,431 [DEBUG] cnn_neat: Added edge 0→3 (from 2 candidates)
2026-08-17 09:27:44,433 [DEBUG] cnn_neat: Weight mutation: 2 conv modules updated (direct tensor perturbation)
2026-08-17 09:27:44,434 [DEBUG] cnn_neat: Removed edge 0→5 (from 1 candidates)
2026-08-17 09:27:44,435 [DEBUG] cnn_neat: Split edge 2→1, new hidden node 5 (pool=3)
2026-08-17 09:27:44,437 [DEBUG] cnn_neat: Added edge 0→2 (from 4 candidates)
2026-08-17 09:27:44,439 [DEBUG] cnn_neat: Removed hidden node 4 (pool=1)
2026-08-17 09:27:44,441 [DEBUG] cnn_neat: Split edge 2→5, new hidden node 6 (pool=3)
2026-08-17 09:27:44,442 [DEBUG] cnn_neat: Removed 1 edges (requested 3)
2026-08-17 09:27:44,443 [DEBUG] cnn_neat: Split edge 0→4, new hidden node 5 (pool=3)
2026-08-17 09:27:44,445 [DEBUG] cnn_neat: Added edge 0→4 (from 4 candidates)
2026-08-17 09:27:44,447 [DEBUG] cnn_neat: Removed hidden node 5 (pool=1)
2026-08-17 09:27:44,449 [DEBUG] cnn_neat: Split edge 4→2, new hidden node 5 (pool=3)
2026-08-17 09:27:44,450 [DEBUG] cnn_neat: Split edge 2→1, new hidden node 6 (pool=4)
2026-08-17 09:27:44,452 [DEBUG] cnn_neat: Added edge 4→2 (from 4 candidates)
2026-08-17 09:27:44,453 [DEBUG] cnn_neat: Weight mutation: 4 conv modules updated (direct tensor perturbation)
2026-08-17 09:27:44,455 [DEBUG] cnn_neat: Crossover rejected: union topology invalid (edges=16 nodes=10)
2026-08-17 09:27:44,457 [DEBUG] cnn_neat: Split edge 0→5, new hidden node 6 (pool=4)
2026-08-17 09:27:44,458 [DEBUG] cnn_neat: Added edge 4→1 (from 7 candidates)
2026-08-17 09:27:44,459 [DEBUG] cnn_neat: Added edge 0→2 (from 6 candidates)
2026-08-17 09:27:44,461 [DEBUG] cnn_neat: Added edge 2→5 (from 6 candidates)
2026-08-17 09:27:44,462 [DEBUG] cnn_neat: Added edge 4→5 (from 3 candidates)
2026-08-17 09:27:44,463 [DEBUG] cnn_neat: Added edge 0→1 (from 2 candidates)
2026-08-17 09:27:44,465 [DEBUG] cnn_neat: Split edge 3→1, new hidden node 5 (pool=2)
2026-08-17 09:27:44,466 [DEBUG] cnn_neat: Split edge 3→5, new hidden node 6 (pool=6)
2026-08-17 09:27:44,468 [DEBUG] cnn_neat: Added edge 2→4 (from 5 candidates)
2026-08-17 09:27:44,470 [DEBUG] cnn_neat: Removed hidden node 2 (pool=2)
2026-08-17 09:27:44,472 [DEBUG] cnn_neat: Split edge 0→3, new hidden node 5 (pool=2)
2026-08-17 09:27:44,473 [DEBUG] cnn_neat: Added edge 0→3 (from 3 candidates)
2026-08-17 09:27:44,476 [DEBUG] cnn_neat: Removed hidden node 5 (pool=2)
2026-08-17 09:27:44,477 [DEBUG] cnn_neat: Removed edge 3→4 (from 3 candidates)
2026-08-17 09:27:44,478 [DEBUG] cnn_neat: Removed 1 edges (requested 3)
2026-08-17 09:27:44,479 [DEBUG] cnn_neat: Split edge 3→1, new hidden node 4 (pool=2)
2026-08-17 09:27:44,480 [DEBUG] cnn_neat: Split edge 3→4, new hidden node 5 (pool=3)
2026-08-17 09:27:44,481 [DEBUG] cnn_neat: Added edge 0→4 (from 2 candidates)
2026-08-17 09:27:44,482 [DEBUG] cnn_neat: Weight mutation: 2 conv modules updated (direct tensor perturbation)
2026-08-17 09:27:44,483 [DEBUG] cnn_neat: Removed edge 3→2 (from 4 candidates)
2026-08-17 09:27:44,485 [DEBUG] cnn_neat: Split edge 0→3, new hidden node 5 (pool=2)
2026-08-17 09:27:44,488 [DEBUG] cnn_neat: Added edge 0→3 (from 3 candidates)
2026-08-17 09:27:44,493 [DEBUG] cnn_neat: Removed hidden node 5 (pool=2)
2026-08-17 09:27:44,495 [DEBUG] cnn_neat: Removed edge 3→1 (from 3 candidates)
2026-08-17 09:27:44,498 [DEBUG] cnn_neat: Split edge 4→1, new hidden node 5 (pool=3)
2026-08-17 09:27:44,501 [DEBUG] cnn_neat: Split edge 4→5, new hidden node 6 (pool=4)
2026-08-17 09:27:44,503 [DEBUG] cnn_neat: Added edge 4→1 (from 4 candidates)
2026-08-17 09:27:44,505 [DEBUG] cnn_neat: Weight mutation: 4 conv modules updated (direct tensor perturbation)
2026-08-17 09:27:44,508 [DEBUG] cnn_neat: Removed 2 edges (requested 3)
2026-08-17 09:27:44,510 [DEBUG] cnn_neat: Split edge 0→3, new hidden node 5 (pool=3)
2026-08-17 09:27:44,512 [DEBUG] cnn_neat: Added edge 0→3 (from 4 candidates)
2026-08-17 09:27:44,516 [DEBUG] cnn_neat: Removed hidden node 5 (pool=1)
2026-08-17 09:27:44,519 [DEBUG] cnn_neat: Split edge 3→4, new hidden node 5 (pool=3)
2026-08-17 09:27:44,522 [DEBUG] cnn_neat: Split edge 0→3, new hidden node 6 (pool=4)
2026-08-17 09:27:44,525 [DEBUG] cnn_neat: Added edge 3→4 (from 4 candidates)
2026-08-17 09:27:44,526 [DEBUG] cnn_neat: Weight mutation: 4 conv modules updated (direct tensor perturbation)
2026-08-17 09:27:44,529 [DEBUG] cnn_neat: Crossover rejected: copied edge has no live Conv2d
2026-08-17 09:27:44,532 [DEBUG] cnn_neat: Split edge 0→3, new hidden node 5 (pool=2)
2026-08-17 09:27:44,535 [DEBUG] cnn_neat: Added edge 5→4 (from 7 candidates)
2026-08-17 09:27:44,537 [DEBUG] cnn_neat: Added edge 4→2 (from 5 candidates)
2026-08-17 09:27:44,540 [DEBUG] cnn_neat: Added edge 0→4 (from 3 candidates)
2026-08-17 09:27:44,542 [DEBUG] cnn_neat: Added edge 0→2 (from 2 candidates)
2026-08-17 09:27:44,545 [DEBUG] cnn_neat: Added edge 2→1 (from 2 candidates)
2026-08-17 09:27:44,548 [DEBUG] cnn_neat: Added edge 0→1 (from 1 candidates)
2026-08-17 09:27:44,550 [DEBUG] cnn_neat: Split edge 0→1, new hidden node 5 (pool=1)
2026-08-17 09:27:44,553 [DEBUG] cnn_neat: Added edge 5→4 (from 7 candidates)
2026-08-17 09:27:44,555 [DEBUG] cnn_neat: Split edge 3→1, new hidden node 6 (pool=2)
2026-08-17 09:27:44,557 [DEBUG] cnn_neat: Split edge 0→4, new hidden node 7 (pool=8)
2026-08-17 09:27:44,559 [DEBUG] cnn_neat: Added edge 2→5 (from 11 candidates)
2026-08-17 09:27:44,563 [DEBUG] cnn_neat: Removed hidden node 4 (pool=4)
2026-08-17 09:27:44,564 [DEBUG] cnn_neat: Removed edge 3→1 (from 7 candidates)
2026-08-17 09:27:44,566 [DEBUG] cnn_neat: Split edge 2→1, new hidden node 6 (pool=6)
2026-08-17 09:27:44,568 [DEBUG] cnn_neat: Added edge 0→2 (from 16 candidates)
2026-08-17 09:27:44,571 [DEBUG] cnn_neat: Removed 3 edges (requested 3)
2026-08-17 09:27:44,573 [DEBUG] cnn_neat: Split edge 4→2, new hidden node 5 (pool=4)
2026-08-17 09:27:44,575 [DEBUG] cnn_neat: Crossover union: A_edges=7 B_added=3 dup_skipped=0 child_edges=10 nodes=8
2026-08-17 09:27:44,577 [DEBUG] cnn_neat: Added edge 4→5 (from 11 candidates)
2026-08-17 09:27:44,579 [DEBUG] cnn_neat: Added edge 4→3 (from 9 candidates)
2026-08-17 09:27:44,581 [DEBUG] cnn_neat: Added edge 0→2 (from 7 candidates)
2026-08-17 09:27:44,583 [DEBUG] cnn_neat: Added edge 2→3 (from 6 candidates)
2026-08-17 09:27:44,586 [DEBUG] cnn_neat: Added edge 0→5 (from 3 candidates)
2026-08-17 09:27:44,588 [DEBUG] cnn_neat: Split edge 3→1, new hidden node 5 (pool=2)
2026-08-17 09:27:44,589 [DEBUG] cnn_neat: Added edge 0→4 (from 1 candidates)
2026-08-17 09:27:44,591 [DEBUG] cnn_neat: Split edge 0→4, new hidden node 5 (pool=5)
2026-08-17 09:27:44,592 [DEBUG] cnn_neat: Added edge 3→5 (from 4 candidates)
2026-08-17 09:27:44,594 [DEBUG] cnn_neat: Removed hidden node 4 (pool=1)
2026-08-17 09:27:44,595 [DEBUG] cnn_neat: Split edge 0→3, new hidden node 4 (pool=2)
2026-08-17 09:27:44,597 [DEBUG] cnn_neat: Added edge 4→1 (from 2 candidates)
2026-08-17 09:27:44,598 [DEBUG] cnn_neat: Removed hidden node 3 (pool=1)
2026-08-17 09:27:44,600 [DEBUG] cnn_neat: Split edge 0→4, new hidden node 5 (pool=2)
2026-08-17 09:27:44,601 [DEBUG] cnn_neat: Removed edge 3→4 (from 3 candidates)
2026-08-17 09:27:44,602 [DEBUG] cnn_neat: Split edge 0→3, new hidden node 5 (pool=3)
2026-08-17 09:27:44,604 [DEBUG] cnn_neat: Removed 1 edges (requested 3)
2026-08-17 09:27:44,605 [DEBUG] cnn_neat: Split edge 0→3, new hidden node 5 (pool=3)
2026-08-17 09:27:44,606 [DEBUG] cnn_neat: Added edge 5→4 (from 4 candidates)
2026-08-17 09:27:44,608 [DEBUG] cnn_neat: Removed hidden node 3 (pool=1)
2026-08-17 09:27:44,611 [DEBUG] cnn_neat: Split edge 5→4, new hidden node 6 (pool=3)
2026-08-17 09:27:44,613 [DEBUG] cnn_neat: Crossover union: A_edges=4 B_added=6 dup_skipped=0 child_edges=10 nodes=8
2026-08-17 09:27:44,614 [DEBUG] cnn_neat: Added edge 0→4 (from 1 candidates)
2026-08-17 09:27:44,616 [DEBUG] cnn_neat: Added edge 0→1 (from 1 candidates)
2026-08-17 09:27:44,620 [DEBUG] cnn_neat: Split edge 0→1, new hidden node 5 (pool=1)
2026-08-17 09:27:44,622 [DEBUG] cnn_neat: Added edge 0→1 (from 5 candidates)
2026-08-17 09:27:44,625 [DEBUG] cnn_neat: Removed hidden node 3 (pool=3)
2026-08-17 09:27:44,626 [DEBUG] cnn_neat: Split edge 3→4, new hidden node 5 (pool=3)
2026-08-17 09:27:44,628 [DEBUG] cnn_neat: Split edge 4→1, new hidden node 6 (pool=4)
2026-08-17 09:27:44,629 [DEBUG] cnn_neat: Added edge 0→4 (from 6 candidates)
2026-08-17 09:27:44,630 [DEBUG] cnn_neat: Added edge 0→4 (from 2 candidates)
2026-08-17 09:27:44,632 [DEBUG] cnn_neat: Split edge 4→1, new hidden node 5 (pool=4)
2026-08-17 09:27:44,633 [DEBUG] cnn_neat: Added edge 3→1 (from 4 candidates)
2026-08-17 09:27:44,635 [DEBUG] cnn_neat: Split edge 3→4, new hidden node 5 (pool=3)
2026-08-17 09:27:44,636 [DEBUG] cnn_neat: Added edge 3→4 (from 4 candidates)
2026-08-17 09:27:44,639 [DEBUG] cnn_neat: Removed hidden node 5 (pool=1)
2026-08-17 09:27:44,641 [DEBUG] cnn_neat: Split edge 4→1, new hidden node 5 (pool=3)
2026-08-17 09:27:44,642 [DEBUG] cnn_neat: Split edge 5→1, new hidden node 6 (pool=4)
2026-08-17 09:27:44,644 [DEBUG] cnn_neat: Split edge 3→4, new hidden node 5 (pool=3)
2026-08-17 09:27:44,645 [DEBUG] cnn_neat: Added edge 5→1 (from 4 candidates)
2026-08-17 09:27:44,648 [DEBUG] cnn_neat: Removed hidden node 4 (pool=1)
2026-08-17 09:27:44,650 [DEBUG] cnn_neat: Split edge 4→1, new hidden node 5 (pool=3)
2026-08-17 09:27:44,651 [DEBUG] cnn_neat: Added edge 4→1 (from 4 candidates)
2026-08-17 09:27:44,653 [DEBUG] cnn_neat: Removed hidden node 5 (pool=1)
2026-08-17 09:27:44,655 [DEBUG] cnn_neat: Split edge 0→3, new hidden node 5 (pool=3)
2026-08-17 09:27:44,657 [DEBUG] cnn_neat: Split edge 4→1, new hidden node 6 (pool=4)
2026-08-17 09:27:44,660 [DEBUG] cnn_neat: Crossover union: A_edges=3 B_added=9 dup_skipped=0 child_edges=12 nodes=9
2026-08-17 09:27:44,662 [DEBUG] cnn_neat: Added edge 0→4 (from 2 candidates)
2026-08-17 09:27:44,665 [DEBUG] cnn_neat: Added edge 3→1 (from 2 candidates)
2026-08-17 09:27:44,667 [DEBUG] cnn_neat: Added edge 0→1 (from 1 candidates)
2026-08-17 09:27:44,673 [DEBUG] cnn_neat: Split edge 0→1, new hidden node 5 (pool=1)
2026-08-17 09:27:44,675 [DEBUG] cnn_neat: Added edge 0→1 (from 5 candidates)
2026-08-17 09:27:44,679 [DEBUG] cnn_neat: Removed hidden node 5 (pool=3)
2026-08-17 09:27:44,680 [DEBUG] cnn_neat: Removed edge 3→4 (from 5 candidates)
2026-08-17 09:27:44,682 [DEBUG] cnn_neat: Split edge 4→1, new hidden node 5 (pool=4)
2026-08-17 09:27:44,683 [DEBUG] cnn_neat: Split edge 5→1, new hidden node 6 (pool=5)
2026-08-17 09:27:44,685 [DEBUG] cnn_neat: Added edge 2→4 (from 6 candidates)
2026-08-17 09:27:44,687 [DEBUG] cnn_neat: Removed hidden node 2 (pool=1)
2026-08-17 09:27:44,688 [DEBUG] cnn_neat: Split edge 4→1, new hidden node 5 (pool=3)
2026-08-17 09:27:44,689 [DEBUG] cnn_neat: Added edge 0→4 (from 4 candidates)
2026-08-17 09:27:44,692 [DEBUG] cnn_neat: Removed hidden node 3 (pool=1)
2026-08-17 09:27:44,693 [DEBUG] cnn_neat: Removed edge 3→2 (from 1 candidates)
2026-08-17 09:27:44,694 [DEBUG] cnn_neat: Split edge 0→3, new hidden node 5 (pool=3)
2026-08-17 09:27:44,696 [DEBUG] cnn_neat: Added edge 3→1 (from 4 candidates)
2026-08-17 09:27:44,698 [DEBUG] cnn_neat: Removed hidden node 4 (pool=1)
2026-08-17 09:27:44,699 [DEBUG] cnn_neat: Removed 1 edges (requested 3)
2026-08-17 09:27:44,700 [DEBUG] cnn_neat: Split edge 3→4, new hidden node 5 (pool=3)
2026-08-17 09:27:44,702 [DEBUG] cnn_neat: Added edge 5→1 (from 4 candidates)
2026-08-17 09:27:44,704 [DEBUG] cnn_neat: Removed hidden node 4 (pool=1)
2026-08-17 09:27:44,706 [DEBUG] cnn_neat: Split edge 5→1, new hidden node 6 (pool=3)
2026-08-17 09:27:44,708 [DEBUG] cnn_neat: Crossover rejected: union topology invalid (edges=15 nodes=10)
2026-08-17 09:27:44,709 [DEBUG] cnn_neat: Split edge 3→2, new hidden node 5 (pool=4)
2026-08-17 09:27:44,711 [DEBUG] cnn_neat: Added edge 2→1 (from 9 candidates)
2026-08-17 09:27:44,713 [DEBUG] cnn_neat: Removed hidden node 5 (pool=3)
2026-08-17 09:27:44,715 [DEBUG] cnn_neat: Added edge 0→2 (from 6 candidates)
2026-08-17 09:27:44,716 [DEBUG] cnn_neat: Added edge 2→4 (from 5 candidates)
2026-08-17 09:27:44,718 [DEBUG] cnn_neat: Added edge 2→1 (from 3 candidates)
2026-08-17 09:27:44,719 [DEBUG] cnn_neat: Added edge 3→1 (from 2 candidates)
2026-08-17 09:27:44,722 [DEBUG] cnn_neat: Added edge 0→4 (from 1 candidates)
2026-08-17 09:27:44,724 [DEBUG] cnn_neat: Split edge 3→4, new hidden node 5 (pool=9)
2026-08-17 09:27:44,725 [DEBUG] cnn_neat: Split edge 0→3, new hidden node 6 (pool=3)
2026-08-17 09:27:44,727 [DEBUG] cnn_neat: Split edge 4→1, new hidden node 7 (pool=4)
2026-08-17 09:27:44,728 [DEBUG] cnn_neat: Added edge 0→5 (from 9 candidates)
2026-08-17 09:27:44,730 [DEBUG] cnn_neat: Removed hidden node 2 (pool=2)
2026-08-17 09:27:44,731 [DEBUG] cnn_neat: Split edge 3→4, new hidden node 6 (pool=4)
2026-08-17 09:27:44,733 [DEBUG] cnn_neat: Removed edge 5→2 (from 2 candidates)
2026-08-17 09:27:44,734 [DEBUG] cnn_neat: Split edge 0→3, new hidden node 6 (pool=4)
2026-08-17 09:27:44,735 [DEBUG] cnn_neat: Removed 2 edges (requested 3)
2026-08-17 09:27:44,737 [DEBUG] cnn_neat: Split edge 4→1, new hidden node 5 (pool=3)
2026-08-17 09:27:44,738 [DEBUG] cnn_neat: Added edge 0→4 (from 4 candidates)
2026-08-17 09:27:44,740 [DEBUG] cnn_neat: Removed hidden node 3 (pool=1)
2026-08-17 09:27:44,743 [DEBUG] cnn_neat: Split edge 5→1, new hidden node 6 (pool=3)
2026-08-17 09:27:44,745 [DEBUG] cnn_neat: Crossover rejected: copied edge has no live Conv2d
2026-08-17 09:27:44,746 [DEBUG] cnn_neat: Split edge 4→1, new hidden node 6 (pool=3)
2026-08-17 09:27:44,747 [DEBUG] cnn_neat: Added edge 2→1 (from 9 candidates)
2026-08-17 09:27:44,749 [DEBUG] cnn_neat: Added edge 3→2 (from 8 candidates)
2026-08-17 09:27:44,751 [DEBUG] cnn_neat: Added edge 0→5 (from 9 candidates)
2026-08-17 09:27:44,753 [DEBUG] cnn_neat: Added edge 0→4 (from 8 candidates)
2026-08-17 09:27:44,755 [DEBUG] cnn_neat: Added edge 4→2 (from 7 candidates)
2026-08-17 09:27:44,756 [DEBUG] cnn_neat: Generation bred 128 offspring from 26 parents (queue=75 enqueued=0)
2026-08-17 09:27:44,760 [DEBUG] cnn_neat: Generation 3 formed (128 models, elite_queue=75, breeders=26, offspring=128) | evaluated total: 384 | avg cycle ~10 мин 26 с (last 3 of ≤5, no MAX_GENERATIONS limit)
2026-08-17 09:35:25,243 [DEBUG] cnn_neat: Saved generation 3
2026-08-17 09:35:25,319 [DEBUG] cnn_neat: Selected 25 elite individuals
2026-08-17 09:35:25,432 [DEBUG] cnn_neat: Split edge 0→4, new hidden node 6 (pool=2)
2026-08-17 09:35:25,435 [DEBUG] cnn_neat: Added edge 5→1 (from 4 candidates)
2026-08-17 09:35:25,439 [DEBUG] cnn_neat: Removed hidden node 5 (pool=2)
2026-08-17 09:35:25,441 [DEBUG] cnn_neat: Removed edge 3→4 (from 4 candidates)
2026-08-17 09:35:25,445 [DEBUG] cnn_neat: Removed 3 edges (requested 3)
2026-08-17 09:35:25,449 [DEBUG] cnn_neat: Crossover rejected: union topology invalid (edges=15 nodes=10)
2026-08-17 09:35:25,452 [DEBUG] cnn_neat: Split edge 4→1, new hidden node 6 (pool=2)
2026-08-17 09:35:25,453 [DEBUG] cnn_neat: Added edge 0→3 (from 4 candidates)
2026-08-17 09:35:25,455 [DEBUG] cnn_neat: Added edge 5→4 (from 4 candidates)
2026-08-17 09:35:25,457 [DEBUG] cnn_neat: Added edge 0→1 (from 3 candidates)
2026-08-17 09:35:25,459 [DEBUG] cnn_neat: Added edge 3→1 (from 2 candidates)
2026-08-17 09:35:25,461 [DEBUG] cnn_neat: Added edge 5→1 (from 1 candidates)
2026-08-17 09:35:25,463 [DEBUG] cnn_neat: Split edge 0→1, new hidden node 6 (pool=1)
2026-08-17 09:35:25,465 [DEBUG] cnn_neat: Added edge 3→5 (from 4 candidates)
2026-08-17 09:35:25,469 [DEBUG] cnn_neat: Removed hidden node 3 (pool=3)
2026-08-17 09:35:25,470 [DEBUG] cnn_neat: Split edge 0→1, new hidden node 6 (pool=1)
2026-08-17 09:35:25,472 [DEBUG] cnn_neat: Removed edge 3→1 (from 7 candidates)
2026-08-17 09:35:25,476 [DEBUG] cnn_neat: Removed 3 edges (requested 3)
2026-08-17 09:35:25,479 [DEBUG] cnn_neat: Crossover rejected: union topology invalid (edges=15 nodes=9)
2026-08-17 09:35:25,481 [DEBUG] cnn_neat: Split edge 0→1, new hidden node 6 (pool=1)
2026-08-17 09:35:25,485 [DEBUG] cnn_neat: Added edge 0→1 (from 11 candidates)
2026-08-17 09:35:25,488 [DEBUG] cnn_neat: Added edge 4→5 (from 4 candidates)
2026-08-17 09:35:25,527 [DEBUG] cnn_neat: Added edge 3→5 (from 1 candidates)
2026-08-17 09:35:25,533 [DEBUG] cnn_neat: Split edge 3→1, new hidden node 11 (pool=2)
2026-08-17 09:35:25,537 [DEBUG] cnn_neat: Added edge 4→9 (from 21 candidates)
2026-08-17 09:35:25,542 [DEBUG] cnn_neat: Removed hidden node 9 (pool=6)
2026-08-17 09:35:25,545 [DEBUG] cnn_neat: Removed edge 9→1 (from 8 candidates)
2026-08-17 09:35:25,549 [DEBUG] cnn_neat: Removed 3 edges (requested 3)
2026-08-17 09:35:25,553 [DEBUG] cnn_neat: Crossover rejected: union topology invalid (edges=24 nodes=13)
2026-08-17 09:35:25,556 [DEBUG] cnn_neat: Split edge 8→1, new hidden node 11 (pool=2)
2026-08-17 09:35:25,559 [DEBUG] cnn_neat: Added edge 4→1 (from 21 candidates)
2026-08-17 09:35:25,562 [DEBUG] cnn_neat: Added edge 8→10 (from 20 candidates)
2026-08-17 09:35:25,565 [DEBUG] cnn_neat: Added edge 4→10 (from 19 candidates)
2026-08-17 09:35:25,569 [DEBUG] cnn_neat: Added edge 9→2 (from 17 candidates)
2026-08-17 09:35:25,572 [DEBUG] cnn_neat: Added edge 0→10 (from 16 candidates)
2026-08-17 09:35:25,574 [DEBUG] cnn_neat: Split edge 3→2, new hidden node 6 (pool=8)
2026-08-17 09:35:25,576 [DEBUG] cnn_neat: Added edge 4→5 (from 7 candidates)
2026-08-17 09:35:25,579 [DEBUG] cnn_neat: Removed hidden node 4 (pool=3)
2026-08-17 09:35:25,580 [DEBUG] cnn_neat: Removed edge 3→4 (from 7 candidates)
2026-08-17 09:35:25,583 [DEBUG] cnn_neat: Removed 3 edges (requested 3)
2026-08-17 09:35:25,585 [DEBUG] cnn_neat: Crossover rejected: union topology invalid (edges=22 nodes=14)
2026-08-17 09:35:25,587 [DEBUG] cnn_neat: Split edge 3→5, new hidden node 6 (pool=8)
2026-08-17 09:35:25,589 [DEBUG] cnn_neat: Added edge 3→1 (from 7 candidates)
2026-08-17 09:35:25,591 [DEBUG] cnn_neat: Added edge 2→1 (from 6 candidates)
2026-08-17 09:35:25,593 [DEBUG] cnn_neat: Added edge 0→2 (from 5 candidates)
2026-08-17 09:35:25,597 [DEBUG] cnn_neat: Added edge 0→4 (from 4 candidates)
2026-08-17 09:35:25,603 [DEBUG] cnn_neat: Added edge 4→5 (from 3 candidates)
2026-08-17 09:35:25,606 [DEBUG] cnn_neat: Split edge 4→6, new hidden node 7 (pool=6)
2026-08-17 09:35:25,609 [DEBUG] cnn_neat: Added edge 4→1 (from 16 candidates)
2026-08-17 09:35:25,613 [DEBUG] cnn_neat: Removed hidden node 5 (pool=2)
2026-08-17 09:35:25,615 [DEBUG] cnn_neat: Removed edge 5→2 (from 2 candidates)
2026-08-17 09:35:25,618 [DEBUG] cnn_neat: Split edge 3→4, new hidden node 7 (pool=5)
2026-08-17 09:35:25,621 [DEBUG] cnn_neat: Removed 2 edges (requested 3)
2026-08-17 09:35:25,623 [DEBUG] cnn_neat: Split edge 6→1, new hidden node 7 (pool=4)
2026-08-17 09:35:25,625 [DEBUG] cnn_neat: Crossover rejected: union topology invalid (edges=11 nodes=9)
2026-08-17 09:35:25,626 [DEBUG] cnn_neat: Split edge 3→5, new hidden node 7 (pool=6)
2026-08-17 09:35:25,628 [DEBUG] cnn_neat: Added edge 0→2 (from 16 candidates)
2026-08-17 09:35:25,629 [DEBUG] cnn_neat: Added edge 2→4 (from 15 candidates)
2026-08-17 09:35:25,631 [DEBUG] cnn_neat: Added edge 3→2 (from 10 candidates)
2026-08-17 09:35:25,634 [DEBUG] cnn_neat: Added edge 3→6 (from 9 candidates)
2026-08-17 09:35:25,636 [DEBUG] cnn_neat: Added edge 4→1 (from 10 candidates)
2026-08-17 09:35:25,639 [DEBUG] cnn_neat: Split edge 2→1, new hidden node 7 (pool=8)
2026-08-17 09:35:25,644 [DEBUG] cnn_neat: Added edge 0→3 (from 9 candidates)
2026-08-17 09:35:25,650 [DEBUG] cnn_neat: Removed hidden node 2 (pool=5)
2026-08-17 09:35:25,653 [DEBUG] cnn_neat: Removed edge 4→2 (from 10 candidates)
2026-08-17 09:35:25,661 [DEBUG] cnn_neat: Removed 3 edges (requested 3)
2026-08-17 09:35:25,665 [DEBUG] cnn_neat: Crossover rejected: copied edge has no live Conv2d
2026-08-17 09:35:25,669 [DEBUG] cnn_neat: Split edge 2→1, new hidden node 7 (pool=8)
2026-08-17 09:35:25,672 [DEBUG] cnn_neat: Added edge 4→7 (from 16 candidates)
2026-08-17 09:35:25,677 [DEBUG] cnn_neat: Added edge 5→2 (from 9 candidates)
2026-08-17 09:35:25,681 [DEBUG] cnn_neat: Added edge 5→4 (from 7 candidates)
2026-08-17 09:35:25,685 [DEBUG] cnn_neat: Added edge 0→3 (from 5 candidates)
2026-08-17 09:35:25,688 [DEBUG] cnn_neat: Added edge 5→1 (from 7 candidates)
2026-08-17 09:35:25,691 [DEBUG] cnn_neat: Added edge 2→6 (from 6 candidates)
2026-08-17 09:35:25,694 [DEBUG] cnn_neat: Split edge 0→4, new hidden node 6 (pool=8)
2026-08-17 09:35:25,696 [DEBUG] cnn_neat: Added edge 4→1 (from 7 candidates)
2026-08-17 09:35:25,699 [DEBUG] cnn_neat: Removed hidden node 2 (pool=4)
2026-08-17 09:35:25,701 [DEBUG] cnn_neat: Removed edge 0→4 (from 8 candidates)
2026-08-17 09:35:25,704 [DEBUG] cnn_neat: Removed 3 edges (requested 3)
2026-08-17 09:35:25,707 [DEBUG] cnn_neat: Crossover rejected: union topology invalid (edges=20 nodes=11)
2026-08-17 09:35:25,709 [DEBUG] cnn_neat: Split edge 2→1, new hidden node 6 (pool=8)
2026-08-17 09:35:25,712 [DEBUG] cnn_neat: Added edge 0→5 (from 7 candidates)
2026-08-17 09:35:25,714 [DEBUG] cnn_neat: Added edge 4→5 (from 6 candidates)
2026-08-17 09:35:25,716 [DEBUG] cnn_neat: Added edge 3→2 (from 5 candidates)
2026-08-17 09:35:25,719 [DEBUG] cnn_neat: Added edge 3→1 (from 3 candidates)
2026-08-17 09:35:25,721 [DEBUG] cnn_neat: Added edge 4→1 (from 2 candidates)
2026-08-17 09:35:25,724 [DEBUG] cnn_neat: Split edge 5→1, new hidden node 7 (pool=4)
2026-08-17 09:35:25,726 [DEBUG] cnn_neat: Added edge 6→1 (from 12 candidates)
2026-08-17 09:35:25,730 [DEBUG] cnn_neat: Removed hidden node 4 (pool=5)
2026-08-17 09:35:25,732 [DEBUG] cnn_neat: Removed edge 2→6 (from 6 candidates)
2026-08-17 09:35:25,735 [DEBUG] cnn_neat: Removed 3 edges (requested 3)
2026-08-17 09:35:25,738 [DEBUG] cnn_neat: Crossover rejected: union topology invalid (edges=13 nodes=10)
2026-08-17 09:35:25,740 [DEBUG] cnn_neat: Split edge 5→1, new hidden node 7 (pool=4)
2026-08-17 09:35:25,743 [DEBUG] cnn_neat: Added edge 2→7 (from 17 candidates)
2026-08-17 09:35:25,745 [DEBUG] cnn_neat: Added edge 2→5 (from 12 candidates)
2026-08-17 09:35:25,748 [DEBUG] cnn_neat: Added edge 3→6 (from 11 candidates)
2026-08-17 09:35:25,750 [DEBUG] cnn_neat: Added edge 4→5 (from 12 candidates)
2026-08-17 09:35:25,753 [DEBUG] cnn_neat: Added edge 4→1 (from 11 candidates)
2026-08-17 09:35:25,756 [DEBUG] cnn_neat: Added edge 0→6 (from 10 candidates)
2026-08-17 09:35:25,760 [DEBUG] cnn_neat: Split edge 0→9, new hidden node 12 (pool=1)
2026-08-17 09:35:25,764 [DEBUG] cnn_neat: Added edge 10→9 (from 48 candidates)
2026-08-17 09:35:25,770 [DEBUG] cnn_neat: Removed hidden node 4 (pool=8)
2026-08-17 09:35:25,773 [DEBUG] cnn_neat: Removed edge 5→1 (from 6 candidates)
2026-08-17 09:35:25,779 [DEBUG] cnn_neat: Removed 3 edges (requested 3)
2026-08-17 09:35:25,784 [DEBUG] cnn_neat: Crossover rejected: union topology invalid (edges=26 nodes=15)
2026-08-17 09:35:25,787 [DEBUG] cnn_neat: Split edge 0→9, new hidden node 12 (pool=1)
2026-08-17 09:35:25,791 [DEBUG] cnn_neat: Added edge 12→3 (from 54 candidates)
2026-08-17 09:35:25,795 [DEBUG] cnn_neat: Added edge 10→5 (from 48 candidates)
2026-08-17 09:35:25,799 [DEBUG] cnn_neat: Added edge 8→11 (from 46 candidates)
2026-08-17 09:35:25,803 [DEBUG] cnn_neat: Added edge 9→5 (from 43 candidates)
2026-08-17 09:35:25,807 [DEBUG] cnn_neat: Added edge 2→9 (from 41 candidates)
2026-08-17 09:35:25,812 [DEBUG] cnn_neat: Added edge 8→5 (from 36 candidates)
2026-08-17 09:35:25,815 [DEBUG] cnn_neat: Split edge 7→1, new hidden node 9 (pool=3)
2026-08-17 09:35:25,817 [DEBUG] cnn_neat: Added edge 0→2 (from 16 candidates)
2026-08-17 09:35:25,822 [DEBUG] cnn_neat: Removed hidden node 2 (pool=5)
2026-08-17 09:35:25,824 [DEBUG] cnn_neat: Removed edge 4→2 (from 9 candidates)
2026-08-17 09:35:25,828 [DEBUG] cnn_neat: Removed 3 edges (requested 3)
2026-08-17 09:35:25,831 [DEBUG] cnn_neat: Crossover rejected: copied edge has no live Conv2d
2026-08-17 09:35:25,834 [DEBUG] cnn_neat: Split edge 3→1, new hidden node 9 (pool=3)
2026-08-17 09:35:25,836 [DEBUG] cnn_neat: Added edge 0→8 (from 16 candidates)
2026-08-17 09:35:25,839 [DEBUG] cnn_neat: Added edge 4→1 (from 14 candidates)
2026-08-17 09:35:25,842 [DEBUG] cnn_neat: Added edge 7→3 (from 13 candidates)
2026-08-17 09:35:25,845 [DEBUG] cnn_neat: Added edge 4→8 (from 11 candidates)
2026-08-17 09:35:25,848 [DEBUG] cnn_neat: Added edge 3→8 (from 9 candidates)
2026-08-17 09:35:25,851 [DEBUG] cnn_neat: Split edge 4→1, new hidden node 7 (pool=4)
2026-08-17 09:35:25,853 [DEBUG] cnn_neat: Added edge 6→5 (from 13 candidates)
2026-08-17 09:35:25,857 [DEBUG] cnn_neat: Removed hidden node 5 (pool=5)
2026-08-17 09:35:25,859 [DEBUG] cnn_neat: Removed edge 4→1 (from 9 candidates)
2026-08-17 09:35:25,862 [DEBUG] cnn_neat: Removed 3 edges (requested 3)
2026-08-17 09:35:25,865 [DEBUG] cnn_neat: Crossover rejected: union topology invalid (edges=21 nodes=12)
2026-08-17 09:35:25,867 [DEBUG] cnn_neat: Split edge 4→1, new hidden node 7 (pool=4)
2026-08-17 09:35:25,869 [DEBUG] cnn_neat: Added edge 7→6 (from 21 candidates)
2026-08-17 09:35:25,871 [DEBUG] cnn_neat: Added edge 5→6 (from 13 candidates)
2026-08-17 09:35:25,874 [DEBUG] cnn_neat: Added edge 6→4 (from 10 candidates)
2026-08-17 09:35:25,877 [DEBUG] cnn_neat: Added edge 0→5 (from 8 candidates)
2026-08-17 09:35:25,880 [DEBUG] cnn_neat: Added edge 2→1 (from 6 candidates)
2026-08-17 09:35:25,883 [DEBUG] cnn_neat: Added edge 2→4 (from 5 candidates)
2026-08-17 09:35:25,884 [DEBUG] cnn_neat: Split edge 4→1, new hidden node 5 (pool=4)
2026-08-17 09:35:25,886 [DEBUG] cnn_neat: Added edge 0→4 (from 7 candidates)
2026-08-17 09:35:25,888 [DEBUG] cnn_neat: Removed hidden node 2 (pool=1)
2026-08-17 09:35:25,889 [DEBUG] cnn_neat: Split edge 3→4, new hidden node 5 (pool=3)
2026-08-17 09:35:25,890 [DEBUG] cnn_neat: Added edge 0→4 (from 4 candidates)
2026-08-17 09:35:25,893 [DEBUG] cnn_neat: Removed hidden node 3 (pool=2)
2026-08-17 09:35:25,894 [DEBUG] cnn_neat: Removed edge 2→1 (from 1 candidates)
2026-08-17 09:35:25,895 [DEBUG] cnn_neat: Split edge 4→1, new hidden node 5 (pool=3)
2026-08-17 09:35:25,896 [DEBUG] cnn_neat: Added edge 0→4 (from 4 candidates)
2026-08-17 09:35:25,899 [DEBUG] cnn_neat: Removed hidden node 3 (pool=1)
2026-08-17 09:35:25,901 [DEBUG] cnn_neat: Split edge 0→4, new hidden node 6 (pool=3)
2026-08-17 09:35:25,902 [DEBUG] cnn_neat: Removed 1 edges (requested 3)
2026-08-17 09:35:25,903 [DEBUG] cnn_neat: Split edge 4→1, new hidden node 5 (pool=3)
2026-08-17 09:35:25,905 [DEBUG] cnn_neat: Added edge 4→1 (from 4 candidates)
2026-08-17 09:35:25,907 [DEBUG] cnn_neat: Removed hidden node 5 (pool=1)
2026-08-17 09:35:25,909 [DEBUG] cnn_neat: Split edge 4→1, new hidden node 5 (pool=3)
2026-08-17 09:35:25,911 [DEBUG] cnn_neat: Split edge 4→5, new hidden node 6 (pool=4)
2026-08-17 09:35:25,912 [DEBUG] cnn_neat: Added edge 0→4 (from 4 candidates)
2026-08-17 09:35:25,913 [DEBUG] cnn_neat: Weight mutation: 3 conv modules updated (direct tensor perturbation)
2026-08-17 09:35:25,914 [DEBUG] cnn_neat: Crossover rejected: copied edge has no live Conv2d
2026-08-17 09:35:25,916 [DEBUG] cnn_neat: Split edge 4→1, new hidden node 5 (pool=4)
2026-08-17 09:35:25,917 [DEBUG] cnn_neat: Added edge 2→5 (from 10 candidates)
2026-08-17 09:35:25,918 [DEBUG] cnn_neat: Added edge 0→2 (from 7 candidates)
2026-08-17 09:35:25,920 [DEBUG] cnn_neat: Added edge 0→4 (from 6 candidates)
2026-08-17 09:35:25,922 [DEBUG] cnn_neat: Added edge 0→1 (from 6 candidates)
2026-08-17 09:35:25,924 [DEBUG] cnn_neat: Added edge 3→1 (from 5 candidates)
2026-08-17 09:35:25,926 [DEBUG] cnn_neat: Added edge 3→2 (from 4 candidates)
2026-08-17 09:35:25,927 [DEBUG] cnn_neat: Split edge 3→4, new hidden node 6 (pool=5)
2026-08-17 09:35:25,929 [DEBUG] cnn_neat: Added edge 0→2 (from 9 candidates)
2026-08-17 09:35:25,931 [DEBUG] cnn_neat: Removed hidden node 5 (pool=2)
2026-08-17 09:35:25,932 [DEBUG] cnn_neat: Removed edge 5→2 (from 2 candidates)
2026-08-17 09:35:25,933 [DEBUG] cnn_neat: Split edge 0→3, new hidden node 5 (pool=4)
2026-08-17 09:35:25,935 [DEBUG] cnn_neat: Removed 2 edges (requested 3)
2026-08-17 09:35:25,936 [DEBUG] cnn_neat: Split edge 0→3, new hidden node 5 (pool=3)
2026-08-17 09:35:25,937 [DEBUG] cnn_neat: Added edge 5→4 (from 4 candidates)
2026-08-17 09:35:25,940 [DEBUG] cnn_neat: Removed hidden node 3 (pool=1)
2026-08-17 09:35:25,942 [DEBUG] cnn_neat: Split edge 4→1, new hidden node 6 (pool=3)
2026-08-17 09:35:25,943 [DEBUG] cnn_neat: Crossover rejected: copied edge has no live Conv2d
2026-08-17 09:35:25,945 [DEBUG] cnn_neat: Split edge 3→4, new hidden node 6 (pool=5)
2026-08-17 09:35:25,946 [DEBUG] cnn_neat: Added edge 5→6 (from 13 candidates)
2026-08-17 09:35:25,948 [DEBUG] cnn_neat: Added edge 0→5 (from 9 candidates)
2026-08-17 09:35:25,949 [DEBUG] cnn_neat: Added edge 5→4 (from 8 candidates)
2026-08-17 09:35:25,951 [DEBUG] cnn_neat: Added edge 5→1 (from 7 candidates)
2026-08-17 09:35:25,953 [DEBUG] cnn_neat: Added edge 3→1 (from 6 candidates)
2026-08-17 09:35:25,955 [DEBUG] cnn_neat: Added edge 2→4 (from 5 candidates)
2026-08-17 09:35:25,957 [DEBUG] cnn_neat: Split edge 3→4, new hidden node 7 (pool=5)
2026-08-17 09:35:25,960 [DEBUG] cnn_neat: Added edge 7→5 (from 9 candidates)
2026-08-17 09:35:25,962 [DEBUG] cnn_neat: Added edge 3→6 (from 6 candidates)
2026-08-17 09:35:25,964 [DEBUG] cnn_neat: Split edge 6→5, new hidden node 7 (pool=5)
2026-08-17 09:35:25,967 [DEBUG] cnn_neat: Split edge 0→3, new hidden node 7 (pool=5)
2026-08-17 09:35:25,968 [DEBUG] cnn_neat: Added edge 0→4 (from 9 candidates)
2026-08-17 09:35:25,971 [DEBUG] cnn_neat: Removed hidden node 7 (pool=2)
2026-08-17 09:35:25,974 [DEBUG] cnn_neat: Split edge 0→3, new hidden node 7 (pool=5)
2026-08-17 09:35:25,976 [DEBUG] cnn_neat: Added edge 7→6 (from 9 candidates)
2026-08-17 09:35:25,978 [DEBUG] cnn_neat: Crossover rejected: union topology invalid (edges=15 nodes=10)
2026-08-17 09:35:25,980 [DEBUG] cnn_neat: Split edge 3→4, new hidden node 7 (pool=5)
2026-08-17 09:35:25,982 [DEBUG] cnn_neat: Added edge 7→5 (from 9 candidates)
2026-08-17 09:35:25,985 [DEBUG] cnn_neat: Removed hidden node 6 (pool=2)
2026-08-17 09:35:25,986 [DEBUG] cnn_neat: Added edge 0→4 (from 6 candidates)
2026-08-17 09:35:25,988 [DEBUG] cnn_neat: Added edge 3→5 (from 6 candidates)
2026-08-17 09:35:25,990 [DEBUG] cnn_neat: Added edge 3→1 (from 7 candidates)
2026-08-17 09:35:25,992 [DEBUG] cnn_neat: Added edge 0→5 (from 6 candidates)
2026-08-17 09:35:25,994 [DEBUG] cnn_neat: Added edge 6→1 (from 5 candidates)
2026-08-17 09:35:25,996 [DEBUG] cnn_neat: Split edge 3→4, new hidden node 5 (pool=5)
2026-08-17 09:35:25,998 [DEBUG] cnn_neat: Added edge 0→1 (from 1 candidates)
2026-08-17 09:35:26,000 [DEBUG] cnn_neat: Split edge 0→1, new hidden node 5 (pool=1)
2026-08-17 09:35:26,002 [DEBUG] cnn_neat: Added edge 5→3 (from 5 candidates)
2026-08-17 09:35:26,004 [DEBUG] cnn_neat: Removed hidden node 4 (pool=2)
2026-08-17 09:35:26,005 [DEBUG] cnn_neat: Split edge 0→3, new hidden node 4 (pool=2)
2026-08-17 09:35:26,006 [DEBUG] cnn_neat: Added edge 0→3 (from 2 candidates)
2026-08-17 09:35:26,007 [DEBUG] cnn_neat: Removed edge 0→3 (from 5 candidates)
2026-08-17 09:35:26,009 [DEBUG] cnn_neat: Removed 3 edges (requested 3)
2026-08-17 09:35:26,010 [DEBUG] cnn_neat: Split edge 3→1, new hidden node 4 (pool=2)
2026-08-17 09:35:26,011 [DEBUG] cnn_neat: Added edge 3→1 (from 2 candidates)
2026-08-17 09:35:26,013 [DEBUG] cnn_neat: Removed hidden node 4 (pool=1)
2026-08-17 09:35:26,015 [DEBUG] cnn_neat: Split edge 3→1, new hidden node 4 (pool=2)
2026-08-17 09:35:26,016 [DEBUG] cnn_neat: Split edge 0→3, new hidden node 5 (pool=3)
2026-08-17 09:35:26,017 [DEBUG] cnn_neat: Added edge 0→4 (from 2 candidates)
2026-08-17 09:35:26,018 [DEBUG] cnn_neat: Weight mutation: 2 conv modules updated (direct tensor perturbation)
2026-08-17 09:35:26,020 [DEBUG] cnn_neat: Crossover rejected: copied edge has no live Conv2d
2026-08-17 09:35:26,022 [DEBUG] cnn_neat: Split edge 3→1, new hidden node 5 (pool=5)
2026-08-17 09:35:26,023 [DEBUG] cnn_neat: Added edge 0→1 (from 1 candidates)
2026-08-17 09:35:26,028 [DEBUG] cnn_neat: Split edge 0→1, new hidden node 5 (pool=1)
2026-08-17 09:35:26,030 [DEBUG] cnn_neat: Added edge 4→5 (from 5 candidates)
2026-08-17 09:35:26,033 [DEBUG] cnn_neat: Removed hidden node 5 (pool=3)
2026-08-17 09:35:26,035 [DEBUG] cnn_neat: Removed edge 0→3 (from 5 candidates)
2026-08-17 09:35:26,036 [DEBUG] cnn_neat: Removed 2 edges (requested 3)
2026-08-17 09:35:26,037 [DEBUG] cnn_neat: Split edge 0→4, new hidden node 5 (pool=2)
2026-08-17 09:35:26,039 [DEBUG] cnn_neat: Split edge 0→4, new hidden node 7 (pool=7)
2026-08-17 09:35:26,042 [DEBUG] cnn_neat: Added edge 4→6 (from 10 candidates)
2026-08-17 09:35:26,046 [DEBUG] cnn_neat: Removed hidden node 5 (pool=5)
2026-08-17 09:35:26,049 [DEBUG] cnn_neat: Removed edge 2→1 (from 9 candidates)
2026-08-17 09:35:26,052 [DEBUG] cnn_neat: Removed 3 edges (requested 3)
2026-08-17 09:35:26,054 [DEBUG] cnn_neat: Crossover rejected: union topology invalid (edges=13 nodes=9)
2026-08-17 09:35:26,056 [DEBUG] cnn_neat: Split edge 5→3, new hidden node 7 (pool=7)
2026-08-17 09:35:26,059 [DEBUG] cnn_neat: Added edge 4→6 (from 10 candidates)
2026-08-17 09:35:26,061 [DEBUG] cnn_neat: Added edge 4→5 (from 12 candidates)
2026-08-17 09:35:26,065 [DEBUG] cnn_neat: Added edge 0→6 (from 10 candidates)
2026-08-17 09:35:26,070 [DEBUG] cnn_neat: Added edge 2→5 (from 9 candidates)
2026-08-17 09:35:26,075 [DEBUG] cnn_neat: Added edge 0→3 (from 7 candidates)
2026-08-17 09:35:26,079 [DEBUG] cnn_neat: Split edge 3→1, new hidden node 9 (pool=8)
2026-08-17 09:35:26,084 [DEBUG] cnn_neat: Split edge 4→3, new hidden node 10 (pool=6)
2026-08-17 09:35:26,090 [DEBUG] cnn_neat: Added edge 7→2 (from 13 candidates)
2026-08-17 09:35:26,097 [DEBUG] cnn_neat: Removed hidden node 2 (pool=5)
2026-08-17 09:35:26,101 [DEBUG] cnn_neat: Removed edge 8→1 (from 10 candidates)
2026-08-17 09:35:26,106 [DEBUG] cnn_neat: Split edge 0→7, new hidden node 9 (pool=7)
2026-08-17 09:35:26,113 [DEBUG] cnn_neat: Removed 3 edges (requested 3)
2026-08-17 09:35:26,119 [DEBUG] cnn_neat: Crossover rejected: union topology invalid (edges=18 nodes=12)
2026-08-17 09:35:26,123 [DEBUG] cnn_neat: Split edge 0→7, new hidden node 9 (pool=8)
2026-08-17 09:35:26,129 [DEBUG] cnn_neat: Added edge 8→2 (from 13 candidates)
2026-08-17 09:35:26,134 [DEBUG] cnn_neat: Added edge 7→3 (from 8 candidates)
2026-08-17 09:35:26,138 [DEBUG] cnn_neat: Added edge 7→2 (from 7 candidates)
2026-08-17 09:35:26,144 [DEBUG] cnn_neat: Added edge 8→3 (from 6 candidates)
2026-08-17 09:35:26,150 [DEBUG] cnn_neat: Added edge 7→4 (from 5 candidates)
2026-08-17 09:35:26,152 [DEBUG] cnn_neat: Split edge 3→1, new hidden node 5 (pool=2)
2026-08-17 09:35:26,155 [DEBUG] cnn_neat: Split edge 5→1, new hidden node 6 (pool=6)
2026-08-17 09:35:26,157 [DEBUG] cnn_neat: Added edge 2→1 (from 5 candidates)
2026-08-17 09:35:26,159 [DEBUG] cnn_neat: Split edge 3→1, new hidden node 5 (pool=2)
2026-08-17 09:35:26,161 [DEBUG] cnn_neat: Removed hidden node 2 (pool=2)
2026-08-17 09:35:26,163 [DEBUG] cnn_neat: Split edge 3→1, new hidden node 5 (pool=2)
2026-08-17 09:35:26,164 [DEBUG] cnn_neat: Added edge 5→4 (from 5 candidates)
2026-08-17 09:35:26,166 [DEBUG] cnn_neat: Removed edge 4→1 (from 4 candidates)
2026-08-17 09:35:26,168 [DEBUG] cnn_neat: Split edge 3→1, new hidden node 5 (pool=2)
2026-08-17 09:35:26,171 [DEBUG] cnn_neat: Removed 3 edges (requested 3)
2026-08-17 09:35:26,172 [DEBUG] cnn_neat: Split edge 0→3, new hidden node 4 (pool=2)
2026-08-17 09:35:26,173 [DEBUG] cnn_neat: Added edge 4→1 (from 2 candidates)
2026-08-17 09:35:26,177 [DEBUG] cnn_neat: Removed hidden node 3 (pool=1)
2026-08-17 09:35:26,181 [DEBUG] cnn_neat: Split edge 4→1, new hidden node 5 (pool=2)
2026-08-17 09:35:26,186 [DEBUG] cnn_neat: Crossover rejected: union topology invalid (edges=19 nodes=13)
2026-08-17 09:35:26,188 [DEBUG] cnn_neat: Split edge 3→1, new hidden node 5 (pool=2)
2026-08-17 09:35:26,189 [DEBUG] cnn_neat: Added edge 4→2 (from 11 candidates)
2026-08-17 09:35:26,192 [DEBUG] cnn_neat: Removed hidden node 2 (pool=3)
2026-08-17 09:35:26,193 [DEBUG] cnn_neat: Removed edge 4→1 (from 4 candidates)
2026-08-17 09:35:26,195 [DEBUG] cnn_neat: Added edge 0→4 (from 5 candidates)
2026-08-17 09:35:26,196 [DEBUG] cnn_neat: Added edge 2→1 (from 4 candidates)
2026-08-17 09:35:26,198 [DEBUG] cnn_neat: Added edge 0→2 (from 3 candidates)
2026-08-17 09:35:26,200 [DEBUG] cnn_neat: Added edge 0→1 (from 3 candidates)
2026-08-17 09:35:26,202 [DEBUG] cnn_neat: Added edge 2→4 (from 2 candidates)
2026-08-17 09:35:26,205 [DEBUG] cnn_neat: Split edge 0→1, new hidden node 5 (pool=1)
2026-08-17 09:35:26,206 [DEBUG] cnn_neat: Split edge 3→1, new hidden node 5 (pool=2)
2026-08-17 09:35:26,208 [DEBUG] cnn_neat: Split edge 0→3, new hidden node 6 (pool=7)
2026-08-17 09:35:26,209 [DEBUG] cnn_neat: Added edge 0→4 (from 3 candidates)
2026-08-17 09:35:26,211 [DEBUG] cnn_neat: Split edge 4→1, new hidden node 5 (pool=7)
2026-08-17 09:35:26,213 [DEBUG] cnn_neat: Removed hidden node 2 (pool=2)
2026-08-17 09:35:26,215 [DEBUG] cnn_neat: Split edge 0→3, new hidden node 5 (pool=2)
2026-08-17 09:35:26,216 [DEBUG] cnn_neat: Added edge 5→4 (from 3 candidates)
2026-08-17 09:35:26,218 [DEBUG] cnn_neat: Removed edge 4→1 (from 4 candidates)
2026-08-17 09:35:26,218 [DEBUG] cnn_neat: Generation bred 128 offspring from 26 parents (queue=100 enqueued=0)
2026-08-17 09:35:26,222 [DEBUG] cnn_neat: Generation 4 formed (128 models, elite_queue=100, breeders=26, offspring=128) | evaluated total: 512 | avg cycle ~9 мин 45 с (last 4 of ≤5, no MAX_GENERATIONS limit)
2026-08-17 09:43:03,732 [DEBUG] cnn_neat: Saved generation 4
2026-08-17 09:43:03,792 [DEBUG] cnn_neat: Selected 25 elite individuals
2026-08-17 09:43:03,893 [DEBUG] cnn_neat: Split edge 3→4, new hidden node 7 (pool=3)
2026-08-17 09:43:03,895 [DEBUG] cnn_neat: Added edge 4→5 (from 14 candidates)
2026-08-17 09:43:03,898 [DEBUG] cnn_neat: Removed hidden node 5 (pool=3)
2026-08-17 09:43:03,900 [DEBUG] cnn_neat: Removed edge 4→6 (from 5 candidates)
2026-08-17 09:43:03,902 [DEBUG] cnn_neat: Removed 3 edges (requested 3)
2026-08-17 09:43:03,903 [DEBUG] cnn_neat: Split edge 4→1, new hidden node 6 (pool=4)
2026-08-17 09:43:03,905 [DEBUG] cnn_neat: Added edge 4→5 (from 10 candidates)
2026-08-17 09:43:03,907 [DEBUG] cnn_neat: Crossover rejected: union topology invalid (edges=14 nodes=13)
2026-08-17 09:43:03,908 [DEBUG] cnn_neat: Split edge 4→1, new hidden node 7 (pool=3)
2026-08-17 09:43:03,910 [DEBUG] cnn_neat: Added edge 6→5 (from 14 candidates)
2026-08-17 09:43:03,912 [DEBUG] cnn_neat: Added edge 0→2 (from 9 candidates)
2026-08-17 09:43:03,913 [DEBUG] cnn_neat: Added edge 0→5 (from 9 candidates)
2026-08-17 09:43:03,915 [DEBUG] cnn_neat: Added edge 3→6 (from 7 candidates)
2026-08-17 09:43:03,917 [DEBUG] cnn_neat: Added edge 3→1 (from 9 candidates)
2026-08-17 09:43:03,919 [DEBUG] cnn_neat: Split edge 4→2, new hidden node 7 (pool=4)
2026-08-17 09:43:03,921 [DEBUG] cnn_neat: Added edge 0→3 (from 5 candidates)
2026-08-17 09:43:03,924 [DEBUG] cnn_neat: Removed hidden node 2 (pool=3)
2026-08-17 09:43:03,926 [DEBUG] cnn_neat: Removed edge 6→1 (from 5 candidates)
2026-08-17 09:43:03,929 [DEBUG] cnn_neat: Removed 3 edges (requested 3)
2026-08-17 09:43:03,930 [DEBUG] cnn_neat: Split edge 3→6, new hidden node 7 (pool=4)
2026-08-17 09:43:03,933 [DEBUG] cnn_neat: Crossover union: A_edges=7 B_added=10 dup_skipped=0 child_edges=17 nodes=11
2026-08-17 09:43:03,936 [DEBUG] cnn_neat: Added edge 0→6 (from 5 candidates)
2026-08-17 09:43:03,938 [DEBUG] cnn_neat: Added edge 0→2 (from 6 candidates)
2026-08-17 09:43:03,940 [DEBUG] cnn_neat: Added edge 0→3 (from 5 candidates)
2026-08-17 09:43:03,942 [DEBUG] cnn_neat: Added edge 2→6 (from 5 candidates)
2026-08-17 09:43:03,945 [DEBUG] cnn_neat: Added edge 0→1 (from 4 candidates)
2026-08-17 09:43:03,947 [DEBUG] cnn_neat: Split edge 4→6, new hidden node 7 (pool=6)
2026-08-17 09:43:03,949 [DEBUG] cnn_neat: Added edge 3→5 (from 7 candidates)
2026-08-17 09:43:03,952 [DEBUG] cnn_neat: Removed hidden node 4 (pool=1)
2026-08-17 09:43:03,953 [DEBUG] cnn_neat: Removed edge 3→4 (from 3 candidates)
2026-08-17 09:43:03,955 [DEBUG] cnn_neat: Removed 1 edges (requested 3)
2026-08-17 09:43:03,957 [DEBUG] cnn_neat: Split edge 3→4, new hidden node 7 (pool=5)
2026-08-17 09:43:03,959 [DEBUG] cnn_neat: Added edge 4→5 (from 9 candidates)
2026-08-17 09:43:03,961 [DEBUG] cnn_neat: Crossover union: A_edges=6 B_added=7 dup_skipped=0 child_edges=13 nodes=10
2026-08-17 09:43:03,963 [DEBUG] cnn_neat: Added edge 0→4 (from 7 candidates)
2026-08-17 09:43:03,965 [DEBUG] cnn_neat: Added edge 0→6 (from 5 candidates)
2026-08-17 09:43:03,967 [DEBUG] cnn_neat: Added edge 4→5 (from 6 candidates)
2026-08-17 09:43:03,969 [DEBUG] cnn_neat: Added edge 0→5 (from 5 candidates)
2026-08-17 09:43:03,972 [DEBUG] cnn_neat: Added edge 3→1 (from 5 candidates)
2026-08-17 09:43:03,974 [DEBUG] cnn_neat: Split edge 3→1, new hidden node 7 (pool=5)
2026-08-17 09:43:03,977 [DEBUG] cnn_neat: Added edge 4→6 (from 11 candidates)
2026-08-17 09:43:03,981 [DEBUG] cnn_neat: Removed hidden node 3 (pool=5)
2026-08-17 09:43:03,984 [DEBUG] cnn_neat: Removed edge 6→1 (from 11 candidates)
2026-08-17 09:43:03,988 [DEBUG] cnn_neat: Removed 3 edges (requested 3)
2026-08-17 09:43:03,993 [DEBUG] cnn_neat: Crossover rejected: union topology invalid (edges=23 nodes=12)
2026-08-17 09:43:03,995 [DEBUG] cnn_neat: Split edge 0→3, new hidden node 7 (pool=5)
2026-08-17 09:43:03,998 [DEBUG] cnn_neat: Added edge 5→2 (from 11 candidates)
2026-08-17 09:43:04,001 [DEBUG] cnn_neat: Added edge 4→5 (from 9 candidates)
2026-08-17 09:43:04,004 [DEBUG] cnn_neat: Added edge 2→6 (from 7 candidates)
2026-08-17 09:43:04,007 [DEBUG] cnn_neat: Added edge 4→6 (from 6 candidates)
2026-08-17 09:43:04,010 [DEBUG] cnn_neat: Added edge 0→2 (from 5 candidates)
2026-08-17 09:43:04,012 [DEBUG] cnn_neat: Split edge 0→4, new hidden node 7 (pool=5)
2026-08-17 09:43:04,014 [DEBUG] cnn_neat: Added edge 4→2 (from 11 candidates)
2026-08-17 09:43:04,016 [DEBUG] cnn_neat: Removed hidden node 3 (pool=4)
2026-08-17 09:43:04,017 [DEBUG] cnn_neat: Removed edge 3→4 (from 7 candidates)
2026-08-17 09:43:04,020 [DEBUG] cnn_neat: Removed 3 edges (requested 3)
2026-08-17 09:43:04,022 [DEBUG] cnn_neat: Crossover rejected: union topology invalid (edges=14 nodes=11)
2026-08-17 09:43:04,024 [DEBUG] cnn_neat: Split edge 4→1, new hidden node 7 (pool=5)
2026-08-17 09:43:04,026 [DEBUG] cnn_neat: Added edge 6→3 (from 11 candidates)
2026-08-17 09:43:04,028 [DEBUG] cnn_neat: Added edge 2→1 (from 8 candidates)
2026-08-17 09:43:04,031 [DEBUG] cnn_neat: Added edge 6→1 (from 7 candidates)
2026-08-17 09:43:04,033 [DEBUG] cnn_neat: Added edge 6→4 (from 6 candidates)
2026-08-17 09:43:04,036 [DEBUG] cnn_neat: Added edge 3→2 (from 5 candidates)
2026-08-17 09:43:04,038 [DEBUG] cnn_neat: Split edge 4→2, new hidden node 8 (pool=7)
2026-08-17 09:43:04,042 [DEBUG] cnn_neat: Added edge 4→6 (from 18 candidates)
2026-08-17 09:43:04,046 [DEBUG] cnn_neat: Removed hidden node 5 (pool=6)
2026-08-17 09:43:04,048 [DEBUG] cnn_neat: Removed edge 7→3 (from 9 candidates)
2026-08-17 09:43:04,052 [DEBUG] cnn_neat: Removed 3 edges (requested 3)
2026-08-17 09:43:04,055 [DEBUG] cnn_neat: Crossover union: A_edges=10 B_added=4 dup_skipped=0 child_edges=14 nodes=11
2026-08-17 09:43:04,058 [DEBUG] cnn_neat: Added edge 2→5 (from 18 candidates)
2026-08-17 09:43:04,060 [DEBUG] cnn_neat: Added edge 5→3 (from 13 candidates)
2026-08-17 09:43:04,063 [DEBUG] cnn_neat: Added edge 4→6 (from 12 candidates)
2026-08-17 09:43:04,066 [DEBUG] cnn_neat: Added edge 2→7 (from 14 candidates)
2026-08-17 09:43:04,070 [DEBUG] cnn_neat: Added edge 5→6 (from 13 candidates)
2026-08-17 09:43:04,073 [DEBUG] cnn_neat: Split edge 0→8, new hidden node 12 (pool=1)
2026-08-17 09:43:04,077 [DEBUG] cnn_neat: Added edge 2→11 (from 33 candidates)
2026-08-17 09:43:04,082 [DEBUG] cnn_neat: Removed hidden node 2 (pool=7)
2026-08-17 09:43:04,085 [DEBUG] cnn_neat: Removed edge 8→1 (from 9 candidates)
2026-08-17 09:43:04,090 [DEBUG] cnn_neat: Removed 3 edges (requested 3)
2026-08-17 09:43:04,094 [DEBUG] cnn_neat: Crossover rejected: union topology invalid (edges=23 nodes=15)
2026-08-17 09:43:04,098 [DEBUG] cnn_neat: Split edge 0→8, new hidden node 12 (pool=1)
2026-08-17 09:43:04,102 [DEBUG] cnn_neat: Added edge 8→4 (from 36 candidates)
2026-08-17 09:43:04,106 [DEBUG] cnn_neat: Added edge 10→11 (from 33 candidates)
2026-08-17 09:43:04,109 [DEBUG] cnn_neat: Added edge 4→3 (from 29 candidates)
2026-08-17 09:43:04,113 [DEBUG] cnn_neat: Added edge 10→1 (from 25 candidates)
2026-08-17 09:43:04,117 [DEBUG] cnn_neat: Added edge 8→3 (from 24 candidates)
2026-08-17 09:43:04,121 [DEBUG] cnn_neat: Added edge 4→10 (from 22 candidates)
2026-08-17 09:43:04,123 [DEBUG] cnn_neat: Split edge 4→1, new hidden node 7 (pool=9)
2026-08-17 09:43:04,124 [DEBUG] cnn_neat: Added edge 0→6 (from 13 candidates)
2026-08-17 09:43:04,127 [DEBUG] cnn_neat: Removed hidden node 4 (pool=4)
2026-08-17 09:43:04,128 [DEBUG] cnn_neat: Removed edge 3→4 (from 8 candidates)
2026-08-17 09:43:04,131 [DEBUG] cnn_neat: Removed 3 edges (requested 3)
2026-08-17 09:43:04,134 [DEBUG] cnn_neat: Crossover rejected: union topology invalid (edges=23 nodes=15)
2026-08-17 09:43:04,136 [DEBUG] cnn_neat: Split edge 3→4, new hidden node 7 (pool=9)
2026-08-17 09:43:04,137 [DEBUG] cnn_neat: Added edge 0→6 (from 13 candidates)
2026-08-17 09:43:04,139 [DEBUG] cnn_neat: Added edge 5→6 (from 13 candidates)
2026-08-17 09:43:04,141 [DEBUG] cnn_neat: Added edge 3→1 (from 11 candidates)
2026-08-17 09:43:04,142 [DEBUG] cnn_neat: Added edge 0→5 (from 10 candidates)
2026-08-17 09:43:04,145 [DEBUG] cnn_neat: Added edge 6→4 (from 9 candidates)
2026-08-17 09:43:04,147 [DEBUG] cnn_neat: Split edge 5→1, new hidden node 6 (pool=3)
2026-08-17 09:43:04,148 [DEBUG] cnn_neat: Added edge 5→4 (from 3 candidates)
2026-08-17 09:43:04,151 [DEBUG] cnn_neat: Removed hidden node 4 (pool=3)
2026-08-17 09:43:04,153 [DEBUG] cnn_neat: Removed edge 5→3 (from 5 candidates)
2026-08-17 09:43:04,155 [DEBUG] cnn_neat: Removed 3 edges (requested 3)
2026-08-17 09:43:04,156 [DEBUG] cnn_neat: Split edge 0→5, new hidden node 6 (pool=2)
2026-08-17 09:43:04,158 [DEBUG] cnn_neat: Crossover rejected: union topology invalid (edges=13 nodes=9)
2026-08-17 09:43:04,160 [DEBUG] cnn_neat: Split edge 5→1, new hidden node 6 (pool=3)
2026-08-17 09:43:04,162 [DEBUG] cnn_neat: Added edge 4→6 (from 9 candidates)
2026-08-17 09:43:04,164 [DEBUG] cnn_neat: Added edge 0→3 (from 3 candidates)
2026-08-17 09:43:04,165 [DEBUG] cnn_neat: Added edge 5→4 (from 3 candidates)
2026-08-17 09:43:04,167 [DEBUG] cnn_neat: Added edge 3→1 (from 2 candidates)
2026-08-17 09:43:04,169 [DEBUG] cnn_neat: Added edge 0→1 (from 1 candidates)
2026-08-17 09:43:04,173 [DEBUG] cnn_neat: Split edge 0→1, new hidden node 6 (pool=1)
2026-08-17 09:43:04,175 [DEBUG] cnn_neat: Split edge 6→1, new hidden node 7 (pool=4)
2026-08-17 09:43:04,176 [DEBUG] cnn_neat: Split edge 0→3, new hidden node 8 (pool=5)
2026-08-17 09:43:04,178 [DEBUG] cnn_neat: Added edge 0→6 (from 4 candidates)
2026-08-17 09:43:04,180 [DEBUG] cnn_neat: Split edge 4→6, new hidden node 7 (pool=4)
2026-08-17 09:43:04,182 [DEBUG] cnn_neat: Split edge 4→6, new hidden node 7 (pool=4)
2026-08-17 09:43:04,184 [DEBUG] cnn_neat: Added edge 3→6 (from 6 candidates)
2026-08-17 09:43:04,186 [DEBUG] cnn_neat: Split edge 3→4, new hidden node 7 (pool=4)
2026-08-17 09:43:04,188 [DEBUG] cnn_neat: Crossover rejected: union topology invalid (edges=11 nodes=9)
2026-08-17 09:43:04,189 [DEBUG] cnn_neat: Split edge 3→4, new hidden node 7 (pool=4)
2026-08-17 09:43:04,191 [DEBUG] cnn_neat: Added edge 7→6 (from 6 candidates)
2026-08-17 09:43:04,193 [DEBUG] cnn_neat: Added edge 0→6 (from 4 candidates)
2026-08-17 09:43:04,194 [DEBUG] cnn_neat: Added edge 3→6 (from 4 candidates)
2026-08-17 09:43:04,195 [DEBUG] cnn_neat: Added edge 0→4 (from 3 candidates)
2026-08-17 09:43:04,197 [DEBUG] cnn_neat: Added edge 3→1 (from 3 candidates)
2026-08-17 09:43:04,199 [DEBUG] cnn_neat: Added edge 4→1 (from 2 candidates)
2026-08-17 09:43:04,201 [DEBUG] cnn_neat: Split edge 6→1, new hidden node 8 (pool=4)
2026-08-17 09:43:04,203 [DEBUG] cnn_neat: Added edge 7→4 (from 20 candidates)
2026-08-17 09:43:04,206 [DEBUG] cnn_neat: Removed hidden node 7 (pool=3)
2026-08-17 09:43:04,207 [DEBUG] cnn_neat: Removed edge 5→2 (from 3 candidates)
2026-08-17 09:43:04,210 [DEBUG] cnn_neat: Removed 3 edges (requested 3)
2026-08-17 09:43:04,211 [DEBUG] cnn_neat: Split edge 6→1, new hidden node 7 (pool=4)
2026-08-17 09:43:04,213 [DEBUG] cnn_neat: Added edge 0→6 (from 6 candidates)
2026-08-17 09:43:04,215 [DEBUG] cnn_neat: Crossover rejected: union topology invalid (edges=13 nodes=11)
2026-08-17 09:43:04,216 [DEBUG] cnn_neat: Split edge 0→3, new hidden node 8 (pool=4)
2026-08-17 09:43:04,218 [DEBUG] cnn_neat: Added edge 7→4 (from 20 candidates)
2026-08-17 09:43:04,220 [DEBUG] cnn_neat: Added edge 4→5 (from 17 candidates)
2026-08-17 09:43:04,222 [DEBUG] cnn_neat: Added edge 0→7 (from 15 candidates)
2026-08-17 09:43:04,224 [DEBUG] cnn_neat: Added edge 7→6 (from 16 candidates)
2026-08-17 09:43:04,226 [DEBUG] cnn_neat: Added edge 0→5 (from 15 candidates)
2026-08-17 09:43:04,228 [DEBUG] cnn_neat: Split edge 4→1, new hidden node 6 (pool=9)
2026-08-17 09:43:04,231 [DEBUG] cnn_neat: Added edge 3→1 (from 5 candidates)
2026-08-17 09:43:04,233 [DEBUG] cnn_neat: Removed hidden node 4 (pool=3)
2026-08-17 09:43:04,234 [DEBUG] cnn_neat: Split edge 3→5, new hidden node 6 (pool=5)
2026-08-17 09:43:04,236 [DEBUG] cnn_neat: Removed edge 4→2 (from 8 candidates)
2026-08-17 09:43:04,239 [DEBUG] cnn_neat: Removed 3 edges (requested 3)
2026-08-17 09:43:04,242 [DEBUG] cnn_neat: Crossover rejected: union topology invalid (edges=15 nodes=11)
2026-08-17 09:43:04,244 [DEBUG] cnn_neat: Split edge 4→5, new hidden node 6 (pool=9)
2026-08-17 09:43:04,246 [DEBUG] cnn_neat: Added edge 0→4 (from 5 candidates)
2026-08-17 09:43:04,248 [DEBUG] cnn_neat: Added edge 0→2 (from 4 candidates)
2026-08-17 09:43:04,250 [DEBUG] cnn_neat: Added edge 3→1 (from 3 candidates)
2026-08-17 09:43:04,252 [DEBUG] cnn_neat: Added edge 2→1 (from 2 candidates)
2026-08-17 09:43:04,255 [DEBUG] cnn_neat: Added edge 0→5 (from 1 candidates)
2026-08-17 09:43:04,257 [DEBUG] cnn_neat: Split edge 0→1, new hidden node 6 (pool=1)
2026-08-17 09:43:04,260 [DEBUG] cnn_neat: Added edge 5→4 (from 2 candidates)
2026-08-17 09:43:04,264 [DEBUG] cnn_neat: Removed hidden node 3 (pool=3)
2026-08-17 09:43:04,265 [DEBUG] cnn_neat: Split edge 0→1, new hidden node 6 (pool=1)
2026-08-17 09:43:04,267 [DEBUG] cnn_neat: Added edge 6→5 (from 7 candidates)
2026-08-17 09:43:04,269 [DEBUG] cnn_neat: Removed edge 3→5 (from 7 candidates)
2026-08-17 09:43:04,271 [DEBUG] cnn_neat: Split edge 0→1, new hidden node 6 (pool=1)
2026-08-17 09:43:04,274 [DEBUG] cnn_neat: Added edge 6→4 (from 11 candidates)
2026-08-17 09:43:04,277 [DEBUG] cnn_neat: Removed 3 edges (requested 3)
2026-08-17 09:43:04,281 [DEBUG] cnn_neat: Crossover rejected: union topology invalid (edges=23 nodes=13)
2026-08-17 09:43:04,283 [DEBUG] cnn_neat: Split edge 0→1, new hidden node 6 (pool=1)
2026-08-17 09:43:04,286 [DEBUG] cnn_neat: Added edge 3→6 (from 9 candidates)
2026-08-17 09:43:04,288 [DEBUG] cnn_neat: Added edge 5→4 (from 2 candidates)
2026-08-17 09:43:04,295 [DEBUG] cnn_neat: Split edge 0→1, new hidden node 6 (pool=1)
2026-08-17 09:43:04,297 [DEBUG] cnn_neat: Split edge 0→4, new hidden node 6 (pool=2)
2026-08-17 09:43:04,299 [DEBUG] cnn_neat: Split edge 0→5, new hidden node 7 (pool=6)
2026-08-17 09:43:04,300 [DEBUG] cnn_neat: Added edge 5→1 (from 4 candidates)
2026-08-17 09:43:04,302 [DEBUG] cnn_neat: Split edge 0→4, new hidden node 6 (pool=3)
2026-08-17 09:43:04,305 [DEBUG] cnn_neat: Removed hidden node 3 (pool=2)
2026-08-17 09:43:04,306 [DEBUG] cnn_neat: Removed edge 0→5 (from 4 candidates)
2026-08-17 09:43:04,308 [DEBUG] cnn_neat: Removed 3 edges (requested 3)
2026-08-17 09:43:04,309 [DEBUG] cnn_neat: Split edge 4→1, new hidden node 5 (pool=2)
2026-08-17 09:43:04,310 [DEBUG] cnn_neat: Added edge 4→1 (from 2 candidates)
2026-08-17 09:43:04,312 [DEBUG] cnn_neat: Crossover union: A_edges=5 B_added=5 dup_skipped=0 child_edges=10 nodes=7
2026-08-17 09:43:04,314 [DEBUG] cnn_neat: Added edge 5→4 (from 4 candidates)
2026-08-17 09:43:04,316 [DEBUG] cnn_neat: Added edge 5→1 (from 3 candidates)
2026-08-17 09:43:04,318 [DEBUG] cnn_neat: Added edge 3→1 (from 2 candidates)
2026-08-17 09:43:04,320 [DEBUG] cnn_neat: Added edge 0→3 (from 1 candidates)
2026-08-17 09:43:04,322 [DEBUG] cnn_neat: Added edge 0→1 (from 1 candidates)
2026-08-17 09:43:04,324 [DEBUG] cnn_neat: Split edge 0→1, new hidden node 6 (pool=1)
2026-08-17 09:43:04,327 [DEBUG] cnn_neat: Added edge 6→5 (from 7 candidates)
2026-08-17 09:43:04,329 [DEBUG] cnn_neat: Split edge 5→1, new hidden node 7 (pool=5)
2026-08-17 09:43:04,332 [DEBUG] cnn_neat: Added edge 6→7 (from 9 candidates)
2026-08-17 09:43:04,333 [DEBUG] cnn_neat: Added edge 3→5 (from 6 candidates)
2026-08-17 09:43:04,336 [DEBUG] cnn_neat: Split edge 5→1, new hidden node 7 (pool=5)
2026-08-17 09:43:04,338 [DEBUG] cnn_neat: Added edge 0→4 (from 9 candidates)
2026-08-17 09:43:04,340 [DEBUG] cnn_neat: Split edge 0→3, new hidden node 7 (pool=5)
2026-08-17 09:43:04,343 [DEBUG] cnn_neat: Added edge 3→6 (from 9 candidates)
2026-08-17 09:43:04,345 [DEBUG] cnn_neat: Split edge 4→6, new hidden node 7 (pool=5)
2026-08-17 09:43:04,348 [DEBUG] cnn_neat: Crossover rejected: union topology invalid (edges=14 nodes=9)
2026-08-17 09:43:04,350 [DEBUG] cnn_neat: Split edge 3→4, new hidden node 7 (pool=5)
2026-08-17 09:43:04,352 [DEBUG] cnn_neat: Added edge 0→7 (from 9 candidates)
2026-08-17 09:43:04,354 [DEBUG] cnn_neat: Added edge 3→6 (from 6 candidates)
2026-08-17 09:43:04,356 [DEBUG] cnn_neat: Added edge 6→1 (from 7 candidates)
2026-08-17 09:43:04,358 [DEBUG] cnn_neat: Added edge 4→1 (from 6 candidates)
2026-08-17 09:43:04,360 [DEBUG] cnn_neat: Added edge 3→5 (from 4 candidates)
2026-08-17 09:43:04,362 [DEBUG] cnn_neat: Added edge 4→5 (from 5 candidates)
2026-08-17 09:43:04,365 [DEBUG] cnn_neat: Split edge 0→1, new hidden node 6 (pool=1)
2026-08-17 09:43:04,368 [DEBUG] cnn_neat: Split edge 6→1, new hidden node 7 (pool=9)
2026-08-17 09:43:04,370 [DEBUG] cnn_neat: Added edge 3→5 (from 4 candidates)
2026-08-17 09:43:04,373 [DEBUG] cnn_neat: Split edge 0→1, new hidden node 6 (pool=1)
2026-08-17 09:43:04,375 [DEBUG] cnn_neat: Added edge 5→6 (from 9 candidates)
2026-08-17 09:43:04,379 [DEBUG] cnn_neat: Removed hidden node 5 (pool=3)
2026-08-17 09:43:04,381 [DEBUG] cnn_neat: Split edge 0→1, new hidden node 5 (pool=1)
2026-08-17 09:43:04,383 [DEBUG] cnn_neat: Added edge 0→1 (from 5 candidates)
2026-08-17 09:43:04,386 [DEBUG] cnn_neat: Removed hidden node 5 (pool=3)
2026-08-17 09:43:04,388 [DEBUG] cnn_neat: Removed edge 4→1 (from 5 candidates)
2026-08-17 09:43:04,390 [DEBUG] cnn_neat: Removed edge 4→1 (from 7 candidates)
2026-08-17 09:43:04,393 [DEBUG] cnn_neat: Removed 3 edges (requested 3)
2026-08-17 09:43:04,396 [DEBUG] cnn_neat: Crossover rejected: union topology invalid (edges=17 nodes=10)
2026-08-17 09:43:04,398 [DEBUG] cnn_neat: Split edge 0→1, new hidden node 6 (pool=1)
2026-08-17 09:43:04,401 [DEBUG] cnn_neat: Added edge 4→5 (from 11 candidates)
2026-08-17 09:43:04,403 [DEBUG] cnn_neat: Added edge 5→4 (from 4 candidates)
2026-08-17 09:43:04,405 [DEBUG] cnn_neat: Added edge 5→3 (from 2 candidates)
2026-08-17 09:43:04,412 [DEBUG] cnn_neat: Split edge 8→1, new hidden node 11 (pool=2)
2026-08-17 09:43:04,415 [DEBUG] cnn_neat: Split edge 0→3, new hidden node 12 (pool=1)
2026-08-17 09:43:04,418 [DEBUG] cnn_neat: Added edge 4→9 (from 21 candidates)
2026-08-17 09:43:04,422 [DEBUG] cnn_neat: Split edge 3→1, new hidden node 11 (pool=5)
2026-08-17 09:43:04,432 [DEBUG] cnn_neat: Removed hidden node 2 (pool=6)
2026-08-17 09:43:04,435 [DEBUG] cnn_neat: Removed edge 9→10 (from 8 candidates)
2026-08-17 09:43:04,437 [DEBUG] cnn_neat: Split edge 3→1, new hidden node 11 (pool=2)
2026-08-17 09:43:04,441 [DEBUG] cnn_neat: Removed 3 edges (requested 3)
2026-08-17 09:43:04,445 [DEBUG] cnn_neat: Crossover rejected: union topology invalid (edges=18 nodes=11)
2026-08-17 09:43:04,448 [DEBUG] cnn_neat: Split edge 8→1, new hidden node 11 (pool=2)
2026-08-17 09:43:04,451 [DEBUG] cnn_neat: Added edge 4→10 (from 33 candidates)
2026-08-17 09:43:04,454 [DEBUG] cnn_neat: Added edge 4→1 (from 21 candidates)
2026-08-17 09:43:04,457 [DEBUG] cnn_neat: Added edge 8→4 (from 20 candidates)
2026-08-17 09:43:04,461 [DEBUG] cnn_neat: Added edge 10→1 (from 18 candidates)
2026-08-17 09:43:04,464 [DEBUG] cnn_neat: Added edge 4→9 (from 17 candidates)
2026-08-17 09:43:04,468 [DEBUG] cnn_neat: Added edge 0→9 (from 14 candidates)
2026-08-17 09:43:04,470 [DEBUG] cnn_neat: Split edge 5→1, new hidden node 6 (pool=8)
2026-08-17 09:43:04,471 [DEBUG] cnn_neat: Added edge 3→1 (from 7 candidates)
2026-08-17 09:43:04,474 [DEBUG] cnn_neat: Removed hidden node 5 (pool=3)
2026-08-17 09:43:04,475 [DEBUG] cnn_neat: Removed edge 5→1 (from 7 candidates)
2026-08-17 09:43:04,478 [DEBUG] cnn_neat: Removed 3 edges (requested 3)
2026-08-17 09:43:04,481 [DEBUG] cnn_neat: Crossover rejected: union topology invalid (edges=20 nodes=11)
2026-08-17 09:43:04,483 [DEBUG] cnn_neat: Split edge 4→2, new hidden node 6 (pool=8)
2026-08-17 09:43:04,484 [DEBUG] cnn_neat: Added edge 0→4 (from 7 candidates)
2026-08-17 09:43:04,486 [DEBUG] cnn_neat: Added edge 2→1 (from 6 candidates)
2026-08-17 09:43:04,489 [DEBUG] cnn_neat: Added edge 0→2 (from 5 candidates)
2026-08-17 09:43:04,491 [DEBUG] cnn_neat: Added edge 0→5 (from 4 candidates)
2026-08-17 09:43:04,494 [DEBUG] cnn_neat: Added edge 5→4 (from 4 candidates)
2026-08-17 09:43:04,496 [DEBUG] cnn_neat: Split edge 4→1, new hidden node 5 (pool=5)
2026-08-17 09:43:04,498 [DEBUG] cnn_neat: Split edge 0→3, new hidden node 6 (pool=3)
2026-08-17 09:43:04,499 [DEBUG] cnn_neat: Added edge 0→1 (from 1 candidates)
2026-08-17 09:43:04,501 [DEBUG] cnn_neat: Split edge 0→1, new hidden node 5 (pool=1)
2026-08-17 09:43:04,503 [DEBUG] cnn_neat: Added edge 5→4 (from 5 candidates)
2026-08-17 09:43:04,506 [DEBUG] cnn_neat: Removed hidden node 3 (pool=3)
2026-08-17 09:43:04,506 [DEBUG] cnn_neat: Generation bred 128 offspring from 26 parents (queue=125 enqueued=0)
2026-08-17 09:43:04,511 [DEBUG] cnn_neat: Generation 5 formed (128 models, elite_queue=125, breeders=26, offspring=128) | evaluated total: 640 | avg cycle ~9 мин 20 с (last 5 of ≤5, no MAX_GENERATIONS limit)
2026-08-17 09:50:37,931 [DEBUG] cnn_neat: Saved generation 5
2026-08-17 09:50:37,992 [DEBUG] cnn_neat: Selected 25 elite individuals
2026-08-17 09:50:38,099 [DEBUG] cnn_neat: Trimmed elite queue to 128 entries
2026-08-17 09:50:38,103 [DEBUG] cnn_neat: Split edge 0→10, new hidden node 11 (pool=7)
2026-08-17 09:50:38,107 [DEBUG] cnn_neat: Added edge 3→9 (from 15 candidates)
2026-08-17 09:50:38,112 [DEBUG] cnn_neat: Removed hidden node 4 (pool=5)
2026-08-17 09:50:38,115 [DEBUG] cnn_neat: Removed edge 3→4 (from 7 candidates)
2026-08-17 09:50:38,120 [DEBUG] cnn_neat: Removed 3 edges (requested 3)
2026-08-17 09:50:38,124 [DEBUG] cnn_neat: Crossover rejected: union topology invalid (edges=21 nodes=12)
2026-08-17 09:50:38,127 [DEBUG] cnn_neat: Split edge 9→1, new hidden node 11 (pool=7)
2026-08-17 09:50:38,130 [DEBUG] cnn_neat: Added edge 5→9 (from 15 candidates)
2026-08-17 09:50:38,135 [DEBUG] cnn_neat: Added edge 5→1 (from 12 candidates)
2026-08-17 09:50:38,139 [DEBUG] cnn_neat: Added edge 9→3 (from 11 candidates)
2026-08-17 09:50:38,142 [DEBUG] cnn_neat: Added edge 10→3 (from 8 candidates)
2026-08-17 09:50:38,146 [DEBUG] cnn_neat: Added edge 5→10 (from 5 candidates)
2026-08-17 09:50:38,149 [DEBUG] cnn_neat: Split edge 0→3, new hidden node 7 (pool=3)
2026-08-17 09:50:38,151 [DEBUG] cnn_neat: Added edge 3→6 (from 3 candidates)
2026-08-17 09:50:38,155 [DEBUG] cnn_neat: Removed hidden node 6 (pool=1)
2026-08-17 09:50:38,156 [DEBUG] cnn_neat: Split edge 3→4, new hidden node 5 (pool=3)
2026-08-17 09:50:38,158 [DEBUG] cnn_neat: Added edge 3→4 (from 4 candidates)
2026-08-17 09:50:38,162 [DEBUG] cnn_neat: Removed hidden node 5 (pool=1)
2026-08-17 09:50:38,165 [DEBUG] cnn_neat: Split edge 4→1, new hidden node 5 (pool=3)
2026-08-17 09:50:38,166 [DEBUG] cnn_neat: Split edge 5→1, new hidden node 6 (pool=4)
2026-08-17 09:50:38,168 [DEBUG] cnn_neat: Added edge 0→4 (from 4 candidates)
2026-08-17 09:50:38,168 [DEBUG] cnn_neat: Weight mutation: 3 conv modules updated (direct tensor perturbation)
2026-08-17 09:50:38,170 [DEBUG] cnn_neat: Removed edge 6→1 (from 3 candidates)
2026-08-17 09:50:38,172 [DEBUG] cnn_neat: Removed 2 edges (requested 3)
2026-08-17 09:50:38,173 [DEBUG] cnn_neat: Split edge 4→1, new hidden node 5 (pool=3)
2026-08-17 09:50:38,174 [DEBUG] cnn_neat: Added edge 0→4 (from 4 candidates)
2026-08-17 09:50:38,177 [DEBUG] cnn_neat: Removed hidden node 3 (pool=1)
2026-08-17 09:50:38,179 [DEBUG] cnn_neat: Split edge 4→5, new hidden node 6 (pool=3)
2026-08-17 09:50:38,181 [DEBUG] cnn_neat: Crossover rejected: copied edge has no live Conv2d
2026-08-17 09:50:38,183 [DEBUG] cnn_neat: Split edge 0→3, new hidden node 7 (pool=3)
2026-08-17 09:50:38,185 [DEBUG] cnn_neat: Added edge 3→6 (from 5 candidates)
2026-08-17 09:50:38,186 [DEBUG] cnn_neat: Added edge 0→6 (from 3 candidates)
2026-08-17 09:50:38,188 [DEBUG] cnn_neat: Added edge 3→1 (from 3 candidates)
2026-08-17 09:50:38,190 [DEBUG] cnn_neat: Added edge 0→4 (from 2 candidates)
2026-08-17 09:50:38,191 [DEBUG] cnn_neat: Added edge 0→1 (from 2 candidates)
2026-08-17 09:50:38,194 [DEBUG] cnn_neat: Added edge 3→6 (from 1 candidates)
2026-08-17 09:50:38,195 [DEBUG] cnn_neat: Split edge 0→3, new hidden node 7 (pool=4)
2026-08-17 09:50:38,198 [DEBUG] cnn_neat: Added edge 5→1 (from 11 candidates)
2026-08-17 09:50:38,201 [DEBUG] cnn_neat: Removed hidden node 6 (pool=3)
2026-08-17 09:50:38,202 [DEBUG] cnn_neat: Removed edge 6→1 (from 5 candidates)
2026-08-17 09:50:38,205 [DEBUG] cnn_neat: Removed 3 edges (requested 3)
2026-08-17 09:50:38,207 [DEBUG] cnn_neat: Crossover rejected: union topology invalid (edges=18 nodes=13)
2026-08-17 09:50:38,209 [DEBUG] cnn_neat: Split edge 4→1, new hidden node 7 (pool=4)
2026-08-17 09:50:38,211 [DEBUG] cnn_neat: Added edge 6→2 (from 11 candidates)
2026-08-17 09:50:38,212 [DEBUG] cnn_neat: Added edge 0→5 (from 10 candidates)
2026-08-17 09:50:38,214 [DEBUG] cnn_neat: Added edge 3→6 (from 9 candidates)
2026-08-17 09:50:38,216 [DEBUG] cnn_neat: Added edge 3→2 (from 10 candidates)
2026-08-17 09:50:38,218 [DEBUG] cnn_neat: Added edge 3→1 (from 9 candidates)
2026-08-17 09:50:38,220 [DEBUG] cnn_neat: Split edge 0→5, new hidden node 7 (pool=10)
2026-08-17 09:50:38,223 [DEBUG] cnn_neat: Added edge 0→1 (from 8 candidates)
2026-08-17 09:50:38,227 [DEBUG] cnn_neat: Removed hidden node 6 (pool=4)
2026-08-17 09:50:38,229 [DEBUG] cnn_neat: Split edge 3→4, new hidden node 6 (pool=8)
2026-08-17 09:50:38,231 [DEBUG] cnn_neat: Removed edge 3→1 (from 10 candidates)
2026-08-17 09:50:38,235 [DEBUG] cnn_neat: Removed 3 edges (requested 3)
2026-08-17 09:50:38,239 [DEBUG] cnn_neat: Crossover rejected: union topology invalid (edges=20 nodes=11)
2026-08-17 09:50:38,243 [DEBUG] cnn_neat: Split edge 0→5, new hidden node 7 (pool=10)
2026-08-17 09:50:38,247 [DEBUG] cnn_neat: Added edge 4→6 (from 14 candidates)
2026-08-17 09:50:38,250 [DEBUG] cnn_neat: Added edge 6→5 (from 8 candidates)
2026-08-17 09:50:38,254 [DEBUG] cnn_neat: Added edge 3→5 (from 6 candidates)
2026-08-17 09:50:38,259 [DEBUG] cnn_neat: Added edge 3→6 (from 5 candidates)
2026-08-17 09:50:38,263 [DEBUG] cnn_neat: Added edge 6→4 (from 3 candidates)
2026-08-17 09:50:38,266 [DEBUG] cnn_neat: Added edge 0→1 (from 1 candidates)
2026-08-17 09:50:38,269 [DEBUG] cnn_neat: Split edge 2→1, new hidden node 8 (pool=5)
2026-08-17 09:50:38,273 [DEBUG] cnn_neat: Added edge 0→7 (from 12 candidates)
2026-08-17 09:50:38,276 [DEBUG] cnn_neat: Removed hidden node 2 (pool=4)
2026-08-17 09:50:38,278 [DEBUG] cnn_neat: Removed edge 7→3 (from 6 candidates)
2026-08-17 09:50:38,280 [DEBUG] cnn_neat: Split edge 2→1, new hidden node 7 (pool=4)
2026-08-17 09:50:38,283 [DEBUG] cnn_neat: Removed 3 edges (requested 3)
2026-08-17 09:50:38,285 [DEBUG] cnn_neat: Crossover rejected: copied edge has no live Conv2d
2026-08-17 09:50:38,287 [DEBUG] cnn_neat: Split edge 2→1, new hidden node 8 (pool=5)
2026-08-17 09:50:38,289 [DEBUG] cnn_neat: Added edge 0→2 (from 20 candidates)
2026-08-17 09:50:38,292 [DEBUG] cnn_neat: Added edge 0→3 (from 12 candidates)
2026-08-17 09:50:38,294 [DEBUG] cnn_neat: Added edge 4→7 (from 13 candidates)
2026-08-17 09:50:38,296 [DEBUG] cnn_neat: Added edge 0→7 (from 11 candidates)
2026-08-17 09:50:38,299 [DEBUG] cnn_neat: Added edge 7→1 (from 10 candidates)
2026-08-17 09:50:38,301 [DEBUG] cnn_neat: Added edge 7→2 (from 9 candidates)
2026-08-17 09:50:38,304 [DEBUG] cnn_neat: Split edge 5→7, new hidden node 8 (pool=6)
2026-08-17 09:50:38,306 [DEBUG] cnn_neat: Added edge 0→3 (from 23 candidates)
2026-08-17 09:50:38,311 [DEBUG] cnn_neat: Removed hidden node 6 (pool=5)
2026-08-17 09:50:38,313 [DEBUG] cnn_neat: Removed edge 3→6 (from 7 candidates)
2026-08-17 09:50:38,316 [DEBUG] cnn_neat: Removed 3 edges (requested 3)
2026-08-17 09:50:38,321 [DEBUG] cnn_neat: Crossover rejected: union topology invalid (edges=21 nodes=14)
2026-08-17 09:50:38,323 [DEBUG] cnn_neat: Split edge 0→4, new hidden node 8 (pool=6)
2026-08-17 09:50:38,327 [DEBUG] cnn_neat: Added edge 7→3 (from 23 candidates)
2026-08-17 09:50:38,330 [DEBUG] cnn_neat: Added edge 4→6 (from 18 candidates)
2026-08-17 09:50:38,334 [DEBUG] cnn_neat: Added edge 7→2 (from 20 candidates)
2026-08-17 09:50:38,337 [DEBUG] cnn_neat: Added edge 5→6 (from 17 candidates)
2026-08-17 09:50:38,340 [DEBUG] cnn_neat: Added edge 0→6 (from 16 candidates)
2026-08-17 09:50:38,343 [DEBUG] cnn_neat: Split edge 0→3, new hidden node 8 (pool=12)
2026-08-17 09:50:38,347 [DEBUG] cnn_neat: Added edge 7→6 (from 18 candidates)
2026-08-17 09:50:38,352 [DEBUG] cnn_neat: Removed hidden node 5 (pool=6)
2026-08-17 09:50:38,355 [DEBUG] cnn_neat: Removed edge 7→1 (from 12 candidates)
2026-08-17 09:50:38,360 [DEBUG] cnn_neat: Removed 3 edges (requested 3)
2026-08-17 09:50:38,363 [DEBUG] cnn_neat: Crossover rejected: union topology invalid (edges=20 nodes=13)
2026-08-17 09:50:38,366 [DEBUG] cnn_neat: Split edge 2→3, new hidden node 8 (pool=12)
2026-08-17 09:50:38,370 [DEBUG] cnn_neat: Added edge 2→6 (from 18 candidates)
2026-08-17 09:50:38,375 [DEBUG] cnn_neat: Added edge 5→4 (from 17 candidates)
2026-08-17 09:50:38,380 [DEBUG] cnn_neat: Added edge 4→7 (from 14 candidates)
2026-08-17 09:50:38,384 [DEBUG] cnn_neat: Added edge 3→1 (from 13 candidates)
2026-08-17 09:50:38,390 [DEBUG] cnn_neat: Added edge 5→1 (from 12 candidates)
2026-08-17 09:50:38,394 [DEBUG] cnn_neat: Split edge 0→8, new hidden node 13 (pool=13)
2026-08-17 09:50:38,399 [DEBUG] cnn_neat: Added edge 4→12 (from 37 candidates)
2026-08-17 09:50:38,404 [DEBUG] cnn_neat: Removed hidden node 8 (pool=8)
2026-08-17 09:50:38,407 [DEBUG] cnn_neat: Removed edge 12→3 (from 11 candidates)
2026-08-17 09:50:38,415 [DEBUG] cnn_neat: Removed 3 edges (requested 3)
2026-08-17 09:50:38,419 [DEBUG] cnn_neat: Crossover rejected: union topology invalid (edges=19 nodes=13)
2026-08-17 09:50:38,424 [DEBUG] cnn_neat: Split edge 0→8, new hidden node 13 (pool=13)
2026-08-17 09:50:38,430 [DEBUG] cnn_neat: Added edge 2→11 (from 50 candidates)
2026-08-17 09:50:38,435 [DEBUG] cnn_neat: Added edge 11→10 (from 37 candidates)
2026-08-17 09:50:38,439 [DEBUG] cnn_neat: Added edge 4→3 (from 35 candidates)
2026-08-17 09:50:38,445 [DEBUG] cnn_neat: Added edge 3→8 (from 32 candidates)
2026-08-17 09:50:38,449 [DEBUG] cnn_neat: Added edge 11→2 (from 22 candidates)
2026-08-17 09:50:38,454 [DEBUG] cnn_neat: Added edge 12→9 (from 21 candidates)
2026-08-17 09:50:38,458 [DEBUG] cnn_neat: Split edge 3→10, new hidden node 12 (pool=12)
2026-08-17 09:50:38,462 [DEBUG] cnn_neat: Added edge 9→2 (from 34 candidates)
2026-08-17 09:50:38,467 [DEBUG] cnn_neat: Removed hidden node 11 (pool=7)
2026-08-17 09:50:38,470 [DEBUG] cnn_neat: Removed edge 8→9 (from 12 candidates)
2026-08-17 09:50:38,475 [DEBUG] cnn_neat: Removed 3 edges (requested 3)
2026-08-17 09:50:38,478 [DEBUG] cnn_neat: Crossover rejected: union topology invalid (edges=17 nodes=12)
2026-08-17 09:50:38,481 [DEBUG] cnn_neat: Split edge 2→1, new hidden node 12 (pool=12)
2026-08-17 09:50:38,485 [DEBUG] cnn_neat: Added edge 4→1 (from 34 candidates)
2026-08-17 09:50:38,488 [DEBUG] cnn_neat: Added edge 3→9 (from 33 candidates)
2026-08-17 09:50:38,492 [DEBUG] cnn_neat: Added edge 11→2 (from 31 candidates)
2026-08-17 09:50:38,495 [DEBUG] cnn_neat: Added edge 4→10 (from 29 candidates)
2026-08-17 09:50:38,499 [DEBUG] cnn_neat: Added edge 11→8 (from 27 candidates)
2026-08-17 09:50:38,503 [DEBUG] cnn_neat: Split edge 11→9, new hidden node 14 (pool=8)
2026-08-17 09:50:38,511 [DEBUG] cnn_neat: Added edge 2→11 (from 45 candidates)
2026-08-17 09:50:38,521 [DEBUG] cnn_neat: Removed hidden node 2 (pool=9)
2026-08-17 09:50:38,526 [DEBUG] cnn_neat: Removed edge 9→1 (from 15 candidates)
2026-08-17 09:50:38,536 [DEBUG] cnn_neat: Removed 3 edges (requested 3)
2026-08-17 09:50:38,541 [DEBUG] cnn_neat: Crossover rejected: union topology invalid (edges=27 nodes=15)
2026-08-17 09:50:38,547 [DEBUG] cnn_neat: Split edge 11→9, new hidden node 14 (pool=8)
2026-08-17 09:50:38,554 [DEBUG] cnn_neat: Added edge 3→11 (from 57 candidates)
2026-08-17 09:50:38,562 [DEBUG] cnn_neat: Added edge 3→13 (from 45 candidates)
2026-08-17 09:50:38,567 [DEBUG] cnn_neat: Added edge 12→4 (from 40 candidates)
2026-08-17 09:50:38,573 [DEBUG] cnn_neat: Added edge 10→4 (from 35 candidates)
2026-08-17 09:50:38,580 [DEBUG] cnn_neat: Added edge 11→12 (from 22 candidates)
2026-08-17 09:50:38,586 [DEBUG] cnn_neat: Added edge 12→9 (from 20 candidates)
2026-08-17 09:50:38,588 [DEBUG] cnn_neat: Split edge 3→4, new hidden node 7 (pool=8)
2026-08-17 09:50:38,591 [DEBUG] cnn_neat: Added edge 2→1 (from 8 candidates)
2026-08-17 09:50:38,596 [DEBUG] cnn_neat: Removed hidden node 6 (pool=4)
2026-08-17 09:50:38,598 [DEBUG] cnn_neat: Removed edge 0→6 (from 8 candidates)
2026-08-17 09:50:38,601 [DEBUG] cnn_neat: Removed 3 edges (requested 3)
2026-08-17 09:50:38,604 [DEBUG] cnn_neat: Crossover rejected: union topology invalid (edges=16 nodes=9)
2026-08-17 09:50:38,605 [DEBUG] cnn_neat: Split edge 3→1, new hidden node 7 (pool=8)
2026-08-17 09:50:38,607 [DEBUG] cnn_neat: Added edge 3→6 (from 8 candidates)
2026-08-17 09:50:38,609 [DEBUG] cnn_neat: Added edge 2→1 (from 6 candidates)
2026-08-17 09:50:38,611 [DEBUG] cnn_neat: Added edge 3→2 (from 5 candidates)
2026-08-17 09:50:38,613 [DEBUG] cnn_neat: Added edge 4→6 (from 4 candidates)
2026-08-17 09:50:38,616 [DEBUG] cnn_neat: Added edge 6→1 (from 2 candidates)
2026-08-17 09:50:38,618 [DEBUG] cnn_neat: Split edge 2→3, new hidden node 7 (pool=8)
2026-08-17 09:50:38,620 [DEBUG] cnn_neat: Added edge 4→1 (from 6 candidates)
2026-08-17 09:50:38,624 [DEBUG] cnn_neat: Removed hidden node 2 (pool=4)
2026-08-17 09:50:38,626 [DEBUG] cnn_neat: Removed edge 4→3 (from 8 candidates)
2026-08-17 09:50:38,629 [DEBUG] cnn_neat: Removed 3 edges (requested 3)
2026-08-17 09:50:38,633 [DEBUG] cnn_neat: Crossover union: A_edges=8 B_added=5 dup_skipped=0 child_edges=13 nodes=9
2026-08-17 09:50:38,636 [DEBUG] cnn_neat: Added edge 3→1 (from 6 candidates)
2026-08-17 09:50:38,639 [DEBUG] cnn_neat: Added edge 4→1 (from 5 candidates)
2026-08-17 09:50:38,642 [DEBUG] cnn_neat: Added edge 2→6 (from 4 candidates)
2026-08-17 09:50:38,646 [DEBUG] cnn_neat: Added edge 4→6 (from 3 candidates)
2026-08-17 09:50:38,650 [DEBUG] cnn_neat: Added edge 0→6 (from 2 candidates)
2026-08-17 09:50:38,653 [DEBUG] cnn_neat: Split edge 6→1, new hidden node 7 (pool=2)
2026-08-17 09:50:38,655 [DEBUG] cnn_neat: Split edge 3→4, new hidden node 8 (pool=6)
2026-08-17 09:50:38,658 [DEBUG] cnn_neat: Added edge 0→4 (from 4 candidates)
2026-08-17 09:50:38,661 [DEBUG] cnn_neat: Removed hidden node 3 (pool=2)
2026-08-17 09:50:38,662 [DEBUG] cnn_neat: Removed edge 0→3 (from 4 candidates)
2026-08-17 09:50:38,666 [DEBUG] cnn_neat: Removed 3 edges (requested 3)
2026-08-17 09:50:38,669 [DEBUG] cnn_neat: Crossover rejected: union topology invalid (edges=13 nodes=9)
2026-08-17 09:50:38,671 [DEBUG] cnn_neat: Split edge 0→6, new hidden node 7 (pool=2)
2026-08-17 09:50:38,675 [DEBUG] cnn_neat: Added edge 3→6 (from 4 candidates)
2026-08-17 09:50:38,677 [DEBUG] cnn_neat: Added edge 4→1 (from 3 candidates)
2026-08-17 09:50:38,680 [DEBUG] cnn_neat: Added edge 0→4 (from 2 candidates)
2026-08-17 09:50:38,683 [DEBUG] cnn_neat: Added edge 3→1 (from 2 candidates)
2026-08-17 09:50:38,685 [DEBUG] cnn_neat: Added edge 0→1 (from 1 candidates)
2026-08-17 09:50:38,689 [DEBUG] cnn_neat: Split edge 0→1, new hidden node 7 (pool=1)
2026-08-17 09:50:38,691 [DEBUG] cnn_neat: Split edge 4→1, new hidden node 6 (pool=2)
2026-08-17 09:50:38,694 [DEBUG] cnn_neat: Split edge 3→4, new hidden node 7 (pool=6)
2026-08-17 09:50:38,696 [DEBUG] cnn_neat: Added edge 5→4 (from 4 candidates)
2026-08-17 09:50:38,699 [DEBUG] cnn_neat: Removed hidden node 5 (pool=2)
2026-08-17 09:50:38,700 [DEBUG] cnn_neat: Split edge 4→1, new hidden node 5 (pool=3)
2026-08-17 09:50:38,702 [DEBUG] cnn_neat: Removed edge 5→3 (from 4 candidates)
2026-08-17 09:50:38,704 [DEBUG] cnn_neat: Removed 1 edges (requested 3)
2026-08-17 09:50:38,706 [DEBUG] cnn_neat: Split edge 4→1, new hidden node 6 (pool=4)
2026-08-17 09:50:38,709 [DEBUG] cnn_neat: Added edge 3→6 (from 6 candidates)
2026-08-17 09:50:38,712 [DEBUG] cnn_neat: Crossover rejected: union topology invalid (edges=16 nodes=10)
2026-08-17 09:50:38,715 [DEBUG] cnn_neat: Split edge 4→1, new hidden node 6 (pool=2)
2026-08-17 09:50:38,717 [DEBUG] cnn_neat: Added edge 0→3 (from 8 candidates)
2026-08-17 09:50:38,719 [DEBUG] cnn_neat: Added edge 5→1 (from 4 candidates)
2026-08-17 09:50:38,721 [DEBUG] cnn_neat: Added edge 3→1 (from 3 candidates)
2026-08-17 09:50:38,724 [DEBUG] cnn_neat: Added edge 0→3 (from 2 candidates)
2026-08-17 09:50:38,726 [DEBUG] cnn_neat: Added edge 0→1 (from 2 candidates)
2026-08-17 09:50:38,728 [DEBUG] cnn_neat: Added edge 5→4 (from 1 candidates)
2026-08-17 09:50:38,730 [DEBUG] cnn_neat: Split edge 0→1, new hidden node 6 (pool=1)
2026-08-17 09:50:38,733 [DEBUG] cnn_neat: Added edge 0→1 (from 7 candidates)
2026-08-17 09:50:38,735 [DEBUG] cnn_neat: Split edge 4→1, new hidden node 7 (pool=3)
2026-08-17 09:50:38,737 [DEBUG] cnn_neat: Split edge 4→7, new hidden node 8 (pool=8)
2026-08-17 09:50:38,738 [DEBUG] cnn_neat: Added edge 6→2 (from 14 candidates)
2026-08-17 09:50:38,742 [DEBUG] cnn_neat: Removed hidden node 5 (pool=3)
2026-08-17 09:50:38,744 [DEBUG] cnn_neat: Split edge 4→1, new hidden node 7 (pool=3)
2026-08-17 09:50:38,747 [DEBUG] cnn_neat: Removed edge 4→6 (from 5 candidates)
2026-08-17 09:50:38,748 [DEBUG] cnn_neat: Split edge 4→1, new hidden node 7 (pool=4)
2026-08-17 09:50:38,752 [DEBUG] cnn_neat: Removed 3 edges (requested 3)
2026-08-17 09:50:38,753 [DEBUG] cnn_neat: Split edge 4→1, new hidden node 6 (pool=4)
2026-08-17 09:50:38,755 [DEBUG] cnn_neat: Added edge 4→5 (from 19 candidates)
2026-08-17 09:50:38,759 [DEBUG] cnn_neat: Crossover rejected: copied edge has no live Conv2d
2026-08-17 09:50:38,761 [DEBUG] cnn_neat: Split edge 4→1, new hidden node 7 (pool=3)
2026-08-17 09:50:38,764 [DEBUG] cnn_neat: Added edge 5→6 (from 23 candidates)
2026-08-17 09:50:38,767 [DEBUG] cnn_neat: Added edge 5→1 (from 14 candidates)
2026-08-17 09:50:38,770 [DEBUG] cnn_neat: Added edge 5→6 (from 12 candidates)
2026-08-17 09:50:38,773 [DEBUG] cnn_neat: Added edge 4→5 (from 11 candidates)
2026-08-17 09:50:38,776 [DEBUG] cnn_neat: Added edge 0→5 (from 8 candidates)
2026-08-17 09:50:38,779 [DEBUG] cnn_neat: Added edge 3→2 (from 10 candidates)
2026-08-17 09:50:38,782 [DEBUG] cnn_neat: Split edge 2→3, new hidden node 7 (pool=4)
2026-08-17 09:50:38,786 [DEBUG] cnn_neat: Added edge 3→1 (from 5 candidates)
2026-08-17 09:50:38,790 [DEBUG] cnn_neat: Removed hidden node 2 (pool=3)
2026-08-17 09:50:38,792 [DEBUG] cnn_neat: Split edge 6→1, new hidden node 7 (pool=4)
2026-08-17 09:50:38,795 [DEBUG] cnn_neat: Removed edge 2→1 (from 5 candidates)
2026-08-17 09:50:38,799 [DEBUG] cnn_neat: Removed 3 edges (requested 3)
2026-08-17 09:50:38,801 [DEBUG] cnn_neat: Split edge 4→3, new hidden node 7 (pool=4)
2026-08-17 09:50:38,804 [DEBUG] cnn_neat: Crossover rejected: union topology invalid (edges=21 nodes=14)
2026-08-17 09:50:38,806 [DEBUG] cnn_neat: Split edge 2→1, new hidden node 7 (pool=4)
2026-08-17 09:50:38,808 [DEBUG] cnn_neat: Added edge 0→3 (from 11 candidates)
2026-08-17 09:50:38,810 [DEBUG] cnn_neat: Added edge 0→3 (from 5 candidates)
2026-08-17 09:50:38,812 [DEBUG] cnn_neat: Added edge 4→6 (from 6 candidates)
2026-08-17 09:50:38,815 [DEBUG] cnn_neat: Added edge 4→1 (from 5 candidates)
2026-08-17 09:50:38,817 [DEBUG] cnn_neat: Added edge 2→6 (from 4 candidates)
2026-08-17 09:50:38,820 [DEBUG] cnn_neat: Added edge 3→1 (from 3 candidates)
2026-08-17 09:50:38,821 [DEBUG] cnn_neat: Split edge 6→5, new hidden node 7 (pool=5)
2026-08-17 09:50:38,824 [DEBUG] cnn_neat: Added edge 3→6 (from 9 candidates)
2026-08-17 09:50:38,826 [DEBUG] cnn_neat: Added edge 0→6 (from 6 candidates)
2026-08-17 09:50:38,828 [DEBUG] cnn_neat: Split edge 0→3, new hidden node 7 (pool=5)
2026-08-17 09:50:38,830 [DEBUG] cnn_neat: Added edge 0→6 (from 9 candidates)
2026-08-17 09:50:38,833 [DEBUG] cnn_neat: Split edge 3→4, new hidden node 7 (pool=5)
2026-08-17 09:50:38,834 [DEBUG] cnn_neat: Added edge 0→4 (from 9 candidates)
2026-08-17 09:50:38,837 [DEBUG] cnn_neat: Split edge 4→6, new hidden node 7 (pool=5)
2026-08-17 09:50:38,839 [DEBUG] cnn_neat: Added edge 0→4 (from 9 candidates)
2026-08-17 09:50:38,842 [DEBUG] cnn_neat: Crossover rejected: union topology invalid (edges=17 nodes=12)
2026-08-17 09:50:38,843 [DEBUG] cnn_neat: Split edge 3→4, new hidden node 7 (pool=5)
2026-08-17 09:50:38,845 [DEBUG] cnn_neat: Added edge 6→1 (from 9 candidates)
2026-08-17 09:50:38,847 [DEBUG] cnn_neat: Added edge 3→6 (from 6 candidates)
2026-08-17 09:50:38,849 [DEBUG] cnn_neat: Added edge 4→5 (from 7 candidates)
2026-08-17 09:50:38,851 [DEBUG] cnn_neat: Added edge 0→4 (from 6 candidates)
2026-08-17 09:50:38,853 [DEBUG] cnn_neat: Added edge 3→5 (from 6 candidates)
2026-08-17 09:50:38,856 [DEBUG] cnn_neat: Added edge 6→1 (from 5 candidates)
2026-08-17 09:50:38,860 [DEBUG] cnn_neat: Split edge 0→1, new hidden node 6 (pool=1)
2026-08-17 09:50:38,863 [DEBUG] cnn_neat: Split edge 5→1, new hidden node 7 (pool=9)
2026-08-17 09:50:38,865 [DEBUG] cnn_neat: Added edge 4→5 (from 4 candidates)
2026-08-17 09:50:38,869 [DEBUG] cnn_neat: Removed hidden node 3 (pool=3)
2026-08-17 09:50:38,870 [DEBUG] cnn_neat: Split edge 0→1, new hidden node 6 (pool=1)
2026-08-17 09:50:38,872 [DEBUG] cnn_neat: Added edge 4→6 (from 7 candidates)
2026-08-17 09:50:38,874 [DEBUG] cnn_neat: Removed edge 4→1 (from 7 candidates)
2026-08-17 09:50:38,876 [DEBUG] cnn_neat: Split edge 0→1, new hidden node 6 (pool=1)
2026-08-17 09:50:38,879 [DEBUG] cnn_neat: Removed 3 edges (requested 3)
2026-08-17 09:50:38,882 [DEBUG] cnn_neat: Crossover rejected: union topology invalid (edges=13 nodes=8)
2026-08-17 09:50:38,884 [DEBUG] cnn_neat: Split edge 0→1, new hidden node 6 (pool=1)
2026-08-17 09:50:38,886 [DEBUG] cnn_neat: Added edge 0→1 (from 11 candidates)
2026-08-17 09:50:38,890 [DEBUG] cnn_neat: Removed hidden node 4 (pool=4)
2026-08-17 09:50:38,892 [DEBUG] cnn_neat: Added edge 5→3 (from 4 candidates)
2026-08-17 09:50:38,894 [DEBUG] cnn_neat: Added edge 5→4 (from 1 candidates)
2026-08-17 09:50:38,900 [DEBUG] cnn_neat: Split edge 0→1, new hidden node 6 (pool=1)
2026-08-17 09:50:38,903 [DEBUG] cnn_neat: Split edge 5→1, new hidden node 7 (pool=6)
2026-08-17 09:50:38,905 [DEBUG] cnn_neat: Added edge 3→5 (from 7 candidates)
2026-08-17 09:50:38,908 [DEBUG] cnn_neat: Split edge 3→5, new hidden node 7 (pool=7)
2026-08-17 09:50:38,913 [DEBUG] cnn_neat: Removed hidden node 4 (pool=1)
2026-08-17 09:50:38,914 [DEBUG] cnn_neat: Split edge 6→5, new hidden node 7 (pool=4)
2026-08-17 09:50:38,915 [DEBUG] cnn_neat: Generation bred 128 offspring from 26 parents (queue=128 enqueued=0)
2026-08-17 09:50:38,922 [DEBUG] cnn_neat: Generation 6 formed (128 models, elite_queue=128, breeders=26, offspring=128) | evaluated total: 768 | avg cycle ~9 мин 11 с (last 5 of ≤5, no MAX_GENERATIONS limit)
2026-08-17 09:58:22,761 [DEBUG] cnn_neat: Saved generation 6
2026-08-17 09:58:22,834 [DEBUG] cnn_neat: Selected 25 elite individuals
2026-08-17 09:58:22,948 [DEBUG] cnn_neat: Trimmed elite queue to 128 entries
2026-08-17 09:58:22,950 [DEBUG] cnn_neat: Split edge 0→5, new hidden node 7 (pool=6)
2026-08-17 09:58:22,954 [DEBUG] cnn_neat: Added edge 0→4 (from 8 candidates)
2026-08-17 09:58:22,959 [DEBUG] cnn_neat: Removed hidden node 6 (pool=4)
2026-08-17 09:58:22,962 [DEBUG] cnn_neat: Removed edge 5→2 (from 11 candidates)
2026-08-17 09:58:22,966 [DEBUG] cnn_neat: Removed 3 edges (requested 3)
2026-08-17 09:58:22,969 [DEBUG] cnn_neat: Crossover rejected: union topology invalid (edges=20 nodes=12)
2026-08-17 09:58:22,971 [DEBUG] cnn_neat: Split edge 3→5, new hidden node 7 (pool=6)
2026-08-17 09:58:22,973 [DEBUG] cnn_neat: Added edge 0→2 (from 8 candidates)
2026-08-17 09:58:22,975 [DEBUG] cnn_neat: Added edge 6→5 (from 7 candidates)
2026-08-17 09:58:22,977 [DEBUG] cnn_neat: Added edge 5→1 (from 5 candidates)
2026-08-17 09:58:22,980 [DEBUG] cnn_neat: Added edge 0→6 (from 4 candidates)
2026-08-17 09:58:22,984 [DEBUG] cnn_neat: Added edge 2→1 (from 2 candidates)
2026-08-17 09:58:22,987 [DEBUG] cnn_neat: Split edge 10→1, new hidden node 12 (pool=5)
2026-08-17 09:58:22,990 [DEBUG] cnn_neat: Added edge 10→11 (from 24 candidates)
2026-08-17 09:58:22,995 [DEBUG] cnn_neat: Removed hidden node 3 (pool=6)
2026-08-17 09:58:22,998 [DEBUG] cnn_neat: Removed edge 10→1 (from 6 candidates)
2026-08-17 09:58:23,001 [DEBUG] cnn_neat: Removed 3 edges (requested 3)
2026-08-17 09:58:23,005 [DEBUG] cnn_neat: Crossover rejected: union topology invalid (edges=20 nodes=13)
2026-08-17 09:58:23,008 [DEBUG] cnn_neat: Split edge 9→10, new hidden node 12 (pool=5)
2026-08-17 09:58:23,012 [DEBUG] cnn_neat: Added edge 5→1 (from 24 candidates)
2026-08-17 09:58:23,015 [DEBUG] cnn_neat: Added edge 4→11 (from 23 candidates)
2026-08-17 09:58:23,018 [DEBUG] cnn_neat: Added edge 3→10 (from 19 candidates)
2026-08-17 09:58:23,021 [DEBUG] cnn_neat: Added edge 10→11 (from 16 candidates)
2026-08-17 09:58:23,025 [DEBUG] cnn_neat: Added edge 5→10 (from 14 candidates)
2026-08-17 09:58:23,028 [DEBUG] cnn_neat: Split edge 4→2, new hidden node 13 (pool=7)
2026-08-17 09:58:23,032 [DEBUG] cnn_neat: Added edge 9→12 (from 42 candidates)
2026-08-17 09:58:23,037 [DEBUG] cnn_neat: Removed hidden node 3 (pool=8)
2026-08-17 09:58:23,040 [DEBUG] cnn_neat: Removed edge 3→10 (from 7 candidates)
2026-08-17 09:58:23,044 [DEBUG] cnn_neat: Removed 3 edges (requested 3)
2026-08-17 09:58:23,048 [DEBUG] cnn_neat: Crossover rejected: union topology invalid (edges=21 nodes=15)
2026-08-17 09:58:23,052 [DEBUG] cnn_neat: Split edge 0→4, new hidden node 13 (pool=7)
2026-08-17 09:58:23,057 [DEBUG] cnn_neat: Added edge 10→12 (from 42 candidates)
2026-08-17 09:58:23,060 [DEBUG] cnn_neat: Added edge 8→12 (from 37 candidates)
2026-08-17 09:58:23,065 [DEBUG] cnn_neat: Added edge 8→10 (from 36 candidates)
2026-08-17 09:58:23,069 [DEBUG] cnn_neat: Added edge 11→3 (from 36 candidates)
2026-08-17 09:58:23,075 [DEBUG] cnn_neat: Added edge 0→10 (from 29 candidates)
2026-08-17 09:58:23,079 [DEBUG] cnn_neat: Split edge 3→4, new hidden node 7 (pool=9)
2026-08-17 09:58:23,082 [DEBUG] cnn_neat: Added edge 6→5 (from 9 candidates)
2026-08-17 09:58:23,087 [DEBUG] cnn_neat: Removed hidden node 3 (pool=4)
2026-08-17 09:58:23,090 [DEBUG] cnn_neat: Removed edge 0→3 (from 9 candidates)
2026-08-17 09:58:23,095 [DEBUG] cnn_neat: Removed 3 edges (requested 3)
2026-08-17 09:58:23,099 [DEBUG] cnn_neat: Crossover rejected: union topology invalid (edges=23 nodes=14)
2026-08-17 09:58:23,102 [DEBUG] cnn_neat: Split edge 4→5, new hidden node 7 (pool=9)
2026-08-17 09:58:23,105 [DEBUG] cnn_neat: Added edge 6→4 (from 9 candidates)
2026-08-17 09:58:23,108 [DEBUG] cnn_neat: Added edge 0→1 (from 6 candidates)
2026-08-17 09:58:23,111 [DEBUG] cnn_neat: Added edge 6→5 (from 5 candidates)
2026-08-17 09:58:23,113 [DEBUG] cnn_neat: Added edge 3→5 (from 4 candidates)
2026-08-17 09:58:23,116 [DEBUG] cnn_neat: Added edge 3→6 (from 3 candidates)
2026-08-17 09:58:23,120 [DEBUG] cnn_neat: Split edge 3→4, new hidden node 7 (pool=12)
2026-08-17 09:58:23,124 [DEBUG] cnn_neat: Added edge 0→2 (from 1 candidates)
2026-08-17 09:58:23,131 [DEBUG] cnn_neat: Removed hidden node 3 (pool=4)
2026-08-17 09:58:23,136 [DEBUG] cnn_neat: Removed edge 3→2 (from 13 candidates)
2026-08-17 09:58:23,143 [DEBUG] cnn_neat: Removed 3 edges (requested 3)
2026-08-17 09:58:23,148 [DEBUG] cnn_neat: Crossover rejected: union topology invalid (edges=21 nodes=11)
2026-08-17 09:58:23,151 [DEBUG] cnn_neat: Split edge 3→2, new hidden node 7 (pool=12)
2026-08-17 09:58:23,156 [DEBUG] cnn_neat: Added edge 0→2 (from 1 candidates)
2026-08-17 09:58:23,160 [DEBUG] cnn_neat: Added edge 0→1 (from 1 candidates)
2026-08-17 09:58:23,171 [DEBUG] cnn_neat: Split edge 0→9, new hidden node 12 (pool=7)
2026-08-17 09:58:23,174 [DEBUG] cnn_neat: Added edge 10→4 (from 24 candidates)
2026-08-17 09:58:23,179 [DEBUG] cnn_neat: Removed hidden node 9 (pool=6)
2026-08-17 09:58:23,181 [DEBUG] cnn_neat: Removed edge 10→1 (from 8 candidates)
2026-08-17 09:58:23,186 [DEBUG] cnn_neat: Removed 3 edges (requested 3)
2026-08-17 09:58:23,189 [DEBUG] cnn_neat: Crossover rejected: union topology invalid (edges=23 nodes=14)
2026-08-17 09:58:23,193 [DEBUG] cnn_neat: Split edge 0→4, new hidden node 12 (pool=7)
2026-08-17 09:58:23,195 [DEBUG] cnn_neat: Added edge 4→10 (from 24 candidates)
2026-08-17 09:58:23,198 [DEBUG] cnn_neat: Added edge 5→10 (from 20 candidates)
2026-08-17 09:58:23,201 [DEBUG] cnn_neat: Added edge 11→9 (from 19 candidates)
2026-08-17 09:58:23,204 [DEBUG] cnn_neat: Added edge 4→11 (from 17 candidates)
2026-08-17 09:58:23,208 [DEBUG] cnn_neat: Added edge 11→1 (from 10 candidates)
2026-08-17 09:58:23,210 [DEBUG] cnn_neat: Split edge 3→4, new hidden node 7 (pool=3)
2026-08-17 09:58:23,212 [DEBUG] cnn_neat: Added edge 3→6 (from 12 candidates)
2026-08-17 09:58:23,214 [DEBUG] cnn_neat: Removed hidden node 6 (pool=3)
2026-08-17 09:58:23,216 [DEBUG] cnn_neat: Split edge 4→1, new hidden node 6 (pool=3)
2026-08-17 09:58:23,217 [DEBUG] cnn_neat: Added edge 2→4 (from 16 candidates)
2026-08-17 09:58:23,219 [DEBUG] cnn_neat: Removed edge 6→1 (from 4 candidates)
2026-08-17 09:58:23,221 [DEBUG] cnn_neat: Removed 3 edges (requested 3)
2026-08-17 09:58:23,223 [DEBUG] cnn_neat: Split edge 3→4, new hidden node 6 (pool=3)
2026-08-17 09:58:23,224 [DEBUG] cnn_neat: Added edge 2→1 (from 16 candidates)
2026-08-17 09:58:23,227 [DEBUG] cnn_neat: Crossover rejected: union topology invalid (edges=17 nodes=13)
2026-08-17 09:58:23,229 [DEBUG] cnn_neat: Split edge 3→4, new hidden node 7 (pool=3)
2026-08-17 09:58:23,231 [DEBUG] cnn_neat: Added edge 5→4 (from 16 candidates)
2026-08-17 09:58:23,233 [DEBUG] cnn_neat: Added edge 3→6 (from 12 candidates)
2026-08-17 09:58:23,235 [DEBUG] cnn_neat: Added edge 5→6 (from 11 candidates)
2026-08-17 09:58:23,237 [DEBUG] cnn_neat: Added edge 4→2 (from 9 candidates)
2026-08-17 09:58:23,239 [DEBUG] cnn_neat: Added edge 5→1 (from 9 candidates)
2026-08-17 09:58:23,242 [DEBUG] cnn_neat: Added edge 5→4 (from 8 candidates)
2026-08-17 09:58:23,245 [DEBUG] cnn_neat: Split edge 7→5, new hidden node 8 (pool=10)
2026-08-17 09:58:23,248 [DEBUG] cnn_neat: Added edge 4→6 (from 14 candidates)
2026-08-17 09:58:23,251 [DEBUG] cnn_neat: Split edge 4→5, new hidden node 8 (pool=11)
2026-08-17 09:58:23,256 [DEBUG] cnn_neat: Removed hidden node 6 (pool=5)
2026-08-17 09:58:23,258 [DEBUG] cnn_neat: Removed edge 4→5 (from 11 candidates)
2026-08-17 09:58:23,263 [DEBUG] cnn_neat: Removed 3 edges (requested 3)
2026-08-17 09:58:23,266 [DEBUG] cnn_neat: Crossover rejected: union topology invalid (edges=24 nodes=12)
2026-08-17 09:58:23,269 [DEBUG] cnn_neat: Split edge 7→5, new hidden node 8 (pool=10)
2026-08-17 09:58:23,273 [DEBUG] cnn_neat: Added edge 6→5 (from 22 candidates)
2026-08-17 09:58:23,276 [DEBUG] cnn_neat: Added edge 6→4 (from 14 candidates)
2026-08-17 09:58:23,278 [DEBUG] cnn_neat: Added edge 3→5 (from 11 candidates)
2026-08-17 09:58:23,281 [DEBUG] cnn_neat: Added edge 7→3 (from 10 candidates)
2026-08-17 09:58:23,284 [DEBUG] cnn_neat: Added edge 6→7 (from 7 candidates)
2026-08-17 09:58:23,288 [DEBUG] cnn_neat: Added edge 7→1 (from 4 candidates)
2026-08-17 09:58:23,290 [DEBUG] cnn_neat: Split edge 4→1, new hidden node 7 (pool=4)
2026-08-17 09:58:23,292 [DEBUG] cnn_neat: Added edge 3→6 (from 9 candidates)
2026-08-17 09:58:23,296 [DEBUG] cnn_neat: Removed hidden node 4 (pool=4)
2026-08-17 09:58:23,298 [DEBUG] cnn_neat: Removed edge 4→1 (from 7 candidates)
2026-08-17 09:58:23,301 [DEBUG] cnn_neat: Removed 3 edges (requested 3)
2026-08-17 09:58:23,302 [DEBUG] cnn_neat: Split edge 3→4, new hidden node 6 (pool=4)
2026-08-17 09:58:23,305 [DEBUG] cnn_neat: Crossover rejected: union topology invalid (edges=22 nodes=12)
2026-08-17 09:58:23,307 [DEBUG] cnn_neat: Split edge 5→1, new hidden node 7 (pool=4)
2026-08-17 09:58:23,309 [DEBUG] cnn_neat: Added edge 5→6 (from 9 candidates)
2026-08-17 09:58:23,312 [DEBUG] cnn_neat: Added edge 0→5 (from 8 candidates)
2026-08-17 09:58:23,314 [DEBUG] cnn_neat: Added edge 2→6 (from 10 candidates)
2026-08-17 09:58:23,317 [DEBUG] cnn_neat: Added edge 3→2 (from 8 candidates)
2026-08-17 09:58:23,320 [DEBUG] cnn_neat: Added edge 3→6 (from 7 candidates)
2026-08-17 09:58:23,322 [DEBUG] cnn_neat: Split edge 5→4, new hidden node 6 (pool=3)
2026-08-17 09:58:23,324 [DEBUG] cnn_neat: Added edge 0→3 (from 3 candidates)
2026-08-17 09:58:23,327 [DEBUG] cnn_neat: Removed hidden node 3 (pool=2)
2026-08-17 09:58:23,328 [DEBUG] cnn_neat: Removed edge 5→3 (from 5 candidates)
2026-08-17 09:58:23,331 [DEBUG] cnn_neat: Removed 3 edges (requested 3)
2026-08-17 09:58:23,333 [DEBUG] cnn_neat: Crossover rejected: union topology invalid (edges=17 nodes=11)
2026-08-17 09:58:23,335 [DEBUG] cnn_neat: Split edge 5→4, new hidden node 6 (pool=3)
2026-08-17 09:58:23,337 [DEBUG] cnn_neat: Added edge 3→6 (from 8 candidates)
2026-08-17 09:58:23,339 [DEBUG] cnn_neat: Added edge 3→1 (from 3 candidates)
2026-08-17 09:58:23,341 [DEBUG] cnn_neat: Added edge 5→1 (from 2 candidates)
2026-08-17 09:58:23,343 [DEBUG] cnn_neat: Added edge 0→3 (from 1 candidates)
2026-08-17 09:58:23,345 [DEBUG] cnn_neat: Added edge 0→1 (from 1 candidates)
2026-08-17 09:58:23,348 [DEBUG] cnn_neat: Split edge 0→1, new hidden node 6 (pool=1)
2026-08-17 09:58:23,351 [DEBUG] cnn_neat: Added edge 5→6 (from 7 candidates)
2026-08-17 09:58:23,354 [DEBUG] cnn_neat: Split edge 10→1, new hidden node 14 (pool=5)
2026-08-17 09:58:23,358 [DEBUG] cnn_neat: Added edge 2→12 (from 53 candidates)
2026-08-17 09:58:23,364 [DEBUG] cnn_neat: Removed hidden node 12 (pool=9)
2026-08-17 09:58:23,367 [DEBUG] cnn_neat: Removed edge 2→1 (from 10 candidates)
2026-08-17 09:58:23,371 [DEBUG] cnn_neat: Removed 3 edges (requested 3)
2026-08-17 09:58:23,375 [DEBUG] cnn_neat: Crossover rejected: union topology invalid (edges=23 nodes=16)
2026-08-17 09:58:23,378 [DEBUG] cnn_neat: Split edge 4→2, new hidden node 14 (pool=5)
2026-08-17 09:58:23,382 [DEBUG] cnn_neat: Added edge 13→3 (from 53 candidates)
2026-08-17 09:58:23,386 [DEBUG] cnn_neat: Added edge 4→11 (from 46 candidates)
2026-08-17 09:58:23,390 [DEBUG] cnn_neat: Added edge 4→10 (from 41 candidates)
2026-08-17 09:58:23,394 [DEBUG] cnn_neat: Added edge 12→10 (from 40 candidates)
2026-08-17 09:58:23,399 [DEBUG] cnn_neat: Added edge 12→3 (from 35 candidates)
2026-08-17 09:58:23,401 [DEBUG] cnn_neat: Split edge 4→3, new hidden node 8 (pool=7)
2026-08-17 09:58:23,404 [DEBUG] cnn_neat: Added edge 7→4 (from 10 candidates)
2026-08-17 09:58:23,408 [DEBUG] cnn_neat: Removed hidden node 2 (pool=5)
2026-08-17 09:58:23,410 [DEBUG] cnn_neat: Removed edge 4→3 (from 9 candidates)
2026-08-17 09:58:23,414 [DEBUG] cnn_neat: Removed 3 edges (requested 3)
2026-08-17 09:58:23,417 [DEBUG] cnn_neat: Crossover rejected: union topology invalid (edges=20 nodes=12)
2026-08-17 09:58:23,420 [DEBUG] cnn_neat: Split edge 7→3, new hidden node 8 (pool=7)
2026-08-17 09:58:23,422 [DEBUG] cnn_neat: Added edge 0→3 (from 10 candidates)
2026-08-17 09:58:23,425 [DEBUG] cnn_neat: Added edge 4→7 (from 12 candidates)
2026-08-17 09:58:23,428 [DEBUG] cnn_neat: Added edge 0→2 (from 10 candidates)
2026-08-17 09:58:23,430 [DEBUG] cnn_neat: Added edge 2→7 (from 8 candidates)
2026-08-17 09:58:23,433 [DEBUG] cnn_neat: Added edge 2→6 (from 6 candidates)
2026-08-17 09:58:23,435 [DEBUG] cnn_neat: Split edge 4→1, new hidden node 11 (pool=7)
2026-08-17 09:58:23,440 [DEBUG] cnn_neat: Added edge 4→9 (from 18 candidates)
2026-08-17 09:58:23,444 [DEBUG] cnn_neat: Removed hidden node 5 (pool=5)
2026-08-17 09:58:23,447 [DEBUG] cnn_neat: Removed edge 4→1 (from 7 candidates)
2026-08-17 09:58:23,451 [DEBUG] cnn_neat: Removed 3 edges (requested 3)
2026-08-17 09:58:23,453 [DEBUG] cnn_neat: Crossover rejected: union topology invalid (edges=16 nodes=12)
2026-08-17 09:58:23,455 [DEBUG] cnn_neat: Split edge 0→4, new hidden node 11 (pool=7)
2026-08-17 09:58:23,458 [DEBUG] cnn_neat: Added edge 5→1 (from 18 candidates)
2026-08-17 09:58:23,460 [DEBUG] cnn_neat: Added edge 9→4 (from 17 candidates)
2026-08-17 09:58:23,462 [DEBUG] cnn_neat: Added edge 10→5 (from 15 candidates)
2026-08-17 09:58:23,465 [DEBUG] cnn_neat: Added edge 5→4 (from 10 candidates)
2026-08-17 09:58:23,468 [DEBUG] cnn_neat: Added edge 3→1 (from 7 candidates)
2026-08-17 09:58:23,470 [DEBUG] cnn_neat: Split edge 0→4, new hidden node 6 (pool=2)
2026-08-17 09:58:23,472 [DEBUG] cnn_neat: Split edge 6→4, new hidden node 7 (pool=6)
2026-08-17 09:58:23,473 [DEBUG] cnn_neat: Added edge 5→4 (from 4 candidates)
2026-08-17 09:58:23,475 [DEBUG] cnn_neat: Split edge 5→4, new hidden node 6 (pool=3)
2026-08-17 09:58:23,477 [DEBUG] cnn_neat: Added edge 0→6 (from 8 candidates)
2026-08-17 09:58:23,479 [DEBUG] cnn_neat: Removed hidden node 3 (pool=2)
2026-08-17 09:58:23,480 [DEBUG] cnn_neat: Split edge 4→1, new hidden node 6 (pool=3)
2026-08-17 09:58:23,482 [DEBUG] cnn_neat: Removed edge 0→4 (from 4 candidates)
2026-08-17 09:58:23,483 [DEBUG] cnn_neat: Split edge 3→4, new hidden node 6 (pool=4)
2026-08-17 09:58:23,485 [DEBUG] cnn_neat: Removed 1 edges (requested 3)
2026-08-17 09:58:23,486 [DEBUG] cnn_neat: Split edge 3→4, new hidden node 6 (pool=4)
2026-08-17 09:58:23,488 [DEBUG] cnn_neat: Added edge 0→6 (from 6 candidates)
2026-08-17 09:58:23,490 [DEBUG] cnn_neat: Crossover rejected: union topology invalid (edges=17 nodes=11)
2026-08-17 09:58:23,492 [DEBUG] cnn_neat: Split edge 0→4, new hidden node 6 (pool=2)
2026-08-17 09:58:23,494 [DEBUG] cnn_neat: Added edge 6→5 (from 10 candidates)
2026-08-17 09:58:23,495 [DEBUG] cnn_neat: Added edge 0→3 (from 4 candidates)
2026-08-17 09:58:23,497 [DEBUG] cnn_neat: Added edge 5→4 (from 4 candidates)
2026-08-17 09:58:23,499 [DEBUG] cnn_neat: Added edge 0→1 (from 3 candidates)
2026-08-17 09:58:23,501 [DEBUG] cnn_neat: Added edge 5→1 (from 2 candidates)
2026-08-17 09:58:23,503 [DEBUG] cnn_neat: Added edge 3→1 (from 1 candidates)
2026-08-17 09:58:23,506 [DEBUG] cnn_neat: Split edge 0→1, new hidden node 6 (pool=1)
2026-08-17 09:58:23,508 [DEBUG] cnn_neat: Added edge 6→5 (from 7 candidates)
2026-08-17 09:58:23,513 [DEBUG] cnn_neat: Removed hidden node 3 (pool=4)
2026-08-17 09:58:23,516 [DEBUG] cnn_neat: Split edge 0→4, new hidden node 11 (pool=7)
2026-08-17 09:58:23,519 [DEBUG] cnn_neat: Added edge 10→5 (from 15 candidates)
2026-08-17 09:58:23,523 [DEBUG] cnn_neat: Removed hidden node 9 (pool=5)
2026-08-17 09:58:23,526 [DEBUG] cnn_neat: Removed edge 9→1 (from 7 candidates)
2026-08-17 09:58:23,530 [DEBUG] cnn_neat: Removed 3 edges (requested 3)
2026-08-17 09:58:23,533 [DEBUG] cnn_neat: Crossover rejected: union topology invalid (edges=18 nodes=12)
2026-08-17 09:58:23,536 [DEBUG] cnn_neat: Split edge 4→1, new hidden node 11 (pool=7)
2026-08-17 09:58:23,538 [DEBUG] cnn_neat: Added edge 10→3 (from 15 candidates)
2026-08-17 09:58:23,541 [DEBUG] cnn_neat: Added edge 5→10 (from 10 candidates)
2026-08-17 09:58:23,544 [DEBUG] cnn_neat: Added edge 9→5 (from 8 candidates)
2026-08-17 09:58:23,547 [DEBUG] cnn_neat: Added edge 5→4 (from 6 candidates)
2026-08-17 09:58:23,550 [DEBUG] cnn_neat: Added edge 10→4 (from 5 candidates)
2026-08-17 09:58:23,552 [DEBUG] cnn_neat: Split edge 0→3, new hidden node 7 (pool=3)
2026-08-17 09:58:23,554 [DEBUG] cnn_neat: Added edge 6→5 (from 14 candidates)
2026-08-17 09:58:23,556 [DEBUG] cnn_neat: Removed hidden node 6 (pool=3)
2026-08-17 09:58:23,558 [DEBUG] cnn_neat: Split edge 4→1, new hidden node 6 (pool=3)
2026-08-17 09:58:23,560 [DEBUG] cnn_neat: Added edge 4→2 (from 16 candidates)
2026-08-17 09:58:23,562 [DEBUG] cnn_neat: Removed edge 3→5 (from 5 candidates)
2026-08-17 09:58:23,566 [DEBUG] cnn_neat: Removed 3 edges (requested 3)
2026-08-17 09:58:23,567 [DEBUG] cnn_neat: Split edge 0→3, new hidden node 6 (pool=4)
2026-08-17 09:58:23,570 [DEBUG] cnn_neat: Added edge 6→4 (from 8 candidates)
2026-08-17 09:58:23,573 [DEBUG] cnn_neat: Crossover rejected: union topology invalid (edges=19 nodes=13)
2026-08-17 09:58:23,576 [DEBUG] cnn_neat: Split edge 4→1, new hidden node 7 (pool=3)
2026-08-17 09:58:23,579 [DEBUG] cnn_neat: Added edge 6→2 (from 23 candidates)
2026-08-17 09:58:23,581 [DEBUG] cnn_neat: Added edge 3→2 (from 14 candidates)
2026-08-17 09:58:23,583 [DEBUG] cnn_neat: Added edge 6→2 (from 15 candidates)
2026-08-17 09:58:23,586 [DEBUG] cnn_neat: Added edge 2→1 (from 12 candidates)
2026-08-17 09:58:23,590 [DEBUG] cnn_neat: Added edge 0→6 (from 10 candidates)
2026-08-17 09:58:23,592 [DEBUG] cnn_neat: Added edge 0→4 (from 11 candidates)
2026-08-17 09:58:23,594 [DEBUG] cnn_neat: Split edge 4→1, new hidden node 7 (pool=3)
2026-08-17 09:58:23,597 [DEBUG] cnn_neat: Split edge 4→7, new hidden node 8 (pool=6)
2026-08-17 09:58:23,599 [DEBUG] cnn_neat: Added edge 3→6 (from 3 candidates)
2026-08-17 09:58:23,601 [DEBUG] cnn_neat: Split edge 0→3, new hidden node 7 (pool=6)
2026-08-17 09:58:23,603 [DEBUG] cnn_neat: Added edge 7→4 (from 5 candidates)
2026-08-17 09:58:23,607 [DEBUG] cnn_neat: Removed hidden node 6 (pool=1)
2026-08-17 09:58:23,609 [DEBUG] cnn_neat: Split edge 3→4, new hidden node 5 (pool=3)
2026-08-17 09:58:23,611 [DEBUG] cnn_neat: Added edge 0→4 (from 4 candidates)
2026-08-17 09:58:23,614 [DEBUG] cnn_neat: Removed hidden node 5 (pool=2)
2026-08-17 09:58:23,618 [DEBUG] cnn_neat: Removed edge 6→1 (from 3 candidates)
2026-08-17 09:58:23,619 [DEBUG] cnn_neat: Split edge 0→3, new hidden node 7 (pool=3)
2026-08-17 09:58:23,622 [DEBUG] cnn_neat: Removed 2 edges (requested 3)
2026-08-17 09:58:23,624 [DEBUG] cnn_neat: Split edge 3→4, new hidden node 5 (pool=3)
2026-08-17 09:58:23,626 [DEBUG] cnn_neat: Added edge 3→4 (from 4 candidates)
2026-08-17 09:58:23,629 [DEBUG] cnn_neat: Removed hidden node 5 (pool=1)
2026-08-17 09:58:23,633 [DEBUG] cnn_neat: Split edge 4→1, new hidden node 5 (pool=3)
2026-08-17 09:58:23,634 [DEBUG] cnn_neat: Split edge 4→5, new hidden node 6 (pool=4)
2026-08-17 09:58:23,636 [DEBUG] cnn_neat: Added edge 0→4 (from 4 candidates)
2026-08-17 09:58:23,637 [DEBUG] cnn_neat: Weight mutation: 4 conv modules updated (direct tensor perturbation)
2026-08-17 09:58:23,640 [DEBUG] cnn_neat: Crossover rejected: copied edge has no live Conv2d
2026-08-17 09:58:23,643 [DEBUG] cnn_neat: Split edge 4→1, new hidden node 7 (pool=3)
2026-08-17 09:58:23,646 [DEBUG] cnn_neat: Added edge 0→4 (from 6 candidates)
2026-08-17 09:58:23,648 [DEBUG] cnn_neat: Added edge 3→6 (from 3 candidates)
2026-08-17 09:58:23,651 [DEBUG] cnn_neat: Added edge 3→1 (from 3 candidates)
2026-08-17 09:58:23,654 [DEBUG] cnn_neat: Added edge 0→6 (from 2 candidates)
2026-08-17 09:58:23,657 [DEBUG] cnn_neat: Added edge 0→4 (from 1 candidates)
2026-08-17 09:58:23,660 [DEBUG] cnn_neat: Added edge 0→1 (from 1 candidates)
2026-08-17 09:58:23,663 [DEBUG] cnn_neat: Split edge 0→1, new hidden node 7 (pool=1)
2026-08-17 09:58:23,666 [DEBUG] cnn_neat: Added edge 7→3 (from 7 candidates)
2026-08-17 09:58:23,669 [DEBUG] cnn_neat: Split edge 4→5, new hidden node 7 (pool=4)
2026-08-17 09:58:23,671 [DEBUG] cnn_neat: Added edge 6→2 (from 11 candidates)
2026-08-17 09:58:23,675 [DEBUG] cnn_neat: Removed hidden node 6 (pool=3)
2026-08-17 09:58:23,678 [DEBUG] cnn_neat: Split edge 4→5, new hidden node 6 (pool=4)
2026-08-17 09:58:23,679 [DEBUG] cnn_neat: Removed edge 4→1 (from 5 candidates)
2026-08-17 09:58:23,682 [DEBUG] cnn_neat: Removed 3 edges (requested 3)
2026-08-17 09:58:23,684 [DEBUG] cnn_neat: Crossover rejected: copied edge has no live Conv2d
2026-08-17 09:58:23,686 [DEBUG] cnn_neat: Split edge 0→3, new hidden node 7 (pool=4)
2026-08-17 09:58:23,688 [DEBUG] cnn_neat: Added edge 0→3 (from 14 candidates)
2026-08-17 09:58:23,690 [DEBUG] cnn_neat: Added edge 6→2 (from 11 candidates)
2026-08-17 09:58:23,692 [DEBUG] cnn_neat: Added edge 6→5 (from 10 candidates)
2026-08-17 09:58:23,694 [DEBUG] cnn_neat: Added edge 5→1 (from 8 candidates)
2026-08-17 09:58:23,696 [DEBUG] cnn_neat: Added edge 0→6 (from 6 candidates)
2026-08-17 09:58:23,699 [DEBUG] cnn_neat: Added edge 2→1 (from 8 candidates)
2026-08-17 09:58:23,701 [DEBUG] cnn_neat: Split edge 5→1, new hidden node 7 (pool=10)
2026-08-17 09:58:23,704 [DEBUG] cnn_neat: Added edge 4→6 (from 8 candidates)
2026-08-17 09:58:23,708 [DEBUG] cnn_neat: Removed hidden node 5 (pool=4)
2026-08-17 09:58:23,709 [DEBUG] cnn_neat: Generation bred 128 offspring from 26 parents (queue=128 enqueued=0)
2026-08-17 09:58:23,714 [DEBUG] cnn_neat: Generation 7 formed (128 models, elite_queue=128, breeders=26, offspring=128) | evaluated total: 896 | avg cycle ~8 мин 47 с (last 5 of ≤5, no MAX_GENERATIONS limit)
2026-08-17 10:06:22,727 [DEBUG] cnn_neat: Saved generation 7
2026-08-17 10:06:22,799 [DEBUG] cnn_neat: Selected 25 elite individuals
2026-08-17 10:06:22,919 [DEBUG] cnn_neat: Trimmed elite queue to 128 entries
2026-08-17 10:06:22,922 [DEBUG] cnn_neat: Split edge 4→6, new hidden node 7 (pool=12)
2026-08-17 10:06:22,926 [DEBUG] cnn_neat: Added edge 6→5 (from 7 candidates)
2026-08-17 10:06:22,931 [DEBUG] cnn_neat: Removed hidden node 2 (pool=5)
2026-08-17 10:06:22,933 [DEBUG] cnn_neat: Removed edge 4→6 (from 14 candidates)
2026-08-17 10:06:22,939 [DEBUG] cnn_neat: Removed 3 edges (requested 3)
2026-08-17 10:06:22,944 [DEBUG] cnn_neat: Crossover rejected: union topology invalid (edges=19 nodes=10)
2026-08-17 10:06:22,948 [DEBUG] cnn_neat: Split edge 3→4, new hidden node 7 (pool=12)
2026-08-17 10:06:22,951 [DEBUG] cnn_neat: Added edge 4→2 (from 7 candidates)
2026-08-17 10:06:22,954 [DEBUG] cnn_neat: Added edge 6→5 (from 6 candidates)
2026-08-17 10:06:22,957 [DEBUG] cnn_neat: Added edge 2→1 (from 4 candidates)
2026-08-17 10:06:22,961 [DEBUG] cnn_neat: Added edge 0→2 (from 3 candidates)
2026-08-17 10:06:22,965 [DEBUG] cnn_neat: Added edge 5→1 (from 1 candidates)
2026-08-17 10:06:22,968 [DEBUG] cnn_neat: Split edge 3→5, new hidden node 7 (pool=4)
2026-08-17 10:06:22,972 [DEBUG] cnn_neat: Added edge 6→5 (from 10 candidates)
2026-08-17 10:06:22,979 [DEBUG] cnn_neat: Removed hidden node 4 (pool=4)
2026-08-17 10:06:22,982 [DEBUG] cnn_neat: Removed edge 6→1 (from 9 candidates)
2026-08-17 10:06:22,988 [DEBUG] cnn_neat: Removed 3 edges (requested 3)
2026-08-17 10:06:22,991 [DEBUG] cnn_neat: Crossover rejected: union topology invalid (edges=26 nodes=13)
2026-08-17 10:06:22,993 [DEBUG] cnn_neat: Split edge 3→5, new hidden node 7 (pool=4)
2026-08-17 10:06:22,996 [DEBUG] cnn_neat: Added edge 6→7 (from 19 candidates)
2026-08-17 10:06:22,998 [DEBUG] cnn_neat: Added edge 2→5 (from 10 candidates)
2026-08-17 10:06:23,001 [DEBUG] cnn_neat: Added edge 0→2 (from 7 candidates)
2026-08-17 10:06:23,005 [DEBUG] cnn_neat: Added edge 0→4 (from 6 candidates)
2026-08-17 10:06:23,010 [DEBUG] cnn_neat: Added edge 2→1 (from 4 candidates)
2026-08-17 10:06:23,014 [DEBUG] cnn_neat: Added edge 6→5 (from 3 candidates)
2026-08-17 10:06:23,017 [DEBUG] cnn_neat: Split edge 0→3, new hidden node 8 (pool=1)
2026-08-17 10:06:23,021 [DEBUG] cnn_neat: Added edge 0→6 (from 17 candidates)
2026-08-17 10:06:23,025 [DEBUG] cnn_neat: Removed hidden node 4 (pool=5)
2026-08-17 10:06:23,027 [DEBUG] cnn_neat: Removed edge 6→1 (from 11 candidates)
2026-08-17 10:06:23,032 [DEBUG] cnn_neat: Removed 3 edges (requested 3)
2026-08-17 10:06:23,035 [DEBUG] cnn_neat: Crossover rejected: union topology invalid (edges=22 nodes=13)
2026-08-17 10:06:23,038 [DEBUG] cnn_neat: Split edge 0→3, new hidden node 8 (pool=1)
2026-08-17 10:06:23,043 [DEBUG] cnn_neat: Added edge 6→5 (from 21 candidates)
2026-08-17 10:06:23,048 [DEBUG] cnn_neat: Added edge 0→5 (from 17 candidates)
2026-08-17 10:06:23,051 [DEBUG] cnn_neat: Added edge 7→4 (from 16 candidates)
2026-08-17 10:06:23,054 [DEBUG] cnn_neat: Added edge 3→7 (from 13 candidates)
2026-08-17 10:06:23,058 [DEBUG] cnn_neat: Added edge 7→6 (from 11 candidates)
2026-08-17 10:06:23,063 [DEBUG] cnn_neat: Added edge 5→1 (from 10 candidates)
2026-08-17 10:06:23,065 [DEBUG] cnn_neat: Split edge 0→3, new hidden node 8 (pool=1)
2026-08-17 10:06:23,068 [DEBUG] cnn_neat: Added edge 5→1 (from 16 candidates)
2026-08-17 10:06:23,072 [DEBUG] cnn_neat: Removed hidden node 5 (pool=5)
2026-08-17 10:06:23,075 [DEBUG] cnn_neat: Removed edge 5→2 (from 11 candidates)
2026-08-17 10:06:23,077 [DEBUG] cnn_neat: Split edge 0→3, new hidden node 8 (pool=1)
2026-08-17 10:06:23,081 [DEBUG] cnn_neat: Removed 3 edges (requested 3)
2026-08-17 10:06:23,084 [DEBUG] cnn_neat: Crossover rejected: union topology invalid (edges=28 nodes=14)
2026-08-17 10:06:23,086 [DEBUG] cnn_neat: Split edge 0→3, new hidden node 8 (pool=1)
2026-08-17 10:06:23,088 [DEBUG] cnn_neat: Added edge 4→7 (from 19 candidates)
2026-08-17 10:06:23,091 [DEBUG] cnn_neat: Added edge 3→5 (from 16 candidates)
2026-08-17 10:06:23,093 [DEBUG] cnn_neat: Added edge 6→7 (from 15 candidates)
2026-08-17 10:06:23,095 [DEBUG] cnn_neat: Added edge 0→6 (from 11 candidates)
2026-08-17 10:06:23,098 [DEBUG] cnn_neat: Added edge 5→1 (from 10 candidates)
2026-08-17 10:06:23,101 [DEBUG] cnn_neat: Added edge 0→4 (from 9 candidates)
2026-08-17 10:06:23,105 [DEBUG] cnn_neat: Split edge 0→11, new hidden node 12 (pool=12)
2026-08-17 10:06:23,109 [DEBUG] cnn_neat: Added edge 3→1 (from 9 candidates)
2026-08-17 10:06:23,115 [DEBUG] cnn_neat: Removed hidden node 10 (pool=6)
2026-08-17 10:06:23,119 [DEBUG] cnn_neat: Removed edge 0→11 (from 13 candidates)
2026-08-17 10:06:23,125 [DEBUG] cnn_neat: Removed 3 edges (requested 3)
2026-08-17 10:06:23,129 [DEBUG] cnn_neat: Crossover rejected: union topology invalid (edges=24 nodes=13)
2026-08-17 10:06:23,133 [DEBUG] cnn_neat: Split edge 5→10, new hidden node 12 (pool=12)
2026-08-17 10:06:23,137 [DEBUG] cnn_neat: Added edge 5→11 (from 9 candidates)
2026-08-17 10:06:23,141 [DEBUG] cnn_neat: Added edge 5→1 (from 8 candidates)
2026-08-17 10:06:23,144 [DEBUG] cnn_neat: Added edge 3→10 (from 7 candidates)
2026-08-17 10:06:23,148 [DEBUG] cnn_neat: Added edge 5→9 (from 6 candidates)
2026-08-17 10:06:23,152 [DEBUG] cnn_neat: Added edge 3→1 (from 5 candidates)
2026-08-17 10:06:23,155 [DEBUG] cnn_neat: Split edge 6→4, new hidden node 7 (pool=5)
2026-08-17 10:06:23,157 [DEBUG] cnn_neat: Added edge 3→1 (from 7 candidates)
2026-08-17 10:06:23,161 [DEBUG] cnn_neat: Removed hidden node 6 (pool=3)
2026-08-17 10:06:23,162 [DEBUG] cnn_neat: Split edge 4→1, new hidden node 6 (pool=2)
2026-08-17 10:06:23,164 [DEBUG] cnn_neat: Added edge 0→6 (from 8 candidates)
2026-08-17 10:06:23,166 [DEBUG] cnn_neat: Removed edge 0→5 (from 7 candidates)
2026-08-17 10:06:23,169 [DEBUG] cnn_neat: Removed 3 edges (requested 3)
2026-08-17 10:06:23,172 [DEBUG] cnn_neat: Crossover rejected: union topology invalid (edges=16 nodes=11)
2026-08-17 10:06:23,174 [DEBUG] cnn_neat: Split edge 6→4, new hidden node 7 (pool=5)
2026-08-17 10:06:23,177 [DEBUG] cnn_neat: Added edge 6→3 (from 13 candidates)
2026-08-17 10:06:23,179 [DEBUG] cnn_neat: Added edge 5→1 (from 7 candidates)
2026-08-17 10:06:23,181 [DEBUG] cnn_neat: Added edge 6→1 (from 6 candidates)
2026-08-17 10:06:23,184 [DEBUG] cnn_neat: Added edge 5→4 (from 5 candidates)
2026-08-17 10:06:23,187 [DEBUG] cnn_neat: Added edge 6→3 (from 4 candidates)
2026-08-17 10:06:23,190 [DEBUG] cnn_neat: Added edge 0→3 (from 2 candidates)
2026-08-17 10:06:23,195 [DEBUG] cnn_neat: Split edge 10→1, new hidden node 12 (pool=8)
2026-08-17 10:06:23,198 [DEBUG] cnn_neat: Added edge 11→4 (from 22 candidates)
2026-08-17 10:06:23,206 [DEBUG] cnn_neat: Removed hidden node 11 (pool=6)
2026-08-17 10:06:23,211 [DEBUG] cnn_neat: Split edge 0→9, new hidden node 11 (pool=6)
2026-08-17 10:06:23,216 [DEBUG] cnn_neat: Removed edge 3→4 (from 9 candidates)
2026-08-17 10:06:23,221 [DEBUG] cnn_neat: Removed 3 edges (requested 3)
2026-08-17 10:06:23,224 [DEBUG] cnn_neat: Crossover rejected: union topology invalid (edges=20 nodes=12)
2026-08-17 10:06:23,227 [DEBUG] cnn_neat: Split edge 10→1, new hidden node 12 (pool=8)
2026-08-17 10:06:23,230 [DEBUG] cnn_neat: Added edge 4→10 (from 32 candidates)
2026-08-17 10:06:23,234 [DEBUG] cnn_neat: Added edge 11→3 (from 22 candidates)
2026-08-17 10:06:23,237 [DEBUG] cnn_neat: Added edge 5→9 (from 15 candidates)
2026-08-17 10:06:23,240 [DEBUG] cnn_neat: Added edge 5→10 (from 11 candidates)
2026-08-17 10:06:23,243 [DEBUG] cnn_neat: Added edge 9→4 (from 10 candidates)
2026-08-17 10:06:23,247 [DEBUG] cnn_neat: Added edge 11→4 (from 9 candidates)
2026-08-17 10:06:23,249 [DEBUG] cnn_neat: Split edge 0→4, new hidden node 11 (pool=3)
2026-08-17 10:06:23,251 [DEBUG] cnn_neat: Added edge 9→4 (from 18 candidates)
2026-08-17 10:06:23,253 [DEBUG] cnn_neat: Removed hidden node 10 (pool=4)
2026-08-17 10:06:23,255 [DEBUG] cnn_neat: Removed edge 0→4 (from 4 candidates)
2026-08-17 10:06:23,258 [DEBUG] cnn_neat: Removed 3 edges (requested 3)
2026-08-17 10:06:23,260 [DEBUG] cnn_neat: Split edge 4→1, new hidden node 6 (pool=4)
2026-08-17 10:06:23,261 [DEBUG] cnn_neat: Added edge 5→6 (from 6 candidates)
2026-08-17 10:06:23,264 [DEBUG] cnn_neat: Crossover rejected: union topology invalid (edges=18 nodes=12)
2026-08-17 10:06:23,267 [DEBUG] cnn_neat: Split edge 0→4, new hidden node 11 (pool=3)
2026-08-17 10:06:23,272 [DEBUG] cnn_neat: Added edge 3→9 (from 28 candidates)
2026-08-17 10:06:23,274 [DEBUG] cnn_neat: Added edge 5→1 (from 18 candidates)
2026-08-17 10:06:23,276 [DEBUG] cnn_neat: Added edge 9→4 (from 17 candidates)
2026-08-17 10:06:23,278 [DEBUG] cnn_neat: Added edge 10→4 (from 15 candidates)
2026-08-17 10:06:23,281 [DEBUG] cnn_neat: Added edge 9→5 (from 13 candidates)
2026-08-17 10:06:23,283 [DEBUG] cnn_neat: Added edge 5→4 (from 11 candidates)
2026-08-17 10:06:23,285 [DEBUG] cnn_neat: Split edge 4→1, new hidden node 7 (pool=2)
2026-08-17 10:06:23,288 [DEBUG] cnn_neat: Added edge 6→1 (from 8 candidates)
2026-08-17 10:06:23,290 [DEBUG] cnn_neat: Removed hidden node 5 (pool=3)
2026-08-17 10:06:23,292 [DEBUG] cnn_neat: Removed edge 5→6 (from 6 candidates)
2026-08-17 10:06:23,296 [DEBUG] cnn_neat: Removed 3 edges (requested 3)
2026-08-17 10:06:23,297 [DEBUG] cnn_neat: Split edge 3→4, new hidden node 6 (pool=4)
2026-08-17 10:06:23,299 [DEBUG] cnn_neat: Added edge 0→6 (from 6 candidates)
2026-08-17 10:06:23,304 [DEBUG] cnn_neat: Removed hidden node 5 (pool=2)
2026-08-17 10:06:23,309 [DEBUG] cnn_neat: Crossover rejected: union topology invalid (edges=18 nodes=12)
2026-08-17 10:06:23,312 [DEBUG] cnn_neat: Split edge 4→1, new hidden node 7 (pool=2)
2026-08-17 10:06:23,316 [DEBUG] cnn_neat: Added edge 5→4 (from 13 candidates)
2026-08-17 10:06:23,319 [DEBUG] cnn_neat: Added edge 3→6 (from 8 candidates)
2026-08-17 10:06:23,321 [DEBUG] cnn_neat: Added edge 6→1 (from 6 candidates)
2026-08-17 10:06:23,324 [DEBUG] cnn_neat: Added edge 3→1 (from 5 candidates)
2026-08-17 10:06:23,326 [DEBUG] cnn_neat: Added edge 0→3 (from 4 candidates)
2026-08-17 10:06:23,329 [DEBUG] cnn_neat: Added edge 0→6 (from 3 candidates)
2026-08-17 10:06:23,332 [DEBUG] cnn_neat: Split edge 10→1, new hidden node 11 (pool=6)
2026-08-17 10:06:23,337 [DEBUG] cnn_neat: Added edge 9→4 (from 16 candidates)
2026-08-17 10:06:23,343 [DEBUG] cnn_neat: Removed hidden node 3 (pool=5)
2026-08-17 10:06:23,345 [DEBUG] cnn_neat: Removed edge 3→4 (from 6 candidates)
2026-08-17 10:06:23,350 [DEBUG] cnn_neat: Removed 3 edges (requested 3)
2026-08-17 10:06:23,355 [DEBUG] cnn_neat: Crossover rejected: union topology invalid (edges=19 nodes=12)
2026-08-17 10:06:23,358 [DEBUG] cnn_neat: Split edge 0→9, new hidden node 11 (pool=6)
2026-08-17 10:06:23,361 [DEBUG] cnn_neat: Added edge 5→1 (from 24 candidates)
2026-08-17 10:06:23,364 [DEBUG] cnn_neat: Added edge 9→3 (from 16 candidates)
2026-08-17 10:06:23,367 [DEBUG] cnn_neat: Added edge 10→4 (from 13 candidates)
2026-08-17 10:06:23,372 [DEBUG] cnn_neat: Added edge 5→10 (from 11 candidates)
2026-08-17 10:06:23,375 [DEBUG] cnn_neat: Added edge 3→10 (from 9 candidates)
2026-08-17 10:06:23,379 [DEBUG] cnn_neat: Added edge 3→1 (from 7 candidates)
2026-08-17 10:06:23,383 [DEBUG] cnn_neat: Split edge 4→1, new hidden node 7 (pool=2)
2026-08-17 10:06:23,386 [DEBUG] cnn_neat: Added edge 5→1 (from 6 candidates)
2026-08-17 10:06:23,390 [DEBUG] cnn_neat: Removed hidden node 6 (pool=3)
2026-08-17 10:06:23,392 [DEBUG] cnn_neat: Split edge 4→1, new hidden node 6 (pool=2)
2026-08-17 10:06:23,394 [DEBUG] cnn_neat: Added edge 5→4 (from 8 candidates)
2026-08-17 10:06:23,399 [DEBUG] cnn_neat: Removed edge 0→4 (from 6 candidates)
2026-08-17 10:06:23,404 [DEBUG] cnn_neat: Removed 3 edges (requested 3)
2026-08-17 10:06:23,407 [DEBUG] cnn_neat: Crossover rejected: union topology invalid (edges=16 nodes=10)
2026-08-17 10:06:23,409 [DEBUG] cnn_neat: Split edge 4→1, new hidden node 7 (pool=2)
2026-08-17 10:06:23,412 [DEBUG] cnn_neat: Added edge 5→4 (from 11 candidates)
2026-08-17 10:06:23,414 [DEBUG] cnn_neat: Added edge 6→1 (from 6 candidates)
2026-08-17 10:06:23,416 [DEBUG] cnn_neat: Added edge 3→1 (from 5 candidates)
2026-08-17 10:06:23,418 [DEBUG] cnn_neat: Added edge 0→6 (from 4 candidates)
2026-08-17 10:06:23,421 [DEBUG] cnn_neat: Added edge 0→3 (from 3 candidates)
2026-08-17 10:06:23,424 [DEBUG] cnn_neat: Added edge 5→4 (from 3 candidates)
2026-08-17 10:06:23,426 [DEBUG] cnn_neat: Split edge 0→12, new hidden node 13 (pool=7)
2026-08-17 10:06:23,429 [DEBUG] cnn_neat: Added edge 8→4 (from 32 candidates)
2026-08-17 10:06:23,434 [DEBUG] cnn_neat: Removed hidden node 9 (pool=7)
2026-08-17 10:06:23,438 [DEBUG] cnn_neat: Removed edge 8→11 (from 7 candidates)
2026-08-17 10:06:23,445 [DEBUG] cnn_neat: Removed 3 edges (requested 3)
2026-08-17 10:06:23,449 [DEBUG] cnn_neat: Crossover rejected: union topology invalid (edges=16 nodes=12)
2026-08-17 10:06:23,452 [DEBUG] cnn_neat: Split edge 2→1, new hidden node 13 (pool=7)
2026-08-17 10:06:23,456 [DEBUG] cnn_neat: Added edge 10→1 (from 32 candidates)
2026-08-17 10:06:23,459 [DEBUG] cnn_neat: Added edge 9→2 (from 31 candidates)
2026-08-17 10:06:23,465 [DEBUG] cnn_neat: Added edge 4→11 (from 30 candidates)
2026-08-17 10:06:23,469 [DEBUG] cnn_neat: Added edge 9→11 (from 28 candidates)
2026-08-17 10:06:23,472 [DEBUG] cnn_neat: Added edge 11→10 (from 26 candidates)
2026-08-17 10:06:23,475 [DEBUG] cnn_neat: Split edge 4→2, new hidden node 13 (pool=7)
2026-08-17 10:06:23,478 [DEBUG] cnn_neat: Added edge 11→4 (from 43 candidates)
2026-08-17 10:06:23,490 [DEBUG] cnn_neat: Removed hidden node 3 (pool=8)
2026-08-17 10:06:23,494 [DEBUG] cnn_neat: Split edge 0→4, new hidden node 13 (pool=7)
2026-08-17 10:06:23,497 [DEBUG] cnn_neat: Removed edge 3→1 (from 6 candidates)
2026-08-17 10:06:23,500 [DEBUG] cnn_neat: Split edge 8→11, new hidden node 13 (pool=7)
2026-08-17 10:06:23,505 [DEBUG] cnn_neat: Removed 3 edges (requested 3)
2026-08-17 10:06:23,509 [DEBUG] cnn_neat: Crossover rejected: union topology invalid (edges=23 nodes=16)
2026-08-17 10:06:23,512 [DEBUG] cnn_neat: Split edge 2→1, new hidden node 13 (pool=7)
2026-08-17 10:06:23,516 [DEBUG] cnn_neat: Added edge 2→3 (from 43 candidates)
2026-08-17 10:06:23,519 [DEBUG] cnn_neat: Added edge 3→12 (from 39 candidates)
2026-08-17 10:06:23,523 [DEBUG] cnn_neat: Added edge 10→3 (from 32 candidates)
2026-08-17 10:06:23,526 [DEBUG] cnn_neat: Added edge 4→12 (from 31 candidates)
2026-08-17 10:06:23,529 [DEBUG] cnn_neat: Added edge 4→11 (from 30 candidates)
2026-08-17 10:06:23,532 [DEBUG] cnn_neat: Split edge 3→5, new hidden node 7 (pool=6)
2026-08-17 10:06:23,534 [DEBUG] cnn_neat: Split edge 0→3, new hidden node 8 (pool=1)
2026-08-17 10:06:23,536 [DEBUG] cnn_neat: Added edge 0→3 (from 19 candidates)
2026-08-17 10:06:23,539 [DEBUG] cnn_neat: Added edge 5→1 (from 8 candidates)
2026-08-17 10:06:23,542 [DEBUG] cnn_neat: Removed hidden node 6 (pool=4)
2026-08-17 10:06:23,543 [DEBUG] cnn_neat: Split edge 0→5, new hidden node 6 (pool=6)
2026-08-17 10:06:23,545 [DEBUG] cnn_neat: Removed edge 4→5 (from 11 candidates)
2026-08-17 10:06:23,549 [DEBUG] cnn_neat: Removed 3 edges (requested 3)
2026-08-17 10:06:23,553 [DEBUG] cnn_neat: Crossover rejected: union topology invalid (edges=29 nodes=13)
2026-08-17 10:06:23,555 [DEBUG] cnn_neat: Split edge 3→5, new hidden node 7 (pool=6)
2026-08-17 10:06:23,557 [DEBUG] cnn_neat: Added edge 4→2 (from 16 candidates)
2026-08-17 10:06:23,560 [DEBUG] cnn_neat: Added edge 2→1 (from 8 candidates)
2026-08-17 10:06:23,563 [DEBUG] cnn_neat: Added edge 0→6 (from 7 candidates)
2026-08-17 10:06:23,566 [DEBUG] cnn_neat: Added edge 5→1 (from 6 candidates)
2026-08-17 10:06:23,569 [DEBUG] cnn_neat: Added edge 0→2 (from 5 candidates)
2026-08-17 10:06:23,573 [DEBUG] cnn_neat: Added edge 5→6 (from 3 candidates)
2026-08-17 10:06:23,575 [DEBUG] cnn_neat: Split edge 4→1, new hidden node 6 (pool=2)
2026-08-17 10:06:23,577 [DEBUG] cnn_neat: Split edge 6→1, new hidden node 7 (pool=6)
2026-08-17 10:06:23,579 [DEBUG] cnn_neat: Added edge 0→3 (from 4 candidates)
2026-08-17 10:06:23,581 [DEBUG] cnn_neat: Removed hidden node 5 (pool=2)
2026-08-17 10:06:23,582 [DEBUG] cnn_neat: Split edge 0→4, new hidden node 5 (pool=3)
2026-08-17 10:06:23,584 [DEBUG] cnn_neat: Removed edge 0→4 (from 4 candidates)
2026-08-17 10:06:23,586 [DEBUG] cnn_neat: Split edge 4→1, new hidden node 6 (pool=4)
2026-08-17 10:06:23,587 [DEBUG] cnn_neat: Added edge 0→3 (from 6 candidates)
2026-08-17 10:06:23,589 [DEBUG] cnn_neat: Removed 1 edges (requested 3)
2026-08-17 10:06:23,590 [DEBUG] cnn_neat: Split edge 4→1, new hidden node 6 (pool=4)
2026-08-17 10:06:23,591 [DEBUG] cnn_neat: Added edge 5→6 (from 6 candidates)
2026-08-17 10:06:23,594 [DEBUG] cnn_neat: Removed hidden node 3 (pool=2)
2026-08-17 10:06:23,596 [DEBUG] cnn_neat: Crossover rejected: union topology invalid (edges=10 nodes=8)
2026-08-17 10:06:23,598 [DEBUG] cnn_neat: Split edge 0→4, new hidden node 6 (pool=2)
2026-08-17 10:06:23,599 [DEBUG] cnn_neat: Added edge 5→6 (from 10 candidates)
2026-08-17 10:06:23,601 [DEBUG] cnn_neat: Added edge 0→3 (from 4 candidates)
2026-08-17 10:06:23,603 [DEBUG] cnn_neat: Added edge 5→1 (from 4 candidates)
2026-08-17 10:06:23,605 [DEBUG] cnn_neat: Added edge 0→1 (from 3 candidates)
2026-08-17 10:06:23,607 [DEBUG] cnn_neat: Added edge 3→1 (from 2 candidates)
2026-08-17 10:06:23,609 [DEBUG] cnn_neat: Added edge 5→4 (from 1 candidates)
2026-08-17 10:06:23,611 [DEBUG] cnn_neat: Split edge 0→1, new hidden node 6 (pool=1)
2026-08-17 10:06:23,614 [DEBUG] cnn_neat: Added edge 6→4 (from 7 candidates)
2026-08-17 10:06:23,617 [DEBUG] cnn_neat: Split edge 4→1, new hidden node 12 (pool=5)
2026-08-17 10:06:23,620 [DEBUG] cnn_neat: Added edge 5→9 (from 24 candidates)
2026-08-17 10:06:23,625 [DEBUG] cnn_neat: Removed hidden node 3 (pool=6)
2026-08-17 10:06:23,627 [DEBUG] cnn_neat: Split edge 0→10, new hidden node 12 (pool=6)
2026-08-17 10:06:23,630 [DEBUG] cnn_neat: Removed edge 0→10 (from 6 candidates)
2026-08-17 10:06:23,634 [DEBUG] cnn_neat: Removed 3 edges (requested 3)
2026-08-17 10:06:23,637 [DEBUG] cnn_neat: Crossover rejected: union topology invalid (edges=19 nodes=12)
2026-08-17 10:06:23,640 [DEBUG] cnn_neat: Split edge 10→1, new hidden node 12 (pool=5)
2026-08-17 10:06:23,643 [DEBUG] cnn_neat: Added edge 10→1 (from 34 candidates)
2026-08-17 10:06:23,646 [DEBUG] cnn_neat: Added edge 10→5 (from 24 candidates)
2026-08-17 10:06:23,649 [DEBUG] cnn_neat: Added edge 9→4 (from 17 candidates)
2026-08-17 10:06:23,652 [DEBUG] cnn_neat: Added edge 9→1 (from 16 candidates)
2026-08-17 10:06:23,656 [DEBUG] cnn_neat: Added edge 10→3 (from 15 candidates)
2026-08-17 10:06:23,659 [DEBUG] cnn_neat: Added edge 11→3 (from 14 candidates)
2026-08-17 10:06:23,662 [DEBUG] cnn_neat: Split edge 11→1, new hidden node 13 (pool=7)
2026-08-17 10:06:23,665 [DEBUG] cnn_neat: Added edge 3→11 (from 42 candidates)
2026-08-17 10:06:23,670 [DEBUG] cnn_neat: Removed hidden node 10 (pool=8)
2026-08-17 10:06:23,672 [DEBUG] cnn_neat: Removed edge 11→1 (from 7 candidates)
2026-08-17 10:06:23,676 [DEBUG] cnn_neat: Removed 3 edges (requested 3)
2026-08-17 10:06:23,679 [DEBUG] cnn_neat: Crossover rejected: union topology invalid (edges=20 nodes=15)
2026-08-17 10:06:23,682 [DEBUG] cnn_neat: Split edge 0→4, new hidden node 13 (pool=7)
2026-08-17 10:06:23,686 [DEBUG] cnn_neat: Added edge 12→11 (from 55 candidates)
2026-08-17 10:06:23,689 [DEBUG] cnn_neat: Added edge 10→12 (from 42 candidates)
2026-08-17 10:06:23,692 [DEBUG] cnn_neat: Added edge 3→11 (from 37 candidates)
2026-08-17 10:06:23,695 [DEBUG] cnn_neat: Added edge 2→12 (from 35 candidates)
2026-08-17 10:06:23,698 [DEBUG] cnn_neat: Added edge 4→3 (from 32 candidates)
2026-08-17 10:06:23,702 [DEBUG] cnn_neat: Added edge 8→2 (from 28 candidates)
2026-08-17 10:06:23,705 [DEBUG] cnn_neat: Split edge 3→4, new hidden node 7 (pool=9)
2026-08-17 10:06:23,707 [DEBUG] cnn_neat: Split edge 6→1, new hidden node 8 (pool=7)
2026-08-17 10:06:23,710 [DEBUG] cnn_neat: Added edge 3→1 (from 9 candidates)
2026-08-17 10:06:23,712 [DEBUG] cnn_neat: Split edge 4→5, new hidden node 7 (pool=10)
2026-08-17 10:06:23,716 [DEBUG] cnn_neat: Removed hidden node 3 (pool=4)
2026-08-17 10:06:23,718 [DEBUG] cnn_neat: Split edge 6→1, new hidden node 7 (pool=7)
2026-08-17 10:06:23,721 [DEBUG] cnn_neat: Removed edge 4→5 (from 9 candidates)
2026-08-17 10:06:23,725 [DEBUG] cnn_neat: Removed 3 edges (requested 3)
2026-08-17 10:06:23,727 [DEBUG] cnn_neat: Crossover rejected: union topology invalid (edges=14 nodes=9)
2026-08-17 10:06:23,730 [DEBUG] cnn_neat: Split edge 5→1, new hidden node 7 (pool=9)
2026-08-17 10:06:23,733 [DEBUG] cnn_neat: Added edge 4→6 (from 9 candidates)
2026-08-17 10:06:23,735 [DEBUG] cnn_neat: Added edge 5→6 (from 6 candidates)
2026-08-17 10:06:23,737 [DEBUG] cnn_neat: Added edge 0→1 (from 4 candidates)
2026-08-17 10:06:23,740 [DEBUG] cnn_neat: Added edge 3→6 (from 3 candidates)
2026-08-17 10:06:23,743 [DEBUG] cnn_neat: Added edge 3→1 (from 2 candidates)
2026-08-17 10:06:23,746 [DEBUG] cnn_neat: Split edge 4→1, new hidden node 11 (pool=7)
2026-08-17 10:06:23,749 [DEBUG] cnn_neat: Split edge 9→10, new hidden node 12 (pool=5)
2026-08-17 10:06:23,752 [DEBUG] cnn_neat: Added edge 5→9 (from 15 candidates)
2026-08-17 10:06:23,752 [DEBUG] cnn_neat: Generation bred 128 offspring from 26 parents (queue=128 enqueued=0)
2026-08-17 10:06:23,758 [DEBUG] cnn_neat: Generation 8 formed (128 models, elite_queue=128, breeders=26, offspring=128) | evaluated total: 1024 | avg cycle ~7 мин 44 с (last 5 of ≤5, no MAX_GENERATIONS limit)
2026-08-17 10:14:22,675 [DEBUG] cnn_neat: Saved generation 8
2026-08-17 10:14:22,785 [DEBUG] cnn_neat: Selected 25 elite individuals
2026-08-17 10:14:22,906 [DEBUG] cnn_neat: Trimmed elite queue to 128 entries
2026-08-17 10:14:22,909 [DEBUG] cnn_neat: Split edge 4→5, new hidden node 7 (pool=10)
2026-08-17 10:14:22,911 [DEBUG] cnn_neat: Added edge 5→6 (from 4 candidates)
2026-08-17 10:14:22,915 [DEBUG] cnn_neat: Removed hidden node 5 (pool=4)
2026-08-17 10:14:22,917 [DEBUG] cnn_neat: Removed edge 6→1 (from 11 candidates)
2026-08-17 10:14:22,921 [DEBUG] cnn_neat: Removed 3 edges (requested 3)
2026-08-17 10:14:22,924 [DEBUG] cnn_neat: Crossover rejected: union topology invalid (edges=26 nodes=11)
2026-08-17 10:14:22,926 [DEBUG] cnn_neat: Split edge 4→5, new hidden node 7 (pool=10)
2026-08-17 10:14:22,928 [DEBUG] cnn_neat: Added edge 6→7 (from 10 candidates)
2026-08-17 10:14:22,931 [DEBUG] cnn_neat: Added edge 0→6 (from 4 candidates)
2026-08-17 10:14:22,933 [DEBUG] cnn_neat: Added edge 0→1 (from 4 candidates)
2026-08-17 10:14:22,936 [DEBUG] cnn_neat: Added edge 5→6 (from 3 candidates)
2026-08-17 10:14:22,939 [DEBUG] cnn_neat: Added edge 5→1 (from 1 candidates)
2026-08-17 10:14:22,943 [DEBUG] cnn_neat: Split edge 4→1, new hidden node 7 (pool=12)
2026-08-17 10:14:22,945 [DEBUG] cnn_neat: Added edge 0→2 (from 5 candidates)
2026-08-17 10:14:22,949 [DEBUG] cnn_neat: Removed hidden node 5 (pool=5)
2026-08-17 10:14:22,952 [DEBUG] cnn_neat: Removed edge 3→6 (from 15 candidates)
2026-08-17 10:14:22,956 [DEBUG] cnn_neat: Removed 3 edges (requested 3)
2026-08-17 10:14:22,959 [DEBUG] cnn_neat: Crossover rejected: union topology invalid (edges=31 nodes=13)
2026-08-17 10:14:22,962 [DEBUG] cnn_neat: Split edge 3→2, new hidden node 7 (pool=12)
2026-08-17 10:14:22,964 [DEBUG] cnn_neat: Added edge 2→1 (from 5 candidates)
2026-08-17 10:14:22,968 [DEBUG] cnn_neat: Added edge 5→1 (from 4 candidates)
2026-08-17 10:14:22,971 [DEBUG] cnn_neat: Added edge 0→2 (from 3 candidates)
2026-08-17 10:14:22,975 [DEBUG] cnn_neat: Added edge 4→2 (from 1 candidates)
2026-08-17 10:14:22,981 [DEBUG] cnn_neat: Split edge 4→2, new hidden node 7 (pool=16)
2026-08-17 10:14:22,983 [DEBUG] cnn_neat: Split edge 0→3, new hidden node 8 (pool=1)
2026-08-17 10:14:22,985 [DEBUG] cnn_neat: Added edge 2→7 (from 13 candidates)
2026-08-17 10:14:22,989 [DEBUG] cnn_neat: Removed hidden node 2 (pool=4)
2026-08-17 10:14:22,991 [DEBUG] cnn_neat: Removed edge 3→4 (from 7 candidates)
2026-08-17 10:14:22,995 [DEBUG] cnn_neat: Removed 3 edges (requested 3)
2026-08-17 10:14:22,998 [DEBUG] cnn_neat: Crossover rejected: union topology invalid (edges=19 nodes=12)
2026-08-17 10:14:23,001 [DEBUG] cnn_neat: Split edge 0→3, new hidden node 8 (pool=1)
2026-08-17 10:14:23,003 [DEBUG] cnn_neat: Added edge 6→7 (from 16 candidates)
2026-08-17 10:14:23,006 [DEBUG] cnn_neat: Added edge 7→4 (from 13 candidates)
2026-08-17 10:14:23,009 [DEBUG] cnn_neat: Added edge 0→7 (from 9 candidates)
2026-08-17 10:14:23,011 [DEBUG] cnn_neat: Added edge 2→1 (from 8 candidates)
2026-08-17 10:14:23,014 [DEBUG] cnn_neat: Added edge 0→2 (from 7 candidates)
2026-08-17 10:14:23,017 [DEBUG] cnn_neat: Added edge 7→1 (from 6 candidates)
2026-08-17 10:14:23,020 [DEBUG] cnn_neat: Split edge 3→5, new hidden node 7 (pool=6)
2026-08-17 10:14:23,022 [DEBUG] cnn_neat: Added edge 0→4 (from 10 candidates)
2026-08-17 10:14:23,026 [DEBUG] cnn_neat: Removed hidden node 5 (pool=4)
2026-08-17 10:14:23,028 [DEBUG] cnn_neat: Removed edge 3→5 (from 10 candidates)
2026-08-17 10:14:23,032 [DEBUG] cnn_neat: Removed 3 edges (requested 3)
2026-08-17 10:14:23,034 [DEBUG] cnn_neat: Crossover rejected: union topology invalid (edges=19 nodes=12)
2026-08-17 10:14:23,036 [DEBUG] cnn_neat: Split edge 3→2, new hidden node 7 (pool=6)
2026-08-17 10:14:23,039 [DEBUG] cnn_neat: Added edge 2→1 (from 10 candidates)
2026-08-17 10:14:23,042 [DEBUG] cnn_neat: Added edge 5→1 (from 9 candidates)
2026-08-17 10:14:23,045 [DEBUG] cnn_neat: Added edge 0→6 (from 8 candidates)
2026-08-17 10:14:23,048 [DEBUG] cnn_neat: Added edge 4→2 (from 7 candidates)
2026-08-17 10:14:23,051 [DEBUG] cnn_neat: Added edge 4→5 (from 6 candidates)
2026-08-17 10:14:23,054 [DEBUG] cnn_neat: Split edge 0→3, new hidden node 8 (pool=1)
2026-08-17 10:14:23,057 [DEBUG] cnn_neat: Split edge 0→8, new hidden node 9 (pool=3)
2026-08-17 10:14:23,060 [DEBUG] cnn_neat: Added edge 0→6 (from 19 candidates)
2026-08-17 10:14:23,065 [DEBUG] cnn_neat: Removed hidden node 4 (pool=5)
2026-08-17 10:14:23,067 [DEBUG] cnn_neat: Removed edge 4→6 (from 9 candidates)
2026-08-17 10:14:23,071 [DEBUG] cnn_neat: Removed 3 edges (requested 3)
2026-08-17 10:14:23,074 [DEBUG] cnn_neat: Crossover rejected: union topology invalid (edges=24 nodes=12)
2026-08-17 10:14:23,077 [DEBUG] cnn_neat: Split edge 0→3, new hidden node 8 (pool=1)
2026-08-17 10:14:23,080 [DEBUG] cnn_neat: Added edge 2→1 (from 22 candidates)
2026-08-17 10:14:23,083 [DEBUG] cnn_neat: Added edge 7→2 (from 19 candidates)
2026-08-17 10:14:23,086 [DEBUG] cnn_neat: Added edge 7→4 (from 17 candidates)
2026-08-17 10:14:23,089 [DEBUG] cnn_neat: Added edge 5→2 (from 14 candidates)
2026-08-17 10:14:23,091 [DEBUG] cnn_neat: Added edge 7→1 (from 12 candidates)
2026-08-17 10:14:23,094 [DEBUG] cnn_neat: Added edge 0→6 (from 11 candidates)
2026-08-17 10:14:23,095 [DEBUG] cnn_neat: Split edge 3→5, new hidden node 7 (pool=4)
2026-08-17 10:14:23,099 [DEBUG] cnn_neat: Added edge 5→1 (from 8 candidates)
2026-08-17 10:14:23,101 [DEBUG] cnn_neat: Removed hidden node 6 (pool=4)
2026-08-17 10:14:23,103 [DEBUG] cnn_neat: Removed edge 3→4 (from 10 candidates)
2026-08-17 10:14:23,107 [DEBUG] cnn_neat: Removed 3 edges (requested 3)
2026-08-17 10:14:23,109 [DEBUG] cnn_neat: Crossover rejected: union topology invalid (edges=21 nodes=11)
2026-08-17 10:14:23,111 [DEBUG] cnn_neat: Split edge 0→3, new hidden node 7 (pool=4)
2026-08-17 10:14:23,113 [DEBUG] cnn_neat: Added edge 0→2 (from 8 candidates)
2026-08-17 10:14:23,115 [DEBUG] cnn_neat: Added edge 0→4 (from 7 candidates)
2026-08-17 10:14:23,118 [DEBUG] cnn_neat: Added edge 2→1 (from 5 candidates)
2026-08-17 10:14:23,122 [DEBUG] cnn_neat: Added edge 5→2 (from 4 candidates)
2026-08-17 10:14:23,126 [DEBUG] cnn_neat: Added edge 5→1 (from 2 candidates)
2026-08-17 10:14:23,129 [DEBUG] cnn_neat: Split edge 0→3, new hidden node 8 (pool=1)
2026-08-17 10:14:23,132 [DEBUG] cnn_neat: Added edge 0→7 (from 15 candidates)
2026-08-17 10:14:23,136 [DEBUG] cnn_neat: Removed hidden node 4 (pool=5)
2026-08-17 10:14:23,139 [DEBUG] cnn_neat: Removed edge 7→5 (from 9 candidates)
2026-08-17 10:14:23,144 [DEBUG] cnn_neat: Removed 3 edges (requested 3)
2026-08-17 10:14:23,147 [DEBUG] cnn_neat: Crossover rejected: union topology invalid (edges=21 nodes=13)
2026-08-17 10:14:23,149 [DEBUG] cnn_neat: Split edge 0→3, new hidden node 8 (pool=1)
2026-08-17 10:14:23,153 [DEBUG] cnn_neat: Added edge 2→1 (from 18 candidates)
2026-08-17 10:14:23,156 [DEBUG] cnn_neat: Added edge 4→2 (from 15 candidates)
2026-08-17 10:14:23,159 [DEBUG] cnn_neat: Added edge 0→4 (from 14 candidates)
2026-08-17 10:14:23,161 [DEBUG] cnn_neat: Added edge 3→5 (from 13 candidates)
2026-08-17 10:14:23,163 [DEBUG] cnn_neat: Added edge 4→7 (from 12 candidates)
2026-08-17 10:14:23,166 [DEBUG] cnn_neat: Added edge 0→6 (from 11 candidates)
2026-08-17 10:14:23,169 [DEBUG] cnn_neat: Split edge 0→3, new hidden node 8 (pool=1)
2026-08-17 10:14:23,171 [DEBUG] cnn_neat: Added edge 0→6 (from 15 candidates)
2026-08-17 10:14:23,175 [DEBUG] cnn_neat: Removed hidden node 6 (pool=5)
2026-08-17 10:14:23,177 [DEBUG] cnn_neat: Removed edge 3→1 (from 12 candidates)
2026-08-17 10:14:23,181 [DEBUG] cnn_neat: Removed 3 edges (requested 3)
2026-08-17 10:14:23,185 [DEBUG] cnn_neat: Crossover rejected: union topology invalid (edges=21 nodes=11)
2026-08-17 10:14:23,187 [DEBUG] cnn_neat: Split edge 0→3, new hidden node 8 (pool=1)
2026-08-17 10:14:23,192 [DEBUG] cnn_neat: Added edge 6→7 (from 18 candidates)
2026-08-17 10:14:23,194 [DEBUG] cnn_neat: Added edge 7→2 (from 15 candidates)
2026-08-17 10:14:23,197 [DEBUG] cnn_neat: Added edge 4→7 (from 14 candidates)
2026-08-17 10:14:23,199 [DEBUG] cnn_neat: Added edge 7→1 (from 12 candidates)
2026-08-17 10:14:23,202 [DEBUG] cnn_neat: Added edge 5→1 (from 11 candidates)
2026-08-17 10:14:23,205 [DEBUG] cnn_neat: Added edge 6→7 (from 10 candidates)
2026-08-17 10:14:23,209 [DEBUG] cnn_neat: Split edge 9→10, new hidden node 13 (pool=10)
2026-08-17 10:14:23,214 [DEBUG] cnn_neat: Added edge 3→9 (from 18 candidates)
2026-08-17 10:14:23,221 [DEBUG] cnn_neat: Removed hidden node 10 (pool=7)
2026-08-17 10:14:23,224 [DEBUG] cnn_neat: Removed edge 9→1 (from 13 candidates)
2026-08-17 10:14:23,231 [DEBUG] cnn_neat: Removed 3 edges (requested 3)
2026-08-17 10:14:23,236 [DEBUG] cnn_neat: Crossover rejected: union topology invalid (edges=29 nodes=14)
2026-08-17 10:14:23,239 [DEBUG] cnn_neat: Split edge 4→1, new hidden node 13 (pool=10)
2026-08-17 10:14:23,244 [DEBUG] cnn_neat: Added edge 5→4 (from 18 candidates)
2026-08-17 10:14:23,248 [DEBUG] cnn_neat: Added edge 3→1 (from 17 candidates)
2026-08-17 10:14:23,252 [DEBUG] cnn_neat: Added edge 3→10 (from 16 candidates)
2026-08-17 10:14:23,256 [DEBUG] cnn_neat: Added edge 12→10 (from 15 candidates)
2026-08-17 10:14:23,261 [DEBUG] cnn_neat: Added edge 5→9 (from 14 candidates)
2026-08-17 10:14:23,263 [DEBUG] cnn_neat: Split edge 3→4, new hidden node 6 (pool=6)
2026-08-17 10:14:23,265 [DEBUG] cnn_neat: Added edge 5→1 (from 4 candidates)
2026-08-17 10:14:23,268 [DEBUG] cnn_neat: Removed hidden node 5 (pool=2)
2026-08-17 10:14:23,269 [DEBUG] cnn_neat: Split edge 4→1, new hidden node 5 (pool=4)
2026-08-17 10:14:23,271 [DEBUG] cnn_neat: Added edge 4→1 (from 4 candidates)
2026-08-17 10:14:23,273 [DEBUG] cnn_neat: Removed hidden node 3 (pool=2)
2026-08-17 10:14:23,275 [DEBUG] cnn_neat: Removed edge 4→1 (from 3 candidates)
2026-08-17 10:14:23,276 [DEBUG] cnn_neat: Split edge 0→4, new hidden node 6 (pool=3)
2026-08-17 10:14:23,278 [DEBUG] cnn_neat: Split edge 0→6, new hidden node 7 (pool=4)
2026-08-17 10:14:23,279 [DEBUG] cnn_neat: Removed edge 0→5 (from 5 candidates)
2026-08-17 10:14:23,282 [DEBUG] cnn_neat: Removed 3 edges (requested 3)
2026-08-17 10:14:23,284 [DEBUG] cnn_neat: Split edge 0→3, new hidden node 5 (pool=3)
2026-08-17 10:14:23,285 [DEBUG] cnn_neat: Added edge 3→1 (from 4 candidates)
2026-08-17 10:14:23,288 [DEBUG] cnn_neat: Removed hidden node 4 (pool=1)
2026-08-17 10:14:23,290 [DEBUG] cnn_neat: Split edge 5→3, new hidden node 6 (pool=3)
2026-08-17 10:14:23,292 [DEBUG] cnn_neat: Crossover rejected: union topology invalid (edges=21 nodes=11)
2026-08-17 10:14:23,294 [DEBUG] cnn_neat: Split edge 0→4, new hidden node 6 (pool=6)
2026-08-17 10:14:23,296 [DEBUG] cnn_neat: Added edge 5→4 (from 4 candidates)
2026-08-17 10:14:23,298 [DEBUG] cnn_neat: Added edge 3→1 (from 3 candidates)
2026-08-17 10:14:23,300 [DEBUG] cnn_neat: Added edge 0→1 (from 2 candidates)
2026-08-17 10:14:23,302 [DEBUG] cnn_neat: Added edge 5→1 (from 1 candidates)
2026-08-17 10:14:23,306 [DEBUG] cnn_neat: Split edge 0→1, new hidden node 6 (pool=1)
2026-08-17 10:14:23,310 [DEBUG] cnn_neat: Added edge 6→3 (from 7 candidates)
2026-08-17 10:14:23,318 [DEBUG] cnn_neat: Added edge 7→1 (from 15 candidates)
2026-08-17 10:14:23,323 [DEBUG] cnn_neat: Added edge 2→1 (from 15 candidates)
2026-08-17 10:14:23,328 [DEBUG] cnn_neat: Removed hidden node 5 (pool=6)
2026-08-17 10:14:23,331 [DEBUG] cnn_neat: Split edge 0→3, new hidden node 8 (pool=1)
2026-08-17 10:14:23,334 [DEBUG] cnn_neat: Added edge 8→4 (from 16 candidates)
2026-08-17 10:14:23,337 [DEBUG] cnn_neat: Removed edge 6→1 (from 12 candidates)
2026-08-17 10:14:23,344 [DEBUG] cnn_neat: Removed 3 edges (requested 3)
2026-08-17 10:14:23,348 [DEBUG] cnn_neat: Crossover rejected: union topology invalid (edges=23 nodes=12)
2026-08-17 10:14:23,355 [DEBUG] cnn_neat: Added edge 0→2 (from 15 candidates)
2026-08-17 10:14:23,360 [DEBUG] cnn_neat: Added edge 3→5 (from 15 candidates)
2026-08-17 10:14:23,364 [DEBUG] cnn_neat: Added edge 4→7 (from 14 candidates)
2026-08-17 10:14:23,368 [DEBUG] cnn_neat: Added edge 4→2 (from 12 candidates)
2026-08-17 10:14:23,372 [DEBUG] cnn_neat: Added edge 6→7 (from 11 candidates)
2026-08-17 10:14:23,376 [DEBUG] cnn_neat: Added edge 0→7 (from 8 candidates)
2026-08-17 10:14:23,380 [DEBUG] cnn_neat: Split edge 4→1, new hidden node 8 (pool=3)
2026-08-17 10:14:23,383 [DEBUG] cnn_neat: Added edge 3→7 (from 13 candidates)
2026-08-17 10:14:23,388 [DEBUG] cnn_neat: Removed hidden node 6 (pool=4)
2026-08-17 10:14:23,391 [DEBUG] cnn_neat: Removed edge 6→7 (from 7 candidates)
2026-08-17 10:14:23,395 [DEBUG] cnn_neat: Removed 3 edges (requested 3)
2026-08-17 10:14:23,399 [DEBUG] cnn_neat: Crossover rejected: union topology invalid (edges=15 nodes=10)
2026-08-17 10:14:23,402 [DEBUG] cnn_neat: Split edge 5→6, new hidden node 8 (pool=3)
2026-08-17 10:14:23,406 [DEBUG] cnn_neat: Added edge 6→3 (from 13 candidates)
2026-08-17 10:14:23,409 [DEBUG] cnn_neat: Added edge 3→7 (from 11 candidates)
2026-08-17 10:14:23,412 [DEBUG] cnn_neat: Added edge 0→7 (from 9 candidates)
2026-08-17 10:14:23,416 [DEBUG] cnn_neat: Added edge 6→1 (from 7 candidates)
2026-08-17 10:14:23,420 [DEBUG] cnn_neat: Added edge 5→4 (from 6 candidates)
2026-08-17 10:14:23,422 [DEBUG] cnn_neat: Split edge 3→5, new hidden node 8 (pool=9)
2026-08-17 10:14:23,425 [DEBUG] cnn_neat: Added edge 6→5 (from 16 candidates)
2026-08-17 10:14:23,429 [DEBUG] cnn_neat: Removed hidden node 6 (pool=6)
2026-08-17 10:14:23,431 [DEBUG] cnn_neat: Removed edge 5→2 (from 15 candidates)
2026-08-17 10:14:23,435 [DEBUG] cnn_neat: Removed 3 edges (requested 3)
2026-08-17 10:14:23,438 [DEBUG] cnn_neat: Crossover rejected: union topology invalid (edges=27 nodes=13)
2026-08-17 10:14:23,440 [DEBUG] cnn_neat: Split edge 0→7, new hidden node 8 (pool=9)
2026-08-17 10:14:23,443 [DEBUG] cnn_neat: Added edge 7→4 (from 16 candidates)
2026-08-17 10:14:23,446 [DEBUG] cnn_neat: Added edge 7→2 (from 13 candidates)
2026-08-17 10:14:23,448 [DEBUG] cnn_neat: Added edge 7→1 (from 12 candidates)
2026-08-17 10:14:23,451 [DEBUG] cnn_neat: Added edge 5→1 (from 11 candidates)
2026-08-17 10:14:23,455 [DEBUG] cnn_neat: Added edge 0→2 (from 10 candidates)
2026-08-17 10:14:23,457 [DEBUG] cnn_neat: Split edge 0→3, new hidden node 7 (pool=12)
2026-08-17 10:14:23,460 [DEBUG] cnn_neat: Added edge 0→2 (from 7 candidates)
2026-08-17 10:14:23,464 [DEBUG] cnn_neat: Removed hidden node 2 (pool=5)
2026-08-17 10:14:23,466 [DEBUG] cnn_neat: Split edge 4→5, new hidden node 7 (pool=10)
2026-08-17 10:14:23,468 [DEBUG] cnn_neat: Added edge 5→1 (from 10 candidates)
2026-08-17 10:14:23,471 [DEBUG] cnn_neat: Removed edge 6→1 (from 14 candidates)
2026-08-17 10:14:23,475 [DEBUG] cnn_neat: Removed 3 edges (requested 3)
2026-08-17 10:14:23,478 [DEBUG] cnn_neat: Crossover rejected: union topology invalid (edges=28 nodes=13)
2026-08-17 10:14:23,480 [DEBUG] cnn_neat: Split edge 3→4, new hidden node 7 (pool=12)
2026-08-17 10:14:23,483 [DEBUG] cnn_neat: Added edge 5→6 (from 13 candidates)
2026-08-17 10:14:23,485 [DEBUG] cnn_neat: Added edge 0→2 (from 7 candidates)
2026-08-17 10:14:23,488 [DEBUG] cnn_neat: Added edge 2→1 (from 5 candidates)
2026-08-17 10:14:23,491 [DEBUG] cnn_neat: Added edge 5→6 (from 4 candidates)
2026-08-17 10:14:23,495 [DEBUG] cnn_neat: Added edge 5→1 (from 2 candidates)
2026-08-17 10:14:23,498 [DEBUG] cnn_neat: Added edge 4→2 (from 1 candidates)
2026-08-17 10:14:23,501 [DEBUG] cnn_neat: Split edge 3→5, new hidden node 7 (pool=6)
2026-08-17 10:14:23,503 [DEBUG] cnn_neat: Split edge 0→3, new hidden node 8 (pool=1)
2026-08-17 10:14:23,505 [DEBUG] cnn_neat: Added edge 8→5 (from 19 candidates)
2026-08-17 10:14:23,507 [DEBUG] cnn_neat: Added edge 0→4 (from 8 candidates)
2026-08-17 10:14:23,509 [DEBUG] cnn_neat: Split edge 4→1, new hidden node 7 (pool=12)
2026-08-17 10:14:23,513 [DEBUG] cnn_neat: Removed hidden node 2 (pool=4)
2026-08-17 10:14:23,515 [DEBUG] cnn_neat: Removed edge 6→2 (from 11 candidates)
2026-08-17 10:14:23,519 [DEBUG] cnn_neat: Removed 3 edges (requested 3)
2026-08-17 10:14:23,522 [DEBUG] cnn_neat: Crossover rejected: union topology invalid (edges=20 nodes=11)
2026-08-17 10:14:23,524 [DEBUG] cnn_neat: Split edge 5→2, new hidden node 7 (pool=6)
2026-08-17 10:14:23,526 [DEBUG] cnn_neat: Added edge 0→6 (from 8 candidates)
2026-08-17 10:14:23,529 [DEBUG] cnn_neat: Added edge 5→6 (from 7 candidates)
2026-08-17 10:14:23,532 [DEBUG] cnn_neat: Added edge 2→1 (from 5 candidates)
2026-08-17 10:14:23,536 [DEBUG] cnn_neat: Added edge 0→2 (from 4 candidates)
2026-08-17 10:14:23,539 [DEBUG] cnn_neat: Added edge 4→2 (from 2 candidates)
2026-08-17 10:14:23,541 [DEBUG] cnn_neat: Split edge 0→3, new hidden node 7 (pool=4)
2026-08-17 10:14:23,543 [DEBUG] cnn_neat: Added edge 4→2 (from 10 candidates)
2026-08-17 10:14:23,547 [DEBUG] cnn_neat: Removed hidden node 4 (pool=4)
2026-08-17 10:14:23,548 [DEBUG] cnn_neat: Split edge 3→5, new hidden node 7 (pool=4)
2026-08-17 10:14:23,549 [DEBUG] cnn_neat: Added edge 3→5 (from 15 candidates)
2026-08-17 10:14:23,551 [DEBUG] cnn_neat: Removed edge 4→6 (from 9 candidates)
2026-08-17 10:14:23,555 [DEBUG] cnn_neat: Removed 3 edges (requested 3)
2026-08-17 10:14:23,558 [DEBUG] cnn_neat: Crossover rejected: union topology invalid (edges=18 nodes=10)
2026-08-17 10:14:23,562 [DEBUG] cnn_neat: Split edge 3→5, new hidden node 7 (pool=4)
2026-08-17 10:14:23,564 [DEBUG] cnn_neat: Added edge 6→5 (from 19 candidates)
2026-08-17 10:14:23,568 [DEBUG] cnn_neat: Removed hidden node 6 (pool=5)
2026-08-17 10:14:23,571 [DEBUG] cnn_neat: Added edge 5→1 (from 10 candidates)
2026-08-17 10:14:23,574 [DEBUG] cnn_neat: Added edge 4→2 (from 9 candidates)
2026-08-17 10:14:23,578 [DEBUG] cnn_neat: Added edge 0→4 (from 8 candidates)
2026-08-17 10:14:23,582 [DEBUG] cnn_neat: Added edge 5→6 (from 7 candidates)
2026-08-17 10:14:23,585 [DEBUG] cnn_neat: Added edge 0→2 (from 4 candidates)
2026-08-17 10:14:23,588 [DEBUG] cnn_neat: Split edge 0→3, new hidden node 8 (pool=1)
2026-08-17 10:14:23,590 [DEBUG] cnn_neat: Split edge 3→1, new hidden node 9 (pool=8)
2026-08-17 10:14:23,594 [DEBUG] cnn_neat: Added edge 2→1 (from 17 candidates)
2026-08-17 10:14:23,599 [DEBUG] cnn_neat: Removed hidden node 6 (pool=5)
2026-08-17 10:14:23,601 [DEBUG] cnn_neat: Split edge 0→7, new hidden node 8 (pool=5)
2026-08-17 10:14:23,604 [DEBUG] cnn_neat: Removed edge 7→5 (from 11 candidates)
2026-08-17 10:14:23,608 [DEBUG] cnn_neat: Removed 3 edges (requested 3)
2026-08-17 10:14:23,611 [DEBUG] cnn_neat: Crossover rejected: union topology invalid (edges=26 nodes=13)
2026-08-17 10:14:23,615 [DEBUG] cnn_neat: Split edge 0→3, new hidden node 8 (pool=1)
2026-08-17 10:14:23,618 [DEBUG] cnn_neat: Added edge 3→7 (from 21 candidates)
2026-08-17 10:14:23,620 [DEBUG] cnn_neat: Added edge 6→5 (from 17 candidates)
2026-08-17 10:14:23,624 [DEBUG] cnn_neat: Added edge 0→6 (from 15 candidates)
2026-08-17 10:14:23,626 [DEBUG] cnn_neat: Added edge 4→2 (from 14 candidates)
2026-08-17 10:14:23,629 [DEBUG] cnn_neat: Added edge 5→1 (from 13 candidates)
2026-08-17 10:14:23,634 [DEBUG] cnn_neat: Added edge 7→3 (from 12 candidates)
2026-08-17 10:14:23,637 [DEBUG] cnn_neat: Split edge 0→3, new hidden node 8 (pool=1)
2026-08-17 10:14:23,639 [DEBUG] cnn_neat: Split edge 5→2, new hidden node 9 (pool=6)
2026-08-17 10:14:23,642 [DEBUG] cnn_neat: Added edge 3→5 (from 16 candidates)
2026-08-17 10:14:23,647 [DEBUG] cnn_neat: Removed hidden node 7 (pool=5)
2026-08-17 10:14:23,650 [DEBUG] cnn_neat: Removed edge 3→7 (from 11 candidates)
2026-08-17 10:14:23,655 [DEBUG] cnn_neat: Removed 3 edges (requested 3)
2026-08-17 10:14:23,659 [DEBUG] cnn_neat: Crossover rejected: union topology invalid (edges=23 nodes=13)
2026-08-17 10:14:23,662 [DEBUG] cnn_neat: Split edge 0→3, new hidden node 8 (pool=1)
2026-08-17 10:14:23,664 [DEBUG] cnn_neat: Added edge 8→7 (from 19 candidates)
2026-08-17 10:14:23,668 [DEBUG] cnn_neat: Added edge 7→2 (from 16 candidates)
2026-08-17 10:14:23,671 [DEBUG] cnn_neat: Added edge 7→6 (from 15 candidates)
2026-08-17 10:14:23,674 [DEBUG] cnn_neat: Added edge 6→5 (from 13 candidates)
2026-08-17 10:14:23,677 [DEBUG] cnn_neat: Added edge 0→7 (from 11 candidates)
2026-08-17 10:14:23,681 [DEBUG] cnn_neat: Added edge 2→1 (from 10 candidates)
2026-08-17 10:14:23,686 [DEBUG] cnn_neat: Split edge 11→9, new hidden node 12 (pool=12)
2026-08-17 10:14:23,689 [DEBUG] cnn_neat: Added edge 5→4 (from 9 candidates)
2026-08-17 10:14:23,689 [DEBUG] cnn_neat: Generation bred 128 offspring from 26 parents (queue=128 enqueued=0)
2026-08-17 10:14:23,696 [DEBUG] cnn_neat: Generation 9 formed (128 models, elite_queue=128, breeders=26, offspring=128) | evaluated total: 1152 | avg cycle ~7 мин 47 с (last 5 of ≤5, no MAX_GENERATIONS limit)
2026-08-17 10:22:10,192 [DEBUG] cnn_neat: Saved generation 9
2026-08-17 10:22:10,284 [DEBUG] cnn_neat: Selected 25 elite individuals
2026-08-17 10:22:10,415 [DEBUG] cnn_neat: Trimmed elite queue to 128 entries
2026-08-17 10:22:10,423 [DEBUG] cnn_neat: Split edge 12→11, new hidden node 13 (pool=10)
2026-08-17 10:22:10,431 [DEBUG] cnn_neat: Added edge 12→9 (from 17 candidates)
2026-08-17 10:22:10,442 [DEBUG] cnn_neat: Removed hidden node 3 (pool=7)
2026-08-17 10:22:10,448 [DEBUG] cnn_neat: Removed edge 0→12 (from 14 candidates)
2026-08-17 10:22:10,459 [DEBUG] cnn_neat: Removed 3 edges (requested 3)
2026-08-17 10:22:10,466 [DEBUG] cnn_neat: Crossover rejected: union topology invalid (edges=34 nodes=14)
2026-08-17 10:22:10,472 [DEBUG] cnn_neat: Split edge 4→10, new hidden node 13 (pool=10)
2026-08-17 10:22:10,479 [DEBUG] cnn_neat: Added edge 12→10 (from 17 candidates)
2026-08-17 10:22:10,485 [DEBUG] cnn_neat: Added edge 5→11 (from 16 candidates)
2026-08-17 10:22:10,491 [DEBUG] cnn_neat: Added edge 12→1 (from 15 candidates)
2026-08-17 10:22:10,497 [DEBUG] cnn_neat: Added edge 5→9 (from 14 candidates)
2026-08-17 10:22:10,504 [DEBUG] cnn_neat: Added edge 3→11 (from 13 candidates)
2026-08-17 10:22:10,508 [DEBUG] cnn_neat: Split edge 5→2, new hidden node 8 (pool=11)
2026-08-17 10:22:10,511 [DEBUG] cnn_neat: Added edge 0→2 (from 11 candidates)
2026-08-17 10:22:10,517 [DEBUG] cnn_neat: Removed hidden node 2 (pool=6)
2026-08-17 10:22:10,521 [DEBUG] cnn_neat: Removed edge 5→6 (from 15 candidates)
2026-08-17 10:22:10,525 [DEBUG] cnn_neat: Split edge 3→5, new hidden node 8 (pool=10)
2026-08-17 10:22:10,530 [DEBUG] cnn_neat: Removed 3 edges (requested 3)
2026-08-17 10:22:10,537 [DEBUG] cnn_neat: Crossover rejected: union topology invalid (edges=30 nodes=14)
2026-08-17 10:22:10,544 [DEBUG] cnn_neat: Split edge 4→1, new hidden node 8 (pool=11)
2026-08-17 10:22:10,548 [DEBUG] cnn_neat: Added edge 7→1 (from 11 candidates)
2026-08-17 10:22:10,616 [DEBUG] cnn_neat: Added edge 7→2 (from 10 candidates)
2026-08-17 10:22:10,620 [DEBUG] cnn_neat: Added edge 4→2 (from 9 candidates)
2026-08-17 10:22:10,625 [DEBUG] cnn_neat: Added edge 7→6 (from 8 candidates)
2026-08-17 10:22:10,629 [DEBUG] cnn_neat: Added edge 0→2 (from 7 candidates)
2026-08-17 10:22:10,636 [DEBUG] cnn_neat: Split edge 0→5, new hidden node 8 (pool=9)
2026-08-17 10:22:10,642 [DEBUG] cnn_neat: Added edge 7→2 (from 7 candidates)
2026-08-17 10:22:10,650 [DEBUG] cnn_neat: Removed hidden node 5 (pool=6)
2026-08-17 10:22:10,656 [DEBUG] cnn_neat: Removed edge 6→7 (from 18 candidates)
2026-08-17 10:22:10,668 [DEBUG] cnn_neat: Removed 3 edges (requested 3)
2026-08-17 10:22:10,740 [DEBUG] cnn_neat: Crossover rejected: union topology invalid (edges=31 nodes=13)
2026-08-17 10:22:10,743 [DEBUG] cnn_neat: Split edge 0→5, new hidden node 8 (pool=9)
2026-08-17 10:22:10,747 [DEBUG] cnn_neat: Added edge 0→6 (from 18 candidates)
2026-08-17 10:22:10,751 [DEBUG] cnn_neat: Added edge 0→4 (from 7 candidates)
2026-08-17 10:22:10,755 [DEBUG] cnn_neat: Added edge 7→2 (from 4 candidates)
2026-08-17 10:22:10,759 [DEBUG] cnn_neat: Added edge 7→1 (from 3 candidates)
2026-08-17 10:22:10,762 [DEBUG] cnn_neat: Added edge 6→5 (from 2 candidates)
2026-08-17 10:22:10,767 [DEBUG] cnn_neat: Added edge 2→1 (from 1 candidates)
2026-08-17 10:22:10,769 [DEBUG] cnn_neat: Split edge 3→5, new hidden node 7 (pool=7)
2026-08-17 10:22:10,771 [DEBUG] cnn_neat: Added edge 0→2 (from 12 candidates)
2026-08-17 10:22:10,777 [DEBUG] cnn_neat: Removed hidden node 5 (pool=5)
2026-08-17 10:22:10,779 [DEBUG] cnn_neat: Removed edge 0→4 (from 9 candidates)
2026-08-17 10:22:10,783 [DEBUG] cnn_neat: Removed 3 edges (requested 3)
2026-08-17 10:22:10,785 [DEBUG] cnn_neat: Crossover rejected: union topology invalid (edges=27 nodes=12)
2026-08-17 10:22:10,788 [DEBUG] cnn_neat: Split edge 3→6, new hidden node 7 (pool=7)
2026-08-17 10:22:10,790 [DEBUG] cnn_neat: Added edge 4→5 (from 12 candidates)
2026-08-17 10:22:10,794 [DEBUG] cnn_neat: Added edge 2→1 (from 10 candidates)
2026-08-17 10:22:10,798 [DEBUG] cnn_neat: Added edge 5→6 (from 9 candidates)
2026-08-17 10:22:10,802 [DEBUG] cnn_neat: Added edge 5→2 (from 6 candidates)
2026-08-17 10:22:10,808 [DEBUG] cnn_neat: Added edge 3→1 (from 5 candidates)
2026-08-17 10:22:10,811 [DEBUG] cnn_neat: Split edge 0→4, new hidden node 7 (pool=7)
2026-08-17 10:22:10,814 [DEBUG] cnn_neat: Added edge 0→6 (from 1 candidates)
2026-08-17 10:22:10,817 [DEBUG] cnn_neat: Split edge 0→3, new hidden node 7 (pool=9)
2026-08-17 10:22:10,824 [DEBUG] cnn_neat: Removed hidden node 3 (pool=3)
2026-08-17 10:22:10,827 [DEBUG] cnn_neat: Removed edge 0→4 (from 8 candidates)
2026-08-17 10:22:10,832 [DEBUG] cnn_neat: Removed 3 edges (requested 3)
2026-08-17 10:22:10,837 [DEBUG] cnn_neat: Crossover rejected: copied edge has no live Conv2d
2026-08-17 10:22:10,839 [DEBUG] cnn_neat: Split edge 4→1, new hidden node 7 (pool=7)
2026-08-17 10:22:10,843 [DEBUG] cnn_neat: Added edge 0→6 (from 1 candidates)
2026-08-17 10:22:10,846 [DEBUG] cnn_neat: Added edge 0→1 (from 1 candidates)
2026-08-17 10:22:10,853 [DEBUG] cnn_neat: Split edge 0→1, new hidden node 7 (pool=1)
2026-08-17 10:22:10,856 [DEBUG] cnn_neat: Added edge 4→7 (from 7 candidates)
2026-08-17 10:22:10,859 [DEBUG] cnn_neat: Split edge 3→4, new hidden node 7 (pool=6)
2026-08-17 10:22:10,861 [DEBUG] cnn_neat: Added edge 0→2 (from 4 candidates)
2026-08-17 10:22:10,865 [DEBUG] cnn_neat: Removed hidden node 6 (pool=4)
2026-08-17 10:22:10,868 [DEBUG] cnn_neat: Removed edge 3→6 (from 8 candidates)
2026-08-17 10:22:10,874 [DEBUG] cnn_neat: Removed 3 edges (requested 3)
2026-08-17 10:22:10,877 [DEBUG] cnn_neat: Crossover rejected: union topology invalid (edges=24 nodes=12)
2026-08-17 10:22:10,880 [DEBUG] cnn_neat: Split edge 4→6, new hidden node 7 (pool=6)
2026-08-17 10:22:10,883 [DEBUG] cnn_neat: Added edge 0→2 (from 4 candidates)
2026-08-17 10:22:10,887 [DEBUG] cnn_neat: Added edge 0→6 (from 3 candidates)
2026-08-17 10:22:10,892 [DEBUG] cnn_neat: Added edge 2→1 (from 3 candidates)
2026-08-17 10:22:10,896 [DEBUG] cnn_neat: Added edge 0→1 (from 2 candidates)
2026-08-17 10:22:10,899 [DEBUG] cnn_neat: Added edge 4→2 (from 1 candidates)
2026-08-17 10:22:10,902 [DEBUG] cnn_neat: Split edge 0→3, new hidden node 8 (pool=8)
2026-08-17 10:22:10,905 [DEBUG] cnn_neat: Added edge 5→1 (from 10 candidates)
2026-08-17 10:22:10,908 [DEBUG] cnn_neat: Split edge 0→5, new hidden node 8 (pool=9)
2026-08-17 10:22:10,913 [DEBUG] cnn_neat: Removed hidden node 5 (pool=5)
2026-08-17 10:22:10,916 [DEBUG] cnn_neat: Removed edge 0→3 (from 11 candidates)
2026-08-17 10:22:10,921 [DEBUG] cnn_neat: Removed 3 edges (requested 3)
2026-08-17 10:22:10,926 [DEBUG] cnn_neat: Crossover rejected: union topology invalid (edges=27 nodes=12)
2026-08-17 10:22:10,929 [DEBUG] cnn_neat: Split edge 0→3, new hidden node 8 (pool=8)
2026-08-17 10:22:10,933 [DEBUG] cnn_neat: Added edge 8→4 (from 16 candidates)
2026-08-17 10:22:10,936 [DEBUG] cnn_neat: Added edge 0→7 (from 10 candidates)
2026-08-17 10:22:10,941 [DEBUG] cnn_neat: Added edge 3→7 (from 8 candidates)
2026-08-17 10:22:10,944 [DEBUG] cnn_neat: Added edge 7→6 (from 7 candidates)
2026-08-17 10:22:10,949 [DEBUG] cnn_neat: Added edge 5→1 (from 5 candidates)
2026-08-17 10:22:10,953 [DEBUG] cnn_neat: Added edge 5→6 (from 4 candidates)
2026-08-17 10:22:10,956 [DEBUG] cnn_neat: Split edge 3→6, new hidden node 8 (pool=8)
2026-08-17 10:22:10,961 [DEBUG] cnn_neat: Added edge 0→7 (from 7 candidates)
2026-08-17 10:22:10,969 [DEBUG] cnn_neat: Removed hidden node 5 (pool=5)
2026-08-17 10:22:10,974 [DEBUG] cnn_neat: Removed edge 0→5 (from 11 candidates)
2026-08-17 10:22:10,980 [DEBUG] cnn_neat: Removed 3 edges (requested 3)
2026-08-17 10:22:10,985 [DEBUG] cnn_neat: Crossover rejected: union topology invalid (edges=28 nodes=12)
2026-08-17 10:22:10,988 [DEBUG] cnn_neat: Split edge 4→6, new hidden node 8 (pool=8)
2026-08-17 10:22:10,992 [DEBUG] cnn_neat: Added edge 6→5 (from 7 candidates)
2026-08-17 10:22:10,995 [DEBUG] cnn_neat: Added edge 4→5 (from 6 candidates)
2026-08-17 10:22:11,000 [DEBUG] cnn_neat: Added edge 5→1 (from 5 candidates)
2026-08-17 10:22:11,005 [DEBUG] cnn_neat: Added edge 3→7 (from 4 candidates)
2026-08-17 10:22:11,010 [DEBUG] cnn_neat: Added edge 0→7 (from 3 candidates)
2026-08-17 10:22:11,014 [DEBUG] cnn_neat: Split edge 0→3, new hidden node 7 (pool=13)
2026-08-17 10:22:11,018 [DEBUG] cnn_neat: Added edge 5→6 (from 5 candidates)
2026-08-17 10:22:11,025 [DEBUG] cnn_neat: Removed hidden node 6 (pool=5)
2026-08-17 10:22:11,028 [DEBUG] cnn_neat: Removed edge 5→2 (from 15 candidates)
2026-08-17 10:22:11,037 [DEBUG] cnn_neat: Removed 3 edges (requested 3)
2026-08-17 10:22:11,041 [DEBUG] cnn_neat: Crossover rejected: union topology invalid (edges=25 nodes=11)
2026-08-17 10:22:11,044 [DEBUG] cnn_neat: Split edge 0→2, new hidden node 7 (pool=13)
2026-08-17 10:22:11,048 [DEBUG] cnn_neat: Added edge 5→1 (from 5 candidates)
2026-08-17 10:22:11,052 [DEBUG] cnn_neat: Added edge 6→5 (from 4 candidates)
2026-08-17 10:22:11,056 [DEBUG] cnn_neat: Added edge 4→2 (from 2 candidates)
2026-08-17 10:22:11,063 [DEBUG] cnn_neat: Added edge 2→1 (from 1 candidates)
2026-08-17 10:22:11,070 [DEBUG] cnn_neat: Split edge 4→1, new hidden node 7 (pool=16)
2026-08-17 10:22:11,074 [DEBUG] cnn_neat: Split edge 0→4, new hidden node 7 (pool=13)
2026-08-17 10:22:11,077 [DEBUG] cnn_neat: Added edge 4→2 (from 3 candidates)
2026-08-17 10:22:11,084 [DEBUG] cnn_neat: Removed hidden node 5 (pool=5)
2026-08-17 10:22:11,086 [DEBUG] cnn_neat: Split edge 0→3, new hidden node 7 (pool=9)
2026-08-17 10:22:11,088 [DEBUG] cnn_neat: Removed edge 0→4 (from 16 candidates)
2026-08-17 10:22:11,093 [DEBUG] cnn_neat: Removed 3 edges (requested 3)
2026-08-17 10:22:11,096 [DEBUG] cnn_neat: Crossover rejected: union topology invalid (edges=27 nodes=12)
2026-08-17 10:22:11,098 [DEBUG] cnn_neat: Split edge 3→2, new hidden node 7 (pool=13)
2026-08-17 10:22:11,101 [DEBUG] cnn_neat: Added edge 4→2 (from 3 candidates)
2026-08-17 10:22:11,103 [DEBUG] cnn_neat: Added edge 5→1 (from 2 candidates)
2026-08-17 10:22:11,107 [DEBUG] cnn_neat: Added edge 2→1 (from 1 candidates)
2026-08-17 10:22:11,115 [DEBUG] cnn_neat: Split edge 4→6, new hidden node 7 (pool=16)
2026-08-17 10:22:11,118 [DEBUG] cnn_neat: Split edge 4→6, new hidden node 8 (pool=8)
2026-08-17 10:22:11,120 [DEBUG] cnn_neat: Added edge 0→7 (from 14 candidates)
2026-08-17 10:22:11,125 [DEBUG] cnn_neat: Removed hidden node 2 (pool=6)
2026-08-17 10:22:11,127 [DEBUG] cnn_neat: Removed edge 0→3 (from 14 candidates)
2026-08-17 10:22:11,131 [DEBUG] cnn_neat: Removed 3 edges (requested 3)
2026-08-17 10:22:11,135 [DEBUG] cnn_neat: Crossover rejected: union topology invalid (edges=29 nodes=13)
2026-08-17 10:22:11,137 [DEBUG] cnn_neat: Split edge 4→6, new hidden node 8 (pool=8)
2026-08-17 10:22:11,140 [DEBUG] cnn_neat: Added edge 0→6 (from 22 candidates)
2026-08-17 10:22:11,143 [DEBUG] cnn_neat: Added edge 7→1 (from 14 candidates)
2026-08-17 10:22:11,146 [DEBUG] cnn_neat: Added edge 6→7 (from 13 candidates)
2026-08-17 10:22:11,149 [DEBUG] cnn_neat: Added edge 5→7 (from 10 candidates)
2026-08-17 10:22:11,153 [DEBUG] cnn_neat: Added edge 4→7 (from 8 candidates)
2026-08-17 10:22:11,157 [DEBUG] cnn_neat: Added edge 4→2 (from 7 candidates)
2026-08-17 10:22:11,159 [DEBUG] cnn_neat: Split edge 0→5, new hidden node 7 (pool=7)
2026-08-17 10:22:11,161 [DEBUG] cnn_neat: Added edge 3→6 (from 9 candidates)
2026-08-17 10:22:11,165 [DEBUG] cnn_neat: Removed hidden node 6 (pool=3)
2026-08-17 10:22:11,166 [DEBUG] cnn_neat: Split edge 0→3, new hidden node 6 (pool=5)
2026-08-17 10:22:11,168 [DEBUG] cnn_neat: Removed edge 6→4 (from 6 candidates)
2026-08-17 10:22:11,171 [DEBUG] cnn_neat: Removed 3 edges (requested 3)
2026-08-17 10:22:11,174 [DEBUG] cnn_neat: Crossover rejected: union topology invalid (edges=27 nodes=12)
2026-08-17 10:22:11,176 [DEBUG] cnn_neat: Split edge 3→4, new hidden node 7 (pool=7)
2026-08-17 10:22:11,178 [DEBUG] cnn_neat: Added edge 6→5 (from 9 candidates)
2026-08-17 10:22:11,181 [DEBUG] cnn_neat: Added edge 0→4 (from 6 candidates)
2026-08-17 10:22:11,184 [DEBUG] cnn_neat: Added edge 6→1 (from 6 candidates)
2026-08-17 10:22:11,189 [DEBUG] cnn_neat: Added edge 6→3 (from 5 candidates)
2026-08-17 10:22:11,192 [DEBUG] cnn_neat: Added edge 3→1 (from 4 candidates)
2026-08-17 10:22:11,194 [DEBUG] cnn_neat: Split edge 0→3, new hidden node 8 (pool=2)
2026-08-17 10:22:11,196 [DEBUG] cnn_neat: Added edge 6→7 (from 8 candidates)
2026-08-17 10:22:11,199 [DEBUG] cnn_neat: Removed hidden node 6 (pool=3)
2026-08-17 10:22:11,201 [DEBUG] cnn_neat: Removed edge 3→7 (from 6 candidates)
2026-08-17 10:22:11,203 [DEBUG] cnn_neat: Split edge 3→1, new hidden node 7 (pool=2)
2026-08-17 10:22:11,207 [DEBUG] cnn_neat: Removed 3 edges (requested 3)
2026-08-17 10:22:11,209 [DEBUG] cnn_neat: Crossover rejected: union topology invalid (edges=19 nodes=11)
2026-08-17 10:22:11,212 [DEBUG] cnn_neat: Split edge 3→1, new hidden node 8 (pool=2)
2026-08-17 10:22:11,214 [DEBUG] cnn_neat: Added edge 0→6 (from 8 candidates)
2026-08-17 10:22:11,217 [DEBUG] cnn_neat: Added edge 7→1 (from 7 candidates)
2026-08-17 10:22:11,219 [DEBUG] cnn_neat: Added edge 6→7 (from 6 candidates)
2026-08-17 10:22:11,222 [DEBUG] cnn_neat: Added edge 0→4 (from 3 candidates)
2026-08-17 10:22:11,225 [DEBUG] cnn_neat: Added edge 0→7 (from 2 candidates)
2026-08-17 10:22:11,228 [DEBUG] cnn_neat: Split edge 4→5, new hidden node 7 (pool=12)
2026-08-17 10:22:11,231 [DEBUG] cnn_neat: Added edge 2→1 (from 7 candidates)
2026-08-17 10:22:11,236 [DEBUG] cnn_neat: Removed hidden node 4 (pool=5)
2026-08-17 10:22:11,238 [DEBUG] cnn_neat: Removed edge 3→2 (from 14 candidates)
2026-08-17 10:22:11,243 [DEBUG] cnn_neat: Removed 3 edges (requested 3)
2026-08-17 10:22:11,247 [DEBUG] cnn_neat: Crossover rejected: union topology invalid (edges=27 nodes=12)
2026-08-17 10:22:11,251 [DEBUG] cnn_neat: Split edge 0→3, new hidden node 7 (pool=12)
2026-08-17 10:22:11,254 [DEBUG] cnn_neat: Added edge 6→5 (from 13 candidates)
2026-08-17 10:22:11,257 [DEBUG] cnn_neat: Added edge 4→2 (from 7 candidates)
2026-08-17 10:22:11,260 [DEBUG] cnn_neat: Added edge 5→1 (from 6 candidates)
2026-08-17 10:22:11,265 [DEBUG] cnn_neat: Added edge 0→6 (from 5 candidates)
2026-08-17 10:22:11,269 [DEBUG] cnn_neat: Added edge 5→6 (from 3 candidates)
2026-08-17 10:22:11,274 [DEBUG] cnn_neat: Added edge 2→1 (from 1 candidates)
2026-08-17 10:22:11,277 [DEBUG] cnn_neat: Split edge 4→5, new hidden node 7 (pool=10)
2026-08-17 10:22:11,281 [DEBUG] cnn_neat: Split edge 3→4, new hidden node 8 (pool=8)
2026-08-17 10:22:11,284 [DEBUG] cnn_neat: Added edge 0→6 (from 4 candidates)
2026-08-17 10:22:11,288 [DEBUG] cnn_neat: Removed hidden node 6 (pool=4)
2026-08-17 10:22:11,290 [DEBUG] cnn_neat: Removed edge 4→6 (from 11 candidates)
2026-08-17 10:22:11,295 [DEBUG] cnn_neat: Removed 3 edges (requested 3)
2026-08-17 10:22:11,299 [DEBUG] cnn_neat: Crossover rejected: union topology invalid (edges=29 nodes=13)
2026-08-17 10:22:11,301 [DEBUG] cnn_neat: Split edge 3→5, new hidden node 7 (pool=10)
2026-08-17 10:22:11,305 [DEBUG] cnn_neat: Added edge 5→6 (from 4 candidates)
2026-08-17 10:22:11,308 [DEBUG] cnn_neat: Added edge 0→6 (from 2 candidates)
2026-08-17 10:22:11,313 [DEBUG] cnn_neat: Added edge 5→1 (from 2 candidates)
2026-08-17 10:22:11,318 [DEBUG] cnn_neat: Added edge 0→1 (from 1 candidates)
2026-08-17 10:22:11,332 [DEBUG] cnn_neat: Removed hidden node 5 (pool=4)
2026-08-17 10:22:11,335 [DEBUG] cnn_neat: Removed edge 3→1 (from 8 candidates)
2026-08-17 10:22:11,337 [DEBUG] cnn_neat: Split edge 3→4, new hidden node 7 (pool=12)
2026-08-17 10:22:11,340 [DEBUG] cnn_neat: Added edge 4→2 (from 5 candidates)
2026-08-17 10:22:11,347 [DEBUG] cnn_neat: Removed hidden node 6 (pool=5)
2026-08-17 10:22:11,350 [DEBUG] cnn_neat: Removed edge 6→2 (from 15 candidates)
2026-08-17 10:22:11,356 [DEBUG] cnn_neat: Removed 3 edges (requested 3)
2026-08-17 10:22:11,359 [DEBUG] cnn_neat: Crossover rejected: union topology invalid (edges=29 nodes=13)
2026-08-17 10:22:11,364 [DEBUG] cnn_neat: Split edge 5→2, new hidden node 7 (pool=12)
2026-08-17 10:22:11,367 [DEBUG] cnn_neat: Added edge 5→1 (from 5 candidates)
2026-08-17 10:22:11,369 [DEBUG] cnn_neat: Added edge 0→2 (from 4 candidates)
2026-08-17 10:22:11,373 [DEBUG] cnn_neat: Added edge 2→1 (from 2 candidates)
2026-08-17 10:22:11,380 [DEBUG] cnn_neat: Added edge 4→2 (from 1 candidates)
2026-08-17 10:22:11,388 [DEBUG] cnn_neat: Split edge 2→1, new hidden node 7 (pool=16)
2026-08-17 10:22:11,391 [DEBUG] cnn_neat: Split edge 0→5, new hidden node 7 (pool=6)
2026-08-17 10:22:11,395 [DEBUG] cnn_neat: Split edge 0→3, new hidden node 8 (pool=1)
2026-08-17 10:22:11,397 [DEBUG] cnn_neat: Added edge 8→4 (from 21 candidates)
2026-08-17 10:22:11,400 [DEBUG] cnn_neat: Added edge 0→6 (from 8 candidates)
2026-08-17 10:22:11,405 [DEBUG] cnn_neat: Removed hidden node 5 (pool=4)
2026-08-17 10:22:11,407 [DEBUG] cnn_neat: Split edge 0→3, new hidden node 7 (pool=2)
2026-08-17 10:22:11,409 [DEBUG] cnn_neat: Removed edge 3→2 (from 11 candidates)
2026-08-17 10:22:11,414 [DEBUG] cnn_neat: Removed 3 edges (requested 3)
2026-08-17 10:22:11,418 [DEBUG] cnn_neat: Crossover rejected: union topology invalid (edges=31 nodes=14)
2026-08-17 10:22:11,420 [DEBUG] cnn_neat: Split edge 3→5, new hidden node 7 (pool=6)
2026-08-17 10:22:11,423 [DEBUG] cnn_neat: Added edge 7→2 (from 16 candidates)
2026-08-17 10:22:11,425 [DEBUG] cnn_neat: Added edge 4→2 (from 8 candidates)
2026-08-17 10:22:11,427 [DEBUG] cnn_neat: Added edge 6→5 (from 7 candidates)
2026-08-17 10:22:11,429 [DEBUG] cnn_neat: Added edge 0→2 (from 5 candidates)
2026-08-17 10:22:11,432 [DEBUG] cnn_neat: Added edge 0→6 (from 4 candidates)
2026-08-17 10:22:11,435 [DEBUG] cnn_neat: Added edge 2→1 (from 2 candidates)
2026-08-17 10:22:11,437 [DEBUG] cnn_neat: Split edge 3→5, new hidden node 7 (pool=4)
2026-08-17 10:22:11,440 [DEBUG] cnn_neat: Split edge 0→3, new hidden node 8 (pool=1)
2026-08-17 10:22:11,443 [DEBUG] cnn_neat: Added edge 7→1 (from 22 candidates)
2026-08-17 10:22:11,445 [DEBUG] cnn_neat: Added edge 0→2 (from 10 candidates)
2026-08-17 10:22:11,449 [DEBUG] cnn_neat: Removed hidden node 4 (pool=4)
2026-08-17 10:22:11,451 [DEBUG] cnn_neat: Split edge 3→5, new hidden node 7 (pool=4)
2026-08-17 10:22:11,452 [DEBUG] cnn_neat: Added edge 5→2 (from 15 candidates)
2026-08-17 10:22:11,455 [DEBUG] cnn_neat: Removed edge 4→1 (from 9 candidates)
2026-08-17 10:22:11,459 [DEBUG] cnn_neat: Removed 3 edges (requested 3)
2026-08-17 10:22:11,463 [DEBUG] cnn_neat: Crossover rejected: union topology invalid (edges=32 nodes=13)
2026-08-17 10:22:11,465 [DEBUG] cnn_neat: Split edge 3→5, new hidden node 7 (pool=4)
2026-08-17 10:22:11,467 [DEBUG] cnn_neat: Added edge 2→5 (from 19 candidates)
2026-08-17 10:22:11,470 [DEBUG] cnn_neat: Added edge 5→6 (from 10 candidates)
2026-08-17 10:22:11,473 [DEBUG] cnn_neat: Added edge 4→2 (from 7 candidates)
2026-08-17 10:22:11,476 [DEBUG] cnn_neat: Added edge 0→2 (from 6 candidates)
2026-08-17 10:22:11,479 [DEBUG] cnn_neat: Added edge 5→1 (from 5 candidates)
2026-08-17 10:22:11,482 [DEBUG] cnn_neat: Added edge 2→1 (from 4 candidates)
2026-08-17 10:22:11,485 [DEBUG] cnn_neat: Split edge 0→3, new hidden node 8 (pool=1)
2026-08-17 10:22:11,488 [DEBUG] cnn_neat: Split edge 8→3, new hidden node 9 (pool=8)
2026-08-17 10:22:11,490 [DEBUG] cnn_neat: Added edge 4→2 (from 17 candidates)
2026-08-17 10:22:11,490 [DEBUG] cnn_neat: Generation bred 128 offspring from 26 parents (queue=128 enqueued=0)
2026-08-17 10:22:11,499 [DEBUG] cnn_neat: Generation 10 formed (128 models, elite_queue=128, breeders=26, offspring=128) | evaluated total: 1280 | avg cycle ~7 мин 49 с (last 5 of ≤5, no MAX_GENERATIONS limit)
2026-08-17 10:30:15,468 [DEBUG] cnn_neat: Saved generation 10
2026-08-17 10:30:15,586 [DEBUG] cnn_neat: Selected 25 elite individuals
2026-08-17 10:30:15,739 [DEBUG] cnn_neat: Trimmed elite queue to 128 entries
2026-08-17 10:30:15,743 [DEBUG] cnn_neat: Split edge 3→5, new hidden node 8 (pool=9)
2026-08-17 10:30:15,748 [DEBUG] cnn_neat: Added edge 0→6 (from 7 candidates)
2026-08-17 10:30:15,756 [DEBUG] cnn_neat: Removed hidden node 6 (pool=5)
2026-08-17 10:30:15,762 [DEBUG] cnn_neat: Removed edge 3→7 (from 12 candidates)
2026-08-17 10:30:15,770 [DEBUG] cnn_neat: Removed 3 edges (requested 3)
2026-08-17 10:30:15,776 [DEBUG] cnn_neat: Crossover rejected: union topology invalid (edges=23 nodes=11)
2026-08-17 10:30:15,782 [DEBUG] cnn_neat: Split edge 4→6, new hidden node 8 (pool=9)
2026-08-17 10:30:15,787 [DEBUG] cnn_neat: Added edge 3→4 (from 7 candidates)
2026-08-17 10:30:15,823 [DEBUG] cnn_neat: Added edge 0→6 (from 6 candidates)
2026-08-17 10:30:15,826 [DEBUG] cnn_neat: Added edge 7→1 (from 4 candidates)
2026-08-17 10:30:15,830 [DEBUG] cnn_neat: Added edge 5→1 (from 3 candidates)
2026-08-17 10:30:15,833 [DEBUG] cnn_neat: Added edge 7→5 (from 2 candidates)
2026-08-17 10:30:15,840 [DEBUG] cnn_neat: Added edge 3→4 (from 19 candidates)
2026-08-17 10:30:15,844 [DEBUG] cnn_neat: Added edge 7→2 (from 19 candidates)
2026-08-17 10:30:15,852 [DEBUG] cnn_neat: Removed hidden node 2 (pool=7)
2026-08-17 10:30:15,855 [DEBUG] cnn_neat: Removed edge 8→2 (from 13 candidates)
2026-08-17 10:30:15,860 [DEBUG] cnn_neat: Removed 3 edges (requested 3)
2026-08-17 10:30:15,864 [DEBUG] cnn_neat: Crossover rejected: union topology invalid (edges=28 nodes=13)
2026-08-17 10:30:15,869 [DEBUG] cnn_neat: Added edge 0→2 (from 19 candidates)
2026-08-17 10:30:15,872 [DEBUG] cnn_neat: Added edge 7→5 (from 19 candidates)
2026-08-17 10:30:15,876 [DEBUG] cnn_neat: Added edge 6→8 (from 18 candidates)
2026-08-17 10:30:15,879 [DEBUG] cnn_neat: Added edge 7→2 (from 16 candidates)
2026-08-17 10:30:15,882 [DEBUG] cnn_neat: Added edge 3→4 (from 15 candidates)
2026-08-17 10:30:15,886 [DEBUG] cnn_neat: Added edge 4→2 (from 14 candidates)
2026-08-17 10:30:15,889 [DEBUG] cnn_neat: Split edge 0→5, new hidden node 8 (pool=12)
2026-08-17 10:30:15,892 [DEBUG] cnn_neat: Added edge 7→2 (from 8 candidates)
2026-08-17 10:30:15,899 [DEBUG] cnn_neat: Removed hidden node 7 (pool=6)
2026-08-17 10:30:15,904 [DEBUG] cnn_neat: Removed edge 5→2 (from 14 candidates)
2026-08-17 10:30:15,916 [DEBUG] cnn_neat: Removed 3 edges (requested 3)
2026-08-17 10:30:15,922 [DEBUG] cnn_neat: Crossover rejected: union topology invalid (edges=30 nodes=13)
2026-08-17 10:30:15,927 [DEBUG] cnn_neat: Split edge 3→5, new hidden node 8 (pool=12)
2026-08-17 10:30:15,931 [DEBUG] cnn_neat: Added edge 5→1 (from 8 candidates)
2026-08-17 10:30:15,939 [DEBUG] cnn_neat: Added edge 7→2 (from 7 candidates)
2026-08-17 10:30:15,945 [DEBUG] cnn_neat: Added edge 7→5 (from 6 candidates)
2026-08-17 10:30:15,951 [DEBUG] cnn_neat: Added edge 2→1 (from 5 candidates)
2026-08-17 10:30:15,960 [DEBUG] cnn_neat: Added edge 3→4 (from 4 candidates)
2026-08-17 10:30:15,969 [DEBUG] cnn_neat: Added edge 3→13 (from 27 candidates)
2026-08-17 10:30:15,974 [DEBUG] cnn_neat: Added edge 12→9 (from 27 candidates)
2026-08-17 10:30:15,982 [DEBUG] cnn_neat: Removed hidden node 13 (pool=8)
2026-08-17 10:30:15,986 [DEBUG] cnn_neat: Removed edge 3→4 (from 12 candidates)
2026-08-17 10:30:15,994 [DEBUG] cnn_neat: Removed 3 edges (requested 3)
2026-08-17 10:30:15,999 [DEBUG] cnn_neat: Crossover rejected: union topology invalid (edges=31 nodes=15)
2026-08-17 10:30:16,006 [DEBUG] cnn_neat: Added edge 5→13 (from 27 candidates)
2026-08-17 10:30:16,011 [DEBUG] cnn_neat: Added edge 5→13 (from 27 candidates)
2026-08-17 10:30:16,015 [DEBUG] cnn_neat: Added edge 13→3 (from 25 candidates)
2026-08-17 10:30:16,020 [DEBUG] cnn_neat: Added edge 12→11 (from 20 candidates)
2026-08-17 10:30:16,024 [DEBUG] cnn_neat: Added edge 12→4 (from 19 candidates)
2026-08-17 10:30:16,029 [DEBUG] cnn_neat: Added edge 3→10 (from 18 candidates)
2026-08-17 10:30:16,033 [DEBUG] cnn_neat: Split edge 7→5, new hidden node 8 (pool=9)
2026-08-17 10:30:16,037 [DEBUG] cnn_neat: Added edge 6→5 (from 10 candidates)
2026-08-17 10:30:16,043 [DEBUG] cnn_neat: Removed hidden node 7 (pool=6)
2026-08-17 10:30:16,046 [DEBUG] cnn_neat: Removed edge 3→4 (from 17 candidates)
2026-08-17 10:30:16,052 [DEBUG] cnn_neat: Removed 3 edges (requested 3)
2026-08-17 10:30:16,057 [DEBUG] cnn_neat: Crossover rejected: union topology invalid (edges=31 nodes=13)
2026-08-17 10:30:16,060 [DEBUG] cnn_neat: Split edge 5→2, new hidden node 8 (pool=9)
2026-08-17 10:30:16,064 [DEBUG] cnn_neat: Added edge 7→6 (from 10 candidates)
2026-08-17 10:30:16,067 [DEBUG] cnn_neat: Added edge 6→5 (from 8 candidates)
2026-08-17 10:30:16,070 [DEBUG] cnn_neat: Added edge 0→4 (from 6 candidates)
2026-08-17 10:30:16,074 [DEBUG] cnn_neat: Added edge 2→1 (from 3 candidates)
2026-08-17 10:30:16,078 [DEBUG] cnn_neat: Added edge 7→1 (from 2 candidates)
2026-08-17 10:30:16,082 [DEBUG] cnn_neat: Split edge 3→5, new hidden node 8 (pool=10)
2026-08-17 10:30:16,086 [DEBUG] cnn_neat: Added edge 0→2 (from 6 candidates)
2026-08-17 10:30:16,092 [DEBUG] cnn_neat: Removed hidden node 4 (pool=6)
2026-08-17 10:30:16,095 [DEBUG] cnn_neat: Removed edge 3→5 (from 19 candidates)
2026-08-17 10:30:16,102 [DEBUG] cnn_neat: Removed 3 edges (requested 3)
2026-08-17 10:30:16,107 [DEBUG] cnn_neat: Crossover rejected: union topology invalid (edges=33 nodes=14)
2026-08-17 10:30:16,110 [DEBUG] cnn_neat: Split edge 5→2, new hidden node 8 (pool=10)
2026-08-17 10:30:16,115 [DEBUG] cnn_neat: Added edge 6→5 (from 6 candidates)
2026-08-17 10:30:16,121 [DEBUG] cnn_neat: Added edge 0→4 (from 5 candidates)
2026-08-17 10:30:16,128 [DEBUG] cnn_neat: Added edge 2→1 (from 2 candidates)
2026-08-17 10:30:16,135 [DEBUG] cnn_neat: Added edge 7→1 (from 1 candidates)
2026-08-17 10:30:16,146 [DEBUG] cnn_neat: Split edge 4→2, new hidden node 8 (pool=20)
2026-08-17 10:30:16,157 [DEBUG] cnn_neat: Added edge 4→2 (from 12 candidates)
2026-08-17 10:30:16,162 [DEBUG] cnn_neat: Added edge 4→2 (from 12 candidates)
2026-08-17 10:30:16,169 [DEBUG] cnn_neat: Added edge 0→6 (from 11 candidates)
2026-08-17 10:30:16,175 [DEBUG] cnn_neat: Removed hidden node 7 (pool=6)
2026-08-17 10:30:16,178 [DEBUG] cnn_neat: Removed edge 7→5 (from 12 candidates)
2026-08-17 10:30:16,185 [DEBUG] cnn_neat: Removed 3 edges (requested 3)
2026-08-17 10:30:16,189 [DEBUG] cnn_neat: Crossover rejected: union topology invalid (edges=32 nodes=13)
2026-08-17 10:30:16,195 [DEBUG] cnn_neat: Added edge 5→2 (from 12 candidates)
2026-08-17 10:30:16,198 [DEBUG] cnn_neat: Added edge 0→6 (from 12 candidates)
2026-08-17 10:30:16,202 [DEBUG] cnn_neat: Added edge 7→1 (from 11 candidates)
2026-08-17 10:30:16,206 [DEBUG] cnn_neat: Added edge 2→7 (from 10 candidates)
2026-08-17 10:30:16,210 [DEBUG] cnn_neat: Added edge 2→5 (from 7 candidates)
2026-08-17 10:30:16,214 [DEBUG] cnn_neat: Added edge 6→5 (from 6 candidates)
2026-08-17 10:30:16,219 [DEBUG] cnn_neat: Split edge 5→10, new hidden node 13 (pool=11)
2026-08-17 10:30:16,224 [DEBUG] cnn_neat: Added edge 5→12 (from 16 candidates)
2026-08-17 10:30:16,234 [DEBUG] cnn_neat: Removed hidden node 3 (pool=7)
2026-08-17 10:30:16,242 [DEBUG] cnn_neat: Removed edge 11→9 (from 16 candidates)
2026-08-17 10:30:16,257 [DEBUG] cnn_neat: Removed 3 edges (requested 3)
2026-08-17 10:30:16,269 [DEBUG] cnn_neat: Crossover rejected: union topology invalid (edges=38 nodes=17)
2026-08-17 10:30:16,278 [DEBUG] cnn_neat: Split edge 0→9, new hidden node 13 (pool=11)
2026-08-17 10:30:16,284 [DEBUG] cnn_neat: Added edge 5→12 (from 16 candidates)
2026-08-17 10:30:16,292 [DEBUG] cnn_neat: Added edge 5→1 (from 14 candidates)
2026-08-17 10:30:16,299 [DEBUG] cnn_neat: Added edge 3→11 (from 13 candidates)
2026-08-17 10:30:16,307 [DEBUG] cnn_neat: Added edge 3→1 (from 12 candidates)
2026-08-17 10:30:16,316 [DEBUG] cnn_neat: Added edge 3→12 (from 11 candidates)
2026-08-17 10:30:16,320 [DEBUG] cnn_neat: Split edge 4→6, new hidden node 7 (pool=5)
2026-08-17 10:30:16,323 [DEBUG] cnn_neat: Added edge 4→2 (from 5 candidates)
2026-08-17 10:30:16,332 [DEBUG] cnn_neat: Removed hidden node 6 (pool=4)
2026-08-17 10:30:16,336 [DEBUG] cnn_neat: Removed edge 4→1 (from 7 candidates)
2026-08-17 10:30:16,342 [DEBUG] cnn_neat: Removed 3 edges (requested 3)
2026-08-17 10:30:16,347 [DEBUG] cnn_neat: Crossover rejected: union topology invalid (edges=28 nodes=13)
2026-08-17 10:30:16,350 [DEBUG] cnn_neat: Split edge 0→4, new hidden node 7 (pool=5)
2026-08-17 10:30:16,354 [DEBUG] cnn_neat: Added edge 0→2 (from 5 candidates)
2026-08-17 10:30:16,358 [DEBUG] cnn_neat: Added edge 2→1 (from 4 candidates)
2026-08-17 10:30:16,362 [DEBUG] cnn_neat: Added edge 0→6 (from 3 candidates)
2026-08-17 10:30:16,367 [DEBUG] cnn_neat: Added edge 4→2 (from 3 candidates)
2026-08-17 10:30:16,372 [DEBUG] cnn_neat: Added edge 0→1 (from 2 candidates)
2026-08-17 10:30:16,375 [DEBUG] cnn_neat: Split edge 3→4, new hidden node 8 (pool=5)
2026-08-17 10:30:16,379 [DEBUG] cnn_neat: Added edge 4→5 (from 12 candidates)
2026-08-17 10:30:16,386 [DEBUG] cnn_neat: Removed hidden node 7 (pool=5)
2026-08-17 10:30:16,390 [DEBUG] cnn_neat: Removed edge 4→1 (from 8 candidates)
2026-08-17 10:30:16,395 [DEBUG] cnn_neat: Removed 3 edges (requested 3)
2026-08-17 10:30:16,401 [DEBUG] cnn_neat: Crossover rejected: union topology invalid (edges=27 nodes=13)
2026-08-17 10:30:16,405 [DEBUG] cnn_neat: Split edge 3→4, new hidden node 8 (pool=5)
2026-08-17 10:30:16,409 [DEBUG] cnn_neat: Added edge 7→6 (from 18 candidates)
2026-08-17 10:30:16,412 [DEBUG] cnn_neat: Added edge 3→1 (from 12 candidates)
2026-08-17 10:30:16,415 [DEBUG] cnn_neat: Added edge 7→1 (from 11 candidates)
2026-08-17 10:30:16,417 [DEBUG] cnn_neat: Added edge 6→7 (from 10 candidates)
2026-08-17 10:30:16,420 [DEBUG] cnn_neat: Added edge 0→6 (from 7 candidates)
2026-08-17 10:30:16,422 [DEBUG] cnn_neat: Added edge 0→5 (from 6 candidates)
2026-08-17 10:30:16,425 [DEBUG] cnn_neat: Split edge 3→6, new hidden node 8 (pool=6)
2026-08-17 10:30:16,427 [DEBUG] cnn_neat: Added edge 7→4 (from 21 candidates)
2026-08-17 10:30:16,431 [DEBUG] cnn_neat: Removed hidden node 2 (pool=6)
2026-08-17 10:30:16,433 [DEBUG] cnn_neat: Removed edge 4→6 (from 9 candidates)
2026-08-17 10:30:16,437 [DEBUG] cnn_neat: Removed 3 edges (requested 3)
2026-08-17 10:30:16,439 [DEBUG] cnn_neat: Crossover rejected: union topology invalid (edges=25 nodes=13)
2026-08-17 10:30:16,441 [DEBUG] cnn_neat: Split edge 3→4, new hidden node 8 (pool=6)
2026-08-17 10:30:16,444 [DEBUG] cnn_neat: Added edge 7→2 (from 21 candidates)
2026-08-17 10:30:16,446 [DEBUG] cnn_neat: Added edge 3→5 (from 19 candidates)
2026-08-17 10:30:16,448 [DEBUG] cnn_neat: Added edge 4→5 (from 18 candidates)
2026-08-17 10:30:16,450 [DEBUG] cnn_neat: Added edge 7→4 (from 16 candidates)
2026-08-17 10:30:16,452 [DEBUG] cnn_neat: Added edge 4→2 (from 13 candidates)
2026-08-17 10:30:16,454 [DEBUG] cnn_neat: Split edge 0→3, new hidden node 7 (pool=10)
2026-08-17 10:30:16,457 [DEBUG] cnn_neat: Added edge 5→6 (from 10 candidates)
2026-08-17 10:30:16,460 [DEBUG] cnn_neat: Removed hidden node 5 (pool=5)
2026-08-17 10:30:16,463 [DEBUG] cnn_neat: Removed edge 4→6 (from 12 candidates)
2026-08-17 10:30:16,466 [DEBUG] cnn_neat: Removed 3 edges (requested 3)
2026-08-17 10:30:16,469 [DEBUG] cnn_neat: Crossover rejected: union topology invalid (edges=28 nodes=13)
2026-08-17 10:30:16,471 [DEBUG] cnn_neat: Split edge 4→6, new hidden node 7 (pool=10)
2026-08-17 10:30:16,473 [DEBUG] cnn_neat: Added edge 2→5 (from 10 candidates)
2026-08-17 10:30:16,475 [DEBUG] cnn_neat: Added edge 2→1 (from 6 candidates)
2026-08-17 10:30:16,478 [DEBUG] cnn_neat: Added edge 6→5 (from 5 candidates)
2026-08-17 10:30:16,480 [DEBUG] cnn_neat: Added edge 3→1 (from 4 candidates)
2026-08-17 10:30:16,483 [DEBUG] cnn_neat: Added edge 4→2 (from 3 candidates)
2026-08-17 10:30:16,493 [DEBUG] cnn_neat: Added edge 3→11 (from 27 candidates)
2026-08-17 10:30:16,501 [DEBUG] cnn_neat: Added edge 12→3 (from 27 candidates)
2026-08-17 10:30:16,512 [DEBUG] cnn_neat: Removed hidden node 3 (pool=8)
2026-08-17 10:30:16,518 [DEBUG] cnn_neat: Removed edge 9→10 (from 14 candidates)
2026-08-17 10:30:16,528 [DEBUG] cnn_neat: Removed 3 edges (requested 3)
2026-08-17 10:30:16,532 [DEBUG] cnn_neat: Crossover rejected: union topology invalid (edges=35 nodes=15)
2026-08-17 10:30:16,539 [DEBUG] cnn_neat: Added edge 12→13 (from 27 candidates)
2026-08-17 10:30:16,544 [DEBUG] cnn_neat: Added edge 5→1 (from 27 candidates)
2026-08-17 10:30:16,548 [DEBUG] cnn_neat: Added edge 5→9 (from 26 candidates)
2026-08-17 10:30:16,553 [DEBUG] cnn_neat: Added edge 5→13 (from 25 candidates)
2026-08-17 10:30:16,558 [DEBUG] cnn_neat: Added edge 11→13 (from 24 candidates)
2026-08-17 10:30:16,563 [DEBUG] cnn_neat: Added edge 12→13 (from 21 candidates)
2026-08-17 10:30:16,567 [DEBUG] cnn_neat: Split edge 4→10, new hidden node 13 (pool=10)
2026-08-17 10:30:16,574 [DEBUG] cnn_neat: Added edge 12→1 (from 27 candidates)
2026-08-17 10:30:16,578 [DEBUG] cnn_neat: Added edge 12→5 (from 17 candidates)
2026-08-17 10:30:16,586 [DEBUG] cnn_neat: Removed hidden node 12 (pool=7)
2026-08-17 10:30:16,590 [DEBUG] cnn_neat: Removed edge 12→11 (from 14 candidates)
2026-08-17 10:30:16,593 [DEBUG] cnn_neat: Split edge 9→1, new hidden node 13 (pool=7)
2026-08-17 10:30:16,601 [DEBUG] cnn_neat: Removed 3 edges (requested 3)
2026-08-17 10:30:16,605 [DEBUG] cnn_neat: Crossover rejected: union topology invalid (edges=33 nodes=14)
2026-08-17 10:30:16,609 [DEBUG] cnn_neat: Split edge 12→11, new hidden node 13 (pool=10)
2026-08-17 10:30:16,614 [DEBUG] cnn_neat: Added edge 13→3 (from 27 candidates)
2026-08-17 10:30:16,618 [DEBUG] cnn_neat: Added edge 5→12 (from 17 candidates)
2026-08-17 10:30:16,622 [DEBUG] cnn_neat: Added edge 5→11 (from 15 candidates)
2026-08-17 10:30:16,627 [DEBUG] cnn_neat: Added edge 3→11 (from 14 candidates)
2026-08-17 10:30:16,634 [DEBUG] cnn_neat: Added edge 5→1 (from 13 candidates)
2026-08-17 10:30:16,642 [DEBUG] cnn_neat: Added edge 12→4 (from 12 candidates)
2026-08-17 10:30:16,647 [DEBUG] cnn_neat: Split edge 4→1, new hidden node 8 (pool=11)
2026-08-17 10:30:16,651 [DEBUG] cnn_neat: Split edge 0→3, new hidden node 9 (pool=1)
2026-08-17 10:30:16,658 [DEBUG] cnn_neat: Added edge 7→1 (from 11 candidates)
2026-08-17 10:30:16,666 [DEBUG] cnn_neat: Removed hidden node 5 (pool=6)
2026-08-17 10:30:16,669 [DEBUG] cnn_neat: Split edge 4→1, new hidden node 8 (pool=5)
2026-08-17 10:30:16,672 [DEBUG] cnn_neat: Removed edge 5→6 (from 15 candidates)
2026-08-17 10:30:16,675 [DEBUG] cnn_neat: Split edge 4→6, new hidden node 8 (pool=10)
2026-08-17 10:30:16,680 [DEBUG] cnn_neat: Removed 3 edges (requested 3)
2026-08-17 10:30:16,684 [DEBUG] cnn_neat: Crossover rejected: union topology invalid (edges=34 nodes=15)
2026-08-17 10:30:16,687 [DEBUG] cnn_neat: Split edge 0→5, new hidden node 8 (pool=11)
2026-08-17 10:30:16,691 [DEBUG] cnn_neat: Added edge 2→1 (from 11 candidates)
2026-08-17 10:30:16,694 [DEBUG] cnn_neat: Added edge 7→2 (from 10 candidates)
2026-08-17 10:30:16,698 [DEBUG] cnn_neat: Added edge 4→2 (from 9 candidates)
2026-08-17 10:30:16,702 [DEBUG] cnn_neat: Added edge 7→6 (from 8 candidates)
2026-08-17 10:30:16,706 [DEBUG] cnn_neat: Added edge 0→2 (from 7 candidates)
2026-08-17 10:30:16,710 [DEBUG] cnn_neat: Split edge 7→5, new hidden node 8 (pool=9)
2026-08-17 10:30:16,714 [DEBUG] cnn_neat: Added edge 2→1 (from 7 candidates)
2026-08-17 10:30:16,720 [DEBUG] cnn_neat: Removed hidden node 5 (pool=6)
2026-08-17 10:30:16,722 [DEBUG] cnn_neat: Split edge 0→3, new hidden node 8 (pool=4)
2026-08-17 10:30:16,725 [DEBUG] cnn_neat: Removed edge 5→2 (from 18 candidates)
2026-08-17 10:30:16,730 [DEBUG] cnn_neat: Removed 3 edges (requested 3)
2026-08-17 10:30:16,734 [DEBUG] cnn_neat: Crossover rejected: union topology invalid (edges=28 nodes=11)
2026-08-17 10:30:16,738 [DEBUG] cnn_neat: Split edge 3→5, new hidden node 8 (pool=9)
2026-08-17 10:30:16,742 [DEBUG] cnn_neat: Added edge 7→2 (from 7 candidates)
2026-08-17 10:30:16,748 [DEBUG] cnn_neat: Added edge 7→1 (from 6 candidates)
2026-08-17 10:30:16,754 [DEBUG] cnn_neat: Added edge 0→2 (from 5 candidates)
2026-08-17 10:30:16,762 [DEBUG] cnn_neat: Added edge 2→1 (from 2 candidates)
2026-08-17 10:30:16,770 [DEBUG] cnn_neat: Added edge 6→5 (from 1 candidates)
2026-08-17 10:30:16,774 [DEBUG] cnn_neat: Split edge 0→4, new hidden node 7 (pool=7)
2026-08-17 10:30:16,778 [DEBUG] cnn_neat: Added edge 2→1 (from 12 candidates)
2026-08-17 10:30:16,783 [DEBUG] cnn_neat: Removed hidden node 4 (pool=5)
2026-08-17 10:30:16,787 [DEBUG] cnn_neat: Removed edge 4→1 (from 9 candidates)
2026-08-17 10:30:16,792 [DEBUG] cnn_neat: Removed 3 edges (requested 3)
2026-08-17 10:30:16,797 [DEBUG] cnn_neat: Crossover rejected: union topology invalid (edges=26 nodes=12)
2026-08-17 10:30:16,801 [DEBUG] cnn_neat: Split edge 3→5, new hidden node 7 (pool=7)
2026-08-17 10:30:16,804 [DEBUG] cnn_neat: Added edge 2→5 (from 21 candidates)
2026-08-17 10:30:16,808 [DEBUG] cnn_neat: Added edge 6→5 (from 12 candidates)
2026-08-17 10:30:16,812 [DEBUG] cnn_neat: Added edge 5→1 (from 9 candidates)
2026-08-17 10:30:16,817 [DEBUG] cnn_neat: Added edge 2→5 (from 8 candidates)
2026-08-17 10:30:16,823 [DEBUG] cnn_neat: Added edge 3→1 (from 6 candidates)
2026-08-17 10:30:16,829 [DEBUG] cnn_neat: Added edge 2→1 (from 5 candidates)
2026-08-17 10:30:16,833 [DEBUG] cnn_neat: Split edge 4→5, new hidden node 7 (pool=12)
2026-08-17 10:30:16,837 [DEBUG] cnn_neat: Split edge 5→2, new hidden node 8 (pool=10)
2026-08-17 10:30:16,841 [DEBUG] cnn_neat: Added edge 5→1 (from 7 candidates)
2026-08-17 10:30:16,848 [DEBUG] cnn_neat: Removed hidden node 5 (pool=5)
2026-08-17 10:30:16,852 [DEBUG] cnn_neat: Split edge 4→1, new hidden node 7 (pool=6)
2026-08-17 10:30:16,856 [DEBUG] cnn_neat: Removed edge 3→4 (from 14 candidates)
2026-08-17 10:30:16,863 [DEBUG] cnn_neat: Removed 3 edges (requested 3)
2026-08-17 10:30:16,869 [DEBUG] cnn_neat: Crossover rejected: union topology invalid (edges=31 nodes=13)
2026-08-17 10:30:16,872 [DEBUG] cnn_neat: Split edge 3→4, new hidden node 7 (pool=12)
2026-08-17 10:30:16,877 [DEBUG] cnn_neat: Added edge 0→2 (from 13 candidates)
2026-08-17 10:30:16,880 [DEBUG] cnn_neat: Added edge 4→2 (from 7 candidates)
2026-08-17 10:30:16,884 [DEBUG] cnn_neat: Added edge 2→1 (from 6 candidates)
2026-08-17 10:30:16,887 [DEBUG] cnn_neat: Added edge 0→6 (from 5 candidates)
2026-08-17 10:30:16,891 [DEBUG] cnn_neat: Added edge 6→5 (from 3 candidates)
2026-08-17 10:30:16,894 [DEBUG] cnn_neat: Added edge 5→1 (from 1 candidates)
2026-08-17 10:30:16,897 [DEBUG] cnn_neat: Split edge 3→5, new hidden node 7 (pool=10)
2026-08-17 10:30:16,899 [DEBUG] cnn_neat: Split edge 4→5, new hidden node 8 (pool=8)
2026-08-17 10:30:16,902 [DEBUG] cnn_neat: Added edge 5→1 (from 4 candidates)
2026-08-17 10:30:16,902 [DEBUG] cnn_neat: Generation bred 128 offspring from 26 parents (queue=128 enqueued=0)
2026-08-17 10:30:16,909 [DEBUG] cnn_neat: Generation 11 formed (128 models, elite_queue=128, breeders=26, offspring=128) | evaluated total: 1408 | avg cycle ~7 мин 56 с (last 5 of ≤5, no MAX_GENERATIONS limit)
2026-08-17 10:39:21,419 [DEBUG] cnn_neat: Saved generation 11
2026-08-17 10:39:21,508 [DEBUG] cnn_neat: Selected 25 elite individuals
2026-08-17 10:39:21,689 [DEBUG] cnn_neat: Trimmed elite queue to 128 entries
2026-08-17 10:39:21,692 [DEBUG] cnn_neat: Split edge 4→1, new hidden node 8 (pool=6)
2026-08-17 10:39:21,695 [DEBUG] cnn_neat: Added edge 2→1 (from 17 candidates)
2026-08-17 10:39:21,699 [DEBUG] cnn_neat: Removed hidden node 4 (pool=6)
2026-08-17 10:39:21,702 [DEBUG] cnn_neat: Removed edge 3→6 (from 10 candidates)
2026-08-17 10:39:21,706 [DEBUG] cnn_neat: Removed 3 edges (requested 3)
2026-08-17 10:39:21,745 [DEBUG] cnn_neat: Crossover rejected: union topology invalid (edges=33 nodes=14)
2026-08-17 10:39:21,748 [DEBUG] cnn_neat: Split edge 4→6, new hidden node 8 (pool=6)
2026-08-17 10:39:21,751 [DEBUG] cnn_neat: Added edge 0→2 (from 17 candidates)
2026-08-17 10:39:21,753 [DEBUG] cnn_neat: Added edge 3→5 (from 14 candidates)
2026-08-17 10:39:21,756 [DEBUG] cnn_neat: Added edge 2→1 (from 13 candidates)
2026-08-17 10:39:21,759 [DEBUG] cnn_neat: Added edge 3→1 (from 12 candidates)
2026-08-17 10:39:21,762 [DEBUG] cnn_neat: Added edge 5→6 (from 11 candidates)
2026-08-17 10:39:21,766 [DEBUG] cnn_neat: Split edge 7→5, new hidden node 8 (pool=9)
2026-08-17 10:39:21,770 [DEBUG] cnn_neat: Added edge 0→2 (from 8 candidates)
2026-08-17 10:39:21,777 [DEBUG] cnn_neat: Removed hidden node 2 (pool=6)
2026-08-17 10:39:21,780 [DEBUG] cnn_neat: Removed edge 3→5 (from 18 candidates)
2026-08-17 10:39:21,787 [DEBUG] cnn_neat: Removed 3 edges (requested 3)
2026-08-17 10:39:21,791 [DEBUG] cnn_neat: Crossover rejected: union topology invalid (edges=29 nodes=12)
2026-08-17 10:39:21,795 [DEBUG] cnn_neat: Split edge 0→5, new hidden node 8 (pool=9)
2026-08-17 10:39:21,799 [DEBUG] cnn_neat: Added edge 2→1 (from 8 candidates)
2026-08-17 10:39:21,803 [DEBUG] cnn_neat: Added edge 7→2 (from 7 candidates)
2026-08-17 10:39:21,807 [DEBUG] cnn_neat: Added edge 7→6 (from 6 candidates)
2026-08-17 10:39:21,812 [DEBUG] cnn_neat: Added edge 0→4 (from 4 candidates)
2026-08-17 10:39:21,816 [DEBUG] cnn_neat: Added edge 7→1 (from 1 candidates)
2026-08-17 10:39:21,820 [DEBUG] cnn_neat: Split edge 5→6, new hidden node 9 (pool=8)
2026-08-17 10:39:21,823 [DEBUG] cnn_neat: Added edge 0→6 (from 14 candidates)
2026-08-17 10:39:21,828 [DEBUG] cnn_neat: Removed hidden node 6 (pool=6)
2026-08-17 10:39:21,831 [DEBUG] cnn_neat: Removed edge 7→4 (from 12 candidates)
2026-08-17 10:39:21,837 [DEBUG] cnn_neat: Removed 3 edges (requested 3)
2026-08-17 10:39:21,842 [DEBUG] cnn_neat: Crossover rejected: union topology invalid (edges=31 nodes=14)
2026-08-17 10:39:21,845 [DEBUG] cnn_neat: Split edge 5→6, new hidden node 9 (pool=8)
2026-08-17 10:39:21,848 [DEBUG] cnn_neat: Added edge 3→8 (from 22 candidates)
2026-08-17 10:39:21,851 [DEBUG] cnn_neat: Added edge 3→8 (from 14 candidates)
2026-08-17 10:39:21,854 [DEBUG] cnn_neat: Added edge 7→1 (from 13 candidates)
2026-08-17 10:39:21,857 [DEBUG] cnn_neat: Added edge 3→4 (from 12 candidates)
2026-08-17 10:39:21,861 [DEBUG] cnn_neat: Added edge 5→1 (from 11 candidates)
2026-08-17 10:39:21,864 [DEBUG] cnn_neat: Added edge 7→8 (from 10 candidates)
2026-08-17 10:39:21,871 [DEBUG] cnn_neat: Added edge 5→2 (from 21 candidates)
2026-08-17 10:39:21,874 [DEBUG] cnn_neat: Added edge 6→8 (from 21 candidates)
2026-08-17 10:39:21,879 [DEBUG] cnn_neat: Removed hidden node 4 (pool=7)
2026-08-17 10:39:21,884 [DEBUG] cnn_neat: Removed edge 3→1 (from 12 candidates)
2026-08-17 10:39:21,896 [DEBUG] cnn_neat: Removed 3 edges (requested 3)
2026-08-17 10:39:21,904 [DEBUG] cnn_neat: Crossover rejected: union topology invalid (edges=25 nodes=13)
2026-08-17 10:39:21,910 [DEBUG] cnn_neat: Added edge 4→8 (from 21 candidates)
2026-08-17 10:39:21,914 [DEBUG] cnn_neat: Added edge 2→1 (from 21 candidates)
2026-08-17 10:39:21,918 [DEBUG] cnn_neat: Added edge 3→4 (from 20 candidates)
2026-08-17 10:39:21,921 [DEBUG] cnn_neat: Added edge 5→1 (from 19 candidates)
2026-08-17 10:39:21,925 [DEBUG] cnn_neat: Added edge 6→8 (from 18 candidates)
2026-08-17 10:39:21,929 [DEBUG] cnn_neat: Added edge 7→6 (from 16 candidates)
2026-08-17 10:39:21,933 [DEBUG] cnn_neat: Split edge 4→5, new hidden node 8 (pool=11)
2026-08-17 10:39:21,936 [DEBUG] cnn_neat: Added edge 7→6 (from 9 candidates)
2026-08-17 10:39:21,942 [DEBUG] cnn_neat: Removed hidden node 2 (pool=6)
2026-08-17 10:39:21,945 [DEBUG] cnn_neat: Split edge 5→6, new hidden node 8 (pool=9)
2026-08-17 10:39:21,948 [DEBUG] cnn_neat: Removed edge 3→2 (from 13 candidates)
2026-08-17 10:39:21,953 [DEBUG] cnn_neat: Removed 3 edges (requested 3)
2026-08-17 10:39:21,957 [DEBUG] cnn_neat: Crossover rejected: union topology invalid (edges=34 nodes=14)
2026-08-17 10:39:21,960 [DEBUG] cnn_neat: Split edge 4→1, new hidden node 8 (pool=11)
2026-08-17 10:39:21,964 [DEBUG] cnn_neat: Added edge 5→1 (from 9 candidates)
2026-08-17 10:39:21,967 [DEBUG] cnn_neat: Added edge 2→1 (from 8 candidates)
2026-08-17 10:39:21,971 [DEBUG] cnn_neat: Added edge 5→2 (from 7 candidates)
2026-08-17 10:39:21,975 [DEBUG] cnn_neat: Added edge 7→6 (from 6 candidates)
2026-08-17 10:39:21,979 [DEBUG] cnn_neat: Added edge 4→2 (from 5 candidates)
2026-08-17 10:39:21,986 [DEBUG] cnn_neat: Added edge 7→6 (from 18 candidates)
2026-08-17 10:39:21,990 [DEBUG] cnn_neat: Added edge 2→1 (from 18 candidates)
2026-08-17 10:39:21,996 [DEBUG] cnn_neat: Removed hidden node 7 (pool=7)
2026-08-17 10:39:21,999 [DEBUG] cnn_neat: Removed edge 5→6 (from 14 candidates)
2026-08-17 10:39:22,005 [DEBUG] cnn_neat: Removed 3 edges (requested 3)
2026-08-17 10:39:22,010 [DEBUG] cnn_neat: Crossover rejected: union topology invalid (edges=37 nodes=16)
2026-08-17 10:39:22,015 [DEBUG] cnn_neat: Added edge 0→7 (from 18 candidates)
2026-08-17 10:39:22,019 [DEBUG] cnn_neat: Added edge 3→8 (from 18 candidates)
2026-08-17 10:39:22,022 [DEBUG] cnn_neat: Added edge 3→4 (from 17 candidates)
2026-08-17 10:39:22,025 [DEBUG] cnn_neat: Added edge 7→8 (from 16 candidates)
2026-08-17 10:39:22,029 [DEBUG] cnn_neat: Added edge 2→1 (from 15 candidates)
2026-08-17 10:39:22,034 [DEBUG] cnn_neat: Added edge 6→8 (from 14 candidates)
2026-08-17 10:39:22,038 [DEBUG] cnn_neat: Split edge 4→1, new hidden node 9 (pool=10)
2026-08-17 10:39:22,041 [DEBUG] cnn_neat: Added edge 4→8 (from 15 candidates)
2026-08-17 10:39:22,046 [DEBUG] cnn_neat: Removed hidden node 6 (pool=7)
2026-08-17 10:39:22,049 [DEBUG] cnn_neat: Removed edge 0→2 (from 13 candidates)
2026-08-17 10:39:22,055 [DEBUG] cnn_neat: Added edge 0→8 (from 19 candidates)
2026-08-17 10:39:22,060 [DEBUG] cnn_neat: Removed 3 edges (requested 3)
2026-08-17 10:39:22,065 [DEBUG] cnn_neat: Crossover rejected: union topology invalid (edges=34 nodes=15)
2026-08-17 10:39:22,069 [DEBUG] cnn_neat: Split edge 4→6, new hidden node 9 (pool=10)
2026-08-17 10:39:22,072 [DEBUG] cnn_neat: Added edge 3→4 (from 15 candidates)
2026-08-17 10:39:22,075 [DEBUG] cnn_neat: Added edge 7→1 (from 14 candidates)
2026-08-17 10:39:22,079 [DEBUG] cnn_neat: Added edge 4→8 (from 13 candidates)
2026-08-17 10:39:22,083 [DEBUG] cnn_neat: Added edge 2→1 (from 12 candidates)
2026-08-17 10:39:22,088 [DEBUG] cnn_neat: Added edge 5→2 (from 11 candidates)
2026-08-17 10:39:22,091 [DEBUG] cnn_neat: Split edge 5→2, new hidden node 8 (pool=12)
2026-08-17 10:39:22,095 [DEBUG] cnn_neat: Added edge 2→1 (from 7 candidates)
2026-08-17 10:39:22,100 [DEBUG] cnn_neat: Removed hidden node 3 (pool=6)
2026-08-17 10:39:22,103 [DEBUG] cnn_neat: Removed edge 3→5 (from 15 candidates)
2026-08-17 10:39:22,109 [DEBUG] cnn_neat: Removed 3 edges (requested 3)
2026-08-17 10:39:22,113 [DEBUG] cnn_neat: Crossover rejected: union topology invalid (edges=34 nodes=15)
2026-08-17 10:39:22,116 [DEBUG] cnn_neat: Split edge 3→6, new hidden node 8 (pool=12)
2026-08-17 10:39:22,119 [DEBUG] cnn_neat: Added edge 4→2 (from 7 candidates)
2026-08-17 10:39:22,122 [DEBUG] cnn_neat: Added edge 3→4 (from 6 candidates)
2026-08-17 10:39:22,125 [DEBUG] cnn_neat: Added edge 7→1 (from 5 candidates)
2026-08-17 10:39:22,128 [DEBUG] cnn_neat: Added edge 7→6 (from 4 candidates)
2026-08-17 10:39:22,132 [DEBUG] cnn_neat: Added edge 5→1 (from 3 candidates)
2026-08-17 10:39:22,135 [DEBUG] cnn_neat: Split edge 0→5, new hidden node 9 (pool=8)
2026-08-17 10:39:22,139 [DEBUG] cnn_neat: Added edge 3→5 (from 15 candidates)
2026-08-17 10:39:22,144 [DEBUG] cnn_neat: Removed hidden node 3 (pool=6)
2026-08-17 10:39:22,147 [DEBUG] cnn_neat: Removed edge 7→4 (from 12 candidates)
2026-08-17 10:39:22,153 [DEBUG] cnn_neat: Removed 3 edges (requested 3)
2026-08-17 10:39:22,157 [DEBUG] cnn_neat: Crossover rejected: union topology invalid (edges=27 nodes=14)
2026-08-17 10:39:22,160 [DEBUG] cnn_neat: Split edge 4→5, new hidden node 9 (pool=8)
2026-08-17 10:39:22,164 [DEBUG] cnn_neat: Added edge 3→4 (from 15 candidates)
2026-08-17 10:39:22,167 [DEBUG] cnn_neat: Added edge 7→8 (from 14 candidates)
2026-08-17 10:39:22,171 [DEBUG] cnn_neat: Added edge 8→6 (from 12 candidates)
2026-08-17 10:39:22,175 [DEBUG] cnn_neat: Added edge 0→7 (from 11 candidates)
2026-08-17 10:39:22,178 [DEBUG] cnn_neat: Added edge 8→4 (from 8 candidates)
2026-08-17 10:39:22,181 [DEBUG] cnn_neat: Split edge 5→2, new hidden node 8 (pool=9)
2026-08-17 10:39:22,184 [DEBUG] cnn_neat: Added edge 0→7 (from 16 candidates)
2026-08-17 10:39:22,189 [DEBUG] cnn_neat: Removed hidden node 4 (pool=6)
2026-08-17 10:39:22,192 [DEBUG] cnn_neat: Removed edge 3→2 (from 13 candidates)
2026-08-17 10:39:22,198 [DEBUG] cnn_neat: Removed 3 edges (requested 3)
2026-08-17 10:39:22,202 [DEBUG] cnn_neat: Crossover rejected: union topology invalid (edges=32 nodes=14)
2026-08-17 10:39:22,205 [DEBUG] cnn_neat: Split edge 4→1, new hidden node 8 (pool=9)
2026-08-17 10:39:22,208 [DEBUG] cnn_neat: Added edge 5→4 (from 16 candidates)
2026-08-17 10:39:22,211 [DEBUG] cnn_neat: Added edge 7→5 (from 14 candidates)
2026-08-17 10:39:22,214 [DEBUG] cnn_neat: Added edge 3→4 (from 11 candidates)
2026-08-17 10:39:22,217 [DEBUG] cnn_neat: Added edge 7→1 (from 10 candidates)
2026-08-17 10:39:22,220 [DEBUG] cnn_neat: Added edge 0→6 (from 9 candidates)
2026-08-17 10:39:22,224 [DEBUG] cnn_neat: Split edge 4→1, new hidden node 9 (pool=11)
2026-08-17 10:39:22,228 [DEBUG] cnn_neat: Added edge 8→2 (from 16 candidates)
2026-08-17 10:39:22,233 [DEBUG] cnn_neat: Removed hidden node 4 (pool=7)
2026-08-17 10:39:22,237 [DEBUG] cnn_neat: Removed edge 3→2 (from 14 candidates)
2026-08-17 10:39:22,244 [DEBUG] cnn_neat: Removed 3 edges (requested 3)
2026-08-17 10:39:22,248 [DEBUG] cnn_neat: Crossover rejected: union topology invalid (edges=32 nodes=15)
2026-08-17 10:39:22,251 [DEBUG] cnn_neat: Split edge 3→6, new hidden node 9 (pool=11)
2026-08-17 10:39:22,255 [DEBUG] cnn_neat: Added edge 7→1 (from 16 candidates)
2026-08-17 10:39:22,259 [DEBUG] cnn_neat: Added edge 7→2 (from 15 candidates)
2026-08-17 10:39:22,262 [DEBUG] cnn_neat: Added edge 5→1 (from 14 candidates)
2026-08-17 10:39:22,266 [DEBUG] cnn_neat: Added edge 8→7 (from 13 candidates)
2026-08-17 10:39:22,269 [DEBUG] cnn_neat: Added edge 8→6 (from 10 candidates)
2026-08-17 10:39:22,279 [DEBUG] cnn_neat: Added edge 3→12 (from 25 candidates)
2026-08-17 10:39:22,284 [DEBUG] cnn_neat: Added edge 12→9 (from 25 candidates)
2026-08-17 10:39:22,291 [DEBUG] cnn_neat: Removed hidden node 3 (pool=8)
2026-08-17 10:39:22,296 [DEBUG] cnn_neat: Removed edge 9→1 (from 15 candidates)
2026-08-17 10:39:22,303 [DEBUG] cnn_neat: Removed 3 edges (requested 3)
2026-08-17 10:39:22,308 [DEBUG] cnn_neat: Crossover rejected: union topology invalid (edges=31 nodes=15)
2026-08-17 10:39:22,315 [DEBUG] cnn_neat: Added edge 13→3 (from 25 candidates)
2026-08-17 10:39:22,320 [DEBUG] cnn_neat: Added edge 13→4 (from 25 candidates)
2026-08-17 10:39:22,324 [DEBUG] cnn_neat: Added edge 5→12 (from 22 candidates)
2026-08-17 10:39:22,329 [DEBUG] cnn_neat: Added edge 3→12 (from 20 candidates)
2026-08-17 10:39:22,334 [DEBUG] cnn_neat: Added edge 13→9 (from 17 candidates)
2026-08-17 10:39:22,339 [DEBUG] cnn_neat: Added edge 5→4 (from 16 candidates)
2026-08-17 10:39:22,342 [DEBUG] cnn_neat: Split edge 4→1, new hidden node 9 (pool=11)
2026-08-17 10:39:22,346 [DEBUG] cnn_neat: Added edge 5→1 (from 17 candidates)
2026-08-17 10:39:22,351 [DEBUG] cnn_neat: Removed hidden node 6 (pool=7)
2026-08-17 10:39:22,354 [DEBUG] cnn_neat: Removed edge 5→2 (from 15 candidates)
2026-08-17 10:39:22,360 [DEBUG] cnn_neat: Removed 3 edges (requested 3)
2026-08-17 10:39:22,365 [DEBUG] cnn_neat: Crossover rejected: union topology invalid (edges=38 nodes=17)
2026-08-17 10:39:22,369 [DEBUG] cnn_neat: Split edge 3→6, new hidden node 9 (pool=11)
2026-08-17 10:39:22,372 [DEBUG] cnn_neat: Added edge 3→4 (from 17 candidates)
2026-08-17 10:39:22,376 [DEBUG] cnn_neat: Added edge 7→8 (from 16 candidates)
2026-08-17 10:39:22,379 [DEBUG] cnn_neat: Added edge 4→2 (from 13 candidates)
2026-08-17 10:39:22,383 [DEBUG] cnn_neat: Added edge 7→6 (from 12 candidates)
2026-08-17 10:39:22,387 [DEBUG] cnn_neat: Added edge 7→1 (from 11 candidates)
2026-08-17 10:39:22,391 [DEBUG] cnn_neat: Split edge 0→4, new hidden node 13 (pool=10)
2026-08-17 10:39:22,395 [DEBUG] cnn_neat: Added edge 4→9 (from 17 candidates)
2026-08-17 10:39:22,402 [DEBUG] cnn_neat: Removed hidden node 5 (pool=7)
2026-08-17 10:39:22,406 [DEBUG] cnn_neat: Removed edge 5→10 (from 14 candidates)
2026-08-17 10:39:22,414 [DEBUG] cnn_neat: Removed 3 edges (requested 3)
2026-08-17 10:39:22,419 [DEBUG] cnn_neat: Crossover rejected: union topology invalid (edges=35 nodes=15)
2026-08-17 10:39:22,423 [DEBUG] cnn_neat: Split edge 9→10, new hidden node 13 (pool=10)
2026-08-17 10:39:22,427 [DEBUG] cnn_neat: Added edge 12→9 (from 17 candidates)
2026-08-17 10:39:22,431 [DEBUG] cnn_neat: Added edge 4→12 (from 16 candidates)
2026-08-17 10:39:22,435 [DEBUG] cnn_neat: Added edge 5→4 (from 12 candidates)
2026-08-17 10:39:22,440 [DEBUG] cnn_neat: Added edge 12→10 (from 11 candidates)
2026-08-17 10:39:22,444 [DEBUG] cnn_neat: Added edge 5→11 (from 10 candidates)
2026-08-17 10:39:22,448 [DEBUG] cnn_neat: Split edge 3→1, new hidden node 8 (pool=11)
2026-08-17 10:39:22,451 [DEBUG] cnn_neat: Added edge 7→6 (from 11 candidates)
2026-08-17 10:39:22,456 [DEBUG] cnn_neat: Removed hidden node 4 (pool=6)
2026-08-17 10:39:22,459 [DEBUG] cnn_neat: Removed edge 3→7 (from 15 candidates)
2026-08-17 10:39:22,464 [DEBUG] cnn_neat: Removed 3 edges (requested 3)
2026-08-17 10:39:22,469 [DEBUG] cnn_neat: Crossover rejected: union topology invalid (edges=33 nodes=15)
2026-08-17 10:39:22,472 [DEBUG] cnn_neat: Split edge 4→6, new hidden node 8 (pool=11)
2026-08-17 10:39:22,475 [DEBUG] cnn_neat: Added edge 7→2 (from 11 candidates)
2026-08-17 10:39:22,478 [DEBUG] cnn_neat: Added edge 7→5 (from 10 candidates)
2026-08-17 10:39:22,481 [DEBUG] cnn_neat: Added edge 7→6 (from 9 candidates)
2026-08-17 10:39:22,484 [DEBUG] cnn_neat: Added edge 0→6 (from 8 candidates)
2026-08-17 10:39:22,488 [DEBUG] cnn_neat: Added edge 3→4 (from 5 candidates)
2026-08-17 10:39:22,491 [DEBUG] cnn_neat: Split edge 4→6, new hidden node 8 (pool=9)
2026-08-17 10:39:22,494 [DEBUG] cnn_neat: Split edge 4→5, new hidden node 9 (pool=7)
2026-08-17 10:39:22,497 [DEBUG] cnn_neat: Added edge 3→4 (from 7 candidates)
2026-08-17 10:39:22,502 [DEBUG] cnn_neat: Removed hidden node 5 (pool=5)
2026-08-17 10:39:22,505 [DEBUG] cnn_neat: Removed edge 6→1 (from 12 candidates)
2026-08-17 10:39:22,510 [DEBUG] cnn_neat: Removed 3 edges (requested 3)
2026-08-17 10:39:22,515 [DEBUG] cnn_neat: Crossover rejected: union topology invalid (edges=30 nodes=13)
2026-08-17 10:39:22,518 [DEBUG] cnn_neat: Split edge 0→5, new hidden node 8 (pool=9)
2026-08-17 10:39:22,521 [DEBUG] cnn_neat: Added edge 5→1 (from 7 candidates)
2026-08-17 10:39:22,524 [DEBUG] cnn_neat: Added edge 7→5 (from 6 candidates)
2026-08-17 10:39:22,527 [DEBUG] cnn_neat: Added edge 3→4 (from 5 candidates)
2026-08-17 10:39:22,530 [DEBUG] cnn_neat: Added edge 0→7 (from 4 candidates)
2026-08-17 10:39:22,534 [DEBUG] cnn_neat: Added edge 7→1 (from 2 candidates)
2026-08-17 10:39:22,540 [DEBUG] cnn_neat: Added edge 3→8 (from 19 candidates)
2026-08-17 10:39:22,544 [DEBUG] cnn_neat: Added edge 3→8 (from 19 candidates)
2026-08-17 10:39:22,549 [DEBUG] cnn_neat: Added edge 8→6 (from 18 candidates)
2026-08-17 10:39:22,554 [DEBUG] cnn_neat: Removed hidden node 7 (pool=7)
2026-08-17 10:39:22,557 [DEBUG] cnn_neat: Split edge 3→5, new hidden node 9 (pool=8)
2026-08-17 10:39:22,560 [DEBUG] cnn_neat: Removed edge 5→6 (from 13 candidates)
2026-08-17 10:39:22,566 [DEBUG] cnn_neat: Removed 3 edges (requested 3)
2026-08-17 10:39:22,571 [DEBUG] cnn_neat: Crossover rejected: union topology invalid (edges=36 nodes=17)
2026-08-17 10:39:22,576 [DEBUG] cnn_neat: Added edge 3→8 (from 19 candidates)
2026-08-17 10:39:22,581 [DEBUG] cnn_neat: Removed hidden node 6 (pool=7)
2026-08-17 10:39:22,584 [DEBUG] cnn_neat: Added edge 7→2 (from 19 candidates)
2026-08-17 10:39:22,587 [DEBUG] cnn_neat: Added edge 5→2 (from 18 candidates)
2026-08-17 10:39:22,590 [DEBUG] cnn_neat: Added edge 7→6 (from 17 candidates)
2026-08-17 10:39:22,593 [DEBUG] cnn_neat: Added edge 4→2 (from 16 candidates)
2026-08-17 10:39:22,597 [DEBUG] cnn_neat: Added edge 0→6 (from 15 candidates)
2026-08-17 10:39:22,600 [DEBUG] cnn_neat: Split edge 4→1, new hidden node 8 (pool=12)
2026-08-17 10:39:22,603 [DEBUG] cnn_neat: Added edge 5→1 (from 8 candidates)
2026-08-17 10:39:22,608 [DEBUG] cnn_neat: Removed hidden node 4 (pool=6)
2026-08-17 10:39:22,611 [DEBUG] cnn_neat: Removed edge 7→4 (from 14 candidates)
2026-08-17 10:39:22,617 [DEBUG] cnn_neat: Removed 3 edges (requested 3)
2026-08-17 10:39:22,621 [DEBUG] cnn_neat: Crossover rejected: union topology invalid (edges=28 nodes=13)
2026-08-17 10:39:22,624 [DEBUG] cnn_neat: Split edge 0→5, new hidden node 8 (pool=12)
2026-08-17 10:39:22,627 [DEBUG] cnn_neat: Added edge 5→1 (from 17 candidates)
2026-08-17 10:39:22,634 [DEBUG] cnn_neat: Removed hidden node 2 (pool=7)
2026-08-17 10:39:22,637 [DEBUG] cnn_neat: Added edge 7→6 (from 8 candidates)
2026-08-17 10:39:22,640 [DEBUG] cnn_neat: Added edge 4→2 (from 7 candidates)
2026-08-17 10:39:22,643 [DEBUG] cnn_neat: Added edge 7→2 (from 6 candidates)
2026-08-17 10:39:22,646 [DEBUG] cnn_neat: Added edge 3→4 (from 5 candidates)
2026-08-17 10:39:22,649 [DEBUG] cnn_neat: Added edge 5→1 (from 4 candidates)
2026-08-17 10:39:22,659 [DEBUG] cnn_neat: Added edge 13→4 (from 27 candidates)
2026-08-17 10:39:22,663 [DEBUG] cnn_neat: Added edge 13→4 (from 27 candidates)
2026-08-17 10:39:22,670 [DEBUG] cnn_neat: Added edge 5→13 (from 24 candidates)
2026-08-17 10:39:22,671 [DEBUG] cnn_neat: Generation bred 128 offspring from 26 parents (queue=128 enqueued=0)
2026-08-17 10:39:22,678 [DEBUG] cnn_neat: Generation 12 formed (128 models, elite_queue=128, breeders=26, offspring=128) | evaluated total: 1536 | avg cycle ~8 мин 12 с (last 5 of ≤5, no MAX_GENERATIONS limit)
2026-08-17 10:48:29,504 [DEBUG] cnn_neat: Saved generation 12
2026-08-17 10:48:29,597 [DEBUG] cnn_neat: Selected 25 elite individuals
2026-08-17 10:48:29,789 [DEBUG] cnn_neat: Trimmed elite queue to 128 entries
2026-08-17 10:48:29,800 [DEBUG] cnn_neat: Added edge 3→13 (from 15 candidates)
2026-08-17 10:48:29,806 [DEBUG] cnn_neat: Added edge 5→9 (from 15 candidates)
2026-08-17 10:48:29,815 [DEBUG] cnn_neat: Removed hidden node 3 (pool=8)
2026-08-17 10:48:29,821 [DEBUG] cnn_neat: Removed edge 3→12 (from 19 candidates)
2026-08-17 10:48:29,834 [DEBUG] cnn_neat: Removed 3 edges (requested 3)
2026-08-17 10:48:29,905 [DEBUG] cnn_neat: Crossover rejected: union topology invalid (edges=44 nodes=17)
2026-08-17 10:48:29,922 [DEBUG] cnn_neat: Added edge 5→9 (from 15 candidates)
2026-08-17 10:48:29,939 [DEBUG] cnn_neat: Removed hidden node 9 (pool=8)
2026-08-17 10:48:29,945 [DEBUG] cnn_neat: Added edge 12→4 (from 15 candidates)
2026-08-17 10:48:29,953 [DEBUG] cnn_neat: Added edge 12→11 (from 14 candidates)
2026-08-17 10:48:29,959 [DEBUG] cnn_neat: Added edge 4→9 (from 13 candidates)
2026-08-17 10:48:29,965 [DEBUG] cnn_neat: Added edge 12→1 (from 12 candidates)
2026-08-17 10:48:29,973 [DEBUG] cnn_neat: Added edge 3→1 (from 11 candidates)
2026-08-17 10:48:29,992 [DEBUG] cnn_neat: Added edge 12→3 (from 24 candidates)
2026-08-17 10:48:29,999 [DEBUG] cnn_neat: Added edge 13→10 (from 24 candidates)
2026-08-17 10:48:30,007 [DEBUG] cnn_neat: Removed hidden node 5 (pool=8)
2026-08-17 10:48:30,011 [DEBUG] cnn_neat: Removed edge 11→1 (from 13 candidates)
2026-08-17 10:48:30,020 [DEBUG] cnn_neat: Removed 3 edges (requested 3)
2026-08-17 10:48:30,025 [DEBUG] cnn_neat: Crossover rejected: union topology invalid (edges=38 nodes=17)
2026-08-17 10:48:30,032 [DEBUG] cnn_neat: Added edge 12→3 (from 24 candidates)
2026-08-17 10:48:30,040 [DEBUG] cnn_neat: Removed hidden node 9 (pool=8)
2026-08-17 10:48:30,044 [DEBUG] cnn_neat: Added edge 4→9 (from 24 candidates)
2026-08-17 10:48:30,049 [DEBUG] cnn_neat: Added edge 12→10 (from 23 candidates)
2026-08-17 10:48:30,054 [DEBUG] cnn_neat: Added edge 5→1 (from 22 candidates)
2026-08-17 10:48:30,060 [DEBUG] cnn_neat: Added edge 3→13 (from 21 candidates)
2026-08-17 10:48:30,066 [DEBUG] cnn_neat: Added edge 3→10 (from 18 candidates)
2026-08-17 10:48:30,075 [DEBUG] cnn_neat: Added edge 5→12 (from 24 candidates)
2026-08-17 10:48:30,080 [DEBUG] cnn_neat: Added edge 3→12 (from 24 candidates)
2026-08-17 10:48:30,087 [DEBUG] cnn_neat: Removed hidden node 11 (pool=8)
2026-08-17 10:48:30,091 [DEBUG] cnn_neat: Removed edge 11→10 (from 14 candidates)
2026-08-17 10:48:30,099 [DEBUG] cnn_neat: Removed 3 edges (requested 3)
2026-08-17 10:48:30,104 [DEBUG] cnn_neat: Crossover rejected: union topology invalid (edges=37 nodes=17)
2026-08-17 10:48:30,111 [DEBUG] cnn_neat: Added edge 12→9 (from 24 candidates)
2026-08-17 10:48:30,116 [DEBUG] cnn_neat: Added edge 4→12 (from 24 candidates)
2026-08-17 10:48:30,121 [DEBUG] cnn_neat: Added edge 12→9 (from 20 candidates)
2026-08-17 10:48:30,125 [DEBUG] cnn_neat: Added edge 3→10 (from 19 candidates)
2026-08-17 10:48:30,133 [DEBUG] cnn_neat: Added edge 12→10 (from 18 candidates)
2026-08-17 10:48:30,142 [DEBUG] cnn_neat: Added edge 3→1 (from 17 candidates)
2026-08-17 10:48:30,149 [DEBUG] cnn_neat: Split edge 7→5, new hidden node 8 (pool=7)
2026-08-17 10:48:30,156 [DEBUG] cnn_neat: Added edge 0→6 (from 5 candidates)
2026-08-17 10:48:30,166 [DEBUG] cnn_neat: Removed hidden node 6 (pool=5)
2026-08-17 10:48:30,172 [DEBUG] cnn_neat: Removed edge 3→5 (from 14 candidates)
2026-08-17 10:48:30,177 [DEBUG] cnn_neat: Removed 3 edges (requested 3)
2026-08-17 10:48:30,181 [DEBUG] cnn_neat: Crossover rejected: union topology invalid (edges=30 nodes=13)
2026-08-17 10:48:30,185 [DEBUG] cnn_neat: Split edge 0→5, new hidden node 8 (pool=7)
2026-08-17 10:48:30,189 [DEBUG] cnn_neat: Added edge 7→1 (from 5 candidates)
2026-08-17 10:48:30,192 [DEBUG] cnn_neat: Added edge 6→7 (from 4 candidates)
2026-08-17 10:48:30,196 [DEBUG] cnn_neat: Added edge 0→4 (from 2 candidates)
2026-08-17 10:48:30,203 [DEBUG] cnn_neat: Split edge 0→2, new hidden node 8 (pool=10)
2026-08-17 10:48:30,207 [DEBUG] cnn_neat: Added edge 6→7 (from 5 candidates)
2026-08-17 10:48:30,214 [DEBUG] cnn_neat: Removed hidden node 6 (pool=6)
2026-08-17 10:48:30,217 [DEBUG] cnn_neat: Removed edge 0→5 (from 18 candidates)
2026-08-17 10:48:30,225 [DEBUG] cnn_neat: Removed 3 edges (requested 3)
2026-08-17 10:48:30,229 [DEBUG] cnn_neat: Crossover rejected: union topology invalid (edges=37 nodes=14)
2026-08-17 10:48:30,233 [DEBUG] cnn_neat: Split edge 0→2, new hidden node 8 (pool=10)
2026-08-17 10:48:30,236 [DEBUG] cnn_neat: Added edge 8→4 (from 16 candidates)
2026-08-17 10:48:30,241 [DEBUG] cnn_neat: Added edge 2→1 (from 5 candidates)
2026-08-17 10:48:30,245 [DEBUG] cnn_neat: Added edge 7→1 (from 4 candidates)
2026-08-17 10:48:30,249 [DEBUG] cnn_neat: Added edge 7→6 (from 3 candidates)
2026-08-17 10:48:30,254 [DEBUG] cnn_neat: Added edge 7→2 (from 1 candidates)
2026-08-17 10:48:30,260 [DEBUG] cnn_neat: Split edge 3→6, new hidden node 8 (pool=6)
2026-08-17 10:48:30,263 [DEBUG] cnn_neat: Added edge 7→6 (from 16 candidates)
2026-08-17 10:48:30,327 [DEBUG] cnn_neat: Removed hidden node 7 (pool=6)
2026-08-17 10:48:30,331 [DEBUG] cnn_neat: Removed edge 6→1 (from 11 candidates)
2026-08-17 10:48:30,342 [DEBUG] cnn_neat: Removed 3 edges (requested 3)
2026-08-17 10:48:30,349 [DEBUG] cnn_neat: Crossover rejected: union topology invalid (edges=32 nodes=15)
2026-08-17 10:48:30,354 [DEBUG] cnn_neat: Split edge 4→6, new hidden node 8 (pool=6)
2026-08-17 10:48:30,361 [DEBUG] cnn_neat: Added edge 3→5 (from 16 candidates)
2026-08-17 10:48:30,365 [DEBUG] cnn_neat: Added edge 2→5 (from 15 candidates)
2026-08-17 10:48:30,371 [DEBUG] cnn_neat: Added edge 7→2 (from 11 candidates)
2026-08-17 10:48:30,375 [DEBUG] cnn_neat: Added edge 0→7 (from 10 candidates)
2026-08-17 10:48:30,379 [DEBUG] cnn_neat: Added edge 4→2 (from 7 candidates)
2026-08-17 10:48:30,386 [DEBUG] cnn_neat: Split edge 4→10, new hidden node 13 (pool=9)
2026-08-17 10:48:30,393 [DEBUG] cnn_neat: Added edge 12→9 (from 18 candidates)
2026-08-17 10:48:30,405 [DEBUG] cnn_neat: Removed hidden node 3 (pool=7)
2026-08-17 10:48:30,409 [DEBUG] cnn_neat: Removed edge 3→4 (from 13 candidates)
2026-08-17 10:48:30,417 [DEBUG] cnn_neat: Removed 3 edges (requested 3)
2026-08-17 10:48:30,422 [DEBUG] cnn_neat: Crossover rejected: union topology invalid (edges=36 nodes=16)
2026-08-17 10:48:30,426 [DEBUG] cnn_neat: Split edge 0→12, new hidden node 13 (pool=9)
2026-08-17 10:48:30,430 [DEBUG] cnn_neat: Added edge 4→12 (from 18 candidates)
2026-08-17 10:48:30,434 [DEBUG] cnn_neat: Added edge 3→1 (from 14 candidates)
2026-08-17 10:48:30,438 [DEBUG] cnn_neat: Added edge 5→4 (from 13 candidates)
2026-08-17 10:48:30,442 [DEBUG] cnn_neat: Added edge 5→11 (from 12 candidates)
2026-08-17 10:48:30,447 [DEBUG] cnn_neat: Added edge 12→9 (from 11 candidates)
2026-08-17 10:48:30,450 [DEBUG] cnn_neat: Split edge 3→2, new hidden node 9 (pool=9)
2026-08-17 10:48:30,454 [DEBUG] cnn_neat: Added edge 7→6 (from 15 candidates)
2026-08-17 10:48:30,460 [DEBUG] cnn_neat: Removed hidden node 2 (pool=7)
2026-08-17 10:48:30,463 [DEBUG] cnn_neat: Removed edge 5→6 (from 13 candidates)
2026-08-17 10:48:30,470 [DEBUG] cnn_neat: Removed 3 edges (requested 3)
2026-08-17 10:48:30,474 [DEBUG] cnn_neat: Crossover rejected: union topology invalid (edges=31 nodes=15)
2026-08-17 10:48:30,481 [DEBUG] cnn_neat: Split edge 3→5, new hidden node 9 (pool=9)
2026-08-17 10:48:30,486 [DEBUG] cnn_neat: Added edge 7→8 (from 15 candidates)
2026-08-17 10:48:30,493 [DEBUG] cnn_neat: Added edge 2→1 (from 14 candidates)
2026-08-17 10:48:30,499 [DEBUG] cnn_neat: Added edge 8→1 (from 13 candidates)
2026-08-17 10:48:30,505 [DEBUG] cnn_neat: Added edge 4→5 (from 12 candidates)
2026-08-17 10:48:30,513 [DEBUG] cnn_neat: Added edge 7→5 (from 11 candidates)
2026-08-17 10:48:30,518 [DEBUG] cnn_neat: Split edge 4→5, new hidden node 8 (pool=11)
2026-08-17 10:48:30,521 [DEBUG] cnn_neat: Added edge 5→1 (from 8 candidates)
2026-08-17 10:48:30,526 [DEBUG] cnn_neat: Removed hidden node 5 (pool=6)
2026-08-17 10:48:30,528 [DEBUG] cnn_neat: Removed edge 6→1 (from 14 candidates)
2026-08-17 10:48:30,534 [DEBUG] cnn_neat: Removed 3 edges (requested 3)
2026-08-17 10:48:30,538 [DEBUG] cnn_neat: Crossover rejected: union topology invalid (edges=30 nodes=13)
2026-08-17 10:48:30,541 [DEBUG] cnn_neat: Split edge 4→5, new hidden node 8 (pool=11)
2026-08-17 10:48:30,545 [DEBUG] cnn_neat: Added edge 8→1 (from 14 candidates)
2026-08-17 10:48:30,548 [DEBUG] cnn_neat: Added edge 7→5 (from 8 candidates)
2026-08-17 10:48:30,551 [DEBUG] cnn_neat: Added edge 5→1 (from 7 candidates)
2026-08-17 10:48:30,554 [DEBUG] cnn_neat: Added edge 2→1 (from 6 candidates)
2026-08-17 10:48:30,559 [DEBUG] cnn_neat: Added edge 7→6 (from 5 candidates)
2026-08-17 10:48:30,563 [DEBUG] cnn_neat: Added edge 7→1 (from 4 candidates)
2026-08-17 10:48:30,567 [DEBUG] cnn_neat: Split edge 0→4, new hidden node 9 (pool=11)
2026-08-17 10:48:30,571 [DEBUG] cnn_neat: Added edge 7→5 (from 16 candidates)
2026-08-17 10:48:30,577 [DEBUG] cnn_neat: Removed hidden node 8 (pool=7)
2026-08-17 10:48:30,580 [DEBUG] cnn_neat: Removed edge 0→2 (from 15 candidates)
2026-08-17 10:48:30,587 [DEBUG] cnn_neat: Removed 3 edges (requested 3)
2026-08-17 10:48:30,592 [DEBUG] cnn_neat: Crossover rejected: union topology invalid (edges=39 nodes=17)
2026-08-17 10:48:30,595 [DEBUG] cnn_neat: Split edge 4→1, new hidden node 9 (pool=11)
2026-08-17 10:48:30,599 [DEBUG] cnn_neat: Added edge 8→1 (from 16 candidates)
2026-08-17 10:48:30,603 [DEBUG] cnn_neat: Added edge 5→1 (from 15 candidates)
2026-08-17 10:48:30,606 [DEBUG] cnn_neat: Added edge 8→4 (from 14 candidates)
2026-08-17 10:48:30,610 [DEBUG] cnn_neat: Added edge 7→1 (from 11 candidates)
2026-08-17 10:48:30,614 [DEBUG] cnn_neat: Added edge 7→8 (from 10 candidates)
2026-08-17 10:48:30,619 [DEBUG] cnn_neat: Split edge 9→1, new hidden node 13 (pool=11)
2026-08-17 10:48:30,623 [DEBUG] cnn_neat: Added edge 3→12 (from 16 candidates)
2026-08-17 10:48:30,630 [DEBUG] cnn_neat: Removed hidden node 10 (pool=7)
2026-08-17 10:48:30,634 [DEBUG] cnn_neat: Removed edge 4→11 (from 16 candidates)
2026-08-17 10:48:30,642 [DEBUG] cnn_neat: Removed 3 edges (requested 3)
2026-08-17 10:48:30,647 [DEBUG] cnn_neat: Crossover rejected: union topology invalid (edges=35 nodes=16)
2026-08-17 10:48:30,651 [DEBUG] cnn_neat: Split edge 9→10, new hidden node 13 (pool=11)
2026-08-17 10:48:30,656 [DEBUG] cnn_neat: Added edge 5→1 (from 16 candidates)
2026-08-17 10:48:30,660 [DEBUG] cnn_neat: Added edge 12→9 (from 15 candidates)
2026-08-17 10:48:30,668 [DEBUG] cnn_neat: Added edge 3→12 (from 14 candidates)
2026-08-17 10:48:30,675 [DEBUG] cnn_neat: Added edge 3→11 (from 11 candidates)
2026-08-17 10:48:30,680 [DEBUG] cnn_neat: Added edge 3→1 (from 10 candidates)
2026-08-17 10:48:30,697 [DEBUG] cnn_neat: Added edge 4→9 (from 22 candidates)
2026-08-17 10:48:30,705 [DEBUG] cnn_neat: Added edge 13→10 (from 22 candidates)
2026-08-17 10:48:30,713 [DEBUG] cnn_neat: Removed hidden node 11 (pool=8)
2026-08-17 10:48:30,718 [DEBUG] cnn_neat: Removed edge 9→10 (from 16 candidates)
2026-08-17 10:48:30,726 [DEBUG] cnn_neat: Removed 3 edges (requested 3)
2026-08-17 10:48:30,733 [DEBUG] cnn_neat: Crossover rejected: union topology invalid (edges=46 nodes=18)
2026-08-17 10:48:30,740 [DEBUG] cnn_neat: Added edge 13→3 (from 22 candidates)
2026-08-17 10:48:30,745 [DEBUG] cnn_neat: Added edge 12→3 (from 22 candidates)
2026-08-17 10:48:30,749 [DEBUG] cnn_neat: Added edge 3→1 (from 20 candidates)
2026-08-17 10:48:30,754 [DEBUG] cnn_neat: Added edge 3→11 (from 19 candidates)
2026-08-17 10:48:30,759 [DEBUG] cnn_neat: Added edge 4→9 (from 18 candidates)
2026-08-17 10:48:30,764 [DEBUG] cnn_neat: Added edge 3→10 (from 17 candidates)
2026-08-17 10:48:30,769 [DEBUG] cnn_neat: Split edge 5→11, new hidden node 13 (pool=15)
2026-08-17 10:48:30,774 [DEBUG] cnn_neat: Added edge 3→12 (from 9 candidates)
2026-08-17 10:48:30,782 [DEBUG] cnn_neat: Removed hidden node 4 (pool=7)
2026-08-17 10:48:30,787 [DEBUG] cnn_neat: Removed edge 0→9 (from 21 candidates)
2026-08-17 10:48:30,797 [DEBUG] cnn_neat: Removed 3 edges (requested 3)
2026-08-17 10:48:30,803 [DEBUG] cnn_neat: Crossover rejected: union topology invalid (edges=36 nodes=14)
2026-08-17 10:48:30,808 [DEBUG] cnn_neat: Split edge 0→12, new hidden node 13 (pool=15)
2026-08-17 10:48:30,813 [DEBUG] cnn_neat: Added edge 5→9 (from 9 candidates)
2026-08-17 10:48:30,818 [DEBUG] cnn_neat: Added edge 3→10 (from 8 candidates)
2026-08-17 10:48:30,823 [DEBUG] cnn_neat: Added edge 3→1 (from 7 candidates)
2026-08-17 10:48:30,828 [DEBUG] cnn_neat: Added edge 4→9 (from 6 candidates)
2026-08-17 10:48:30,833 [DEBUG] cnn_neat: Added edge 12→1 (from 5 candidates)
2026-08-17 10:48:30,836 [DEBUG] cnn_neat: Split edge 4→1, new hidden node 8 (pool=6)
2026-08-17 10:48:30,839 [DEBUG] cnn_neat: Split edge 0→3, new hidden node 9 (pool=10)
2026-08-17 10:48:30,842 [DEBUG] cnn_neat: Added edge 2→1 (from 17 candidates)
2026-08-17 10:48:30,845 [DEBUG] cnn_neat: Split edge 4→1, new hidden node 8 (pool=6)
2026-08-17 10:48:30,849 [DEBUG] cnn_neat: Removed hidden node 5 (pool=6)
2026-08-17 10:48:30,852 [DEBUG] cnn_neat: Removed edge 3→7 (from 10 candidates)
2026-08-17 10:48:30,856 [DEBUG] cnn_neat: Removed 3 edges (requested 3)
2026-08-17 10:48:30,859 [DEBUG] cnn_neat: Crossover rejected: union topology invalid (edges=30 nodes=14)
2026-08-17 10:48:30,862 [DEBUG] cnn_neat: Split edge 3→6, new hidden node 8 (pool=6)
2026-08-17 10:48:30,864 [DEBUG] cnn_neat: Added edge 3→1 (from 17 candidates)
2026-08-17 10:48:30,867 [DEBUG] cnn_neat: Added edge 5→6 (from 16 candidates)
2026-08-17 10:48:30,870 [DEBUG] cnn_neat: Added edge 4→5 (from 13 candidates)
2026-08-17 10:48:30,873 [DEBUG] cnn_neat: Added edge 5→1 (from 11 candidates)
2026-08-17 10:48:30,877 [DEBUG] cnn_neat: Added edge 4→2 (from 10 candidates)
2026-08-17 10:48:30,880 [DEBUG] cnn_neat: Split edge 3→1, new hidden node 8 (pool=9)
2026-08-17 10:48:30,884 [DEBUG] cnn_neat: Added edge 7→2 (from 8 candidates)
2026-08-17 10:48:30,890 [DEBUG] cnn_neat: Removed hidden node 4 (pool=6)
2026-08-17 10:48:30,894 [DEBUG] cnn_neat: Removed edge 3→2 (from 18 candidates)
2026-08-17 10:48:30,901 [DEBUG] cnn_neat: Removed 3 edges (requested 3)
2026-08-17 10:48:30,906 [DEBUG] cnn_neat: Crossover rejected: union topology invalid (edges=37 nodes=15)
2026-08-17 10:48:30,909 [DEBUG] cnn_neat: Split edge 5→2, new hidden node 8 (pool=9)
2026-08-17 10:48:30,913 [DEBUG] cnn_neat: Added edge 7→2 (from 8 candidates)
2026-08-17 10:48:30,916 [DEBUG] cnn_neat: Added edge 7→6 (from 7 candidates)
2026-08-17 10:48:30,920 [DEBUG] cnn_neat: Added edge 0→4 (from 5 candidates)
2026-08-17 10:48:30,926 [DEBUG] cnn_neat: Added edge 2→1 (from 2 candidates)
2026-08-17 10:48:30,933 [DEBUG] cnn_neat: Added edge 7→1 (from 1 candidates)
2026-08-17 10:48:30,942 [DEBUG] cnn_neat: Split edge 5→2, new hidden node 8 (pool=21)
2026-08-17 10:48:30,949 [DEBUG] cnn_neat: Split edge 0→4, new hidden node 13 (pool=10)
2026-08-17 10:48:30,960 [DEBUG] cnn_neat: Added edge 3→13 (from 27 candidates)
2026-08-17 10:48:30,968 [DEBUG] cnn_neat: Added edge 3→10 (from 17 candidates)
2026-08-17 10:48:30,975 [DEBUG] cnn_neat: Removed hidden node 9 (pool=7)
2026-08-17 10:48:30,979 [DEBUG] cnn_neat: Removed edge 11→1 (from 14 candidates)
2026-08-17 10:48:30,987 [DEBUG] cnn_neat: Removed 3 edges (requested 3)
2026-08-17 10:48:30,993 [DEBUG] cnn_neat: Crossover rejected: union topology invalid (edges=35 nodes=15)
2026-08-17 10:48:30,997 [DEBUG] cnn_neat: Split edge 5→10, new hidden node 13 (pool=10)
2026-08-17 10:48:31,001 [DEBUG] cnn_neat: Added edge 4→9 (from 17 candidates)
2026-08-17 10:48:31,006 [DEBUG] cnn_neat: Added edge 12→4 (from 16 candidates)
2026-08-17 10:48:31,010 [DEBUG] cnn_neat: Added edge 3→12 (from 14 candidates)
2026-08-17 10:48:31,014 [DEBUG] cnn_neat: Added edge 12→1 (from 11 candidates)
2026-08-17 10:48:31,019 [DEBUG] cnn_neat: Added edge 3→10 (from 10 candidates)
2026-08-17 10:48:31,022 [DEBUG] cnn_neat: Split edge 3→6, new hidden node 8 (pool=11)
2026-08-17 10:48:31,026 [DEBUG] cnn_neat: Added edge 0→6 (from 11 candidates)
2026-08-17 10:48:31,030 [DEBUG] cnn_neat: Removed hidden node 3 (pool=6)
2026-08-17 10:48:31,035 [DEBUG] cnn_neat: Removed edge 3→5 (from 15 candidates)
2026-08-17 10:48:31,044 [DEBUG] cnn_neat: Removed 3 edges (requested 3)
2026-08-17 10:48:31,053 [DEBUG] cnn_neat: Crossover rejected: union topology invalid (edges=35 nodes=16)
2026-08-17 10:48:31,059 [DEBUG] cnn_neat: Split edge 4→1, new hidden node 8 (pool=11)
2026-08-17 10:48:31,065 [DEBUG] cnn_neat: Added edge 8→2 (from 21 candidates)
2026-08-17 10:48:31,071 [DEBUG] cnn_neat: Added edge 7→5 (from 11 candidates)
2026-08-17 10:48:31,077 [DEBUG] cnn_neat: Added edge 7→1 (from 10 candidates)
2026-08-17 10:48:31,083 [DEBUG] cnn_neat: Added edge 4→2 (from 9 candidates)
2026-08-17 10:48:31,088 [DEBUG] cnn_neat: Added edge 3→4 (from 8 candidates)
2026-08-17 10:48:31,094 [DEBUG] cnn_neat: Added edge 0→2 (from 7 candidates)
2026-08-17 10:48:31,101 [DEBUG] cnn_neat: Split edge 3→1, new hidden node 8 (pool=9)
2026-08-17 10:48:31,107 [DEBUG] cnn_neat: Added edge 7→5 (from 7 candidates)
2026-08-17 10:48:31,116 [DEBUG] cnn_neat: Removed hidden node 4 (pool=5)
2026-08-17 10:48:31,122 [DEBUG] cnn_neat: Removed edge 3→6 (from 12 candidates)
2026-08-17 10:48:31,130 [DEBUG] cnn_neat: Removed 3 edges (requested 3)
2026-08-17 10:48:31,138 [DEBUG] cnn_neat: Crossover rejected: union topology invalid (edges=36 nodes=14)
2026-08-17 10:48:31,142 [DEBUG] cnn_neat: Split edge 4→5, new hidden node 8 (pool=9)
2026-08-17 10:48:31,145 [DEBUG] cnn_neat: Added edge 3→4 (from 13 candidates)
2026-08-17 10:48:31,149 [DEBUG] cnn_neat: Added edge 0→7 (from 7 candidates)
2026-08-17 10:48:31,152 [DEBUG] cnn_neat: Added edge 5→1 (from 5 candidates)
2026-08-17 10:48:31,155 [DEBUG] cnn_neat: Added edge 7→1 (from 4 candidates)
2026-08-17 10:48:31,159 [DEBUG] cnn_neat: Added edge 7→6 (from 3 candidates)
2026-08-17 10:48:31,162 [DEBUG] cnn_neat: Added edge 7→5 (from 2 candidates)
2026-08-17 10:48:31,169 [DEBUG] cnn_neat: Added edge 2→1 (from 19 candidates)
2026-08-17 10:48:31,174 [DEBUG] cnn_neat: Added edge 6→8 (from 19 candidates)
2026-08-17 10:48:31,175 [DEBUG] cnn_neat: Generation bred 128 offspring from 26 parents (queue=128 enqueued=0)
2026-08-17 10:48:31,187 [DEBUG] cnn_neat: Generation 13 formed (128 models, elite_queue=128, breeders=26, offspring=128) | evaluated total: 1664 | avg cycle ~8 мин 25 с (last 5 of ≤5, no MAX_GENERATIONS limit)
2026-08-17 10:58:27,956 [DEBUG] cnn_neat: Saved generation 13
2026-08-17 10:58:28,064 [DEBUG] cnn_neat: Selected 25 elite individuals
2026-08-17 10:58:28,267 [DEBUG] cnn_neat: Trimmed elite queue to 128 entries
2026-08-17 10:58:28,281 [DEBUG] cnn_neat: Added edge 12→3 (from 24 candidates)
2026-08-17 10:58:28,287 [DEBUG] cnn_neat: Added edge 13→11 (from 24 candidates)
2026-08-17 10:58:28,300 [DEBUG] cnn_neat: Removed hidden node 5 (pool=8)
2026-08-17 10:58:28,307 [DEBUG] cnn_neat: Removed edge 4→1 (from 14 candidates)
2026-08-17 10:58:28,321 [DEBUG] cnn_neat: Removed 3 edges (requested 3)
2026-08-17 10:58:28,329 [DEBUG] cnn_neat: Crossover rejected: union topology invalid (edges=39 nodes=17)
2026-08-17 10:58:28,340 [DEBUG] cnn_neat: Added edge 5→11 (from 24 candidates)
2026-08-17 10:58:28,348 [DEBUG] cnn_neat: Added edge 3→11 (from 24 candidates)
2026-08-17 10:58:28,355 [DEBUG] cnn_neat: Added edge 12→5 (from 23 candidates)
2026-08-17 10:58:28,363 [DEBUG] cnn_neat: Added edge 12→3 (from 18 candidates)
2026-08-17 10:58:28,369 [DEBUG] cnn_neat: Added edge 12→1 (from 17 candidates)
2026-08-17 10:58:28,374 [DEBUG] cnn_neat: Added edge 12→13 (from 16 candidates)
2026-08-17 10:58:28,378 [DEBUG] cnn_neat: Split edge 3→4, new hidden node 8 (pool=6)
2026-08-17 10:58:28,381 [DEBUG] cnn_neat: Added edge 4→5 (from 15 candidates)
2026-08-17 10:58:28,388 [DEBUG] cnn_neat: Removed hidden node 4 (pool=6)
2026-08-17 10:58:28,392 [DEBUG] cnn_neat: Removed edge 6→2 (from 12 candidates)
2026-08-17 10:58:28,401 [DEBUG] cnn_neat: Removed 3 edges (requested 3)
2026-08-17 10:58:28,405 [DEBUG] cnn_neat: Crossover rejected: union topology invalid (edges=32 nodes=15)
2026-08-17 10:58:28,408 [DEBUG] cnn_neat: Split edge 3→4, new hidden node 8 (pool=6)
2026-08-17 10:58:28,438 [DEBUG] cnn_neat: Added edge 8→5 (from 24 candidates)
2026-08-17 10:58:28,441 [DEBUG] cnn_neat: Added edge 4→5 (from 15 candidates)
2026-08-17 10:58:28,444 [DEBUG] cnn_neat: Added edge 6→5 (from 13 candidates)
2026-08-17 10:58:28,447 [DEBUG] cnn_neat: Added edge 7→2 (from 11 candidates)
2026-08-17 10:58:28,452 [DEBUG] cnn_neat: Added edge 2→5 (from 10 candidates)
2026-08-17 10:58:28,457 [DEBUG] cnn_neat: Added edge 0→2 (from 8 candidates)
2026-08-17 10:58:28,473 [DEBUG] cnn_neat: Added edge 3→11 (from 14 candidates)
2026-08-17 10:58:28,482 [DEBUG] cnn_neat: Added edge 5→1 (from 14 candidates)
2026-08-17 10:58:28,540 [DEBUG] cnn_neat: Removed hidden node 5 (pool=8)
2026-08-17 10:58:28,545 [DEBUG] cnn_neat: Removed edge 12→13 (from 20 candidates)
2026-08-17 10:58:28,556 [DEBUG] cnn_neat: Removed 3 edges (requested 3)
2026-08-17 10:58:28,563 [DEBUG] cnn_neat: Crossover rejected: union topology invalid (edges=46 nodes=18)
2026-08-17 10:58:28,571 [DEBUG] cnn_neat: Added edge 3→10 (from 14 candidates)
2026-08-17 10:58:28,579 [DEBUG] cnn_neat: Added edge 12→11 (from 14 candidates)
2026-08-17 10:58:28,586 [DEBUG] cnn_neat: Added edge 3→10 (from 13 candidates)
2026-08-17 10:58:28,596 [DEBUG] cnn_neat: Added edge 12→1 (from 12 candidates)
2026-08-17 10:58:28,604 [DEBUG] cnn_neat: Added edge 5→1 (from 11 candidates)
2026-08-17 10:58:28,610 [DEBUG] cnn_neat: Added edge 3→11 (from 10 candidates)
2026-08-17 10:58:28,614 [DEBUG] cnn_neat: Split edge 4→6, new hidden node 8 (pool=15)
2026-08-17 10:58:28,618 [DEBUG] cnn_neat: Added edge 3→1 (from 6 candidates)
2026-08-17 10:58:28,623 [DEBUG] cnn_neat: Removed hidden node 6 (pool=6)
2026-08-17 10:58:28,627 [DEBUG] cnn_neat: Removed edge 6→1 (from 19 candidates)
2026-08-17 10:58:28,633 [DEBUG] cnn_neat: Removed 3 edges (requested 3)
2026-08-17 10:58:28,641 [DEBUG] cnn_neat: Crossover rejected: union topology invalid (edges=38 nodes=15)
2026-08-17 10:58:28,646 [DEBUG] cnn_neat: Split edge 7→4, new hidden node 8 (pool=15)
2026-08-17 10:58:28,652 [DEBUG] cnn_neat: Added edge 7→1 (from 6 candidates)
2026-08-17 10:58:28,656 [DEBUG] cnn_neat: Added edge 5→1 (from 5 candidates)
2026-08-17 10:58:28,661 [DEBUG] cnn_neat: Added edge 3→1 (from 4 candidates)
2026-08-17 10:58:28,665 [DEBUG] cnn_neat: Added edge 6→5 (from 3 candidates)
2026-08-17 10:58:28,672 [DEBUG] cnn_neat: Added edge 7→6 (from 2 candidates)
2026-08-17 10:58:28,677 [DEBUG] cnn_neat: Split edge 0→12, new hidden node 14 (pool=6)
2026-08-17 10:58:28,681 [DEBUG] cnn_neat: Added edge 9→10 (from 26 candidates)
2026-08-17 10:58:28,687 [DEBUG] cnn_neat: Removed hidden node 4 (pool=7)
2026-08-17 10:58:28,690 [DEBUG] cnn_neat: Removed edge 4→1 (from 9 candidates)
2026-08-17 10:58:28,695 [DEBUG] cnn_neat: Removed 3 edges (requested 3)
2026-08-17 10:58:28,700 [DEBUG] cnn_neat: Crossover rejected: union topology invalid (edges=33 nodes=16)
2026-08-17 10:58:28,703 [DEBUG] cnn_neat: Split edge 5→10, new hidden node 14 (pool=6)
2026-08-17 10:58:28,706 [DEBUG] cnn_neat: Added edge 10→12 (from 26 candidates)
2026-08-17 10:58:28,710 [DEBUG] cnn_neat: Added edge 3→13 (from 19 candidates)
2026-08-17 10:58:28,713 [DEBUG] cnn_neat: Added edge 9→12 (from 18 candidates)
2026-08-17 10:58:28,718 [DEBUG] cnn_neat: Added edge 3→1 (from 17 candidates)
2026-08-17 10:58:28,724 [DEBUG] cnn_neat: Added edge 4→13 (from 16 candidates)
2026-08-17 10:58:28,730 [DEBUG] cnn_neat: Split edge 9→10, new hidden node 13 (pool=8)
2026-08-17 10:58:28,734 [DEBUG] cnn_neat: Added edge 5→1 (from 20 candidates)
2026-08-17 10:58:28,741 [DEBUG] cnn_neat: Removed hidden node 9 (pool=7)
2026-08-17 10:58:28,746 [DEBUG] cnn_neat: Removed edge 3→4 (from 13 candidates)
2026-08-17 10:58:28,753 [DEBUG] cnn_neat: Removed 3 edges (requested 3)
2026-08-17 10:58:28,758 [DEBUG] cnn_neat: Crossover rejected: union topology invalid (edges=37 nodes=15)
2026-08-17 10:58:28,762 [DEBUG] cnn_neat: Split edge 4→1, new hidden node 13 (pool=8)
2026-08-17 10:58:28,767 [DEBUG] cnn_neat: Added edge 11→5 (from 20 candidates)
2026-08-17 10:58:28,771 [DEBUG] cnn_neat: Added edge 12→10 (from 13 candidates)
2026-08-17 10:58:28,775 [DEBUG] cnn_neat: Added edge 5→1 (from 12 candidates)
2026-08-17 10:58:28,780 [DEBUG] cnn_neat: Added edge 11→4 (from 11 candidates)
2026-08-17 10:58:28,784 [DEBUG] cnn_neat: Added edge 12→9 (from 10 candidates)
2026-08-17 10:58:28,796 [DEBUG] cnn_neat: Added edge 5→11 (from 14 candidates)
2026-08-17 10:58:28,801 [DEBUG] cnn_neat: Added edge 13→10 (from 14 candidates)
2026-08-17 10:58:28,815 [DEBUG] cnn_neat: Removed hidden node 13 (pool=8)
2026-08-17 10:58:28,820 [DEBUG] cnn_neat: Removed edge 9→1 (from 20 candidates)
2026-08-17 10:58:28,835 [DEBUG] cnn_neat: Removed 3 edges (requested 3)
2026-08-17 10:58:28,843 [DEBUG] cnn_neat: Crossover rejected: union topology invalid (edges=45 nodes=18)
2026-08-17 10:58:28,851 [DEBUG] cnn_neat: Added edge 12→11 (from 14 candidates)
2026-08-17 10:58:28,858 [DEBUG] cnn_neat: Added edge 13→1 (from 14 candidates)
2026-08-17 10:58:28,866 [DEBUG] cnn_neat: Added edge 12→4 (from 13 candidates)
2026-08-17 10:58:28,873 [DEBUG] cnn_neat: Added edge 12→1 (from 12 candidates)
2026-08-17 10:58:28,878 [DEBUG] cnn_neat: Added edge 3→1 (from 11 candidates)
2026-08-17 10:58:28,885 [DEBUG] cnn_neat: Added edge 12→9 (from 10 candidates)
2026-08-17 10:58:28,888 [DEBUG] cnn_neat: Split edge 4→1, new hidden node 8 (pool=5)
2026-08-17 10:58:28,890 [DEBUG] cnn_neat: Added edge 0→6 (from 9 candidates)
2026-08-17 10:58:28,895 [DEBUG] cnn_neat: Removed hidden node 2 (pool=5)
2026-08-17 10:58:28,897 [DEBUG] cnn_neat: Removed edge 3→4 (from 9 candidates)
2026-08-17 10:58:28,901 [DEBUG] cnn_neat: Removed 3 edges (requested 3)
2026-08-17 10:58:28,905 [DEBUG] cnn_neat: Crossover rejected: union topology invalid (edges=30 nodes=15)
2026-08-17 10:58:28,908 [DEBUG] cnn_neat: Split edge 3→4, new hidden node 8 (pool=5)
2026-08-17 10:58:28,910 [DEBUG] cnn_neat: Added edge 0→2 (from 9 candidates)
2026-08-17 10:58:28,912 [DEBUG] cnn_neat: Added edge 7→2 (from 8 candidates)
2026-08-17 10:58:28,915 [DEBUG] cnn_neat: Added edge 0→6 (from 7 candidates)
2026-08-17 10:58:28,917 [DEBUG] cnn_neat: Added edge 4→2 (from 5 candidates)
2026-08-17 10:58:28,920 [DEBUG] cnn_neat: Added edge 7→1 (from 4 candidates)
2026-08-17 10:58:28,930 [DEBUG] cnn_neat: Added edge 13→12 (from 19 candidates)
2026-08-17 10:58:28,936 [DEBUG] cnn_neat: Added edge 5→1 (from 19 candidates)
2026-08-17 10:58:28,944 [DEBUG] cnn_neat: Removed hidden node 11 (pool=8)
2026-08-17 10:58:28,949 [DEBUG] cnn_neat: Removed edge 10→1 (from 18 candidates)
2026-08-17 10:58:28,959 [DEBUG] cnn_neat: Removed 3 edges (requested 3)
2026-08-17 10:58:28,966 [DEBUG] cnn_neat: Crossover rejected: union topology invalid (edges=43 nodes=18)
2026-08-17 10:58:28,973 [DEBUG] cnn_neat: Added edge 13→9 (from 19 candidates)
2026-08-17 10:58:28,979 [DEBUG] cnn_neat: Added edge 5→1 (from 19 candidates)
2026-08-17 10:58:28,984 [DEBUG] cnn_neat: Added edge 3→13 (from 18 candidates)
2026-08-17 10:58:28,989 [DEBUG] cnn_neat: Added edge 13→4 (from 16 candidates)
2026-08-17 10:58:28,996 [DEBUG] cnn_neat: Added edge 13→9 (from 13 candidates)
2026-08-17 10:58:29,005 [DEBUG] cnn_neat: Added edge 12→1 (from 12 candidates)
2026-08-17 10:58:29,022 [DEBUG] cnn_neat: Added edge 12→3 (from 18 candidates)
2026-08-17 10:58:29,028 [DEBUG] cnn_neat: Added edge 3→11 (from 18 candidates)
2026-08-17 10:58:29,038 [DEBUG] cnn_neat: Removed hidden node 12 (pool=8)
2026-08-17 10:58:29,043 [DEBUG] cnn_neat: Removed edge 13→11 (from 18 candidates)
2026-08-17 10:58:29,054 [DEBUG] cnn_neat: Removed 3 edges (requested 3)
2026-08-17 10:58:29,060 [DEBUG] cnn_neat: Crossover rejected: union topology invalid (edges=41 nodes=17)
2026-08-17 10:58:29,068 [DEBUG] cnn_neat: Added edge 12→4 (from 18 candidates)
2026-08-17 10:58:29,073 [DEBUG] cnn_neat: Added edge 5→9 (from 18 candidates)
2026-08-17 10:58:29,079 [DEBUG] cnn_neat: Added edge 5→11 (from 17 candidates)
2026-08-17 10:58:29,084 [DEBUG] cnn_neat: Added edge 12→11 (from 16 candidates)
2026-08-17 10:58:29,089 [DEBUG] cnn_neat: Added edge 13→1 (from 15 candidates)
2026-08-17 10:58:29,095 [DEBUG] cnn_neat: Added edge 3→1 (from 14 candidates)
2026-08-17 10:58:29,104 [DEBUG] cnn_neat: Added edge 3→13 (from 25 candidates)
2026-08-17 10:58:29,109 [DEBUG] cnn_neat: Added edge 13→1 (from 25 candidates)
2026-08-17 10:58:29,116 [DEBUG] cnn_neat: Removed hidden node 13 (pool=8)
2026-08-17 10:58:29,120 [DEBUG] cnn_neat: Removed edge 10→1 (from 12 candidates)
2026-08-17 10:58:29,126 [DEBUG] cnn_neat: Removed 3 edges (requested 3)
2026-08-17 10:58:29,132 [DEBUG] cnn_neat: Crossover rejected: union topology invalid (edges=45 nodes=18)
2026-08-17 10:58:29,139 [DEBUG] cnn_neat: Added edge 12→4 (from 25 candidates)
2026-08-17 10:58:29,144 [DEBUG] cnn_neat: Added edge 5→1 (from 25 candidates)
2026-08-17 10:58:29,148 [DEBUG] cnn_neat: Added edge 12→5 (from 24 candidates)
2026-08-17 10:58:29,153 [DEBUG] cnn_neat: Added edge 12→9 (from 21 candidates)
2026-08-17 10:58:29,157 [DEBUG] cnn_neat: Added edge 3→11 (from 20 candidates)
2026-08-17 10:58:29,162 [DEBUG] cnn_neat: Added edge 12→11 (from 19 candidates)
2026-08-17 10:58:29,172 [DEBUG] cnn_neat: Added edge 5→11 (from 29 candidates)
2026-08-17 10:58:29,176 [DEBUG] cnn_neat: Added edge 12→9 (from 29 candidates)
2026-08-17 10:58:29,184 [DEBUG] cnn_neat: Added edge 13→9 (from 28 candidates)
2026-08-17 10:58:29,200 [DEBUG] cnn_neat: Removed hidden node 11 (pool=8)
2026-08-17 10:58:29,208 [DEBUG] cnn_neat: Removed edge 11→10 (from 14 candidates)
2026-08-17 10:58:29,219 [DEBUG] cnn_neat: Removed 3 edges (requested 3)
2026-08-17 10:58:29,228 [DEBUG] cnn_neat: Crossover rejected: union topology invalid (edges=35 nodes=15)
2026-08-17 10:58:29,237 [DEBUG] cnn_neat: Added edge 3→1 (from 29 candidates)
2026-08-17 10:58:29,244 [DEBUG] cnn_neat: Added edge 13→1 (from 29 candidates)
2026-08-17 10:58:29,252 [DEBUG] cnn_neat: Added edge 3→12 (from 28 candidates)
2026-08-17 10:58:29,258 [DEBUG] cnn_neat: Added edge 3→1 (from 25 candidates)
2026-08-17 10:58:29,266 [DEBUG] cnn_neat: Added edge 12→9 (from 24 candidates)
2026-08-17 10:58:29,274 [DEBUG] cnn_neat: Added edge 4→12 (from 23 candidates)
2026-08-17 10:58:29,287 [DEBUG] cnn_neat: Added edge 5→11 (from 25 candidates)
2026-08-17 10:58:29,293 [DEBUG] cnn_neat: Added edge 4→12 (from 25 candidates)
2026-08-17 10:58:29,303 [DEBUG] cnn_neat: Removed hidden node 11 (pool=8)
2026-08-17 10:58:29,308 [DEBUG] cnn_neat: Split edge 5→10, new hidden node 14 (pool=6)
2026-08-17 10:58:29,314 [DEBUG] cnn_neat: Added edge 13→14 (from 38 candidates)
2026-08-17 10:58:29,320 [DEBUG] cnn_neat: Removed edge 11→9 (from 13 candidates)
2026-08-17 10:58:29,331 [DEBUG] cnn_neat: Removed 3 edges (requested 3)
2026-08-17 10:58:29,342 [DEBUG] cnn_neat: Crossover rejected: union topology invalid (edges=44 nodes=18)
2026-08-17 10:58:29,351 [DEBUG] cnn_neat: Added edge 12→9 (from 25 candidates)
2026-08-17 10:58:29,358 [DEBUG] cnn_neat: Added edge 12→10 (from 25 candidates)
2026-08-17 10:58:29,365 [DEBUG] cnn_neat: Added edge 5→12 (from 24 candidates)
2026-08-17 10:58:29,371 [DEBUG] cnn_neat: Added edge 12→4 (from 22 candidates)
2026-08-17 10:58:29,375 [DEBUG] cnn_neat: Added edge 4→13 (from 20 candidates)
2026-08-17 10:58:29,380 [DEBUG] cnn_neat: Added edge 12→3 (from 19 candidates)
2026-08-17 10:58:29,383 [DEBUG] cnn_neat: Split edge 3→6, new hidden node 8 (pool=6)
2026-08-17 10:58:29,385 [DEBUG] cnn_neat: Split edge 0→4, new hidden node 9 (pool=1)
2026-08-17 10:58:29,388 [DEBUG] cnn_neat: Added edge 5→4 (from 17 candidates)
2026-08-17 10:58:29,393 [DEBUG] cnn_neat: Removed hidden node 4 (pool=6)
2026-08-17 10:58:29,395 [DEBUG] cnn_neat: Split edge 3→6, new hidden node 8 (pool=8)
2026-08-17 10:58:29,397 [DEBUG] cnn_neat: Removed edge 3→6 (from 10 candidates)
2026-08-17 10:58:29,399 [DEBUG] cnn_neat: Split edge 0→5, new hidden node 8 (pool=4)
2026-08-17 10:58:29,403 [DEBUG] cnn_neat: Removed 3 edges (requested 3)
2026-08-17 10:58:29,406 [DEBUG] cnn_neat: Crossover rejected: union topology invalid (edges=27 nodes=15)
2026-08-17 10:58:29,408 [DEBUG] cnn_neat: Split edge 0→4, new hidden node 8 (pool=6)
2026-08-17 10:58:29,411 [DEBUG] cnn_neat: Added edge 3→5 (from 17 candidates)
2026-08-17 10:58:29,413 [DEBUG] cnn_neat: Added edge 7→2 (from 16 candidates)
2026-08-17 10:58:29,415 [DEBUG] cnn_neat: Added edge 3→1 (from 15 candidates)
2026-08-17 10:58:29,418 [DEBUG] cnn_neat: Added edge 5→2 (from 14 candidates)
2026-08-17 10:58:29,420 [DEBUG] cnn_neat: Added edge 4→2 (from 12 candidates)
2026-08-17 10:58:29,431 [DEBUG] cnn_neat: Added edge 12→1 (from 15 candidates)
2026-08-17 10:58:29,436 [DEBUG] cnn_neat: Added edge 12→1 (from 15 candidates)
2026-08-17 10:58:29,445 [DEBUG] cnn_neat: Added edge 12→9 (from 14 candidates)
2026-08-17 10:58:29,454 [DEBUG] cnn_neat: Removed hidden node 3 (pool=8)
2026-08-17 10:58:29,458 [DEBUG] cnn_neat: Split edge 4→10, new hidden node 14 (pool=12)
2026-08-17 10:58:29,463 [DEBUG] cnn_neat: Removed edge 3→9 (from 19 candidates)
2026-08-17 10:58:29,474 [DEBUG] cnn_neat: Removed 3 edges (requested 3)
2026-08-17 10:58:29,482 [DEBUG] cnn_neat: Crossover rejected: union topology invalid (edges=46 nodes=16)
2026-08-17 10:58:29,494 [DEBUG] cnn_neat: Added edge 3→1 (from 15 candidates)
2026-08-17 10:58:29,499 [DEBUG] cnn_neat: Added edge 12→9 (from 15 candidates)
2026-08-17 10:58:29,504 [DEBUG] cnn_neat: Added edge 12→4 (from 14 candidates)
2026-08-17 10:58:29,510 [DEBUG] cnn_neat: Added edge 5→11 (from 13 candidates)
2026-08-17 10:58:29,518 [DEBUG] cnn_neat: Added edge 5→9 (from 12 candidates)
2026-08-17 10:58:29,527 [DEBUG] cnn_neat: Added edge 12→11 (from 11 candidates)
2026-08-17 10:58:29,542 [DEBUG] cnn_neat: Added edge 12→9 (from 24 candidates)
2026-08-17 10:58:29,546 [DEBUG] cnn_neat: Added edge 13→3 (from 24 candidates)
2026-08-17 10:58:29,644 [DEBUG] cnn_neat: Removed hidden node 12 (pool=8)
2026-08-17 10:58:29,648 [DEBUG] cnn_neat: Removed edge 4→10 (from 13 candidates)
2026-08-17 10:58:29,657 [DEBUG] cnn_neat: Removed 3 edges (requested 3)
2026-08-17 10:58:29,663 [DEBUG] cnn_neat: Crossover rejected: union topology invalid (edges=39 nodes=18)
2026-08-17 10:58:29,670 [DEBUG] cnn_neat: Added edge 13→1 (from 24 candidates)
2026-08-17 10:58:29,675 [DEBUG] cnn_neat: Added edge 5→11 (from 24 candidates)
2026-08-17 10:58:29,679 [DEBUG] cnn_neat: Added edge 12→5 (from 23 candidates)
2026-08-17 10:58:29,684 [DEBUG] cnn_neat: Added edge 3→13 (from 20 candidates)
2026-08-17 10:58:29,689 [DEBUG] cnn_neat: Added edge 4→9 (from 17 candidates)
2026-08-17 10:58:29,694 [DEBUG] cnn_neat: Added edge 3→10 (from 16 candidates)
2026-08-17 10:58:29,703 [DEBUG] cnn_neat: Added edge 3→13 (from 24 candidates)
2026-08-17 10:58:29,707 [DEBUG] cnn_neat: Added edge 5→9 (from 24 candidates)
2026-08-17 10:58:29,714 [DEBUG] cnn_neat: Removed hidden node 10 (pool=8)
2026-08-17 10:58:29,718 [DEBUG] cnn_neat: Removed edge 13→10 (from 14 candidates)
2026-08-17 10:58:29,726 [DEBUG] cnn_neat: Removed 3 edges (requested 3)
2026-08-17 10:58:29,733 [DEBUG] cnn_neat: Crossover rejected: union topology invalid (edges=43 nodes=18)
2026-08-17 10:58:29,740 [DEBUG] cnn_neat: Added edge 3→10 (from 24 candidates)
2026-08-17 10:58:29,745 [DEBUG] cnn_neat: Added edge 5→4 (from 24 candidates)
2026-08-17 10:58:29,749 [DEBUG] cnn_neat: Added edge 5→11 (from 23 candidates)
2026-08-17 10:58:29,754 [DEBUG] cnn_neat: Added edge 9→10 (from 22 candidates)
2026-08-17 10:58:29,759 [DEBUG] cnn_neat: Added edge 5→1 (from 21 candidates)
2026-08-17 10:58:29,763 [DEBUG] cnn_neat: Added edge 3→13 (from 20 candidates)
2026-08-17 10:58:29,767 [DEBUG] cnn_neat: Split edge 3→2, new hidden node 8 (pool=9)
2026-08-17 10:58:29,771 [DEBUG] cnn_neat: Added edge 2→1 (from 8 candidates)
2026-08-17 10:58:29,778 [DEBUG] cnn_neat: Removed hidden node 2 (pool=6)
2026-08-17 10:58:29,781 [DEBUG] cnn_neat: Split edge 0→7, new hidden node 8 (pool=7)
2026-08-17 10:58:29,785 [DEBUG] cnn_neat: Removed edge 6→1 (from 18 candidates)
2026-08-17 10:58:29,792 [DEBUG] cnn_neat: Removed 3 edges (requested 3)
2026-08-17 10:58:29,797 [DEBUG] cnn_neat: Crossover rejected: union topology invalid (edges=40 nodes=16)
2026-08-17 10:58:29,800 [DEBUG] cnn_neat: Split edge 3→5, new hidden node 8 (pool=9)
2026-08-17 10:58:29,804 [DEBUG] cnn_neat: Added edge 7→1 (from 8 candidates)
2026-08-17 10:58:29,808 [DEBUG] cnn_neat: Added edge 6→7 (from 7 candidates)
2026-08-17 10:58:29,811 [DEBUG] cnn_neat: Added edge 7→2 (from 5 candidates)
2026-08-17 10:58:29,815 [DEBUG] cnn_neat: Added edge 0→6 (from 4 candidates)
2026-08-17 10:58:29,819 [DEBUG] cnn_neat: Added edge 2→1 (from 1 candidates)
2026-08-17 10:58:29,823 [DEBUG] cnn_neat: Split edge 0→7, new hidden node 8 (pool=7)
2026-08-17 10:58:29,827 [DEBUG] cnn_neat: Split edge 0→5, new hidden node 9 (pool=7)
2026-08-17 10:58:29,831 [DEBUG] cnn_neat: Added edge 6→7 (from 5 candidates)
2026-08-17 10:58:29,831 [DEBUG] cnn_neat: Generation bred 128 offspring from 26 parents (queue=128 enqueued=0)
2026-08-17 10:58:29,842 [DEBUG] cnn_neat: Generation 14 formed (128 models, elite_queue=128, breeders=26, offspring=128) | evaluated total: 1792 | avg cycle ~8 мин 49 с (last 5 of ≤5, no MAX_GENERATIONS limit)
2026-08-17 11:08:44,782 [DEBUG] cnn_neat: Saved generation 14
2026-08-17 11:08:44,919 [DEBUG] cnn_neat: Selected 25 elite individuals
2026-08-17 11:08:45,150 [DEBUG] cnn_neat: Trimmed elite queue to 128 entries
2026-08-17 11:08:45,161 [DEBUG] cnn_neat: Added edge 13→1 (from 23 candidates)
2026-08-17 11:08:45,166 [DEBUG] cnn_neat: Added edge 4→9 (from 23 candidates)
2026-08-17 11:08:45,180 [DEBUG] cnn_neat: Removed hidden node 5 (pool=8)
2026-08-17 11:08:45,187 [DEBUG] cnn_neat: Split edge 0→9, new hidden node 14 (pool=2)
2026-08-17 11:08:45,197 [DEBUG] cnn_neat: Removed edge 5→11 (from 17 candidates)
2026-08-17 11:08:45,207 [DEBUG] cnn_neat: Added edge 12→4 (from 24 candidates)
2026-08-17 11:08:45,227 [DEBUG] cnn_neat: Removed 3 edges (requested 3)
2026-08-17 11:08:45,240 [DEBUG] cnn_neat: Crossover rejected: union topology invalid (edges=38 nodes=17)
2026-08-17 11:08:45,255 [DEBUG] cnn_neat: Added edge 12→4 (from 23 candidates)
2026-08-17 11:08:45,263 [DEBUG] cnn_neat: Added edge 12→3 (from 23 candidates)
2026-08-17 11:08:45,274 [DEBUG] cnn_neat: Added edge 13→9 (from 19 candidates)
2026-08-17 11:08:45,285 [DEBUG] cnn_neat: Added edge 12→13 (from 18 candidates)
2026-08-17 11:08:45,294 [DEBUG] cnn_neat: Added edge 4→9 (from 17 candidates)
2026-08-17 11:08:45,301 [DEBUG] cnn_neat: Added edge 12→10 (from 16 candidates)
2026-08-17 11:08:45,316 [DEBUG] cnn_neat: Added edge 12→3 (from 23 candidates)
2026-08-17 11:08:45,326 [DEBUG] cnn_neat: Added edge 5→1 (from 23 candidates)
2026-08-17 11:08:45,342 [DEBUG] cnn_neat: Removed hidden node 4 (pool=8)
2026-08-17 11:08:45,352 [DEBUG] cnn_neat: Removed edge 4→10 (from 17 candidates)
2026-08-17 11:08:45,370 [DEBUG] cnn_neat: Removed 3 edges (requested 3)
2026-08-17 11:08:45,380 [DEBUG] cnn_neat: Crossover rejected: union topology invalid (edges=36 nodes=17)
2026-08-17 11:08:45,395 [DEBUG] cnn_neat: Added edge 3→10 (from 23 candidates)
2026-08-17 11:08:45,406 [DEBUG] cnn_neat: Added edge 5→4 (from 23 candidates)
2026-08-17 11:08:45,414 [DEBUG] cnn_neat: Added edge 3→12 (from 22 candidates)
2026-08-17 11:08:45,423 [DEBUG] cnn_neat: Added edge 12→9 (from 19 candidates)
2026-08-17 11:08:45,432 [DEBUG] cnn_neat: Added edge 4→9 (from 18 candidates)
2026-08-17 11:08:45,441 [DEBUG] cnn_neat: Added edge 5→13 (from 17 candidates)
2026-08-17 11:08:45,448 [DEBUG] cnn_neat: Split edge 4→1, new hidden node 14 (pool=7)
2026-08-17 11:08:45,454 [DEBUG] cnn_neat: Added edge 3→13 (from 25 candidates)
2026-08-17 11:08:45,464 [DEBUG] cnn_neat: Removed hidden node 4 (pool=7)
2026-08-17 11:08:45,470 [DEBUG] cnn_neat: Removed edge 9→1 (from 10 candidates)
2026-08-17 11:08:45,482 [DEBUG] cnn_neat: Removed 3 edges (requested 3)
2026-08-17 11:08:45,490 [DEBUG] cnn_neat: Crossover rejected: union topology invalid (edges=35 nodes=17)
2026-08-17 11:08:45,497 [DEBUG] cnn_neat: Split edge 5→10, new hidden node 14 (pool=7)
2026-08-17 11:08:45,504 [DEBUG] cnn_neat: Added edge 3→1 (from 25 candidates)
2026-08-17 11:08:45,511 [DEBUG] cnn_neat: Added edge 5→9 (from 24 candidates)
2026-08-17 11:08:45,517 [DEBUG] cnn_neat: Added edge 4→13 (from 23 candidates)
2026-08-17 11:08:45,524 [DEBUG] cnn_neat: Added edge 3→10 (from 21 candidates)
2026-08-17 11:08:45,531 [DEBUG] cnn_neat: Added edge 12→9 (from 20 candidates)
2026-08-17 11:08:45,543 [DEBUG] cnn_neat: Added edge 13→14 (from 38 candidates)
2026-08-17 11:08:45,555 [DEBUG] cnn_neat: Removed hidden node 9 (pool=8)
2026-08-17 11:08:45,560 [DEBUG] cnn_neat: Added edge 5→1 (from 38 candidates)
2026-08-17 11:08:45,566 [DEBUG] cnn_neat: Removed hidden node 3 (pool=8)
2026-08-17 11:08:45,570 [DEBUG] cnn_neat: Removed edge 0→12 (from 8 candidates)
2026-08-17 11:08:45,576 [DEBUG] cnn_neat: Removed 3 edges (requested 3)
2026-08-17 11:08:45,581 [DEBUG] cnn_neat: Crossover rejected: union topology invalid (edges=41 nodes=18)
2026-08-17 11:08:45,586 [DEBUG] cnn_neat: Added edge 3→1 (from 38 candidates)
2026-08-17 11:08:45,590 [DEBUG] cnn_neat: Added edge 10→12 (from 38 candidates)
2026-08-17 11:08:45,596 [DEBUG] cnn_neat: Added edge 14→12 (from 30 candidates)
2026-08-17 11:08:45,602 [DEBUG] cnn_neat: Added edge 13→4 (from 29 candidates)
2026-08-17 11:08:45,608 [DEBUG] cnn_neat: Added edge 13→12 (from 26 candidates)
2026-08-17 11:08:45,611 [DEBUG] cnn_neat: Added edge 5→4 (from 25 candidates)
2026-08-17 11:08:45,614 [DEBUG] cnn_neat: Split edge 4→6, new hidden node 8 (pool=7)
2026-08-17 11:08:45,618 [DEBUG] cnn_neat: Added edge 0→7 (from 13 candidates)
2026-08-17 11:08:45,622 [DEBUG] cnn_neat: Removed hidden node 4 (pool=6)
2026-08-17 11:08:45,625 [DEBUG] cnn_neat: Split edge 7→6, new hidden node 8 (pool=10)
2026-08-17 11:08:45,628 [DEBUG] cnn_neat: Removed edge 7→4 (from 14 candidates)
2026-08-17 11:08:45,634 [DEBUG] cnn_neat: Removed 3 edges (requested 3)
2026-08-17 11:08:45,639 [DEBUG] cnn_neat: Crossover rejected: union topology invalid (edges=42 nodes=16)
2026-08-17 11:08:45,642 [DEBUG] cnn_neat: Split edge 3→6, new hidden node 8 (pool=7)
2026-08-17 11:08:45,645 [DEBUG] cnn_neat: Added edge 0→6 (from 13 candidates)
2026-08-17 11:08:45,648 [DEBUG] cnn_neat: Added edge 6→5 (from 10 candidates)
2026-08-17 11:08:45,652 [DEBUG] cnn_neat: Added edge 5→2 (from 8 candidates)
2026-08-17 11:08:45,656 [DEBUG] cnn_neat: Added edge 3→1 (from 6 candidates)
2026-08-17 11:08:45,660 [DEBUG] cnn_neat: Added edge 4→2 (from 5 candidates)
2026-08-17 11:08:45,730 [DEBUG] cnn_neat: Added edge 3→13 (from 17 candidates)
2026-08-17 11:08:45,740 [DEBUG] cnn_neat: Added edge 12→1 (from 17 candidates)
2026-08-17 11:08:45,758 [DEBUG] cnn_neat: Removed hidden node 10 (pool=8)
2026-08-17 11:08:45,767 [DEBUG] cnn_neat: Removed edge 13→4 (from 19 candidates)
2026-08-17 11:08:45,784 [DEBUG] cnn_neat: Removed 3 edges (requested 3)
2026-08-17 11:08:45,840 [DEBUG] cnn_neat: Crossover rejected: union topology invalid (edges=51 nodes=18)
2026-08-17 11:08:45,852 [DEBUG] cnn_neat: Added edge 3→12 (from 17 candidates)
2026-08-17 11:08:45,861 [DEBUG] cnn_neat: Added edge 12→1 (from 17 candidates)
2026-08-17 11:08:45,868 [DEBUG] cnn_neat: Added edge 12→10 (from 16 candidates)
2026-08-17 11:08:45,877 [DEBUG] cnn_neat: Added edge 3→1 (from 15 candidates)
2026-08-17 11:08:45,886 [DEBUG] cnn_neat: Added edge 3→12 (from 14 candidates)
2026-08-17 11:08:45,896 [DEBUG] cnn_neat: Added edge 5→1 (from 11 candidates)
2026-08-17 11:08:45,911 [DEBUG] cnn_neat: Added edge 12→9 (from 22 candidates)
2026-08-17 11:08:45,919 [DEBUG] cnn_neat: Added edge 12→10 (from 22 candidates)
2026-08-17 11:08:45,938 [DEBUG] cnn_neat: Removed hidden node 3 (pool=8)
2026-08-17 11:08:45,945 [DEBUG] cnn_neat: Removed edge 10→1 (from 13 candidates)
2026-08-17 11:08:45,959 [DEBUG] cnn_neat: Removed 3 edges (requested 3)
2026-08-17 11:08:45,968 [DEBUG] cnn_neat: Crossover rejected: union topology invalid (edges=37 nodes=17)
2026-08-17 11:08:45,976 [DEBUG] cnn_neat: Added edge 5→9 (from 22 candidates)
2026-08-17 11:08:45,982 [DEBUG] cnn_neat: Added edge 13→9 (from 22 candidates)
2026-08-17 11:08:45,986 [DEBUG] cnn_neat: Added edge 12→1 (from 21 candidates)
2026-08-17 11:08:45,991 [DEBUG] cnn_neat: Added edge 3→12 (from 20 candidates)
2026-08-17 11:08:45,996 [DEBUG] cnn_neat: Added edge 5→13 (from 17 candidates)
2026-08-17 11:08:46,001 [DEBUG] cnn_neat: Added edge 5→4 (from 16 candidates)
2026-08-17 11:08:46,009 [DEBUG] cnn_neat: Added edge 12→1 (from 34 candidates)
2026-08-17 11:08:46,014 [DEBUG] cnn_neat: Added edge 4→14 (from 34 candidates)
2026-08-17 11:08:46,020 [DEBUG] cnn_neat: Removed hidden node 3 (pool=8)
2026-08-17 11:08:46,023 [DEBUG] cnn_neat: Removed edge 4→1 (from 9 candidates)
2026-08-17 11:08:46,030 [DEBUG] cnn_neat: Removed 3 edges (requested 3)
2026-08-17 11:08:46,035 [DEBUG] cnn_neat: Crossover rejected: union topology invalid (edges=34 nodes=17)
2026-08-17 11:08:46,044 [DEBUG] cnn_neat: Added edge 5→9 (from 34 candidates)
2026-08-17 11:08:46,051 [DEBUG] cnn_neat: Added edge 12→14 (from 34 candidates)
2026-08-17 11:08:46,058 [DEBUG] cnn_neat: Added edge 9→10 (from 31 candidates)
2026-08-17 11:08:46,065 [DEBUG] cnn_neat: Added edge 5→13 (from 30 candidates)
2026-08-17 11:08:46,073 [DEBUG] cnn_neat: Added edge 9→14 (from 29 candidates)
2026-08-17 11:08:46,081 [DEBUG] cnn_neat: Added edge 12→13 (from 28 candidates)
2026-08-17 11:08:46,095 [DEBUG] cnn_neat: Added edge 12→3 (from 39 candidates)
2026-08-17 11:08:46,101 [DEBUG] cnn_neat: Added edge 12→10 (from 39 candidates)
2026-08-17 11:08:46,110 [DEBUG] cnn_neat: Removed hidden node 4 (pool=8)
2026-08-17 11:08:46,115 [DEBUG] cnn_neat: Removed edge 4→10 (from 8 candidates)
2026-08-17 11:08:46,124 [DEBUG] cnn_neat: Removed 3 edges (requested 3)
2026-08-17 11:08:46,132 [DEBUG] cnn_neat: Crossover rejected: union topology invalid (edges=32 nodes=17)
2026-08-17 11:08:46,141 [DEBUG] cnn_neat: Added edge 4→14 (from 39 candidates)
2026-08-17 11:08:46,148 [DEBUG] cnn_neat: Added edge 14→9 (from 39 candidates)
2026-08-17 11:08:46,154 [DEBUG] cnn_neat: Added edge 3→13 (from 35 candidates)
2026-08-17 11:08:46,161 [DEBUG] cnn_neat: Added edge 13→1 (from 34 candidates)
2026-08-17 11:08:46,168 [DEBUG] cnn_neat: Added edge 3→1 (from 33 candidates)
2026-08-17 11:08:46,175 [DEBUG] cnn_neat: Added edge 14→5 (from 32 candidates)
2026-08-17 11:08:46,192 [DEBUG] cnn_neat: Added edge 3→12 (from 23 candidates)
2026-08-17 11:08:46,201 [DEBUG] cnn_neat: Added edge 12→10 (from 23 candidates)
2026-08-17 11:08:46,216 [DEBUG] cnn_neat: Removed hidden node 3 (pool=8)
2026-08-17 11:08:46,225 [DEBUG] cnn_neat: Removed edge 13→10 (from 15 candidates)
2026-08-17 11:08:46,239 [DEBUG] cnn_neat: Removed 3 edges (requested 3)
2026-08-17 11:08:46,251 [DEBUG] cnn_neat: Crossover rejected: union topology invalid (edges=44 nodes=18)
2026-08-17 11:08:46,262 [DEBUG] cnn_neat: Added edge 12→3 (from 23 candidates)
2026-08-17 11:08:46,270 [DEBUG] cnn_neat: Added edge 3→11 (from 23 candidates)
2026-08-17 11:08:46,278 [DEBUG] cnn_neat: Added edge 12→4 (from 22 candidates)
2026-08-17 11:08:46,286 [DEBUG] cnn_neat: Added edge 12→5 (from 20 candidates)
2026-08-17 11:08:46,294 [DEBUG] cnn_neat: Added edge 5→1 (from 17 candidates)
2026-08-17 11:08:46,303 [DEBUG] cnn_neat: Added edge 11→13 (from 16 candidates)
2026-08-17 11:08:46,317 [DEBUG] cnn_neat: Added edge 3→1 (from 34 candidates)
2026-08-17 11:08:46,322 [DEBUG] cnn_neat: Added edge 5→12 (from 34 candidates)
2026-08-17 11:08:46,332 [DEBUG] cnn_neat: Removed hidden node 12 (pool=8)
2026-08-17 11:08:46,339 [DEBUG] cnn_neat: Removed edge 4→1 (from 12 candidates)
2026-08-17 11:08:46,350 [DEBUG] cnn_neat: Removed 3 edges (requested 3)
2026-08-17 11:08:46,360 [DEBUG] cnn_neat: Crossover rejected: union topology invalid (edges=43 nodes=18)
2026-08-17 11:08:46,371 [DEBUG] cnn_neat: Added edge 12→4 (from 34 candidates)
2026-08-17 11:08:46,377 [DEBUG] cnn_neat: Added edge 4→13 (from 34 candidates)
2026-08-17 11:08:46,385 [DEBUG] cnn_neat: Added edge 13→11 (from 32 candidates)
2026-08-17 11:08:46,390 [DEBUG] cnn_neat: Added edge 12→13 (from 29 candidates)
2026-08-17 11:08:46,395 [DEBUG] cnn_neat: Added edge 10→11 (from 26 candidates)
2026-08-17 11:08:46,399 [DEBUG] cnn_neat: Added edge 12→4 (from 24 candidates)
2026-08-17 11:08:46,403 [DEBUG] cnn_neat: Split edge 4→6, new hidden node 8 (pool=5)
2026-08-17 11:08:46,407 [DEBUG] cnn_neat: Added edge 0→7 (from 5 candidates)
2026-08-17 11:08:46,414 [DEBUG] cnn_neat: Removed hidden node 7 (pool=4)
2026-08-17 11:08:46,418 [DEBUG] cnn_neat: Removed edge 3→7 (from 9 candidates)
2026-08-17 11:08:46,424 [DEBUG] cnn_neat: Removed 3 edges (requested 3)
2026-08-17 11:08:46,431 [DEBUG] cnn_neat: Crossover rejected: union topology invalid (edges=33 nodes=14)
2026-08-17 11:08:46,435 [DEBUG] cnn_neat: Split edge 0→4, new hidden node 8 (pool=5)
2026-08-17 11:08:46,439 [DEBUG] cnn_neat: Added edge 0→6 (from 5 candidates)
2026-08-17 11:08:46,443 [DEBUG] cnn_neat: Added edge 7→6 (from 4 candidates)
2026-08-17 11:08:46,447 [DEBUG] cnn_neat: Added edge 3→1 (from 3 candidates)
2026-08-17 11:08:46,451 [DEBUG] cnn_neat: Added edge 7→1 (from 2 candidates)
2026-08-17 11:08:46,456 [DEBUG] cnn_neat: Added edge 0→7 (from 1 candidates)
2026-08-17 11:08:46,468 [DEBUG] cnn_neat: Added edge 8→6 (from 22 candidates)
2026-08-17 11:08:46,472 [DEBUG] cnn_neat: Added edge 8→2 (from 22 candidates)
2026-08-17 11:08:46,478 [DEBUG] cnn_neat: Removed hidden node 8 (pool=7)
2026-08-17 11:08:46,482 [DEBUG] cnn_neat: Removed edge 6→1 (from 14 candidates)
2026-08-17 11:08:46,488 [DEBUG] cnn_neat: Removed 3 edges (requested 3)
2026-08-17 11:08:46,493 [DEBUG] cnn_neat: Crossover rejected: union topology invalid (edges=31 nodes=16)
2026-08-17 11:08:46,498 [DEBUG] cnn_neat: Added edge 3→4 (from 22 candidates)
2026-08-17 11:08:46,502 [DEBUG] cnn_neat: Added edge 5→2 (from 22 candidates)
2026-08-17 11:08:46,506 [DEBUG] cnn_neat: Added edge 8→1 (from 20 candidates)
2026-08-17 11:08:46,510 [DEBUG] cnn_neat: Added edge 0→7 (from 19 candidates)
2026-08-17 11:08:46,514 [DEBUG] cnn_neat: Added edge 3→5 (from 15 candidates)
2026-08-17 11:08:46,519 [DEBUG] cnn_neat: Added edge 5→4 (from 14 candidates)
2026-08-17 11:08:46,528 [DEBUG] cnn_neat: Added edge 12→13 (from 24 candidates)
2026-08-17 11:08:46,533 [DEBUG] cnn_neat: Added edge 13→11 (from 24 candidates)
2026-08-17 11:08:46,540 [DEBUG] cnn_neat: Added edge 4→9 (from 23 candidates)
2026-08-17 11:08:46,547 [DEBUG] cnn_neat: Removed hidden node 5 (pool=8)
2026-08-17 11:08:46,551 [DEBUG] cnn_neat: Split edge 0→9, new hidden node 14 (pool=2)
2026-08-17 11:08:46,555 [DEBUG] cnn_neat: Added edge 12→3 (from 27 candidates)
2026-08-17 11:08:46,559 [DEBUG] cnn_neat: Removed edge 11→9 (from 14 candidates)
2026-08-17 11:08:46,567 [DEBUG] cnn_neat: Removed 3 edges (requested 3)
2026-08-17 11:08:46,572 [DEBUG] cnn_neat: Crossover rejected: union topology invalid (edges=37 nodes=17)
2026-08-17 11:08:46,579 [DEBUG] cnn_neat: Added edge 3→11 (from 24 candidates)
2026-08-17 11:08:46,584 [DEBUG] cnn_neat: Added edge 13→12 (from 24 candidates)
2026-08-17 11:08:46,588 [DEBUG] cnn_neat: Added edge 3→12 (from 20 candidates)
2026-08-17 11:08:46,593 [DEBUG] cnn_neat: Added edge 13→1 (from 19 candidates)
2026-08-17 11:08:46,598 [DEBUG] cnn_neat: Added edge 13→9 (from 18 candidates)
2026-08-17 11:08:46,603 [DEBUG] cnn_neat: Added edge 5→9 (from 17 candidates)
2026-08-17 11:08:46,606 [DEBUG] cnn_neat: Split edge 4→6, new hidden node 8 (pool=6)
2026-08-17 11:08:46,609 [DEBUG] cnn_neat: Added edge 4→2 (from 15 candidates)
2026-08-17 11:08:46,617 [DEBUG] cnn_neat: Removed hidden node 5 (pool=6)
2026-08-17 11:08:46,620 [DEBUG] cnn_neat: Removed edge 7→6 (from 12 candidates)
2026-08-17 11:08:46,623 [DEBUG] cnn_neat: Split edge 4→1, new hidden node 8 (pool=6)
2026-08-17 11:08:46,627 [DEBUG] cnn_neat: Added edge 4→2 (from 26 candidates)
2026-08-17 11:08:46,632 [DEBUG] cnn_neat: Removed 3 edges (requested 3)
2026-08-17 11:08:46,636 [DEBUG] cnn_neat: Crossover rejected: union topology invalid (edges=26 nodes=13)
2026-08-17 11:08:46,639 [DEBUG] cnn_neat: Split edge 4→6, new hidden node 8 (pool=6)
2026-08-17 11:08:46,643 [DEBUG] cnn_neat: Added edge 8→2 (from 23 candidates)
2026-08-17 11:08:46,646 [DEBUG] cnn_neat: Added edge 2→5 (from 15 candidates)
2026-08-17 11:08:46,649 [DEBUG] cnn_neat: Added edge 4→5 (from 11 candidates)
2026-08-17 11:08:46,652 [DEBUG] cnn_neat: Added edge 3→1 (from 10 candidates)
2026-08-17 11:08:46,655 [DEBUG] cnn_neat: Added edge 0→2 (from 9 candidates)
2026-08-17 11:08:46,658 [DEBUG] cnn_neat: Added edge 7→2 (from 6 candidates)
2026-08-17 11:08:46,670 [DEBUG] cnn_neat: Added edge 3→10 (from 14 candidates)
2026-08-17 11:08:46,679 [DEBUG] cnn_neat: Removed hidden node 11 (pool=8)
2026-08-17 11:08:46,685 [DEBUG] cnn_neat: Added edge 12→10 (from 14 candidates)
2026-08-17 11:08:46,694 [DEBUG] cnn_neat: Removed hidden node 3 (pool=8)
2026-08-17 11:08:46,699 [DEBUG] cnn_neat: Split edge 0→12, new hidden node 14 (pool=12)
2026-08-17 11:08:46,704 [DEBUG] cnn_neat: Removed edge 3→12 (from 20 candidates)
2026-08-17 11:08:46,715 [DEBUG] cnn_neat: Removed 3 edges (requested 3)
2026-08-17 11:08:46,726 [DEBUG] cnn_neat: Crossover rejected: union topology invalid (edges=45 nodes=16)
2026-08-17 11:08:46,740 [DEBUG] cnn_neat: Added edge 4→9 (from 14 candidates)
2026-08-17 11:08:46,749 [DEBUG] cnn_neat: Added edge 12→4 (from 14 candidates)
2026-08-17 11:08:46,759 [DEBUG] cnn_neat: Added edge 4→9 (from 13 candidates)
2026-08-17 11:08:46,767 [DEBUG] cnn_neat: Added edge 5→9 (from 12 candidates)
2026-08-17 11:08:46,776 [DEBUG] cnn_neat: Added edge 5→11 (from 11 candidates)
2026-08-17 11:08:46,786 [DEBUG] cnn_neat: Added edge 12→9 (from 10 candidates)
2026-08-17 11:08:46,792 [DEBUG] cnn_neat: Split edge 0→5, new hidden node 8 (pool=15)
2026-08-17 11:08:46,798 [DEBUG] cnn_neat: Added edge 5→1 (from 6 candidates)
2026-08-17 11:08:46,808 [DEBUG] cnn_neat: Removed hidden node 6 (pool=6)
2026-08-17 11:08:46,813 [DEBUG] cnn_neat: Split edge 7→2, new hidden node 8 (pool=13)
2026-08-17 11:08:46,819 [DEBUG] cnn_neat: Removed edge 4→2 (from 19 candidates)
2026-08-17 11:08:46,830 [DEBUG] cnn_neat: Removed 3 edges (requested 3)
2026-08-17 11:08:46,838 [DEBUG] cnn_neat: Crossover rejected: union topology invalid (edges=39 nodes=16)
2026-08-17 11:08:46,843 [DEBUG] cnn_neat: Split edge 7→5, new hidden node 8 (pool=15)
2026-08-17 11:08:46,947 [DEBUG] cnn_neat: Added edge 6→5 (from 6 candidates)
2026-08-17 11:08:46,950 [DEBUG] cnn_neat: Added edge 4→5 (from 5 candidates)
2026-08-17 11:08:46,953 [DEBUG] cnn_neat: Added edge 3→1 (from 4 candidates)
2026-08-17 11:08:46,958 [DEBUG] cnn_neat: Added edge 5→1 (from 3 candidates)
2026-08-17 11:08:46,962 [DEBUG] cnn_neat: Added edge 7→6 (from 2 candidates)
2026-08-17 11:08:46,966 [DEBUG] cnn_neat: Split edge 9→1, new hidden node 14 (pool=6)
2026-08-17 11:08:46,970 [DEBUG] cnn_neat: Added edge 12→13 (from 26 candidates)
2026-08-17 11:08:46,976 [DEBUG] cnn_neat: Removed hidden node 5 (pool=7)
2026-08-17 11:08:46,979 [DEBUG] cnn_neat: Removed edge 4→1 (from 9 candidates)
2026-08-17 11:08:46,983 [DEBUG] cnn_neat: Split edge 4→10, new hidden node 14 (pool=6)
2026-08-17 11:08:46,988 [DEBUG] cnn_neat: Removed 3 edges (requested 3)
2026-08-17 11:08:46,993 [DEBUG] cnn_neat: Crossover rejected: union topology invalid (edges=29 nodes=16)
2026-08-17 11:08:46,996 [DEBUG] cnn_neat: Split edge 9→1, new hidden node 14 (pool=6)
2026-08-17 11:08:47,000 [DEBUG] cnn_neat: Added edge 3→1 (from 37 candidates)
2026-08-17 11:08:47,004 [DEBUG] cnn_neat: Added edge 5→1 (from 26 candidates)
2026-08-17 11:08:47,008 [DEBUG] cnn_neat: Added edge 3→12 (from 25 candidates)
2026-08-17 11:08:47,012 [DEBUG] cnn_neat: Added edge 12→1 (from 22 candidates)
2026-08-17 11:08:47,016 [DEBUG] cnn_neat: Added edge 3→10 (from 21 candidates)
2026-08-17 11:08:47,020 [DEBUG] cnn_neat: Added edge 13→12 (from 20 candidates)
2026-08-17 11:08:47,024 [DEBUG] cnn_neat: Split edge 5→10, new hidden node 13 (pool=8)
2026-08-17 11:08:47,029 [DEBUG] cnn_neat: Added edge 3→11 (from 20 candidates)
2026-08-17 11:08:47,030 [DEBUG] cnn_neat: Generation bred 128 offspring from 26 parents (queue=128 enqueued=0)
2026-08-17 11:08:47,039 [DEBUG] cnn_neat: Generation 15 formed (128 models, elite_queue=128, breeders=26, offspring=128) | evaluated total: 1920 | avg cycle ~9 мин 19 с (last 5 of ≤5, no MAX_GENERATIONS limit)
2026-08-17 11:18:48,347 [DEBUG] cnn_neat: Saved generation 15
2026-08-17 11:18:48,478 [DEBUG] cnn_neat: Selected 25 elite individuals
2026-08-17 11:18:48,690 [DEBUG] cnn_neat: Trimmed elite queue to 128 entries
2026-08-17 11:18:48,702 [DEBUG] cnn_neat: Added edge 9→4 (from 33 candidates)
2026-08-17 11:18:48,709 [DEBUG] cnn_neat: Added edge 12→3 (from 33 candidates)
2026-08-17 11:18:48,718 [DEBUG] cnn_neat: Removed hidden node 3 (pool=8)
2026-08-17 11:18:48,724 [DEBUG] cnn_neat: Removed edge 3→13 (from 11 candidates)
2026-08-17 11:18:48,734 [DEBUG] cnn_neat: Removed 3 edges (requested 3)
2026-08-17 11:18:48,742 [DEBUG] cnn_neat: Crossover rejected: union topology invalid (edges=42 nodes=18)
2026-08-17 11:18:48,751 [DEBUG] cnn_neat: Added edge 13→12 (from 33 candidates)
2026-08-17 11:18:48,758 [DEBUG] cnn_neat: Added edge 12→3 (from 33 candidates)
2026-08-17 11:18:48,764 [DEBUG] cnn_neat: Added edge 12→9 (from 29 candidates)
2026-08-17 11:18:48,771 [DEBUG] cnn_neat: Added edge 11→3 (from 28 candidates)
2026-08-17 11:18:48,777 [DEBUG] cnn_neat: Added edge 5→11 (from 24 candidates)
2026-08-17 11:18:48,785 [DEBUG] cnn_neat: Added edge 12→5 (from 22 candidates)
2026-08-17 11:18:48,799 [DEBUG] cnn_neat: Added edge 13→1 (from 22 candidates)
2026-08-17 11:18:48,808 [DEBUG] cnn_neat: Added edge 12→3 (from 22 candidates)
2026-08-17 11:18:48,821 [DEBUG] cnn_neat: Removed hidden node 11 (pool=8)
2026-08-17 11:18:48,826 [DEBUG] cnn_neat: Removed edge 3→13 (from 18 candidates)
2026-08-17 11:18:48,835 [DEBUG] cnn_neat: Removed 3 edges (requested 3)
2026-08-17 11:18:48,841 [DEBUG] cnn_neat: Crossover rejected: union topology invalid (edges=38 nodes=16)
2026-08-17 11:18:48,849 [DEBUG] cnn_neat: Added edge 12→4 (from 22 candidates)
2026-08-17 11:18:48,854 [DEBUG] cnn_neat: Added edge 3→11 (from 22 candidates)
2026-08-17 11:18:48,859 [DEBUG] cnn_neat: Added edge 13→11 (from 21 candidates)
2026-08-17 11:18:48,864 [DEBUG] cnn_neat: Added edge 3→1 (from 20 candidates)
2026-08-17 11:18:48,869 [DEBUG] cnn_neat: Added edge 12→9 (from 19 candidates)
2026-08-17 11:18:48,874 [DEBUG] cnn_neat: Added edge 5→13 (from 18 candidates)
2026-08-17 11:18:48,884 [DEBUG] cnn_neat: Added edge 5→1 (from 21 candidates)
2026-08-17 11:18:48,890 [DEBUG] cnn_neat: Added edge 13→9 (from 21 candidates)
2026-08-17 11:18:48,898 [DEBUG] cnn_neat: Removed hidden node 9 (pool=8)
2026-08-17 11:18:48,902 [DEBUG] cnn_neat: Removed edge 5→10 (from 19 candidates)
2026-08-17 11:18:48,963 [DEBUG] cnn_neat: Removed 3 edges (requested 3)
2026-08-17 11:18:48,974 [DEBUG] cnn_neat: Crossover rejected: union topology invalid (edges=47 nodes=18)
2026-08-17 11:18:48,987 [DEBUG] cnn_neat: Added edge 13→11 (from 21 candidates)
2026-08-17 11:18:48,996 [DEBUG] cnn_neat: Added edge 12→9 (from 21 candidates)
2026-08-17 11:18:49,006 [DEBUG] cnn_neat: Added edge 3→10 (from 20 candidates)
2026-08-17 11:18:49,014 [DEBUG] cnn_neat: Added edge 13→11 (from 19 candidates)
2026-08-17 11:18:49,022 [DEBUG] cnn_neat: Added edge 12→1 (from 18 candidates)
2026-08-17 11:18:49,032 [DEBUG] cnn_neat: Added edge 13→9 (from 17 candidates)
2026-08-17 11:18:49,096 [DEBUG] cnn_neat: Added edge 12→13 (from 29 candidates)
2026-08-17 11:18:49,106 [DEBUG] cnn_neat: Added edge 11→9 (from 29 candidates)
2026-08-17 11:18:49,119 [DEBUG] cnn_neat: Added edge 12→1 (from 24 candidates)
2026-08-17 11:18:49,145 [DEBUG] cnn_neat: Removed hidden node 11 (pool=8)
2026-08-17 11:18:49,153 [DEBUG] cnn_neat: Removed edge 3→13 (from 13 candidates)
2026-08-17 11:18:49,167 [DEBUG] cnn_neat: Removed 3 edges (requested 3)
2026-08-17 11:18:49,175 [DEBUG] cnn_neat: Crossover rejected: union topology invalid (edges=35 nodes=16)
2026-08-17 11:18:49,184 [DEBUG] cnn_neat: Added edge 9→4 (from 29 candidates)
2026-08-17 11:18:49,188 [DEBUG] cnn_neat: Added edge 5→9 (from 29 candidates)
2026-08-17 11:18:49,194 [DEBUG] cnn_neat: Added edge 12→10 (from 28 candidates)
2026-08-17 11:18:49,198 [DEBUG] cnn_neat: Added edge 12→9 (from 27 candidates)
2026-08-17 11:18:49,203 [DEBUG] cnn_neat: Added edge 12→13 (from 25 candidates)
2026-08-17 11:18:49,207 [DEBUG] cnn_neat: Added edge 5→13 (from 22 candidates)
2026-08-17 11:18:49,218 [DEBUG] cnn_neat: Added edge 5→12 (from 22 candidates)
2026-08-17 11:18:49,223 [DEBUG] cnn_neat: Added edge 4→9 (from 22 candidates)
2026-08-17 11:18:49,231 [DEBUG] cnn_neat: Removed hidden node 10 (pool=8)
2026-08-17 11:18:49,236 [DEBUG] cnn_neat: Removed edge 12→4 (from 18 candidates)
2026-08-17 11:18:49,245 [DEBUG] cnn_neat: Removed 3 edges (requested 3)
2026-08-17 11:18:49,251 [DEBUG] cnn_neat: Crossover rejected: union topology invalid (edges=38 nodes=16)
2026-08-17 11:18:49,258 [DEBUG] cnn_neat: Added edge 3→11 (from 22 candidates)
2026-08-17 11:18:49,263 [DEBUG] cnn_neat: Added edge 12→9 (from 22 candidates)
2026-08-17 11:18:49,268 [DEBUG] cnn_neat: Added edge 3→11 (from 20 candidates)
2026-08-17 11:18:49,273 [DEBUG] cnn_neat: Added edge 5→11 (from 19 candidates)
2026-08-17 11:18:49,278 [DEBUG] cnn_neat: Added edge 5→12 (from 18 candidates)
2026-08-17 11:18:49,284 [DEBUG] cnn_neat: Added edge 13→1 (from 16 candidates)
2026-08-17 11:18:49,287 [DEBUG] cnn_neat: Split edge 0→4, new hidden node 8 (pool=1)
2026-08-17 11:18:49,291 [DEBUG] cnn_neat: Added edge 2→5 (from 16 candidates)
2026-08-17 11:18:49,301 [DEBUG] cnn_neat: Removed hidden node 5 (pool=6)
2026-08-17 11:18:49,307 [DEBUG] cnn_neat: Removed edge 6→1 (from 10 candidates)
2026-08-17 11:18:49,316 [DEBUG] cnn_neat: Removed 3 edges (requested 3)
2026-08-17 11:18:49,325 [DEBUG] cnn_neat: Crossover rejected: union topology invalid (edges=35 nodes=16)
2026-08-17 11:18:49,331 [DEBUG] cnn_neat: Split edge 0→4, new hidden node 8 (pool=1)
2026-08-17 11:18:49,337 [DEBUG] cnn_neat: Added edge 4→2 (from 21 candidates)
2026-08-17 11:18:49,343 [DEBUG] cnn_neat: Added edge 4→2 (from 16 candidates)
2026-08-17 11:18:49,348 [DEBUG] cnn_neat: Added edge 0→2 (from 15 candidates)
2026-08-17 11:18:49,354 [DEBUG] cnn_neat: Added edge 6→5 (from 14 candidates)
2026-08-17 11:18:49,360 [DEBUG] cnn_neat: Added edge 3→5 (from 12 candidates)
2026-08-17 11:18:49,365 [DEBUG] cnn_neat: Added edge 7→1 (from 11 candidates)
2026-08-17 11:18:49,382 [DEBUG] cnn_neat: Added edge 13→10 (from 21 candidates)
2026-08-17 11:18:49,389 [DEBUG] cnn_neat: Added edge 3→12 (from 21 candidates)
2026-08-17 11:18:49,400 [DEBUG] cnn_neat: Removed hidden node 5 (pool=8)
2026-08-17 11:18:49,408 [DEBUG] cnn_neat: Removed edge 11→9 (from 15 candidates)
2026-08-17 11:18:49,420 [DEBUG] cnn_neat: Added edge 9→4 (from 26 candidates)
2026-08-17 11:18:49,431 [DEBUG] cnn_neat: Removed 3 edges (requested 3)
2026-08-17 11:18:49,440 [DEBUG] cnn_neat: Crossover rejected: union topology invalid (edges=47 nodes=18)
2026-08-17 11:18:49,450 [DEBUG] cnn_neat: Added edge 12→4 (from 21 candidates)
2026-08-17 11:18:49,459 [DEBUG] cnn_neat: Added edge 4→9 (from 21 candidates)
2026-08-17 11:18:49,467 [DEBUG] cnn_neat: Added edge 13→11 (from 20 candidates)
2026-08-17 11:18:49,475 [DEBUG] cnn_neat: Added edge 12→1 (from 19 candidates)
2026-08-17 11:18:49,482 [DEBUG] cnn_neat: Added edge 12→4 (from 18 candidates)
2026-08-17 11:18:49,491 [DEBUG] cnn_neat: Added edge 5→13 (from 17 candidates)
2026-08-17 11:18:49,504 [DEBUG] cnn_neat: Added edge 5→4 (from 37 candidates)
2026-08-17 11:18:49,511 [DEBUG] cnn_neat: Added edge 10→12 (from 37 candidates)
2026-08-17 11:18:49,521 [DEBUG] cnn_neat: Removed hidden node 13 (pool=8)
2026-08-17 11:18:49,528 [DEBUG] cnn_neat: Removed edge 9→10 (from 10 candidates)
2026-08-17 11:18:49,537 [DEBUG] cnn_neat: Added edge 12→9 (from 38 candidates)
2026-08-17 11:18:49,548 [DEBUG] cnn_neat: Removed 3 edges (requested 3)
2026-08-17 11:18:49,556 [DEBUG] cnn_neat: Crossover rejected: union topology invalid (edges=30 nodes=17)
2026-08-17 11:18:49,565 [DEBUG] cnn_neat: Added edge 4→9 (from 37 candidates)
2026-08-17 11:18:49,572 [DEBUG] cnn_neat: Added edge 5→13 (from 37 candidates)
2026-08-17 11:18:49,576 [DEBUG] cnn_neat: Added edge 14→13 (from 36 candidates)
2026-08-17 11:18:49,581 [DEBUG] cnn_neat: Added edge 4→13 (from 34 candidates)
2026-08-17 11:18:49,585 [DEBUG] cnn_neat: Added edge 3→13 (from 32 candidates)
2026-08-17 11:18:49,589 [DEBUG] cnn_neat: Added edge 12→10 (from 31 candidates)
2026-08-17 11:18:49,593 [DEBUG] cnn_neat: Split edge 4→10, new hidden node 14 (pool=17)
2026-08-17 11:18:49,601 [DEBUG] cnn_neat: Added edge 10→9 (from 23 candidates)
2026-08-17 11:18:49,613 [DEBUG] cnn_neat: Removed hidden node 13 (pool=8)
2026-08-17 11:18:49,619 [DEBUG] cnn_neat: Removed edge 4→11 (from 16 candidates)
2026-08-17 11:18:49,631 [DEBUG] cnn_neat: Removed 3 edges (requested 3)
2026-08-17 11:18:49,639 [DEBUG] cnn_neat: Crossover rejected: union topology invalid (edges=34 nodes=18)
2026-08-17 11:18:49,645 [DEBUG] cnn_neat: Split edge 5→3, new hidden node 14 (pool=17)
2026-08-17 11:18:49,653 [DEBUG] cnn_neat: Added edge 4→9 (from 23 candidates)
2026-08-17 11:18:49,661 [DEBUG] cnn_neat: Added edge 13→10 (from 22 candidates)
2026-08-17 11:18:49,667 [DEBUG] cnn_neat: Added edge 5→4 (from 25 candidates)
2026-08-17 11:18:49,675 [DEBUG] cnn_neat: Added edge 12→1 (from 24 candidates)
2026-08-17 11:18:49,683 [DEBUG] cnn_neat: Added edge 3→12 (from 23 candidates)
2026-08-17 11:18:49,699 [DEBUG] cnn_neat: Added edge 13→1 (from 22 candidates)
2026-08-17 11:18:49,708 [DEBUG] cnn_neat: Added edge 12→10 (from 22 candidates)
2026-08-17 11:18:49,720 [DEBUG] cnn_neat: Removed hidden node 4 (pool=8)
2026-08-17 11:18:49,729 [DEBUG] cnn_neat: Removed edge 0→9 (from 16 candidates)
2026-08-17 11:18:49,746 [DEBUG] cnn_neat: Removed 3 edges (requested 3)
2026-08-17 11:18:49,757 [DEBUG] cnn_neat: Crossover rejected: union topology invalid (edges=42 nodes=18)
2026-08-17 11:18:49,769 [DEBUG] cnn_neat: Added edge 12→5 (from 22 candidates)
2026-08-17 11:18:49,778 [DEBUG] cnn_neat: Added edge 12→3 (from 22 candidates)
2026-08-17 11:18:49,786 [DEBUG] cnn_neat: Added edge 5→11 (from 19 candidates)
2026-08-17 11:18:49,795 [DEBUG] cnn_neat: Added edge 4→9 (from 18 candidates)
2026-08-17 11:18:49,804 [DEBUG] cnn_neat: Added edge 12→9 (from 17 candidates)
2026-08-17 11:18:49,809 [DEBUG] cnn_neat: Added edge 5→1 (from 16 candidates)
2026-08-17 11:18:49,816 [DEBUG] cnn_neat: Added edge 0→10 (from 27 candidates)
2026-08-17 11:18:49,820 [DEBUG] cnn_neat: Added edge 0→13 (from 27 candidates)
2026-08-17 11:18:49,826 [DEBUG] cnn_neat: Removed hidden node 3 (pool=7)
2026-08-17 11:18:49,829 [DEBUG] cnn_neat: Removed edge 10→1 (from 10 candidates)
2026-08-17 11:18:49,834 [DEBUG] cnn_neat: Removed 3 edges (requested 3)
2026-08-17 11:18:49,839 [DEBUG] cnn_neat: Crossover rejected: union topology invalid (edges=27 nodes=15)
2026-08-17 11:18:49,844 [DEBUG] cnn_neat: Added edge 14→3 (from 27 candidates)
2026-08-17 11:18:49,847 [DEBUG] cnn_neat: Added edge 14→13 (from 27 candidates)
2026-08-17 11:18:49,851 [DEBUG] cnn_neat: Added edge 0→13 (from 25 candidates)
2026-08-17 11:18:49,855 [DEBUG] cnn_neat: Added edge 3→1 (from 21 candidates)
2026-08-17 11:18:49,858 [DEBUG] cnn_neat: Added edge 9→4 (from 20 candidates)
2026-08-17 11:18:49,862 [DEBUG] cnn_neat: Added edge 14→1 (from 18 candidates)
2026-08-17 11:18:49,873 [DEBUG] cnn_neat: Added edge 13→1 (from 16 candidates)
2026-08-17 11:18:49,879 [DEBUG] cnn_neat: Added edge 12→1 (from 16 candidates)
2026-08-17 11:18:49,888 [DEBUG] cnn_neat: Removed hidden node 10 (pool=8)
2026-08-17 11:18:49,893 [DEBUG] cnn_neat: Removed edge 11→1 (from 19 candidates)
2026-08-17 11:18:49,903 [DEBUG] cnn_neat: Removed 3 edges (requested 3)
2026-08-17 11:18:49,910 [DEBUG] cnn_neat: Crossover rejected: union topology invalid (edges=39 nodes=17)
2026-08-17 11:18:49,918 [DEBUG] cnn_neat: Added edge 5→1 (from 16 candidates)
2026-08-17 11:18:49,923 [DEBUG] cnn_neat: Added edge 3→10 (from 16 candidates)
2026-08-17 11:18:49,928 [DEBUG] cnn_neat: Added edge 12→10 (from 15 candidates)
2026-08-17 11:18:49,934 [DEBUG] cnn_neat: Added edge 12→11 (from 14 candidates)
2026-08-17 11:18:49,940 [DEBUG] cnn_neat: Added edge 4→9 (from 13 candidates)
2026-08-17 11:18:49,945 [DEBUG] cnn_neat: Added edge 5→9 (from 12 candidates)
2026-08-17 11:18:49,949 [DEBUG] cnn_neat: Split edge 0→5, new hidden node 8 (pool=8)
2026-08-17 11:18:49,953 [DEBUG] cnn_neat: Added edge 5→1 (from 14 candidates)
2026-08-17 11:18:49,958 [DEBUG] cnn_neat: Removed hidden node 7 (pool=6)
2026-08-17 11:18:49,961 [DEBUG] cnn_neat: Removed edge 4→2 (from 15 candidates)
2026-08-17 11:18:49,964 [DEBUG] cnn_neat: Split edge 0→5, new hidden node 8 (pool=6)
2026-08-17 11:18:49,970 [DEBUG] cnn_neat: Removed 3 edges (requested 3)
2026-08-17 11:18:49,975 [DEBUG] cnn_neat: Crossover rejected: union topology invalid (edges=33 nodes=16)
2026-08-17 11:18:49,978 [DEBUG] cnn_neat: Split edge 4→1, new hidden node 8 (pool=8)
2026-08-17 11:18:49,981 [DEBUG] cnn_neat: Added edge 3→1 (from 14 candidates)
2026-08-17 11:18:49,985 [DEBUG] cnn_neat: Added edge 5→6 (from 13 candidates)
2026-08-17 11:18:49,989 [DEBUG] cnn_neat: Added edge 5→4 (from 10 candidates)
2026-08-17 11:18:49,993 [DEBUG] cnn_neat: Added edge 7→2 (from 8 candidates)
2026-08-17 11:18:49,997 [DEBUG] cnn_neat: Added edge 0→2 (from 7 candidates)
2026-08-17 11:18:50,007 [DEBUG] cnn_neat: Added edge 13→12 (from 23 candidates)
2026-08-17 11:18:50,012 [DEBUG] cnn_neat: Added edge 3→12 (from 23 candidates)
2026-08-17 11:18:50,019 [DEBUG] cnn_neat: Removed hidden node 11 (pool=8)
2026-08-17 11:18:50,022 [DEBUG] cnn_neat: Split edge 9→1, new hidden node 14 (pool=5)
2026-08-17 11:18:50,027 [DEBUG] cnn_neat: Removed edge 4→11 (from 17 candidates)
2026-08-17 11:18:50,036 [DEBUG] cnn_neat: Removed 3 edges (requested 3)
2026-08-17 11:18:50,042 [DEBUG] cnn_neat: Crossover rejected: union topology invalid (edges=42 nodes=18)
2026-08-17 11:18:50,049 [DEBUG] cnn_neat: Added edge 13→10 (from 23 candidates)
2026-08-17 11:18:50,054 [DEBUG] cnn_neat: Added edge 13→11 (from 23 candidates)
2026-08-17 11:18:50,058 [DEBUG] cnn_neat: Added edge 5→13 (from 22 candidates)
2026-08-17 11:18:50,063 [DEBUG] cnn_neat: Added edge 3→10 (from 21 candidates)
2026-08-17 11:18:50,068 [DEBUG] cnn_neat: Added edge 13→1 (from 20 candidates)
2026-08-17 11:18:50,074 [DEBUG] cnn_neat: Added edge 13→10 (from 19 candidates)
2026-08-17 11:18:50,083 [DEBUG] cnn_neat: Added edge 13→9 (from 24 candidates)
2026-08-17 11:18:50,088 [DEBUG] cnn_neat: Added edge 13→9 (from 24 candidates)
2026-08-17 11:18:50,096 [DEBUG] cnn_neat: Added edge 5→4 (from 23 candidates)
2026-08-17 11:18:50,106 [DEBUG] cnn_neat: Removed hidden node 9 (pool=8)
2026-08-17 11:18:50,115 [DEBUG] cnn_neat: Removed edge 4→10 (from 14 candidates)
2026-08-17 11:18:50,132 [DEBUG] cnn_neat: Removed 3 edges (requested 3)
2026-08-17 11:18:50,145 [DEBUG] cnn_neat: Crossover rejected: union topology invalid (edges=41 nodes=18)
2026-08-17 11:18:50,158 [DEBUG] cnn_neat: Added edge 4→9 (from 24 candidates)
2026-08-17 11:18:50,167 [DEBUG] cnn_neat: Added edge 3→11 (from 24 candidates)
2026-08-17 11:18:50,177 [DEBUG] cnn_neat: Added edge 5→4 (from 23 candidates)
2026-08-17 11:18:50,184 [DEBUG] cnn_neat: Added edge 3→12 (from 22 candidates)
2026-08-17 11:18:50,193 [DEBUG] cnn_neat: Added edge 5→11 (from 19 candidates)
2026-08-17 11:18:50,203 [DEBUG] cnn_neat: Added edge 3→10 (from 18 candidates)
2026-08-17 11:18:50,219 [DEBUG] cnn_neat: Added edge 5→9 (from 23 candidates)
2026-08-17 11:18:50,225 [DEBUG] cnn_neat: Added edge 13→9 (from 23 candidates)
2026-08-17 11:18:50,239 [DEBUG] cnn_neat: Removed hidden node 12 (pool=8)
2026-08-17 11:18:50,248 [DEBUG] cnn_neat: Removed edge 3→13 (from 17 candidates)
2026-08-17 11:18:50,265 [DEBUG] cnn_neat: Removed 3 edges (requested 3)
2026-08-17 11:18:50,277 [DEBUG] cnn_neat: Crossover rejected: union topology invalid (edges=46 nodes=18)
2026-08-17 11:18:50,289 [DEBUG] cnn_neat: Added edge 12→10 (from 23 candidates)
2026-08-17 11:18:50,294 [DEBUG] cnn_neat: Added edge 3→12 (from 23 candidates)
2026-08-17 11:18:50,300 [DEBUG] cnn_neat: Added edge 5→12 (from 20 candidates)
2026-08-17 11:18:50,306 [DEBUG] cnn_neat: Added edge 12→13 (from 19 candidates)
2026-08-17 11:18:50,311 [DEBUG] cnn_neat: Added edge 13→1 (from 16 candidates)
2026-08-17 11:18:50,317 [DEBUG] cnn_neat: Added edge 5→11 (from 15 candidates)
2026-08-17 11:18:50,321 [DEBUG] cnn_neat: Split edge 0→4, new hidden node 14 (pool=7)
2026-08-17 11:18:50,325 [DEBUG] cnn_neat: Added edge 12→1 (from 25 candidates)
2026-08-17 11:18:50,330 [DEBUG] cnn_neat: Removed hidden node 4 (pool=7)
2026-08-17 11:18:50,333 [DEBUG] cnn_neat: Split edge 5→10, new hidden node 14 (pool=5)
2026-08-17 11:18:50,336 [DEBUG] cnn_neat: Removed edge 5→10 (from 10 candidates)
2026-08-17 11:18:50,342 [DEBUG] cnn_neat: Removed 3 edges (requested 3)
2026-08-17 11:18:50,347 [DEBUG] cnn_neat: Crossover rejected: union topology invalid (edges=33 nodes=17)
2026-08-17 11:18:50,351 [DEBUG] cnn_neat: Split edge 4→1, new hidden node 14 (pool=7)
2026-08-17 11:18:50,355 [DEBUG] cnn_neat: Added edge 3→13 (from 36 candidates)
2026-08-17 11:18:50,359 [DEBUG] cnn_neat: Added edge 13→4 (from 25 candidates)
2026-08-17 11:18:50,362 [DEBUG] cnn_neat: Added edge 13→1 (from 22 candidates)
2026-08-17 11:18:50,366 [DEBUG] cnn_neat: Added edge 5→13 (from 21 candidates)
2026-08-17 11:18:50,370 [DEBUG] cnn_neat: Added edge 5→9 (from 20 candidates)
2026-08-17 11:18:50,374 [DEBUG] cnn_neat: Added edge 5→1 (from 19 candidates)
2026-08-17 11:18:50,384 [DEBUG] cnn_neat: Added edge 4→13 (from 38 candidates)
2026-08-17 11:18:50,391 [DEBUG] cnn_neat: Added edge 12→3 (from 38 candidates)
2026-08-17 11:18:50,401 [DEBUG] cnn_neat: Removed hidden node 10 (pool=8)
2026-08-17 11:18:50,407 [DEBUG] cnn_neat: Removed edge 3→9 (from 8 candidates)
2026-08-17 11:18:50,416 [DEBUG] cnn_neat: Removed 3 edges (requested 3)
2026-08-17 11:18:50,424 [DEBUG] cnn_neat: Crossover rejected: union topology invalid (edges=30 nodes=17)
2026-08-17 11:18:50,525 [DEBUG] cnn_neat: Added edge 5→12 (from 38 candidates)
2026-08-17 11:18:50,529 [DEBUG] cnn_neat: Added edge 5→10 (from 38 candidates)
2026-08-17 11:18:50,533 [DEBUG] cnn_neat: Added edge 5→4 (from 37 candidates)
2026-08-17 11:18:50,537 [DEBUG] cnn_neat: Added edge 12→14 (from 36 candidates)
2026-08-17 11:18:50,541 [DEBUG] cnn_neat: Added edge 9→10 (from 33 candidates)
2026-08-17 11:18:50,546 [DEBUG] cnn_neat: Added edge 12→4 (from 32 candidates)
2026-08-17 11:18:50,552 [DEBUG] cnn_neat: Split edge 4→1, new hidden node 8 (pool=6)
2026-08-17 11:18:50,557 [DEBUG] cnn_neat: Added edge 0→2 (from 15 candidates)
2026-08-17 11:18:50,558 [DEBUG] cnn_neat: Generation bred 128 offspring from 26 parents (queue=128 enqueued=0)
2026-08-17 11:18:50,567 [DEBUG] cnn_neat: Generation 16 formed (128 models, elite_queue=128, breeders=26, offspring=128) | evaluated total: 2048 | avg cycle ~9 мин 43 с (last 5 of ≤5, no MAX_GENERATIONS limit)
