2026-08-14 23:51:55,971 [DEBUG] cnn_neat: Split edge 0→1, new hidden node 2 (pool=1)
2026-08-14 23:51:55,983 [DEBUG] cnn_neat: Split edge 0→2, new hidden node 3 (pool=2)
2026-08-14 23:51:55,987 [DEBUG] cnn_neat: Added edge 0→1 (from 1 candidates)
2026-08-14 23:51:55,995 [DEBUG] cnn_neat: Split edge 3→2, new hidden node 4 (pool=3)
2026-08-14 23:51:56,001 [DEBUG] cnn_neat: Added edge 3→1 (from 2 candidates)
2026-08-14 23:51:56,012 [DEBUG] cnn_neat: Split edge 0→2, new hidden node 4 (pool=3)
2026-08-14 23:51:56,021 [DEBUG] cnn_neat: Added edge 2→1 (from 2 candidates)
2026-08-14 23:51:56,029 [DEBUG] cnn_neat: Split edge 4→2, new hidden node 5 (pool=4)
2026-08-14 23:51:56,033 [DEBUG] cnn_neat: Added edge 0→2 (from 4 candidates)
2026-08-14 23:51:56,037 [DEBUG] cnn_neat: Split edge 3→1, new hidden node 6 (pool=5)
2026-08-14 23:51:56,043 [DEBUG] cnn_neat: Added edge 4→3 (from 6 candidates)
2026-08-14 23:51:56,047 [DEBUG] cnn_neat: Split edge 4→2, new hidden node 5 (pool=5)
2026-08-14 23:51:56,052 [DEBUG] cnn_neat: Split edge 0→1, new hidden node 3 (pool=1)
2026-08-14 23:51:56,057 [DEBUG] cnn_neat: Removed hidden node 2 (pool=1)
2026-08-14 23:51:56,060 [DEBUG] cnn_neat: Removed edge 0→2 (from 3 candidates)
2026-08-14 23:51:56,062 [DEBUG] cnn_neat: Removed 1 edges (requested 3)
2026-08-14 23:51:56,067 [DEBUG] cnn_neat: Split edge 3→1, new hidden node 4 (pool=2)
2026-08-14 23:51:56,071 [DEBUG] cnn_neat: Added edge 0→2 (from 1 candidates)
2026-08-14 23:51:56,075 [DEBUG] cnn_neat: Removed hidden node 2 (pool=1)
2026-08-14 23:51:56,078 [DEBUG] cnn_neat: Removed edge 2→1 (from 3 candidates)
2026-08-14 23:51:56,081 [DEBUG] cnn_neat: Removed 2 edges (requested 3)
2026-08-14 23:51:56,084 [DEBUG] cnn_neat: Split edge 3→1, new hidden node 4 (pool=5)
2026-08-14 23:51:56,086 [DEBUG] cnn_neat: Added edge 0→1 (from 1 candidates)
2026-08-14 23:51:56,094 [DEBUG] cnn_neat: Split edge 2→1, new hidden node 5 (pool=3)
2026-08-14 23:51:56,099 [DEBUG] cnn_neat: Removed hidden node 3 (pool=2)
2026-08-14 23:51:56,103 [DEBUG] cnn_neat: Added edge 3→1 (from 4 candidates)
2026-08-14 23:51:56,107 [DEBUG] cnn_neat: Split edge 0→1, new hidden node 4 (pool=1)
2026-08-14 23:51:56,114 [DEBUG] cnn_neat: Split edge 2→1, new hidden node 4 (pool=2)
2026-08-14 23:51:56,117 [DEBUG] cnn_neat: Added edge 0→3 (from 1 candidates)
2026-08-14 23:51:56,123 [DEBUG] cnn_neat: Removed hidden node 3 (pool=1)
2026-08-14 23:51:56,126 [DEBUG] cnn_neat: Removed edge 2→1 (from 3 candidates)
2026-08-14 23:51:56,130 [DEBUG] cnn_neat: Removed 2 edges (requested 3)
2026-08-14 23:51:56,135 [DEBUG] cnn_neat: Split edge 2→3, new hidden node 5 (pool=5)
2026-08-14 23:51:56,139 [DEBUG] cnn_neat: Added edge 0→4 (from 5 candidates)
2026-08-14 23:51:56,144 [DEBUG] cnn_neat: Split edge 0→2, new hidden node 6 (pool=3)
2026-08-14 23:51:56,152 [DEBUG] cnn_neat: Removed hidden node 3 (pool=2)
2026-08-14 23:51:56,157 [DEBUG] cnn_neat: Added edge 3→4 (from 8 candidates)
2026-08-14 23:51:56,187 [DEBUG] cnn_neat: Split edge 3→1, new hidden node 4 (pool=2)
2026-08-14 23:51:56,192 [DEBUG] cnn_neat: Added edge 0→1 (from 1 candidates)
2026-08-14 23:51:56,204 [DEBUG] cnn_neat: Split edge 2→1, new hidden node 4 (pool=2)
2026-08-14 23:51:56,209 [DEBUG] cnn_neat: Added edge 3→1 (from 2 candidates)
2026-08-14 23:51:56,213 [DEBUG] cnn_neat: Removed hidden node 3 (pool=1)
2026-08-14 23:51:56,217 [DEBUG] cnn_neat: Removed edge 2→3 (from 1 candidates)
2026-08-14 23:51:56,225 [DEBUG] cnn_neat: Removed 1 edges (requested 3)
2026-08-14 23:51:56,229 [DEBUG] cnn_neat: Split edge 0→2, new hidden node 5 (pool=4)
2026-08-14 23:51:56,234 [DEBUG] cnn_neat: Added edge 2→1 (from 6 candidates)
2026-08-14 23:51:56,238 [DEBUG] cnn_neat: Split edge 5→2, new hidden node 6 (pool=5)
2026-08-14 23:51:56,244 [DEBUG] cnn_neat: Removed hidden node 3 (pool=1)
2026-08-14 23:51:56,250 [DEBUG] cnn_neat: Added edge 4→3 (from 8 candidates)
2026-08-14 23:51:56,252 [DEBUG] cnn_neat: Split edge 2→1, new hidden node 5 (pool=2)
2026-08-14 23:51:56,261 [DEBUG] cnn_neat: Split edge 4→2, new hidden node 5 (pool=3)
2026-08-14 23:51:56,269 [DEBUG] cnn_neat: Added edge 3→1 (from 4 candidates)
2026-08-14 23:51:56,454 [DEBUG] cnn_neat: Removed hidden node 3 (pool=1)
2026-08-14 23:51:56,457 [DEBUG] cnn_neat: Removed edge 2→3 (from 1 candidates)
2026-08-14 23:51:56,459 [DEBUG] cnn_neat: Removed 1 edges (requested 3)
2026-08-14 23:51:56,465 [DEBUG] cnn_neat: Split edge 2→3, new hidden node 4 (pool=4)
2026-08-14 23:51:56,468 [DEBUG] cnn_neat: Added edge 0→1 (from 2 candidates)
2026-08-14 23:51:56,475 [DEBUG] cnn_neat: Removed hidden node 3 (pool=1)
2026-08-14 23:51:56,479 [DEBUG] cnn_neat: Removed edge 0→3 (from 2 candidates)
2026-08-14 23:51:56,484 [DEBUG] cnn_neat: Removed 2 edges (requested 3)
2026-08-14 23:51:56,488 [DEBUG] cnn_neat: Split edge 0→2, new hidden node 5 (pool=3)
2026-08-14 23:51:56,494 [DEBUG] cnn_neat: Split edge 0→1, new hidden node 4 (pool=1)
2026-08-14 23:51:56,497 [DEBUG] cnn_neat: Added edge 4→1 (from 4 candidates)
2026-08-14 23:51:56,503 [DEBUG] cnn_neat: Added edge 3→1 (from 1 candidates)
2026-08-14 23:51:56,514 [DEBUG] cnn_neat: Split edge 0→4, new hidden node 5 (pool=3)
2026-08-14 23:51:56,518 [DEBUG] cnn_neat: Added edge 4→1 (from 2 candidates)
2026-08-14 23:51:56,535 [DEBUG] cnn_neat: Split edge 4→1, new hidden node 5 (pool=2)
2026-08-14 23:51:56,542 [DEBUG] cnn_neat: Added edge 0→2 (from 1 candidates)
2026-08-14 23:51:56,621 [DEBUG] cnn_neat: Removed hidden node 2 (pool=1)
2026-08-14 23:51:56,627 [DEBUG] cnn_neat: Removed edge 2→1 (from 3 candidates)
2026-08-14 23:51:56,630 [DEBUG] cnn_neat: Removed 2 edges (requested 3)
2026-08-14 23:51:56,632 [DEBUG] cnn_neat: Split edge 0→2, new hidden node 5 (pool=5)
2026-08-14 23:51:56,635 [DEBUG] cnn_neat: Added edge 0→1 (from 1 candidates)
2026-08-14 23:51:56,642 [DEBUG] cnn_neat: Split edge 0→5, new hidden node 6 (pool=5)
2026-08-14 23:51:56,649 [DEBUG] cnn_neat: Removed hidden node 2 (pool=2)
2026-08-14 23:51:56,651 [DEBUG] cnn_neat: Added edge 5→4 (from 4 candidates)
2026-08-14 23:51:56,656 [DEBUG] cnn_neat: Split edge 0→1, new hidden node 5 (pool=1)
2026-08-14 23:51:56,666 [DEBUG] cnn_neat: Split edge 3→1, new hidden node 4 (pool=4)
2026-08-14 23:51:56,670 [DEBUG] cnn_neat: Added edge 2→1 (from 2 candidates)
2026-08-14 23:51:56,677 [DEBUG] cnn_neat: Removed hidden node 2 (pool=1)
2026-08-14 23:51:56,683 [DEBUG] cnn_neat: Removed edge 2→3 (from 3 candidates)
2026-08-14 23:51:56,688 [DEBUG] cnn_neat: Removed 1 edges (requested 3)
2026-08-14 23:51:56,692 [DEBUG] cnn_neat: Split edge 0→3, new hidden node 4 (pool=3)
2026-08-14 23:51:56,694 [DEBUG] cnn_neat: Added edge 0→1 (from 4 candidates)
2026-08-14 23:51:56,697 [DEBUG] cnn_neat: Split edge 3→1, new hidden node 5 (pool=4)
2026-08-14 23:51:56,704 [DEBUG] cnn_neat: Removed hidden node 2 (pool=1)
2026-08-14 23:51:56,707 [DEBUG] cnn_neat: Added edge 2→3 (from 7 candidates)
2026-08-14 23:51:56,708 [DEBUG] cnn_neat: Split edge 0→1, new hidden node 4 (pool=1)
2026-08-14 23:51:56,719 [DEBUG] cnn_neat: Split edge 0→2, new hidden node 5 (pool=4)
2026-08-14 23:51:56,726 [DEBUG] cnn_neat: Added edge 3→1 (from 4 candidates)
2026-08-14 23:51:56,811 [DEBUG] cnn_neat: Split edge 2→3, new hidden node 6 (pool=5)
2026-08-14 23:51:56,820 [DEBUG] cnn_neat: Split edge 0→2, new hidden node 5 (pool=3)
2026-08-14 23:51:56,827 [DEBUG] cnn_neat: Added edge 0→2 (from 6 candidates)
2026-08-14 23:51:56,830 [DEBUG] cnn_neat: Added edge 0→3 (from 3 candidates)
2026-08-14 23:51:56,835 [DEBUG] cnn_neat: Split edge 0→5, new hidden node 6 (pool=4)
2026-08-14 23:51:56,839 [DEBUG] cnn_neat: Split edge 0→1, new hidden node 2 (pool=1)
2026-08-14 23:51:56,847 [DEBUG] cnn_neat: Split edge 0→2, new hidden node 3 (pool=2)
2026-08-14 23:51:56,850 [DEBUG] cnn_neat: Added edge 0→1 (from 1 candidates)
2026-08-14 23:51:56,863 [DEBUG] cnn_neat: Split edge 3→2, new hidden node 4 (pool=3)
2026-08-14 23:51:56,873 [DEBUG] cnn_neat: Added edge 0→2 (from 2 candidates)
2026-08-14 23:51:56,879 [DEBUG] cnn_neat: Split edge 0→2, new hidden node 4 (pool=4)
2026-08-14 23:51:56,882 [DEBUG] cnn_neat: Added edge 3→1 (from 2 candidates)
2026-08-14 23:51:56,887 [DEBUG] cnn_neat: Split edge 4→2, new hidden node 5 (pool=5)
2026-08-14 23:51:56,893 [DEBUG] cnn_neat: Removed hidden node 3 (pool=1)
2026-08-14 23:51:56,900 [DEBUG] cnn_neat: Added edge 3→4 (from 5 candidates)
2026-08-14 23:51:56,906 [DEBUG] cnn_neat: Split edge 4→5, new hidden node 6 (pool=6)
2026-08-14 23:51:56,980 [DEBUG] cnn_neat: Removed edge 0→2 (from 3 candidates)
2026-08-14 23:51:56,991 [DEBUG] cnn_neat: Removed hidden node 3 (pool=2)
2026-08-14 23:51:56,999 [DEBUG] cnn_neat: Added edge 3→5 (from 10 candidates)
2026-08-14 23:51:57,006 [DEBUG] cnn_neat: Split edge 0→1, new hidden node 3 (pool=1)
2026-08-14 23:51:57,011 [DEBUG] cnn_neat: Removed hidden node 2 (pool=1)
2026-08-14 23:51:57,013 [DEBUG] cnn_neat: Removed edge 2→1 (from 3 candidates)
2026-08-14 23:51:57,015 [DEBUG] cnn_neat: Removed 2 edges (requested 3)
2026-08-14 23:51:57,021 [DEBUG] cnn_neat: Split edge 3→1, new hidden node 4 (pool=2)
2026-08-14 23:51:57,024 [DEBUG] cnn_neat: Added edge 0→1 (from 1 candidates)
2026-08-14 23:51:57,053 [DEBUG] cnn_neat: Split edge 0→2, new hidden node 5 (pool=5)
2026-08-14 23:51:57,057 [DEBUG] cnn_neat: Added edge 2→4 (from 4 candidates)
2026-08-14 23:51:57,070 [DEBUG] cnn_neat: Removed hidden node 2 (pool=1)
2026-08-14 23:51:57,144 [DEBUG] cnn_neat: Removed edge 0→3 (from 3 candidates)
2026-08-14 23:51:57,166 [DEBUG] cnn_neat: Removed 2 edges (requested 3)
2026-08-14 23:51:57,170 [DEBUG] cnn_neat: Split edge 5→2, new hidden node 6 (pool=6)
2026-08-14 23:51:57,173 [DEBUG] cnn_neat: Split edge 0→3, new hidden node 5 (pool=6)
2026-08-14 23:51:57,177 [DEBUG] cnn_neat: Added edge 5→1 (from 8 candidates)
2026-08-14 23:51:57,180 [DEBUG] cnn_neat: Added edge 3→1 (from 3 candidates)
2026-08-14 23:51:57,182 [DEBUG] cnn_neat: Split edge 3→4, new hidden node 7 (pool=3)
2026-08-14 23:51:57,189 [DEBUG] cnn_neat: Split edge 0→2, new hidden node 4 (pool=5)
2026-08-14 23:51:57,192 [DEBUG] cnn_neat: Added edge 0→1 (from 1 candidates)
2026-08-14 23:51:57,197 [DEBUG] cnn_neat: Removed hidden node 3 (pool=2)
2026-08-14 23:51:57,201 [DEBUG] cnn_neat: Removed edge 2→3 (from 5 candidates)
2026-08-14 23:51:57,206 [DEBUG] cnn_neat: Removed 3 edges (requested 3)
2026-08-14 23:51:57,208 [DEBUG] cnn_neat: Split edge 2→1, new hidden node 4 (pool=4)
2026-08-14 23:51:57,210 [DEBUG] cnn_neat: Added edge 0→1 (from 3 candidates)
2026-08-14 23:51:57,212 [DEBUG] cnn_neat: Split edge 3→1, new hidden node 5 (pool=2)
2026-08-14 23:51:57,216 [DEBUG] cnn_neat: Removed hidden node 3 (pool=2)
2026-08-14 23:51:57,220 [DEBUG] cnn_neat: Added edge 0→4 (from 6 candidates)
2026-08-14 23:51:57,225 [DEBUG] cnn_neat: Split edge 0→1, new hidden node 4 (pool=1)
2026-08-14 23:51:57,229 [DEBUG] cnn_neat: Split edge 4→2, new hidden node 5 (pool=3)
2026-08-14 23:51:57,230 [DEBUG] cnn_neat: Added edge 0→3 (from 4 candidates)
2026-08-14 23:51:57,235 [DEBUG] cnn_neat: Removed hidden node 3 (pool=1)
2026-08-14 23:51:57,238 [DEBUG] cnn_neat: Removed edge 2→3 (from 1 candidates)
2026-08-14 23:51:57,241 [DEBUG] cnn_neat: Removed 1 edges (requested 3)
2026-08-14 23:51:57,245 [DEBUG] cnn_neat: Split edge 4→3, new hidden node 5 (pool=4)
2026-08-14 23:51:57,247 [DEBUG] cnn_neat: Added edge 2→3 (from 4 candidates)
2026-08-14 23:51:57,254 [DEBUG] cnn_neat: Saved generation 0
2026-08-14 23:51:57,294 [DEBUG] cnn_neat: Split edge 2→3, new hidden node 5 (pool=5)
2026-08-14 23:51:57,306 [DEBUG] cnn_neat: Selected 25 elite individuals
2026-08-14 23:51:57,312 [DEBUG] cnn_neat: Added edge 0→4 (from 4 candidates)
2026-08-14 23:51:57,348 [DEBUG] cnn_neat: Split edge 3→1, new hidden node 6 (pool=6)
2026-08-14 23:51:57,366 [DEBUG] cnn_neat: Removed hidden node 4 (pool=1)
2026-08-14 23:51:57,377 [DEBUG] cnn_neat: Added edge 0→3 (from 8 candidates)
2026-08-14 23:51:57,385 [DEBUG] cnn_neat: Split edge 2→3, new hidden node 5 (pool=6)
2026-08-14 23:51:57,399 [DEBUG] cnn_neat: Split edge 4→2, new hidden node 5 (pool=3)
2026-08-14 23:51:57,404 [DEBUG] cnn_neat: Added edge 4→1 (from 2 candidates)
2026-08-14 23:51:57,557 [DEBUG] cnn_neat: Split edge 0→1, new hidden node 4 (pool=1)
2026-08-14 23:51:57,560 [DEBUG] cnn_neat: Split edge 6→2, new hidden node 7 (pool=6)
2026-08-14 23:51:57,565 [DEBUG] cnn_neat: Removed hidden node 3 (pool=1)
2026-08-14 23:51:57,565 [DEBUG] cnn_neat: Added edge 0→4 (from 10 candidates)
2026-08-14 23:51:57,568 [DEBUG] cnn_neat: Removed edge 0→3 (from 3 candidates)
2026-08-14 23:51:57,571 [DEBUG] cnn_neat: Removed 2 edges (requested 3)
2026-08-14 23:51:57,575 [DEBUG] cnn_neat: Split edge 0→4, new hidden node 5 (pool=4)
2026-08-14 23:51:57,577 [DEBUG] cnn_neat: Removed hidden node 3 (pool=2)
2026-08-14 23:51:57,578 [DEBUG] cnn_neat: Split edge 0→1, new hidden node 4 (pool=2)
2026-08-14 23:51:57,582 [DEBUG] cnn_neat: Removed edge 4→6 (from 4 candidates)
2026-08-14 23:51:57,582 [DEBUG] cnn_neat: Added edge 3→4 (from 3 candidates)
2026-08-14 23:51:57,585 [DEBUG] cnn_neat: Added edge 0→3 (from 1 candidates)
2026-08-14 23:51:57,591 [DEBUG] cnn_neat: Split edge 3→1, new hidden node 6 (pool=2)
2026-08-14 23:51:57,592 [DEBUG] cnn_neat: Removed 3 edges (requested 3)
2026-08-14 23:51:57,594 [DEBUG] cnn_neat: Crossover rejected: union topology invalid (edges=10 nodes=8)
2026-08-14 23:51:57,596 [DEBUG] cnn_neat: Split edge 5→4, new hidden node 7 (pool=6)
2026-08-14 23:51:57,598 [DEBUG] cnn_neat: Added edge 6→3 (from 10 candidates)
2026-08-14 23:51:57,600 [DEBUG] cnn_neat: Added edge 0→4 (from 11 candidates)
2026-08-14 23:51:57,601 [DEBUG] cnn_neat: Added edge 4→3 (from 9 candidates)
2026-08-14 23:51:57,603 [DEBUG] cnn_neat: Added edge 5→2 (from 8 candidates)
2026-08-14 23:51:57,605 [DEBUG] cnn_neat: Added edge 0→6 (from 9 candidates)
2026-08-14 23:51:57,607 [DEBUG] cnn_neat: Split edge 0→2, new hidden node 4 (pool=4)
2026-08-14 23:51:57,609 [DEBUG] cnn_neat: Added edge 0→1 (from 2 candidates)
2026-08-14 23:51:57,611 [DEBUG] cnn_neat: Removed hidden node 2 (pool=1)
2026-08-14 23:51:57,612 [DEBUG] cnn_neat: Split edge 3→1, new hidden node 4 (pool=2)
2026-08-14 23:51:57,612 [DEBUG] cnn_neat: Added edge 0→4 (from 2 candidates)
2026-08-14 23:51:57,615 [DEBUG] cnn_neat: Removed edge 2→3 (from 3 candidates)
2026-08-14 23:51:57,616 [DEBUG] cnn_neat: Split edge 3→1, new hidden node 4 (pool=3)
2026-08-14 23:51:57,617 [DEBUG] cnn_neat: Removed 1 edges (requested 3)
2026-08-14 23:51:57,618 [DEBUG] cnn_neat: Split edge 0→2, new hidden node 4 (pool=3)
2026-08-14 23:51:57,619 [DEBUG] cnn_neat: Added edge 0→2 (from 4 candidates)
2026-08-14 23:51:57,622 [DEBUG] cnn_neat: Removed hidden node 4 (pool=1)
2026-08-14 23:51:57,624 [DEBUG] cnn_neat: Split edge 3→1, new hidden node 4 (pool=3)
2026-08-14 23:51:57,625 [DEBUG] cnn_neat: Split edge 0→2, new hidden node 5 (pool=4)
2026-08-14 23:51:57,626 [DEBUG] cnn_neat: Added edge 2→4 (from 4 candidates)
2026-08-14 23:51:57,628 [DEBUG] cnn_neat: Crossover rejected: union topology invalid (edges=10 nodes=9)
2026-08-14 23:51:57,630 [DEBUG] cnn_neat: Split edge 0→2, new hidden node 4 (pool=4)
2026-08-14 23:51:57,631 [DEBUG] cnn_neat: Added edge 4→3 (from 4 candidates)
2026-08-14 23:51:57,633 [DEBUG] cnn_neat: Added edge 2→1 (from 2 candidates)
2026-08-14 23:51:57,635 [DEBUG] cnn_neat: Added edge 0→1 (from 1 candidates)
2026-08-14 23:51:57,639 [DEBUG] cnn_neat: Split edge 0→1, new hidden node 4 (pool=1)
2026-08-14 23:51:57,643 [DEBUG] cnn_neat: Added edge 0→4 (from 9 candidates)
2026-08-14 23:51:57,644 [DEBUG] cnn_neat: Added edge 3→5 (from 9 candidates)
2026-08-14 23:51:57,648 [DEBUG] cnn_neat: Added edge 3→5 (from 9 candidates)
2026-08-14 23:51:57,651 [DEBUG] cnn_neat: Removed hidden node 4 (pool=2)
2026-08-14 23:51:57,656 [DEBUG] cnn_neat: Added edge 5→1 (from 9 candidates)
2026-08-14 23:51:57,659 [DEBUG] cnn_neat: Added edge 4→5 (from 9 candidates)
2026-08-14 23:51:57,661 [DEBUG] cnn_neat: Crossover rejected: union topology invalid (edges=10 nodes=9)
2026-08-14 23:51:57,664 [DEBUG] cnn_neat: Added edge 0→2 (from 9 candidates)
2026-08-14 23:51:57,666 [DEBUG] cnn_neat: Added edge 0→5 (from 9 candidates)
2026-08-14 23:51:57,668 [DEBUG] cnn_neat: Added edge 4→1 (from 10 candidates)
2026-08-14 23:51:57,670 [DEBUG] cnn_neat: Added edge 2→1 (from 9 candidates)
2026-08-14 23:51:57,673 [DEBUG] cnn_neat: Added edge 2→6 (from 8 candidates)
2026-08-14 23:51:57,675 [DEBUG] cnn_neat: Added edge 3→6 (from 7 candidates)
2026-08-14 23:51:57,677 [DEBUG] cnn_neat: Split edge 0→2, new hidden node 4 (pool=3)
2026-08-14 23:51:57,679 [DEBUG] cnn_neat: Split edge 2→3, new hidden node 5 (pool=4)
2026-08-14 23:51:57,680 [DEBUG] cnn_neat: Added edge 0→3 (from 2 candidates)
2026-08-14 23:51:57,682 [DEBUG] cnn_neat: Split edge 0→3, new hidden node 4 (pool=4)
2026-08-14 23:51:57,684 [DEBUG] cnn_neat: Added edge 0→3 (from 5 candidates)
2026-08-14 23:51:57,686 [DEBUG] cnn_neat: Split edge 0→2, new hidden node 4 (pool=3)
2026-08-14 23:51:57,688 [DEBUG] cnn_neat: Added edge 0→3 (from 4 candidates)
2026-08-14 23:51:57,689 [DEBUG] cnn_neat: Removed hidden node 2 (pool=2)
2026-08-14 23:51:57,691 [DEBUG] cnn_neat: Split edge 3→1, new hidden node 4 (pool=3)
2026-08-14 23:51:57,693 [DEBUG] cnn_neat: Added edge 0→4 (from 4 candidates)
2026-08-14 23:51:57,695 [DEBUG] cnn_neat: Split edge 2→3, new hidden node 4 (pool=3)
2026-08-14 23:51:57,696 [DEBUG] cnn_neat: Added edge 4→1 (from 4 candidates)
2026-08-14 23:51:57,698 [DEBUG] cnn_neat: Crossover rejected: union topology invalid (edges=8 nodes=8)
2026-08-14 23:51:57,700 [DEBUG] cnn_neat: Split edge 3→1, new hidden node 4 (pool=3)
2026-08-14 23:51:57,701 [DEBUG] cnn_neat: Added edge 3→1 (from 4 candidates)
2026-08-14 23:51:57,704 [DEBUG] cnn_neat: Removed hidden node 4 (pool=1)
2026-08-14 23:51:57,706 [DEBUG] cnn_neat: Split edge 2→3, new hidden node 4 (pool=3)
2026-08-14 23:51:57,707 [DEBUG] cnn_neat: Split edge 0→2, new hidden node 5 (pool=4)
2026-08-14 23:51:57,708 [DEBUG] cnn_neat: Added edge 2→1 (from 2 candidates)
2026-08-14 23:51:57,709 [DEBUG] cnn_neat: Added edge 0→3 (from 1 candidates)
2026-08-14 23:51:57,711 [DEBUG] cnn_neat: Added edge 0→1 (from 1 candidates)
2026-08-14 23:51:57,714 [DEBUG] cnn_neat: Split edge 0→1, new hidden node 4 (pool=1)
2026-08-14 23:51:57,716 [DEBUG] cnn_neat: Added edge 4→3 (from 5 candidates)
2026-08-14 23:51:57,717 [DEBUG] cnn_neat: Split edge 0→1, new hidden node 5 (pool=1)
2026-08-14 23:51:57,719 [DEBUG] cnn_neat: Added edge 4→1 (from 1 candidates)
2026-08-14 23:51:57,720 [DEBUG] cnn_neat: Split edge 0→1, new hidden node 5 (pool=1)
2026-08-14 23:51:57,722 [DEBUG] cnn_neat: Removed hidden node 4 (pool=1)
2026-08-14 23:51:57,722 [DEBUG] cnn_neat: Split edge 0→1, new hidden node 2 (pool=1)
2026-08-14 23:51:57,723 [DEBUG] cnn_neat: Added edge 0→1 (from 1 candidates)
2026-08-14 23:51:57,725 [DEBUG] cnn_neat: Removed hidden node 2 (pool=1)
2026-08-14 23:51:57,727 [DEBUG] cnn_neat: Split edge 0→1, new hidden node 2 (pool=1)
2026-08-14 23:51:57,728 [DEBUG] cnn_neat: Split edge 0→2, new hidden node 3 (pool=2)
2026-08-14 23:51:57,728 [DEBUG] cnn_neat: Added edge 0→1 (from 1 candidates)
2026-08-14 23:51:57,729 [DEBUG] cnn_neat: Weight mutation: 2 conv modules updated (direct tensor perturbation)
2026-08-14 23:51:57,730 [DEBUG] cnn_neat: Removed edge 0→4 (from 1 candidates)
2026-08-14 23:51:57,731 [DEBUG] cnn_neat: Split edge 0→1, new hidden node 2 (pool=1)
2026-08-14 23:51:57,732 [DEBUG] cnn_neat: Added edge 0→1 (from 1 candidates)
2026-08-14 23:51:57,734 [DEBUG] cnn_neat: Removed hidden node 2 (pool=1)
2026-08-14 23:51:57,735 [DEBUG] cnn_neat: Split edge 0→1, new hidden node 2 (pool=1)
2026-08-14 23:51:57,736 [DEBUG] cnn_neat: Split edge 0→2, new hidden node 3 (pool=2)
2026-08-14 23:51:57,737 [DEBUG] cnn_neat: Added edge 0→1 (from 1 candidates)
2026-08-14 23:51:57,738 [DEBUG] cnn_neat: Weight mutation: 2 conv modules updated (direct tensor perturbation)
2026-08-14 23:51:57,738 [DEBUG] cnn_neat: Removed 1 edges (requested 3)
2026-08-14 23:51:57,740 [DEBUG] cnn_neat: Split edge 0→1, new hidden node 2 (pool=1)
2026-08-14 23:51:57,741 [DEBUG] cnn_neat: Added edge 0→1 (from 1 candidates)
2026-08-14 23:51:57,742 [DEBUG] cnn_neat: Removed hidden node 2 (pool=1)
2026-08-14 23:51:57,744 [DEBUG] cnn_neat: Split edge 0→1, new hidden node 2 (pool=1)
2026-08-14 23:51:57,745 [DEBUG] cnn_neat: Split edge 0→2, new hidden node 3 (pool=2)
2026-08-14 23:51:57,746 [DEBUG] cnn_neat: Added edge 0→1 (from 1 candidates)
2026-08-14 23:51:57,746 [DEBUG] cnn_neat: Weight mutation: 2 conv modules updated (direct tensor perturbation)
2026-08-14 23:51:57,747 [DEBUG] cnn_neat: Crossover rejected: union topology invalid (edges=6 nodes=6)
2026-08-14 23:51:57,748 [DEBUG] cnn_neat: Split edge 0→1, new hidden node 5 (pool=1)
2026-08-14 23:51:57,749 [DEBUG] cnn_neat: Added edge 4→1 (from 4 candidates)
2026-08-14 23:51:57,751 [DEBUG] cnn_neat: Removed hidden node 5 (pool=2)
2026-08-14 23:51:57,753 [DEBUG] cnn_neat: Split edge 4→1, new hidden node 5 (pool=2)
2026-08-14 23:51:57,754 [DEBUG] cnn_neat: Split edge 0→4, new hidden node 6 (pool=3)
2026-08-14 23:51:57,755 [DEBUG] cnn_neat: Added edge 4→1 (from 1 candidates)
2026-08-14 23:51:57,759 [DEBUG] cnn_neat: Split edge 0→1, new hidden node 5 (pool=1)
2026-08-14 23:51:57,761 [DEBUG] cnn_neat: Added edge 0→1 (from 3 candidates)
2026-08-14 23:51:57,763 [DEBUG] cnn_neat: Split edge 4→1, new hidden node 6 (pool=5)
2026-08-14 23:51:57,765 [DEBUG] cnn_neat: Added edge 2→4 (from 6 candidates)
2026-08-14 23:51:57,768 [DEBUG] cnn_neat: Split edge 2→3, new hidden node 6 (pool=5)
2026-08-14 23:51:57,770 [DEBUG] cnn_neat: Added edge 0→3 (from 9 candidates)
2026-08-14 23:51:57,772 [DEBUG] cnn_neat: Split edge 5→4, new hidden node 6 (pool=5)
2026-08-14 23:51:57,774 [DEBUG] cnn_neat: Split edge 4→1, new hidden node 6 (pool=5)
2026-08-14 23:51:57,776 [DEBUG] cnn_neat: Added edge 0→3 (from 9 candidates)
2026-08-14 23:51:57,778 [DEBUG] cnn_neat: Crossover rejected: union topology invalid (edges=8 nodes=8)
2026-08-14 23:51:57,780 [DEBUG] cnn_neat: Split edge 5→4, new hidden node 6 (pool=5)
2026-08-14 23:51:57,783 [DEBUG] cnn_neat: Added edge 6→1 (from 9 candidates)
2026-08-14 23:51:57,784 [DEBUG] cnn_neat: Added edge 0→5 (from 6 candidates)
2026-08-14 23:51:57,786 [DEBUG] cnn_neat: Added edge 5→1 (from 8 candidates)
2026-08-14 23:51:57,788 [DEBUG] cnn_neat: Added edge 3→4 (from 7 candidates)
2026-08-14 23:51:57,790 [DEBUG] cnn_neat: Added edge 0→3 (from 6 candidates)
2026-08-14 23:51:57,792 [DEBUG] cnn_neat: Added edge 2→5 (from 5 candidates)
2026-08-14 23:51:57,794 [DEBUG] cnn_neat: Split edge 2→4, new hidden node 5 (pool=4)
2026-08-14 23:51:57,796 [DEBUG] cnn_neat: Added edge 0→4 (from 4 candidates)
2026-08-14 23:51:57,798 [DEBUG] cnn_neat: Split edge 0→2, new hidden node 5 (pool=4)
2026-08-14 23:51:57,800 [DEBUG] cnn_neat: Added edge 5→4 (from 6 candidates)
2026-08-14 23:51:57,801 [DEBUG] cnn_neat: Split edge 0→2, new hidden node 5 (pool=4)
2026-08-14 23:51:57,804 [DEBUG] cnn_neat: Added edge 0→2 (from 6 candidates)
2026-08-14 23:51:57,806 [DEBUG] cnn_neat: Split edge 4→3, new hidden node 5 (pool=4)
2026-08-14 23:51:57,808 [DEBUG] cnn_neat: Added edge 2→3 (from 6 candidates)
2026-08-14 23:51:57,810 [DEBUG] cnn_neat: Crossover union: A_edges=4 B_added=3 dup_skipped=0 child_edges=7 nodes=7
2026-08-14 23:51:57,811 [DEBUG] cnn_neat: Added edge 2→3 (from 4 candidates)
2026-08-14 23:51:57,812 [DEBUG] cnn_neat: Added edge 0→3 (from 4 candidates)
2026-08-14 23:51:57,814 [DEBUG] cnn_neat: Added edge 2→1 (from 3 candidates)
2026-08-14 23:51:57,816 [DEBUG] cnn_neat: Added edge 0→4 (from 2 candidates)
2026-08-14 23:51:57,819 [DEBUG] cnn_neat: Added edge 0→1 (from 2 candidates)
2026-08-14 23:51:57,820 [DEBUG] cnn_neat: Split edge 3→4, new hidden node 5 (pool=4)
2026-08-14 23:51:57,822 [DEBUG] cnn_neat: Split edge 2→3, new hidden node 6 (pool=5)
2026-08-14 23:51:57,824 [DEBUG] cnn_neat: Added edge 2→5 (from 9 candidates)
2026-08-14 23:51:57,826 [DEBUG] cnn_neat: Added edge 0→4 (from 4 candidates)
2026-08-14 23:51:57,828 [DEBUG] cnn_neat: Split edge 0→4, new hidden node 5 (pool=2)
2026-08-14 23:51:57,830 [DEBUG] cnn_neat: Split edge 0→2, new hidden node 5 (pool=4)
2026-08-14 23:51:57,832 [DEBUG] cnn_neat: Added edge 5→3 (from 6 candidates)
2026-08-14 23:51:57,833 [DEBUG] cnn_neat: Split edge 4→1, new hidden node 5 (pool=4)
2026-08-14 23:51:57,836 [DEBUG] cnn_neat: Split edge 2→3, new hidden node 5 (pool=4)
2026-08-14 23:51:57,838 [DEBUG] cnn_neat: Crossover union: A_edges=4 B_added=4 dup_skipped=0 child_edges=8 nodes=8
2026-08-14 23:51:57,840 [DEBUG] cnn_neat: Added edge 0→4 (from 4 candidates)
2026-08-14 23:51:57,841 [DEBUG] cnn_neat: Added edge 2→1 (from 4 candidates)
2026-08-14 23:51:57,843 [DEBUG] cnn_neat: Added edge 0→3 (from 3 candidates)
2026-08-14 23:51:57,845 [DEBUG] cnn_neat: Added edge 3→1 (from 3 candidates)
2026-08-14 23:51:57,847 [DEBUG] cnn_neat: Added edge 2→4 (from 2 candidates)
2026-08-14 23:51:57,849 [DEBUG] cnn_neat: Split edge 2→1, new hidden node 6 (pool=4)
2026-08-14 23:51:57,850 [DEBUG] cnn_neat: Added edge 5→1 (from 4 candidates)
2026-08-14 23:51:57,853 [DEBUG] cnn_neat: Split edge 4→5, new hidden node 6 (pool=4)
2026-08-14 23:51:57,854 [DEBUG] cnn_neat: Added edge 0→5 (from 6 candidates)
2026-08-14 23:51:57,856 [DEBUG] cnn_neat: Split edge 0→4, new hidden node 6 (pool=4)
2026-08-14 23:51:57,858 [DEBUG] cnn_neat: Split edge 0→4, new hidden node 6 (pool=4)
2026-08-14 23:51:57,860 [DEBUG] cnn_neat: Added edge 0→4 (from 6 candidates)
2026-08-14 23:51:57,862 [DEBUG] cnn_neat: Crossover rejected: copied edge has no live Conv2d
2026-08-14 23:51:57,863 [DEBUG] cnn_neat: Split edge 0→4, new hidden node 6 (pool=4)
2026-08-14 23:51:57,864 [DEBUG] cnn_neat: Added edge 0→4 (from 6 candidates)
2026-08-14 23:51:57,868 [DEBUG] cnn_neat: Removed hidden node 6 (pool=1)
2026-08-14 23:51:57,871 [DEBUG] cnn_neat: Split edge 4→5, new hidden node 6 (pool=4)
2026-08-14 23:51:57,873 [DEBUG] cnn_neat: Split edge 2→1, new hidden node 7 (pool=5)
2026-08-14 23:51:57,875 [DEBUG] cnn_neat: Added edge 5→1 (from 4 candidates)
2026-08-14 23:51:57,876 [DEBUG] cnn_neat: Added edge 0→5 (from 3 candidates)
2026-08-14 23:51:57,877 [DEBUG] cnn_neat: Added edge 4→2 (from 3 candidates)
2026-08-14 23:51:57,879 [DEBUG] cnn_neat: Added edge 0→2 (from 2 candidates)
2026-08-14 23:51:57,881 [DEBUG] cnn_neat: Added edge 4→1 (from 2 candidates)
2026-08-14 23:51:57,883 [DEBUG] cnn_neat: Split edge 0→4, new hidden node 6 (pool=5)
2026-08-14 23:51:57,885 [DEBUG] cnn_neat: Added edge 3→2 (from 10 candidates)
2026-08-14 23:51:57,888 [DEBUG] cnn_neat: Removed hidden node 3 (pool=1)
2026-08-14 23:51:57,890 [DEBUG] cnn_neat: Split edge 5→2, new hidden node 6 (pool=4)
2026-08-14 23:51:57,891 [DEBUG] cnn_neat: Removed edge 0→3 (from 1 candidates)
2026-08-14 23:51:57,893 [DEBUG] cnn_neat: Split edge 0→4, new hidden node 6 (pool=4)
2026-08-14 23:51:57,894 [DEBUG] cnn_neat: Added edge 0→5 (from 6 candidates)
2026-08-14 23:51:57,896 [DEBUG] cnn_neat: Removed 1 edges (requested 3)
2026-08-14 23:51:57,898 [DEBUG] cnn_neat: Split edge 5→2, new hidden node 6 (pool=4)
2026-08-14 23:51:57,900 [DEBUG] cnn_neat: Added edge 0→5 (from 6 candidates)
2026-08-14 23:51:57,902 [DEBUG] cnn_neat: Crossover rejected: union topology invalid (edges=11 nodes=11)
2026-08-14 23:51:57,903 [DEBUG] cnn_neat: Split edge 0→3, new hidden node 6 (pool=5)
2026-08-14 23:51:57,905 [DEBUG] cnn_neat: Added edge 0→2 (from 10 candidates)
2026-08-14 23:51:57,907 [DEBUG] cnn_neat: Added edge 4→1 (from 11 candidates)
2026-08-14 23:51:57,908 [DEBUG] cnn_neat: Added edge 5→1 (from 10 candidates)
2026-08-14 23:51:57,910 [DEBUG] cnn_neat: Added edge 0→5 (from 9 candidates)
2026-08-14 23:51:57,912 [DEBUG] cnn_neat: Added edge 3→4 (from 9 candidates)
2026-08-14 23:51:57,914 [DEBUG] cnn_neat: Split edge 2→1, new hidden node 6 (pool=6)
2026-08-14 23:51:57,916 [DEBUG] cnn_neat: Added edge 0→5 (from 6 candidates)
2026-08-14 23:51:57,919 [DEBUG] cnn_neat: Removed hidden node 3 (pool=1)
2026-08-14 23:51:57,920 [DEBUG] cnn_neat: Split edge 2→1, new hidden node 6 (pool=4)
2026-08-14 23:51:57,922 [DEBUG] cnn_neat: Added edge 4→6 (from 6 candidates)
2026-08-14 23:51:57,924 [DEBUG] cnn_neat: Removed edge 2→3 (from 2 candidates)
2026-08-14 23:51:57,925 [DEBUG] cnn_neat: Split edge 0→3, new hidden node 6 (pool=5)
2026-08-14 23:51:57,927 [DEBUG] cnn_neat: Added edge 5→1 (from 18 candidates)
2026-08-14 23:51:57,928 [DEBUG] cnn_neat: Removed 2 edges (requested 3)
2026-08-14 23:51:57,930 [DEBUG] cnn_neat: Split edge 4→5, new hidden node 6 (pool=4)
2026-08-14 23:51:57,931 [DEBUG] cnn_neat: Added edge 5→1 (from 6 candidates)
2026-08-14 23:51:57,933 [DEBUG] cnn_neat: Crossover rejected: copied edge has no live Conv2d
2026-08-14 23:51:57,935 [DEBUG] cnn_neat: Split edge 5→2, new hidden node 6 (pool=6)
2026-08-14 23:51:57,937 [DEBUG] cnn_neat: Added edge 5→1 (from 6 candidates)
2026-08-14 23:51:57,938 [DEBUG] cnn_neat: Added edge 4→3 (from 5 candidates)
2026-08-14 23:51:57,940 [DEBUG] cnn_neat: Added edge 0→5 (from 4 candidates)
2026-08-14 23:51:57,942 [DEBUG] cnn_neat: Added edge 0→2 (from 5 candidates)
2026-08-14 23:51:57,944 [DEBUG] cnn_neat: Added edge 4→2 (from 5 candidates)
2026-08-14 23:51:57,945 [DEBUG] cnn_neat: Split edge 4→2, new hidden node 5 (pool=3)
2026-08-14 23:51:57,947 [DEBUG] cnn_neat: Split edge 4→5, new hidden node 6 (pool=4)
2026-08-14 23:51:57,948 [DEBUG] cnn_neat: Added edge 5→1 (from 6 candidates)
2026-08-14 23:51:57,951 [DEBUG] cnn_neat: Removed hidden node 2 (pool=1)
2026-08-14 23:51:57,952 [DEBUG] cnn_neat: Added edge 0→2 (from 2 candidates)
2026-08-14 23:51:57,954 [DEBUG] cnn_neat: Split edge 4→2, new hidden node 5 (pool=4)
2026-08-14 23:51:57,955 [DEBUG] cnn_neat: Added edge 4→2 (from 4 candidates)
2026-08-14 23:51:57,957 [DEBUG] cnn_neat: Split edge 4→2, new hidden node 5 (pool=3)
2026-08-14 23:51:57,959 [DEBUG] cnn_neat: Added edge 0→5 (from 4 candidates)
2026-08-14 23:51:57,961 [DEBUG] cnn_neat: Split edge 4→2, new hidden node 5 (pool=3)
2026-08-14 23:51:57,962 [DEBUG] cnn_neat: Added edge 0→5 (from 4 candidates)
2026-08-14 23:51:57,965 [DEBUG] cnn_neat: Removed hidden node 4 (pool=1)
2026-08-14 23:51:57,967 [DEBUG] cnn_neat: Split edge 4→2, new hidden node 5 (pool=3)
2026-08-14 23:51:57,969 [DEBUG] cnn_neat: Added edge 5→1 (from 4 candidates)
2026-08-14 23:51:57,971 [DEBUG] cnn_neat: Removed hidden node 2 (pool=1)
2026-08-14 23:51:57,972 [DEBUG] cnn_neat: Crossover rejected: copied edge has no live Conv2d
2026-08-14 23:51:57,973 [DEBUG] cnn_neat: Split edge 2→1, new hidden node 5 (pool=3)
2026-08-14 23:51:57,974 [DEBUG] cnn_neat: Added edge 4→1 (from 2 candidates)
2026-08-14 23:51:57,976 [DEBUG] cnn_neat: Added edge 0→2 (from 1 candidates)
2026-08-14 23:51:57,977 [DEBUG] cnn_neat: Added edge 0→1 (from 1 candidates)
2026-08-14 23:51:57,980 [DEBUG] cnn_neat: Split edge 0→1, new hidden node 5 (pool=1)
2026-08-14 23:51:57,983 [DEBUG] cnn_neat: Added edge 4→5 (from 5 candidates)
2026-08-14 23:51:57,985 [DEBUG] cnn_neat: Split edge 0→4, new hidden node 5 (pool=3)
2026-08-14 23:51:57,986 [DEBUG] cnn_neat: Split edge 5→4, new hidden node 6 (pool=4)
2026-08-14 23:51:57,988 [DEBUG] cnn_neat: Added edge 0→3 (from 4 candidates)
2026-08-14 23:51:57,989 [DEBUG] cnn_neat: Split edge 2→1, new hidden node 5 (pool=5)
2026-08-14 23:51:57,991 [DEBUG] cnn_neat: Removed hidden node 3 (pool=1)
2026-08-14 23:51:57,992 [DEBUG] cnn_neat: Split edge 2→1, new hidden node 5 (pool=3)
2026-08-14 23:51:57,993 [DEBUG] cnn_neat: Added edge 2→1 (from 4 candidates)
2026-08-14 23:51:57,995 [DEBUG] cnn_neat: Removed edge 2→3 (from 1 candidates)
2026-08-14 23:51:57,996 [DEBUG] cnn_neat: Split edge 4→2, new hidden node 5 (pool=3)
2026-08-14 23:51:57,997 [DEBUG] cnn_neat: Added edge 0→2 (from 4 candidates)
2026-08-14 23:51:58,000 [DEBUG] cnn_neat: Removed hidden node 5 (pool=2)
2026-08-14 23:51:58,001 [DEBUG] cnn_neat: Removed 1 edges (requested 3)
2026-08-14 23:51:58,003 [DEBUG] cnn_neat: Split edge 0→4, new hidden node 5 (pool=3)
2026-08-14 23:51:58,004 [DEBUG] cnn_neat: Added edge 5→2 (from 4 candidates)
2026-08-14 23:51:58,060 [DEBUG] cnn_neat: Split edge 6→2, new hidden node 7 (pool=6)
2026-08-14 23:51:58,082 [DEBUG] cnn_neat: Added edge 5→3 (from 10 candidates)
2026-08-14 23:51:58,090 [DEBUG] cnn_neat: Removed hidden node 4 (pool=2)
2026-08-14 23:51:58,094 [DEBUG] cnn_neat: Removed edge 5→6 (from 4 candidates)
2026-08-14 23:51:58,100 [DEBUG] cnn_neat: Removed 2 edges (requested 3)
2026-08-14 23:51:58,105 [DEBUG] cnn_neat: Split edge 0→5, new hidden node 7 (pool=8)
2026-08-14 23:51:58,109 [DEBUG] cnn_neat: Split edge 5→6, new hidden node 7 (pool=4)
2026-08-14 23:51:58,114 [DEBUG] cnn_neat: Added edge 0→4 (from 11 candidates)
2026-08-14 23:51:58,117 [DEBUG] cnn_neat: Added edge 0→2 (from 7 candidates)
2026-08-14 23:51:58,124 [DEBUG] cnn_neat: Split edge 2→3, new hidden node 4 (pool=4)
2026-08-14 23:51:58,127 [DEBUG] cnn_neat: Added edge 2→1 (from 2 candidates)
2026-08-14 23:51:58,249 [DEBUG] cnn_neat: Removed hidden node 2 (pool=1)
2026-08-14 23:51:58,258 [DEBUG] cnn_neat: Removed edge 2→3 (from 3 candidates)
2026-08-14 23:51:58,271 [DEBUG] cnn_neat: Removed 2 edges (requested 3)
2026-08-14 23:51:58,281 [DEBUG] cnn_neat: Split edge 0→3, new hidden node 5 (pool=2)
2026-08-14 23:51:58,290 [DEBUG] cnn_neat: Added edge 4→1 (from 4 candidates)
2026-08-14 23:51:58,300 [DEBUG] cnn_neat: Split edge 0→5, new hidden node 6 (pool=6)
2026-08-14 23:51:58,311 [DEBUG] cnn_neat: Removed hidden node 4 (pool=2)
2026-08-14 23:51:58,315 [DEBUG] cnn_neat: Added edge 0→4 (from 10 candidates)
2026-08-14 23:51:58,319 [DEBUG] cnn_neat: Split edge 3→1, new hidden node 5 (pool=2)
2026-08-14 23:51:58,334 [DEBUG] cnn_neat: Added edge 0→2 (from 9 candidates)
2026-08-14 23:51:58,352 [DEBUG] cnn_neat: Split edge 2→3, new hidden node 4 (pool=3)
2026-08-14 23:51:58,361 [DEBUG] cnn_neat: Added edge 0→3 (from 2 candidates)
2026-08-14 23:51:58,367 [DEBUG] cnn_neat: Split edge 0→1, new hidden node 5 (pool=1)
2026-08-14 23:51:58,369 [DEBUG] cnn_neat: Added edge 4→1 (from 1 candidates)
2026-08-14 23:51:58,372 [DEBUG] cnn_neat: Removed hidden node 4 (pool=1)
2026-08-14 23:51:58,373 [DEBUG] cnn_neat: Removed edge 0→4 (from 1 candidates)
2026-08-14 23:51:58,374 [DEBUG] cnn_neat: Removed 1 edges (requested 3)
2026-08-14 23:51:58,378 [DEBUG] cnn_neat: Split edge 0→2, new hidden node 6 (pool=5)
2026-08-14 23:51:58,381 [DEBUG] cnn_neat: Added edge 0→3 (from 6 candidates)
2026-08-14 23:51:58,390 [DEBUG] cnn_neat: Split edge 0→3, new hidden node 6 (pool=6)
2026-08-14 23:51:58,393 [DEBUG] cnn_neat: Added edge 2→4 (from 9 candidates)
2026-08-14 23:51:58,396 [DEBUG] cnn_neat: Added edge 5→1 (from 6 candidates)
2026-08-14 23:51:58,399 [DEBUG] cnn_neat: Split edge 6→3, new hidden node 7 (pool=7)
2026-08-14 23:51:58,404 [DEBUG] cnn_neat: Split edge 4→3, new hidden node 5 (pool=4)
2026-08-14 23:51:58,407 [DEBUG] cnn_neat: Added edge 0→3 (from 4 candidates)
2026-08-14 23:51:58,414 [DEBUG] cnn_neat: Split edge 2→3, new hidden node 5 (pool=4)
2026-08-14 23:51:58,417 [DEBUG] cnn_neat: Added edge 0→3 (from 4 candidates)
2026-08-14 23:51:58,426 [DEBUG] cnn_neat: Split edge 4→5, new hidden node 6 (pool=4)
2026-08-14 23:51:58,429 [DEBUG] cnn_neat: Added edge 5→1 (from 4 candidates)
2026-08-14 23:51:58,437 [DEBUG] cnn_neat: Split edge 5→2, new hidden node 6 (pool=5)
2026-08-14 23:51:58,440 [DEBUG] cnn_neat: Added edge 4→2 (from 10 candidates)
2026-08-14 23:51:58,445 [DEBUG] cnn_neat: Removed hidden node 3 (pool=1)
2026-08-14 23:51:58,448 [DEBUG] cnn_neat: Removed edge 0→3 (from 1 candidates)
2026-08-14 23:51:58,450 [DEBUG] cnn_neat: Removed 1 edges (requested 3)
2026-08-14 23:51:58,454 [DEBUG] cnn_neat: Split edge 0→3, new hidden node 7 (pool=6)
2026-08-14 23:51:58,457 [DEBUG] cnn_neat: Split edge 2→1, new hidden node 6 (pool=6)
2026-08-14 23:51:58,461 [DEBUG] cnn_neat: Added edge 0→5 (from 14 candidates)
2026-08-14 23:51:58,465 [DEBUG] cnn_neat: Added edge 4→1 (from 11 candidates)
2026-08-14 23:51:58,471 [DEBUG] cnn_neat: Split edge 0→3, new hidden node 6 (pool=6)
2026-08-14 23:51:58,474 [DEBUG] cnn_neat: Added edge 5→1 (from 6 candidates)
2026-08-14 23:51:58,479 [DEBUG] cnn_neat: Removed hidden node 3 (pool=1)
2026-08-14 23:51:58,482 [DEBUG] cnn_neat: Removed edge 0→3 (from 2 candidates)
2026-08-14 23:51:58,486 [DEBUG] cnn_neat: Removed 2 edges (requested 3)
2026-08-14 23:51:58,489 [DEBUG] cnn_neat: Split edge 4→5, new hidden node 7 (pool=7)
2026-08-14 23:51:58,492 [DEBUG] cnn_neat: Split edge 5→1, new hidden node 6 (pool=4)
2026-08-14 23:51:58,494 [DEBUG] cnn_neat: Added edge 0→3 (from 14 candidates)
2026-08-14 23:51:58,496 [DEBUG] cnn_neat: Added edge 5→3 (from 5 candidates)
2026-08-14 23:51:58,501 [DEBUG] cnn_neat: Split edge 0→4, new hidden node 5 (pool=3)
2026-08-14 23:51:58,503 [DEBUG] cnn_neat: Added edge 0→2 (from 2 candidates)
2026-08-14 23:51:58,510 [DEBUG] cnn_neat: Split edge 4→2, new hidden node 5 (pool=3)
2026-08-14 23:51:58,512 [DEBUG] cnn_neat: Added edge 4→3 (from 4 candidates)
2026-08-14 23:51:58,517 [DEBUG] cnn_neat: Removed hidden node 3 (pool=1)
2026-08-14 23:51:58,521 [DEBUG] cnn_neat: Removed edge 2→3 (from 1 candidates)
2026-08-14 23:51:58,523 [DEBUG] cnn_neat: Removed 1 edges (requested 3)
2026-08-14 23:51:58,525 [DEBUG] cnn_neat: Split edge 2→1, new hidden node 5 (pool=5)
2026-08-14 23:51:58,528 [DEBUG] cnn_neat: Added edge 3→1 (from 4 candidates)
2026-08-14 23:51:58,531 [DEBUG] cnn_neat: Split edge 4→2, new hidden node 6 (pool=6)
2026-08-14 23:51:58,536 [DEBUG] cnn_neat: Removed hidden node 3 (pool=1)
2026-08-14 23:51:58,539 [DEBUG] cnn_neat: Added edge 0→2 (from 8 candidates)
2026-08-14 23:51:58,542 [DEBUG] cnn_neat: Split edge 2→1, new hidden node 5 (pool=6)
2026-08-14 23:51:58,578 [DEBUG] cnn_neat: Split edge 2→1, new hidden node 6 (pool=4)
2026-08-14 23:51:58,582 [DEBUG] cnn_neat: Added edge 5→2 (from 6 candidates)
2026-08-14 23:51:58,590 [DEBUG] cnn_neat: Removed hidden node 5 (pool=1)
2026-08-14 23:51:58,592 [DEBUG] cnn_neat: Removed edge 4→5 (from 1 candidates)
2026-08-14 23:51:58,597 [DEBUG] cnn_neat: Removed 1 edges (requested 3)
2026-08-14 23:51:58,602 [DEBUG] cnn_neat: Split edge 0→4, new hidden node 7 (pool=5)
2026-08-14 23:51:58,606 [DEBUG] cnn_neat: Split edge 2→1, new hidden node 6 (pool=5)
2026-08-14 23:51:58,607 [DEBUG] cnn_neat: Added edge 5→1 (from 10 candidates)
2026-08-14 23:51:58,609 [DEBUG] cnn_neat: Added edge 0→5 (from 4 candidates)
2026-08-14 23:51:58,615 [DEBUG] cnn_neat: Split edge 4→2, new hidden node 5 (pool=5)
2026-08-14 23:51:58,619 [DEBUG] cnn_neat: Added edge 4→3 (from 4 candidates)
2026-08-14 23:51:58,625 [DEBUG] cnn_neat: Removed hidden node 3 (pool=1)
2026-08-14 23:51:58,628 [DEBUG] cnn_neat: Removed edge 2→3 (from 2 candidates)
2026-08-14 23:51:58,632 [DEBUG] cnn_neat: Removed 2 edges (requested 3)
2026-08-14 23:51:58,636 [DEBUG] cnn_neat: Split edge 0→3, new hidden node 5 (pool=6)
2026-08-14 23:51:58,639 [DEBUG] cnn_neat: Split edge 0→3, new hidden node 5 (pool=4)
2026-08-14 23:51:58,644 [DEBUG] cnn_neat: Added edge 4→1 (from 3 candidates)
2026-08-14 23:51:58,648 [DEBUG] cnn_neat: Added edge 3→2 (from 7 candidates)
2026-08-14 23:51:58,655 [DEBUG] cnn_neat: Split edge 0→1, new hidden node 5 (pool=1)
2026-08-14 23:51:58,660 [DEBUG] cnn_neat: Removed hidden node 4 (pool=1)
2026-08-14 23:51:58,662 [DEBUG] cnn_neat: Removed edge 0→4 (from 3 candidates)
2026-08-14 23:51:58,666 [DEBUG] cnn_neat: Removed 2 edges (requested 3)
2026-08-14 23:51:58,669 [DEBUG] cnn_neat: Split edge 0→1, new hidden node 5 (pool=2)
2026-08-14 23:51:58,671 [DEBUG] cnn_neat: Added edge 0→4 (from 1 candidates)
2026-08-14 23:51:58,675 [DEBUG] cnn_neat: Split edge 0→5, new hidden node 6 (pool=3)
2026-08-14 23:51:58,678 [DEBUG] cnn_neat: Removed hidden node 4 (pool=1)
2026-08-14 23:51:58,683 [DEBUG] cnn_neat: Added edge 0→4 (from 4 candidates)
2026-08-14 23:51:58,688 [DEBUG] cnn_neat: Split edge 5→1, new hidden node 7 (pool=4)
2026-08-14 23:51:58,691 [DEBUG] cnn_neat: Removed edge 4→1 (from 1 candidates)
2026-08-14 23:51:58,695 [DEBUG] cnn_neat: Removed hidden node 4 (pool=1)
2026-08-14 23:51:58,698 [DEBUG] cnn_neat: Added edge 6→4 (from 7 candidates)
2026-08-14 23:51:58,703 [DEBUG] cnn_neat: Split edge 0→4, new hidden node 5 (pool=2)
2026-08-14 23:51:58,705 [DEBUG] cnn_neat: Added edge 0→2 (from 1 candidates)
2026-08-14 23:51:58,791 [DEBUG] cnn_neat: Removed hidden node 2 (pool=1)
2026-08-14 23:51:58,793 [DEBUG] cnn_neat: Removed edge 4→2 (from 3 candidates)
2026-08-14 23:51:58,794 [DEBUG] cnn_neat: Removed 2 edges (requested 3)
2026-08-14 23:51:58,805 [DEBUG] cnn_neat: Added edge 6→3 (from 9 candidates)
2026-08-14 23:51:58,820 [DEBUG] cnn_neat: Split edge 3→5, new hidden node 7 (pool=7)
2026-08-14 23:51:58,828 [DEBUG] cnn_neat: Added edge 2→4 (from 10 candidates)
2026-08-14 23:51:58,836 [DEBUG] cnn_neat: Split edge 4→3, new hidden node 8 (pool=2)
2026-08-14 23:51:58,843 [DEBUG] cnn_neat: Removed hidden node 4 (pool=1)
2026-08-14 23:51:58,848 [DEBUG] cnn_neat: Added edge 0→4 (from 13 candidates)
2026-08-14 23:51:58,856 [DEBUG] cnn_neat: Split edge 2→1, new hidden node 5 (pool=4)
2026-08-14 23:51:58,861 [DEBUG] cnn_neat: Added edge 0→4 (from 4 candidates)
2026-08-14 23:51:58,871 [DEBUG] cnn_neat: Split edge 0→4, new hidden node 5 (pool=5)
2026-08-14 23:51:58,876 [DEBUG] cnn_neat: Added edge 4→1 (from 4 candidates)
2026-08-14 23:51:58,878 [DEBUG] cnn_neat: Split edge 5→4, new hidden node 6 (pool=6)
2026-08-14 23:51:58,881 [DEBUG] cnn_neat: Removed hidden node 3 (pool=1)
2026-08-14 23:51:58,882 [DEBUG] cnn_neat: Added edge 5→2 (from 7 candidates)
2026-08-14 23:51:58,885 [DEBUG] cnn_neat: Split edge 2→1, new hidden node 4 (pool=2)
2026-08-14 23:51:58,885 [DEBUG] cnn_neat: Added edge 0→3 (from 2 candidates)
2026-08-14 23:51:58,890 [DEBUG] cnn_neat: Removed hidden node 3 (pool=1)
2026-08-14 23:51:58,891 [DEBUG] cnn_neat: Removed edge 2→3 (from 1 candidates)
2026-08-14 23:51:58,892 [DEBUG] cnn_neat: Removed 1 edges (requested 3)
2026-08-14 23:51:58,897 [DEBUG] cnn_neat: Split edge 5→1, new hidden node 6 (pool=3)
2026-08-14 23:51:58,900 [DEBUG] cnn_neat: Added edge 0→5 (from 2 candidates)
2026-08-14 23:51:58,910 [DEBUG] cnn_neat: Split edge 5→6, new hidden node 7 (pool=4)
2026-08-14 23:51:58,913 [DEBUG] cnn_neat: Split edge 0→3, new hidden node 6 (pool=4)
2026-08-14 23:51:58,915 [DEBUG] cnn_neat: Added edge 0→6 (from 4 candidates)
2026-08-14 23:51:58,919 [DEBUG] cnn_neat: Added edge 0→1 (from 2 candidates)
2026-08-14 23:51:58,925 [DEBUG] cnn_neat: Split edge 2→1, new hidden node 4 (pool=4)
2026-08-14 23:51:58,926 [DEBUG] cnn_neat: Added edge 0→1 (from 2 candidates)
2026-08-14 23:51:58,928 [DEBUG] cnn_neat: Removed hidden node 3 (pool=1)
2026-08-14 23:51:58,930 [DEBUG] cnn_neat: Removed edge 0→3 (from 2 candidates)
2026-08-14 23:51:58,933 [DEBUG] cnn_neat: Removed 2 edges (requested 3)
2026-08-14 23:51:58,938 [DEBUG] cnn_neat: Split edge 0→2, new hidden node 5 (pool=5)
2026-08-14 23:51:59,018 [DEBUG] cnn_neat: Added edge 4→3 (from 5 candidates)
2026-08-14 23:51:59,024 [DEBUG] cnn_neat: Split edge 2→3, new hidden node 6 (pool=6)
2026-08-14 23:51:59,031 [DEBUG] cnn_neat: Removed hidden node 3 (pool=1)
2026-08-14 23:51:59,034 [DEBUG] cnn_neat: Added edge 4→3 (from 7 candidates)
2026-08-14 23:51:59,035 [DEBUG] cnn_neat: Split edge 4→1, new hidden node 5 (pool=6)
2026-08-14 23:51:59,045 [DEBUG] cnn_neat: Split edge 0→3, new hidden node 6 (pool=4)
2026-08-14 23:51:59,046 [DEBUG] cnn_neat: Added edge 2→5 (from 7 candidates)
2026-08-14 23:51:59,048 [DEBUG] cnn_neat: Removed hidden node 2 (pool=1)
2026-08-14 23:51:59,049 [DEBUG] cnn_neat: Removed edge 0→2 (from 1 candidates)
2026-08-14 23:51:59,050 [DEBUG] cnn_neat: Removed 1 edges (requested 3)
2026-08-14 23:51:59,052 [DEBUG] cnn_neat: Split edge 6→3, new hidden node 7 (pool=5)
2026-08-14 23:51:59,054 [DEBUG] cnn_neat: Added edge 5→2 (from 10 candidates)
2026-08-14 23:51:59,057 [DEBUG] cnn_neat: Split edge 7→3, new hidden node 8 (pool=6)
2026-08-14 23:51:59,062 [DEBUG] cnn_neat: Removed hidden node 2 (pool=1)
2026-08-14 23:51:59,064 [DEBUG] cnn_neat: Added edge 0→3 (from 14 candidates)
2026-08-14 23:51:59,074 [DEBUG] cnn_neat: Split edge 5→1, new hidden node 7 (pool=5)
2026-08-14 23:51:59,079 [DEBUG] cnn_neat: Added edge 5→2 (from 13 candidates)
2026-08-14 23:51:59,082 [DEBUG] cnn_neat: Removed hidden node 2 (pool=2)
2026-08-14 23:51:59,084 [DEBUG] cnn_neat: Removed edge 6→2 (from 2 candidates)
2026-08-14 23:51:59,090 [DEBUG] cnn_neat: Removed 2 edges (requested 3)
2026-08-14 23:51:59,095 [DEBUG] cnn_neat: Split edge 5→7, new hidden node 8 (pool=6)
2026-08-14 23:51:59,099 [DEBUG] cnn_neat: Split edge 6→2, new hidden node 7 (pool=6)
2026-08-14 23:51:59,114 [DEBUG] cnn_neat: Split edge 0→3, new hidden node 7 (pool=4)
2026-08-14 23:51:59,125 [DEBUG] cnn_neat: Added edge 0→4 (from 9 candidates)
2026-08-14 23:51:59,133 [DEBUG] cnn_neat: Split edge 0→2, new hidden node 4 (pool=3)
2026-08-14 23:51:59,137 [DEBUG] cnn_neat: Added edge 0→3 (from 2 candidates)
2026-08-14 23:51:59,146 [DEBUG] cnn_neat: Split edge 0→1, new hidden node 5 (pool=1)
2026-08-14 23:51:59,149 [DEBUG] cnn_neat: Added edge 4→1 (from 1 candidates)
2026-08-14 23:51:59,155 [DEBUG] cnn_neat: Removed hidden node 4 (pool=1)
2026-08-14 23:51:59,157 [DEBUG] cnn_neat: Removed edge 0→4 (from 1 candidates)
2026-08-14 23:51:59,160 [DEBUG] cnn_neat: Removed 1 edges (requested 3)
2026-08-14 23:51:59,163 [DEBUG] cnn_neat: Split edge 4→3, new hidden node 5 (pool=4)
2026-08-14 23:51:59,165 [DEBUG] cnn_neat: Added edge 0→3 (from 4 candidates)
2026-08-14 23:51:59,175 [DEBUG] cnn_neat: Split edge 2→3, new hidden node 5 (pool=4)
2026-08-14 23:51:59,254 [DEBUG] cnn_neat: Added edge 2→4 (from 4 candidates)
2026-08-14 23:51:59,271 [DEBUG] cnn_neat: Split edge 0→4, new hidden node 6 (pool=4)
2026-08-14 23:51:59,274 [DEBUG] cnn_neat: Added edge 0→5 (from 4 candidates)
2026-08-14 23:51:59,284 [DEBUG] cnn_neat: Split edge 2→1, new hidden node 5 (pool=3)
2026-08-14 23:51:59,288 [DEBUG] cnn_neat: Added edge 0→2 (from 2 candidates)
2026-08-14 23:51:59,292 [DEBUG] cnn_neat: Split edge 3→1, new hidden node 4 (pool=2)
2026-08-14 23:51:59,295 [DEBUG] cnn_neat: Added edge 0→1 (from 1 candidates)
2026-08-14 23:51:59,307 [DEBUG] cnn_neat: Split edge 0→1, new hidden node 4 (pool=1)
2026-08-14 23:51:59,313 [DEBUG] cnn_neat: Split edge 0→3, new hidden node 5 (pool=4)
2026-08-14 23:51:59,315 [DEBUG] cnn_neat: Removed hidden node 3 (pool=1)
2026-08-14 23:51:59,316 [DEBUG] cnn_neat: Added edge 3→4 (from 3 candidates)
2026-08-14 23:51:59,318 [DEBUG] cnn_neat: Split edge 0→4, new hidden node 6 (pool=2)
2026-08-14 23:51:59,320 [DEBUG] cnn_neat: Removed edge 0→1 (from 3 candidates)
2026-08-14 23:51:59,327 [DEBUG] cnn_neat: Removed hidden node 4 (pool=2)
2026-08-14 23:51:59,329 [DEBUG] cnn_neat: Added edge 3→4 (from 6 candidates)
2026-08-14 23:51:59,336 [DEBUG] cnn_neat: Split edge 0→3, new hidden node 4 (pool=3)
2026-08-14 23:51:59,339 [DEBUG] cnn_neat: Added edge 3→2 (from 4 candidates)
2026-08-14 23:51:59,350 [DEBUG] cnn_neat: Removed hidden node 2 (pool=1)
2026-08-14 23:51:59,356 [DEBUG] cnn_neat: Removed edge 0→2 (from 1 candidates)
2026-08-14 23:51:59,360 [DEBUG] cnn_neat: Removed 1 edges (requested 3)
2026-08-14 23:51:59,363 [DEBUG] cnn_neat: Split edge 0→3, new hidden node 4 (pool=4)
2026-08-14 23:51:59,364 [DEBUG] cnn_neat: Added edge 0→1 (from 2 candidates)
2026-08-14 23:51:59,365 [DEBUG] cnn_neat: Split edge 0→2, new hidden node 5 (pool=5)
2026-08-14 23:51:59,367 [DEBUG] cnn_neat: Removed hidden node 2 (pool=1)
2026-08-14 23:51:59,368 [DEBUG] cnn_neat: Added edge 4→2 (from 4 candidates)
2026-08-14 23:51:59,369 [DEBUG] cnn_neat: Split edge 0→1, new hidden node 4 (pool=1)
2026-08-14 23:51:59,378 [DEBUG] cnn_neat: Split edge 4→2, new hidden node 5 (pool=4)
2026-08-14 23:51:59,389 [DEBUG] cnn_neat: Added edge 2→1 (from 4 candidates)
2026-08-14 23:51:59,410 [DEBUG] cnn_neat: Split edge 3→1, new hidden node 5 (pool=5)
2026-08-14 23:51:59,414 [DEBUG] cnn_neat: Added edge 4→1 (from 4 candidates)
2026-08-14 23:51:59,422 [DEBUG] cnn_neat: Removed hidden node 4 (pool=1)
2026-08-14 23:51:59,426 [DEBUG] cnn_neat: Removed edge 2→4 (from 3 candidates)
2026-08-14 23:51:59,434 [DEBUG] cnn_neat: Removed 2 edges (requested 3)
2026-08-14 23:51:59,436 [DEBUG] cnn_neat: Split edge 2→3, new hidden node 6 (pool=6)
2026-08-14 23:51:59,522 [DEBUG] cnn_neat: Split edge 2→3, new hidden node 5 (pool=6)
2026-08-14 23:51:59,526 [DEBUG] cnn_neat: Split edge 3→1, new hidden node 5 (pool=4)
2026-08-14 23:51:59,536 [DEBUG] cnn_neat: Split edge 0→5, new hidden node 6 (pool=5)
2026-08-14 23:51:59,543 [DEBUG] cnn_neat: Added edge 2→4 (from 6 candidates)
2026-08-14 23:51:59,557 [DEBUG] cnn_neat: Split edge 0→5, new hidden node 6 (pool=6)
2026-08-14 23:51:59,560 [DEBUG] cnn_neat: Added edge 2→4 (from 9 candidates)
2026-08-14 23:51:59,564 [DEBUG] cnn_neat: Added edge 0→2 (from 6 candidates)
2026-08-14 23:51:59,567 [DEBUG] cnn_neat: Split edge 4→1, new hidden node 7 (pool=7)
2026-08-14 23:51:59,572 [DEBUG] cnn_neat: Removed hidden node 3 (pool=1)
2026-08-14 23:51:59,575 [DEBUG] cnn_neat: Split edge 4→1, new hidden node 5 (pool=2)
2026-08-14 23:51:59,576 [DEBUG] cnn_neat: Added edge 0→2 (from 1 candidates)
2026-08-14 23:51:59,578 [DEBUG] cnn_neat: Removed hidden node 2 (pool=1)
2026-08-14 23:51:59,579 [DEBUG] cnn_neat: Removed edge 2→1 (from 3 candidates)
2026-08-14 23:51:59,586 [DEBUG] cnn_neat: Removed 2 edges (requested 3)
2026-08-14 23:51:59,596 [DEBUG] cnn_neat: Split edge 2→1, new hidden node 5 (pool=5)
2026-08-14 23:51:59,614 [DEBUG] cnn_neat: Added edge 0→1 (from 1 candidates)
2026-08-14 23:51:59,619 [DEBUG] cnn_neat: Removed hidden node 2 (pool=2)
2026-08-14 23:51:59,628 [DEBUG] cnn_neat: Removed edge 0→2 (from 5 candidates)
2026-08-14 23:51:59,635 [DEBUG] cnn_neat: Removed 3 edges (requested 3)
2026-08-14 23:51:59,639 [DEBUG] cnn_neat: Split edge 0→4, new hidden node 6 (pool=3)
2026-08-14 23:51:59,643 [DEBUG] cnn_neat: Added edge 0→5 (from 3 candidates)
2026-08-14 23:51:59,724 [DEBUG] cnn_neat: Split edge 6→4, new hidden node 7 (pool=7)
2026-08-14 23:51:59,749 [DEBUG] cnn_neat: Removed hidden node 4 (pool=3)
2026-08-14 23:51:59,757 [DEBUG] cnn_neat: Added edge 6→2 (from 7 candidates)
2026-08-14 23:51:59,759 [DEBUG] cnn_neat: Split edge 5→1, new hidden node 6 (pool=7)
2026-08-14 23:51:59,763 [DEBUG] cnn_neat: Split edge 2→1, new hidden node 4 (pool=2)
2026-08-14 23:51:59,765 [DEBUG] cnn_neat: Added edge 3→1 (from 2 candidates)
2026-08-14 23:51:59,769 [DEBUG] cnn_neat: Removed hidden node 3 (pool=1)
2026-08-14 23:51:59,771 [DEBUG] cnn_neat: Removed edge 2→3 (from 1 candidates)
2026-08-14 23:51:59,772 [DEBUG] cnn_neat: Removed 1 edges (requested 3)
2026-08-14 23:51:59,777 [DEBUG] cnn_neat: Split edge 2→4, new hidden node 5 (pool=4)
2026-08-14 23:51:59,779 [DEBUG] cnn_neat: Added edge 0→4 (from 6 candidates)
2026-08-14 23:51:59,784 [DEBUG] cnn_neat: Removed hidden node 3 (pool=1)
2026-08-14 23:51:59,786 [DEBUG] cnn_neat: Removed edge 2→3 (from 1 candidates)
2026-08-14 23:51:59,788 [DEBUG] cnn_neat: Removed 1 edges (requested 3)
2026-08-14 23:51:59,791 [DEBUG] cnn_neat: Split edge 2→5, new hidden node 6 (pool=5)
2026-08-14 23:51:59,794 [DEBUG] cnn_neat: Split edge 0→4, new hidden node 5 (pool=3)
2026-08-14 23:51:59,798 [DEBUG] cnn_neat: Added edge 2→4 (from 10 candidates)
2026-08-14 23:51:59,801 [DEBUG] cnn_neat: Added edge 3→4 (from 5 candidates)
2026-08-14 23:51:59,805 [DEBUG] cnn_neat: Split edge 0→3, new hidden node 5 (pool=3)
2026-08-14 23:51:59,807 [DEBUG] cnn_neat: Added edge 0→4 (from 4 candidates)
2026-08-14 23:51:59,810 [DEBUG] cnn_neat: Removed hidden node 4 (pool=2)
2026-08-14 23:51:59,812 [DEBUG] cnn_neat: Removed edge 4→3 (from 2 candidates)
2026-08-14 23:51:59,815 [DEBUG] cnn_neat: Removed 3 edges (requested 3)
2026-08-14 23:51:59,817 [DEBUG] cnn_neat: Split edge 0→2, new hidden node 6 (pool=2)
2026-08-14 23:51:59,819 [DEBUG] cnn_neat: Split edge 4→3, new hidden node 5 (pool=6)
2026-08-14 23:51:59,822 [DEBUG] cnn_neat: Split edge 0→4, new hidden node 5 (pool=4)
2026-08-14 23:51:59,825 [DEBUG] cnn_neat: Added edge 0→3 (from 7 candidates)
2026-08-14 23:51:59,830 [DEBUG] cnn_neat: Removed hidden node 2 (pool=1)
2026-08-14 23:51:59,832 [DEBUG] cnn_neat: Removed edge 0→2 (from 1 candidates)
2026-08-14 23:51:59,834 [DEBUG] cnn_neat: Removed 1 edges (requested 3)
2026-08-14 23:51:59,837 [DEBUG] cnn_neat: Split edge 0→2, new hidden node 6 (pool=5)
2026-08-14 23:51:59,839 [DEBUG] cnn_neat: Split edge 0→3, new hidden node 5 (pool=5)
2026-08-14 23:51:59,841 [DEBUG] cnn_neat: Split edge 0→4, new hidden node 5 (pool=3)
2026-08-14 23:51:59,846 [DEBUG] cnn_neat: Split edge 4→5, new hidden node 6 (pool=5)
2026-08-14 23:51:59,849 [DEBUG] cnn_neat: Added edge 4→2 (from 6 candidates)
2026-08-14 23:51:59,860 [DEBUG] cnn_neat: Split edge 4→5, new hidden node 6 (pool=6)
2026-08-14 23:51:59,863 [DEBUG] cnn_neat: Added edge 0→5 (from 9 candidates)
2026-08-14 23:51:59,867 [DEBUG] cnn_neat: Added edge 4→3 (from 7 candidates)
2026-08-14 23:51:59,871 [DEBUG] cnn_neat: Split edge 5→2, new hidden node 7 (pool=7)
2026-08-14 23:51:59,877 [DEBUG] cnn_neat: Split edge 0→2, new hidden node 6 (pool=6)
2026-08-14 23:51:59,879 [DEBUG] cnn_neat: Saved generation 1
2026-08-14 23:51:59,934 [DEBUG] cnn_neat: Added edge 0→5 (from 8 candidates)
2026-08-14 23:51:59,935 [DEBUG] cnn_neat: Selected 25 elite individuals
2026-08-14 23:51:59,956 [DEBUG] cnn_neat: Removed hidden node 4 (pool=2)
2026-08-14 23:51:59,993 [DEBUG] cnn_neat: Removed edge 2→4 (from 4 candidates)
2026-08-14 23:52:00,008 [DEBUG] cnn_neat: Removed 2 edges (requested 3)
2026-08-14 23:52:00,022 [DEBUG] cnn_neat: Split edge 5→3, new hidden node 7 (pool=7)
2026-08-14 23:52:00,030 [DEBUG] cnn_neat: Split edge 3→1, new hidden node 6 (pool=7)
2026-08-14 23:52:00,049 [DEBUG] cnn_neat: Added edge 3→2 (from 9 candidates)
2026-08-14 23:52:00,067 [DEBUG] cnn_neat: Split edge 3→2, new hidden node 7 (pool=7)
2026-08-14 23:52:00,073 [DEBUG] cnn_neat: Added edge 0→2 (from 9 candidates)
2026-08-14 23:52:00,231 [DEBUG] cnn_neat: Split edge 3→7, new hidden node 8 (pool=4)
2026-08-14 23:52:00,237 [DEBUG] cnn_neat: Split edge 4→3, new hidden node 7 (pool=12)
2026-08-14 23:52:00,243 [DEBUG] cnn_neat: Removed hidden node 4 (pool=1)
2026-08-14 23:52:00,245 [DEBUG] cnn_neat: Added edge 0→3 (from 8 candidates)
2026-08-14 23:52:00,251 [DEBUG] cnn_neat: Added edge 0→4 (from 14 candidates)
2026-08-14 23:52:00,254 [DEBUG] cnn_neat: Removed hidden node 4 (pool=4)
2026-08-14 23:52:00,256 [DEBUG] cnn_neat: Removed edge 4→3 (from 11 candidates)
2026-08-14 23:52:00,261 [DEBUG] cnn_neat: Removed 3 edges (requested 3)
2026-08-14 23:52:00,263 [DEBUG] cnn_neat: Crossover rejected: union topology invalid (edges=18 nodes=12)
2026-08-14 23:52:00,266 [DEBUG] cnn_neat: Split edge 6→2, new hidden node 7 (pool=12)
2026-08-14 23:52:00,269 [DEBUG] cnn_neat: Added edge 4→1 (from 8 candidates)
2026-08-14 23:52:00,271 [DEBUG] cnn_neat: Added edge 5→1 (from 7 candidates)
2026-08-14 23:52:00,273 [DEBUG] cnn_neat: Added edge 0→3 (from 6 candidates)
2026-08-14 23:52:00,277 [DEBUG] cnn_neat: Added edge 4→2 (from 4 candidates)
2026-08-14 23:52:00,280 [DEBUG] cnn_neat: Added edge 3→1 (from 3 candidates)
2026-08-14 23:52:00,282 [DEBUG] cnn_neat: Split edge 5→6, new hidden node 8 (pool=7)
2026-08-14 23:52:00,284 [DEBUG] cnn_neat: Added edge 0→3 (from 15 candidates)
2026-08-14 23:52:00,288 [DEBUG] cnn_neat: Removed hidden node 3 (pool=3)
2026-08-14 23:52:00,290 [DEBUG] cnn_neat: Removed edge 2→3 (from 4 candidates)
2026-08-14 23:52:00,292 [DEBUG] cnn_neat: Split edge 4→6, new hidden node 8 (pool=7)
2026-08-14 23:52:00,296 [DEBUG] cnn_neat: Removed 3 edges (requested 3)
2026-08-14 23:52:00,297 [DEBUG] cnn_neat: Split edge 0→5, new hidden node 7 (pool=4)
2026-08-14 23:52:00,300 [DEBUG] cnn_neat: Crossover rejected: union topology invalid (edges=10 nodes=9)
2026-08-14 23:52:00,302 [DEBUG] cnn_neat: Split edge 0→5, new hidden node 8 (pool=7)
2026-08-14 23:52:00,304 [DEBUG] cnn_neat: Added edge 5→2 (from 15 candidates)
2026-08-14 23:52:00,306 [DEBUG] cnn_neat: Added edge 7→1 (from 16 candidates)
2026-08-14 23:52:00,309 [DEBUG] cnn_neat: Added edge 6→1 (from 14 candidates)
2026-08-14 23:52:00,311 [DEBUG] cnn_neat: Added edge 7→3 (from 12 candidates)
2026-08-14 23:52:00,314 [DEBUG] cnn_neat: Added edge 3→1 (from 12 candidates)
2026-08-14 23:52:00,317 [DEBUG] cnn_neat: Split edge 6→1, new hidden node 7 (pool=1)
2026-08-14 23:52:00,319 [DEBUG] cnn_neat: Added edge 5→4 (from 7 candidates)
2026-08-14 23:52:00,323 [DEBUG] cnn_neat: Removed hidden node 4 (pool=1)
2026-08-14 23:52:00,325 [DEBUG] cnn_neat: Removed edge 6→4 (from 3 candidates)
2026-08-14 23:52:00,326 [DEBUG] cnn_neat: Removed 1 edges (requested 3)
2026-08-14 23:52:00,329 [DEBUG] cnn_neat: Added edge 3→4 (from 9 candidates)
2026-08-14 23:52:00,332 [DEBUG] cnn_neat: Crossover rejected: union topology invalid (edges=13 nodes=11)
2026-08-14 23:52:00,334 [DEBUG] cnn_neat: Split edge 6→1, new hidden node 7 (pool=1)
2026-08-14 23:52:00,336 [DEBUG] cnn_neat: Added edge 2→5 (from 11 candidates)
2026-08-14 23:52:00,339 [DEBUG] cnn_neat: Added edge 0→5 (from 7 candidates)
2026-08-14 23:52:00,342 [DEBUG] cnn_neat: Added edge 5→4 (from 10 candidates)
2026-08-14 23:52:00,344 [DEBUG] cnn_neat: Added edge 0→4 (from 11 candidates)
2026-08-14 23:52:00,347 [DEBUG] cnn_neat: Added edge 2→1 (from 10 candidates)
2026-08-14 23:52:00,349 [DEBUG] cnn_neat: Added edge 3→6 (from 9 candidates)
2026-08-14 23:52:00,351 [DEBUG] cnn_neat: Split edge 0→5, new hidden node 7 (pool=6)
2026-08-14 23:52:00,353 [DEBUG] cnn_neat: Added edge 4→5 (from 8 candidates)
2026-08-14 23:52:00,356 [DEBUG] cnn_neat: Removed hidden node 6 (pool=2)
2026-08-14 23:52:00,359 [DEBUG] cnn_neat: Removed edge 0→4 (from 4 candidates)
2026-08-14 23:52:00,361 [DEBUG] cnn_neat: Removed 3 edges (requested 3)
2026-08-14 23:52:00,362 [DEBUG] cnn_neat: Split edge 0→5, new hidden node 6 (pool=3)
2026-08-14 23:52:00,365 [DEBUG] cnn_neat: Crossover rejected: copied edge has no live Conv2d
2026-08-14 23:52:00,367 [DEBUG] cnn_neat: Split edge 0→5, new hidden node 7 (pool=6)
2026-08-14 23:52:00,368 [DEBUG] cnn_neat: Added edge 4→5 (from 13 candidates)
2026-08-14 23:52:00,370 [DEBUG] cnn_neat: Added edge 4→1 (from 8 candidates)
2026-08-14 23:52:00,372 [DEBUG] cnn_neat: Added edge 4→5 (from 7 candidates)
2026-08-14 23:52:00,375 [DEBUG] cnn_neat: Added edge 5→1 (from 6 candidates)
2026-08-14 23:52:00,377 [DEBUG] cnn_neat: Added edge 6→2 (from 5 candidates)
2026-08-14 23:52:00,380 [DEBUG] cnn_neat: Added edge 6→1 (from 4 candidates)
2026-08-14 23:52:00,382 [DEBUG] cnn_neat: Split edge 5→6, new hidden node 7 (pool=6)
2026-08-14 23:52:00,384 [DEBUG] cnn_neat: Added edge 6→1 (from 7 candidates)
2026-08-14 23:52:00,387 [DEBUG] cnn_neat: Removed hidden node 4 (pool=1)
2026-08-14 23:52:00,388 [DEBUG] cnn_neat: Split edge 5→6, new hidden node 7 (pool=4)
2026-08-14 23:52:00,389 [DEBUG] cnn_neat: Removed edge 5→4 (from 3 candidates)
2026-08-14 23:52:00,392 [DEBUG] cnn_neat: Removed 2 edges (requested 3)
2026-08-14 23:52:00,393 [DEBUG] cnn_neat: Split edge 2→1, new hidden node 7 (pool=4)
2026-08-14 23:52:00,396 [DEBUG] cnn_neat: Crossover rejected: union topology invalid (edges=13 nodes=11)
2026-08-14 23:52:00,398 [DEBUG] cnn_neat: Split edge 5→6, new hidden node 7 (pool=6)
2026-08-14 23:52:00,401 [DEBUG] cnn_neat: Added edge 7→4 (from 10 candidates)
2026-08-14 23:52:00,403 [DEBUG] cnn_neat: Added edge 5→2 (from 7 candidates)
2026-08-14 23:52:00,405 [DEBUG] cnn_neat: Added edge 0→2 (from 7 candidates)
2026-08-14 23:52:00,407 [DEBUG] cnn_neat: Added edge 4→2 (from 6 candidates)
2026-08-14 23:52:00,409 [DEBUG] cnn_neat: Added edge 5→1 (from 5 candidates)
2026-08-14 23:52:00,411 [DEBUG] cnn_neat: Added edge 0→6 (from 4 candidates)
2026-08-14 23:52:00,413 [DEBUG] cnn_neat: Split edge 2→3, new hidden node 5 (pool=6)
2026-08-14 23:52:00,415 [DEBUG] cnn_neat: Added edge 4→2 (from 5 candidates)
2026-08-14 23:52:00,418 [DEBUG] cnn_neat: Removed hidden node 2 (pool=2)
2026-08-14 23:52:00,420 [DEBUG] cnn_neat: Removed edge 0→4 (from 5 candidates)
2026-08-14 23:52:00,423 [DEBUG] cnn_neat: Removed 3 edges (requested 3)
2026-08-14 23:52:00,425 [DEBUG] cnn_neat: Crossover rejected: union topology invalid (edges=13 nodes=10)
2026-08-14 23:52:00,427 [DEBUG] cnn_neat: Split edge 4→3, new hidden node 5 (pool=6)
2026-08-14 23:52:00,429 [DEBUG] cnn_neat: Added edge 4→2 (from 5 candidates)
2026-08-14 23:52:00,431 [DEBUG] cnn_neat: Added edge 4→1 (from 3 candidates)
2026-08-14 23:52:00,433 [DEBUG] cnn_neat: Added edge 2→1 (from 2 candidates)
2026-08-14 23:52:00,435 [DEBUG] cnn_neat: Added edge 0→1 (from 1 candidates)
2026-08-14 23:52:00,438 [DEBUG] cnn_neat: Split edge 2→1, new hidden node 7 (pool=7)
2026-08-14 23:52:00,440 [DEBUG] cnn_neat: Added edge 0→6 (from 9 candidates)
2026-08-14 23:52:00,444 [DEBUG] cnn_neat: Removed hidden node 4 (pool=3)
2026-08-14 23:52:00,445 [DEBUG] cnn_neat: Split edge 6→2, new hidden node 7 (pool=4)
2026-08-14 23:52:00,447 [DEBUG] cnn_neat: Removed edge 5→4 (from 6 candidates)
2026-08-14 23:52:00,451 [DEBUG] cnn_neat: Removed 3 edges (requested 3)
2026-08-14 23:52:00,454 [DEBUG] cnn_neat: Crossover rejected: union topology invalid (edges=14 nodes=10)
2026-08-14 23:52:00,455 [DEBUG] cnn_neat: Split edge 4→6, new hidden node 7 (pool=7)
2026-08-14 23:52:00,458 [DEBUG] cnn_neat: Added edge 3→1 (from 9 candidates)
2026-08-14 23:52:00,460 [DEBUG] cnn_neat: Added edge 6→3 (from 7 candidates)
2026-08-14 23:52:00,462 [DEBUG] cnn_neat: Added edge 6→1 (from 7 candidates)
2026-08-14 23:52:00,466 [DEBUG] cnn_neat: Added edge 0→6 (from 6 candidates)
2026-08-14 23:52:00,469 [DEBUG] cnn_neat: Added edge 5→1 (from 8 candidates)
2026-08-14 23:52:00,470 [DEBUG] cnn_neat: Split edge 0→5, new hidden node 7 (pool=4)
2026-08-14 23:52:00,472 [DEBUG] cnn_neat: Added edge 5→2 (from 4 candidates)
2026-08-14 23:52:00,473 [DEBUG] cnn_neat: Split edge 5→6, new hidden node 7 (pool=4)
2026-08-14 23:52:00,475 [DEBUG] cnn_neat: Added edge 5→6 (from 6 candidates)
2026-08-14 23:52:00,478 [DEBUG] cnn_neat: Split edge 5→6, new hidden node 7 (pool=4)
2026-08-14 23:52:00,479 [DEBUG] cnn_neat: Added edge 0→6 (from 6 candidates)
2026-08-14 23:52:00,482 [DEBUG] cnn_neat: Split edge 6→2, new hidden node 7 (pool=4)
2026-08-14 23:52:00,483 [DEBUG] cnn_neat: Crossover union: A_edges=4 B_added=4 dup_skipped=0 child_edges=8 nodes=8
2026-08-14 23:52:00,486 [DEBUG] cnn_neat: Added edge 0→6 (from 4 candidates)
2026-08-14 23:52:00,488 [DEBUG] cnn_neat: Added edge 5→2 (from 4 candidates)
2026-08-14 23:52:00,489 [DEBUG] cnn_neat: Added edge 5→1 (from 3 candidates)
2026-08-14 23:52:00,491 [DEBUG] cnn_neat: Added edge 0→2 (from 2 candidates)
2026-08-14 23:52:00,493 [DEBUG] cnn_neat: Added edge 0→1 (from 2 candidates)
2026-08-14 23:52:00,494 [DEBUG] cnn_neat: Split edge 6→2, new hidden node 7 (pool=5)
2026-08-14 23:52:00,496 [DEBUG] cnn_neat: Added edge 5→2 (from 14 candidates)
2026-08-14 23:52:00,499 [DEBUG] cnn_neat: Removed hidden node 4 (pool=2)
2026-08-14 23:52:00,500 [DEBUG] cnn_neat: Split edge 2→1, new hidden node 7 (pool=4)
2026-08-14 23:52:00,502 [DEBUG] cnn_neat: Removed edge 2→3 (from 2 candidates)
2026-08-14 23:52:00,503 [DEBUG] cnn_neat: Split edge 2→1, new hidden node 7 (pool=5)
2026-08-14 23:52:00,506 [DEBUG] cnn_neat: Removed 2 edges (requested 3)
2026-08-14 23:52:00,507 [DEBUG] cnn_neat: Split edge 2→1, new hidden node 7 (pool=4)
2026-08-14 23:52:00,509 [DEBUG] cnn_neat: Added edge 2→1 (from 6 candidates)
2026-08-14 23:52:00,511 [DEBUG] cnn_neat: Crossover rejected: copied edge has no live Conv2d
2026-08-14 23:52:00,513 [DEBUG] cnn_neat: Split edge 6→2, new hidden node 7 (pool=5)
2026-08-14 23:52:00,514 [DEBUG] cnn_neat: Added edge 7→4 (from 19 candidates)
2026-08-14 23:52:00,516 [DEBUG] cnn_neat: Added edge 4→6 (from 14 candidates)
2026-08-14 23:52:00,518 [DEBUG] cnn_neat: Added edge 6→3 (from 10 candidates)
2026-08-14 23:52:00,519 [DEBUG] cnn_neat: Added edge 5→3 (from 11 candidates)
2026-08-14 23:52:00,521 [DEBUG] cnn_neat: Added edge 4→3 (from 10 candidates)
2026-08-14 23:52:00,523 [DEBUG] cnn_neat: Added edge 0→3 (from 9 candidates)
2026-08-14 23:52:00,525 [DEBUG] cnn_neat: Split edge 2→5, new hidden node 7 (pool=7)
2026-08-14 23:52:00,528 [DEBUG] cnn_neat: Added edge 2→1 (from 11 candidates)
2026-08-14 23:52:00,531 [DEBUG] cnn_neat: Removed hidden node 4 (pool=2)
2026-08-14 23:52:00,533 [DEBUG] cnn_neat: Split edge 2→5, new hidden node 7 (pool=5)
2026-08-14 23:52:00,535 [DEBUG] cnn_neat: Removed edge 3→5 (from 4 candidates)
2026-08-14 23:52:00,537 [DEBUG] cnn_neat: Added edge 4→5 (from 9 candidates)
2026-08-14 23:52:00,540 [DEBUG] cnn_neat: Removed hidden node 2 (pool=1)
2026-08-14 23:52:00,542 [DEBUG] cnn_neat: Removed 1 edges (requested 3)
2026-08-14 23:52:00,545 [DEBUG] cnn_neat: Added edge 4→6 (from 9 candidates)
2026-08-14 23:52:00,548 [DEBUG] cnn_neat: Crossover union: A_edges=7 B_added=7 dup_skipped=0 child_edges=14 nodes=12
2026-08-14 23:52:00,551 [DEBUG] cnn_neat: Added edge 4→5 (from 11 candidates)
2026-08-14 23:52:00,553 [DEBUG] cnn_neat: Added edge 4→1 (from 10 candidates)
2026-08-14 23:52:00,555 [DEBUG] cnn_neat: Added edge 2→6 (from 8 candidates)
2026-08-14 23:52:00,557 [DEBUG] cnn_neat: Added edge 0→2 (from 7 candidates)
2026-08-14 23:52:00,560 [DEBUG] cnn_neat: Added edge 0→4 (from 9 candidates)
2026-08-14 23:52:00,561 [DEBUG] cnn_neat: Split edge 0→4, new hidden node 5 (pool=4)
2026-08-14 23:52:00,563 [DEBUG] cnn_neat: Added edge 0→1 (from 2 candidates)
2026-08-14 23:52:00,565 [DEBUG] cnn_neat: Removed hidden node 3 (pool=1)
2026-08-14 23:52:00,566 [DEBUG] cnn_neat: Removed edge 3→4 (from 3 candidates)
2026-08-14 23:52:00,567 [DEBUG] cnn_neat: Removed 2 edges (requested 3)
2026-08-14 23:52:00,569 [DEBUG] cnn_neat: Split edge 0→4, new hidden node 5 (pool=2)
2026-08-14 23:52:00,571 [DEBUG] cnn_neat: Crossover rejected: union topology invalid (edges=8 nodes=7)
2026-08-14 23:52:00,573 [DEBUG] cnn_neat: Split edge 3→4, new hidden node 5 (pool=4)
2026-08-14 23:52:00,574 [DEBUG] cnn_neat: Added edge 0→1 (from 2 candidates)
2026-08-14 23:52:00,576 [DEBUG] cnn_neat: Added edge 3→1 (from 1 candidates)
2026-08-14 23:52:00,579 [DEBUG] cnn_neat: Split edge 2→4, new hidden node 6 (pool=6)
2026-08-14 23:52:00,581 [DEBUG] cnn_neat: Added edge 5→1 (from 8 candidates)
2026-08-14 23:52:00,584 [DEBUG] cnn_neat: Removed hidden node 4 (pool=2)
2026-08-14 23:52:00,586 [DEBUG] cnn_neat: Split edge 5→3, new hidden node 6 (pool=4)
2026-08-14 23:52:00,587 [DEBUG] cnn_neat: Removed edge 5→3 (from 4 candidates)
2026-08-14 23:52:00,590 [DEBUG] cnn_neat: Removed 2 edges (requested 3)
2026-08-14 23:52:00,592 [DEBUG] cnn_neat: Split edge 2→4, new hidden node 5 (pool=4)
2026-08-14 23:52:00,593 [DEBUG] cnn_neat: Added edge 2→3 (from 6 candidates)
2026-08-14 23:52:00,596 [DEBUG] cnn_neat: Crossover rejected: copied edge has no live Conv2d
2026-08-14 23:52:00,597 [DEBUG] cnn_neat: Split edge 3→1, new hidden node 6 (pool=6)
2026-08-14 23:52:00,599 [DEBUG] cnn_neat: Added edge 0→5 (from 10 candidates)
2026-08-14 23:52:00,603 [DEBUG] cnn_neat: Removed hidden node 5 (pool=3)
2026-08-14 23:52:00,605 [DEBUG] cnn_neat: Added edge 0→4 (from 8 candidates)
2026-08-14 23:52:00,607 [DEBUG] cnn_neat: Added edge 5→1 (from 8 candidates)
2026-08-14 23:52:00,609 [DEBUG] cnn_neat: Added edge 4→5 (from 7 candidates)
2026-08-14 23:52:00,612 [DEBUG] cnn_neat: Added edge 4→1 (from 5 candidates)
2026-08-14 23:52:00,614 [DEBUG] cnn_neat: Added edge 2→1 (from 4 candidates)
2026-08-14 23:52:00,616 [DEBUG] cnn_neat: Split edge 6→1, new hidden node 7 (pool=7)
2026-08-14 23:52:00,619 [DEBUG] cnn_neat: Added edge 2→6 (from 10 candidates)
2026-08-14 23:52:00,650 [DEBUG] cnn_neat: Split edge 0→5, new hidden node 7 (pool=6)
2026-08-14 23:52:00,695 [DEBUG] cnn_neat: Added edge 4→2 (from 10 candidates)
2026-08-14 23:52:00,725 [DEBUG] cnn_neat: Removed hidden node 3 (pool=2)
2026-08-14 23:52:00,729 [DEBUG] cnn_neat: Removed edge 5→4 (from 4 candidates)
2026-08-14 23:52:00,737 [DEBUG] cnn_neat: Removed 3 edges (requested 3)
2026-08-14 23:52:00,743 [DEBUG] cnn_neat: Split edge 2→1, new hidden node 8 (pool=3)
2026-08-14 23:52:00,748 [DEBUG] cnn_neat: Split edge 4→6, new hidden node 7 (pool=7)
2026-08-14 23:52:00,751 [DEBUG] cnn_neat: Split edge 4→6, new hidden node 7 (pool=5)
2026-08-14 23:52:00,758 [DEBUG] cnn_neat: Split edge 0→3, new hidden node 4 (pool=4)
2026-08-14 23:52:00,761 [DEBUG] cnn_neat: Added edge 2→1 (from 2 candidates)
2026-08-14 23:52:00,767 [DEBUG] cnn_neat: Removed hidden node 2 (pool=1)
2026-08-14 23:52:00,770 [DEBUG] cnn_neat: Removed edge 0→2 (from 3 candidates)
2026-08-14 23:52:00,773 [DEBUG] cnn_neat: Removed 1 edges (requested 3)
2026-08-14 23:52:00,929 [DEBUG] cnn_neat: Added edge 4→5 (from 9 candidates)
2026-08-14 23:52:00,980 [DEBUG] cnn_neat: Split edge 2→3, new hidden node 4 (pool=3)
2026-08-14 23:52:00,982 [DEBUG] cnn_neat: Added edge 2→1 (from 2 candidates)
2026-08-14 23:52:00,992 [DEBUG] cnn_neat: Split edge 0→1, new hidden node 5 (pool=1)
2026-08-14 23:52:00,995 [DEBUG] cnn_neat: Added edge 4→1 (from 1 candidates)
2026-08-14 23:52:01,000 [DEBUG] cnn_neat: Removed hidden node 4 (pool=1)
2026-08-14 23:52:01,001 [DEBUG] cnn_neat: Removed edge 0→4 (from 1 candidates)
2026-08-14 23:52:01,004 [DEBUG] cnn_neat: Removed 1 edges (requested 3)
2026-08-14 23:52:01,013 [DEBUG] cnn_neat: Split edge 5→4, new hidden node 6 (pool=5)
2026-08-14 23:52:01,016 [DEBUG] cnn_neat: Added edge 0→5 (from 6 candidates)
2026-08-14 23:52:01,032 [DEBUG] cnn_neat: Split edge 2→3, new hidden node 6 (pool=6)
2026-08-14 23:52:01,036 [DEBUG] cnn_neat: Added edge 3→1 (from 8 candidates)
2026-08-14 23:52:01,040 [DEBUG] cnn_neat: Split edge 4→1, new hidden node 7 (pool=3)
2026-08-14 23:52:01,046 [DEBUG] cnn_neat: Removed hidden node 2 (pool=2)
2026-08-14 23:52:01,050 [DEBUG] cnn_neat: Added edge 6→5 (from 10 candidates)
2026-08-14 23:52:01,055 [DEBUG] cnn_neat: Split edge 2→4, new hidden node 5 (pool=4)
2026-08-14 23:52:01,058 [DEBUG] cnn_neat: Added edge 4→1 (from 4 candidates)
2026-08-14 23:52:01,067 [DEBUG] cnn_neat: Split edge 2→3, new hidden node 5 (pool=4)
2026-08-14 23:52:01,070 [DEBUG] cnn_neat: Added edge 3→1 (from 4 candidates)
2026-08-14 23:52:01,080 [DEBUG] cnn_neat: Split edge 5→2, new hidden node 6 (pool=4)
2026-08-14 23:52:01,083 [DEBUG] cnn_neat: Added edge 4→2 (from 4 candidates)
2026-08-14 23:52:01,090 [DEBUG] cnn_neat: Split edge 4→5, new hidden node 6 (pool=5)
2026-08-14 23:52:01,094 [DEBUG] cnn_neat: Added edge 0→5 (from 4 candidates)
2026-08-14 23:52:01,097 [DEBUG] cnn_neat: Split edge 2→1, new hidden node 7 (pool=3)
2026-08-14 23:52:01,102 [DEBUG] cnn_neat: Removed hidden node 5 (pool=1)
2026-08-14 23:52:01,107 [DEBUG] cnn_neat: Added edge 4→5 (from 6 candidates)
2026-08-14 23:52:01,111 [DEBUG] cnn_neat: Split edge 0→5, new hidden node 6 (pool=6)
2026-08-14 23:52:01,115 [DEBUG] cnn_neat: Split edge 2→1, new hidden node 6 (pool=5)
2026-08-14 23:52:01,118 [DEBUG] cnn_neat: Added edge 5→1 (from 10 candidates)
2026-08-14 23:52:01,123 [DEBUG] cnn_neat: Removed hidden node 3 (pool=1)
2026-08-14 23:52:01,126 [DEBUG] cnn_neat: Removed edge 0→3 (from 1 candidates)
2026-08-14 23:52:01,129 [DEBUG] cnn_neat: Removed 1 edges (requested 3)
2026-08-14 23:52:01,132 [DEBUG] cnn_neat: Split edge 0→3, new hidden node 6 (pool=4)
2026-08-14 23:52:01,135 [DEBUG] cnn_neat: Added edge 3→2 (from 9 candidates)
2026-08-14 23:52:01,142 [DEBUG] cnn_neat: Removed hidden node 3 (pool=2)
2026-08-14 23:52:01,146 [DEBUG] cnn_neat: Split edge 0→4, new hidden node 6 (pool=7)
2026-08-14 23:52:01,149 [DEBUG] cnn_neat: Removed edge 5→1 (from 4 candidates)
2026-08-14 23:52:01,153 [DEBUG] cnn_neat: Added edge 5→3 (from 9 candidates)
2026-08-14 23:52:01,158 [DEBUG] cnn_neat: Split edge 0→3, new hidden node 7 (pool=3)
2026-08-14 23:52:01,163 [DEBUG] cnn_neat: Removed 2 edges (requested 3)
2026-08-14 23:52:01,170 [DEBUG] cnn_neat: Removed hidden node 2 (pool=4)
2026-08-14 23:52:01,174 [DEBUG] cnn_neat: Split edge 4→5, new hidden node 6 (pool=6)
2026-08-14 23:52:01,177 [DEBUG] cnn_neat: Added edge 4→3 (from 6 candidates)
2026-08-14 23:52:01,183 [DEBUG] cnn_neat: Removed hidden node 3 (pool=1)
2026-08-14 23:52:01,186 [DEBUG] cnn_neat: Removed edge 2→3 (from 2 candidates)
2026-08-14 23:52:01,190 [DEBUG] cnn_neat: Removed 2 edges (requested 3)
2026-08-14 23:52:01,194 [DEBUG] cnn_neat: Split edge 6→5, new hidden node 7 (pool=7)
2026-08-14 23:52:01,198 [DEBUG] cnn_neat: Split edge 2→3, new hidden node 6 (pool=7)
2026-08-14 23:52:01,203 [DEBUG] cnn_neat: Added edge 0→5 (from 9 candidates)
2026-08-14 23:52:01,206 [DEBUG] cnn_neat: Added edge 5→3 (from 5 candidates)
2026-08-14 23:52:01,260 [DEBUG] cnn_neat: Split edge 2→1, new hidden node 5 (pool=3)
2026-08-14 23:52:01,264 [DEBUG] cnn_neat: Added edge 4→1 (from 2 candidates)
2026-08-14 23:52:01,272 [DEBUG] cnn_neat: Split edge 2→1, new hidden node 5 (pool=3)
2026-08-14 23:52:01,277 [DEBUG] cnn_neat: Added edge 3→1 (from 4 candidates)
2026-08-14 23:52:01,284 [DEBUG] cnn_neat: Removed hidden node 3 (pool=1)
2026-08-14 23:52:01,287 [DEBUG] cnn_neat: Removed edge 2→3 (from 1 candidates)
2026-08-14 23:52:01,290 [DEBUG] cnn_neat: Removed 1 edges (requested 3)
2026-08-14 23:52:01,291 [DEBUG] cnn_neat: Split edge 5→1, new hidden node 6 (pool=5)
2026-08-14 23:52:01,293 [DEBUG] cnn_neat: Added edge 0→3 (from 8 candidates)
2026-08-14 23:52:01,295 [DEBUG] cnn_neat: Split edge 2→3, new hidden node 7 (pool=6)
2026-08-14 23:52:01,302 [DEBUG] cnn_neat: Removed hidden node 3 (pool=1)
2026-08-14 23:52:01,306 [DEBUG] cnn_neat: Added edge 5→1 (from 13 candidates)
2026-08-14 23:52:01,310 [DEBUG] cnn_neat: Split edge 7→3, new hidden node 8 (pool=7)
2026-08-14 23:52:01,314 [DEBUG] cnn_neat: Removed edge 2→3 (from 1 candidates)
2026-08-14 23:52:01,323 [DEBUG] cnn_neat: Removed hidden node 3 (pool=1)
2026-08-14 23:52:01,329 [DEBUG] cnn_neat: Split edge 4→1, new hidden node 5 (pool=2)
2026-08-14 23:52:01,334 [DEBUG] cnn_neat: Added edge 0→2 (from 1 candidates)
2026-08-14 23:52:01,336 [DEBUG] cnn_neat: Removed hidden node 2 (pool=1)
2026-08-14 23:52:01,337 [DEBUG] cnn_neat: Removed edge 4→2 (from 3 candidates)
2026-08-14 23:52:01,341 [DEBUG] cnn_neat: Removed 2 edges (requested 3)
2026-08-14 23:52:01,346 [DEBUG] cnn_neat: Split edge 0→2, new hidden node 4 (pool=2)
2026-08-14 23:52:01,348 [DEBUG] cnn_neat: Added edge 0→3 (from 2 candidates)
2026-08-14 23:52:01,354 [DEBUG] cnn_neat: Removed hidden node 3 (pool=1)
2026-08-14 23:52:01,357 [DEBUG] cnn_neat: Removed edge 2→3 (from 1 candidates)
2026-08-14 23:52:01,360 [DEBUG] cnn_neat: Removed 1 edges (requested 3)
2026-08-14 23:52:01,369 [DEBUG] cnn_neat: Split edge 5→6, new hidden node 7 (pool=12)
2026-08-14 23:52:01,373 [DEBUG] cnn_neat: Added edge 4→2 (from 8 candidates)
2026-08-14 23:52:01,387 [DEBUG] cnn_neat: Removed hidden node 3 (pool=4)
2026-08-14 23:52:01,476 [DEBUG] cnn_neat: Removed edge 0→6 (from 11 candidates)
2026-08-14 23:52:01,489 [DEBUG] cnn_neat: Removed 3 edges (requested 3)
2026-08-14 23:52:01,492 [DEBUG] cnn_neat: Split edge 6→3, new hidden node 8 (pool=13)
2026-08-14 23:52:01,501 [DEBUG] cnn_neat: Split edge 4→6, new hidden node 8 (pool=7)
2026-08-14 23:52:01,508 [DEBUG] cnn_neat: Added edge 7→3 (from 15 candidates)
2026-08-14 23:52:01,521 [DEBUG] cnn_neat: Removed hidden node 3 (pool=3)
2026-08-14 23:52:01,526 [DEBUG] cnn_neat: Removed edge 7→4 (from 4 candidates)
2026-08-14 23:52:01,533 [DEBUG] cnn_neat: Removed 2 edges (requested 3)
2026-08-14 23:52:01,539 [DEBUG] cnn_neat: Split edge 6→2, new hidden node 9 (pool=4)
2026-08-14 23:52:01,541 [DEBUG] cnn_neat: Split edge 4→6, new hidden node 8 (pool=9)
2026-08-14 23:52:01,543 [DEBUG] cnn_neat: Split edge 5→6, new hidden node 8 (pool=6)
2026-08-14 23:52:01,546 [DEBUG] cnn_neat: Split edge 0→3, new hidden node 4 (pool=4)
2026-08-14 23:52:01,548 [DEBUG] cnn_neat: Added edge 0→1 (from 2 candidates)
2026-08-14 23:52:01,554 [DEBUG] cnn_neat: Removed hidden node 2 (pool=1)
2026-08-14 23:52:01,555 [DEBUG] cnn_neat: Removed edge 0→2 (from 3 candidates)
2026-08-14 23:52:01,557 [DEBUG] cnn_neat: Removed 1 edges (requested 3)
2026-08-14 23:52:01,564 [DEBUG] cnn_neat: Split edge 6→1, new hidden node 7 (pool=1)
2026-08-14 23:52:01,568 [DEBUG] cnn_neat: Added edge 2→6 (from 7 candidates)
2026-08-14 23:52:01,574 [DEBUG] cnn_neat: Removed hidden node 4 (pool=1)
2026-08-14 23:52:01,576 [DEBUG] cnn_neat: Removed edge 6→4 (from 3 candidates)
2026-08-14 23:52:01,579 [DEBUG] cnn_neat: Removed 2 edges (requested 3)
2026-08-14 23:52:01,587 [DEBUG] cnn_neat: Split edge 6→1, new hidden node 7 (pool=3)
2026-08-14 23:52:01,593 [DEBUG] cnn_neat: Added edge 0→3 (from 9 candidates)
2026-08-14 23:52:01,603 [DEBUG] cnn_neat: Split edge 4→1, new hidden node 8 (pool=9)
2026-08-14 23:52:01,614 [DEBUG] cnn_neat: Removed hidden node 5 (pool=3)
2026-08-14 23:52:01,618 [DEBUG] cnn_neat: Added edge 3→7 (from 16 candidates)
2026-08-14 23:52:01,628 [DEBUG] cnn_neat: Split edge 0→5, new hidden node 7 (pool=6)
2026-08-14 23:52:01,717 [DEBUG] cnn_neat: Added edge 4→1 (from 8 candidates)
2026-08-14 23:52:01,724 [DEBUG] cnn_neat: Removed hidden node 4 (pool=2)
2026-08-14 23:52:01,728 [DEBUG] cnn_neat: Removed edge 6→5 (from 4 candidates)
2026-08-14 23:52:01,736 [DEBUG] cnn_neat: Removed 3 edges (requested 3)
2026-08-14 23:52:01,744 [DEBUG] cnn_neat: Split edge 4→1, new hidden node 7 (pool=2)
2026-08-14 23:52:01,748 [DEBUG] cnn_neat: Split edge 0→5, new hidden node 7 (pool=4)
2026-08-14 23:52:01,749 [DEBUG] cnn_neat: Split edge 5→2, new hidden node 7 (pool=5)
2026-08-14 23:52:01,756 [DEBUG] cnn_neat: Added edge 3→2 (from 9 candidates)
2026-08-14 23:52:01,763 [DEBUG] cnn_neat: Split edge 3→2, new hidden node 7 (pool=7)
2026-08-14 23:52:01,772 [DEBUG] cnn_neat: Added edge 0→2 (from 9 candidates)
2026-08-14 23:52:01,778 [DEBUG] cnn_neat: Split edge 4→2, new hidden node 8 (pool=4)
2026-08-14 23:52:01,781 [DEBUG] cnn_neat: Removed hidden node 4 (pool=1)
2026-08-14 23:52:01,789 [DEBUG] cnn_neat: Added edge 3→5 (from 14 candidates)
2026-08-14 23:52:01,797 [DEBUG] cnn_neat: Split edge 0→2, new hidden node 4 (pool=3)
2026-08-14 23:52:01,802 [DEBUG] cnn_neat: Added edge 0→3 (from 2 candidates)
2026-08-14 23:52:01,811 [DEBUG] cnn_neat: Split edge 0→1, new hidden node 5 (pool=1)
2026-08-14 23:52:01,813 [DEBUG] cnn_neat: Added edge 4→1 (from 1 candidates)
2026-08-14 23:52:01,814 [DEBUG] cnn_neat: Removed hidden node 4 (pool=1)
2026-08-14 23:52:01,815 [DEBUG] cnn_neat: Removed edge 0→4 (from 1 candidates)
2026-08-14 23:52:01,815 [DEBUG] cnn_neat: Removed 1 edges (requested 3)
2026-08-14 23:52:01,818 [DEBUG] cnn_neat: Split edge 2→4, new hidden node 5 (pool=4)
2026-08-14 23:52:01,820 [DEBUG] cnn_neat: Added edge 0→3 (from 4 candidates)
2026-08-14 23:52:01,827 [DEBUG] cnn_neat: Split edge 6→2, new hidden node 7 (pool=6)
2026-08-14 23:52:01,829 [DEBUG] cnn_neat: Added edge 6→1 (from 7 candidates)
2026-08-14 23:52:01,835 [DEBUG] cnn_neat: Removed hidden node 4 (pool=1)
2026-08-14 23:52:01,837 [DEBUG] cnn_neat: Removed edge 5→4 (from 3 candidates)
2026-08-14 23:52:01,842 [DEBUG] cnn_neat: Removed 2 edges (requested 3)
2026-08-14 23:52:01,844 [DEBUG] cnn_neat: Split edge 7→2, new hidden node 8 (pool=7)
2026-08-14 23:52:01,849 [DEBUG] cnn_neat: Added edge 0→4 (from 9 candidates)
2026-08-14 23:52:01,854 [DEBUG] cnn_neat: Split edge 4→6, new hidden node 9 (pool=2)
2026-08-14 23:52:01,860 [DEBUG] cnn_neat: Removed hidden node 4 (pool=1)
2026-08-14 23:52:01,864 [DEBUG] cnn_neat: Added edge 0→6 (from 13 candidates)
2026-08-14 23:52:01,870 [DEBUG] cnn_neat: Split edge 6→7, new hidden node 8 (pool=8)
2026-08-14 23:52:01,874 [DEBUG] cnn_neat: Split edge 0→2, new hidden node 5 (pool=4)
2026-08-14 23:52:01,879 [DEBUG] cnn_neat: Added edge 0→3 (from 4 candidates)
2026-08-14 23:52:01,886 [DEBUG] cnn_neat: Split edge 0→4, new hidden node 5 (pool=6)
2026-08-14 23:52:01,891 [DEBUG] cnn_neat: Added edge 0→1 (from 5 candidates)
2026-08-14 23:52:01,899 [DEBUG] cnn_neat: Removed hidden node 4 (pool=2)
2026-08-14 23:52:01,905 [DEBUG] cnn_neat: Removed edge 0→2 (from 5 candidates)
2026-08-14 23:52:01,991 [DEBUG] cnn_neat: Removed 3 edges (requested 3)
2026-08-14 23:52:01,993 [DEBUG] cnn_neat: Split edge 0→2, new hidden node 6 (pool=4)
2026-08-14 23:52:01,997 [DEBUG] cnn_neat: Split edge 0→1, new hidden node 5 (pool=1)
2026-08-14 23:52:02,002 [DEBUG] cnn_neat: Split edge 0→4, new hidden node 5 (pool=5)
2026-08-14 23:52:02,010 [DEBUG] cnn_neat: Split edge 2→1, new hidden node 7 (pool=7)
2026-08-14 23:52:02,016 [DEBUG] cnn_neat: Added edge 0→6 (from 9 candidates)
2026-08-14 23:52:02,021 [DEBUG] cnn_neat: Removed hidden node 4 (pool=3)
2026-08-14 23:52:02,027 [DEBUG] cnn_neat: Removed edge 0→4 (from 6 candidates)
2026-08-14 23:52:02,034 [DEBUG] cnn_neat: Removed 3 edges (requested 3)
2026-08-14 23:52:02,035 [DEBUG] cnn_neat: Split edge 0→5, new hidden node 7 (pool=5)
2026-08-14 23:52:02,037 [DEBUG] cnn_neat: Added edge 6→4 (from 10 candidates)
2026-08-14 23:52:02,038 [DEBUG] cnn_neat: Split edge 6→2, new hidden node 8 (pool=6)
2026-08-14 23:52:02,041 [DEBUG] cnn_neat: Removed hidden node 4 (pool=1)
2026-08-14 23:52:02,046 [DEBUG] cnn_neat: Added edge 5→2 (from 14 candidates)
2026-08-14 23:52:02,050 [DEBUG] cnn_neat: Split edge 0→4, new hidden node 7 (pool=6)
2026-08-14 23:52:02,053 [DEBUG] cnn_neat: Split edge 2→1, new hidden node 5 (pool=3)
2026-08-14 23:52:02,057 [DEBUG] cnn_neat: Added edge 0→2 (from 2 candidates)
2026-08-14 23:52:02,066 [DEBUG] cnn_neat: Split edge 0→5, new hidden node 7 (pool=4)
2026-08-14 23:52:02,071 [DEBUG] cnn_neat: Added edge 6→1 (from 4 candidates)
2026-08-14 23:52:02,080 [DEBUG] cnn_neat: Split edge 5→6, new hidden node 7 (pool=3)
2026-08-14 23:52:02,088 [DEBUG] cnn_neat: Added edge 0→2 (from 3 candidates)
2026-08-14 23:52:02,095 [DEBUG] cnn_neat: Split edge 5→7, new hidden node 8 (pool=4)
2026-08-14 23:52:02,102 [DEBUG] cnn_neat: Removed hidden node 2 (pool=1)
2026-08-14 23:52:02,104 [DEBUG] cnn_neat: Added edge 5→6 (from 5 candidates)
2026-08-14 23:52:02,108 [DEBUG] cnn_neat: Split edge 0→4, new hidden node 5 (pool=2)
2026-08-14 23:52:02,111 [DEBUG] cnn_neat: Added edge 0→2 (from 1 candidates)
2026-08-14 23:52:02,113 [DEBUG] cnn_neat: Removed hidden node 2 (pool=1)
2026-08-14 23:52:02,114 [DEBUG] cnn_neat: Removed edge 2→1 (from 3 candidates)
2026-08-14 23:52:02,115 [DEBUG] cnn_neat: Removed 1 edges (requested 3)
2026-08-14 23:52:02,122 [DEBUG] cnn_neat: Split edge 2→1, new hidden node 4 (pool=2)
2026-08-14 23:52:02,125 [DEBUG] cnn_neat: Added edge 3→1 (from 2 candidates)
2026-08-14 23:52:02,128 [DEBUG] cnn_neat: Removed hidden node 3 (pool=1)
2026-08-14 23:52:02,129 [DEBUG] cnn_neat: Removed edge 2→3 (from 1 candidates)
2026-08-14 23:52:02,130 [DEBUG] cnn_neat: Removed 1 edges (requested 3)
2026-08-14 23:52:02,136 [DEBUG] cnn_neat: Split edge 2→1, new hidden node 7 (pool=5)
2026-08-14 23:52:02,141 [DEBUG] cnn_neat: Added edge 4→2 (from 14 candidates)
2026-08-14 23:52:02,231 [DEBUG] cnn_neat: Removed hidden node 3 (pool=2)
2026-08-14 23:52:02,236 [DEBUG] cnn_neat: Removed edge 5→4 (from 2 candidates)
2026-08-14 23:52:02,243 [DEBUG] cnn_neat: Removed 2 edges (requested 3)
2026-08-14 23:52:02,247 [DEBUG] cnn_neat: Split edge 6→2, new hidden node 8 (pool=7)
2026-08-14 23:52:02,254 [DEBUG] cnn_neat: Split edge 5→4, new hidden node 7 (pool=6)
2026-08-14 23:52:02,259 [DEBUG] cnn_neat: Added edge 6→7 (from 20 candidates)
2026-08-14 23:52:02,264 [DEBUG] cnn_neat: Added edge 6→4 (from 11 candidates)
2026-08-14 23:52:02,270 [DEBUG] cnn_neat: Split edge 5→6, new hidden node 7 (pool=7)
2026-08-14 23:52:02,274 [DEBUG] cnn_neat: Added edge 4→6 (from 11 candidates)
2026-08-14 23:52:02,277 [DEBUG] cnn_neat: Removed hidden node 2 (pool=2)
2026-08-14 23:52:02,279 [DEBUG] cnn_neat: Removed edge 3→5 (from 4 candidates)
2026-08-14 23:52:02,282 [DEBUG] cnn_neat: Removed 3 edges (requested 3)
2026-08-14 23:52:02,289 [DEBUG] cnn_neat: Split edge 3→4, new hidden node 8 (pool=8)
2026-08-14 23:52:02,292 [DEBUG] cnn_neat: Split edge 4→6, new hidden node 7 (pool=8)
2026-08-14 23:52:02,295 [DEBUG] cnn_neat: Split edge 4→1, new hidden node 5 (pool=4)
2026-08-14 23:52:02,297 [DEBUG] cnn_neat: Added edge 0→1 (from 2 candidates)
2026-08-14 23:52:02,299 [DEBUG] cnn_neat: Removed hidden node 3 (pool=1)
2026-08-14 23:52:02,300 [DEBUG] cnn_neat: Removed edge 0→4 (from 3 candidates)
2026-08-14 23:52:02,306 [DEBUG] cnn_neat: Removed 2 edges (requested 3)
2026-08-14 23:52:02,309 [DEBUG] cnn_neat: Split edge 3→4, new hidden node 6 (pool=5)
2026-08-14 23:52:02,310 [DEBUG] cnn_neat: Added edge 4→1 (from 4 candidates)
2026-08-14 23:52:02,312 [DEBUG] cnn_neat: Split edge 4→5, new hidden node 7 (pool=6)
2026-08-14 23:52:02,315 [DEBUG] cnn_neat: Removed hidden node 3 (pool=1)
2026-08-14 23:52:02,317 [DEBUG] cnn_neat: Added edge 0→5 (from 8 candidates)
2026-08-14 23:52:02,343 [DEBUG] cnn_neat: Split edge 0→2, new hidden node 4 (pool=4)
2026-08-14 23:52:02,345 [DEBUG] cnn_neat: Added edge 0→1 (from 2 candidates)
2026-08-14 23:52:02,349 [DEBUG] cnn_neat: Removed hidden node 2 (pool=1)
2026-08-14 23:52:02,358 [DEBUG] cnn_neat: Removed edge 0→3 (from 3 candidates)
2026-08-14 23:52:02,362 [DEBUG] cnn_neat: Removed 1 edges (requested 3)
2026-08-14 23:52:02,368 [DEBUG] cnn_neat: Split edge 4→3, new hidden node 6 (pool=6)
2026-08-14 23:52:02,372 [DEBUG] cnn_neat: Added edge 5→1 (from 8 candidates)
2026-08-14 23:52:02,378 [DEBUG] cnn_neat: Removed hidden node 5 (pool=2)
2026-08-14 23:52:02,490 [DEBUG] cnn_neat: Removed edge 2→5 (from 4 candidates)
2026-08-14 23:52:02,495 [DEBUG] cnn_neat: Removed 2 edges (requested 3)
2026-08-14 23:52:02,500 [DEBUG] cnn_neat: Split edge 0→2, new hidden node 7 (pool=7)
2026-08-14 23:52:02,503 [DEBUG] cnn_neat: Split edge 3→1, new hidden node 6 (pool=5)
2026-08-14 23:52:02,506 [DEBUG] cnn_neat: Added edge 5→4 (from 13 candidates)
2026-08-14 23:52:02,509 [DEBUG] cnn_neat: Added edge 4→1 (from 10 candidates)
2026-08-14 23:52:02,515 [DEBUG] cnn_neat: Split edge 5→6, new hidden node 7 (pool=7)
2026-08-14 23:52:02,519 [DEBUG] cnn_neat: Added edge 4→6 (from 10 candidates)
2026-08-14 23:52:02,524 [DEBUG] cnn_neat: Removed hidden node 2 (pool=1)
2026-08-14 23:52:02,528 [DEBUG] cnn_neat: Removed edge 4→5 (from 3 candidates)
2026-08-14 23:52:02,531 [DEBUG] cnn_neat: Removed 1 edges (requested 3)
2026-08-14 23:52:02,535 [DEBUG] cnn_neat: Split edge 4→2, new hidden node 8 (pool=2)
2026-08-14 23:52:02,540 [DEBUG] cnn_neat: Split edge 4→2, new hidden node 7 (pool=8)
2026-08-14 23:52:02,544 [DEBUG] cnn_neat: Added edge 4→7 (from 13 candidates)
2026-08-14 23:52:02,548 [DEBUG] cnn_neat: Added edge 2→6 (from 10 candidates)
2026-08-14 23:52:02,554 [DEBUG] cnn_neat: Split edge 5→2, new hidden node 6 (pool=6)
2026-08-14 23:52:02,557 [DEBUG] cnn_neat: Added edge 2→3 (from 6 candidates)
2026-08-14 23:52:02,562 [DEBUG] cnn_neat: Removed hidden node 5 (pool=1)
2026-08-14 23:52:02,565 [DEBUG] cnn_neat: Removed edge 0→2 (from 3 candidates)
2026-08-14 23:52:02,570 [DEBUG] cnn_neat: Removed 2 edges (requested 3)
2026-08-14 23:52:02,574 [DEBUG] cnn_neat: Split edge 0→5, new hidden node 7 (pool=7)
2026-08-14 23:52:02,577 [DEBUG] cnn_neat: Split edge 2→4, new hidden node 6 (pool=7)
2026-08-14 23:52:02,581 [DEBUG] cnn_neat: Added edge 6→4 (from 11 candidates)
2026-08-14 23:52:02,585 [DEBUG] cnn_neat: Added edge 5→1 (from 7 candidates)
2026-08-14 23:52:02,589 [DEBUG] cnn_neat: Split edge 0→2, new hidden node 4 (pool=3)
2026-08-14 23:52:02,591 [DEBUG] cnn_neat: Added edge 2→1 (from 2 candidates)
2026-08-14 23:52:02,596 [DEBUG] cnn_neat: Split edge 0→1, new hidden node 5 (pool=1)
2026-08-14 23:52:02,598 [DEBUG] cnn_neat: Added edge 4→1 (from 1 candidates)
2026-08-14 23:52:02,600 [DEBUG] cnn_neat: Removed hidden node 4 (pool=1)
2026-08-14 23:52:02,602 [DEBUG] cnn_neat: Removed edge 0→4 (from 1 candidates)
2026-08-14 23:52:02,602 [DEBUG] cnn_neat: Removed 1 edges (requested 3)
2026-08-14 23:52:02,608 [DEBUG] cnn_neat: Split edge 4→3, new hidden node 5 (pool=4)
2026-08-14 23:52:02,610 [DEBUG] cnn_neat: Added edge 0→3 (from 4 candidates)
2026-08-14 23:52:02,619 [DEBUG] cnn_neat: Split edge 0→5, new hidden node 6 (pool=9)
2026-08-14 23:52:02,623 [DEBUG] cnn_neat: Added edge 2→4 (from 4 candidates)
2026-08-14 23:52:02,625 [DEBUG] cnn_neat: Saved generation 2
2026-08-14 23:52:02,683 [DEBUG] cnn_neat: Selected 25 elite individuals
2026-08-14 23:52:02,697 [DEBUG] cnn_neat: Removed hidden node 3 (pool=4)
2026-08-14 23:52:02,714 [DEBUG] cnn_neat: Removed edge 0→2 (from 10 candidates)
2026-08-14 23:52:02,770 [DEBUG] cnn_neat: Removed 3 edges (requested 3)
2026-08-14 23:52:02,786 [DEBUG] cnn_neat: Split edge 4→1, new hidden node 7 (pool=11)
2026-08-14 23:52:02,799 [DEBUG] cnn_neat: Split edge 4→1, new hidden node 5 (pool=4)
2026-08-14 23:52:02,804 [DEBUG] cnn_neat: Added edge 0→4 (from 4 candidates)
2026-08-14 23:52:02,818 [DEBUG] cnn_neat: Split edge 2→1, new hidden node 5 (pool=3)
2026-08-14 23:52:02,821 [DEBUG] cnn_neat: Added edge 0→2 (from 2 candidates)
2026-08-14 23:52:02,832 [DEBUG] cnn_neat: Split edge 3→1, new hidden node 6 (pool=6)
2026-08-14 23:52:02,837 [DEBUG] cnn_neat: Added edge 5→3 (from 7 candidates)
2026-08-14 23:52:03,021 [DEBUG] cnn_neat: Removed hidden node 2 (pool=1)
2026-08-14 23:52:03,023 [DEBUG] cnn_neat: Split edge 6→2, new hidden node 7 (pool=8)
2026-08-14 23:52:03,027 [DEBUG] cnn_neat: Removed edge 5→4 (from 3 candidates)
2026-08-14 23:52:03,029 [DEBUG] cnn_neat: Added edge 5→3 (from 6 candidates)
2026-08-14 23:52:03,034 [DEBUG] cnn_neat: Removed 2 edges (requested 3)
2026-08-14 23:52:03,040 [DEBUG] cnn_neat: Removed hidden node 3 (pool=3)
2026-08-14 23:52:03,041 [DEBUG] cnn_neat: Split edge 3→6, new hidden node 7 (pool=7)
2026-08-14 23:52:03,046 [DEBUG] cnn_neat: Removed edge 6→3 (from 7 candidates)
2026-08-14 23:52:03,049 [DEBUG] cnn_neat: Split edge 5→4, new hidden node 6 (pool=7)
2026-08-14 23:52:03,053 [DEBUG] cnn_neat: Split edge 0→5, new hidden node 6 (pool=4)
2026-08-14 23:52:03,054 [DEBUG] cnn_neat: Removed 3 edges (requested 3)
2026-08-14 23:52:03,057 [DEBUG] cnn_neat: Crossover rejected: copied edge has no live Conv2d
2026-08-14 23:52:03,059 [DEBUG] cnn_neat: Split edge 5→2, new hidden node 7 (pool=8)
2026-08-14 23:52:03,060 [DEBUG] cnn_neat: Added edge 0→3 (from 6 candidates)
2026-08-14 23:52:03,062 [DEBUG] cnn_neat: Added edge 5→3 (from 5 candidates)
2026-08-14 23:52:03,064 [DEBUG] cnn_neat: Added edge 0→2 (from 4 candidates)
2026-08-14 23:52:03,066 [DEBUG] cnn_neat: Added edge 3→1 (from 4 candidates)
2026-08-14 23:52:03,069 [DEBUG] cnn_neat: Added edge 6→1 (from 3 candidates)
2026-08-14 23:52:03,071 [DEBUG] cnn_neat: Split edge 5→2, new hidden node 7 (pool=11)
2026-08-14 23:52:03,074 [DEBUG] cnn_neat: Added edge 5→1 (from 9 candidates)
2026-08-14 23:52:03,079 [DEBUG] cnn_neat: Removed hidden node 3 (pool=4)
2026-08-14 23:52:03,081 [DEBUG] cnn_neat: Split edge 0→4, new hidden node 7 (pool=9)
2026-08-14 23:52:03,084 [DEBUG] cnn_neat: Removed edge 0→6 (from 10 candidates)
2026-08-14 23:52:03,087 [DEBUG] cnn_neat: Removed 3 edges (requested 3)
2026-08-14 23:52:03,090 [DEBUG] cnn_neat: Crossover rejected: union topology invalid (edges=18 nodes=12)
2026-08-14 23:52:03,093 [DEBUG] cnn_neat: Split edge 5→6, new hidden node 7 (pool=11)
2026-08-14 23:52:03,095 [DEBUG] cnn_neat: Added edge 6→1 (from 9 candidates)
2026-08-14 23:52:03,098 [DEBUG] cnn_neat: Added edge 5→1 (from 8 candidates)
2026-08-14 23:52:03,101 [DEBUG] cnn_neat: Added edge 5→3 (from 7 candidates)
2026-08-14 23:52:03,104 [DEBUG] cnn_neat: Added edge 4→3 (from 6 candidates)
2026-08-14 23:52:03,106 [DEBUG] cnn_neat: Added edge 3→1 (from 5 candidates)
2026-08-14 23:52:03,109 [DEBUG] cnn_neat: Split edge 0→6, new hidden node 8 (pool=13)
2026-08-14 23:52:03,112 [DEBUG] cnn_neat: Added edge 6→1 (from 16 candidates)
2026-08-14 23:52:03,116 [DEBUG] cnn_neat: Removed hidden node 6 (pool=5)
2026-08-14 23:52:03,119 [DEBUG] cnn_neat: Removed edge 5→4 (from 12 candidates)
2026-08-14 23:52:03,123 [DEBUG] cnn_neat: Removed 3 edges (requested 3)
2026-08-14 23:52:03,126 [DEBUG] cnn_neat: Crossover rejected: union topology invalid (edges=20 nodes=11)
2026-08-14 23:52:03,127 [DEBUG] cnn_neat: Split edge 2→3, new hidden node 8 (pool=13)
2026-08-14 23:52:03,131 [DEBUG] cnn_neat: Added edge 4→2 (from 16 candidates)
2026-08-14 23:52:03,134 [DEBUG] cnn_neat: Added edge 6→7 (from 15 candidates)
2026-08-14 23:52:03,137 [DEBUG] cnn_neat: Added edge 4→1 (from 13 candidates)
2026-08-14 23:52:03,139 [DEBUG] cnn_neat: Added edge 7→1 (from 12 candidates)
2026-08-14 23:52:03,142 [DEBUG] cnn_neat: Added edge 0→3 (from 11 candidates)
2026-08-14 23:52:03,145 [DEBUG] cnn_neat: Split edge 2→1, new hidden node 7 (pool=13)
2026-08-14 23:52:03,147 [DEBUG] cnn_neat: Added edge 5→1 (from 6 candidates)
2026-08-14 23:52:03,152 [DEBUG] cnn_neat: Removed hidden node 4 (pool=4)
2026-08-14 23:52:03,155 [DEBUG] cnn_neat: Removed edge 0→3 (from 12 candidates)
2026-08-14 23:52:03,157 [DEBUG] cnn_neat: Split edge 2→1, new hidden node 7 (pool=12)
2026-08-14 23:52:03,161 [DEBUG] cnn_neat: Removed 3 edges (requested 3)
2026-08-14 23:52:03,163 [DEBUG] cnn_neat: Crossover rejected: union topology invalid (edges=20 nodes=10)
2026-08-14 23:52:03,166 [DEBUG] cnn_neat: Split edge 4→6, new hidden node 7 (pool=13)
2026-08-14 23:52:03,169 [DEBUG] cnn_neat: Added edge 5→3 (from 6 candidates)
2026-08-14 23:52:03,172 [DEBUG] cnn_neat: Added edge 6→1 (from 5 candidates)
2026-08-14 23:52:03,175 [DEBUG] cnn_neat: Added edge 4→1 (from 4 candidates)
2026-08-14 23:52:03,177 [DEBUG] cnn_neat: Added edge 5→1 (from 3 candidates)
2026-08-14 23:52:03,180 [DEBUG] cnn_neat: Added edge 4→2 (from 2 candidates)
2026-08-14 23:52:03,182 [DEBUG] cnn_neat: Split edge 0→4, new hidden node 5 (pool=7)
2026-08-14 23:52:03,184 [DEBUG] cnn_neat: Added edge 4→1 (from 3 candidates)
2026-08-14 23:52:03,187 [DEBUG] cnn_neat: Removed hidden node 2 (pool=2)
2026-08-14 23:52:03,188 [DEBUG] cnn_neat: Split edge 0→3, new hidden node 5 (pool=4)
2026-08-14 23:52:03,190 [DEBUG] cnn_neat: Removed edge 4→3 (from 6 candidates)
2026-08-14 23:52:03,193 [DEBUG] cnn_neat: Removed 3 edges (requested 3)
2026-08-14 23:52:03,194 [DEBUG] cnn_neat: Split edge 3→1, new hidden node 5 (pool=4)
2026-08-14 23:52:03,196 [DEBUG] cnn_neat: Added edge 5→2 (from 10 candidates)
2026-08-14 23:52:03,198 [DEBUG] cnn_neat: Crossover rejected: union topology invalid (edges=14 nodes=10)
2026-08-14 23:52:03,200 [DEBUG] cnn_neat: Split edge 2→3, new hidden node 5 (pool=7)
2026-08-14 23:52:03,202 [DEBUG] cnn_neat: Added edge 0→1 (from 3 candidates)
2026-08-14 23:52:03,204 [DEBUG] cnn_neat: Added edge 2→1 (from 2 candidates)
2026-08-14 23:52:03,206 [DEBUG] cnn_neat: Added edge 4→1 (from 1 candidates)
2026-08-14 23:52:03,211 [DEBUG] cnn_neat: Split edge 0→1, new hidden node 5 (pool=1)
2026-08-14 23:52:03,213 [DEBUG] cnn_neat: Split edge 2→1, new hidden node 8 (pool=7)
2026-08-14 23:52:03,216 [DEBUG] cnn_neat: Added edge 0→4 (from 11 candidates)
2026-08-14 23:52:03,220 [DEBUG] cnn_neat: Removed hidden node 4 (pool=2)
2026-08-14 23:52:03,221 [DEBUG] cnn_neat: Removed edge 4→6 (from 4 candidates)
2026-08-14 23:52:03,224 [DEBUG] cnn_neat: Removed 3 edges (requested 3)
2026-08-14 23:52:03,225 [DEBUG] cnn_neat: Split edge 2→1, new hidden node 7 (pool=4)
2026-08-14 23:52:03,227 [DEBUG] cnn_neat: Added edge 6→7 (from 6 candidates)
2026-08-14 23:52:03,230 [DEBUG] cnn_neat: Crossover rejected: union topology invalid (edges=20 nodes=13)
2026-08-14 23:52:03,232 [DEBUG] cnn_neat: Split edge 2→1, new hidden node 8 (pool=7)
2026-08-14 23:52:03,235 [DEBUG] cnn_neat: Added edge 7→6 (from 15 candidates)
2026-08-14 23:52:03,237 [DEBUG] cnn_neat: Added edge 6→1 (from 11 candidates)
2026-08-14 23:52:03,239 [DEBUG] cnn_neat: Added edge 0→4 (from 9 candidates)
2026-08-14 23:52:03,242 [DEBUG] cnn_neat: Added edge 7→6 (from 9 candidates)
2026-08-14 23:52:03,243 [DEBUG] cnn_neat: Added edge 7→2 (from 8 candidates)
2026-08-14 23:52:03,247 [DEBUG] cnn_neat: Added edge 0→2 (from 7 candidates)
2026-08-14 23:52:03,249 [DEBUG] cnn_neat: Split edge 0→5, new hidden node 8 (pool=9)
2026-08-14 23:52:03,251 [DEBUG] cnn_neat: Added edge 5→2 (from 15 candidates)
2026-08-14 23:52:03,255 [DEBUG] cnn_neat: Removed hidden node 4 (pool=3)
2026-08-14 23:52:03,257 [DEBUG] cnn_neat: Removed edge 5→7 (from 6 candidates)
2026-08-14 23:52:03,260 [DEBUG] cnn_neat: Removed 3 edges (requested 3)
2026-08-14 23:52:03,263 [DEBUG] cnn_neat: Crossover rejected: copied edge has no live Conv2d
2026-08-14 23:52:03,265 [DEBUG] cnn_neat: Split edge 4→6, new hidden node 8 (pool=9)
2026-08-14 23:52:03,268 [DEBUG] cnn_neat: Added edge 5→4 (from 15 candidates)
2026-08-14 23:52:03,270 [DEBUG] cnn_neat: Added edge 0→2 (from 15 candidates)
2026-08-14 23:52:03,272 [DEBUG] cnn_neat: Added edge 4→1 (from 16 candidates)
2026-08-14 23:52:03,274 [DEBUG] cnn_neat: Added edge 4→2 (from 15 candidates)
2026-08-14 23:52:03,278 [DEBUG] cnn_neat: Added edge 0→7 (from 14 candidates)
2026-08-14 23:52:03,281 [DEBUG] cnn_neat: Split edge 0→5, new hidden node 9 (pool=4)
2026-08-14 23:52:03,283 [DEBUG] cnn_neat: Added edge 8→1 (from 13 candidates)
2026-08-14 23:52:03,286 [DEBUG] cnn_neat: Removed hidden node 8 (pool=3)
2026-08-14 23:52:03,288 [DEBUG] cnn_neat: Split edge 6→2, new hidden node 8 (pool=6)
2026-08-14 23:52:03,289 [DEBUG] cnn_neat: Removed edge 8→6 (from 4 candidates)
2026-08-14 23:52:03,293 [DEBUG] cnn_neat: Removed 3 edges (requested 3)
2026-08-14 23:52:03,295 [DEBUG] cnn_neat: Crossover rejected: copied edge has no live Conv2d
2026-08-14 23:52:03,299 [DEBUG] cnn_neat: Split edge 5→6, new hidden node 9 (pool=4)
2026-08-14 23:52:03,301 [DEBUG] cnn_neat: Added edge 7→6 (from 13 candidates)
2026-08-14 23:52:03,304 [DEBUG] cnn_neat: Added edge 4→1 (from 12 candidates)
2026-08-14 23:52:03,306 [DEBUG] cnn_neat: Added edge 4→2 (from 10 candidates)
2026-08-14 23:52:03,309 [DEBUG] cnn_neat: Added edge 0→7 (from 10 candidates)
2026-08-14 23:52:03,312 [DEBUG] cnn_neat: Added edge 7→2 (from 12 candidates)
2026-08-14 23:52:03,351 [DEBUG] cnn_neat: Split edge 5→6, new hidden node 7 (pool=6)
2026-08-14 23:52:03,380 [DEBUG] cnn_neat: Added edge 6→3 (from 10 candidates)
2026-08-14 23:52:03,436 [DEBUG] cnn_neat: Removed hidden node 4 (pool=2)
2026-08-14 23:52:03,440 [DEBUG] cnn_neat: Removed edge 2→3 (from 4 candidates)
2026-08-14 23:52:03,446 [DEBUG] cnn_neat: Removed 2 edges (requested 3)
2026-08-14 23:52:03,451 [DEBUG] cnn_neat: Split edge 5→7, new hidden node 8 (pool=5)
2026-08-14 23:52:03,456 [DEBUG] cnn_neat: Split edge 0→5, new hidden node 7 (pool=8)
2026-08-14 23:52:03,461 [DEBUG] cnn_neat: Added edge 4→3 (from 15 candidates)
2026-08-14 23:52:03,465 [DEBUG] cnn_neat: Added edge 5→3 (from 11 candidates)
2026-08-14 23:52:03,471 [DEBUG] cnn_neat: Split edge 0→2, new hidden node 4 (pool=4)
2026-08-14 23:52:03,475 [DEBUG] cnn_neat: Added edge 0→1 (from 2 candidates)
2026-08-14 23:52:03,479 [DEBUG] cnn_neat: Removed hidden node 2 (pool=1)
2026-08-14 23:52:03,482 [DEBUG] cnn_neat: Removed edge 2→3 (from 3 candidates)
2026-08-14 23:52:03,485 [DEBUG] cnn_neat: Removed 1 edges (requested 3)
2026-08-14 23:52:03,489 [DEBUG] cnn_neat: Split edge 0→2, new hidden node 4 (pool=3)
2026-08-14 23:52:03,492 [DEBUG] cnn_neat: Added edge 0→3 (from 2 candidates)
2026-08-14 23:52:03,499 [DEBUG] cnn_neat: Split edge 0→1, new hidden node 5 (pool=1)
2026-08-14 23:52:03,500 [DEBUG] cnn_neat: Added edge 4→1 (from 1 candidates)
2026-08-14 23:52:03,502 [DEBUG] cnn_neat: Removed hidden node 4 (pool=1)
2026-08-14 23:52:03,563 [DEBUG] cnn_neat: Removed edge 0→4 (from 1 candidates)
2026-08-14 23:52:03,657 [DEBUG] cnn_neat: Removed 1 edges (requested 3)
2026-08-14 23:52:03,668 [DEBUG] cnn_neat: Split edge 0→2, new hidden node 5 (pool=4)
2026-08-14 23:52:03,682 [DEBUG] cnn_neat: Added edge 4→1 (from 4 candidates)
2026-08-14 23:52:03,729 [DEBUG] cnn_neat: Split edge 0→2, new hidden node 5 (pool=4)
2026-08-14 23:52:03,736 [DEBUG] cnn_neat: Added edge 2→4 (from 4 candidates)
2026-08-14 23:52:03,751 [DEBUG] cnn_neat: Split edge 4→2, new hidden node 5 (pool=3)
2026-08-14 23:52:03,756 [DEBUG] cnn_neat: Added edge 4→1 (from 2 candidates)
2026-08-14 23:52:03,770 [DEBUG] cnn_neat: Split edge 0→4, new hidden node 5 (pool=2)
2026-08-14 23:52:03,773 [DEBUG] cnn_neat: Added edge 0→2 (from 1 candidates)
2026-08-14 23:52:03,784 [DEBUG] cnn_neat: Removed hidden node 2 (pool=1)
2026-08-14 23:52:03,787 [DEBUG] cnn_neat: Removed edge 4→1 (from 3 candidates)
2026-08-14 23:52:03,790 [DEBUG] cnn_neat: Removed 2 edges (requested 3)
2026-08-14 23:52:03,794 [DEBUG] cnn_neat: Split edge 2→1, new hidden node 4 (pool=2)
2026-08-14 23:52:03,796 [DEBUG] cnn_neat: Added edge 0→3 (from 2 candidates)
2026-08-14 23:52:03,798 [DEBUG] cnn_neat: Removed hidden node 3 (pool=1)
2026-08-14 23:52:03,799 [DEBUG] cnn_neat: Removed edge 2→3 (from 1 candidates)
2026-08-14 23:52:03,801 [DEBUG] cnn_neat: Removed 1 edges (requested 3)
2026-08-14 23:52:03,805 [DEBUG] cnn_neat: Split edge 0→4, new hidden node 7 (pool=12)
2026-08-14 23:52:03,809 [DEBUG] cnn_neat: Added edge 0→2 (from 8 candidates)
2026-08-14 23:52:03,815 [DEBUG] cnn_neat: Removed hidden node 5 (pool=4)
2026-08-14 23:52:03,819 [DEBUG] cnn_neat: Removed edge 5→2 (from 11 candidates)
2026-08-14 23:52:03,825 [DEBUG] cnn_neat: Removed 3 edges (requested 3)
2026-08-14 23:52:03,830 [DEBUG] cnn_neat: Split edge 5→2, new hidden node 8 (pool=13)
2026-08-14 23:52:03,837 [DEBUG] cnn_neat: Split edge 5→7, new hidden node 8 (pool=7)
2026-08-14 23:52:03,842 [DEBUG] cnn_neat: Added edge 7→6 (from 15 candidates)
2026-08-14 23:52:03,848 [DEBUG] cnn_neat: Removed hidden node 7 (pool=3)
2026-08-14 23:52:03,851 [DEBUG] cnn_neat: Removed edge 2→3 (from 4 candidates)
2026-08-14 23:52:03,856 [DEBUG] cnn_neat: Removed 3 edges (requested 3)
2026-08-14 23:52:03,860 [DEBUG] cnn_neat: Split edge 6→2, new hidden node 9 (pool=4)
2026-08-14 23:52:03,864 [DEBUG] cnn_neat: Split edge 7→4, new hidden node 8 (pool=8)
2026-08-14 23:52:03,869 [DEBUG] cnn_neat: Added edge 4→2 (from 20 candidates)
2026-08-14 23:52:03,873 [DEBUG] cnn_neat: Added edge 5→2 (from 14 candidates)
2026-08-14 23:52:03,879 [DEBUG] cnn_neat: Split edge 6→1, new hidden node 7 (pool=1)
2026-08-14 23:52:03,883 [DEBUG] cnn_neat: Added edge 0→3 (from 7 candidates)
2026-08-14 23:52:03,889 [DEBUG] cnn_neat: Removed hidden node 4 (pool=1)
2026-08-14 23:52:03,893 [DEBUG] cnn_neat: Removed edge 6→1 (from 3 candidates)
2026-08-14 23:52:03,896 [DEBUG] cnn_neat: Removed 1 edges (requested 3)
2026-08-14 23:52:03,899 [DEBUG] cnn_neat: Split edge 5→6, new hidden node 7 (pool=6)
2026-08-14 23:52:03,902 [DEBUG] cnn_neat: Added edge 2→5 (from 8 candidates)
2026-08-14 23:52:03,907 [DEBUG] cnn_neat: Split edge 6→1, new hidden node 8 (pool=3)
2026-08-14 23:52:03,913 [DEBUG] cnn_neat: Removed hidden node 2 (pool=2)
2026-08-14 23:52:03,918 [DEBUG] cnn_neat: Added edge 5→6 (from 10 candidates)
2026-08-14 23:52:03,925 [DEBUG] cnn_neat: Split edge 4→6, new hidden node 7 (pool=6)
2026-08-14 23:52:03,929 [DEBUG] cnn_neat: Added edge 0→6 (from 8 candidates)
2026-08-14 23:52:03,934 [DEBUG] cnn_neat: Removed hidden node 4 (pool=2)
2026-08-14 23:52:03,937 [DEBUG] cnn_neat: Removed edge 6→5 (from 4 candidates)
2026-08-14 23:52:03,940 [DEBUG] cnn_neat: Removed 1 edges (requested 3)
2026-08-14 23:52:03,944 [DEBUG] cnn_neat: Split edge 2→1, new hidden node 8 (pool=3)
2026-08-14 23:52:03,948 [DEBUG] cnn_neat: Split edge 0→4, new hidden node 7 (pool=7)
2026-08-14 23:52:03,951 [DEBUG] cnn_neat: Added edge 4→6 (from 10 candidates)
2026-08-14 23:52:03,955 [DEBUG] cnn_neat: Added edge 0→2 (from 7 candidates)
2026-08-14 23:52:03,960 [DEBUG] cnn_neat: Split edge 2→1, new hidden node 7 (pool=6)
2026-08-14 23:52:03,963 [DEBUG] cnn_neat: Added edge 4→2 (from 7 candidates)
2026-08-14 23:52:03,969 [DEBUG] cnn_neat: Removed hidden node 4 (pool=1)
2026-08-14 23:52:03,972 [DEBUG] cnn_neat: Removed edge 5→6 (from 3 candidates)
2026-08-14 23:52:03,976 [DEBUG] cnn_neat: Removed 2 edges (requested 3)
2026-08-14 23:52:03,980 [DEBUG] cnn_neat: Split edge 5→6, new hidden node 8 (pool=7)
2026-08-14 23:52:03,985 [DEBUG] cnn_neat: Split edge 6→2, new hidden node 7 (pool=7)
2026-08-14 23:52:03,990 [DEBUG] cnn_neat: Added edge 2→1 (from 9 candidates)
2026-08-14 23:52:03,996 [DEBUG] cnn_neat: Added edge 4→1 (from 6 candidates)
2026-08-14 23:52:04,057 [DEBUG] cnn_neat: Split edge 0→4, new hidden node 5 (pool=6)
2026-08-14 23:52:04,059 [DEBUG] cnn_neat: Added edge 2→1 (from 5 candidates)
2026-08-14 23:52:04,062 [DEBUG] cnn_neat: Removed hidden node 2 (pool=2)
2026-08-14 23:52:04,063 [DEBUG] cnn_neat: Removed edge 2→3 (from 5 candidates)
2026-08-14 23:52:04,070 [DEBUG] cnn_neat: Removed 3 edges (requested 3)
2026-08-14 23:52:04,075 [DEBUG] cnn_neat: Split edge 2→1, new hidden node 5 (pool=7)
2026-08-14 23:52:04,080 [DEBUG] cnn_neat: Added edge 4→1 (from 4 candidates)
2026-08-14 23:52:04,088 [DEBUG] cnn_neat: Split edge 4→3, new hidden node 6 (pool=5)
2026-08-14 23:52:04,096 [DEBUG] cnn_neat: Removed hidden node 2 (pool=3)
2026-08-14 23:52:04,098 [DEBUG] cnn_neat: Added edge 4→5 (from 9 candidates)
2026-08-14 23:52:04,103 [DEBUG] cnn_neat: Split edge 2→1, new hidden node 5 (pool=8)
2026-08-14 23:52:04,112 [DEBUG] cnn_neat: Split edge 0→5, new hidden node 7 (pool=7)
2026-08-14 23:52:04,121 [DEBUG] cnn_neat: Added edge 0→2 (from 9 candidates)
2026-08-14 23:52:04,125 [DEBUG] cnn_neat: Removed hidden node 4 (pool=3)
2026-08-14 23:52:04,129 [DEBUG] cnn_neat: Removed edge 5→4 (from 6 candidates)
2026-08-14 23:52:04,137 [DEBUG] cnn_neat: Removed 3 edges (requested 3)
2026-08-14 23:52:04,145 [DEBUG] cnn_neat: Split edge 4→6, new hidden node 8 (pool=8)
2026-08-14 23:52:04,153 [DEBUG] cnn_neat: Split edge 0→2, new hidden node 7 (pool=7)
2026-08-14 23:52:04,160 [DEBUG] cnn_neat: Added edge 7→3 (from 14 candidates)
2026-08-14 23:52:04,169 [DEBUG] cnn_neat: Added edge 4→3 (from 11 candidates)
2026-08-14 23:52:04,177 [DEBUG] cnn_neat: Split edge 5→6, new hidden node 7 (pool=4)
2026-08-14 23:52:04,180 [DEBUG] cnn_neat: Added edge 0→6 (from 4 candidates)
2026-08-14 23:52:04,192 [DEBUG] cnn_neat: Split edge 2→1, new hidden node 7 (pool=5)
2026-08-14 23:52:04,280 [DEBUG] cnn_neat: Added edge 5→1 (from 4 candidates)
2026-08-14 23:52:04,286 [DEBUG] cnn_neat: Split edge 2→7, new hidden node 8 (pool=6)
2026-08-14 23:52:04,288 [DEBUG] cnn_neat: Removed hidden node 5 (pool=1)
2026-08-14 23:52:04,293 [DEBUG] cnn_neat: Added edge 0→7 (from 6 candidates)
2026-08-14 23:52:04,301 [DEBUG] cnn_neat: Split edge 0→2, new hidden node 4 (pool=4)
2026-08-14 23:52:04,306 [DEBUG] cnn_neat: Added edge 0→1 (from 2 candidates)
2026-08-14 23:52:04,312 [DEBUG] cnn_neat: Removed hidden node 2 (pool=1)
2026-08-14 23:52:04,313 [DEBUG] cnn_neat: Removed edge 2→3 (from 3 candidates)
2026-08-14 23:52:04,317 [DEBUG] cnn_neat: Removed 2 edges (requested 3)
2026-08-14 23:52:04,323 [DEBUG] cnn_neat: Split edge 2→3, new hidden node 4 (pool=3)
2026-08-14 23:52:04,328 [DEBUG] cnn_neat: Added edge 2→1 (from 2 candidates)
2026-08-14 23:52:04,341 [DEBUG] cnn_neat: Split edge 5→6, new hidden node 7 (pool=5)
2026-08-14 23:52:04,345 [DEBUG] cnn_neat: Added edge 3→1 (from 14 candidates)
2026-08-14 23:52:04,347 [DEBUG] cnn_neat: Removed hidden node 3 (pool=2)
2026-08-14 23:52:04,352 [DEBUG] cnn_neat: Removed edge 5→4 (from 2 candidates)
2026-08-14 23:52:04,361 [DEBUG] cnn_neat: Removed 2 edges (requested 3)
2026-08-14 23:52:04,367 [DEBUG] cnn_neat: Split edge 5→4, new hidden node 8 (pool=2)
2026-08-14 23:52:04,372 [DEBUG] cnn_neat: Split edge 6→2, new hidden node 7 (pool=5)
2026-08-14 23:52:04,381 [DEBUG] cnn_neat: Added edge 4→6 (from 19 candidates)
2026-08-14 23:52:04,388 [DEBUG] cnn_neat: Added edge 6→3 (from 12 candidates)
2026-08-14 23:52:04,394 [DEBUG] cnn_neat: Split edge 2→1, new hidden node 9 (pool=3)
2026-08-14 23:52:04,401 [DEBUG] cnn_neat: Split edge 3→4, new hidden node 7 (pool=7)
2026-08-14 23:52:04,408 [DEBUG] cnn_neat: Added edge 5→1 (from 11 candidates)
2026-08-14 23:52:04,413 [DEBUG] cnn_neat: Removed hidden node 2 (pool=2)
2026-08-14 23:52:04,419 [DEBUG] cnn_neat: Removed edge 3→5 (from 4 candidates)
2026-08-14 23:52:04,426 [DEBUG] cnn_neat: Removed 1 edges (requested 3)
2026-08-14 23:52:04,524 [DEBUG] cnn_neat: Split edge 5→6, new hidden node 8 (pool=4)
2026-08-14 23:52:04,530 [DEBUG] cnn_neat: Split edge 0→3, new hidden node 7 (pool=3)
2026-08-14 23:52:04,538 [DEBUG] cnn_neat: Added edge 7→5 (from 13 candidates)
2026-08-14 23:52:04,545 [DEBUG] cnn_neat: Added edge 4→1 (from 9 candidates)
2026-08-14 23:52:04,552 [DEBUG] cnn_neat: Split edge 0→1, new hidden node 5 (pool=1)
2026-08-14 23:52:04,554 [DEBUG] cnn_neat: Added edge 4→1 (from 1 candidates)
2026-08-14 23:52:04,555 [DEBUG] cnn_neat: Removed hidden node 4 (pool=1)
2026-08-14 23:52:04,556 [DEBUG] cnn_neat: Removed edge 0→4 (from 1 candidates)
2026-08-14 23:52:04,557 [DEBUG] cnn_neat: Removed 1 edges (requested 3)
2026-08-14 23:52:04,563 [DEBUG] cnn_neat: Split edge 4→3, new hidden node 5 (pool=4)
2026-08-14 23:52:04,567 [DEBUG] cnn_neat: Added edge 0→4 (from 4 candidates)
2026-08-14 23:52:04,581 [DEBUG] cnn_neat: Split edge 2→3, new hidden node 5 (pool=4)
2026-08-14 23:52:04,583 [DEBUG] cnn_neat: Added edge 0→3 (from 4 candidates)
2026-08-14 23:52:04,590 [DEBUG] cnn_neat: Split edge 4→2, new hidden node 5 (pool=3)
2026-08-14 23:52:04,593 [DEBUG] cnn_neat: Added edge 4→1 (from 2 candidates)
2026-08-14 23:52:04,600 [DEBUG] cnn_neat: Split edge 4→1, new hidden node 5 (pool=2)
2026-08-14 23:52:04,601 [DEBUG] cnn_neat: Added edge 0→2 (from 1 candidates)
2026-08-14 23:52:04,608 [DEBUG] cnn_neat: Removed hidden node 2 (pool=1)
2026-08-14 23:52:04,611 [DEBUG] cnn_neat: Removed edge 2→1 (from 3 candidates)
2026-08-14 23:52:04,612 [DEBUG] cnn_neat: Removed 1 edges (requested 3)
2026-08-14 23:52:04,615 [DEBUG] cnn_neat: Split edge 0→2, new hidden node 4 (pool=2)
2026-08-14 23:52:04,616 [DEBUG] cnn_neat: Added edge 0→3 (from 2 candidates)
2026-08-14 23:52:04,618 [DEBUG] cnn_neat: Removed hidden node 3 (pool=1)
2026-08-14 23:52:04,621 [DEBUG] cnn_neat: Removed edge 2→3 (from 1 candidates)
2026-08-14 23:52:04,624 [DEBUG] cnn_neat: Removed 1 edges (requested 3)
2026-08-14 23:52:04,630 [DEBUG] cnn_neat: Split edge 0→4, new hidden node 5 (pool=4)
2026-08-14 23:52:04,633 [DEBUG] cnn_neat: Added edge 3→1 (from 2 candidates)
2026-08-14 23:52:04,635 [DEBUG] cnn_neat: Removed hidden node 3 (pool=1)
2026-08-14 23:52:04,637 [DEBUG] cnn_neat: Removed edge 3→4 (from 3 candidates)
2026-08-14 23:52:04,638 [DEBUG] cnn_neat: Removed 2 edges (requested 3)
2026-08-14 23:52:04,640 [DEBUG] cnn_neat: Split edge 3→1, new hidden node 5 (pool=5)
2026-08-14 23:52:04,644 [DEBUG] cnn_neat: Added edge 0→1 (from 1 candidates)
2026-08-14 23:52:04,651 [DEBUG] cnn_neat: Split edge 3→4, new hidden node 6 (pool=3)
2026-08-14 23:52:04,653 [DEBUG] cnn_neat: Removed hidden node 3 (pool=2)
2026-08-14 23:52:04,655 [DEBUG] cnn_neat: Added edge 4→5 (from 4 candidates)
2026-08-14 23:52:04,657 [DEBUG] cnn_neat: Split edge 4→1, new hidden node 7 (pool=2)
2026-08-14 23:52:04,658 [DEBUG] cnn_neat: Removed edge 3→1 (from 5 candidates)
2026-08-14 23:52:04,664 [DEBUG] cnn_neat: Removed hidden node 3 (pool=3)
2026-08-14 23:52:04,672 [DEBUG] cnn_neat: Split edge 5→2, new hidden node 6 (pool=6)
2026-08-14 23:52:04,677 [DEBUG] cnn_neat: Added edge 2→3 (from 7 candidates)
2026-08-14 23:52:04,681 [DEBUG] cnn_neat: Removed hidden node 2 (pool=1)
2026-08-14 23:52:04,685 [DEBUG] cnn_neat: Removed edge 2→4 (from 3 candidates)
2026-08-14 23:52:04,689 [DEBUG] cnn_neat: Removed 2 edges (requested 3)
2026-08-14 23:52:04,691 [DEBUG] cnn_neat: Split edge 5→6, new hidden node 7 (pool=7)
2026-08-14 23:52:04,693 [DEBUG] cnn_neat: Split edge 5→2, new hidden node 6 (pool=7)
2026-08-14 23:52:04,785 [DEBUG] cnn_neat: Split edge 0→6, new hidden node 7 (pool=4)
2026-08-14 23:52:04,791 [DEBUG] cnn_neat: Added edge 6→5 (from 4 candidates)
2026-08-14 23:52:04,799 [DEBUG] cnn_neat: Split edge 0→7, new hidden node 8 (pool=5)
2026-08-14 23:52:04,803 [DEBUG] cnn_neat: Split edge 4→5, new hidden node 7 (pool=5)
2026-08-14 23:52:04,808 [DEBUG] cnn_neat: Added edge 0→4 (from 6 candidates)
2026-08-14 23:52:04,813 [DEBUG] cnn_neat: Added edge 0→5 (from 4 candidates)
2026-08-14 23:52:04,819 [DEBUG] cnn_neat: Split edge 5→4, new hidden node 6 (pool=6)
2026-08-14 23:52:04,821 [DEBUG] cnn_neat: Added edge 0→3 (from 10 candidates)
2026-08-14 23:52:04,824 [DEBUG] cnn_neat: Removed hidden node 3 (pool=3)
2026-08-14 23:52:04,826 [DEBUG] cnn_neat: Removed edge 2→3 (from 5 candidates)
2026-08-14 23:52:04,829 [DEBUG] cnn_neat: Removed 3 edges (requested 3)
2026-08-14 23:52:04,834 [DEBUG] cnn_neat: Split edge 6→4, new hidden node 7 (pool=7)
2026-08-14 23:52:04,836 [DEBUG] cnn_neat: Split edge 0→2, new hidden node 6 (pool=7)
2026-08-14 23:52:04,844 [DEBUG] cnn_neat: Split edge 0→4, new hidden node 7 (pool=6)
2026-08-14 23:52:04,846 [DEBUG] cnn_neat: Added edge 5→1 (from 18 candidates)
2026-08-14 23:52:04,852 [DEBUG] cnn_neat: Removed hidden node 3 (pool=2)
2026-08-14 23:52:04,856 [DEBUG] cnn_neat: Removed edge 0→6 (from 2 candidates)
2026-08-14 23:52:04,858 [DEBUG] cnn_neat: Removed 2 edges (requested 3)
2026-08-14 23:52:04,860 [DEBUG] cnn_neat: Split edge 4→5, new hidden node 8 (pool=7)
2026-08-14 23:52:04,862 [DEBUG] cnn_neat: Split edge 0→6, new hidden node 7 (pool=5)
2026-08-14 23:52:04,865 [DEBUG] cnn_neat: Split edge 6→3, new hidden node 7 (pool=5)
2026-08-14 23:52:04,873 [DEBUG] cnn_neat: Split edge 0→1, new hidden node 4 (pool=1)
2026-08-14 23:52:04,876 [DEBUG] cnn_neat: Added edge 3→1 (from 1 candidates)
2026-08-14 23:52:04,878 [DEBUG] cnn_neat: Removed hidden node 3 (pool=2)
2026-08-14 23:52:04,880 [DEBUG] cnn_neat: Removed edge 0→1 (from 4 candidates)
2026-08-14 23:52:04,882 [DEBUG] cnn_neat: Removed 3 edges (requested 3)
2026-08-14 23:52:04,889 [DEBUG] cnn_neat: Split edge 4→2, new hidden node 5 (pool=5)
2026-08-14 23:52:04,894 [DEBUG] cnn_neat: Added edge 2→1 (from 4 candidates)
2026-08-14 23:52:04,902 [DEBUG] cnn_neat: Removed hidden node 4 (pool=1)
2026-08-14 23:52:04,905 [DEBUG] cnn_neat: Removed edge 4→2 (from 3 candidates)
2026-08-14 23:52:04,912 [DEBUG] cnn_neat: Removed 2 edges (requested 3)
2026-08-14 23:52:04,916 [DEBUG] cnn_neat: Split edge 0→4, new hidden node 5 (pool=4)
2026-08-14 23:52:04,921 [DEBUG] cnn_neat: Split edge 2→3, new hidden node 5 (pool=4)
2026-08-14 23:52:04,926 [DEBUG] cnn_neat: Added edge 4→3 (from 3 candidates)
2026-08-14 23:52:04,927 [DEBUG] cnn_neat: Added edge 3→4 (from 7 candidates)
2026-08-14 23:52:04,936 [DEBUG] cnn_neat: Split edge 6→1, new hidden node 7 (pool=5)
2026-08-14 23:52:05,029 [DEBUG] cnn_neat: Added edge 0→2 (from 6 candidates)
2026-08-14 23:52:05,047 [DEBUG] cnn_neat: Split edge 0→4, new hidden node 7 (pool=6)
2026-08-14 23:52:05,055 [DEBUG] cnn_neat: Added edge 0→6 (from 9 candidates)
2026-08-14 23:52:05,061 [DEBUG] cnn_neat: Added edge 0→6 (from 8 candidates)
2026-08-14 23:52:05,067 [DEBUG] cnn_neat: Split edge 6→1, new hidden node 8 (pool=3)
2026-08-14 23:52:05,073 [DEBUG] cnn_neat: Split edge 0→3, new hidden node 4 (pool=4)
2026-08-14 23:52:05,076 [DEBUG] cnn_neat: Added edge 2→1 (from 2 candidates)
2026-08-14 23:52:05,079 [DEBUG] cnn_neat: Removed hidden node 2 (pool=1)
2026-08-14 23:52:05,082 [DEBUG] cnn_neat: Removed edge 2→3 (from 3 candidates)
2026-08-14 23:52:05,083 [DEBUG] cnn_neat: Removed 1 edges (requested 3)
2026-08-14 23:52:05,087 [DEBUG] cnn_neat: Split edge 3→1, new hidden node 4 (pool=3)
2026-08-14 23:52:05,092 [DEBUG] cnn_neat: Added edge 2→1 (from 2 candidates)
2026-08-14 23:52:05,099 [DEBUG] cnn_neat: Split edge 0→2, new hidden node 6 (pool=5)
2026-08-14 23:52:05,103 [DEBUG] cnn_neat: Added edge 2→3 (from 10 candidates)
2026-08-14 23:52:05,106 [DEBUG] cnn_neat: Removed hidden node 2 (pool=1)
2026-08-14 23:52:05,107 [DEBUG] cnn_neat: Removed edge 0→2 (from 1 candidates)
2026-08-14 23:52:05,108 [DEBUG] cnn_neat: Removed 1 edges (requested 3)
2026-08-14 23:52:05,110 [DEBUG] cnn_neat: Split edge 5→1, new hidden node 7 (pool=6)
2026-08-14 23:52:05,112 [DEBUG] cnn_neat: Split edge 3→5, new hidden node 6 (pool=6)
2026-08-14 23:52:05,138 [DEBUG] cnn_neat: Split edge 4→3, new hidden node 6 (pool=4)
2026-08-14 23:52:05,143 [DEBUG] cnn_neat: Split edge 0→2, new hidden node 6 (pool=3)
2026-08-14 23:52:05,146 [DEBUG] cnn_neat: Added edge 0→5 (from 3 candidates)
2026-08-14 23:52:05,160 [DEBUG] cnn_neat: Removed hidden node 5 (pool=2)
2026-08-14 23:52:05,162 [DEBUG] cnn_neat: Removed edge 5→2 (from 5 candidates)
2026-08-14 23:52:05,166 [DEBUG] cnn_neat: Removed 3 edges (requested 3)
2026-08-14 23:52:05,169 [DEBUG] cnn_neat: Split edge 2→1, new hidden node 7 (pool=7)
2026-08-14 23:52:05,173 [DEBUG] cnn_neat: Split edge 2→1, new hidden node 6 (pool=7)
2026-08-14 23:52:05,177 [DEBUG] cnn_neat: Split edge 0→3, new hidden node 6 (pool=4)
2026-08-14 23:52:05,179 [DEBUG] cnn_neat: Added edge 0→2 (from 6 candidates)
2026-08-14 23:52:05,271 [DEBUG] cnn_neat: Removed hidden node 4 (pool=2)
2026-08-14 23:52:05,299 [DEBUG] cnn_neat: Removed edge 4→3 (from 2 candidates)
2026-08-14 23:52:05,302 [DEBUG] cnn_neat: Removed 3 edges (requested 3)
2026-08-14 23:52:05,304 [DEBUG] cnn_neat: Split edge 0→6, new hidden node 7 (pool=5)
2026-08-14 23:52:05,309 [DEBUG] cnn_neat: Split edge 2→3, new hidden node 7 (pool=8)
2026-08-14 23:52:05,311 [DEBUG] cnn_neat: Added edge 6→1 (from 6 candidates)
2026-08-14 23:52:05,317 [DEBUG] cnn_neat: Removed hidden node 3 (pool=3)
2026-08-14 23:52:05,320 [DEBUG] cnn_neat: Removed edge 0→6 (from 7 candidates)
2026-08-14 23:52:05,326 [DEBUG] cnn_neat: Removed 3 edges (requested 3)
2026-08-14 23:52:05,328 [DEBUG] cnn_neat: Split edge 0→5, new hidden node 8 (pool=7)
2026-08-14 23:52:05,332 [DEBUG] cnn_neat: Split edge 0→6, new hidden node 7 (pool=6)
2026-08-14 23:52:05,335 [DEBUG] cnn_neat: Split edge 2→1, new hidden node 7 (pool=7)
2026-08-14 23:52:05,339 [DEBUG] cnn_neat: Split edge 0→1, new hidden node 5 (pool=1)
2026-08-14 23:52:05,340 [DEBUG] cnn_neat: Added edge 4→1 (from 1 candidates)
2026-08-14 23:52:05,342 [DEBUG] cnn_neat: Removed hidden node 4 (pool=1)
2026-08-14 23:52:05,342 [DEBUG] cnn_neat: Removed edge 0→4 (from 1 candidates)
2026-08-14 23:52:05,343 [DEBUG] cnn_neat: Removed 1 edges (requested 3)
2026-08-14 23:52:05,346 [DEBUG] cnn_neat: Split edge 2→4, new hidden node 5 (pool=4)
2026-08-14 23:52:05,348 [DEBUG] cnn_neat: Added edge 0→4 (from 4 candidates)
2026-08-14 23:52:05,357 [DEBUG] cnn_neat: Split edge 0→2, new hidden node 5 (pool=4)
2026-08-14 23:52:05,360 [DEBUG] cnn_neat: Added edge 2→4 (from 4 candidates)
2026-08-14 23:52:05,367 [DEBUG] cnn_neat: Split edge 2→1, new hidden node 5 (pool=3)
2026-08-14 23:52:05,369 [DEBUG] cnn_neat: Added edge 4→1 (from 2 candidates)
2026-08-14 23:52:05,376 [DEBUG] cnn_neat: Split edge 4→1, new hidden node 5 (pool=2)
2026-08-14 23:52:05,380 [DEBUG] cnn_neat: Added edge 0→2 (from 1 candidates)
2026-08-14 23:52:05,384 [DEBUG] cnn_neat: Removed hidden node 2 (pool=1)
2026-08-14 23:52:05,385 [DEBUG] cnn_neat: Removed edge 4→2 (from 3 candidates)
2026-08-14 23:52:05,388 [DEBUG] cnn_neat: Removed 2 edges (requested 3)
2026-08-14 23:52:05,390 [DEBUG] cnn_neat: Split edge 0→2, new hidden node 4 (pool=2)
2026-08-14 23:52:05,391 [DEBUG] cnn_neat: Added edge 0→3 (from 2 candidates)
2026-08-14 23:52:05,396 [DEBUG] cnn_neat: Removed hidden node 3 (pool=1)
2026-08-14 23:52:05,397 [DEBUG] cnn_neat: Removed edge 2→3 (from 1 candidates)
2026-08-14 23:52:05,398 [DEBUG] cnn_neat: Removed 1 edges (requested 3)
2026-08-14 23:52:05,405 [DEBUG] cnn_neat: Split edge 6→2, new hidden node 7 (pool=11)
2026-08-14 23:52:05,408 [DEBUG] cnn_neat: Added edge 5→3 (from 9 candidates)
2026-08-14 23:52:05,416 [DEBUG] cnn_neat: Removed hidden node 3 (pool=4)
2026-08-14 23:52:05,419 [DEBUG] cnn_neat: Removed edge 0→6 (from 10 candidates)
2026-08-14 23:52:05,425 [DEBUG] cnn_neat: Removed 3 edges (requested 3)
2026-08-14 23:52:05,429 [DEBUG] cnn_neat: Split edge 7→2, new hidden node 8 (pool=12)
2026-08-14 23:52:05,433 [DEBUG] cnn_neat: Split edge 0→4, new hidden node 7 (pool=12)
2026-08-14 23:52:05,437 [DEBUG] cnn_neat: Split edge 0→6, new hidden node 7 (pool=8)
2026-08-14 23:52:05,443 [DEBUG] cnn_neat: Split edge 5→2, new hidden node 8 (pool=13)
2026-08-14 23:52:05,447 [DEBUG] cnn_neat: Added edge 0→7 (from 16 candidates)
2026-08-14 23:52:05,448 [DEBUG] cnn_neat: Saved generation 3
2026-08-14 23:52:05,510 [DEBUG] cnn_neat: Selected 25 elite individuals
2026-08-14 23:52:05,529 [DEBUG] cnn_neat: Removed hidden node 4 (pool=5)
2026-08-14 23:52:05,575 [DEBUG] cnn_neat: Removed edge 6→2 (from 12 candidates)
2026-08-14 23:52:05,602 [DEBUG] cnn_neat: Removed 3 edges (requested 3)
2026-08-14 23:52:05,617 [DEBUG] cnn_neat: Split edge 0→4, new hidden node 9 (pool=11)
2026-08-14 23:52:05,635 [DEBUG] cnn_neat: Split edge 5→4, new hidden node 7 (pool=13)
2026-08-14 23:52:05,643 [DEBUG] cnn_neat: Added edge 5→1 (from 6 candidates)
2026-08-14 23:52:05,658 [DEBUG] cnn_neat: Removed hidden node 6 (pool=4)
2026-08-14 23:52:05,663 [DEBUG] cnn_neat: Removed edge 6→2 (from 12 candidates)
2026-08-14 23:52:05,674 [DEBUG] cnn_neat: Removed 3 edges (requested 3)
2026-08-14 23:52:05,873 [DEBUG] cnn_neat: Split edge 4→6, new hidden node 8 (pool=14)
2026-08-14 23:52:05,876 [DEBUG] cnn_neat: Split edge 2→3, new hidden node 7 (pool=10)
2026-08-14 23:52:05,877 [DEBUG] cnn_neat: Split edge 4→3, new hidden node 6 (pool=8)
2026-08-14 23:52:05,879 [DEBUG] cnn_neat: Added edge 0→6 (from 8 candidates)
2026-08-14 23:52:05,881 [DEBUG] cnn_neat: Split edge 0→5, new hidden node 7 (pool=11)
2026-08-14 23:52:05,885 [DEBUG] cnn_neat: Removed hidden node 5 (pool=4)
2026-08-14 23:52:05,887 [DEBUG] cnn_neat: Removed edge 4→6 (from 9 candidates)
2026-08-14 23:52:05,891 [DEBUG] cnn_neat: Removed 3 edges (requested 3)
2026-08-14 23:52:05,894 [DEBUG] cnn_neat: Crossover rejected: union topology invalid (edges=24 nodes=14)
2026-08-14 23:52:05,897 [DEBUG] cnn_neat: Split edge 6→3, new hidden node 7 (pool=10)
2026-08-14 23:52:05,900 [DEBUG] cnn_neat: Added edge 6→1 (from 8 candidates)
2026-08-14 23:52:05,902 [DEBUG] cnn_neat: Added edge 4→3 (from 7 candidates)
2026-08-14 23:52:05,904 [DEBUG] cnn_neat: Added edge 3→1 (from 8 candidates)
2026-08-14 23:52:05,907 [DEBUG] cnn_neat: Added edge 0→6 (from 7 candidates)
2026-08-14 23:52:05,911 [DEBUG] cnn_neat: Added edge 4→2 (from 6 candidates)
2026-08-14 23:52:05,913 [DEBUG] cnn_neat: Split edge 4→3, new hidden node 7 (pool=11)
2026-08-14 23:52:05,916 [DEBUG] cnn_neat: Added edge 4→1 (from 9 candidates)
2026-08-14 23:52:05,919 [DEBUG] cnn_neat: Removed hidden node 6 (pool=4)
2026-08-14 23:52:05,921 [DEBUG] cnn_neat: Removed edge 5→4 (from 10 candidates)
2026-08-14 23:52:05,925 [DEBUG] cnn_neat: Removed 3 edges (requested 3)
2026-08-14 23:52:05,927 [DEBUG] cnn_neat: Crossover rejected: union topology invalid (edges=18 nodes=12)
2026-08-14 23:52:05,930 [DEBUG] cnn_neat: Split edge 2→1, new hidden node 7 (pool=11)
2026-08-14 23:52:05,932 [DEBUG] cnn_neat: Added edge 4→2 (from 9 candidates)
2026-08-14 23:52:05,934 [DEBUG] cnn_neat: Added edge 6→1 (from 8 candidates)
2026-08-14 23:52:05,937 [DEBUG] cnn_neat: Added edge 0→3 (from 7 candidates)
2026-08-14 23:52:05,939 [DEBUG] cnn_neat: Added edge 5→1 (from 6 candidates)
2026-08-14 23:52:05,941 [DEBUG] cnn_neat: Added edge 0→6 (from 5 candidates)
2026-08-14 23:52:05,943 [DEBUG] cnn_neat: Split edge 0→6, new hidden node 7 (pool=6)
2026-08-14 23:52:05,945 [DEBUG] cnn_neat: Added edge 6→1 (from 3 candidates)
2026-08-14 23:52:05,948 [DEBUG] cnn_neat: Removed hidden node 5 (pool=2)
2026-08-14 23:52:05,950 [DEBUG] cnn_neat: Removed edge 0→5 (from 5 candidates)
2026-08-14 23:52:05,953 [DEBUG] cnn_neat: Removed 2 edges (requested 3)
2026-08-14 23:52:05,954 [DEBUG] cnn_neat: Split edge 6→2, new hidden node 7 (pool=4)
2026-08-14 23:52:05,956 [DEBUG] cnn_neat: Added edge 0→7 (from 6 candidates)
2026-08-14 23:52:05,958 [DEBUG] cnn_neat: Crossover rejected: copied edge has no live Conv2d
2026-08-14 23:52:05,960 [DEBUG] cnn_neat: Split edge 2→1, new hidden node 7 (pool=6)
2026-08-14 23:52:05,962 [DEBUG] cnn_neat: Added edge 6→1 (from 3 candidates)
2026-08-14 23:52:05,963 [DEBUG] cnn_neat: Added edge 5→1 (from 2 candidates)
2026-08-14 23:52:05,965 [DEBUG] cnn_neat: Added edge 0→2 (from 1 candidates)
2026-08-14 23:52:05,968 [DEBUG] cnn_neat: Added edge 0→1 (from 1 candidates)
2026-08-14 23:52:05,971 [DEBUG] cnn_neat: Split edge 5→6, new hidden node 7 (pool=6)
2026-08-14 23:52:05,972 [DEBUG] cnn_neat: Added edge 6→3 (from 5 candidates)
2026-08-14 23:52:05,974 [DEBUG] cnn_neat: Split edge 6→3, new hidden node 7 (pool=8)
2026-08-14 23:52:05,978 [DEBUG] cnn_neat: Removed hidden node 3 (pool=3)
2026-08-14 23:52:05,980 [DEBUG] cnn_neat: Split edge 2→1, new hidden node 7 (pool=6)
2026-08-14 23:52:05,983 [DEBUG] cnn_neat: Added edge 0→7 (from 5 candidates)
2026-08-14 23:52:05,986 [DEBUG] cnn_neat: Removed edge 2→3 (from 6 candidates)
2026-08-14 23:52:05,988 [DEBUG] cnn_neat: Split edge 0→6, new hidden node 7 (pool=6)
2026-08-14 23:52:05,990 [DEBUG] cnn_neat: Added edge 5→7 (from 8 candidates)
2026-08-14 23:52:05,992 [DEBUG] cnn_neat: Removed 3 edges (requested 3)
2026-08-14 23:52:05,996 [DEBUG] cnn_neat: Crossover rejected: copied edge has no live Conv2d
2026-08-14 23:52:05,998 [DEBUG] cnn_neat: Split edge 5→2, new hidden node 7 (pool=6)
2026-08-14 23:52:06,000 [DEBUG] cnn_neat: Added edge 0→2 (from 5 candidates)
2026-08-14 23:52:06,002 [DEBUG] cnn_neat: Added edge 6→1 (from 6 candidates)
2026-08-14 23:52:06,004 [DEBUG] cnn_neat: Added edge 5→3 (from 5 candidates)
2026-08-14 23:52:06,005 [DEBUG] cnn_neat: Added edge 6→3 (from 4 candidates)
2026-08-14 23:52:06,007 [DEBUG] cnn_neat: Added edge 5→1 (from 3 candidates)
2026-08-14 23:52:06,009 [DEBUG] cnn_neat: Split edge 2→3, new hidden node 7 (pool=9)
2026-08-14 23:52:06,012 [DEBUG] cnn_neat: Added edge 4→2 (from 11 candidates)
2026-08-14 23:52:06,014 [DEBUG] cnn_neat: Removed hidden node 6 (pool=4)
2026-08-14 23:52:06,016 [DEBUG] cnn_neat: Removed edge 2→3 (from 8 candidates)
2026-08-14 23:52:06,019 [DEBUG] cnn_neat: Removed 3 edges (requested 3)
2026-08-14 23:52:06,020 [DEBUG] cnn_neat: Split edge 5→2, new hidden node 6 (pool=6)
2026-08-14 23:52:06,023 [DEBUG] cnn_neat: Crossover rejected: copied edge has no live Conv2d
2026-08-14 23:52:06,025 [DEBUG] cnn_neat: Split edge 2→3, new hidden node 7 (pool=9)
2026-08-14 23:52:06,027 [DEBUG] cnn_neat: Added edge 2→4 (from 17 candidates)
2026-08-14 23:52:06,030 [DEBUG] cnn_neat: Added edge 4→1 (from 11 candidates)
2026-08-14 23:52:06,032 [DEBUG] cnn_neat: Added edge 0→4 (from 10 candidates)
2026-08-14 23:52:06,035 [DEBUG] cnn_neat: Added edge 3→1 (from 11 candidates)
2026-08-14 23:52:06,037 [DEBUG] cnn_neat: Added edge 0→3 (from 10 candidates)
2026-08-14 23:52:06,041 [DEBUG] cnn_neat: Added edge 4→6 (from 8 candidates)
2026-08-14 23:52:06,043 [DEBUG] cnn_neat: Split edge 5→6, new hidden node 7 (pool=9)
2026-08-14 23:52:06,045 [DEBUG] cnn_neat: Added edge 6→1 (from 5 candidates)
2026-08-14 23:52:06,048 [DEBUG] cnn_neat: Removed hidden node 6 (pool=3)
2026-08-14 23:52:06,050 [DEBUG] cnn_neat: Removed edge 0→6 (from 8 candidates)
2026-08-14 23:52:06,054 [DEBUG] cnn_neat: Removed 3 edges (requested 3)
2026-08-14 23:52:06,056 [DEBUG] cnn_neat: Crossover rejected: union topology invalid (edges=23 nodes=12)
2026-08-14 23:52:06,058 [DEBUG] cnn_neat: Split edge 6→2, new hidden node 7 (pool=9)
2026-08-14 23:52:06,061 [DEBUG] cnn_neat: Added edge 5→1 (from 5 candidates)
2026-08-14 23:52:06,063 [DEBUG] cnn_neat: Added edge 0→3 (from 4 candidates)
2026-08-14 23:52:06,064 [DEBUG] cnn_neat: Added edge 0→2 (from 3 candidates)
2026-08-14 23:52:06,067 [DEBUG] cnn_neat: Added edge 0→1 (from 3 candidates)
2026-08-14 23:52:06,070 [DEBUG] cnn_neat: Added edge 3→1 (from 2 candidates)
2026-08-14 23:52:06,072 [DEBUG] cnn_neat: Split edge 0→3, new hidden node 7 (pool=9)
2026-08-14 23:52:06,074 [DEBUG] cnn_neat: Added edge 6→1 (from 5 candidates)
2026-08-14 23:52:06,076 [DEBUG] cnn_neat: Removed hidden node 3 (pool=3)
2026-08-14 23:52:06,078 [DEBUG] cnn_neat: Split edge 6→2, new hidden node 7 (pool=6)
2026-08-14 23:52:06,080 [DEBUG] cnn_neat: Removed edge 5→6 (from 8 candidates)
2026-08-14 23:52:06,083 [DEBUG] cnn_neat: Removed 3 edges (requested 3)
2026-08-14 23:52:06,085 [DEBUG] cnn_neat: Crossover rejected: union topology invalid (edges=20 nodes=11)
2026-08-14 23:52:06,088 [DEBUG] cnn_neat: Split edge 6→2, new hidden node 7 (pool=9)
2026-08-14 23:52:06,090 [DEBUG] cnn_neat: Added edge 5→3 (from 5 candidates)
2026-08-14 23:52:06,092 [DEBUG] cnn_neat: Added edge 3→1 (from 4 candidates)
2026-08-14 23:52:06,095 [DEBUG] cnn_neat: Added edge 6→1 (from 3 candidates)
2026-08-14 23:52:06,098 [DEBUG] cnn_neat: Added edge 0→2 (from 2 candidates)
2026-08-14 23:52:06,101 [DEBUG] cnn_neat: Added edge 5→1 (from 2 candidates)
2026-08-14 23:52:06,103 [DEBUG] cnn_neat: Split edge 0→5, new hidden node 7 (pool=10)
2026-08-14 23:52:06,105 [DEBUG] cnn_neat: Added edge 4→6 (from 13 candidates)
2026-08-14 23:52:06,108 [DEBUG] cnn_neat: Removed hidden node 6 (pool=3)
2026-08-14 23:52:06,110 [DEBUG] cnn_neat: Removed edge 0→4 (from 8 candidates)
2026-08-14 23:52:06,112 [DEBUG] cnn_neat: Removed 3 edges (requested 3)
2026-08-14 23:52:06,115 [DEBUG] cnn_neat: Crossover rejected: union topology invalid (edges=22 nodes=12)
2026-08-14 23:52:06,117 [DEBUG] cnn_neat: Split edge 6→3, new hidden node 7 (pool=10)
2026-08-14 23:52:06,120 [DEBUG] cnn_neat: Added edge 4→1 (from 13 candidates)
2026-08-14 23:52:06,122 [DEBUG] cnn_neat: Added edge 5→3 (from 12 candidates)
2026-08-14 23:52:06,124 [DEBUG] cnn_neat: Added edge 4→2 (from 11 candidates)
2026-08-14 23:52:06,127 [DEBUG] cnn_neat: Added edge 3→1 (from 8 candidates)
2026-08-14 23:52:06,130 [DEBUG] cnn_neat: Added edge 4→6 (from 7 candidates)
2026-08-14 23:52:06,133 [DEBUG] cnn_neat: Split edge 4→6, new hidden node 8 (pool=12)
2026-08-14 23:52:06,135 [DEBUG] cnn_neat: Added edge 2→7 (from 19 candidates)
2026-08-14 23:52:06,140 [DEBUG] cnn_neat: Removed hidden node 5 (pool=5)
2026-08-14 23:52:06,142 [DEBUG] cnn_neat: Removed edge 5→6 (from 11 candidates)
2026-08-14 23:52:06,146 [DEBUG] cnn_neat: Removed 3 edges (requested 3)
2026-08-14 23:52:06,150 [DEBUG] cnn_neat: Crossover rejected: union topology invalid (edges=22 nodes=13)
2026-08-14 23:52:06,152 [DEBUG] cnn_neat: Split edge 6→3, new hidden node 8 (pool=12)
2026-08-14 23:52:06,155 [DEBUG] cnn_neat: Added edge 5→3 (from 19 candidates)
2026-08-14 23:52:06,157 [DEBUG] cnn_neat: Added edge 0→2 (from 18 candidates)
2026-08-14 23:52:06,159 [DEBUG] cnn_neat: Added edge 7→5 (from 15 candidates)
2026-08-14 23:52:06,163 [DEBUG] cnn_neat: Added edge 5→1 (from 10 candidates)
2026-08-14 23:52:06,165 [DEBUG] cnn_neat: Added edge 7→2 (from 9 candidates)
2026-08-14 23:52:06,168 [DEBUG] cnn_neat: Split edge 0→6, new hidden node 7 (pool=9)
2026-08-14 23:52:06,170 [DEBUG] cnn_neat: Added edge 0→2 (from 5 candidates)
2026-08-14 23:52:06,174 [DEBUG] cnn_neat: Removed hidden node 4 (pool=3)
2026-08-14 23:52:06,176 [DEBUG] cnn_neat: Split edge 0→6, new hidden node 7 (pool=6)
2026-08-14 23:52:06,178 [DEBUG] cnn_neat: Added edge 7→1 (from 8 candidates)
2026-08-14 23:52:06,180 [DEBUG] cnn_neat: Removed edge 5→4 (from 8 candidates)
2026-08-14 23:52:06,184 [DEBUG] cnn_neat: Removed 3 edges (requested 3)
2026-08-14 23:52:06,187 [DEBUG] cnn_neat: Crossover rejected: union topology invalid (edges=17 nodes=10)
2026-08-14 23:52:06,189 [DEBUG] cnn_neat: Split edge 6→2, new hidden node 7 (pool=9)
2026-08-14 23:52:06,191 [DEBUG] cnn_neat: Added edge 4→2 (from 5 candidates)
2026-08-14 23:52:06,193 [DEBUG] cnn_neat: Added edge 5→1 (from 4 candidates)
2026-08-14 23:52:06,196 [DEBUG] cnn_neat: Added edge 4→1 (from 3 candidates)
2026-08-14 23:52:06,199 [DEBUG] cnn_neat: Added edge 6→1 (from 2 candidates)
2026-08-14 23:52:06,201 [DEBUG] cnn_neat: Added edge 0→2 (from 1 candidates)
2026-08-14 23:52:06,204 [DEBUG] cnn_neat: Split edge 5→6, new hidden node 9 (pool=12)
2026-08-14 23:52:06,207 [DEBUG] cnn_neat: Added edge 0→2 (from 21 candidates)
2026-08-14 23:52:06,211 [DEBUG] cnn_neat: Removed hidden node 5 (pool=6)
2026-08-14 23:52:06,214 [DEBUG] cnn_neat: Removed edge 5→2 (from 13 candidates)
2026-08-14 23:52:06,219 [DEBUG] cnn_neat: Removed 3 edges (requested 3)
2026-08-14 23:52:06,221 [DEBUG] cnn_neat: Crossover rejected: union topology invalid (edges=18 nodes=12)
2026-08-14 23:52:06,223 [DEBUG] cnn_neat: Split edge 6→3, new hidden node 9 (pool=12)
2026-08-14 23:52:06,226 [DEBUG] cnn_neat: Added edge 0→3 (from 21 candidates)
2026-08-14 23:52:06,229 [DEBUG] cnn_neat: Added edge 4→2 (from 16 candidates)
2026-08-14 23:52:06,232 [DEBUG] cnn_neat: Added edge 5→7 (from 15 candidates)
2026-08-14 23:52:06,235 [DEBUG] cnn_neat: Added edge 2→3 (from 14 candidates)
2026-08-14 23:52:06,238 [DEBUG] cnn_neat: Added edge 4→3 (from 13 candidates)
2026-08-14 23:52:06,240 [DEBUG] cnn_neat: Split edge 5→2, new hidden node 8 (pool=14)
2026-08-14 23:52:06,243 [DEBUG] cnn_neat: Added edge 7→3 (from 11 candidates)
2026-08-14 23:52:06,248 [DEBUG] cnn_neat: Removed hidden node 5 (pool=5)
2026-08-14 23:52:06,250 [DEBUG] cnn_neat: Removed edge 2→3 (from 12 candidates)
2026-08-14 23:52:06,255 [DEBUG] cnn_neat: Removed 3 edges (requested 3)
2026-08-14 23:52:06,258 [DEBUG] cnn_neat: Crossover rejected: union topology invalid (edges=21 nodes=12)
2026-08-14 23:52:06,261 [DEBUG] cnn_neat: Split edge 7→6, new hidden node 8 (pool=14)
2026-08-14 23:52:06,264 [DEBUG] cnn_neat: Added edge 5→3 (from 11 candidates)
2026-08-14 23:52:06,267 [DEBUG] cnn_neat: Added edge 3→1 (from 10 candidates)
2026-08-14 23:52:06,270 [DEBUG] cnn_neat: Added edge 7→2 (from 9 candidates)
2026-08-14 23:52:06,274 [DEBUG] cnn_neat: Added edge 4→1 (from 8 candidates)
2026-08-14 23:52:06,279 [DEBUG] cnn_neat: Added edge 4→2 (from 7 candidates)
2026-08-14 23:52:06,281 [DEBUG] cnn_neat: Split edge 3→1, new hidden node 5 (pool=6)
2026-08-14 23:52:06,283 [DEBUG] cnn_neat: Added edge 4→1 (from 4 candidates)
2026-08-14 23:52:06,319 [DEBUG] cnn_neat: Split edge 0→3, new hidden node 4 (pool=4)
2026-08-14 23:52:06,330 [DEBUG] cnn_neat: Added edge 2→1 (from 2 candidates)
2026-08-14 23:52:06,421 [DEBUG] cnn_neat: Removed hidden node 2 (pool=1)
2026-08-14 23:52:06,426 [DEBUG] cnn_neat: Removed edge 0→3 (from 3 candidates)
2026-08-14 23:52:06,430 [DEBUG] cnn_neat: Removed 2 edges (requested 3)
2026-08-14 23:52:06,434 [DEBUG] cnn_neat: Split edge 0→2, new hidden node 4 (pool=3)
2026-08-14 23:52:06,437 [DEBUG] cnn_neat: Added edge 2→1 (from 2 candidates)
2026-08-14 23:52:06,445 [DEBUG] cnn_neat: Split edge 0→1, new hidden node 5 (pool=1)
2026-08-14 23:52:06,447 [DEBUG] cnn_neat: Added edge 4→1 (from 1 candidates)
2026-08-14 23:52:06,449 [DEBUG] cnn_neat: Removed hidden node 4 (pool=1)
2026-08-14 23:52:06,451 [DEBUG] cnn_neat: Removed edge 0→4 (from 1 candidates)
2026-08-14 23:52:06,452 [DEBUG] cnn_neat: Removed 1 edges (requested 3)
2026-08-14 23:52:06,457 [DEBUG] cnn_neat: Split edge 0→2, new hidden node 5 (pool=4)
2026-08-14 23:52:06,461 [DEBUG] cnn_neat: Added edge 2→3 (from 4 candidates)
2026-08-14 23:52:06,473 [DEBUG] cnn_neat: Split edge 0→2, new hidden node 5 (pool=4)
2026-08-14 23:52:06,477 [DEBUG] cnn_neat: Added edge 3→1 (from 4 candidates)
2026-08-14 23:52:06,662 [DEBUG] cnn_neat: Split edge 4→2, new hidden node 5 (pool=3)
2026-08-14 23:52:06,670 [DEBUG] cnn_neat: Added edge 0→2 (from 2 candidates)
2026-08-14 23:52:06,693 [DEBUG] cnn_neat: Split edge 0→4, new hidden node 5 (pool=2)
2026-08-14 23:52:06,702 [DEBUG] cnn_neat: Added edge 0→2 (from 1 candidates)
2026-08-14 23:52:06,718 [DEBUG] cnn_neat: Removed hidden node 2 (pool=1)
2026-08-14 23:52:06,730 [DEBUG] cnn_neat: Removed edge 4→1 (from 3 candidates)
2026-08-14 23:52:06,737 [DEBUG] cnn_neat: Removed 2 edges (requested 3)
2026-08-14 23:52:06,773 [DEBUG] cnn_neat: Split edge 2→1, new hidden node 4 (pool=2)
2026-08-14 23:52:06,775 [DEBUG] cnn_neat: Added edge 0→3 (from 2 candidates)
2026-08-14 23:52:06,779 [DEBUG] cnn_neat: Removed hidden node 3 (pool=1)
2026-08-14 23:52:06,781 [DEBUG] cnn_neat: Removed edge 2→3 (from 1 candidates)
2026-08-14 23:52:06,784 [DEBUG] cnn_neat: Removed 1 edges (requested 3)
2026-08-14 23:52:06,796 [DEBUG] cnn_neat: Split edge 4→6, new hidden node 7 (pool=12)
2026-08-14 23:52:06,808 [DEBUG] cnn_neat: Added edge 5→3 (from 8 candidates)
2026-08-14 23:52:06,817 [DEBUG] cnn_neat: Removed hidden node 4 (pool=4)
2026-08-14 23:52:06,828 [DEBUG] cnn_neat: Removed edge 0→5 (from 11 candidates)
2026-08-14 23:52:06,837 [DEBUG] cnn_neat: Removed 3 edges (requested 3)
2026-08-14 23:52:06,841 [DEBUG] cnn_neat: Split edge 4→3, new hidden node 8 (pool=13)
2026-08-14 23:52:06,846 [DEBUG] cnn_neat: Split edge 5→4, new hidden node 7 (pool=13)
2026-08-14 23:52:06,854 [DEBUG] cnn_neat: Split edge 0→5, new hidden node 8 (pool=7)
2026-08-14 23:52:06,857 [DEBUG] cnn_neat: Added edge 4→1 (from 15 candidates)
2026-08-14 23:52:06,865 [DEBUG] cnn_neat: Removed hidden node 3 (pool=3)
2026-08-14 23:52:06,868 [DEBUG] cnn_neat: Removed edge 7→4 (from 4 candidates)
2026-08-14 23:52:06,874 [DEBUG] cnn_neat: Removed 3 edges (requested 3)
2026-08-14 23:52:06,879 [DEBUG] cnn_neat: Split edge 4→6, new hidden node 8 (pool=6)
2026-08-14 23:52:06,882 [DEBUG] cnn_neat: Split edge 6→2, new hidden node 8 (pool=5)
2026-08-14 23:52:06,885 [DEBUG] cnn_neat: Added edge 4→3 (from 11 candidates)
2026-08-14 23:52:06,889 [DEBUG] cnn_neat: Added edge 4→5 (from 19 candidates)
2026-08-14 23:52:06,895 [DEBUG] cnn_neat: Split edge 6→1, new hidden node 7 (pool=1)
2026-08-14 23:52:06,899 [DEBUG] cnn_neat: Added edge 3→6 (from 7 candidates)
2026-08-14 23:52:06,906 [DEBUG] cnn_neat: Removed hidden node 4 (pool=1)
2026-08-14 23:52:06,910 [DEBUG] cnn_neat: Removed edge 6→4 (from 3 candidates)
2026-08-14 23:52:06,914 [DEBUG] cnn_neat: Removed 2 edges (requested 3)
2026-08-14 23:52:06,918 [DEBUG] cnn_neat: Split edge 3→6, new hidden node 7 (pool=6)
2026-08-14 23:52:06,922 [DEBUG] cnn_neat: Added edge 2→5 (from 8 candidates)
2026-08-14 23:52:06,927 [DEBUG] cnn_neat: Split edge 7→6, new hidden node 8 (pool=5)
2026-08-14 23:52:06,933 [DEBUG] cnn_neat: Removed hidden node 5 (pool=2)
2026-08-14 23:52:06,938 [DEBUG] cnn_neat: Added edge 0→7 (from 12 candidates)
2026-08-14 23:52:06,946 [DEBUG] cnn_neat: Split edge 6→5, new hidden node 7 (pool=6)
2026-08-14 23:52:06,950 [DEBUG] cnn_neat: Added edge 4→1 (from 8 candidates)
2026-08-14 23:52:06,955 [DEBUG] cnn_neat: Removed hidden node 4 (pool=2)
2026-08-14 23:52:06,958 [DEBUG] cnn_neat: Removed edge 0→5 (from 4 candidates)
2026-08-14 23:52:06,962 [DEBUG] cnn_neat: Removed 1 edges (requested 3)
2026-08-14 23:52:06,967 [DEBUG] cnn_neat: Split edge 5→2, new hidden node 8 (pool=3)
2026-08-14 23:52:06,970 [DEBUG] cnn_neat: Added edge 6→2 (from 10 candidates)
2026-08-14 23:52:06,974 [DEBUG] cnn_neat: Split edge 7→5, new hidden node 9 (pool=8)
2026-08-14 23:52:06,979 [DEBUG] cnn_neat: Removed hidden node 6 (pool=3)
2026-08-14 23:52:06,983 [DEBUG] cnn_neat: Added edge 6→1 (from 16 candidates)
2026-08-14 23:52:06,988 [DEBUG] cnn_neat: Split edge 0→1, new hidden node 4 (pool=1)
2026-08-14 23:52:06,991 [DEBUG] cnn_neat: Added edge 3→1 (from 1 candidates)
2026-08-14 23:52:06,995 [DEBUG] cnn_neat: Removed hidden node 3 (pool=2)
2026-08-14 23:52:06,998 [DEBUG] cnn_neat: Removed edge 2→3 (from 4 candidates)
2026-08-14 23:52:07,001 [DEBUG] cnn_neat: Removed 3 edges (requested 3)
2026-08-14 23:52:07,004 [DEBUG] cnn_neat: Split edge 0→1, new hidden node 4 (pool=1)
2026-08-14 23:52:07,005 [DEBUG] cnn_neat: Split edge 2→3, new hidden node 4 (pool=2)
2026-08-14 23:52:07,008 [DEBUG] cnn_neat: Added edge 3→2 (from 3 candidates)
2026-08-14 23:52:07,010 [DEBUG] cnn_neat: Added edge 2→1 (from 3 candidates)
2026-08-14 23:52:07,015 [DEBUG] cnn_neat: Split edge 0→5, new hidden node 7 (pool=8)
2026-08-14 23:52:07,019 [DEBUG] cnn_neat: Added edge 5→3 (from 6 candidates)
2026-08-14 23:52:07,025 [DEBUG] cnn_neat: Removed hidden node 6 (pool=3)
2026-08-14 23:52:07,028 [DEBUG] cnn_neat: Removed edge 6→2 (from 7 candidates)
2026-08-14 23:52:07,036 [DEBUG] cnn_neat: Removed 3 edges (requested 3)
2026-08-14 23:52:07,041 [DEBUG] cnn_neat: Split edge 2→1, new hidden node 8 (pool=9)
2026-08-14 23:52:07,044 [DEBUG] cnn_neat: Split edge 5→2, new hidden node 6 (pool=3)
2026-08-14 23:52:07,046 [DEBUG] cnn_neat: Split edge 2→3, new hidden node 7 (pool=7)
2026-08-14 23:52:07,116 [DEBUG] cnn_neat: Split edge 6→2, new hidden node 7 (pool=11)
2026-08-14 23:52:07,118 [DEBUG] cnn_neat: Added edge 4→2 (from 9 candidates)
2026-08-14 23:52:07,122 [DEBUG] cnn_neat: Removed hidden node 6 (pool=4)
2026-08-14 23:52:07,124 [DEBUG] cnn_neat: Removed edge 0→4 (from 10 candidates)
2026-08-14 23:52:07,131 [DEBUG] cnn_neat: Removed 3 edges (requested 3)
2026-08-14 23:52:07,142 [DEBUG] cnn_neat: Split edge 0→5, new hidden node 7 (pool=12)
2026-08-14 23:52:07,147 [DEBUG] cnn_neat: Split edge 5→4, new hidden node 6 (pool=5)
2026-08-14 23:52:07,157 [DEBUG] cnn_neat: Split edge 5→2, new hidden node 8 (pool=13)
2026-08-14 23:52:07,159 [DEBUG] cnn_neat: Added edge 2→7 (from 16 candidates)
2026-08-14 23:52:07,169 [DEBUG] cnn_neat: Removed hidden node 3 (pool=5)
2026-08-14 23:52:07,174 [DEBUG] cnn_neat: Removed edge 6→3 (from 12 candidates)
2026-08-14 23:52:07,190 [DEBUG] cnn_neat: Removed 3 edges (requested 3)
2026-08-14 23:52:07,196 [DEBUG] cnn_neat: Split edge 7→3, new hidden node 8 (pool=14)
2026-08-14 23:52:07,199 [DEBUG] cnn_neat: Split edge 4→7, new hidden node 8 (pool=10)
2026-08-14 23:52:07,203 [DEBUG] cnn_neat: Split edge 0→3, new hidden node 4 (pool=4)
2026-08-14 23:52:07,204 [DEBUG] cnn_neat: Added edge 2→1 (from 2 candidates)
2026-08-14 23:52:07,211 [DEBUG] cnn_neat: Removed hidden node 2 (pool=1)
2026-08-14 23:52:07,212 [DEBUG] cnn_neat: Removed edge 2→3 (from 3 candidates)
2026-08-14 23:52:07,214 [DEBUG] cnn_neat: Removed 1 edges (requested 3)
2026-08-14 23:52:07,217 [DEBUG] cnn_neat: Split edge 2→3, new hidden node 4 (pool=3)
2026-08-14 23:52:07,221 [DEBUG] cnn_neat: Added edge 0→3 (from 2 candidates)
2026-08-14 23:52:07,226 [DEBUG] cnn_neat: Split edge 0→1, new hidden node 5 (pool=1)
2026-08-14 23:52:07,227 [DEBUG] cnn_neat: Added edge 4→1 (from 1 candidates)
2026-08-14 23:52:07,228 [DEBUG] cnn_neat: Removed hidden node 4 (pool=1)
2026-08-14 23:52:07,228 [DEBUG] cnn_neat: Removed edge 0→4 (from 1 candidates)
2026-08-14 23:52:07,230 [DEBUG] cnn_neat: Removed 1 edges (requested 3)
2026-08-14 23:52:07,237 [DEBUG] cnn_neat: Split edge 2→4, new hidden node 5 (pool=4)
2026-08-14 23:52:07,243 [DEBUG] cnn_neat: Added edge 0→3 (from 4 candidates)
2026-08-14 23:52:07,253 [DEBUG] cnn_neat: Split edge 4→1, new hidden node 5 (pool=4)
2026-08-14 23:52:07,254 [DEBUG] cnn_neat: Added edge 0→3 (from 4 candidates)
2026-08-14 23:52:07,267 [DEBUG] cnn_neat: Split edge 4→6, new hidden node 7 (pool=13)
2026-08-14 23:52:07,270 [DEBUG] cnn_neat: Added edge 6→1 (from 6 candidates)
2026-08-14 23:52:07,276 [DEBUG] cnn_neat: Removed hidden node 6 (pool=4)
2026-08-14 23:52:07,285 [DEBUG] cnn_neat: Removed edge 0→6 (from 12 candidates)
2026-08-14 23:52:07,295 [DEBUG] cnn_neat: Removed 3 edges (requested 3)
2026-08-14 23:52:07,297 [DEBUG] cnn_neat: Split edge 4→6, new hidden node 7 (pool=12)
2026-08-14 23:52:07,299 [DEBUG] cnn_neat: Split edge 4→3, new hidden node 6 (pool=8)
2026-08-14 23:52:07,305 [DEBUG] cnn_neat: Split edge 0→2, new hidden node 5 (pool=7)
2026-08-14 23:52:07,309 [DEBUG] cnn_neat: Added edge 4→1 (from 3 candidates)
2026-08-14 23:52:07,416 [DEBUG] cnn_neat: Removed hidden node 4 (pool=2)
2026-08-14 23:52:07,421 [DEBUG] cnn_neat: Removed edge 4→3 (from 6 candidates)
2026-08-14 23:52:07,424 [DEBUG] cnn_neat: Removed 3 edges (requested 3)
2026-08-14 23:52:07,426 [DEBUG] cnn_neat: Split edge 0→3, new hidden node 6 (pool=7)
2026-08-14 23:52:07,427 [DEBUG] cnn_neat: Split edge 0→4, new hidden node 5 (pool=4)
2026-08-14 23:52:07,433 [DEBUG] cnn_neat: Added edge 2→1 (from 7 candidates)
2026-08-14 23:52:07,434 [DEBUG] cnn_neat: Added edge 0→1 (from 8 candidates)
2026-08-14 23:52:07,437 [DEBUG] cnn_neat: Split edge 4→2, new hidden node 5 (pool=3)
2026-08-14 23:52:07,441 [DEBUG] cnn_neat: Added edge 4→1 (from 2 candidates)
2026-08-14 23:52:07,454 [DEBUG] cnn_neat: Split edge 5→7, new hidden node 8 (pool=7)
2026-08-14 23:52:07,456 [DEBUG] cnn_neat: Added edge 0→6 (from 11 candidates)
2026-08-14 23:52:07,467 [DEBUG] cnn_neat: Removed hidden node 7 (pool=2)
2026-08-14 23:52:07,471 [DEBUG] cnn_neat: Removed edge 7→4 (from 4 candidates)
2026-08-14 23:52:07,478 [DEBUG] cnn_neat: Removed 3 edges (requested 3)
2026-08-14 23:52:07,481 [DEBUG] cnn_neat: Split edge 2→1, new hidden node 9 (pool=4)
2026-08-14 23:52:07,484 [DEBUG] cnn_neat: Split edge 0→6, new hidden node 8 (pool=4)
2026-08-14 23:52:07,488 [DEBUG] cnn_neat: Split edge 5→7, new hidden node 8 (pool=6)
2026-08-14 23:52:07,495 [DEBUG] cnn_neat: Split edge 4→1, new hidden node 5 (pool=2)
2026-08-14 23:52:07,499 [DEBUG] cnn_neat: Added edge 0→2 (from 1 candidates)
2026-08-14 23:52:07,509 [DEBUG] cnn_neat: Removed hidden node 2 (pool=1)
2026-08-14 23:52:07,510 [DEBUG] cnn_neat: Removed edge 2→1 (from 3 candidates)
2026-08-14 23:52:07,511 [DEBUG] cnn_neat: Removed 1 edges (requested 3)
2026-08-14 23:52:07,515 [DEBUG] cnn_neat: Split edge 6→2, new hidden node 8 (pool=9)
2026-08-14 23:52:07,521 [DEBUG] cnn_neat: Added edge 7→1 (from 15 candidates)
2026-08-14 23:52:07,529 [DEBUG] cnn_neat: Removed hidden node 7 (pool=3)
2026-08-14 23:52:07,535 [DEBUG] cnn_neat: Removed edge 5→7 (from 6 candidates)
2026-08-14 23:52:07,541 [DEBUG] cnn_neat: Removed 3 edges (requested 3)
2026-08-14 23:52:07,543 [DEBUG] cnn_neat: Split edge 5→6, new hidden node 9 (pool=10)
2026-08-14 23:52:07,549 [DEBUG] cnn_neat: Split edge 0→5, new hidden node 8 (pool=4)
2026-08-14 23:52:07,555 [DEBUG] cnn_neat: Split edge 2→1, new hidden node 4 (pool=2)
2026-08-14 23:52:07,558 [DEBUG] cnn_neat: Added edge 0→3 (from 2 candidates)
2026-08-14 23:52:07,561 [DEBUG] cnn_neat: Removed hidden node 3 (pool=1)
2026-08-14 23:52:07,562 [DEBUG] cnn_neat: Removed edge 2→3 (from 1 candidates)
2026-08-14 23:52:07,565 [DEBUG] cnn_neat: Removed 1 edges (requested 3)
2026-08-14 23:52:07,574 [DEBUG] cnn_neat: Split edge 0→5, new hidden node 9 (pool=4)
2026-08-14 23:52:07,577 [DEBUG] cnn_neat: Added edge 7→6 (from 13 candidates)
2026-08-14 23:52:07,580 [DEBUG] cnn_neat: Removed hidden node 7 (pool=3)
2026-08-14 23:52:07,585 [DEBUG] cnn_neat: Removed edge 5→7 (from 4 candidates)
2026-08-14 23:52:07,591 [DEBUG] cnn_neat: Removed 3 edges (requested 3)
2026-08-14 23:52:07,697 [DEBUG] cnn_neat: Split edge 7→6, new hidden node 9 (pool=5)
2026-08-14 23:52:07,703 [DEBUG] cnn_neat: Split edge 6→2, new hidden node 9 (pool=6)
2026-08-14 23:52:07,705 [DEBUG] cnn_neat: Split edge 2→1, new hidden node 9 (pool=4)
2026-08-14 23:52:07,710 [DEBUG] cnn_neat: Split edge 5→2, new hidden node 6 (pool=4)
2026-08-14 23:52:07,715 [DEBUG] cnn_neat: Added edge 4→5 (from 7 candidates)
2026-08-14 23:52:07,718 [DEBUG] cnn_neat: Removed hidden node 4 (pool=1)
2026-08-14 23:52:07,721 [DEBUG] cnn_neat: Removed edge 0→4 (from 1 candidates)
2026-08-14 23:52:07,725 [DEBUG] cnn_neat: Removed 1 edges (requested 3)
2026-08-14 23:52:07,726 [DEBUG] cnn_neat: Split edge 6→2, new hidden node 7 (pool=5)
2026-08-14 23:52:07,728 [DEBUG] cnn_neat: Added edge 0→6 (from 10 candidates)
2026-08-14 23:52:07,730 [DEBUG] cnn_neat: Split edge 6→7, new hidden node 8 (pool=6)
2026-08-14 23:52:07,734 [DEBUG] cnn_neat: Removed hidden node 4 (pool=1)
2026-08-14 23:52:07,739 [DEBUG] cnn_neat: Added edge 5→7 (from 14 candidates)
2026-08-14 23:52:07,743 [DEBUG] cnn_neat: Split edge 5→2, new hidden node 7 (pool=5)
2026-08-14 23:52:07,747 [DEBUG] cnn_neat: Added edge 0→4 (from 9 candidates)
2026-08-14 23:52:07,751 [DEBUG] cnn_neat: Removed hidden node 6 (pool=2)
2026-08-14 23:52:07,754 [DEBUG] cnn_neat: Removed edge 4→6 (from 2 candidates)
2026-08-14 23:52:07,759 [DEBUG] cnn_neat: Removed 2 edges (requested 3)
2026-08-14 23:52:07,762 [DEBUG] cnn_neat: Split edge 5→7, new hidden node 8 (pool=6)
2026-08-14 23:52:07,764 [DEBUG] cnn_neat: Added edge 5→2 (from 13 candidates)
2026-08-14 23:52:07,769 [DEBUG] cnn_neat: Split edge 5→8, new hidden node 9 (pool=7)
2026-08-14 23:52:07,774 [DEBUG] cnn_neat: Removed hidden node 4 (pool=2)
2026-08-14 23:52:07,779 [DEBUG] cnn_neat: Added edge 0→7 (from 17 candidates)
2026-08-14 23:52:07,788 [DEBUG] cnn_neat: Split edge 0→4, new hidden node 7 (pool=7)
2026-08-14 23:52:07,795 [DEBUG] cnn_neat: Added edge 5→1 (from 7 candidates)
2026-08-14 23:52:07,799 [DEBUG] cnn_neat: Removed hidden node 4 (pool=2)
2026-08-14 23:52:07,801 [DEBUG] cnn_neat: Removed edge 0→5 (from 5 candidates)
2026-08-14 23:52:07,803 [DEBUG] cnn_neat: Removed 2 edges (requested 3)
2026-08-14 23:52:07,805 [DEBUG] cnn_neat: Split edge 4→5, new hidden node 8 (pool=4)
2026-08-14 23:52:07,809 [DEBUG] cnn_neat: Split edge 0→5, new hidden node 7 (pool=3)
2026-08-14 23:52:07,814 [DEBUG] cnn_neat: Split edge 0→4, new hidden node 7 (pool=6)
2026-08-14 23:52:07,817 [DEBUG] cnn_neat: Split edge 4→6, new hidden node 7 (pool=6)
2026-08-14 23:52:07,819 [DEBUG] cnn_neat: Added edge 4→3 (from 11 candidates)
2026-08-14 23:52:07,825 [DEBUG] cnn_neat: Removed hidden node 5 (pool=3)
2026-08-14 23:52:07,830 [DEBUG] cnn_neat: Removed edge 2→3 (from 5 candidates)
2026-08-14 23:52:07,838 [DEBUG] cnn_neat: Removed 3 edges (requested 3)
2026-08-14 23:52:07,842 [DEBUG] cnn_neat: Split edge 0→4, new hidden node 8 (pool=7)
2026-08-14 23:52:07,849 [DEBUG] cnn_neat: Split edge 4→6, new hidden node 7 (pool=8)
2026-08-14 23:52:07,851 [DEBUG] cnn_neat: Added edge 0→6 (from 11 candidates)
2026-08-14 23:52:07,854 [DEBUG] cnn_neat: Removed hidden node 4 (pool=2)
2026-08-14 23:52:07,860 [DEBUG] cnn_neat: Removed edge 5→6 (from 5 candidates)
2026-08-14 23:52:07,867 [DEBUG] cnn_neat: Removed 3 edges (requested 3)
2026-08-14 23:52:07,871 [DEBUG] cnn_neat: Split edge 0→5, new hidden node 8 (pool=9)
2026-08-14 23:52:07,877 [DEBUG] cnn_neat: Split edge 4→6, new hidden node 7 (pool=9)
2026-08-14 23:52:07,984 [DEBUG] cnn_neat: Split edge 0→4, new hidden node 7 (pool=9)
2026-08-14 23:52:07,988 [DEBUG] cnn_neat: Added edge 3→1 (from 9 candidates)
2026-08-14 23:52:07,991 [DEBUG] cnn_neat: Removed hidden node 4 (pool=3)
2026-08-14 23:52:07,995 [DEBUG] cnn_neat: Removed edge 5→3 (from 7 candidates)
2026-08-14 23:52:08,005 [DEBUG] cnn_neat: Removed 3 edges (requested 3)
2026-08-14 23:52:08,008 [DEBUG] cnn_neat: Split edge 0→5, new hidden node 8 (pool=10)
2026-08-14 23:52:08,017 [DEBUG] cnn_neat: Split edge 3→1, new hidden node 7 (pool=7)
2026-08-14 23:52:08,025 [DEBUG] cnn_neat: Added edge 4→3 (from 16 candidates)
2026-08-14 23:52:08,028 [DEBUG] cnn_neat: Added edge 5→2 (from 7 candidates)
2026-08-14 23:52:08,031 [DEBUG] cnn_neat: Split edge 3→1, new hidden node 4 (pool=4)
2026-08-14 23:52:08,037 [DEBUG] cnn_neat: Added edge 2→1 (from 2 candidates)
2026-08-14 23:52:08,039 [DEBUG] cnn_neat: Removed hidden node 2 (pool=1)
2026-08-14 23:52:08,040 [DEBUG] cnn_neat: Removed edge 0→3 (from 3 candidates)
2026-08-14 23:52:08,042 [DEBUG] cnn_neat: Removed 1 edges (requested 3)
2026-08-14 23:52:08,045 [DEBUG] cnn_neat: Split edge 3→1, new hidden node 4 (pool=3)
2026-08-14 23:52:08,051 [DEBUG] cnn_neat: Added edge 2→1 (from 2 candidates)
2026-08-14 23:52:08,058 [DEBUG] cnn_neat: Split edge 0→1, new hidden node 5 (pool=1)
2026-08-14 23:52:08,061 [DEBUG] cnn_neat: Added edge 4→1 (from 1 candidates)
2026-08-14 23:52:08,066 [DEBUG] cnn_neat: Removed hidden node 4 (pool=1)
2026-08-14 23:52:08,067 [DEBUG] cnn_neat: Removed edge 0→4 (from 1 candidates)
2026-08-14 23:52:08,067 [DEBUG] cnn_neat: Removed 1 edges (requested 3)
2026-08-14 23:52:08,071 [DEBUG] cnn_neat: Split edge 4→3, new hidden node 5 (pool=4)
2026-08-14 23:52:08,072 [DEBUG] cnn_neat: Added edge 0→4 (from 4 candidates)
2026-08-14 23:52:08,080 [DEBUG] cnn_neat: Split edge 4→1, new hidden node 5 (pool=4)
2026-08-14 23:52:08,082 [DEBUG] cnn_neat: Added edge 2→4 (from 4 candidates)
2026-08-14 23:52:08,095 [DEBUG] cnn_neat: Split edge 5→4, new hidden node 8 (pool=8)
2026-08-14 23:52:08,103 [DEBUG] cnn_neat: Added edge 7→3 (from 14 candidates)
2026-08-14 23:52:08,113 [DEBUG] cnn_neat: Removed hidden node 3 (pool=4)
2026-08-14 23:52:08,115 [DEBUG] cnn_neat: Removed edge 4→7 (from 7 candidates)
2026-08-14 23:52:08,123 [DEBUG] cnn_neat: Removed 3 edges (requested 3)
2026-08-14 23:52:08,125 [DEBUG] cnn_neat: Split edge 6→2, new hidden node 9 (pool=9)
2026-08-14 23:52:08,134 [DEBUG] cnn_neat: Added edge 6→1 (from 11 candidates)
2026-08-14 23:52:08,147 [DEBUG] cnn_neat: Removed hidden node 7 (pool=2)
2026-08-14 23:52:08,149 [DEBUG] cnn_neat: Removed edge 4→1 (from 4 candidates)
2026-08-14 23:52:08,255 [DEBUG] cnn_neat: Removed 2 edges (requested 3)
2026-08-14 23:52:08,262 [DEBUG] cnn_neat: Split edge 6→1, new hidden node 8 (pool=1)
2026-08-14 23:52:08,267 [DEBUG] cnn_neat: Added edge 4→7 (from 9 candidates)
2026-08-14 23:52:08,276 [DEBUG] cnn_neat: Added edge 0→4 (from 15 candidates)
2026-08-14 23:52:08,283 [DEBUG] cnn_neat: Removed hidden node 4 (pool=2)
2026-08-14 23:52:08,288 [DEBUG] cnn_neat: Split edge 0→4, new hidden node 5 (pool=3)
2026-08-14 23:52:08,291 [DEBUG] cnn_neat: Added edge 0→2 (from 2 candidates)
2026-08-14 23:52:08,297 [DEBUG] cnn_neat: Split edge 4→1, new hidden node 5 (pool=2)
2026-08-14 23:52:08,301 [DEBUG] cnn_neat: Added edge 0→2 (from 1 candidates)
2026-08-14 23:52:08,307 [DEBUG] cnn_neat: Removed hidden node 2 (pool=1)
2026-08-14 23:52:08,309 [DEBUG] cnn_neat: Removed edge 2→1 (from 3 candidates)
2026-08-14 23:52:08,312 [DEBUG] cnn_neat: Removed 2 edges (requested 3)
2026-08-14 23:52:08,318 [DEBUG] cnn_neat: Split edge 10→11, new hidden node 12 (pool=8)
2026-08-14 23:52:08,322 [DEBUG] cnn_neat: Added edge 5→11 (from 24 candidates)
2026-08-14 23:52:08,331 [DEBUG] cnn_neat: Removed hidden node 10 (pool=6)
2026-08-14 23:52:08,333 [DEBUG] cnn_neat: Removed edge 9→10 (from 8 candidates)
2026-08-14 23:52:08,342 [DEBUG] cnn_neat: Removed 3 edges (requested 3)
2026-08-14 23:52:08,348 [DEBUG] cnn_neat: Split edge 2→1, new hidden node 13 (pool=4)
2026-08-14 23:52:08,379 [DEBUG] cnn_neat: Split edge 0→2, new hidden node 4 (pool=2)
2026-08-14 23:52:08,380 [DEBUG] cnn_neat: Added edge 0→3 (from 2 candidates)
2026-08-14 23:52:08,383 [DEBUG] cnn_neat: Removed hidden node 3 (pool=1)
2026-08-14 23:52:08,391 [DEBUG] cnn_neat: Removed edge 2→3 (from 1 candidates)
2026-08-14 23:52:08,393 [DEBUG] cnn_neat: Removed 1 edges (requested 3)
2026-08-14 23:52:08,400 [DEBUG] cnn_neat: Split edge 3→5, new hidden node 7 (pool=5)
2026-08-14 23:52:08,404 [DEBUG] cnn_neat: Added edge 0→3 (from 6 candidates)
2026-08-14 23:52:08,542 [DEBUG] cnn_neat: Split edge 0→3, new hidden node 7 (pool=6)
2026-08-14 23:52:08,547 [DEBUG] cnn_neat: Added edge 7→6 (from 9 candidates)
2026-08-14 23:52:08,552 [DEBUG] cnn_neat: Added edge 0→5 (from 6 candidates)
2026-08-14 23:52:08,558 [DEBUG] cnn_neat: Split edge 0→2, new hidden node 8 (pool=7)
2026-08-14 23:52:08,566 [DEBUG] cnn_neat: Split edge 2→3, new hidden node 7 (pool=6)
2026-08-14 23:52:08,570 [DEBUG] cnn_neat: Added edge 6→4 (from 13 candidates)
2026-08-14 23:52:08,577 [DEBUG] cnn_neat: Removed hidden node 4 (pool=1)
2026-08-14 23:52:08,581 [DEBUG] cnn_neat: Removed edge 4→1 (from 1 candidates)
2026-08-14 23:52:08,586 [DEBUG] cnn_neat: Removed 1 edges (requested 3)
2026-08-14 23:52:08,591 [DEBUG] cnn_neat: Split edge 4→1, new hidden node 8 (pool=1)
2026-08-14 23:52:08,595 [DEBUG] cnn_neat: Added edge 4→6 (from 16 candidates)
2026-08-14 23:52:08,599 [DEBUG] cnn_neat: Split edge 4→8, new hidden node 9 (pool=2)
2026-08-14 23:52:08,608 [DEBUG] cnn_neat: Removed hidden node 4 (pool=1)
2026-08-14 23:52:08,613 [DEBUG] cnn_neat: Added edge 7→6 (from 24 candidates)
2026-08-14 23:52:08,622 [DEBUG] cnn_neat: Split edge 0→3, new hidden node 6 (pool=4)
2026-08-14 23:52:08,628 [DEBUG] cnn_neat: Added edge 4→2 (from 9 candidates)
2026-08-14 23:52:08,637 [DEBUG] cnn_neat: Removed hidden node 4 (pool=3)
2026-08-14 23:52:08,641 [DEBUG] cnn_neat: Removed edge 0→3 (from 6 candidates)
2026-08-14 23:52:08,649 [DEBUG] cnn_neat: Removed 3 edges (requested 3)
2026-08-14 23:52:08,654 [DEBUG] cnn_neat: Split edge 0→4, new hidden node 7 (pool=8)
2026-08-14 23:52:08,662 [DEBUG] cnn_neat: Saved generation 4
2026-08-14 23:52:08,714 [DEBUG] cnn_neat: Split edge 4→6, new hidden node 7 (pool=11)
2026-08-14 23:52:08,726 [DEBUG] cnn_neat: Selected 25 elite individuals
2026-08-14 23:52:08,732 [DEBUG] cnn_neat: Added edge 0→6 (from 7 candidates)
2026-08-14 23:52:08,757 [DEBUG] cnn_neat: Removed hidden node 3 (pool=2)
2026-08-14 23:52:08,804 [DEBUG] cnn_neat: Removed edge 5→6 (from 8 candidates)
2026-08-14 23:52:08,828 [DEBUG] cnn_neat: Removed 3 edges (requested 3)
2026-08-14 23:52:08,842 [DEBUG] cnn_neat: Split edge 4→3, new hidden node 8 (pool=12)
2026-08-14 23:52:08,850 [DEBUG] cnn_neat: Split edge 2→3, new hidden node 7 (pool=12)
2026-08-14 23:52:08,861 [DEBUG] cnn_neat: Split edge 2→3, new hidden node 4 (pool=4)
2026-08-14 23:52:08,866 [DEBUG] cnn_neat: Added edge 0→1 (from 2 candidates)
2026-08-14 23:52:08,877 [DEBUG] cnn_neat: Removed hidden node 2 (pool=1)
2026-08-14 23:52:08,880 [DEBUG] cnn_neat: Removed edge 2→3 (from 3 candidates)
2026-08-14 23:52:08,885 [DEBUG] cnn_neat: Removed 2 edges (requested 3)
2026-08-14 23:52:08,890 [DEBUG] cnn_neat: Split edge 2→3, new hidden node 4 (pool=3)
2026-08-14 23:52:08,893 [DEBUG] cnn_neat: Added edge 2→1 (from 2 candidates)
2026-08-14 23:52:08,901 [DEBUG] cnn_neat: Split edge 0→1, new hidden node 5 (pool=1)
2026-08-14 23:52:08,903 [DEBUG] cnn_neat: Added edge 4→1 (from 1 candidates)
2026-08-14 23:52:08,906 [DEBUG] cnn_neat: Removed hidden node 4 (pool=1)
2026-08-14 23:52:09,110 [DEBUG] cnn_neat: Removed edge 0→4 (from 1 candidates)
2026-08-14 23:52:09,112 [DEBUG] cnn_neat: Removed 1 edges (requested 3)
2026-08-14 23:52:09,115 [DEBUG] cnn_neat: Split edge 5→2, new hidden node 7 (pool=10)
2026-08-14 23:52:09,117 [DEBUG] cnn_neat: Added edge 4→5 (from 11 candidates)
2026-08-14 23:52:09,120 [DEBUG] cnn_neat: Removed hidden node 6 (pool=4)
2026-08-14 23:52:09,122 [DEBUG] cnn_neat: Removed edge 5→6 (from 9 candidates)
2026-08-14 23:52:09,125 [DEBUG] cnn_neat: Removed 3 edges (requested 3)
2026-08-14 23:52:09,128 [DEBUG] cnn_neat: Crossover rejected: union topology invalid (edges=19 nodes=12)
2026-08-14 23:52:09,130 [DEBUG] cnn_neat: Split edge 4→6, new hidden node 7 (pool=10)
2026-08-14 23:52:09,133 [DEBUG] cnn_neat: Added edge 4→5 (from 11 candidates)
2026-08-14 23:52:09,135 [DEBUG] cnn_neat: Added edge 0→3 (from 9 candidates)
2026-08-14 23:52:09,138 [DEBUG] cnn_neat: Added edge 4→2 (from 8 candidates)
2026-08-14 23:52:09,140 [DEBUG] cnn_neat: Added edge 4→1 (from 7 candidates)
2026-08-14 23:52:09,143 [DEBUG] cnn_neat: Added edge 5→3 (from 6 candidates)
2026-08-14 23:52:09,145 [DEBUG] cnn_neat: Split edge 6→2, new hidden node 8 (pool=8)
2026-08-14 23:52:09,148 [DEBUG] cnn_neat: Added edge 5→3 (from 13 candidates)
2026-08-14 23:52:09,153 [DEBUG] cnn_neat: Removed hidden node 5 (pool=5)
2026-08-14 23:52:09,155 [DEBUG] cnn_neat: Removed edge 5→2 (from 9 candidates)
2026-08-14 23:52:09,159 [DEBUG] cnn_neat: Removed 3 edges (requested 3)
2026-08-14 23:52:09,162 [DEBUG] cnn_neat: Crossover rejected: copied edge has no live Conv2d
2026-08-14 23:52:09,164 [DEBUG] cnn_neat: Split edge 2→1, new hidden node 8 (pool=8)
2026-08-14 23:52:09,167 [DEBUG] cnn_neat: Added edge 7→1 (from 13 candidates)
2026-08-14 23:52:09,170 [DEBUG] cnn_neat: Added edge 3→1 (from 12 candidates)
2026-08-14 23:52:09,174 [DEBUG] cnn_neat: Added edge 5→7 (from 10 candidates)
2026-08-14 23:52:09,177 [DEBUG] cnn_neat: Added edge 4→2 (from 10 candidates)
2026-08-14 23:52:09,180 [DEBUG] cnn_neat: Added edge 5→3 (from 9 candidates)
2026-08-14 23:52:09,183 [DEBUG] cnn_neat: Split edge 4→6, new hidden node 8 (pool=8)
2026-08-14 23:52:09,185 [DEBUG] cnn_neat: Added edge 5→7 (from 14 candidates)
2026-08-14 23:52:09,190 [DEBUG] cnn_neat: Removed hidden node 4 (pool=5)
2026-08-14 23:52:09,192 [DEBUG] cnn_neat: Removed edge 5→6 (from 9 candidates)
2026-08-14 23:52:09,196 [DEBUG] cnn_neat: Removed 3 edges (requested 3)
2026-08-14 23:52:09,199 [DEBUG] cnn_neat: Crossover rejected: copied edge has no live Conv2d
2026-08-14 23:52:09,201 [DEBUG] cnn_neat: Split edge 6→2, new hidden node 8 (pool=8)
2026-08-14 23:52:09,203 [DEBUG] cnn_neat: Added edge 4→2 (from 14 candidates)
2026-08-14 23:52:09,206 [DEBUG] cnn_neat: Added edge 4→7 (from 13 candidates)
2026-08-14 23:52:09,209 [DEBUG] cnn_neat: Added edge 3→1 (from 13 candidates)
2026-08-14 23:52:09,213 [DEBUG] cnn_neat: Added edge 2→7 (from 12 candidates)
2026-08-14 23:52:09,216 [DEBUG] cnn_neat: Added edge 0→3 (from 10 candidates)
2026-08-14 23:52:09,218 [DEBUG] cnn_neat: Split edge 2→1, new hidden node 8 (pool=12)
2026-08-14 23:52:09,221 [DEBUG] cnn_neat: Added edge 5→7 (from 15 candidates)
2026-08-14 23:52:09,225 [DEBUG] cnn_neat: Removed hidden node 5 (pool=5)
2026-08-14 23:52:09,226 [DEBUG] cnn_neat: Removed edge 6→2 (from 11 candidates)
2026-08-14 23:52:09,231 [DEBUG] cnn_neat: Removed 3 edges (requested 3)
2026-08-14 23:52:09,234 [DEBUG] cnn_neat: Crossover rejected: union topology invalid (edges=20 nodes=13)
2026-08-14 23:52:09,236 [DEBUG] cnn_neat: Split edge 5→6, new hidden node 8 (pool=12)
2026-08-14 23:52:09,238 [DEBUG] cnn_neat: Added edge 0→3 (from 15 candidates)
2026-08-14 23:52:09,241 [DEBUG] cnn_neat: Added edge 0→2 (from 16 candidates)
2026-08-14 23:52:09,243 [DEBUG] cnn_neat: Added edge 5→7 (from 13 candidates)
2026-08-14 23:52:09,246 [DEBUG] cnn_neat: Added edge 7→6 (from 12 candidates)
2026-08-14 23:52:09,248 [DEBUG] cnn_neat: Added edge 7→1 (from 9 candidates)
2026-08-14 23:52:09,251 [DEBUG] cnn_neat: Split edge 2→1, new hidden node 8 (pool=7)
2026-08-14 23:52:09,254 [DEBUG] cnn_neat: Added edge 0→6 (from 8 candidates)
2026-08-14 23:52:09,257 [DEBUG] cnn_neat: Removed hidden node 6 (pool=3)
2026-08-14 23:52:09,258 [DEBUG] cnn_neat: Removed edge 7→6 (from 6 candidates)
2026-08-14 23:52:09,261 [DEBUG] cnn_neat: Removed 3 edges (requested 3)
2026-08-14 23:52:09,262 [DEBUG] cnn_neat: Split edge 0→5, new hidden node 8 (pool=4)
2026-08-14 23:52:09,266 [DEBUG] cnn_neat: Crossover rejected: copied edge has no live Conv2d
2026-08-14 23:52:09,268 [DEBUG] cnn_neat: Split edge 6→2, new hidden node 8 (pool=7)
2026-08-14 23:52:09,269 [DEBUG] cnn_neat: Added edge 0→2 (from 8 candidates)
2026-08-14 23:52:09,273 [DEBUG] cnn_neat: Added edge 5→1 (from 7 candidates)
2026-08-14 23:52:09,275 [DEBUG] cnn_neat: Added edge 7→5 (from 6 candidates)
2026-08-14 23:52:09,278 [DEBUG] cnn_neat: Added edge 0→6 (from 4 candidates)
2026-08-14 23:52:09,280 [DEBUG] cnn_neat: Added edge 7→2 (from 4 candidates)
2026-08-14 23:52:09,283 [DEBUG] cnn_neat: Split edge 0→5, new hidden node 8 (pool=8)
2026-08-14 23:52:09,285 [DEBUG] cnn_neat: Added edge 0→6 (from 6 candidates)
2026-08-14 23:52:09,289 [DEBUG] cnn_neat: Removed hidden node 6 (pool=3)
2026-08-14 23:52:09,290 [DEBUG] cnn_neat: Removed edge 6→2 (from 7 candidates)
2026-08-14 23:52:09,293 [DEBUG] cnn_neat: Removed 3 edges (requested 3)
2026-08-14 23:52:09,295 [DEBUG] cnn_neat: Split edge 5→7, new hidden node 8 (pool=5)
2026-08-14 23:52:09,298 [DEBUG] cnn_neat: Crossover rejected: copied edge has no live Conv2d
2026-08-14 23:52:09,300 [DEBUG] cnn_neat: Split edge 5→6, new hidden node 8 (pool=8)
2026-08-14 23:52:09,303 [DEBUG] cnn_neat: Added edge 7→1 (from 6 candidates)
2026-08-14 23:52:09,305 [DEBUG] cnn_neat: Added edge 7→2 (from 5 candidates)
2026-08-14 23:52:09,307 [DEBUG] cnn_neat: Added edge 0→6 (from 4 candidates)
2026-08-14 23:52:09,310 [DEBUG] cnn_neat: Added edge 5→1 (from 3 candidates)
2026-08-14 23:52:09,312 [DEBUG] cnn_neat: Added edge 0→2 (from 2 candidates)
2026-08-14 23:52:09,315 [DEBUG] cnn_neat: Split edge 0→6, new hidden node 7 (pool=5)
2026-08-14 23:52:09,317 [DEBUG] cnn_neat: Added edge 4→6 (from 13 candidates)
2026-08-14 23:52:09,320 [DEBUG] cnn_neat: Removed hidden node 5 (pool=4)
2026-08-14 23:52:09,322 [DEBUG] cnn_neat: Removed edge 5→6 (from 7 candidates)
2026-08-14 23:52:09,326 [DEBUG] cnn_neat: Removed 3 edges (requested 3)
2026-08-14 23:52:09,328 [DEBUG] cnn_neat: Crossover rejected: union topology invalid (edges=17 nodes=12)
2026-08-14 23:52:09,330 [DEBUG] cnn_neat: Split edge 5→6, new hidden node 7 (pool=5)
2026-08-14 23:52:09,333 [DEBUG] cnn_neat: Added edge 4→2 (from 13 candidates)
2026-08-14 23:52:09,335 [DEBUG] cnn_neat: Added edge 2→3 (from 11 candidates)
2026-08-14 23:52:09,337 [DEBUG] cnn_neat: Added edge 4→6 (from 9 candidates)
2026-08-14 23:52:09,340 [DEBUG] cnn_neat: Added edge 4→1 (from 7 candidates)
2026-08-14 23:52:09,342 [DEBUG] cnn_neat: Added edge 0→2 (from 6 candidates)
2026-08-14 23:52:09,345 [DEBUG] cnn_neat: Split edge 6→3, new hidden node 8 (pool=7)
2026-08-14 23:52:09,348 [DEBUG] cnn_neat: Added edge 3→1 (from 9 candidates)
2026-08-14 23:52:09,353 [DEBUG] cnn_neat: Removed hidden node 5 (pool=4)
2026-08-14 23:52:09,354 [DEBUG] cnn_neat: Removed edge 5→6 (from 7 candidates)
2026-08-14 23:52:09,358 [DEBUG] cnn_neat: Removed 3 edges (requested 3)
2026-08-14 23:52:09,360 [DEBUG] cnn_neat: Crossover rejected: copied edge has no live Conv2d
2026-08-14 23:52:09,362 [DEBUG] cnn_neat: Split edge 6→3, new hidden node 8 (pool=7)
2026-08-14 23:52:09,364 [DEBUG] cnn_neat: Added edge 7→8 (from 16 candidates)
2026-08-14 23:52:09,367 [DEBUG] cnn_neat: Added edge 0→3 (from 9 candidates)
2026-08-14 23:52:09,368 [DEBUG] cnn_neat: Added edge 5→3 (from 7 candidates)
2026-08-14 23:52:09,370 [DEBUG] cnn_neat: Added edge 6→7 (from 6 candidates)
2026-08-14 23:52:09,372 [DEBUG] cnn_neat: Added edge 2→3 (from 8 candidates)
2026-08-14 23:52:09,374 [DEBUG] cnn_neat: Added edge 0→2 (from 7 candidates)
2026-08-14 23:52:09,376 [DEBUG] cnn_neat: Split edge 7→3, new hidden node 8 (pool=9)
2026-08-14 23:52:09,378 [DEBUG] cnn_neat: Added edge 7→2 (from 14 candidates)
2026-08-14 23:52:09,381 [DEBUG] cnn_neat: Removed hidden node 3 (pool=4)
2026-08-14 23:52:09,383 [DEBUG] cnn_neat: Split edge 2→1, new hidden node 7 (pool=6)
2026-08-14 23:52:09,385 [DEBUG] cnn_neat: Added edge 5→7 (from 5 candidates)
2026-08-14 23:52:09,388 [DEBUG] cnn_neat: Removed edge 6→3 (from 8 candidates)
2026-08-14 23:52:09,392 [DEBUG] cnn_neat: Removed 3 edges (requested 3)
2026-08-14 23:52:09,394 [DEBUG] cnn_neat: Crossover rejected: union topology invalid (edges=19 nodes=12)
2026-08-14 23:52:09,396 [DEBUG] cnn_neat: Split edge 7→3, new hidden node 8 (pool=9)
2026-08-14 23:52:09,398 [DEBUG] cnn_neat: Added edge 7→2 (from 20 candidates)
2026-08-14 23:52:09,400 [DEBUG] cnn_neat: Added edge 5→1 (from 14 candidates)
2026-08-14 23:52:09,402 [DEBUG] cnn_neat: Added edge 7→2 (from 12 candidates)
2026-08-14 23:52:09,404 [DEBUG] cnn_neat: Added edge 0→3 (from 11 candidates)
2026-08-14 23:52:09,406 [DEBUG] cnn_neat: Added edge 7→6 (from 9 candidates)
2026-08-14 23:52:09,408 [DEBUG] cnn_neat: Added edge 7→5 (from 7 candidates)
2026-08-14 23:52:09,410 [DEBUG] cnn_neat: Split edge 2→3, new hidden node 8 (pool=9)
2026-08-14 23:52:09,413 [DEBUG] cnn_neat: Added edge 0→2 (from 10 candidates)
2026-08-14 23:52:09,416 [DEBUG] cnn_neat: Removed hidden node 6 (pool=4)
2026-08-14 23:52:09,417 [DEBUG] cnn_neat: Removed edge 7→3 (from 8 candidates)
2026-08-14 23:52:09,422 [DEBUG] cnn_neat: Removed 3 edges (requested 3)
2026-08-14 23:52:09,424 [DEBUG] cnn_neat: Crossover rejected: copied edge has no live Conv2d
2026-08-14 23:52:09,426 [DEBUG] cnn_neat: Split edge 6→7, new hidden node 8 (pool=9)
2026-08-14 23:52:09,427 [DEBUG] cnn_neat: Added edge 5→7 (from 10 candidates)
2026-08-14 23:52:09,430 [DEBUG] cnn_neat: Added edge 0→3 (from 9 candidates)
2026-08-14 23:52:09,432 [DEBUG] cnn_neat: Added edge 6→3 (from 10 candidates)
2026-08-14 23:52:09,434 [DEBUG] cnn_neat: Added edge 7→2 (from 9 candidates)
2026-08-14 23:52:09,436 [DEBUG] cnn_neat: Added edge 5→3 (from 7 candidates)
2026-08-14 23:52:09,438 [DEBUG] cnn_neat: Split edge 5→2, new hidden node 8 (pool=5)
2026-08-14 23:52:09,440 [DEBUG] cnn_neat: Added edge 7→1 (from 17 candidates)
2026-08-14 23:52:09,444 [DEBUG] cnn_neat: Removed hidden node 3 (pool=5)
2026-08-14 23:52:09,446 [DEBUG] cnn_neat: Removed edge 6→2 (from 6 candidates)
2026-08-14 23:52:09,448 [DEBUG] cnn_neat: Removed 3 edges (requested 3)
2026-08-14 23:52:09,452 [DEBUG] cnn_neat: Crossover rejected: copied edge has no live Conv2d
2026-08-14 23:52:09,454 [DEBUG] cnn_neat: Split edge 5→2, new hidden node 8 (pool=5)
2026-08-14 23:52:09,456 [DEBUG] cnn_neat: Added edge 5→3 (from 26 candidates)
2026-08-14 23:52:09,458 [DEBUG] cnn_neat: Added edge 5→7 (from 17 candidates)
2026-08-14 23:52:09,460 [DEBUG] cnn_neat: Added edge 0→4 (from 16 candidates)
2026-08-14 23:52:09,462 [DEBUG] cnn_neat: Added edge 4→2 (from 18 candidates)
2026-08-14 23:52:09,465 [DEBUG] cnn_neat: Added edge 2→3 (from 15 candidates)
2026-08-14 23:52:09,467 [DEBUG] cnn_neat: Added edge 6→3 (from 14 candidates)
2026-08-14 23:52:09,469 [DEBUG] cnn_neat: Split edge 6→2, new hidden node 8 (pool=10)
2026-08-14 23:52:09,472 [DEBUG] cnn_neat: Added edge 7→2 (from 13 candidates)
2026-08-14 23:52:09,475 [DEBUG] cnn_neat: Removed hidden node 6 (pool=4)
2026-08-14 23:52:09,477 [DEBUG] cnn_neat: Removed edge 0→7 (from 9 candidates)
2026-08-14 23:52:09,480 [DEBUG] cnn_neat: Removed 3 edges (requested 3)
2026-08-14 23:52:09,483 [DEBUG] cnn_neat: Crossover rejected: union topology invalid (edges=19 nodes=11)
2026-08-14 23:52:09,485 [DEBUG] cnn_neat: Split edge 5→6, new hidden node 8 (pool=10)
2026-08-14 23:52:09,487 [DEBUG] cnn_neat: Added edge 7→6 (from 13 candidates)
2026-08-14 23:52:09,490 [DEBUG] cnn_neat: Added edge 3→1 (from 10 candidates)
2026-08-14 23:52:09,494 [DEBUG] cnn_neat: Added edge 6→1 (from 9 candidates)
2026-08-14 23:52:09,497 [DEBUG] cnn_neat: Added edge 5→3 (from 8 candidates)
2026-08-14 23:52:09,500 [DEBUG] cnn_neat: Added edge 7→5 (from 7 candidates)
2026-08-14 23:52:09,502 [DEBUG] cnn_neat: Split edge 2→4, new hidden node 8 (pool=6)
2026-08-14 23:52:09,504 [DEBUG] cnn_neat: Added edge 6→3 (from 14 candidates)
2026-08-14 23:52:09,508 [DEBUG] cnn_neat: Removed hidden node 7 (pool=5)
2026-08-14 23:52:09,510 [DEBUG] cnn_neat: Removed edge 2→7 (from 7 candidates)
2026-08-14 23:52:09,514 [DEBUG] cnn_neat: Removed 3 edges (requested 3)
2026-08-14 23:52:09,516 [DEBUG] cnn_neat: Crossover rejected: copied edge has no live Conv2d
2026-08-14 23:52:09,518 [DEBUG] cnn_neat: Split edge 5→6, new hidden node 8 (pool=6)
2026-08-14 23:52:09,520 [DEBUG] cnn_neat: Added edge 6→4 (from 14 candidates)
2026-08-14 23:52:09,522 [DEBUG] cnn_neat: Added edge 5→7 (from 13 candidates)
2026-08-14 23:52:09,524 [DEBUG] cnn_neat: Added edge 4→7 (from 12 candidates)
2026-08-14 23:52:09,526 [DEBUG] cnn_neat: Added edge 4→1 (from 10 candidates)
2026-08-14 23:52:09,529 [DEBUG] cnn_neat: Added edge 6→3 (from 9 candidates)
2026-08-14 23:52:09,531 [DEBUG] cnn_neat: Split edge 6→2, new hidden node 7 (pool=10)
2026-08-14 23:52:09,534 [DEBUG] cnn_neat: Added edge 6→1 (from 8 candidates)
2026-08-14 23:52:09,538 [DEBUG] cnn_neat: Removed hidden node 4 (pool=4)
2026-08-14 23:52:09,539 [DEBUG] cnn_neat: Split edge 6→3, new hidden node 7 (pool=7)
2026-08-14 23:52:09,541 [DEBUG] cnn_neat: Added edge 7→2 (from 11 candidates)
2026-08-14 23:52:09,543 [DEBUG] cnn_neat: Removed edge 5→6 (from 9 candidates)
2026-08-14 23:52:09,546 [DEBUG] cnn_neat: Removed 3 edges (requested 3)
2026-08-14 23:52:09,549 [DEBUG] cnn_neat: Crossover rejected: union topology invalid (edges=20 nodes=12)
2026-08-14 23:52:09,552 [DEBUG] cnn_neat: Split edge 5→6, new hidden node 7 (pool=10)
2026-08-14 23:52:09,553 [DEBUG] cnn_neat: Added edge 0→3 (from 8 candidates)
2026-08-14 23:52:09,557 [DEBUG] cnn_neat: Added edge 0→2 (from 9 candidates)
2026-08-14 23:52:09,559 [DEBUG] cnn_neat: Added edge 4→1 (from 7 candidates)
2026-08-14 23:52:09,562 [DEBUG] cnn_neat: Added edge 4→3 (from 6 candidates)
2026-08-14 23:52:09,564 [DEBUG] cnn_neat: Added edge 6→1 (from 5 candidates)
2026-08-14 23:52:09,567 [DEBUG] cnn_neat: Split edge 6→3, new hidden node 7 (pool=11)
2026-08-14 23:52:09,569 [DEBUG] cnn_neat: Added edge 0→2 (from 9 candidates)
2026-08-14 23:52:09,573 [DEBUG] cnn_neat: Removed hidden node 4 (pool=4)
2026-08-14 23:52:09,574 [DEBUG] cnn_neat: Split edge 6→2, new hidden node 7 (pool=7)
2026-08-14 23:52:09,578 [DEBUG] cnn_neat: Removed edge 0→4 (from 10 candidates)
2026-08-14 23:52:09,582 [DEBUG] cnn_neat: Removed 3 edges (requested 3)
2026-08-14 23:52:09,585 [DEBUG] cnn_neat: Crossover rejected: union topology invalid (edges=23 nodes=13)
2026-08-14 23:52:09,587 [DEBUG] cnn_neat: Split edge 6→2, new hidden node 7 (pool=11)
2026-08-14 23:52:09,629 [DEBUG] cnn_neat: Split edge 3→1, new hidden node 5 (pool=4)
2026-08-14 23:52:09,640 [DEBUG] cnn_neat: Added edge 0→4 (from 4 candidates)
2026-08-14 23:52:09,747 [DEBUG] cnn_neat: Split edge 3→1, new hidden node 4 (pool=4)
2026-08-14 23:52:09,751 [DEBUG] cnn_neat: Added edge 2→1 (from 2 candidates)
2026-08-14 23:52:09,757 [DEBUG] cnn_neat: Removed hidden node 2 (pool=1)
2026-08-14 23:52:09,760 [DEBUG] cnn_neat: Removed edge 0→3 (from 3 candidates)
2026-08-14 23:52:09,764 [DEBUG] cnn_neat: Removed 2 edges (requested 3)
2026-08-14 23:52:09,769 [DEBUG] cnn_neat: Split edge 0→2, new hidden node 4 (pool=3)
2026-08-14 23:52:09,772 [DEBUG] cnn_neat: Added edge 0→3 (from 2 candidates)
2026-08-14 23:52:09,783 [DEBUG] cnn_neat: Split edge 3→4, new hidden node 5 (pool=4)
2026-08-14 23:52:09,786 [DEBUG] cnn_neat: Added edge 0→4 (from 4 candidates)
2026-08-14 23:52:09,796 [DEBUG] cnn_neat: Split edge 2→1, new hidden node 5 (pool=3)
2026-08-14 23:52:09,799 [DEBUG] cnn_neat: Added edge 0→2 (from 2 candidates)
2026-08-14 23:52:09,811 [DEBUG] cnn_neat: Split edge 4→1, new hidden node 5 (pool=2)
2026-08-14 23:52:09,814 [DEBUG] cnn_neat: Added edge 0→2 (from 1 candidates)
2026-08-14 23:52:10,013 [DEBUG] cnn_neat: Removed hidden node 2 (pool=1)
2026-08-14 23:52:10,022 [DEBUG] cnn_neat: Removed edge 4→1 (from 3 candidates)
2026-08-14 23:52:10,030 [DEBUG] cnn_neat: Removed 1 edges (requested 3)
2026-08-14 23:52:10,038 [DEBUG] cnn_neat: Split edge 0→1, new hidden node 5 (pool=1)
2026-08-14 23:52:10,043 [DEBUG] cnn_neat: Added edge 4→1 (from 1 candidates)
2026-08-14 23:52:10,050 [DEBUG] cnn_neat: Removed hidden node 4 (pool=1)
2026-08-14 23:52:10,053 [DEBUG] cnn_neat: Removed edge 0→4 (from 1 candidates)
2026-08-14 23:52:10,057 [DEBUG] cnn_neat: Removed 1 edges (requested 3)
2026-08-14 23:52:10,091 [DEBUG] cnn_neat: Split edge 2→1, new hidden node 4 (pool=2)
2026-08-14 23:52:10,094 [DEBUG] cnn_neat: Added edge 3→1 (from 2 candidates)
2026-08-14 23:52:10,099 [DEBUG] cnn_neat: Removed hidden node 3 (pool=1)
2026-08-14 23:52:10,102 [DEBUG] cnn_neat: Removed edge 2→3 (from 1 candidates)
2026-08-14 23:52:10,104 [DEBUG] cnn_neat: Removed 1 edges (requested 3)
2026-08-14 23:52:10,114 [DEBUG] cnn_neat: Split edge 2→1, new hidden node 7 (pool=12)
2026-08-14 23:52:10,117 [DEBUG] cnn_neat: Added edge 4→2 (from 8 candidates)
2026-08-14 23:52:10,120 [DEBUG] cnn_neat: Removed hidden node 6 (pool=4)
2026-08-14 23:52:10,122 [DEBUG] cnn_neat: Removed edge 5→6 (from 11 candidates)
2026-08-14 23:52:10,125 [DEBUG] cnn_neat: Removed 3 edges (requested 3)
2026-08-14 23:52:10,128 [DEBUG] cnn_neat: Split edge 4→6, new hidden node 7 (pool=11)
2026-08-14 23:52:10,129 [DEBUG] cnn_neat: Split edge 5→2, new hidden node 7 (pool=9)
2026-08-14 23:52:10,132 [DEBUG] cnn_neat: Added edge 5→1 (from 9 candidates)
2026-08-14 23:52:10,133 [DEBUG] cnn_neat: Added edge 0→3 (from 11 candidates)
2026-08-14 23:52:10,137 [DEBUG] cnn_neat: Split edge 2→1, new hidden node 7 (pool=8)
2026-08-14 23:52:10,138 [DEBUG] cnn_neat: Added edge 0→3 (from 6 candidates)
2026-08-14 23:52:10,141 [DEBUG] cnn_neat: Removed hidden node 3 (pool=3)
2026-08-14 23:52:10,143 [DEBUG] cnn_neat: Removed edge 0→6 (from 7 candidates)
2026-08-14 23:52:10,146 [DEBUG] cnn_neat: Removed 3 edges (requested 3)
2026-08-14 23:52:10,148 [DEBUG] cnn_neat: Split edge 6→3, new hidden node 8 (pool=9)
2026-08-14 23:52:10,149 [DEBUG] cnn_neat: Split edge 6→3, new hidden node 7 (pool=5)
2026-08-14 23:52:10,151 [DEBUG] cnn_neat: Added edge 0→7 (from 10 candidates)
2026-08-14 23:52:10,153 [DEBUG] cnn_neat: Added edge 5→6 (from 13 candidates)
2026-08-14 23:52:10,155 [DEBUG] cnn_neat: Split edge 2→7, new hidden node 9 (pool=10)
2026-08-14 23:52:10,159 [DEBUG] cnn_neat: Split edge 2→1, new hidden node 7 (pool=11)
2026-08-14 23:52:10,161 [DEBUG] cnn_neat: Added edge 5→1 (from 9 candidates)
2026-08-14 23:52:10,166 [DEBUG] cnn_neat: Removed hidden node 5 (pool=4)
2026-08-14 23:52:10,168 [DEBUG] cnn_neat: Removed edge 5→6 (from 10 candidates)
2026-08-14 23:52:10,172 [DEBUG] cnn_neat: Removed 3 edges (requested 3)
2026-08-14 23:52:10,176 [DEBUG] cnn_neat: Split edge 2→7, new hidden node 8 (pool=12)
2026-08-14 23:52:10,178 [DEBUG] cnn_neat: Split edge 6→3, new hidden node 7 (pool=7)
2026-08-14 23:52:10,180 [DEBUG] cnn_neat: Split edge 0→4, new hidden node 7 (pool=10)
2026-08-14 23:52:10,184 [DEBUG] cnn_neat: Split edge 5→6, new hidden node 8 (pool=13)
2026-08-14 23:52:10,187 [DEBUG] cnn_neat: Added edge 3→1 (from 16 candidates)
2026-08-14 23:52:10,192 [DEBUG] cnn_neat: Removed hidden node 4 (pool=5)
2026-08-14 23:52:10,194 [DEBUG] cnn_neat: Removed edge 4→6 (from 12 candidates)
2026-08-14 23:52:10,197 [DEBUG] cnn_neat: Removed 3 edges (requested 3)
2026-08-14 23:52:10,200 [DEBUG] cnn_neat: Split edge 8→6, new hidden node 9 (pool=10)
2026-08-14 23:52:10,204 [DEBUG] cnn_neat: Split edge 0→5, new hidden node 8 (pool=14)
2026-08-14 23:52:10,207 [DEBUG] cnn_neat: Split edge 0→2, new hidden node 5 (pool=5)
2026-08-14 23:52:10,208 [DEBUG] cnn_neat: Added edge 0→4 (from 6 candidates)
2026-08-14 23:52:10,211 [DEBUG] cnn_neat: Removed hidden node 4 (pool=2)
2026-08-14 23:52:10,212 [DEBUG] cnn_neat: Removed edge 0→2 (from 4 candidates)
2026-08-14 23:52:10,214 [DEBUG] cnn_neat: Removed 3 edges (requested 3)
2026-08-14 23:52:10,216 [DEBUG] cnn_neat: Split edge 3→1, new hidden node 6 (pool=3)
2026-08-14 23:52:10,217 [DEBUG] cnn_neat: Split edge 0→3, new hidden node 5 (pool=4)
2026-08-14 23:52:10,219 [DEBUG] cnn_neat: Added edge 5→4 (from 9 candidates)
2026-08-14 23:52:10,220 [DEBUG] cnn_neat: Added edge 2→1 (from 7 candidates)
2026-08-14 23:52:10,223 [DEBUG] cnn_neat: Split edge 0→5, new hidden node 7 (pool=4)
2026-08-14 23:52:10,225 [DEBUG] cnn_neat: Added edge 0→2 (from 7 candidates)
2026-08-14 23:52:10,247 [DEBUG] cnn_neat: Removed hidden node 3 (pool=1)
2026-08-14 23:52:10,250 [DEBUG] cnn_neat: Removed edge 2→3 (from 1 candidates)
2026-08-14 23:52:10,253 [DEBUG] cnn_neat: Removed 1 edges (requested 3)
2026-08-14 23:52:10,260 [DEBUG] cnn_neat: Split edge 2→1, new hidden node 7 (pool=5)
2026-08-14 23:52:10,266 [DEBUG] cnn_neat: Added edge 4→1 (from 9 candidates)
2026-08-14 23:52:10,277 [DEBUG] cnn_neat: Removed hidden node 4 (pool=1)
2026-08-14 23:52:10,283 [DEBUG] cnn_neat: Removed edge 4→6 (from 1 candidates)
2026-08-14 23:52:10,289 [DEBUG] cnn_neat: Removed 1 edges (requested 3)
2026-08-14 23:52:10,294 [DEBUG] cnn_neat: Split edge 6→2, new hidden node 8 (pool=6)
2026-08-14 23:52:10,297 [DEBUG] cnn_neat: Split edge 6→2, new hidden node 7 (pool=6)
2026-08-14 23:52:10,307 [DEBUG] cnn_neat: Added edge 0→4 (from 12 candidates)
2026-08-14 23:52:10,311 [DEBUG] cnn_neat: Added edge 6→1 (from 7 candidates)
2026-08-14 23:52:10,317 [DEBUG] cnn_neat: Split edge 6→2, new hidden node 7 (pool=5)
2026-08-14 23:52:10,321 [DEBUG] cnn_neat: Added edge 4→1 (from 10 candidates)
2026-08-14 23:52:10,326 [DEBUG] cnn_neat: Removed hidden node 4 (pool=1)
2026-08-14 23:52:10,329 [DEBUG] cnn_neat: Removed edge 5→4 (from 1 candidates)
2026-08-14 23:52:10,331 [DEBUG] cnn_neat: Removed 1 edges (requested 3)
2026-08-14 23:52:10,334 [DEBUG] cnn_neat: Split edge 5→4, new hidden node 8 (pool=6)
2026-08-14 23:52:10,338 [DEBUG] cnn_neat: Split edge 4→1, new hidden node 7 (pool=3)
2026-08-14 23:52:10,341 [DEBUG] cnn_neat: Added edge 0→4 (from 13 candidates)
2026-08-14 23:52:10,345 [DEBUG] cnn_neat: Added edge 6→1 (from 8 candidates)
2026-08-14 23:52:10,353 [DEBUG] cnn_neat: Split edge 2→3, new hidden node 7 (pool=10)
2026-08-14 23:52:10,357 [DEBUG] cnn_neat: Added edge 5→3 (from 8 candidates)
2026-08-14 23:52:10,364 [DEBUG] cnn_neat: Removed hidden node 5 (pool=4)
2026-08-14 23:52:10,369 [DEBUG] cnn_neat: Removed edge 6→3 (from 9 candidates)
2026-08-14 23:52:10,377 [DEBUG] cnn_neat: Removed 3 edges (requested 3)
2026-08-14 23:52:10,381 [DEBUG] cnn_neat: Split edge 2→1, new hidden node 7 (pool=11)
2026-08-14 23:52:10,386 [DEBUG] cnn_neat: Split edge 5→2, new hidden node 7 (pool=8)
2026-08-14 23:52:10,389 [DEBUG] cnn_neat: Split edge 0→4, new hidden node 7 (pool=6)
2026-08-14 23:52:10,397 [DEBUG] cnn_neat: Split edge 5→4, new hidden node 7 (pool=11)
2026-08-14 23:52:10,400 [DEBUG] cnn_neat: Added edge 0→6 (from 9 candidates)
2026-08-14 23:52:10,407 [DEBUG] cnn_neat: Removed hidden node 6 (pool=4)
2026-08-14 23:52:10,411 [DEBUG] cnn_neat: Removed edge 4→6 (from 10 candidates)
2026-08-14 23:52:10,418 [DEBUG] cnn_neat: Removed 3 edges (requested 3)
2026-08-14 23:52:10,423 [DEBUG] cnn_neat: Split edge 4→3, new hidden node 8 (pool=10)
2026-08-14 23:52:10,427 [DEBUG] cnn_neat: Split edge 0→4, new hidden node 7 (pool=10)
2026-08-14 23:52:10,431 [DEBUG] cnn_neat: Split edge 2→1, new hidden node 7 (pool=8)
2026-08-14 23:52:10,437 [DEBUG] cnn_neat: Split edge 5→6, new hidden node 7 (pool=6)
2026-08-14 23:52:10,441 [DEBUG] cnn_neat: Added edge 6→1 (from 3 candidates)
2026-08-14 23:52:10,446 [DEBUG] cnn_neat: Removed hidden node 6 (pool=2)
2026-08-14 23:52:10,448 [DEBUG] cnn_neat: Removed edge 5→2 (from 5 candidates)
2026-08-14 23:52:10,454 [DEBUG] cnn_neat: Removed 3 edges (requested 3)
2026-08-14 23:52:10,458 [DEBUG] cnn_neat: Split edge 0→6, new hidden node 8 (pool=7)
2026-08-14 23:52:10,461 [DEBUG] cnn_neat: Split edge 2→1, new hidden node 6 (pool=3)
2026-08-14 23:52:10,465 [DEBUG] cnn_neat: Added edge 7→2 (from 7 candidates)
2026-08-14 23:52:10,468 [DEBUG] cnn_neat: Added edge 5→1 (from 2 candidates)
2026-08-14 23:52:10,474 [DEBUG] cnn_neat: Split edge 2→4, new hidden node 5 (pool=4)
2026-08-14 23:52:10,477 [DEBUG] cnn_neat: Added edge 0→3 (from 4 candidates)
2026-08-14 23:52:10,486 [DEBUG] cnn_neat: Split edge 6→2, new hidden node 7 (pool=6)
2026-08-14 23:52:10,489 [DEBUG] cnn_neat: Added edge 0→3 (from 5 candidates)
2026-08-14 23:52:10,496 [DEBUG] cnn_neat: Removed hidden node 5 (pool=3)
2026-08-14 23:52:10,500 [DEBUG] cnn_neat: Removed edge 2→3 (from 6 candidates)
2026-08-14 23:52:10,506 [DEBUG] cnn_neat: Removed 3 edges (requested 3)
2026-08-14 23:52:10,511 [DEBUG] cnn_neat: Split edge 0→5, new hidden node 8 (pool=7)
2026-08-14 23:52:10,514 [DEBUG] cnn_neat: Split edge 2→3, new hidden node 7 (pool=8)
2026-08-14 23:52:10,568 [DEBUG] cnn_neat: Split edge 3→1, new hidden node 4 (pool=4)
2026-08-14 23:52:10,570 [DEBUG] cnn_neat: Added edge 2→1 (from 2 candidates)
2026-08-14 23:52:10,573 [DEBUG] cnn_neat: Removed hidden node 2 (pool=1)
2026-08-14 23:52:10,575 [DEBUG] cnn_neat: Removed edge 2→3 (from 3 candidates)
2026-08-14 23:52:10,579 [DEBUG] cnn_neat: Removed 2 edges (requested 3)
2026-08-14 23:52:10,582 [DEBUG] cnn_neat: Split edge 3→1, new hidden node 4 (pool=3)
2026-08-14 23:52:10,584 [DEBUG] cnn_neat: Added edge 2→1 (from 2 candidates)
2026-08-14 23:52:10,590 [DEBUG] cnn_neat: Split edge 4→1, new hidden node 5 (pool=4)
2026-08-14 23:52:10,593 [DEBUG] cnn_neat: Added edge 3→1 (from 4 candidates)
2026-08-14 23:52:10,601 [DEBUG] cnn_neat: Split edge 2→1, new hidden node 5 (pool=3)
2026-08-14 23:52:10,603 [DEBUG] cnn_neat: Added edge 4→1 (from 2 candidates)
2026-08-14 23:52:10,613 [DEBUG] cnn_neat: Split edge 0→6, new hidden node 7 (pool=9)
2026-08-14 23:52:10,618 [DEBUG] cnn_neat: Added edge 3→1 (from 11 candidates)
2026-08-14 23:52:10,621 [DEBUG] cnn_neat: Removed hidden node 3 (pool=4)
2026-08-14 23:52:10,627 [DEBUG] cnn_neat: Removed edge 6→2 (from 8 candidates)
2026-08-14 23:52:10,630 [DEBUG] cnn_neat: Removed 3 edges (requested 3)
2026-08-14 23:52:10,632 [DEBUG] cnn_neat: Split edge 2→1, new hidden node 8 (pool=10)
2026-08-14 23:52:10,635 [DEBUG] cnn_neat: Split edge 2→3, new hidden node 7 (pool=9)
2026-08-14 23:52:10,645 [DEBUG] cnn_neat: Split edge 5→3, new hidden node 7 (pool=9)
2026-08-14 23:52:10,650 [DEBUG] cnn_neat: Added edge 0→2 (from 5 candidates)
2026-08-14 23:52:10,663 [DEBUG] cnn_neat: Removed hidden node 3 (pool=3)
2026-08-14 23:52:10,668 [DEBUG] cnn_neat: Removed edge 5→2 (from 8 candidates)
2026-08-14 23:52:10,676 [DEBUG] cnn_neat: Removed 3 edges (requested 3)
2026-08-14 23:52:10,678 [DEBUG] cnn_neat: Split edge 5→7, new hidden node 8 (pool=10)
2026-08-14 23:52:10,680 [DEBUG] cnn_neat: Split edge 0→5, new hidden node 7 (pool=10)
2026-08-14 23:52:10,683 [DEBUG] cnn_neat: Split edge 2→3, new hidden node 7 (pool=9)
2026-08-14 23:52:10,689 [DEBUG] cnn_neat: Added edge 3→1 (from 5 candidates)
2026-08-14 23:52:10,697 [DEBUG] cnn_neat: Removed hidden node 6 (pool=3)
2026-08-14 23:52:10,698 [DEBUG] cnn_neat: Removed edge 6→2 (from 8 candidates)
2026-08-14 23:52:10,702 [DEBUG] cnn_neat: Removed 3 edges (requested 3)
2026-08-14 23:52:10,704 [DEBUG] cnn_neat: Split edge 5→6, new hidden node 8 (pool=8)
2026-08-14 23:52:10,712 [DEBUG] cnn_neat: Split edge 6→2, new hidden node 7 (pool=10)
2026-08-14 23:52:10,718 [DEBUG] cnn_neat: Added edge 0→6 (from 13 candidates)
2026-08-14 23:52:10,723 [DEBUG] cnn_neat: Removed hidden node 3 (pool=3)
2026-08-14 23:52:10,729 [DEBUG] cnn_neat: Removed edge 6→3 (from 8 candidates)
2026-08-14 23:52:10,734 [DEBUG] cnn_neat: Removed 3 edges (requested 3)
2026-08-14 23:52:10,741 [DEBUG] cnn_neat: Split edge 2→1, new hidden node 8 (pool=8)
2026-08-14 23:52:10,858 [DEBUG] cnn_neat: Split edge 0→4, new hidden node 8 (pool=12)
2026-08-14 23:52:10,862 [DEBUG] cnn_neat: Added edge 4→1 (from 19 candidates)
2026-08-14 23:52:10,869 [DEBUG] cnn_neat: Removed hidden node 4 (pool=5)
2026-08-14 23:52:10,876 [DEBUG] cnn_neat: Removed edge 4→7 (from 11 candidates)
2026-08-14 23:52:10,888 [DEBUG] cnn_neat: Removed 3 edges (requested 3)
2026-08-14 23:52:10,895 [DEBUG] cnn_neat: Split edge 2→1, new hidden node 9 (pool=9)
2026-08-14 23:52:10,899 [DEBUG] cnn_neat: Split edge 4→1, new hidden node 8 (pool=7)
2026-08-14 23:52:10,905 [DEBUG] cnn_neat: Split edge 0→1, new hidden node 5 (pool=1)
2026-08-14 23:52:10,908 [DEBUG] cnn_neat: Added edge 4→1 (from 1 candidates)
2026-08-14 23:52:10,909 [DEBUG] cnn_neat: Removed hidden node 4 (pool=1)
2026-08-14 23:52:10,911 [DEBUG] cnn_neat: Removed edge 0→4 (from 1 candidates)
2026-08-14 23:52:10,912 [DEBUG] cnn_neat: Removed 1 edges (requested 3)
2026-08-14 23:52:10,916 [DEBUG] cnn_neat: Split edge 0→4, new hidden node 5 (pool=2)
2026-08-14 23:52:10,920 [DEBUG] cnn_neat: Added edge 0→2 (from 1 candidates)
2026-08-14 23:52:10,925 [DEBUG] cnn_neat: Removed hidden node 2 (pool=1)
2026-08-14 23:52:10,926 [DEBUG] cnn_neat: Removed edge 4→2 (from 3 candidates)
2026-08-14 23:52:10,927 [DEBUG] cnn_neat: Removed 1 edges (requested 3)
2026-08-14 23:52:10,930 [DEBUG] cnn_neat: Split edge 2→1, new hidden node 4 (pool=2)
2026-08-14 23:52:10,934 [DEBUG] cnn_neat: Added edge 3→1 (from 2 candidates)
2026-08-14 23:52:10,939 [DEBUG] cnn_neat: Removed hidden node 3 (pool=1)
2026-08-14 23:52:10,942 [DEBUG] cnn_neat: Removed edge 2→3 (from 1 candidates)
2026-08-14 23:52:10,946 [DEBUG] cnn_neat: Removed 1 edges (requested 3)
2026-08-14 23:52:10,952 [DEBUG] cnn_neat: Split edge 5→4, new hidden node 7 (pool=9)
2026-08-14 23:52:10,958 [DEBUG] cnn_neat: Added edge 6→1 (from 5 candidates)
2026-08-14 23:52:10,962 [DEBUG] cnn_neat: Removed hidden node 6 (pool=3)
2026-08-14 23:52:10,968 [DEBUG] cnn_neat: Removed edge 6→2 (from 8 candidates)
2026-08-14 23:52:10,974 [DEBUG] cnn_neat: Removed 3 edges (requested 3)
2026-08-14 23:52:10,977 [DEBUG] cnn_neat: Split edge 0→5, new hidden node 8 (pool=10)
2026-08-14 23:52:10,987 [DEBUG] cnn_neat: Split edge 2→1, new hidden node 9 (pool=12)
2026-08-14 23:52:10,993 [DEBUG] cnn_neat: Added edge 4→2 (from 21 candidates)
2026-08-14 23:52:11,004 [DEBUG] cnn_neat: Removed hidden node 8 (pool=6)
2026-08-14 23:52:11,006 [DEBUG] cnn_neat: Removed edge 0→5 (from 13 candidates)
2026-08-14 23:52:11,011 [DEBUG] cnn_neat: Removed 3 edges (requested 3)
2026-08-14 23:52:11,014 [DEBUG] cnn_neat: Split edge 6→2, new hidden node 10 (pool=15)
2026-08-14 23:52:11,019 [DEBUG] cnn_neat: Split edge 2→1, new hidden node 7 (pool=4)
2026-08-14 23:52:11,026 [DEBUG] cnn_neat: Added edge 3→1 (from 7 candidates)
2026-08-14 23:52:11,140 [DEBUG] cnn_neat: Removed hidden node 3 (pool=1)
2026-08-14 23:52:11,142 [DEBUG] cnn_neat: Removed edge 2→3 (from 1 candidates)
2026-08-14 23:52:11,143 [DEBUG] cnn_neat: Removed 1 edges (requested 3)
2026-08-14 23:52:11,145 [DEBUG] cnn_neat: Split edge 5→6, new hidden node 7 (pool=4)
2026-08-14 23:52:11,147 [DEBUG] cnn_neat: Added edge 5→3 (from 5 candidates)
2026-08-14 23:52:11,154 [DEBUG] cnn_neat: Split edge 2→1, new hidden node 8 (pool=1)
2026-08-14 23:52:11,162 [DEBUG] cnn_neat: Removed hidden node 3 (pool=1)
2026-08-14 23:52:11,167 [DEBUG] cnn_neat: Added edge 7→3 (from 7 candidates)
2026-08-14 23:52:11,171 [DEBUG] cnn_neat: Split edge 3→1, new hidden node 7 (pool=3)
2026-08-14 23:52:11,176 [DEBUG] cnn_neat: Split edge 0→6, new hidden node 8 (pool=14)
2026-08-14 23:52:11,179 [DEBUG] cnn_neat: Added edge 5→1 (from 11 candidates)
2026-08-14 23:52:11,187 [DEBUG] cnn_neat: Removed hidden node 6 (pool=5)
2026-08-14 23:52:11,192 [DEBUG] cnn_neat: Removed edge 0→5 (from 12 candidates)
2026-08-14 23:52:11,198 [DEBUG] cnn_neat: Removed 3 edges (requested 3)
2026-08-14 23:52:11,202 [DEBUG] cnn_neat: Split edge 4→7, new hidden node 9 (pool=15)
2026-08-14 23:52:11,210 [DEBUG] cnn_neat: Split edge 0→2, new hidden node 5 (pool=6)
2026-08-14 23:52:11,212 [DEBUG] cnn_neat: Added edge 2→1 (from 4 candidates)
2026-08-14 23:52:11,218 [DEBUG] cnn_neat: Removed hidden node 4 (pool=2)
2026-08-14 23:52:11,223 [DEBUG] cnn_neat: Removed edge 4→2 (from 5 candidates)
2026-08-14 23:52:11,228 [DEBUG] cnn_neat: Removed 3 edges (requested 3)
2026-08-14 23:52:11,231 [DEBUG] cnn_neat: Split edge 5→2, new hidden node 6 (pool=6)
2026-08-14 23:52:11,233 [DEBUG] cnn_neat: Split edge 4→2, new hidden node 5 (pool=7)
2026-08-14 23:52:11,238 [DEBUG] cnn_neat: Split edge 0→3, new hidden node 5 (pool=5)
2026-08-14 23:52:11,242 [DEBUG] cnn_neat: Split edge 3→1, new hidden node 5 (pool=4)
2026-08-14 23:52:11,244 [DEBUG] cnn_neat: Added edge 0→3 (from 4 candidates)
2026-08-14 23:52:11,258 [DEBUG] cnn_neat: Split edge 5→6, new hidden node 8 (pool=10)
2026-08-14 23:52:11,268 [DEBUG] cnn_neat: Added edge 7→2 (from 11 candidates)
2026-08-14 23:52:11,277 [DEBUG] cnn_neat: Removed hidden node 6 (pool=4)
2026-08-14 23:52:11,284 [DEBUG] cnn_neat: Removed edge 6→2 (from 9 candidates)
2026-08-14 23:52:11,296 [DEBUG] cnn_neat: Removed 3 edges (requested 3)
2026-08-14 23:52:11,409 [DEBUG] cnn_neat: Split edge 0→7, new hidden node 9 (pool=11)
2026-08-14 23:52:11,415 [DEBUG] cnn_neat: Split edge 0→3, new hidden node 4 (pool=4)
2026-08-14 23:52:11,421 [DEBUG] cnn_neat: Added edge 0→1 (from 2 candidates)
2026-08-14 23:52:11,424 [DEBUG] cnn_neat: Removed hidden node 2 (pool=1)
2026-08-14 23:52:11,425 [DEBUG] cnn_neat: Removed edge 0→2 (from 3 candidates)
2026-08-14 23:52:11,427 [DEBUG] cnn_neat: Removed 2 edges (requested 3)
2026-08-14 23:52:11,436 [DEBUG] cnn_neat: Split edge 3→1, new hidden node 4 (pool=3)
2026-08-14 23:52:11,440 [DEBUG] cnn_neat: Added edge 0→3 (from 2 candidates)
2026-08-14 23:52:11,451 [DEBUG] cnn_neat: Split edge 2→3, new hidden node 5 (pool=4)
2026-08-14 23:52:11,453 [DEBUG] cnn_neat: Added edge 2→4 (from 4 candidates)
2026-08-14 23:52:11,464 [DEBUG] cnn_neat: Split edge 0→4, new hidden node 5 (pool=3)
2026-08-14 23:52:11,466 [DEBUG] cnn_neat: Added edge 0→2 (from 2 candidates)
2026-08-14 23:52:11,476 [DEBUG] cnn_neat: Split edge 6→3, new hidden node 9 (pool=14)
2026-08-14 23:52:11,484 [DEBUG] cnn_neat: Added edge 4→8 (from 23 candidates)
2026-08-14 23:52:11,489 [DEBUG] cnn_neat: Removed hidden node 5 (pool=6)
2026-08-14 23:52:11,495 [DEBUG] cnn_neat: Removed edge 2→3 (from 13 candidates)
2026-08-14 23:52:11,502 [DEBUG] cnn_neat: Removed 3 edges (requested 3)
2026-08-14 23:52:11,505 [DEBUG] cnn_neat: Split edge 8→6, new hidden node 10 (pool=13)
2026-08-14 23:52:11,509 [DEBUG] cnn_neat: Split edge 0→5, new hidden node 7 (pool=7)
2026-08-14 23:52:11,511 [DEBUG] cnn_neat: Added edge 0→4 (from 9 candidates)
2026-08-14 23:52:11,519 [DEBUG] cnn_neat: Removed hidden node 6 (pool=3)
2026-08-14 23:52:11,526 [DEBUG] cnn_neat: Removed edge 5→6 (from 6 candidates)
2026-08-14 23:52:11,532 [DEBUG] cnn_neat: Removed 3 edges (requested 3)
2026-08-14 23:52:11,535 [DEBUG] cnn_neat: Split edge 4→2, new hidden node 8 (pool=6)
2026-08-14 23:52:11,544 [DEBUG] cnn_neat: Split edge 6→2, new hidden node 7 (pool=8)
2026-08-14 23:52:11,552 [DEBUG] cnn_neat: Split edge 4→6, new hidden node 7 (pool=13)
2026-08-14 23:52:11,556 [DEBUG] cnn_neat: Added edge 0→3 (from 7 candidates)
2026-08-14 23:52:11,678 [DEBUG] cnn_neat: Removed hidden node 3 (pool=4)
2026-08-14 23:52:11,682 [DEBUG] cnn_neat: Removed edge 5→2 (from 12 candidates)
2026-08-14 23:52:11,692 [DEBUG] cnn_neat: Removed 3 edges (requested 3)
2026-08-14 23:52:11,697 [DEBUG] cnn_neat: Split edge 4→3, new hidden node 8 (pool=14)
2026-08-14 23:52:11,704 [DEBUG] cnn_neat: Split edge 0→1, new hidden node 5 (pool=1)
2026-08-14 23:52:11,706 [DEBUG] cnn_neat: Added edge 4→1 (from 1 candidates)
2026-08-14 23:52:11,711 [DEBUG] cnn_neat: Removed hidden node 4 (pool=1)
2026-08-14 23:52:11,712 [DEBUG] cnn_neat: Removed edge 0→4 (from 1 candidates)
2026-08-14 23:52:11,713 [DEBUG] cnn_neat: Removed 1 edges (requested 3)
2026-08-14 23:52:11,718 [DEBUG] cnn_neat: Split edge 4→1, new hidden node 5 (pool=2)
2026-08-14 23:52:11,721 [DEBUG] cnn_neat: Added edge 0→2 (from 1 candidates)
2026-08-14 23:52:11,725 [DEBUG] cnn_neat: Removed hidden node 2 (pool=1)
2026-08-14 23:52:11,727 [DEBUG] cnn_neat: Removed edge 4→1 (from 3 candidates)
2026-08-14 23:52:11,728 [DEBUG] cnn_neat: Removed 2 edges (requested 3)
2026-08-14 23:52:11,735 [DEBUG] cnn_neat: Split edge 2→1, new hidden node 4 (pool=2)
2026-08-14 23:52:11,736 [DEBUG] cnn_neat: Added edge 3→1 (from 2 candidates)
2026-08-14 23:52:11,738 [DEBUG] cnn_neat: Removed hidden node 3 (pool=1)
2026-08-14 23:52:11,739 [DEBUG] cnn_neat: Removed edge 2→3 (from 1 candidates)
2026-08-14 23:52:11,745 [DEBUG] cnn_neat: Removed 1 edges (requested 3)
2026-08-14 23:52:11,749 [DEBUG] cnn_neat: Split edge 4→6, new hidden node 8 (pool=8)
2026-08-14 23:52:11,783 [DEBUG] cnn_neat: Added edge 7→1 (from 10 candidates)
2026-08-14 23:52:11,790 [DEBUG] cnn_neat: Removed hidden node 5 (pool=3)
2026-08-14 23:52:11,852 [DEBUG] cnn_neat: Removed edge 4→6 (from 6 candidates)
2026-08-14 23:52:11,856 [DEBUG] cnn_neat: Removed 3 edges (requested 3)
2026-08-14 23:52:11,859 [DEBUG] cnn_neat: Split edge 2→1, new hidden node 9 (pool=9)
2026-08-14 23:52:11,868 [DEBUG] cnn_neat: Split edge 7→1, new hidden node 8 (pool=7)
2026-08-14 23:52:11,876 [DEBUG] cnn_neat: Split edge 7→4, new hidden node 8 (pool=9)
2026-08-14 23:52:12,017 [DEBUG] cnn_neat: Added edge 4→1 (from 16 candidates)
2026-08-14 23:52:12,023 [DEBUG] cnn_neat: Removed hidden node 4 (pool=3)
2026-08-14 23:52:12,027 [DEBUG] cnn_neat: Removed edge 4→6 (from 6 candidates)
2026-08-14 23:52:12,035 [DEBUG] cnn_neat: Removed 3 edges (requested 3)
2026-08-14 23:52:12,039 [DEBUG] cnn_neat: Split edge 5→6, new hidden node 9 (pool=6)
2026-08-14 23:52:12,044 [DEBUG] cnn_neat: Split edge 7→4, new hidden node 8 (pool=10)
2026-08-14 23:52:12,049 [DEBUG] cnn_neat: Split edge 3→1, new hidden node 5 (pool=4)
2026-08-14 23:52:12,052 [DEBUG] cnn_neat: Added edge 4→1 (from 4 candidates)
2026-08-14 23:52:12,062 [DEBUG] cnn_neat: Split edge 7→2, new hidden node 8 (pool=6)
2026-08-14 23:52:12,065 [DEBUG] cnn_neat: Added edge 0→2 (from 18 candidates)
2026-08-14 23:52:12,072 [DEBUG] cnn_neat: Removed hidden node 6 (pool=2)
2026-08-14 23:52:12,075 [DEBUG] cnn_neat: Removed edge 4→6 (from 2 candidates)
2026-08-14 23:52:12,081 [DEBUG] cnn_neat: Removed 2 edges (requested 3)
2026-08-14 23:52:12,085 [DEBUG] cnn_neat: Split edge 7→8, new hidden node 9 (pool=7)
2026-08-14 23:52:12,088 [DEBUG] cnn_neat: Split edge 0→2, new hidden node 8 (pool=2)
2026-08-14 23:52:12,095 [DEBUG] cnn_neat: Split edge 4→2, new hidden node 7 (pool=7)
2026-08-14 23:52:12,100 [DEBUG] cnn_neat: Added edge 4→3 (from 9 candidates)
2026-08-14 23:52:12,108 [DEBUG] cnn_neat: Removed hidden node 6 (pool=3)
2026-08-14 23:52:12,112 [DEBUG] cnn_neat: Removed edge 2→3 (from 6 candidates)
2026-08-14 23:52:12,119 [DEBUG] cnn_neat: Removed 3 edges (requested 3)
2026-08-14 23:52:12,124 [DEBUG] cnn_neat: Split edge 7→2, new hidden node 8 (pool=8)
2026-08-14 23:52:12,130 [DEBUG] cnn_neat: Split edge 4→2, new hidden node 7 (pool=9)
2026-08-14 23:52:12,135 [DEBUG] cnn_neat: Added edge 5→7 (from 15 candidates)
2026-08-14 23:52:12,139 [DEBUG] cnn_neat: Added edge 0→3 (from 10 candidates)
2026-08-14 23:52:12,144 [DEBUG] cnn_neat: Saved generation 5
2026-08-14 23:52:12,195 [DEBUG] cnn_neat: Split edge 5→2, new hidden node 7 (pool=4)
2026-08-14 23:52:12,207 [DEBUG] cnn_neat: Selected 25 elite individuals
2026-08-14 23:52:12,209 [DEBUG] cnn_neat: Added edge 6→1 (from 5 candidates)
2026-08-14 23:52:12,225 [DEBUG] cnn_neat: Removed hidden node 6 (pool=1)
2026-08-14 23:52:12,232 [DEBUG] cnn_neat: Removed edge 6→5 (from 1 candidates)
2026-08-14 23:52:12,270 [DEBUG] cnn_neat: Removed 1 edges (requested 3)
2026-08-14 23:52:12,278 [DEBUG] cnn_neat: Split edge 0→5, new hidden node 7 (pool=5)
2026-08-14 23:52:12,286 [DEBUG] cnn_neat: Added edge 6→2 (from 4 candidates)
2026-08-14 23:52:12,297 [DEBUG] cnn_neat: Split edge 5→2, new hidden node 8 (pool=6)
2026-08-14 23:52:12,310 [DEBUG] cnn_neat: Removed hidden node 6 (pool=1)
2026-08-14 23:52:12,315 [DEBUG] cnn_neat: Added edge 5→1 (from 7 candidates)
2026-08-14 23:52:12,320 [DEBUG] cnn_neat: Split edge 5→2, new hidden node 7 (pool=6)
2026-08-14 23:52:12,330 [DEBUG] cnn_neat: Split edge 0→3, new hidden node 4 (pool=4)
2026-08-14 23:52:12,338 [DEBUG] cnn_neat: Added edge 2→1 (from 2 candidates)
2026-08-14 23:52:12,344 [DEBUG] cnn_neat: Removed hidden node 2 (pool=1)
2026-08-14 23:52:12,348 [DEBUG] cnn_neat: Removed edge 2→3 (from 3 candidates)
2026-08-14 23:52:12,352 [DEBUG] cnn_neat: Removed 2 edges (requested 3)
2026-08-14 23:52:12,358 [DEBUG] cnn_neat: Split edge 0→2, new hidden node 4 (pool=3)
2026-08-14 23:52:12,361 [DEBUG] cnn_neat: Added edge 0→3 (from 2 candidates)
2026-08-14 23:52:12,370 [DEBUG] cnn_neat: Split edge 3→4, new hidden node 5 (pool=4)
2026-08-14 23:52:12,373 [DEBUG] cnn_neat: Added edge 2→4 (from 4 candidates)
2026-08-14 23:52:12,376 [DEBUG] cnn_neat: Trimmed elite queue to 128 entries
2026-08-14 23:52:12,605 [DEBUG] cnn_neat: Split edge 0→5, new hidden node 7 (pool=11)
2026-08-14 23:52:12,608 [DEBUG] cnn_neat: Added edge 0→6 (from 9 candidates)
2026-08-14 23:52:12,611 [DEBUG] cnn_neat: Removed hidden node 6 (pool=4)
2026-08-14 23:52:12,613 [DEBUG] cnn_neat: Removed edge 4→6 (from 10 candidates)
2026-08-14 23:52:12,617 [DEBUG] cnn_neat: Removed 3 edges (requested 3)
2026-08-14 23:52:12,621 [DEBUG] cnn_neat: Crossover rejected: union topology invalid (edges=23 nodes=13)
2026-08-14 23:52:12,623 [DEBUG] cnn_neat: Split edge 2→1, new hidden node 7 (pool=11)
2026-08-14 23:52:12,626 [DEBUG] cnn_neat: Added edge 0→6 (from 9 candidates)
2026-08-14 23:52:12,628 [DEBUG] cnn_neat: Added edge 0→2 (from 8 candidates)
2026-08-14 23:52:12,630 [DEBUG] cnn_neat: Added edge 5→1 (from 6 candidates)
2026-08-14 23:52:12,633 [DEBUG] cnn_neat: Added edge 3→1 (from 5 candidates)
2026-08-14 23:52:12,637 [DEBUG] cnn_neat: Added edge 4→2 (from 4 candidates)
2026-08-14 23:52:12,639 [DEBUG] cnn_neat: Split edge 4→6, new hidden node 7 (pool=10)
2026-08-14 23:52:12,642 [DEBUG] cnn_neat: Added edge 0→2 (from 9 candidates)
2026-08-14 23:52:12,645 [DEBUG] cnn_neat: Removed hidden node 6 (pool=3)
2026-08-14 23:52:12,646 [DEBUG] cnn_neat: Split edge 2→3, new hidden node 6 (pool=6)
2026-08-14 23:52:12,649 [DEBUG] cnn_neat: Removed edge 5→2 (from 8 candidates)
2026-08-14 23:52:12,651 [DEBUG] cnn_neat: Split edge 0→5, new hidden node 7 (pool=9)
2026-08-14 23:52:12,654 [DEBUG] cnn_neat: Removed 3 edges (requested 3)
2026-08-14 23:52:12,657 [DEBUG] cnn_neat: Crossover rejected: union topology invalid (edges=19 nodes=12)
2026-08-14 23:52:12,659 [DEBUG] cnn_neat: Split edge 4→6, new hidden node 7 (pool=10)
2026-08-14 23:52:12,661 [DEBUG] cnn_neat: Added edge 0→6 (from 14 candidates)
2026-08-14 23:52:12,663 [DEBUG] cnn_neat: Added edge 0→3 (from 9 candidates)
2026-08-14 23:52:12,665 [DEBUG] cnn_neat: Added edge 3→1 (from 9 candidates)
2026-08-14 23:52:12,668 [DEBUG] cnn_neat: Added edge 4→1 (from 8 candidates)
2026-08-14 23:52:12,671 [DEBUG] cnn_neat: Added edge 0→6 (from 7 candidates)
2026-08-14 23:52:12,675 [DEBUG] cnn_neat: Added edge 5→3 (from 6 candidates)
2026-08-14 23:52:12,677 [DEBUG] cnn_neat: Split edge 0→5, new hidden node 8 (pool=10)
2026-08-14 23:52:12,681 [DEBUG] cnn_neat: Added edge 3→1 (from 13 candidates)
2026-08-14 23:52:12,686 [DEBUG] cnn_neat: Removed hidden node 7 (pool=5)
2026-08-14 23:52:12,688 [DEBUG] cnn_neat: Removed edge 2→7 (from 11 candidates)
2026-08-14 23:52:12,691 [DEBUG] cnn_neat: Removed 3 edges (requested 3)
2026-08-14 23:52:12,694 [DEBUG] cnn_neat: Crossover rejected: union topology invalid (edges=20 nodes=13)
2026-08-14 23:52:12,696 [DEBUG] cnn_neat: Split edge 0→4, new hidden node 8 (pool=10)
2026-08-14 23:52:12,699 [DEBUG] cnn_neat: Added edge 7→1 (from 13 candidates)
2026-08-14 23:52:12,702 [DEBUG] cnn_neat: Added edge 0→3 (from 12 candidates)
2026-08-14 23:52:12,704 [DEBUG] cnn_neat: Added edge 4→7 (from 10 candidates)
2026-08-14 23:52:12,707 [DEBUG] cnn_neat: Added edge 6→1 (from 12 candidates)
2026-08-14 23:52:12,711 [DEBUG] cnn_neat: Added edge 4→1 (from 11 candidates)
2026-08-14 23:52:12,714 [DEBUG] cnn_neat: Split edge 2→1, new hidden node 8 (pool=12)
2026-08-14 23:52:12,717 [DEBUG] cnn_neat: Added edge 7→1 (from 14 candidates)
2026-08-14 23:52:12,720 [DEBUG] cnn_neat: Removed hidden node 6 (pool=5)
2026-08-14 23:52:12,723 [DEBUG] cnn_neat: Removed edge 5→2 (from 11 candidates)
2026-08-14 23:52:12,727 [DEBUG] cnn_neat: Removed 3 edges (requested 3)
2026-08-14 23:52:12,730 [DEBUG] cnn_neat: Crossover rejected: union topology invalid (edges=20 nodes=13)
2026-08-14 23:52:12,733 [DEBUG] cnn_neat: Split edge 7→3, new hidden node 8 (pool=12)
2026-08-14 23:52:12,736 [DEBUG] cnn_neat: Added edge 3→1 (from 14 candidates)
2026-08-14 23:52:12,739 [DEBUG] cnn_neat: Added edge 0→2 (from 13 candidates)
2026-08-14 23:52:12,742 [DEBUG] cnn_neat: Added edge 4→7 (from 14 candidates)
2026-08-14 23:52:12,745 [DEBUG] cnn_neat: Added edge 4→2 (from 13 candidates)
2026-08-14 23:52:12,749 [DEBUG] cnn_neat: Added edge 5→1 (from 12 candidates)
2026-08-14 23:52:12,752 [DEBUG] cnn_neat: Split edge 5→6, new hidden node 8 (pool=10)
2026-08-14 23:52:12,755 [DEBUG] cnn_neat: Added edge 2→7 (from 13 candidates)
2026-08-14 23:52:12,758 [DEBUG] cnn_neat: Removed hidden node 6 (pool=5)
2026-08-14 23:52:12,760 [DEBUG] cnn_neat: Removed edge 5→2 (from 11 candidates)
2026-08-14 23:52:12,764 [DEBUG] cnn_neat: Removed 3 edges (requested 3)
2026-08-14 23:52:12,767 [DEBUG] cnn_neat: Crossover rejected: union topology invalid (edges=20 nodes=13)
2026-08-14 23:52:12,769 [DEBUG] cnn_neat: Split edge 4→6, new hidden node 8 (pool=10)
2026-08-14 23:52:12,773 [DEBUG] cnn_neat: Added edge 3→1 (from 13 candidates)
2026-08-14 23:52:12,776 [DEBUG] cnn_neat: Added edge 7→2 (from 11 candidates)
2026-08-14 23:52:12,779 [DEBUG] cnn_neat: Added edge 4→7 (from 9 candidates)
2026-08-14 23:52:12,783 [DEBUG] cnn_neat: Added edge 0→6 (from 12 candidates)
2026-08-14 23:52:12,787 [DEBUG] cnn_neat: Added edge 6→1 (from 11 candidates)
2026-08-14 23:52:12,789 [DEBUG] cnn_neat: Split edge 2→3, new hidden node 8 (pool=13)
2026-08-14 23:52:12,792 [DEBUG] cnn_neat: Added edge 0→7 (from 14 candidates)
2026-08-14 23:52:12,795 [DEBUG] cnn_neat: Removed hidden node 5 (pool=5)
2026-08-14 23:52:12,797 [DEBUG] cnn_neat: Split edge 6→3, new hidden node 8 (pool=8)
2026-08-14 23:52:12,799 [DEBUG] cnn_neat: Removed edge 6→3 (from 12 candidates)
2026-08-14 23:52:12,803 [DEBUG] cnn_neat: Removed 3 edges (requested 3)
2026-08-14 23:52:12,806 [DEBUG] cnn_neat: Crossover rejected: union topology invalid (edges=25 nodes=14)
2026-08-14 23:52:12,809 [DEBUG] cnn_neat: Split edge 5→7, new hidden node 8 (pool=13)
2026-08-14 23:52:12,813 [DEBUG] cnn_neat: Added edge 7→1 (from 14 candidates)
2026-08-14 23:52:12,816 [DEBUG] cnn_neat: Added edge 3→1 (from 13 candidates)
2026-08-14 23:52:12,819 [DEBUG] cnn_neat: Added edge 6→7 (from 12 candidates)
2026-08-14 23:52:12,823 [DEBUG] cnn_neat: Added edge 0→6 (from 10 candidates)
2026-08-14 23:52:12,827 [DEBUG] cnn_neat: Added edge 4→2 (from 11 candidates)
2026-08-14 23:52:12,830 [DEBUG] cnn_neat: Split edge 0→4, new hidden node 8 (pool=11)
2026-08-14 23:52:12,832 [DEBUG] cnn_neat: Added edge 7→1 (from 18 candidates)
2026-08-14 23:52:12,836 [DEBUG] cnn_neat: Removed hidden node 4 (pool=5)
2026-08-14 23:52:12,838 [DEBUG] cnn_neat: Removed edge 4→7 (from 10 candidates)
2026-08-14 23:52:12,842 [DEBUG] cnn_neat: Removed 3 edges (requested 3)
2026-08-14 23:52:12,846 [DEBUG] cnn_neat: Crossover rejected: union topology invalid (edges=22 nodes=13)
2026-08-14 23:52:12,848 [DEBUG] cnn_neat: Split edge 6→2, new hidden node 8 (pool=11)
2026-08-14 23:52:12,851 [DEBUG] cnn_neat: Added edge 5→4 (from 18 candidates)
2026-08-14 23:52:12,853 [DEBUG] cnn_neat: Added edge 0→6 (from 15 candidates)
2026-08-14 23:52:12,856 [DEBUG] cnn_neat: Added edge 4→6 (from 14 candidates)
2026-08-14 23:52:12,858 [DEBUG] cnn_neat: Added edge 5→1 (from 13 candidates)
2026-08-14 23:52:12,862 [DEBUG] cnn_neat: Added edge 0→3 (from 12 candidates)
2026-08-14 23:52:12,865 [DEBUG] cnn_neat: Split edge 2→1, new hidden node 8 (pool=14)
2026-08-14 23:52:12,867 [DEBUG] cnn_neat: Added edge 6→1 (from 6 candidates)
2026-08-14 23:52:12,872 [DEBUG] cnn_neat: Removed hidden node 3 (pool=4)
2026-08-14 23:52:12,874 [DEBUG] cnn_neat: Removed edge 5→2 (from 13 candidates)
2026-08-14 23:52:12,879 [DEBUG] cnn_neat: Removed 3 edges (requested 3)
2026-08-14 23:52:12,882 [DEBUG] cnn_neat: Crossover rejected: union topology invalid (edges=25 nodes=12)
2026-08-14 23:52:12,884 [DEBUG] cnn_neat: Split edge 5→3, new hidden node 8 (pool=14)
2026-08-14 23:52:12,887 [DEBUG] cnn_neat: Added edge 5→1 (from 6 candidates)
2026-08-14 23:52:12,890 [DEBUG] cnn_neat: Added edge 3→1 (from 5 candidates)
2026-08-14 23:52:12,894 [DEBUG] cnn_neat: Added edge 0→7 (from 4 candidates)
2026-08-14 23:52:12,897 [DEBUG] cnn_neat: Added edge 6→1 (from 2 candidates)
2026-08-14 23:52:12,901 [DEBUG] cnn_neat: Added edge 7→1 (from 1 candidates)
2026-08-14 23:52:12,903 [DEBUG] cnn_neat: Split edge 6→2, new hidden node 8 (pool=7)
2026-08-14 23:52:12,905 [DEBUG] cnn_neat: Added edge 0→7 (from 13 candidates)
2026-08-14 23:52:12,909 [DEBUG] cnn_neat: Removed hidden node 5 (pool=4)
2026-08-14 23:52:12,910 [DEBUG] cnn_neat: Removed edge 0→6 (from 7 candidates)
2026-08-14 23:52:12,913 [DEBUG] cnn_neat: Removed 3 edges (requested 3)
2026-08-14 23:52:12,916 [DEBUG] cnn_neat: Crossover rejected: union topology invalid (edges=18 nodes=12)
2026-08-14 23:52:12,918 [DEBUG] cnn_neat: Split edge 0→5, new hidden node 8 (pool=7)
2026-08-14 23:52:12,921 [DEBUG] cnn_neat: Added edge 7→6 (from 13 candidates)
2026-08-14 23:52:12,922 [DEBUG] cnn_neat: Added edge 7→1 (from 10 candidates)
2026-08-14 23:52:12,924 [DEBUG] cnn_neat: Added edge 3→1 (from 9 candidates)
2026-08-14 23:52:12,926 [DEBUG] cnn_neat: Added edge 7→5 (from 8 candidates)
2026-08-14 23:52:12,928 [DEBUG] cnn_neat: Added edge 7→2 (from 6 candidates)
2026-08-14 23:52:12,930 [DEBUG] cnn_neat: Split edge 2→1, new hidden node 8 (pool=7)
2026-08-14 23:52:12,933 [DEBUG] cnn_neat: Added edge 5→3 (from 12 candidates)
2026-08-14 23:52:12,936 [DEBUG] cnn_neat: Removed hidden node 5 (pool=4)
2026-08-14 23:52:12,937 [DEBUG] cnn_neat: Removed edge 6→2 (from 7 candidates)
2026-08-14 23:52:12,940 [DEBUG] cnn_neat: Removed 3 edges (requested 3)
2026-08-14 23:52:12,942 [DEBUG] cnn_neat: Split edge 0→5, new hidden node 7 (pool=4)
2026-08-14 23:52:12,944 [DEBUG] cnn_neat: Added edge 3→1 (from 10 candidates)
2026-08-14 23:52:12,946 [DEBUG] cnn_neat: Crossover rejected: union topology invalid (edges=19 nodes=12)
2026-08-14 23:52:12,949 [DEBUG] cnn_neat: Split edge 0→6, new hidden node 8 (pool=7)
2026-08-14 23:52:12,951 [DEBUG] cnn_neat: Added edge 0→7 (from 12 candidates)
2026-08-14 23:52:12,953 [DEBUG] cnn_neat: Added edge 7→2 (from 10 candidates)
2026-08-14 23:52:12,956 [DEBUG] cnn_neat: Added edge 0→3 (from 7 candidates)
2026-08-14 23:52:12,958 [DEBUG] cnn_neat: Added edge 3→1 (from 8 candidates)
2026-08-14 23:52:12,961 [DEBUG] cnn_neat: Added edge 5→3 (from 7 candidates)
2026-08-14 23:52:12,963 [DEBUG] cnn_neat: Split edge 5→4, new hidden node 8 (pool=7)
2026-08-14 23:52:12,965 [DEBUG] cnn_neat: Added edge 7→4 (from 13 candidates)
2026-08-14 23:52:12,969 [DEBUG] cnn_neat: Removed hidden node 7 (pool=4)
2026-08-14 23:52:12,971 [DEBUG] cnn_neat: Split edge 5→4, new hidden node 7 (pool=7)
2026-08-14 23:52:12,973 [DEBUG] cnn_neat: Removed edge 5→4 (from 7 candidates)
2026-08-14 23:52:12,976 [DEBUG] cnn_neat: Removed 3 edges (requested 3)
2026-08-14 23:52:12,978 [DEBUG] cnn_neat: Crossover rejected: union topology invalid (edges=20 nodes=13)
2026-08-14 23:52:12,980 [DEBUG] cnn_neat: Split edge 5→4, new hidden node 8 (pool=7)
2026-08-14 23:52:12,982 [DEBUG] cnn_neat: Added edge 0→8 (from 21 candidates)
2026-08-14 23:52:12,984 [DEBUG] cnn_neat: Added edge 0→4 (from 13 candidates)
2026-08-14 23:52:12,986 [DEBUG] cnn_neat: Added edge 7→4 (from 11 candidates)
2026-08-14 23:52:12,988 [DEBUG] cnn_neat: Added edge 0→7 (from 7 candidates)
2026-08-14 23:52:12,991 [DEBUG] cnn_neat: Added edge 4→1 (from 8 candidates)
2026-08-14 23:52:12,993 [DEBUG] cnn_neat: Added edge 5→7 (from 7 candidates)
2026-08-14 23:52:12,996 [DEBUG] cnn_neat: Split edge 2→3, new hidden node 8 (pool=9)
2026-08-14 23:52:12,998 [DEBUG] cnn_neat: Added edge 5→1 (from 14 candidates)
2026-08-14 23:52:13,001 [DEBUG] cnn_neat: Removed hidden node 3 (pool=4)
2026-08-14 23:52:13,003 [DEBUG] cnn_neat: Split edge 6→2, new hidden node 7 (pool=6)
2026-08-14 23:52:13,005 [DEBUG] cnn_neat: Added edge 7→1 (from 7 candidates)
2026-08-14 23:52:13,007 [DEBUG] cnn_neat: Removed edge 5→2 (from 8 candidates)
2026-08-14 23:52:13,009 [DEBUG] cnn_neat: Removed 3 edges (requested 3)
2026-08-14 23:52:13,013 [DEBUG] cnn_neat: Crossover rejected: union topology invalid (edges=19 nodes=12)
2026-08-14 23:52:13,015 [DEBUG] cnn_neat: Split edge 0→5, new hidden node 8 (pool=9)
2026-08-14 23:52:13,017 [DEBUG] cnn_neat: Added edge 7→1 (from 14 candidates)
2026-08-14 23:52:13,019 [DEBUG] cnn_neat: Added edge 7→2 (from 13 candidates)
2026-08-14 23:52:13,021 [DEBUG] cnn_neat: Added edge 0→7 (from 11 candidates)
2026-08-14 23:52:13,023 [DEBUG] cnn_neat: Added edge 5→7 (from 10 candidates)
2026-08-14 23:52:13,026 [DEBUG] cnn_neat: Added edge 7→6 (from 8 candidates)
2026-08-14 23:52:13,028 [DEBUG] cnn_neat: Split edge 5→6, new hidden node 7 (pool=6)
2026-08-14 23:52:13,030 [DEBUG] cnn_neat: Added edge 0→3 (from 8 candidates)
2026-08-14 23:52:13,081 [DEBUG] cnn_neat: Split edge 4→3, new hidden node 7 (pool=11)
2026-08-14 23:52:13,158 [DEBUG] cnn_neat: Added edge 4→1 (from 9 candidates)
2026-08-14 23:52:13,197 [DEBUG] cnn_neat: Removed hidden node 4 (pool=4)
2026-08-14 23:52:13,203 [DEBUG] cnn_neat: Removed edge 4→6 (from 10 candidates)
2026-08-14 23:52:13,214 [DEBUG] cnn_neat: Removed 3 edges (requested 3)
2026-08-14 23:52:13,221 [DEBUG] cnn_neat: Split edge 4→7, new hidden node 8 (pool=12)
2026-08-14 23:52:13,228 [DEBUG] cnn_neat: Split edge 4→1, new hidden node 7 (pool=5)
2026-08-14 23:52:13,234 [DEBUG] cnn_neat: Split edge 6→2, new hidden node 7 (pool=8)
2026-08-14 23:52:13,244 [DEBUG] cnn_neat: Split edge 5→4, new hidden node 7 (pool=10)
2026-08-14 23:52:13,249 [DEBUG] cnn_neat: Added edge 6→1 (from 9 candidates)
2026-08-14 23:52:13,259 [DEBUG] cnn_neat: Removed hidden node 4 (pool=3)
2026-08-14 23:52:13,264 [DEBUG] cnn_neat: Removed edge 5→4 (from 8 candidates)
2026-08-14 23:52:13,275 [DEBUG] cnn_neat: Removed 3 edges (requested 3)
2026-08-14 23:52:13,485 [DEBUG] cnn_neat: Split edge 5→2, new hidden node 8 (pool=7)
2026-08-14 23:52:13,502 [DEBUG] cnn_neat: Split edge 5→2, new hidden node 7 (pool=11)
2026-08-14 23:52:13,527 [DEBUG] cnn_neat: Split edge 4→6, new hidden node 7 (pool=10)
2026-08-14 23:52:13,542 [DEBUG] cnn_neat: Added edge 4→1 (from 11 candidates)
2026-08-14 23:52:13,571 [DEBUG] cnn_neat: Removed hidden node 6 (pool=4)
2026-08-14 23:52:13,580 [DEBUG] cnn_neat: Removed edge 6→2 (from 9 candidates)
2026-08-14 23:52:13,598 [DEBUG] cnn_neat: Removed 3 edges (requested 3)
2026-08-14 23:52:13,644 [DEBUG] cnn_neat: Split edge 0→4, new hidden node 7 (pool=4)
2026-08-14 23:52:13,646 [DEBUG] cnn_neat: Split edge 4→6, new hidden node 7 (pool=9)
2026-08-14 23:52:13,647 [DEBUG] cnn_neat: Split edge 2→1, new hidden node 7 (pool=7)
2026-08-14 23:52:13,654 [DEBUG] cnn_neat: Split edge 6→3, new hidden node 7 (pool=10)
2026-08-14 23:52:13,659 [DEBUG] cnn_neat: Added edge 0→3 (from 8 candidates)
2026-08-14 23:52:13,673 [DEBUG] cnn_neat: Removed hidden node 5 (pool=4)
2026-08-14 23:52:13,682 [DEBUG] cnn_neat: Removed edge 4→6 (from 9 candidates)
2026-08-14 23:52:13,695 [DEBUG] cnn_neat: Removed 3 edges (requested 3)
2026-08-14 23:52:13,697 [DEBUG] cnn_neat: Split edge 5→4, new hidden node 7 (pool=6)
2026-08-14 23:52:13,701 [DEBUG] cnn_neat: Added edge 4→2 (from 16 candidates)
2026-08-14 23:52:13,711 [DEBUG] cnn_neat: Split edge 7→4, new hidden node 8 (pool=7)
2026-08-14 23:52:13,716 [DEBUG] cnn_neat: Removed hidden node 4 (pool=3)
2026-08-14 23:52:13,719 [DEBUG] cnn_neat: Added edge 3→4 (from 25 candidates)
2026-08-14 23:52:13,725 [DEBUG] cnn_neat: Split edge 4→6, new hidden node 7 (pool=11)
2026-08-14 23:52:13,730 [DEBUG] cnn_neat: Added edge 5→1 (from 9 candidates)
2026-08-14 23:52:13,738 [DEBUG] cnn_neat: Removed hidden node 4 (pool=4)
2026-08-14 23:52:13,742 [DEBUG] cnn_neat: Removed edge 5→6 (from 10 candidates)
2026-08-14 23:52:13,749 [DEBUG] cnn_neat: Removed 3 edges (requested 3)
2026-08-14 23:52:13,753 [DEBUG] cnn_neat: Split edge 5→6, new hidden node 8 (pool=11)
2026-08-14 23:52:13,758 [DEBUG] cnn_neat: Split edge 0→5, new hidden node 7 (pool=5)
2026-08-14 23:52:13,766 [DEBUG] cnn_neat: Split edge 0→5, new hidden node 8 (pool=8)
2026-08-14 23:52:13,770 [DEBUG] cnn_neat: Added edge 6→1 (from 13 candidates)
2026-08-14 23:52:13,778 [DEBUG] cnn_neat: Removed hidden node 5 (pool=5)
2026-08-14 23:52:13,783 [DEBUG] cnn_neat: Removed edge 5→4 (from 9 candidates)
2026-08-14 23:52:13,789 [DEBUG] cnn_neat: Removed 3 edges (requested 3)
2026-08-14 23:52:13,795 [DEBUG] cnn_neat: Split edge 6→3, new hidden node 9 (pool=10)
2026-08-14 23:52:13,800 [DEBUG] cnn_neat: Split edge 6→2, new hidden node 8 (pool=7)
2026-08-14 23:52:13,809 [DEBUG] cnn_neat: Split edge 6→2, new hidden node 8 (pool=8)
2026-08-14 23:52:13,813 [DEBUG] cnn_neat: Added edge 0→3 (from 14 candidates)
2026-08-14 23:52:13,820 [DEBUG] cnn_neat: Removed hidden node 4 (pool=5)
2026-08-14 23:52:13,824 [DEBUG] cnn_neat: Removed edge 0→4 (from 9 candidates)
2026-08-14 23:52:13,830 [DEBUG] cnn_neat: Removed 3 edges (requested 3)
2026-08-14 23:52:13,835 [DEBUG] cnn_neat: Split edge 4→6, new hidden node 8 (pool=10)
2026-08-14 23:52:13,839 [DEBUG] cnn_neat: Split edge 2→1, new hidden node 8 (pool=6)
2026-08-14 23:52:13,842 [DEBUG] cnn_neat: Split edge 5→2, new hidden node 8 (pool=4)
2026-08-14 23:52:13,849 [DEBUG] cnn_neat: Split edge 0→5, new hidden node 8 (pool=12)
2026-08-14 23:52:13,853 [DEBUG] cnn_neat: Added edge 7→6 (from 15 candidates)
2026-08-14 23:52:13,862 [DEBUG] cnn_neat: Removed hidden node 6 (pool=5)
2026-08-14 23:52:13,866 [DEBUG] cnn_neat: Removed edge 5→4 (from 11 candidates)
2026-08-14 23:52:13,872 [DEBUG] cnn_neat: Removed 3 edges (requested 3)
2026-08-14 23:52:13,877 [DEBUG] cnn_neat: Split edge 0→8, new hidden node 9 (pool=13)
2026-08-14 23:52:13,883 [DEBUG] cnn_neat: Split edge 6→2, new hidden node 8 (pool=13)
2026-08-14 23:52:13,891 [DEBUG] cnn_neat: Split edge 5→4, new hidden node 8 (pool=10)
2026-08-14 23:52:13,897 [DEBUG] cnn_neat: Added edge 7→1 (from 13 candidates)
2026-08-14 23:52:13,905 [DEBUG] cnn_neat: Removed hidden node 5 (pool=5)
2026-08-14 23:52:13,908 [DEBUG] cnn_neat: Removed edge 0→5 (from 11 candidates)
2026-08-14 23:52:13,917 [DEBUG] cnn_neat: Removed 3 edges (requested 3)
2026-08-14 23:52:13,922 [DEBUG] cnn_neat: Split edge 6→2, new hidden node 9 (pool=8)
2026-08-14 23:52:13,929 [DEBUG] cnn_neat: Split edge 5→2, new hidden node 8 (pool=10)
2026-08-14 23:52:13,993 [DEBUG] cnn_neat: Split edge 0→5, new hidden node 8 (pool=12)
2026-08-14 23:52:13,996 [DEBUG] cnn_neat: Added edge 6→3 (from 14 candidates)
2026-08-14 23:52:14,006 [DEBUG] cnn_neat: Removed hidden node 4 (pool=5)
2026-08-14 23:52:14,008 [DEBUG] cnn_neat: Removed edge 4→6 (from 11 candidates)
2026-08-14 23:52:14,015 [DEBUG] cnn_neat: Removed 3 edges (requested 3)
2026-08-14 23:52:14,020 [DEBUG] cnn_neat: Split edge 6→7, new hidden node 9 (pool=13)
2026-08-14 23:52:14,028 [DEBUG] cnn_neat: Split edge 5→4, new hidden node 8 (pool=10)
2026-08-14 23:52:14,032 [DEBUG] cnn_neat: Added edge 6→1 (from 13 candidates)
2026-08-14 23:52:14,040 [DEBUG] cnn_neat: Removed hidden node 5 (pool=5)
2026-08-14 23:52:14,043 [DEBUG] cnn_neat: Removed edge 6→2 (from 11 candidates)
2026-08-14 23:52:14,049 [DEBUG] cnn_neat: Removed 3 edges (requested 3)
2026-08-14 23:52:14,055 [DEBUG] cnn_neat: Split edge 6→2, new hidden node 9 (pool=9)
2026-08-14 23:52:14,064 [DEBUG] cnn_neat: Split edge 4→6, new hidden node 8 (pool=13)
2026-08-14 23:52:14,070 [DEBUG] cnn_neat: Added edge 0→7 (from 14 candidates)
2026-08-14 23:52:14,083 [DEBUG] cnn_neat: Removed hidden node 5 (pool=5)
2026-08-14 23:52:14,087 [DEBUG] cnn_neat: Removed edge 5→7 (from 12 candidates)
2026-08-14 23:52:14,094 [DEBUG] cnn_neat: Removed 3 edges (requested 3)
2026-08-14 23:52:14,098 [DEBUG] cnn_neat: Split edge 8→6, new hidden node 9 (pool=11)
2026-08-14 23:52:14,102 [DEBUG] cnn_neat: Split edge 0→4, new hidden node 8 (pool=10)
2026-08-14 23:52:14,110 [DEBUG] cnn_neat: Added edge 8→3 (from 20 candidates)
2026-08-14 23:52:14,116 [DEBUG] cnn_neat: Added edge 0→3 (from 21 candidates)
2026-08-14 23:52:14,126 [DEBUG] cnn_neat: Split edge 5→2, new hidden node 8 (pool=7)
2026-08-14 23:52:14,248 [DEBUG] cnn_neat: Added edge 7→5 (from 8 candidates)
2026-08-14 23:52:14,254 [DEBUG] cnn_neat: Removed hidden node 6 (pool=3)
2026-08-14 23:52:14,257 [DEBUG] cnn_neat: Removed edge 6→2 (from 6 candidates)
2026-08-14 23:52:14,266 [DEBUG] cnn_neat: Removed 3 edges (requested 3)
2026-08-14 23:52:14,268 [DEBUG] cnn_neat: Split edge 5→8, new hidden node 9 (pool=8)
2026-08-14 23:52:14,270 [DEBUG] cnn_neat: Split edge 0→5, new hidden node 8 (pool=8)
2026-08-14 23:52:14,271 [DEBUG] cnn_neat: Split edge 7→6, new hidden node 8 (pool=6)
2026-08-14 23:52:14,280 [DEBUG] cnn_neat: Split edge 7→6, new hidden node 8 (pool=8)
2026-08-14 23:52:14,287 [DEBUG] cnn_neat: Added edge 6→1 (from 6 candidates)
2026-08-14 23:52:14,296 [DEBUG] cnn_neat: Removed hidden node 6 (pool=3)
2026-08-14 23:52:14,303 [DEBUG] cnn_neat: Removed edge 5→7 (from 7 candidates)
2026-08-14 23:52:14,309 [DEBUG] cnn_neat: Removed 3 edges (requested 3)
2026-08-14 23:52:14,312 [DEBUG] cnn_neat: Split edge 6→2, new hidden node 9 (pool=9)
2026-08-14 23:52:14,314 [DEBUG] cnn_neat: Split edge 6→2, new hidden node 8 (pool=9)
2026-08-14 23:52:14,321 [DEBUG] cnn_neat: Split edge 2→1, new hidden node 8 (pool=5)
2026-08-14 23:52:14,329 [DEBUG] cnn_neat: Split edge 6→3, new hidden node 8 (pool=11)
2026-08-14 23:52:14,331 [DEBUG] cnn_neat: Added edge 7→5 (from 18 candidates)
2026-08-14 23:52:14,336 [DEBUG] cnn_neat: Removed hidden node 4 (pool=5)
2026-08-14 23:52:14,340 [DEBUG] cnn_neat: Removed edge 6→2 (from 10 candidates)
2026-08-14 23:52:14,348 [DEBUG] cnn_neat: Removed 3 edges (requested 3)
2026-08-14 23:52:14,352 [DEBUG] cnn_neat: Split edge 2→3, new hidden node 9 (pool=9)
2026-08-14 23:52:14,360 [DEBUG] cnn_neat: Split edge 0→5, new hidden node 8 (pool=12)
2026-08-14 23:52:14,363 [DEBUG] cnn_neat: Split edge 0→5, new hidden node 8 (pool=3)
2026-08-14 23:52:14,368 [DEBUG] cnn_neat: Split edge 7→3, new hidden node 8 (pool=14)
2026-08-14 23:52:14,371 [DEBUG] cnn_neat: Added edge 6→1 (from 6 candidates)
2026-08-14 23:52:14,377 [DEBUG] cnn_neat: Removed hidden node 5 (pool=4)
2026-08-14 23:52:14,381 [DEBUG] cnn_neat: Removed edge 7→2 (from 13 candidates)
2026-08-14 23:52:14,388 [DEBUG] cnn_neat: Removed 3 edges (requested 3)
2026-08-14 23:52:14,397 [DEBUG] cnn_neat: Split edge 7→2, new hidden node 9 (pool=13)
2026-08-14 23:52:14,401 [DEBUG] cnn_neat: Split edge 0→3, new hidden node 8 (pool=9)
2026-08-14 23:52:14,410 [DEBUG] cnn_neat: Split edge 5→6, new hidden node 7 (pool=8)
2026-08-14 23:52:14,412 [DEBUG] cnn_neat: Added edge 6→1 (from 6 candidates)
2026-08-14 23:52:14,414 [DEBUG] cnn_neat: Removed hidden node 5 (pool=3)
2026-08-14 23:52:14,416 [DEBUG] cnn_neat: Removed edge 5→2 (from 7 candidates)
2026-08-14 23:52:14,423 [DEBUG] cnn_neat: Removed 3 edges (requested 3)
2026-08-14 23:52:14,426 [DEBUG] cnn_neat: Split edge 2→3, new hidden node 8 (pool=9)
2026-08-14 23:52:14,427 [DEBUG] cnn_neat: Split edge 6→3, new hidden node 7 (pool=5)
2026-08-14 23:52:14,431 [DEBUG] cnn_neat: Split edge 5→2, new hidden node 7 (pool=6)
2026-08-14 23:52:14,433 [DEBUG] cnn_neat: Added edge 0→2 (from 3 candidates)
2026-08-14 23:52:14,436 [DEBUG] cnn_neat: Removed hidden node 5 (pool=2)
2026-08-14 23:52:14,437 [DEBUG] cnn_neat: Removed edge 0→5 (from 5 candidates)
2026-08-14 23:52:14,444 [DEBUG] cnn_neat: Removed 3 edges (requested 3)
2026-08-14 23:52:14,446 [DEBUG] cnn_neat: Split edge 0→6, new hidden node 8 (pool=7)
2026-08-14 23:52:14,454 [DEBUG] cnn_neat: Split edge 5→6, new hidden node 7 (pool=7)
2026-08-14 23:52:14,459 [DEBUG] cnn_neat: Added edge 0→7 (from 8 candidates)
2026-08-14 23:52:14,584 [DEBUG] cnn_neat: Added edge 0→1 (from 3 candidates)
2026-08-14 23:52:14,594 [DEBUG] cnn_neat: Split edge 2→1, new hidden node 7 (pool=6)
2026-08-14 23:52:14,599 [DEBUG] cnn_neat: Added edge 0→3 (from 5 candidates)
2026-08-14 23:52:14,604 [DEBUG] cnn_neat: Removed hidden node 5 (pool=3)
2026-08-14 23:52:14,607 [DEBUG] cnn_neat: Removed edge 0→6 (from 6 candidates)
2026-08-14 23:52:14,615 [DEBUG] cnn_neat: Removed 3 edges (requested 3)
2026-08-14 23:52:14,621 [DEBUG] cnn_neat: Split edge 2→7, new hidden node 8 (pool=8)
2026-08-14 23:52:14,626 [DEBUG] cnn_neat: Split edge 2→1, new hidden node 7 (pool=5)
2026-08-14 23:52:14,627 [DEBUG] cnn_neat: Split edge 0→6, new hidden node 7 (pool=4)
2026-08-14 23:52:14,630 [DEBUG] cnn_neat: Split edge 0→6, new hidden node 7 (pool=9)
2026-08-14 23:52:14,632 [DEBUG] cnn_neat: Added edge 0→4 (from 11 candidates)
2026-08-14 23:52:14,639 [DEBUG] cnn_neat: Removed hidden node 6 (pool=4)
2026-08-14 23:52:14,641 [DEBUG] cnn_neat: Removed edge 0→6 (from 8 candidates)
2026-08-14 23:52:14,648 [DEBUG] cnn_neat: Removed 3 edges (requested 3)
2026-08-14 23:52:14,655 [DEBUG] cnn_neat: Split edge 0→4, new hidden node 7 (pool=10)
2026-08-14 23:52:14,660 [DEBUG] cnn_neat: Split edge 2→3, new hidden node 7 (pool=8)
2026-08-14 23:52:14,662 [DEBUG] cnn_neat: Split edge 5→2, new hidden node 7 (pool=4)
2026-08-14 23:52:14,671 [DEBUG] cnn_neat: Split edge 5→2, new hidden node 7 (pool=9)
2026-08-14 23:52:14,673 [DEBUG] cnn_neat: Added edge 0→2 (from 5 candidates)
2026-08-14 23:52:14,676 [DEBUG] cnn_neat: Removed hidden node 6 (pool=3)
2026-08-14 23:52:14,677 [DEBUG] cnn_neat: Removed edge 0→5 (from 8 candidates)
2026-08-14 23:52:14,684 [DEBUG] cnn_neat: Removed 3 edges (requested 3)
2026-08-14 23:52:14,691 [DEBUG] cnn_neat: Split edge 0→5, new hidden node 8 (pool=10)
2026-08-14 23:52:14,696 [DEBUG] cnn_neat: Split edge 6→2, new hidden node 7 (pool=8)
2026-08-14 23:52:14,699 [DEBUG] cnn_neat: Split edge 5→2, new hidden node 7 (pool=5)
2026-08-14 23:52:14,709 [DEBUG] cnn_neat: Split edge 5→6, new hidden node 7 (pool=5)
2026-08-14 23:52:14,711 [DEBUG] cnn_neat: Added edge 4→1 (from 13 candidates)
2026-08-14 23:52:14,714 [DEBUG] cnn_neat: Removed hidden node 5 (pool=4)
2026-08-14 23:52:14,716 [DEBUG] cnn_neat: Removed edge 5→6 (from 7 candidates)
2026-08-14 23:52:14,719 [DEBUG] cnn_neat: Removed 3 edges (requested 3)
2026-08-14 23:52:14,727 [DEBUG] cnn_neat: Split edge 2→1, new hidden node 7 (pool=6)
2026-08-14 23:52:14,732 [DEBUG] cnn_neat: Split edge 0→6, new hidden node 7 (pool=3)
2026-08-14 23:52:14,738 [DEBUG] cnn_neat: Added edge 3→1 (from 12 candidates)
2026-08-14 23:52:14,742 [DEBUG] cnn_neat: Added edge 6→1 (from 17 candidates)
2026-08-14 23:52:14,751 [DEBUG] cnn_neat: Split edge 2→1, new hidden node 8 (pool=7)
2026-08-14 23:52:14,869 [DEBUG] cnn_neat: Added edge 2→3 (from 9 candidates)
2026-08-14 23:52:14,879 [DEBUG] cnn_neat: Removed hidden node 5 (pool=4)
2026-08-14 23:52:14,881 [DEBUG] cnn_neat: Removed edge 0→5 (from 7 candidates)
2026-08-14 23:52:14,884 [DEBUG] cnn_neat: Removed 3 edges (requested 3)
2026-08-14 23:52:14,890 [DEBUG] cnn_neat: Split edge 5→2, new hidden node 9 (pool=10)
2026-08-14 23:52:14,895 [DEBUG] cnn_neat: Split edge 2→1, new hidden node 8 (pool=8)
2026-08-14 23:52:14,900 [DEBUG] cnn_neat: Split edge 5→6, new hidden node 8 (pool=6)
2026-08-14 23:52:14,908 [DEBUG] cnn_neat: Split edge 5→6, new hidden node 8 (pool=9)
2026-08-14 23:52:14,911 [DEBUG] cnn_neat: Added edge 5→7 (from 14 candidates)
2026-08-14 23:52:14,919 [DEBUG] cnn_neat: Removed hidden node 5 (pool=4)
2026-08-14 23:52:14,921 [DEBUG] cnn_neat: Removed edge 6→2 (from 8 candidates)
2026-08-14 23:52:14,924 [DEBUG] cnn_neat: Removed 3 edges (requested 3)
2026-08-14 23:52:14,926 [DEBUG] cnn_neat: Split edge 5→2, new hidden node 9 (pool=10)
2026-08-14 23:52:14,930 [DEBUG] cnn_neat: Split edge 5→2, new hidden node 8 (pool=9)
2026-08-14 23:52:14,932 [DEBUG] cnn_neat: Added edge 0→3 (from 10 candidates)
2026-08-14 23:52:14,938 [DEBUG] cnn_neat: Removed hidden node 3 (pool=4)
2026-08-14 23:52:14,943 [DEBUG] cnn_neat: Removed edge 5→6 (from 8 candidates)
2026-08-14 23:52:14,952 [DEBUG] cnn_neat: Removed 3 edges (requested 3)
2026-08-14 23:52:14,956 [DEBUG] cnn_neat: Split edge 6→2, new hidden node 9 (pool=10)
2026-08-14 23:52:14,960 [DEBUG] cnn_neat: Split edge 0→6, new hidden node 8 (pool=5)
2026-08-14 23:52:14,963 [DEBUG] cnn_neat: Added edge 3→1 (from 17 candidates)
2026-08-14 23:52:14,972 [DEBUG] cnn_neat: Removed hidden node 6 (pool=5)
2026-08-14 23:52:14,977 [DEBUG] cnn_neat: Removed edge 0→6 (from 6 candidates)
2026-08-14 23:52:14,988 [DEBUG] cnn_neat: Removed 3 edges (requested 3)
2026-08-14 23:52:14,992 [DEBUG] cnn_neat: Split edge 2→1, new hidden node 9 (pool=7)
2026-08-14 23:52:14,996 [DEBUG] cnn_neat: Split edge 6→2, new hidden node 8 (pool=3)
2026-08-14 23:52:15,000 [DEBUG] cnn_neat: Added edge 8→5 (from 26 candidates)
2026-08-14 23:52:15,002 [DEBUG] cnn_neat: Added edge 4→1 (from 26 candidates)
2026-08-14 23:52:15,007 [DEBUG] cnn_neat: Split edge 2→1, new hidden node 8 (pool=10)
2026-08-14 23:52:15,012 [DEBUG] cnn_neat: Added edge 0→3 (from 13 candidates)
2026-08-14 23:52:15,019 [DEBUG] cnn_neat: Removed hidden node 7 (pool=4)
2026-08-14 23:52:15,024 [DEBUG] cnn_neat: Removed edge 2→3 (from 9 candidates)
2026-08-14 23:52:15,154 [DEBUG] cnn_neat: Removed 3 edges (requested 3)
2026-08-14 23:52:15,160 [DEBUG] cnn_neat: Split edge 6→3, new hidden node 9 (pool=11)
2026-08-14 23:52:15,162 [DEBUG] cnn_neat: Split edge 7→3, new hidden node 8 (pool=11)
2026-08-14 23:52:15,170 [DEBUG] cnn_neat: Split edge 6→2, new hidden node 8 (pool=6)
2026-08-14 23:52:15,176 [DEBUG] cnn_neat: Added edge 3→1 (from 14 candidates)
2026-08-14 23:52:15,180 [DEBUG] cnn_neat: Removed hidden node 7 (pool=5)
2026-08-14 23:52:15,182 [DEBUG] cnn_neat: Removed edge 2→4 (from 7 candidates)
2026-08-14 23:52:15,190 [DEBUG] cnn_neat: Removed 3 edges (requested 3)
2026-08-14 23:52:15,192 [DEBUG] cnn_neat: Split edge 5→6, new hidden node 9 (pool=8)
2026-08-14 23:52:15,195 [DEBUG] cnn_neat: Split edge 2→1, new hidden node 8 (pool=6)
2026-08-14 23:52:15,197 [DEBUG] cnn_neat: Split edge 6→2, new hidden node 8 (pool=4)
2026-08-14 23:52:15,201 [DEBUG] cnn_neat: Split edge 0→6, new hidden node 8 (pool=7)
2026-08-14 23:52:15,208 [DEBUG] cnn_neat: Added edge 3→1 (from 13 candidates)
2026-08-14 23:52:15,211 [DEBUG] cnn_neat: Removed hidden node 7 (pool=4)
2026-08-14 23:52:15,213 [DEBUG] cnn_neat: Removed edge 5→2 (from 7 candidates)
2026-08-14 23:52:15,218 [DEBUG] cnn_neat: Removed 3 edges (requested 3)
2026-08-14 23:52:15,222 [DEBUG] cnn_neat: Split edge 7→3, new hidden node 9 (pool=8)
2026-08-14 23:52:15,226 [DEBUG] cnn_neat: Split edge 5→6, new hidden node 8 (pool=7)
2026-08-14 23:52:15,232 [DEBUG] cnn_neat: Split edge 0→5, new hidden node 8 (pool=7)
2026-08-14 23:52:15,234 [DEBUG] cnn_neat: Added edge 7→1 (from 12 candidates)
2026-08-14 23:52:15,237 [DEBUG] cnn_neat: Removed hidden node 5 (pool=4)
2026-08-14 23:52:15,238 [DEBUG] cnn_neat: Removed edge 6→7 (from 7 candidates)
2026-08-14 23:52:15,244 [DEBUG] cnn_neat: Removed 3 edges (requested 3)
2026-08-14 23:52:15,249 [DEBUG] cnn_neat: Split edge 5→2, new hidden node 9 (pool=8)
2026-08-14 23:52:15,252 [DEBUG] cnn_neat: Split edge 6→2, new hidden node 8 (pool=8)
2026-08-14 23:52:15,260 [DEBUG] cnn_neat: Added edge 3→7 (from 18 candidates)
2026-08-14 23:52:15,262 [DEBUG] cnn_neat: Added edge 5→7 (from 10 candidates)
2026-08-14 23:52:15,302 [DEBUG] cnn_neat: Split edge 5→6, new hidden node 8 (pool=7)
2026-08-14 23:52:15,305 [DEBUG] cnn_neat: Added edge 0→7 (from 13 candidates)
2026-08-14 23:52:15,316 [DEBUG] cnn_neat: Removed hidden node 6 (pool=4)
2026-08-14 23:52:15,323 [DEBUG] cnn_neat: Removed edge 0→6 (from 7 candidates)
2026-08-14 23:52:15,330 [DEBUG] cnn_neat: Removed 3 edges (requested 3)
2026-08-14 23:52:15,334 [DEBUG] cnn_neat: Split edge 5→2, new hidden node 9 (pool=8)
2026-08-14 23:52:15,485 [DEBUG] cnn_neat: Split edge 0→6, new hidden node 8 (pool=9)
2026-08-14 23:52:15,488 [DEBUG] cnn_neat: Added edge 7→5 (from 14 candidates)
2026-08-14 23:52:15,494 [DEBUG] cnn_neat: Removed hidden node 7 (pool=4)
2026-08-14 23:52:15,497 [DEBUG] cnn_neat: Removed edge 2→3 (from 8 candidates)
2026-08-14 23:52:15,502 [DEBUG] cnn_neat: Removed 3 edges (requested 3)
2026-08-14 23:52:15,506 [DEBUG] cnn_neat: Split edge 6→3, new hidden node 9 (pool=10)
2026-08-14 23:52:15,509 [DEBUG] cnn_neat: Split edge 0→5, new hidden node 8 (pool=10)
2026-08-14 23:52:15,515 [DEBUG] cnn_neat: Split edge 5→2, new hidden node 7 (pool=6)
2026-08-14 23:52:15,518 [DEBUG] cnn_neat: Added edge 0→4 (from 8 candidates)
2026-08-14 23:52:15,526 [DEBUG] cnn_neat: Removed hidden node 4 (pool=4)
2026-08-14 23:52:15,528 [DEBUG] cnn_neat: Removed edge 6→2 (from 6 candidates)
2026-08-14 23:52:15,533 [DEBUG] cnn_neat: Removed 3 edges (requested 3)
2026-08-14 23:52:15,536 [DEBUG] cnn_neat: Split edge 2→4, new hidden node 8 (pool=7)
2026-08-14 23:52:15,540 [DEBUG] cnn_neat: Split edge 0→5, new hidden node 7 (pool=10)
2026-08-14 23:52:15,545 [DEBUG] cnn_neat: Split edge 5→6, new hidden node 9 (pool=5)
2026-08-14 23:52:15,548 [DEBUG] cnn_neat: Added edge 0→8 (from 16 candidates)
2026-08-14 23:52:15,557 [DEBUG] cnn_neat: Removed hidden node 7 (pool=5)
2026-08-14 23:52:15,560 [DEBUG] cnn_neat: Removed edge 2→7 (from 6 candidates)
2026-08-14 23:52:15,566 [DEBUG] cnn_neat: Removed 3 edges (requested 3)
2026-08-14 23:52:15,569 [DEBUG] cnn_neat: Split edge 2→1, new hidden node 10 (pool=6)
2026-08-14 23:52:15,575 [DEBUG] cnn_neat: Split edge 6→3, new hidden node 9 (pool=8)
2026-08-14 23:52:15,578 [DEBUG] cnn_neat: Added edge 2→8 (from 20 candidates)
2026-08-14 23:52:15,583 [DEBUG] cnn_neat: Removed hidden node 6 (pool=5)
2026-08-14 23:52:15,585 [DEBUG] cnn_neat: Removed edge 0→6 (from 9 candidates)
2026-08-14 23:52:15,592 [DEBUG] cnn_neat: Removed 3 edges (requested 3)
2026-08-14 23:52:15,595 [DEBUG] cnn_neat: Split edge 0→6, new hidden node 10 (pool=9)
2026-08-14 23:52:15,598 [DEBUG] cnn_neat: Split edge 2→1, new hidden node 9 (pool=9)
2026-08-14 23:52:15,603 [DEBUG] cnn_neat: Split edge 2→1, new hidden node 8 (pool=10)
2026-08-14 23:52:15,606 [DEBUG] cnn_neat: Added edge 3→1 (from 12 candidates)
2026-08-14 23:52:15,612 [DEBUG] cnn_neat: Removed hidden node 5 (pool=4)
2026-08-14 23:52:15,615 [DEBUG] cnn_neat: Removed edge 0→5 (from 9 candidates)
2026-08-14 23:52:15,620 [DEBUG] cnn_neat: Removed 3 edges (requested 3)
2026-08-14 23:52:15,623 [DEBUG] cnn_neat: Split edge 8→1, new hidden node 9 (pool=11)
2026-08-14 23:52:15,629 [DEBUG] cnn_neat: Split edge 5→2, new hidden node 9 (pool=5)
2026-08-14 23:52:15,632 [DEBUG] cnn_neat: Added edge 0→7 (from 16 candidates)
2026-08-14 23:52:15,641 [DEBUG] cnn_neat: Removed hidden node 8 (pool=5)
2026-08-14 23:52:15,644 [DEBUG] cnn_neat: Removed edge 8→3 (from 6 candidates)
2026-08-14 23:52:15,649 [DEBUG] cnn_neat: Removed 3 edges (requested 3)
2026-08-14 23:52:15,653 [DEBUG] cnn_neat: Split edge 6→2, new hidden node 10 (pool=7)
2026-08-14 23:52:15,659 [DEBUG] cnn_neat: Split edge 5→6, new hidden node 9 (pool=5)
2026-08-14 23:52:15,662 [DEBUG] cnn_neat: Added edge 8→1 (from 16 candidates)
2026-08-14 23:52:15,668 [DEBUG] cnn_neat: Removed hidden node 8 (pool=5)
2026-08-14 23:52:15,671 [DEBUG] cnn_neat: Removed edge 6→8 (from 7 candidates)
2026-08-14 23:52:15,672 [DEBUG] cnn_neat: Saved generation 6
2026-08-14 23:52:15,738 [DEBUG] cnn_neat: Selected 25 elite individuals
2026-08-14 23:52:15,750 [DEBUG] cnn_neat: Removed 3 edges (requested 3)
2026-08-14 23:52:15,766 [DEBUG] cnn_neat: Split edge 5→9, new hidden node 10 (pool=6)
2026-08-14 23:52:15,823 [DEBUG] cnn_neat: Split edge 5→2, new hidden node 8 (pool=7)
2026-08-14 23:52:15,837 [DEBUG] cnn_neat: Added edge 7→1 (from 18 candidates)
2026-08-14 23:52:15,856 [DEBUG] cnn_neat: Removed hidden node 3 (pool=5)
2026-08-14 23:52:15,864 [DEBUG] cnn_neat: Removed edge 7→3 (from 7 candidates)
2026-08-14 23:52:15,877 [DEBUG] cnn_neat: Removed 3 edges (requested 3)
2026-08-14 23:52:15,888 [DEBUG] cnn_neat: Split edge 2→4, new hidden node 9 (pool=8)
2026-08-14 23:52:15,895 [DEBUG] cnn_neat: Split edge 7→3, new hidden node 8 (pool=8)
2026-08-14 23:52:15,903 [DEBUG] cnn_neat: Split edge 0→5, new hidden node 9 (pool=5)
2026-08-14 23:52:15,909 [DEBUG] cnn_neat: Added edge 6→7 (from 13 candidates)
2026-08-14 23:52:15,917 [DEBUG] cnn_neat: Removed hidden node 5 (pool=5)
2026-08-14 23:52:15,921 [DEBUG] cnn_neat: Removed edge 5→6 (from 7 candidates)
2026-08-14 23:52:15,931 [DEBUG] cnn_neat: Removed 3 edges (requested 3)
2026-08-14 23:52:15,932 [DEBUG] cnn_neat: Trimmed elite queue to 128 entries
2026-08-14 23:52:16,187 [DEBUG] cnn_neat: Split edge 5→2, new hidden node 10 (pool=7)
2026-08-14 23:52:16,188 [DEBUG] cnn_neat: Split edge 0→3, new hidden node 8 (pool=13)
2026-08-14 23:52:16,190 [DEBUG] cnn_neat: Added edge 7→1 (from 7 candidates)
2026-08-14 23:52:16,194 [DEBUG] cnn_neat: Removed hidden node 6 (pool=4)
2026-08-14 23:52:16,197 [DEBUG] cnn_neat: Removed edge 0→6 (from 12 candidates)
2026-08-14 23:52:16,201 [DEBUG] cnn_neat: Removed 3 edges (requested 3)
2026-08-14 23:52:16,204 [DEBUG] cnn_neat: Crossover rejected: union topology invalid (edges=24 nodes=12)
2026-08-14 23:52:16,206 [DEBUG] cnn_neat: Split edge 7→2, new hidden node 8 (pool=13)
2026-08-14 23:52:16,209 [DEBUG] cnn_neat: Added edge 7→1 (from 7 candidates)
2026-08-14 23:52:16,211 [DEBUG] cnn_neat: Added edge 5→2 (from 6 candidates)
2026-08-14 23:52:16,214 [DEBUG] cnn_neat: Added edge 5→1 (from 5 candidates)
2026-08-14 23:52:16,217 [DEBUG] cnn_neat: Added edge 0→2 (from 4 candidates)
2026-08-14 23:52:16,219 [DEBUG] cnn_neat: Added edge 6→1 (from 2 candidates)
2026-08-14 23:52:16,223 [DEBUG] cnn_neat: Split edge 6→2, new hidden node 9 (pool=8)
2026-08-14 23:52:16,226 [DEBUG] cnn_neat: Added edge 2→3 (from 19 candidates)
2026-08-14 23:52:16,230 [DEBUG] cnn_neat: Removed hidden node 6 (pool=6)
2026-08-14 23:52:16,233 [DEBUG] cnn_neat: Removed edge 6→3 (from 12 candidates)
2026-08-14 23:52:16,237 [DEBUG] cnn_neat: Removed 3 edges (requested 3)
2026-08-14 23:52:16,240 [DEBUG] cnn_neat: Crossover rejected: union topology invalid (edges=25 nodes=15)
2026-08-14 23:52:16,244 [DEBUG] cnn_neat: Split edge 4→6, new hidden node 9 (pool=8)
2026-08-14 23:52:16,247 [DEBUG] cnn_neat: Added edge 0→2 (from 19 candidates)
2026-08-14 23:52:16,250 [DEBUG] cnn_neat: Added edge 2→3 (from 22 candidates)
2026-08-14 23:52:16,252 [DEBUG] cnn_neat: Added edge 5→1 (from 21 candidates)
2026-08-14 23:52:16,256 [DEBUG] cnn_neat: Added edge 0→6 (from 20 candidates)
2026-08-14 23:52:16,259 [DEBUG] cnn_neat: Added edge 8→6 (from 16 candidates)
2026-08-14 23:52:16,263 [DEBUG] cnn_neat: Split edge 5→2, new hidden node 8 (pool=10)
2026-08-14 23:52:16,266 [DEBUG] cnn_neat: Added edge 7→2 (from 15 candidates)
2026-08-14 23:52:16,270 [DEBUG] cnn_neat: Removed hidden node 7 (pool=5)
2026-08-14 23:52:16,272 [DEBUG] cnn_neat: Split edge 5→2, new hidden node 7 (pool=10)
2026-08-14 23:52:16,274 [DEBUG] cnn_neat: Added edge 7→6 (from 17 candidates)
2026-08-14 23:52:16,277 [DEBUG] cnn_neat: Removed edge 5→6 (from 11 candidates)
2026-08-14 23:52:16,281 [DEBUG] cnn_neat: Removed 3 edges (requested 3)
2026-08-14 23:52:16,284 [DEBUG] cnn_neat: Crossover rejected: union topology invalid (edges=22 nodes=13)
2026-08-14 23:52:16,287 [DEBUG] cnn_neat: Split edge 2→3, new hidden node 8 (pool=10)
2026-08-14 23:52:16,289 [DEBUG] cnn_neat: Added edge 5→3 (from 15 candidates)
2026-08-14 23:52:16,292 [DEBUG] cnn_neat: Added edge 7→6 (from 14 candidates)
2026-08-14 23:52:16,294 [DEBUG] cnn_neat: Added edge 4→2 (from 13 candidates)
2026-08-14 23:52:16,297 [DEBUG] cnn_neat: Added edge 0→6 (from 12 candidates)
2026-08-14 23:52:16,300 [DEBUG] cnn_neat: Added edge 0→3 (from 11 candidates)
2026-08-14 23:52:16,303 [DEBUG] cnn_neat: Split edge 4→8, new hidden node 9 (pool=11)
2026-08-14 23:52:16,306 [DEBUG] cnn_neat: Added edge 0→7 (from 20 candidates)
2026-08-14 23:52:16,311 [DEBUG] cnn_neat: Removed hidden node 3 (pool=6)
2026-08-14 23:52:16,313 [DEBUG] cnn_neat: Removed edge 0→5 (from 11 candidates)
2026-08-14 23:52:16,318 [DEBUG] cnn_neat: Removed 3 edges (requested 3)
2026-08-14 23:52:16,321 [DEBUG] cnn_neat: Crossover rejected: union topology invalid (edges=24 nodes=15)
2026-08-14 23:52:16,324 [DEBUG] cnn_neat: Split edge 6→3, new hidden node 9 (pool=11)
2026-08-14 23:52:16,327 [DEBUG] cnn_neat: Added edge 0→3 (from 20 candidates)
2026-08-14 23:52:16,330 [DEBUG] cnn_neat: Added edge 5→8 (from 23 candidates)
2026-08-14 23:52:16,333 [DEBUG] cnn_neat: Added edge 5→4 (from 22 candidates)
2026-08-14 23:52:16,335 [DEBUG] cnn_neat: Added edge 7→1 (from 21 candidates)
2026-08-14 23:52:16,338 [DEBUG] cnn_neat: Added edge 4→1 (from 20 candidates)
2026-08-14 23:52:16,341 [DEBUG] cnn_neat: Split edge 4→6, new hidden node 7 (pool=8)
2026-08-14 23:52:16,343 [DEBUG] cnn_neat: Added edge 0→3 (from 9 candidates)
2026-08-14 23:52:16,347 [DEBUG] cnn_neat: Removed hidden node 6 (pool=4)
2026-08-14 23:52:16,349 [DEBUG] cnn_neat: Split edge 2→1, new hidden node 6 (pool=5)
2026-08-14 23:52:16,351 [DEBUG] cnn_neat: Removed edge 2→3 (from 8 candidates)
2026-08-14 23:52:16,355 [DEBUG] cnn_neat: Removed 3 edges (requested 3)
2026-08-14 23:52:16,357 [DEBUG] cnn_neat: Crossover rejected: copied edge has no live Conv2d
2026-08-14 23:52:16,360 [DEBUG] cnn_neat: Split edge 2→1, new hidden node 7 (pool=8)
2026-08-14 23:52:16,362 [DEBUG] cnn_neat: Added edge 0→6 (from 9 candidates)
2026-08-14 23:52:16,365 [DEBUG] cnn_neat: Added edge 4→2 (from 7 candidates)
2026-08-14 23:52:16,368 [DEBUG] cnn_neat: Added edge 3→1 (from 6 candidates)
2026-08-14 23:52:16,371 [DEBUG] cnn_neat: Added edge 6→3 (from 5 candidates)
2026-08-14 23:52:16,374 [DEBUG] cnn_neat: Added edge 0→2 (from 7 candidates)
2026-08-14 23:52:16,376 [DEBUG] cnn_neat: Split edge 2→1, new hidden node 7 (pool=10)
2026-08-14 23:52:16,379 [DEBUG] cnn_neat: Added edge 4→2 (from 11 candidates)
2026-08-14 23:52:16,383 [DEBUG] cnn_neat: Removed hidden node 3 (pool=4)
2026-08-14 23:52:16,385 [DEBUG] cnn_neat: Split edge 5→2, new hidden node 7 (pool=8)
2026-08-14 23:52:16,387 [DEBUG] cnn_neat: Removed edge 5→4 (from 9 candidates)
2026-08-14 23:52:16,392 [DEBUG] cnn_neat: Removed 3 edges (requested 3)
2026-08-14 23:52:16,395 [DEBUG] cnn_neat: Crossover rejected: union topology invalid (edges=23 nodes=14)
2026-08-14 23:52:16,397 [DEBUG] cnn_neat: Split edge 5→3, new hidden node 7 (pool=10)
2026-08-14 23:52:16,399 [DEBUG] cnn_neat: Added edge 2→3 (from 11 candidates)
2026-08-14 23:52:16,402 [DEBUG] cnn_neat: Added edge 3→1 (from 9 candidates)
2026-08-14 23:52:16,405 [DEBUG] cnn_neat: Added edge 0→2 (from 8 candidates)
2026-08-14 23:52:16,408 [DEBUG] cnn_neat: Added edge 4→1 (from 7 candidates)
2026-08-14 23:52:16,412 [DEBUG] cnn_neat: Added edge 0→3 (from 6 candidates)
2026-08-14 23:52:16,415 [DEBUG] cnn_neat: Split edge 2→1, new hidden node 7 (pool=11)
2026-08-14 23:52:16,417 [DEBUG] cnn_neat: Split edge 5→3, new hidden node 8 (pool=12)
2026-08-14 23:52:16,419 [DEBUG] cnn_neat: Added edge 4→3 (from 9 candidates)
2026-08-14 23:52:16,424 [DEBUG] cnn_neat: Removed hidden node 3 (pool=4)
2026-08-14 23:52:16,426 [DEBUG] cnn_neat: Split edge 5→4, new hidden node 7 (pool=8)
2026-08-14 23:52:16,428 [DEBUG] cnn_neat: Removed edge 5→3 (from 10 candidates)
2026-08-14 23:52:16,431 [DEBUG] cnn_neat: Split edge 0→5, new hidden node 7 (pool=10)
2026-08-14 23:52:16,436 [DEBUG] cnn_neat: Removed 3 edges (requested 3)
2026-08-14 23:52:16,439 [DEBUG] cnn_neat: Crossover rejected: union topology invalid (edges=24 nodes=14)
2026-08-14 23:52:16,441 [DEBUG] cnn_neat: Split edge 0→4, new hidden node 7 (pool=11)
2026-08-14 23:52:16,443 [DEBUG] cnn_neat: Added edge 6→1 (from 9 candidates)
2026-08-14 23:52:16,446 [DEBUG] cnn_neat: Added edge 4→1 (from 8 candidates)
2026-08-14 23:52:16,449 [DEBUG] cnn_neat: Added edge 5→1 (from 7 candidates)
2026-08-14 23:52:16,452 [DEBUG] cnn_neat: Added edge 4→3 (from 6 candidates)
2026-08-14 23:52:16,455 [DEBUG] cnn_neat: Added edge 3→1 (from 5 candidates)
2026-08-14 23:52:16,458 [DEBUG] cnn_neat: Split edge 5→6, new hidden node 8 (pool=11)
2026-08-14 23:52:16,514 [DEBUG] cnn_neat: Split edge 6→7, new hidden node 8 (pool=13)
2026-08-14 23:52:16,578 [DEBUG] cnn_neat: Added edge 0→2 (from 7 candidates)
2026-08-14 23:52:16,633 [DEBUG] cnn_neat: Removed hidden node 7 (pool=4)
2026-08-14 23:52:16,638 [DEBUG] cnn_neat: Removed edge 7→2 (from 12 candidates)
2026-08-14 23:52:16,650 [DEBUG] cnn_neat: Removed 3 edges (requested 3)
2026-08-14 23:52:16,656 [DEBUG] cnn_neat: Split edge 7→2, new hidden node 9 (pool=14)
2026-08-14 23:52:16,666 [DEBUG] cnn_neat: Split edge 4→6, new hidden node 7 (pool=11)
2026-08-14 23:52:16,671 [DEBUG] cnn_neat: Added edge 5→1 (from 9 candidates)
2026-08-14 23:52:16,681 [DEBUG] cnn_neat: Removed hidden node 5 (pool=4)
2026-08-14 23:52:16,686 [DEBUG] cnn_neat: Removed edge 0→5 (from 10 candidates)
2026-08-14 23:52:16,697 [DEBUG] cnn_neat: Removed 3 edges (requested 3)
2026-08-14 23:52:16,705 [DEBUG] cnn_neat: Split edge 0→5, new hidden node 8 (pool=11)
2026-08-14 23:52:16,713 [DEBUG] cnn_neat: Split edge 0→5, new hidden node 7 (pool=10)
2026-08-14 23:52:16,718 [DEBUG] cnn_neat: Added edge 0→3 (from 9 candidates)
2026-08-14 23:52:16,727 [DEBUG] cnn_neat: Removed hidden node 3 (pool=3)
2026-08-14 23:52:16,732 [DEBUG] cnn_neat: Removed edge 6→3 (from 8 candidates)
2026-08-14 23:52:16,740 [DEBUG] cnn_neat: Removed 3 edges (requested 3)
2026-08-14 23:52:16,748 [DEBUG] cnn_neat: Split edge 2→3, new hidden node 8 (pool=11)
2026-08-14 23:52:16,757 [DEBUG] cnn_neat: Split edge 6→3, new hidden node 9 (pool=8)
2026-08-14 23:52:16,982 [DEBUG] cnn_neat: Added edge 0→7 (from 19 candidates)
2026-08-14 23:52:17,020 [DEBUG] cnn_neat: Removed hidden node 8 (pool=6)
2026-08-14 23:52:17,037 [DEBUG] cnn_neat: Removed edge 4→6 (from 12 candidates)
2026-08-14 23:52:17,063 [DEBUG] cnn_neat: Removed 3 edges (requested 3)
2026-08-14 23:52:17,078 [DEBUG] cnn_neat: Split edge 0→5, new hidden node 10 (pool=6)
2026-08-14 23:52:17,136 [DEBUG] cnn_neat: Split edge 0→4, new hidden node 7 (pool=10)
2026-08-14 23:52:17,142 [DEBUG] cnn_neat: Added edge 6→1 (from 11 candidates)
2026-08-14 23:52:17,155 [DEBUG] cnn_neat: Removed hidden node 6 (pool=4)
2026-08-14 23:52:17,162 [DEBUG] cnn_neat: Removed edge 6→2 (from 9 candidates)
2026-08-14 23:52:17,173 [DEBUG] cnn_neat: Removed 3 edges (requested 3)
2026-08-14 23:52:17,186 [DEBUG] cnn_neat: Split edge 4→6, new hidden node 8 (pool=11)
2026-08-14 23:52:17,190 [DEBUG] cnn_neat: Split edge 4→6, new hidden node 7 (pool=11)
2026-08-14 23:52:17,196 [DEBUG] cnn_neat: Added edge 6→1 (from 16 candidates)
2026-08-14 23:52:17,199 [DEBUG] cnn_neat: Added edge 0→3 (from 10 candidates)
2026-08-14 23:52:17,207 [DEBUG] cnn_neat: Split edge 6→2, new hidden node 8 (pool=10)
2026-08-14 23:52:17,212 [DEBUG] cnn_neat: Added edge 7→2 (from 15 candidates)
2026-08-14 23:52:17,217 [DEBUG] cnn_neat: Removed hidden node 4 (pool=5)
2026-08-14 23:52:17,221 [DEBUG] cnn_neat: Removed edge 5→6 (from 11 candidates)
2026-08-14 23:52:17,228 [DEBUG] cnn_neat: Removed 3 edges (requested 3)
2026-08-14 23:52:17,233 [DEBUG] cnn_neat: Split edge 5→2, new hidden node 9 (pool=9)
2026-08-14 23:52:17,235 [DEBUG] cnn_neat: Split edge 5→2, new hidden node 8 (pool=8)
2026-08-14 23:52:17,238 [DEBUG] cnn_neat: Split edge 0→4, new hidden node 8 (pool=9)
2026-08-14 23:52:17,245 [DEBUG] cnn_neat: Split edge 7→4, new hidden node 9 (pool=11)
2026-08-14 23:52:17,250 [DEBUG] cnn_neat: Added edge 8→2 (from 20 candidates)
2026-08-14 23:52:17,259 [DEBUG] cnn_neat: Removed hidden node 7 (pool=6)
2026-08-14 23:52:17,264 [DEBUG] cnn_neat: Removed edge 7→4 (from 11 candidates)
2026-08-14 23:52:17,271 [DEBUG] cnn_neat: Removed 3 edges (requested 3)
2026-08-14 23:52:17,276 [DEBUG] cnn_neat: Split edge 6→3, new hidden node 10 (pool=9)
2026-08-14 23:52:17,282 [DEBUG] cnn_neat: Split edge 5→6, new hidden node 7 (pool=10)
2026-08-14 23:52:17,286 [DEBUG] cnn_neat: Added edge 0→3 (from 8 candidates)
2026-08-14 23:52:17,292 [DEBUG] cnn_neat: Removed hidden node 4 (pool=4)
2026-08-14 23:52:17,296 [DEBUG] cnn_neat: Removed edge 2→3 (from 9 candidates)
2026-08-14 23:52:17,303 [DEBUG] cnn_neat: Removed 3 edges (requested 3)
2026-08-14 23:52:17,307 [DEBUG] cnn_neat: Split edge 4→6, new hidden node 7 (pool=8)
2026-08-14 23:52:17,310 [DEBUG] cnn_neat: Split edge 0→5, new hidden node 7 (pool=5)
2026-08-14 23:52:17,314 [DEBUG] cnn_neat: Added edge 0→3 (from 9 candidates)
2026-08-14 23:52:17,316 [DEBUG] cnn_neat: Added edge 3→1 (from 13 candidates)
2026-08-14 23:52:17,326 [DEBUG] cnn_neat: Split edge 5→6, new hidden node 7 (pool=11)
2026-08-14 23:52:17,331 [DEBUG] cnn_neat: Added edge 0→6 (from 9 candidates)
2026-08-14 23:52:17,339 [DEBUG] cnn_neat: Removed hidden node 3 (pool=4)
2026-08-14 23:52:17,343 [DEBUG] cnn_neat: Removed edge 0→4 (from 10 candidates)
2026-08-14 23:52:17,352 [DEBUG] cnn_neat: Removed 3 edges (requested 3)
2026-08-14 23:52:17,360 [DEBUG] cnn_neat: Split edge 6→3, new hidden node 8 (pool=11)
2026-08-14 23:52:17,365 [DEBUG] cnn_neat: Added edge 0→6 (from 16 candidates)
2026-08-14 23:52:17,370 [DEBUG] cnn_neat: Split edge 0→5, new hidden node 9 (pool=8)
2026-08-14 23:52:17,378 [DEBUG] cnn_neat: Removed hidden node 7 (pool=5)
2026-08-14 23:52:17,383 [DEBUG] cnn_neat: Added edge 4→2 (from 19 candidates)
2026-08-14 23:52:17,389 [DEBUG] cnn_neat: Split edge 4→6, new hidden node 10 (pool=14)
2026-08-14 23:52:17,394 [DEBUG] cnn_neat: Removed edge 5→4 (from 11 candidates)
2026-08-14 23:52:17,466 [DEBUG] cnn_neat: Split edge 0→5, new hidden node 8 (pool=8)
2026-08-14 23:52:17,468 [DEBUG] cnn_neat: Added edge 4→3 (from 13 candidates)
2026-08-14 23:52:17,477 [DEBUG] cnn_neat: Removed hidden node 7 (pool=5)
2026-08-14 23:52:17,482 [DEBUG] cnn_neat: Removed edge 0→5 (from 9 candidates)
2026-08-14 23:52:17,490 [DEBUG] cnn_neat: Removed 3 edges (requested 3)
2026-08-14 23:52:17,493 [DEBUG] cnn_neat: Split edge 5→6, new hidden node 8 (pool=10)
2026-08-14 23:52:17,499 [DEBUG] cnn_neat: Split edge 2→1, new hidden node 8 (pool=8)
2026-08-14 23:52:17,503 [DEBUG] cnn_neat: Split edge 6→3, new hidden node 8 (pool=6)
2026-08-14 23:52:17,512 [DEBUG] cnn_neat: Split edge 5→2, new hidden node 8 (pool=8)
2026-08-14 23:52:17,519 [DEBUG] cnn_neat: Added edge 3→1 (from 14 candidates)
2026-08-14 23:52:17,530 [DEBUG] cnn_neat: Removed hidden node 4 (pool=5)
2026-08-14 23:52:17,535 [DEBUG] cnn_neat: Removed edge 4→6 (from 9 candidates)
2026-08-14 23:52:17,543 [DEBUG] cnn_neat: Removed 3 edges (requested 3)
2026-08-14 23:52:17,549 [DEBUG] cnn_neat: Split edge 5→6, new hidden node 9 (pool=12)
2026-08-14 23:52:17,558 [DEBUG] cnn_neat: Split edge 5→6, new hidden node 8 (pool=8)
2026-08-14 23:52:17,567 [DEBUG] cnn_neat: Split edge 6→2, new hidden node 8 (pool=12)
2026-08-14 23:52:17,574 [DEBUG] cnn_neat: Added edge 6→7 (from 15 candidates)
2026-08-14 23:52:17,581 [DEBUG] cnn_neat: Removed hidden node 4 (pool=5)
2026-08-14 23:52:17,588 [DEBUG] cnn_neat: Removed edge 6→2 (from 11 candidates)
2026-08-14 23:52:17,599 [DEBUG] cnn_neat: Removed 3 edges (requested 3)
2026-08-14 23:52:17,604 [DEBUG] cnn_neat: Split edge 4→7, new hidden node 9 (pool=11)
2026-08-14 23:52:17,610 [DEBUG] cnn_neat: Split edge 2→3, new hidden node 8 (pool=13)
2026-08-14 23:52:17,617 [DEBUG] cnn_neat: Split edge 2→1, new hidden node 8 (pool=10)
2026-08-14 23:52:17,623 [DEBUG] cnn_neat: Added edge 2→3 (from 13 candidates)
2026-08-14 23:52:17,630 [DEBUG] cnn_neat: Removed hidden node 3 (pool=5)
2026-08-14 23:52:17,760 [DEBUG] cnn_neat: Removed edge 0→4 (from 11 candidates)
2026-08-14 23:52:17,767 [DEBUG] cnn_neat: Removed 3 edges (requested 3)
2026-08-14 23:52:17,774 [DEBUG] cnn_neat: Split edge 6→3, new hidden node 9 (pool=13)
2026-08-14 23:52:17,779 [DEBUG] cnn_neat: Split edge 5→2, new hidden node 8 (pool=11)
2026-08-14 23:52:17,789 [DEBUG] cnn_neat: Split edge 2→1, new hidden node 8 (pool=12)
2026-08-14 23:52:17,795 [DEBUG] cnn_neat: Added edge 2→7 (from 14 candidates)
2026-08-14 23:52:17,803 [DEBUG] cnn_neat: Removed hidden node 4 (pool=5)
2026-08-14 23:52:17,807 [DEBUG] cnn_neat: Removed edge 5→6 (from 11 candidates)
2026-08-14 23:52:17,817 [DEBUG] cnn_neat: Removed 3 edges (requested 3)
2026-08-14 23:52:17,820 [DEBUG] cnn_neat: Split edge 5→7, new hidden node 8 (pool=13)
2026-08-14 23:52:17,826 [DEBUG] cnn_neat: Split edge 4→6, new hidden node 8 (pool=11)
2026-08-14 23:52:17,830 [DEBUG] cnn_neat: Split edge 5→4, new hidden node 8 (pool=9)
2026-08-14 23:52:17,841 [DEBUG] cnn_neat: Split edge 0→5, new hidden node 8 (pool=10)
2026-08-14 23:52:17,848 [DEBUG] cnn_neat: Added edge 0→6 (from 13 candidates)
2026-08-14 23:52:17,861 [DEBUG] cnn_neat: Removed hidden node 5 (pool=5)
2026-08-14 23:52:17,863 [DEBUG] cnn_neat: Removed edge 7→3 (from 11 candidates)
2026-08-14 23:52:17,877 [DEBUG] cnn_neat: Removed 3 edges (requested 3)
2026-08-14 23:52:17,881 [DEBUG] cnn_neat: Split edge 6→2, new hidden node 9 (pool=13)
2026-08-14 23:52:18,008 [DEBUG] cnn_neat: Split edge 2→1, new hidden node 8 (pool=13)
2026-08-14 23:52:18,019 [DEBUG] cnn_neat: Split edge 2→1, new hidden node 8 (pool=13)
2026-08-14 23:52:18,023 [DEBUG] cnn_neat: Added edge 5→3 (from 14 candidates)
2026-08-14 23:52:18,034 [DEBUG] cnn_neat: Removed hidden node 5 (pool=5)
2026-08-14 23:52:18,036 [DEBUG] cnn_neat: Removed edge 5→4 (from 12 candidates)
2026-08-14 23:52:18,047 [DEBUG] cnn_neat: Removed 3 edges (requested 3)
2026-08-14 23:52:18,053 [DEBUG] cnn_neat: Split edge 7→3, new hidden node 9 (pool=14)
2026-08-14 23:52:18,061 [DEBUG] cnn_neat: Split edge 5→3, new hidden node 8 (pool=8)
2026-08-14 23:52:18,071 [DEBUG] cnn_neat: Split edge 0→4, new hidden node 7 (pool=8)
2026-08-14 23:52:18,076 [DEBUG] cnn_neat: Added edge 6→3 (from 9 candidates)
2026-08-14 23:52:18,084 [DEBUG] cnn_neat: Removed hidden node 4 (pool=4)
2026-08-14 23:52:18,090 [DEBUG] cnn_neat: Removed edge 0→5 (from 8 candidates)
2026-08-14 23:52:18,099 [DEBUG] cnn_neat: Removed 3 edges (requested 3)
2026-08-14 23:52:18,102 [DEBUG] cnn_neat: Split edge 5→2, new hidden node 8 (pool=9)
2026-08-14 23:52:18,106 [DEBUG] cnn_neat: Split edge 4→6, new hidden node 7 (pool=7)
2026-08-14 23:52:18,112 [DEBUG] cnn_neat: Added edge 7→5 (from 16 candidates)
2026-08-14 23:52:18,115 [DEBUG] cnn_neat: Added edge 0→3 (from 10 candidates)
2026-08-14 23:52:18,126 [DEBUG] cnn_neat: Split edge 0→4, new hidden node 7 (pool=10)
2026-08-14 23:52:18,132 [DEBUG] cnn_neat: Added edge 6→1 (from 11 candidates)
2026-08-14 23:52:18,141 [DEBUG] cnn_neat: Removed hidden node 6 (pool=4)
2026-08-14 23:52:18,147 [DEBUG] cnn_neat: Removed edge 5→4 (from 9 candidates)
2026-08-14 23:52:18,153 [DEBUG] cnn_neat: Removed 3 edges (requested 3)
2026-08-14 23:52:18,159 [DEBUG] cnn_neat: Split edge 5→6, new hidden node 8 (pool=8)
2026-08-14 23:52:18,292 [DEBUG] cnn_neat: Split edge 4→6, new hidden node 7 (pool=11)
2026-08-14 23:52:18,301 [DEBUG] cnn_neat: Split edge 6→2, new hidden node 7 (pool=11)
2026-08-14 23:52:18,303 [DEBUG] cnn_neat: Added edge 4→2 (from 9 candidates)
2026-08-14 23:52:18,308 [DEBUG] cnn_neat: Removed hidden node 3 (pool=4)
2026-08-14 23:52:18,313 [DEBUG] cnn_neat: Removed edge 5→2 (from 10 candidates)
2026-08-14 23:52:18,320 [DEBUG] cnn_neat: Removed 3 edges (requested 3)
2026-08-14 23:52:18,323 [DEBUG] cnn_neat: Split edge 2→1, new hidden node 8 (pool=10)
2026-08-14 23:52:18,328 [DEBUG] cnn_neat: Split edge 4→2, new hidden node 7 (pool=12)
2026-08-14 23:52:18,338 [DEBUG] cnn_neat: Split edge 5→4, new hidden node 8 (pool=11)
2026-08-14 23:52:18,342 [DEBUG] cnn_neat: Added edge 6→7 (from 21 candidates)
2026-08-14 23:52:18,351 [DEBUG] cnn_neat: Removed hidden node 6 (pool=5)
2026-08-14 23:52:18,353 [DEBUG] cnn_neat: Removed edge 6→3 (from 10 candidates)
2026-08-14 23:52:18,357 [DEBUG] cnn_neat: Removed 3 edges (requested 3)
2026-08-14 23:52:18,362 [DEBUG] cnn_neat: Split edge 6→2, new hidden node 9 (pool=9)
2026-08-14 23:52:18,373 [DEBUG] cnn_neat: Split edge 4→7, new hidden node 8 (pool=12)
2026-08-14 23:52:18,376 [DEBUG] cnn_neat: Added edge 6→3 (from 15 candidates)
2026-08-14 23:52:18,386 [DEBUG] cnn_neat: Removed hidden node 5 (pool=5)
2026-08-14 23:52:18,394 [DEBUG] cnn_neat: Removed edge 0→4 (from 11 candidates)
2026-08-14 23:52:18,401 [DEBUG] cnn_neat: Removed 3 edges (requested 3)
2026-08-14 23:52:18,406 [DEBUG] cnn_neat: Split edge 5→2, new hidden node 9 (pool=10)
2026-08-14 23:52:18,410 [DEBUG] cnn_neat: Split edge 2→3, new hidden node 8 (pool=7)
2026-08-14 23:52:18,422 [DEBUG] cnn_neat: Split edge 5→6, new hidden node 9 (pool=9)
2026-08-14 23:52:18,429 [DEBUG] cnn_neat: Added edge 5→8 (from 21 candidates)
2026-08-14 23:52:18,434 [DEBUG] cnn_neat: Removed hidden node 8 (pool=6)
2026-08-14 23:52:18,436 [DEBUG] cnn_neat: Removed edge 0→5 (from 10 candidates)
2026-08-14 23:52:18,442 [DEBUG] cnn_neat: Removed 3 edges (requested 3)
2026-08-14 23:52:18,448 [DEBUG] cnn_neat: Split edge 6→7, new hidden node 10 (pool=9)
2026-08-14 23:52:18,458 [DEBUG] cnn_neat: Split edge 5→6, new hidden node 8 (pool=12)
2026-08-14 23:52:18,465 [DEBUG] cnn_neat: Added edge 0→3 (from 12 candidates)
2026-08-14 23:52:18,474 [DEBUG] cnn_neat: Removed hidden node 7 (pool=5)
2026-08-14 23:52:18,477 [DEBUG] cnn_neat: Removed edge 5→6 (from 12 candidates)
2026-08-14 23:52:18,607 [DEBUG] cnn_neat: Removed 3 edges (requested 3)
2026-08-14 23:52:18,615 [DEBUG] cnn_neat: Split edge 5→8, new hidden node 9 (pool=12)
2026-08-14 23:52:18,625 [DEBUG] cnn_neat: Split edge 5→6, new hidden node 9 (pool=12)
2026-08-14 23:52:18,630 [DEBUG] cnn_neat: Added edge 4→3 (from 21 candidates)
2026-08-14 23:52:18,638 [DEBUG] cnn_neat: Removed hidden node 5 (pool=6)
2026-08-14 23:52:18,644 [DEBUG] cnn_neat: Removed edge 4→7 (from 13 candidates)
2026-08-14 23:52:18,653 [DEBUG] cnn_neat: Removed 3 edges (requested 3)
2026-08-14 23:52:18,658 [DEBUG] cnn_neat: Split edge 6→3, new hidden node 10 (pool=10)
2026-08-14 23:52:18,665 [DEBUG] cnn_neat: Split edge 5→7, new hidden node 8 (pool=14)
2026-08-14 23:52:18,668 [DEBUG] cnn_neat: Added edge 0→3 (from 15 candidates)
2026-08-14 23:52:18,672 [DEBUG] cnn_neat: Removed hidden node 6 (pool=5)
2026-08-14 23:52:18,673 [DEBUG] cnn_neat: Removed edge 6→2 (from 13 candidates)
2026-08-14 23:52:18,683 [DEBUG] cnn_neat: Removed 3 edges (requested 3)
2026-08-14 23:52:18,685 [DEBUG] cnn_neat: Split edge 7→3, new hidden node 9 (pool=10)
2026-08-14 23:52:18,696 [DEBUG] cnn_neat: Split edge 0→5, new hidden node 9 (pool=11)
2026-08-14 23:52:18,699 [DEBUG] cnn_neat: Added edge 0→8 (from 22 candidates)
2026-08-14 23:52:18,742 [DEBUG] cnn_neat: Removed hidden node 5 (pool=6)
2026-08-14 23:52:18,745 [DEBUG] cnn_neat: Removed edge 5→2 (from 13 candidates)
2026-08-14 23:52:18,763 [DEBUG] cnn_neat: Removed 3 edges (requested 3)
2026-08-14 23:52:18,767 [DEBUG] cnn_neat: Split edge 8→7, new hidden node 10 (pool=15)
2026-08-14 23:52:18,773 [DEBUG] cnn_neat: Split edge 6→2, new hidden node 8 (pool=7)
2026-08-14 23:52:18,777 [DEBUG] cnn_neat: Added edge 5→1 (from 8 candidates)
2026-08-14 23:52:18,939 [DEBUG] cnn_neat: Removed hidden node 6 (pool=3)
2026-08-14 23:52:18,943 [DEBUG] cnn_neat: Removed edge 5→6 (from 6 candidates)
2026-08-14 23:52:18,948 [DEBUG] cnn_neat: Removed 3 edges (requested 3)
2026-08-14 23:52:18,952 [DEBUG] cnn_neat: Split edge 7→6, new hidden node 8 (pool=5)
2026-08-14 23:52:18,955 [DEBUG] cnn_neat: Split edge 6→2, new hidden node 8 (pool=6)
2026-08-14 23:52:18,959 [DEBUG] cnn_neat: Added edge 5→7 (from 7 candidates)
2026-08-14 23:52:18,962 [DEBUG] cnn_neat: Added edge 6→5 (from 10 candidates)
2026-08-14 23:52:18,970 [DEBUG] cnn_neat: Split edge 0→5, new hidden node 8 (pool=10)
2026-08-14 23:52:18,973 [DEBUG] cnn_neat: Added edge 0→3 (from 19 candidates)
2026-08-14 23:52:18,979 [DEBUG] cnn_neat: Removed hidden node 3 (pool=5)
2026-08-14 23:52:18,982 [DEBUG] cnn_neat: Removed edge 7→6 (from 9 candidates)
2026-08-14 23:52:18,990 [DEBUG] cnn_neat: Removed 3 edges (requested 3)
2026-08-14 23:52:18,994 [DEBUG] cnn_neat: Split edge 0→7, new hidden node 9 (pool=11)
2026-08-14 23:52:19,000 [DEBUG] cnn_neat: Split edge 6→3, new hidden node 8 (pool=8)
2026-08-14 23:52:19,004 [DEBUG] cnn_neat: Added edge 6→1 (from 14 candidates)
2026-08-14 23:52:19,011 [DEBUG] cnn_neat: Removed hidden node 3 (pool=4)
2026-08-14 23:52:19,014 [DEBUG] cnn_neat: Removed edge 6→2 (from 8 candidates)
2026-08-14 23:52:19,021 [DEBUG] cnn_neat: Removed 3 edges (requested 3)
2026-08-14 23:52:19,024 [DEBUG] cnn_neat: Split edge 6→2, new hidden node 9 (pool=6)
2026-08-14 23:52:19,031 [DEBUG] cnn_neat: Split edge 4→3, new hidden node 9 (pool=9)
2026-08-14 23:52:19,036 [DEBUG] cnn_neat: Added edge 5→3 (from 18 candidates)
2026-08-14 23:52:19,042 [DEBUG] cnn_neat: Removed hidden node 6 (pool=6)
2026-08-14 23:52:19,045 [DEBUG] cnn_neat: Removed edge 6→2 (from 11 candidates)
2026-08-14 23:52:19,052 [DEBUG] cnn_neat: Removed 3 edges (requested 3)
2026-08-14 23:52:19,057 [DEBUG] cnn_neat: Split edge 2→3, new hidden node 10 (pool=10)
2026-08-14 23:52:19,064 [DEBUG] cnn_neat: Split edge 0→6, new hidden node 8 (pool=9)
2026-08-14 23:52:19,068 [DEBUG] cnn_neat: Added edge 5→1 (from 5 candidates)
2026-08-14 23:52:19,075 [DEBUG] cnn_neat: Removed hidden node 7 (pool=3)
2026-08-14 23:52:19,079 [DEBUG] cnn_neat: Removed edge 5→2 (from 8 candidates)
2026-08-14 23:52:19,086 [DEBUG] cnn_neat: Removed 3 edges (requested 3)
2026-08-14 23:52:19,091 [DEBUG] cnn_neat: Split edge 5→7, new hidden node 9 (pool=10)
2026-08-14 23:52:19,096 [DEBUG] cnn_neat: Split edge 5→1, new hidden node 8 (pool=8)
2026-08-14 23:52:19,104 [DEBUG] cnn_neat: Split edge 0→5, new hidden node 9 (pool=15)
2026-08-14 23:52:19,108 [DEBUG] cnn_neat: Added edge 8→6 (from 15 candidates)
2026-08-14 23:52:19,117 [DEBUG] cnn_neat: Removed hidden node 8 (pool=5)
2026-08-14 23:52:19,121 [DEBUG] cnn_neat: Removed edge 5→2 (from 14 candidates)
2026-08-14 23:52:19,128 [DEBUG] cnn_neat: Saved generation 7
2026-08-14 23:52:19,194 [DEBUG] cnn_neat: Selected 25 elite individuals
2026-08-14 23:52:19,195 [DEBUG] cnn_neat: Removed 3 edges (requested 3)
2026-08-14 23:52:19,217 [DEBUG] cnn_neat: Split edge 6→7, new hidden node 10 (pool=12)
2026-08-14 23:52:19,279 [DEBUG] cnn_neat: Split edge 5→2, new hidden node 9 (pool=5)
2026-08-14 23:52:19,291 [DEBUG] cnn_neat: Added edge 5→8 (from 13 candidates)
2026-08-14 23:52:19,310 [DEBUG] cnn_neat: Removed hidden node 7 (pool=5)
2026-08-14 23:52:19,319 [DEBUG] cnn_neat: Removed edge 7→8 (from 7 candidates)
2026-08-14 23:52:19,331 [DEBUG] cnn_neat: Removed 3 edges (requested 3)
2026-08-14 23:52:19,344 [DEBUG] cnn_neat: Split edge 6→2, new hidden node 10 (pool=7)
2026-08-14 23:52:19,349 [DEBUG] cnn_neat: Split edge 0→6, new hidden node 9 (pool=8)
2026-08-14 23:52:19,353 [DEBUG] cnn_neat: Split edge 0→6, new hidden node 9 (pool=6)
2026-08-14 23:52:19,362 [DEBUG] cnn_neat: Split edge 5→2, new hidden node 9 (pool=8)
2026-08-14 23:52:19,369 [DEBUG] cnn_neat: Added edge 7→5 (from 19 candidates)
2026-08-14 23:52:19,380 [DEBUG] cnn_neat: Removed hidden node 7 (pool=5)
2026-08-14 23:52:19,385 [DEBUG] cnn_neat: Removed edge 7→2 (from 10 candidates)
2026-08-14 23:52:19,388 [DEBUG] cnn_neat: Trimmed elite queue to 128 entries
2026-08-14 23:52:19,667 [DEBUG] cnn_neat: Removed 3 edges (requested 3)
2026-08-14 23:52:19,668 [DEBUG] cnn_neat: Split edge 2→1, new hidden node 8 (pool=12)
2026-08-14 23:52:19,675 [DEBUG] cnn_neat: Split edge 0→6, new hidden node 10 (pool=9)
2026-08-14 23:52:19,676 [DEBUG] cnn_neat: Added edge 0→6 (from 6 candidates)
2026-08-14 23:52:19,681 [DEBUG] cnn_neat: Split edge 5→6, new hidden node 9 (pool=8)
2026-08-14 23:52:19,682 [DEBUG] cnn_neat: Split edge 0→3, new hidden node 8 (pool=13)
2026-08-14 23:52:19,685 [DEBUG] cnn_neat: Added edge 5→8 (from 17 candidates)
2026-08-14 23:52:19,689 [DEBUG] cnn_neat: Removed hidden node 7 (pool=3)
2026-08-14 23:52:19,691 [DEBUG] cnn_neat: Removed edge 7→3 (from 10 candidates)
2026-08-14 23:52:19,695 [DEBUG] cnn_neat: Removed 3 edges (requested 3)
2026-08-14 23:52:19,698 [DEBUG] cnn_neat: Crossover rejected: union topology invalid (edges=25 nodes=14)
2026-08-14 23:52:19,700 [DEBUG] cnn_neat: Split edge 5→3, new hidden node 8 (pool=12)
2026-08-14 23:52:19,702 [DEBUG] cnn_neat: Added edge 7→1 (from 6 candidates)
2026-08-14 23:52:19,705 [DEBUG] cnn_neat: Added edge 6→1 (from 5 candidates)
2026-08-14 23:52:19,707 [DEBUG] cnn_neat: Added edge 0→2 (from 4 candidates)
2026-08-14 23:52:19,710 [DEBUG] cnn_neat: Added edge 5→2 (from 5 candidates)
2026-08-14 23:52:19,713 [DEBUG] cnn_neat: Added edge 5→1 (from 4 candidates)
2026-08-14 23:52:19,715 [DEBUG] cnn_neat: Split edge 0→6, new hidden node 9 (pool=14)
2026-08-14 23:52:19,718 [DEBUG] cnn_neat: Added edge 8→1 (from 17 candidates)
2026-08-14 23:52:19,722 [DEBUG] cnn_neat: Removed hidden node 7 (pool=5)
2026-08-14 23:52:19,725 [DEBUG] cnn_neat: Removed edge 6→7 (from 13 candidates)
2026-08-14 23:52:19,730 [DEBUG] cnn_neat: Removed 3 edges (requested 3)
2026-08-14 23:52:19,733 [DEBUG] cnn_neat: Crossover rejected: union topology invalid (edges=27 nodes=15)
2026-08-14 23:52:19,736 [DEBUG] cnn_neat: Split edge 6→3, new hidden node 9 (pool=14)
2026-08-14 23:52:19,738 [DEBUG] cnn_neat: Added edge 6→1 (from 17 candidates)
2026-08-14 23:52:19,741 [DEBUG] cnn_neat: Added edge 5→2 (from 16 candidates)
2026-08-14 23:52:19,744 [DEBUG] cnn_neat: Added edge 7→1 (from 15 candidates)
2026-08-14 23:52:19,747 [DEBUG] cnn_neat: Added edge 0→2 (from 14 candidates)
2026-08-14 23:52:19,751 [DEBUG] cnn_neat: Added edge 8→6 (from 11 candidates)
2026-08-14 23:52:19,754 [DEBUG] cnn_neat: Split edge 5→3, new hidden node 9 (pool=8)
2026-08-14 23:52:19,756 [DEBUG] cnn_neat: Added edge 8→1 (from 18 candidates)
2026-08-14 23:52:19,760 [DEBUG] cnn_neat: Removed hidden node 5 (pool=6)
2026-08-14 23:52:19,763 [DEBUG] cnn_neat: Removed edge 8→4 (from 12 candidates)
2026-08-14 23:52:19,768 [DEBUG] cnn_neat: Removed 3 edges (requested 3)
2026-08-14 23:52:19,771 [DEBUG] cnn_neat: Crossover rejected: union topology invalid (edges=24 nodes=14)
2026-08-14 23:52:19,774 [DEBUG] cnn_neat: Split edge 5→2, new hidden node 9 (pool=8)
2026-08-14 23:52:19,776 [DEBUG] cnn_neat: Added edge 0→6 (from 18 candidates)
2026-08-14 23:52:19,779 [DEBUG] cnn_neat: Added edge 4→3 (from 18 candidates)
2026-08-14 23:52:19,782 [DEBUG] cnn_neat: Added edge 6→7 (from 17 candidates)
2026-08-14 23:52:19,785 [DEBUG] cnn_neat: Added edge 5→4 (from 19 candidates)
2026-08-14 23:52:19,788 [DEBUG] cnn_neat: Added edge 4→7 (from 18 candidates)
2026-08-14 23:52:19,791 [DEBUG] cnn_neat: Split edge 4→5, new hidden node 8 (pool=12)
2026-08-14 23:52:19,793 [DEBUG] cnn_neat: Added edge 0→2 (from 16 candidates)
2026-08-14 23:52:19,797 [DEBUG] cnn_neat: Removed hidden node 3 (pool=5)
2026-08-14 23:52:19,799 [DEBUG] cnn_neat: Removed edge 4→6 (from 11 candidates)
2026-08-14 23:52:19,804 [DEBUG] cnn_neat: Removed 3 edges (requested 3)
2026-08-14 23:52:19,807 [DEBUG] cnn_neat: Crossover rejected: union topology invalid (edges=25 nodes=15)
2026-08-14 23:52:19,810 [DEBUG] cnn_neat: Split edge 4→5, new hidden node 8 (pool=12)
2026-08-14 23:52:19,813 [DEBUG] cnn_neat: Added edge 8→1 (from 22 candidates)
2026-08-14 23:52:19,816 [DEBUG] cnn_neat: Added edge 3→1 (from 16 candidates)
2026-08-14 23:52:19,819 [DEBUG] cnn_neat: Added edge 7→1 (from 15 candidates)
2026-08-14 23:52:19,823 [DEBUG] cnn_neat: Added edge 4→3 (from 14 candidates)
2026-08-14 23:52:19,826 [DEBUG] cnn_neat: Added edge 6→1 (from 15 candidates)
2026-08-14 23:52:19,830 [DEBUG] cnn_neat: Added edge 6→7 (from 14 candidates)
2026-08-14 23:52:19,833 [DEBUG] cnn_neat: Split edge 2→1, new hidden node 9 (pool=9)
2026-08-14 23:52:19,836 [DEBUG] cnn_neat: Added edge 7→2 (from 25 candidates)
2026-08-14 23:52:19,839 [DEBUG] cnn_neat: Removed hidden node 6 (pool=6)
2026-08-14 23:52:19,842 [DEBUG] cnn_neat: Removed edge 5→2 (from 12 candidates)
2026-08-14 23:52:19,846 [DEBUG] cnn_neat: Removed 3 edges (requested 3)
2026-08-14 23:52:19,849 [DEBUG] cnn_neat: Crossover rejected: union topology invalid (edges=25 nodes=15)
2026-08-14 23:52:19,852 [DEBUG] cnn_neat: Split edge 6→2, new hidden node 9 (pool=9)
2026-08-14 23:52:19,855 [DEBUG] cnn_neat: Added edge 8→6 (from 25 candidates)
2026-08-14 23:52:19,858 [DEBUG] cnn_neat: Added edge 7→2 (from 22 candidates)
2026-08-14 23:52:19,861 [DEBUG] cnn_neat: Added edge 4→7 (from 20 candidates)
2026-08-14 23:52:19,864 [DEBUG] cnn_neat: Added edge 0→2 (from 18 candidates)
2026-08-14 23:52:19,868 [DEBUG] cnn_neat: Added edge 5→3 (from 21 candidates)
2026-08-14 23:52:19,870 [DEBUG] cnn_neat: Split edge 6→2, new hidden node 8 (pool=6)
2026-08-14 23:52:19,873 [DEBUG] cnn_neat: Added edge 5→3 (from 16 candidates)
2026-08-14 23:52:19,877 [DEBUG] cnn_neat: Removed hidden node 3 (pool=4)
2026-08-14 23:52:19,879 [DEBUG] cnn_neat: Removed edge 6→2 (from 6 candidates)
2026-08-14 23:52:19,882 [DEBUG] cnn_neat: Removed 3 edges (requested 3)
2026-08-14 23:52:19,885 [DEBUG] cnn_neat: Crossover rejected: union topology invalid (edges=22 nodes=14)
2026-08-14 23:52:19,887 [DEBUG] cnn_neat: Split edge 4→6, new hidden node 8 (pool=6)
2026-08-14 23:52:19,890 [DEBUG] cnn_neat: Added edge 3→1 (from 16 candidates)
2026-08-14 23:52:19,894 [DEBUG] cnn_neat: Added edge 7→1 (from 14 candidates)
2026-08-14 23:52:19,897 [DEBUG] cnn_neat: Added edge 5→7 (from 13 candidates)
2026-08-14 23:52:19,900 [DEBUG] cnn_neat: Added edge 0→4 (from 13 candidates)
2026-08-14 23:52:19,904 [DEBUG] cnn_neat: Added edge 0→2 (from 12 candidates)
2026-08-14 23:52:19,907 [DEBUG] cnn_neat: Split edge 5→6, new hidden node 9 (pool=7)
2026-08-14 23:52:19,910 [DEBUG] cnn_neat: Added edge 8→3 (from 20 candidates)
2026-08-14 23:52:19,916 [DEBUG] cnn_neat: Removed hidden node 8 (pool=6)
2026-08-14 23:52:19,919 [DEBUG] cnn_neat: Removed edge 6→2 (from 9 candidates)
2026-08-14 23:52:19,923 [DEBUG] cnn_neat: Removed 3 edges (requested 3)
2026-08-14 23:52:19,927 [DEBUG] cnn_neat: Crossover rejected: union topology invalid (edges=23 nodes=15)
2026-08-14 23:52:19,929 [DEBUG] cnn_neat: Split edge 6→2, new hidden node 9 (pool=7)
2026-08-14 23:52:19,932 [DEBUG] cnn_neat: Added edge 4→1 (from 20 candidates)
2026-08-14 23:52:19,935 [DEBUG] cnn_neat: Added edge 0→3 (from 18 candidates)
2026-08-14 23:52:19,938 [DEBUG] cnn_neat: Added edge 8→6 (from 18 candidates)
2026-08-14 23:52:19,941 [DEBUG] cnn_neat: Added edge 7→1 (from 17 candidates)
2026-08-14 23:52:19,944 [DEBUG] cnn_neat: Added edge 0→6 (from 16 candidates)
2026-08-14 23:52:19,947 [DEBUG] cnn_neat: Split edge 0→5, new hidden node 9 (pool=9)
2026-08-14 23:52:20,000 [DEBUG] cnn_neat: Split edge 6→7, new hidden node 8 (pool=13)
2026-08-14 23:52:20,074 [DEBUG] cnn_neat: Added edge 5→2 (from 7 candidates)
2026-08-14 23:52:20,133 [DEBUG] cnn_neat: Removed hidden node 6 (pool=4)
2026-08-14 23:52:20,138 [DEBUG] cnn_neat: Removed edge 5→6 (from 12 candidates)
2026-08-14 23:52:20,150 [DEBUG] cnn_neat: Removed 3 edges (requested 3)
2026-08-14 23:52:20,155 [DEBUG] cnn_neat: Split edge 7→3, new hidden node 8 (pool=12)
2026-08-14 23:52:20,161 [DEBUG] cnn_neat: Split edge 6→3, new hidden node 8 (pool=10)
2026-08-14 23:52:20,166 [DEBUG] cnn_neat: Added edge 6→5 (from 9 candidates)
2026-08-14 23:52:20,171 [DEBUG] cnn_neat: Added edge 5→2 (from 9 candidates)
2026-08-14 23:52:20,180 [DEBUG] cnn_neat: Split edge 5→6, new hidden node 8 (pool=12)
2026-08-14 23:52:20,186 [DEBUG] cnn_neat: Added edge 0→7 (from 6 candidates)
2026-08-14 23:52:20,195 [DEBUG] cnn_neat: Removed hidden node 6 (pool=3)
2026-08-14 23:52:20,200 [DEBUG] cnn_neat: Removed edge 6→2 (from 10 candidates)
2026-08-14 23:52:20,209 [DEBUG] cnn_neat: Removed 3 edges (requested 3)
2026-08-14 23:52:20,216 [DEBUG] cnn_neat: Split edge 0→3, new hidden node 9 (pool=13)
2026-08-14 23:52:20,222 [DEBUG] cnn_neat: Split edge 0→3, new hidden node 8 (pool=13)
2026-08-14 23:52:20,230 [DEBUG] cnn_neat: Split edge 6→3, new hidden node 9 (pool=14)
2026-08-14 23:52:20,236 [DEBUG] cnn_neat: Added edge 8→1 (from 17 candidates)
2026-08-14 23:52:20,246 [DEBUG] cnn_neat: Removed hidden node 7 (pool=5)
2026-08-14 23:52:20,252 [DEBUG] cnn_neat: Removed edge 6→2 (from 13 candidates)
2026-08-14 23:52:20,262 [DEBUG] cnn_neat: Removed 3 edges (requested 3)
2026-08-14 23:52:20,498 [DEBUG] cnn_neat: Split edge 7→2, new hidden node 9 (pool=13)
2026-08-14 23:52:20,512 [DEBUG] cnn_neat: Split edge 7→2, new hidden node 9 (pool=11)
2026-08-14 23:52:20,528 [DEBUG] cnn_neat: Added edge 2→8 (from 15 candidates)
2026-08-14 23:52:20,542 [DEBUG] cnn_neat: Added edge 8→7 (from 23 candidates)
2026-08-14 23:52:20,572 [DEBUG] cnn_neat: Split edge 8→4, new hidden node 9 (pool=8)
2026-08-14 23:52:20,590 [DEBUG] cnn_neat: Added edge 8→3 (from 18 candidates)
2026-08-14 23:52:20,612 [DEBUG] cnn_neat: Removed hidden node 5 (pool=6)
2026-08-14 23:52:20,633 [DEBUG] cnn_neat: Removed edge 0→4 (from 12 candidates)
2026-08-14 23:52:20,674 [DEBUG] cnn_neat: Removed 3 edges (requested 3)
2026-08-14 23:52:20,679 [DEBUG] cnn_neat: Split edge 6→2, new hidden node 10 (pool=6)
2026-08-14 23:52:20,688 [DEBUG] cnn_neat: Split edge 5→3, new hidden node 9 (pool=9)
2026-08-14 23:52:20,710 [DEBUG] cnn_neat: Split edge 2→3, new hidden node 7 (pool=11)
2026-08-14 23:52:20,715 [DEBUG] cnn_neat: Added edge 0→6 (from 9 candidates)
2026-08-14 23:52:20,722 [DEBUG] cnn_neat: Removed hidden node 5 (pool=4)
2026-08-14 23:52:20,725 [DEBUG] cnn_neat: Removed edge 6→2 (from 10 candidates)
2026-08-14 23:52:20,731 [DEBUG] cnn_neat: Removed 3 edges (requested 3)
2026-08-14 23:52:20,734 [DEBUG] cnn_neat: Split edge 2→1, new hidden node 8 (pool=10)
2026-08-14 23:52:20,738 [DEBUG] cnn_neat: Split edge 0→4, new hidden node 7 (pool=10)
2026-08-14 23:52:20,741 [DEBUG] cnn_neat: Split edge 5→2, new hidden node 7 (pool=8)
2026-08-14 23:52:20,750 [DEBUG] cnn_neat: Split edge 2→1, new hidden node 8 (pool=12)
2026-08-14 23:52:20,754 [DEBUG] cnn_neat: Added edge 4→2 (from 16 candidates)
2026-08-14 23:52:20,762 [DEBUG] cnn_neat: Removed hidden node 7 (pool=5)
2026-08-14 23:52:20,766 [DEBUG] cnn_neat: Removed edge 6→3 (from 11 candidates)
2026-08-14 23:52:20,773 [DEBUG] cnn_neat: Removed 3 edges (requested 3)
2026-08-14 23:52:20,778 [DEBUG] cnn_neat: Split edge 4→6, new hidden node 9 (pool=13)
2026-08-14 23:52:20,786 [DEBUG] cnn_neat: Split edge 2→1, new hidden node 9 (pool=9)
2026-08-14 23:52:20,790 [DEBUG] cnn_neat: Added edge 8→5 (from 25 candidates)
2026-08-14 23:52:20,798 [DEBUG] cnn_neat: Removed hidden node 8 (pool=6)
2026-08-14 23:52:20,801 [DEBUG] cnn_neat: Removed edge 2→3 (from 12 candidates)
2026-08-14 23:52:20,808 [DEBUG] cnn_neat: Removed 3 edges (requested 3)
2026-08-14 23:52:20,813 [DEBUG] cnn_neat: Split edge 4→6, new hidden node 9 (pool=10)
2026-08-14 23:52:20,817 [DEBUG] cnn_neat: Split edge 0→5, new hidden node 8 (pool=11)
2026-08-14 23:52:20,824 [DEBUG] cnn_neat: Split edge 4→3, new hidden node 7 (pool=10)
2026-08-14 23:52:20,828 [DEBUG] cnn_neat: Added edge 0→4 (from 9 candidates)
2026-08-14 23:52:20,834 [DEBUG] cnn_neat: Removed hidden node 4 (pool=3)
2026-08-14 23:52:20,838 [DEBUG] cnn_neat: Removed edge 5→4 (from 8 candidates)
2026-08-14 23:52:20,844 [DEBUG] cnn_neat: Removed 3 edges (requested 3)
2026-08-14 23:52:20,848 [DEBUG] cnn_neat: Split edge 6→3, new hidden node 8 (pool=8)
2026-08-14 23:52:20,852 [DEBUG] cnn_neat: Split edge 4→6, new hidden node 7 (pool=7)
2026-08-14 23:52:20,857 [DEBUG] cnn_neat: Added edge 3→1 (from 16 candidates)
2026-08-14 23:52:20,861 [DEBUG] cnn_neat: Added edge 5→2 (from 12 candidates)
2026-08-14 23:52:20,869 [DEBUG] cnn_neat: Split edge 0→5, new hidden node 9 (pool=8)
2026-08-14 23:52:20,874 [DEBUG] cnn_neat: Added edge 8→3 (from 19 candidates)
2026-08-14 23:52:20,882 [DEBUG] cnn_neat: Removed hidden node 8 (pool=6)
2026-08-14 23:52:20,888 [DEBUG] cnn_neat: Removed edge 5→6 (from 12 candidates)
2026-08-14 23:52:20,895 [DEBUG] cnn_neat: Removed 3 edges (requested 3)
2026-08-14 23:52:20,901 [DEBUG] cnn_neat: Split edge 6→2, new hidden node 10 (pool=12)
2026-08-14 23:52:20,907 [DEBUG] cnn_neat: Split edge 0→5, new hidden node 9 (pool=7)
2026-08-14 23:52:20,915 [DEBUG] cnn_neat: Split edge 5→4, new hidden node 8 (pool=6)
2026-08-14 23:52:20,919 [DEBUG] cnn_neat: Added edge 0→3 (from 16 candidates)
2026-08-14 23:52:20,927 [DEBUG] cnn_neat: Removed hidden node 7 (pool=4)
2026-08-14 23:52:20,930 [DEBUG] cnn_neat: Removed edge 7→3 (from 6 candidates)
2026-08-14 23:52:20,938 [DEBUG] cnn_neat: Removed 3 edges (requested 3)
2026-08-14 23:52:20,943 [DEBUG] cnn_neat: Split edge 6→2, new hidden node 9 (pool=4)
2026-08-14 23:52:21,013 [DEBUG] cnn_neat: Split edge 2→1, new hidden node 9 (pool=7)
2026-08-14 23:52:21,020 [DEBUG] cnn_neat: Added edge 3→1 (from 20 candidates)
2026-08-14 23:52:21,032 [DEBUG] cnn_neat: Removed hidden node 3 (pool=6)
2026-08-14 23:52:21,040 [DEBUG] cnn_neat: Removed edge 5→2 (from 9 candidates)
2026-08-14 23:52:21,047 [DEBUG] cnn_neat: Removed 3 edges (requested 3)
2026-08-14 23:52:21,056 [DEBUG] cnn_neat: Split edge 4→6, new hidden node 10 (pool=10)
2026-08-14 23:52:21,065 [DEBUG] cnn_neat: Split edge 2→1, new hidden node 9 (pool=9)
2026-08-14 23:52:21,072 [DEBUG] cnn_neat: Added edge 8→5 (from 18 candidates)
2026-08-14 23:52:21,084 [DEBUG] cnn_neat: Removed hidden node 4 (pool=6)
2026-08-14 23:52:21,088 [DEBUG] cnn_neat: Removed edge 6→2 (from 13 candidates)
2026-08-14 23:52:21,099 [DEBUG] cnn_neat: Removed 3 edges (requested 3)
2026-08-14 23:52:21,110 [DEBUG] cnn_neat: Split edge 9→1, new hidden node 10 (pool=12)
2026-08-14 23:52:21,119 [DEBUG] cnn_neat: Split edge 4→6, new hidden node 7 (pool=10)
2026-08-14 23:52:21,123 [DEBUG] cnn_neat: Added edge 6→1 (from 11 candidates)
2026-08-14 23:52:21,130 [DEBUG] cnn_neat: Removed hidden node 3 (pool=4)
2026-08-14 23:52:21,134 [DEBUG] cnn_neat: Removed edge 0→5 (from 9 candidates)
2026-08-14 23:52:21,145 [DEBUG] cnn_neat: Removed 3 edges (requested 3)
2026-08-14 23:52:21,152 [DEBUG] cnn_neat: Split edge 2→1, new hidden node 7 (pool=7)
2026-08-14 23:52:21,156 [DEBUG] cnn_neat: Split edge 2→1, new hidden node 7 (pool=9)
2026-08-14 23:52:21,161 [DEBUG] cnn_neat: Split edge 6→3, new hidden node 7 (pool=7)
2026-08-14 23:52:21,301 [DEBUG] cnn_neat: Added edge 5→4 (from 8 candidates)
2026-08-14 23:52:21,303 [DEBUG] cnn_neat: Added edge 0→5 (from 11 candidates)
2026-08-14 23:52:21,308 [DEBUG] cnn_neat: Added edge 3→1 (from 13 candidates)
2026-08-14 23:52:21,318 [DEBUG] cnn_neat: Split edge 6→3, new hidden node 7 (pool=9)
2026-08-14 23:52:21,320 [DEBUG] cnn_neat: Added edge 6→1 (from 13 candidates)
2026-08-14 23:52:21,330 [DEBUG] cnn_neat: Removed hidden node 3 (pool=4)
2026-08-14 23:52:21,335 [DEBUG] cnn_neat: Removed edge 4→6 (from 8 candidates)
2026-08-14 23:52:21,347 [DEBUG] cnn_neat: Removed 3 edges (requested 3)
2026-08-14 23:52:21,350 [DEBUG] cnn_neat: Split edge 5→2, new hidden node 8 (pool=8)
2026-08-14 23:52:21,355 [DEBUG] cnn_neat: Split edge 5→2, new hidden node 7 (pool=10)
2026-08-14 23:52:21,365 [DEBUG] cnn_neat: Split edge 0→4, new hidden node 8 (pool=7)
2026-08-14 23:52:21,367 [DEBUG] cnn_neat: Added edge 5→4 (from 15 candidates)
2026-08-14 23:52:21,381 [DEBUG] cnn_neat: Removed hidden node 5 (pool=5)
2026-08-14 23:52:21,384 [DEBUG] cnn_neat: Removed edge 4→6 (from 8 candidates)
2026-08-14 23:52:21,391 [DEBUG] cnn_neat: Removed 3 edges (requested 3)
2026-08-14 23:52:21,399 [DEBUG] cnn_neat: Split edge 2→1, new hidden node 9 (pool=7)
2026-08-14 23:52:21,402 [DEBUG] cnn_neat: Split edge 0→4, new hidden node 8 (pool=5)
2026-08-14 23:52:21,407 [DEBUG] cnn_neat: Split edge 2→1, new hidden node 8 (pool=7)
2026-08-14 23:52:21,416 [DEBUG] cnn_neat: Split edge 4→6, new hidden node 8 (pool=11)
2026-08-14 23:52:21,420 [DEBUG] cnn_neat: Added edge 6→7 (from 18 candidates)
2026-08-14 23:52:21,426 [DEBUG] cnn_neat: Removed hidden node 5 (pool=5)
2026-08-14 23:52:21,430 [DEBUG] cnn_neat: Removed edge 6→2 (from 10 candidates)
2026-08-14 23:52:21,440 [DEBUG] cnn_neat: Removed 3 edges (requested 3)
2026-08-14 23:52:21,448 [DEBUG] cnn_neat: Split edge 8→6, new hidden node 9 (pool=12)
2026-08-14 23:52:21,590 [DEBUG] cnn_neat: Split edge 5→2, new hidden node 8 (pool=12)
2026-08-14 23:52:21,601 [DEBUG] cnn_neat: Split edge 6→2, new hidden node 8 (pool=9)
2026-08-14 23:52:21,608 [DEBUG] cnn_neat: Added edge 6→1 (from 11 candidates)
2026-08-14 23:52:21,620 [DEBUG] cnn_neat: Removed hidden node 4 (pool=4)
2026-08-14 23:52:21,626 [DEBUG] cnn_neat: Removed edge 5→2 (from 8 candidates)
2026-08-14 23:52:21,633 [DEBUG] cnn_neat: Removed 3 edges (requested 3)
2026-08-14 23:52:21,643 [DEBUG] cnn_neat: Split edge 0→5, new hidden node 9 (pool=8)
2026-08-14 23:52:21,649 [DEBUG] cnn_neat: Split edge 0→5, new hidden node 8 (pool=10)
2026-08-14 23:52:21,661 [DEBUG] cnn_neat: Split edge 5→6, new hidden node 9 (pool=14)
2026-08-14 23:52:21,669 [DEBUG] cnn_neat: Added edge 6→1 (from 20 candidates)
2026-08-14 23:52:21,681 [DEBUG] cnn_neat: Removed hidden node 4 (pool=6)
2026-08-14 23:52:21,684 [DEBUG] cnn_neat: Removed edge 7→4 (from 13 candidates)
2026-08-14 23:52:21,694 [DEBUG] cnn_neat: Removed 3 edges (requested 3)
2026-08-14 23:52:21,703 [DEBUG] cnn_neat: Split edge 6→2, new hidden node 10 (pool=12)
2026-08-14 23:52:21,713 [DEBUG] cnn_neat: Split edge 4→3, new hidden node 8 (pool=10)
2026-08-14 23:52:21,718 [DEBUG] cnn_neat: Added edge 0→2 (from 15 candidates)
2026-08-14 23:52:21,724 [DEBUG] cnn_neat: Removed hidden node 5 (pool=5)
2026-08-14 23:52:21,730 [DEBUG] cnn_neat: Removed edge 5→6 (from 11 candidates)
2026-08-14 23:52:21,870 [DEBUG] cnn_neat: Removed 3 edges (requested 3)
2026-08-14 23:52:21,879 [DEBUG] cnn_neat: Split edge 4→6, new hidden node 8 (pool=8)
2026-08-14 23:52:21,881 [DEBUG] cnn_neat: Split edge 4→6, new hidden node 8 (pool=8)
2026-08-14 23:52:21,882 [DEBUG] cnn_neat: Split edge 4→6, new hidden node 8 (pool=9)
2026-08-14 23:52:21,887 [DEBUG] cnn_neat: Split edge 6→3, new hidden node 9 (pool=11)
2026-08-14 23:52:21,889 [DEBUG] cnn_neat: Added edge 7→3 (from 20 candidates)
2026-08-14 23:52:21,894 [DEBUG] cnn_neat: Removed hidden node 4 (pool=6)
2026-08-14 23:52:21,896 [DEBUG] cnn_neat: Removed edge 2→3 (from 11 candidates)
2026-08-14 23:52:21,910 [DEBUG] cnn_neat: Removed 3 edges (requested 3)
2026-08-14 23:52:21,921 [DEBUG] cnn_neat: Split edge 7→4, new hidden node 9 (pool=12)
2026-08-14 23:52:21,922 [DEBUG] cnn_neat: Split edge 2→1, new hidden node 9 (pool=9)
2026-08-14 23:52:21,927 [DEBUG] cnn_neat: Split edge 0→4, new hidden node 9 (pool=8)
2026-08-14 23:52:21,935 [DEBUG] cnn_neat: Added edge 8→2 (from 19 candidates)
2026-08-14 23:52:21,943 [DEBUG] cnn_neat: Removed hidden node 8 (pool=5)
2026-08-14 23:52:21,947 [DEBUG] cnn_neat: Removed edge 5→2 (from 8 candidates)
2026-08-14 23:52:21,957 [DEBUG] cnn_neat: Removed 3 edges (requested 3)
2026-08-14 23:52:21,960 [DEBUG] cnn_neat: Split edge 5→7, new hidden node 10 (pool=8)
2026-08-14 23:52:21,968 [DEBUG] cnn_neat: Split edge 5→2, new hidden node 9 (pool=9)
2026-08-14 23:52:21,974 [DEBUG] cnn_neat: Split edge 0→4, new hidden node 9 (pool=9)
2026-08-14 23:52:21,987 [DEBUG] cnn_neat: Split edge 5→7, new hidden node 9 (pool=9)
2026-08-14 23:52:21,993 [DEBUG] cnn_neat: Added edge 5→3 (from 18 candidates)
2026-08-14 23:52:22,005 [DEBUG] cnn_neat: Removed hidden node 7 (pool=6)
2026-08-14 23:52:22,012 [DEBUG] cnn_neat: Removed edge 6→2 (from 12 candidates)
2026-08-14 23:52:22,021 [DEBUG] cnn_neat: Removed 3 edges (requested 3)
2026-08-14 23:52:22,029 [DEBUG] cnn_neat: Split edge 2→1, new hidden node 10 (pool=7)
2026-08-14 23:52:22,040 [DEBUG] cnn_neat: Split edge 7→4, new hidden node 10 (pool=8)
2026-08-14 23:52:22,049 [DEBUG] cnn_neat: Added edge 7→1 (from 26 candidates)
2026-08-14 23:52:22,053 [DEBUG] cnn_neat: Removed hidden node 6 (pool=7)
2026-08-14 23:52:22,194 [DEBUG] cnn_neat: Removed edge 8→3 (from 12 candidates)
2026-08-14 23:52:22,208 [DEBUG] cnn_neat: Removed 3 edges (requested 3)
2026-08-14 23:52:22,214 [DEBUG] cnn_neat: Split edge 5→2, new hidden node 11 (pool=6)
2026-08-14 23:52:22,222 [DEBUG] cnn_neat: Split edge 4→8, new hidden node 10 (pool=10)
2026-08-14 23:52:22,229 [DEBUG] cnn_neat: Added edge 4→2 (from 26 candidates)
2026-08-14 23:52:22,234 [DEBUG] cnn_neat: Removed hidden node 8 (pool=7)
2026-08-14 23:52:22,242 [DEBUG] cnn_neat: Removed edge 0→5 (from 12 candidates)
2026-08-14 23:52:22,249 [DEBUG] cnn_neat: Removed 3 edges (requested 3)
2026-08-14 23:52:22,254 [DEBUG] cnn_neat: Split edge 5→7, new hidden node 11 (pool=6)
2026-08-14 23:52:22,265 [DEBUG] cnn_neat: Split edge 5→4, new hidden node 7 (pool=10)
2026-08-14 23:52:22,269 [DEBUG] cnn_neat: Added edge 0→2 (from 8 candidates)
2026-08-14 23:52:22,278 [DEBUG] cnn_neat: Removed hidden node 3 (pool=4)
2026-08-14 23:52:22,280 [DEBUG] cnn_neat: Removed edge 5→6 (from 9 candidates)
2026-08-14 23:52:22,323 [DEBUG] cnn_neat: Removed 3 edges (requested 3)
2026-08-14 23:52:22,334 [DEBUG] cnn_neat: Split edge 6→2, new hidden node 8 (pool=11)
2026-08-14 23:52:22,344 [DEBUG] cnn_neat: Split edge 0→4, new hidden node 7 (pool=8)
2026-08-14 23:52:22,348 [DEBUG] cnn_neat: Split edge 4→6, new hidden node 7 (pool=7)
2026-08-14 23:52:22,355 [DEBUG] cnn_neat: Split edge 2→1, new hidden node 7 (pool=11)
2026-08-14 23:52:22,526 [DEBUG] cnn_neat: Added edge 4→2 (from 9 candidates)
2026-08-14 23:52:22,536 [DEBUG] cnn_neat: Removed hidden node 3 (pool=4)
2026-08-14 23:52:22,541 [DEBUG] cnn_neat: Removed edge 5→2 (from 10 candidates)
2026-08-14 23:52:22,548 [DEBUG] cnn_neat: Removed 3 edges (requested 3)
2026-08-14 23:52:22,553 [DEBUG] cnn_neat: Split edge 6→2, new hidden node 7 (pool=12)
2026-08-14 23:52:22,558 [DEBUG] cnn_neat: Split edge 6→2, new hidden node 7 (pool=10)
2026-08-14 23:52:22,561 [DEBUG] cnn_neat: Split edge 5→6, new hidden node 7 (pool=8)
2026-08-14 23:52:22,569 [DEBUG] cnn_neat: Split edge 6→2, new hidden node 8 (pool=8)
2026-08-14 23:52:22,573 [DEBUG] cnn_neat: Added edge 0→7 (from 13 candidates)
2026-08-14 23:52:22,582 [DEBUG] cnn_neat: Removed hidden node 3 (pool=5)
2026-08-14 23:52:22,586 [DEBUG] cnn_neat: Removed edge 5→2 (from 9 candidates)
2026-08-14 23:52:22,594 [DEBUG] cnn_neat: Removed 3 edges (requested 3)
2026-08-14 23:52:22,599 [DEBUG] cnn_neat: Split edge 5→4, new hidden node 8 (pool=12)
2026-08-14 23:52:22,604 [DEBUG] cnn_neat: Split edge 6→2, new hidden node 7 (pool=7)
2026-08-14 23:52:22,610 [DEBUG] cnn_neat: Added edge 7→1 (from 15 candidates)
2026-08-14 23:52:22,614 [DEBUG] cnn_neat: Added edge 0→3 (from 11 candidates)
2026-08-14 23:52:22,623 [DEBUG] cnn_neat: Split edge 4→6, new hidden node 8 (pool=8)
2026-08-14 23:52:22,629 [DEBUG] cnn_neat: Added edge 5→3 (from 14 candidates)
2026-08-14 23:52:22,636 [DEBUG] cnn_neat: Removed hidden node 5 (pool=5)
2026-08-14 23:52:22,640 [DEBUG] cnn_neat: Removed edge 7→3 (from 9 candidates)
2026-08-14 23:52:22,647 [DEBUG] cnn_neat: Removed 3 edges (requested 3)
2026-08-14 23:52:22,652 [DEBUG] cnn_neat: Split edge 5→3, new hidden node 8 (pool=10)
2026-08-14 23:52:22,656 [DEBUG] cnn_neat: Split edge 0→4, new hidden node 8 (pool=7)
2026-08-14 23:52:22,664 [DEBUG] cnn_neat: Split edge 2→3, new hidden node 8 (pool=12)
2026-08-14 23:52:22,669 [DEBUG] cnn_neat: Added edge 0→3 (from 15 candidates)
2026-08-14 23:52:22,676 [DEBUG] cnn_neat: Saved generation 8
2026-08-14 23:52:22,743 [DEBUG] cnn_neat: Selected 25 elite individuals
2026-08-14 23:52:22,746 [DEBUG] cnn_neat: Removed hidden node 7 (pool=5)
2026-08-14 23:52:22,763 [DEBUG] cnn_neat: Removed edge 4→7 (from 11 candidates)
2026-08-14 23:52:22,827 [DEBUG] cnn_neat: Removed 3 edges (requested 3)
2026-08-14 23:52:22,846 [DEBUG] cnn_neat: Split edge 0→5, new hidden node 9 (pool=11)
2026-08-14 23:52:22,855 [DEBUG] cnn_neat: Split edge 2→3, new hidden node 8 (pool=13)
2026-08-14 23:52:22,873 [DEBUG] cnn_neat: Split edge 0→5, new hidden node 8 (pool=10)
2026-08-14 23:52:22,886 [DEBUG] cnn_neat: Added edge 4→7 (from 13 candidates)
2026-08-14 23:52:22,898 [DEBUG] cnn_neat: Removed hidden node 5 (pool=5)
2026-08-14 23:52:22,906 [DEBUG] cnn_neat: Removed edge 5→3 (from 11 candidates)
2026-08-14 23:52:22,914 [DEBUG] cnn_neat: Removed 3 edges (requested 3)
2026-08-14 23:52:22,921 [DEBUG] cnn_neat: Split edge 5→3, new hidden node 8 (pool=10)
2026-08-14 23:52:22,925 [DEBUG] cnn_neat: Split edge 5→2, new hidden node 8 (pool=6)
2026-08-14 23:52:22,932 [DEBUG] cnn_neat: Added edge 0→7 (from 14 candidates)
2026-08-14 23:52:22,936 [DEBUG] cnn_neat: Added edge 2→4 (from 20 candidates)
2026-08-14 23:52:22,940 [DEBUG] cnn_neat: Trimmed elite queue to 128 entries
2026-08-14 23:52:23,228 [DEBUG] cnn_neat: Split edge 6→2, new hidden node 7 (pool=8)
2026-08-14 23:52:23,231 [DEBUG] cnn_neat: Split edge 2→1, new hidden node 10 (pool=15)
2026-08-14 23:52:23,237 [DEBUG] cnn_neat: Added edge 6→1 (from 6 candidates)
2026-08-14 23:52:23,240 [DEBUG] cnn_neat: Added edge 6→1 (from 23 candidates)
2026-08-14 23:52:23,248 [DEBUG] cnn_neat: Removed hidden node 4 (pool=3)
2026-08-14 23:52:23,255 [DEBUG] cnn_neat: Removed edge 5→6 (from 7 candidates)
2026-08-14 23:52:23,257 [DEBUG] cnn_neat: Removed hidden node 8 (pool=6)
2026-08-14 23:52:23,266 [DEBUG] cnn_neat: Removed edge 6→2 (from 14 candidates)
2026-08-14 23:52:23,266 [DEBUG] cnn_neat: Removed 3 edges (requested 3)
2026-08-14 23:52:23,275 [DEBUG] cnn_neat: Split edge 2→1, new hidden node 8 (pool=7)
2026-08-14 23:52:23,282 [DEBUG] cnn_neat: Removed 3 edges (requested 3)
2026-08-14 23:52:23,284 [DEBUG] cnn_neat: Split edge 4→6, new hidden node 7 (pool=9)
2026-08-14 23:52:23,291 [DEBUG] cnn_neat: Split edge 5→2, new hidden node 7 (pool=7)
2026-08-14 23:52:23,292 [DEBUG] cnn_neat: Crossover rejected: union topology invalid (edges=29 nodes=17)
2026-08-14 23:52:23,295 [DEBUG] cnn_neat: Split edge 2→3, new hidden node 10 (pool=15)
2026-08-14 23:52:23,298 [DEBUG] cnn_neat: Added edge 5→9 (from 23 candidates)
2026-08-14 23:52:23,301 [DEBUG] cnn_neat: Added edge 8→6 (from 21 candidates)
2026-08-14 23:52:23,303 [DEBUG] cnn_neat: Added edge 0→7 (from 17 candidates)
2026-08-14 23:52:23,307 [DEBUG] cnn_neat: Added edge 5→2 (from 16 candidates)
2026-08-14 23:52:23,310 [DEBUG] cnn_neat: Added edge 9→3 (from 15 candidates)
2026-08-14 23:52:23,312 [DEBUG] cnn_neat: Split edge 6→3, new hidden node 8 (pool=11)
2026-08-14 23:52:23,315 [DEBUG] cnn_neat: Added edge 7→3 (from 7 candidates)
2026-08-14 23:52:23,317 [DEBUG] cnn_neat: Split edge 7→3, new hidden node 8 (pool=12)
2026-08-14 23:52:23,321 [DEBUG] cnn_neat: Removed hidden node 3 (pool=3)
2026-08-14 23:52:23,324 [DEBUG] cnn_neat: Removed edge 6→3 (from 9 candidates)
2026-08-14 23:52:23,327 [DEBUG] cnn_neat: Removed 3 edges (requested 3)
2026-08-14 23:52:23,330 [DEBUG] cnn_neat: Crossover rejected: union topology invalid (edges=25 nodes=14)
2026-08-14 23:52:23,332 [DEBUG] cnn_neat: Split edge 0→3, new hidden node 8 (pool=11)
2026-08-14 23:52:23,334 [DEBUG] cnn_neat: Added edge 6→1 (from 7 candidates)
2026-08-14 23:52:23,337 [DEBUG] cnn_neat: Added edge 7→1 (from 6 candidates)
2026-08-14 23:52:23,340 [DEBUG] cnn_neat: Added edge 0→2 (from 5 candidates)
2026-08-14 23:52:23,342 [DEBUG] cnn_neat: Added edge 5→2 (from 6 candidates)
2026-08-14 23:52:23,345 [DEBUG] cnn_neat: Added edge 3→1 (from 5 candidates)
2026-08-14 23:52:23,347 [DEBUG] cnn_neat: Split edge 8→3, new hidden node 9 (pool=13)
2026-08-14 23:52:23,350 [DEBUG] cnn_neat: Added edge 8→6 (from 15 candidates)
2026-08-14 23:52:23,354 [DEBUG] cnn_neat: Removed hidden node 6 (pool=4)
2026-08-14 23:52:23,355 [DEBUG] cnn_neat: Removed edge 6→2 (from 11 candidates)
2026-08-14 23:52:23,360 [DEBUG] cnn_neat: Removed 3 edges (requested 3)
2026-08-14 23:52:23,363 [DEBUG] cnn_neat: Crossover rejected: union topology invalid (edges=27 nodes=14)
2026-08-14 23:52:23,366 [DEBUG] cnn_neat: Split edge 2→1, new hidden node 9 (pool=13)
2026-08-14 23:52:23,368 [DEBUG] cnn_neat: Added edge 5→3 (from 15 candidates)
2026-08-14 23:52:23,370 [DEBUG] cnn_neat: Added edge 7→8 (from 14 candidates)
2026-08-14 23:52:23,373 [DEBUG] cnn_neat: Added edge 8→1 (from 11 candidates)
2026-08-14 23:52:23,376 [DEBUG] cnn_neat: Added edge 0→2 (from 9 candidates)
2026-08-14 23:52:23,379 [DEBUG] cnn_neat: Added edge 0→6 (from 11 candidates)
2026-08-14 23:52:23,382 [DEBUG] cnn_neat: Split edge 2→1, new hidden node 10 (pool=8)
2026-08-14 23:52:23,385 [DEBUG] cnn_neat: Added edge 3→1 (from 27 candidates)
2026-08-14 23:52:23,389 [DEBUG] cnn_neat: Removed hidden node 7 (pool=6)
2026-08-14 23:52:23,391 [DEBUG] cnn_neat: Removed edge 5→6 (from 14 candidates)
2026-08-14 23:52:23,395 [DEBUG] cnn_neat: Removed 3 edges (requested 3)
2026-08-14 23:52:23,399 [DEBUG] cnn_neat: Crossover rejected: union topology invalid (edges=30 nodes=16)
2026-08-14 23:52:23,401 [DEBUG] cnn_neat: Split edge 0→6, new hidden node 10 (pool=8)
2026-08-14 23:52:23,404 [DEBUG] cnn_neat: Added edge 5→1 (from 27 candidates)
2026-08-14 23:52:23,407 [DEBUG] cnn_neat: Added edge 3→1 (from 26 candidates)
2026-08-14 23:52:23,411 [DEBUG] cnn_neat: Added edge 7→8 (from 25 candidates)
2026-08-14 23:52:23,415 [DEBUG] cnn_neat: Added edge 5→8 (from 21 candidates)
2026-08-14 23:52:23,418 [DEBUG] cnn_neat: Added edge 5→2 (from 20 candidates)
2026-08-14 23:52:23,423 [DEBUG] cnn_neat: Split edge 5→9, new hidden node 10 (pool=9)
2026-08-14 23:52:23,425 [DEBUG] cnn_neat: Added edge 7→9 (from 27 candidates)
2026-08-14 23:52:23,429 [DEBUG] cnn_neat: Removed hidden node 8 (pool=7)
2026-08-14 23:52:23,432 [DEBUG] cnn_neat: Removed edge 7→3 (from 13 candidates)
2026-08-14 23:52:23,437 [DEBUG] cnn_neat: Removed 3 edges (requested 3)
2026-08-14 23:52:23,441 [DEBUG] cnn_neat: Crossover rejected: union topology invalid (edges=29 nodes=17)
2026-08-14 23:52:23,444 [DEBUG] cnn_neat: Split edge 8→4, new hidden node 10 (pool=9)
2026-08-14 23:52:23,447 [DEBUG] cnn_neat: Added edge 3→1 (from 27 candidates)
2026-08-14 23:52:23,450 [DEBUG] cnn_neat: Added edge 8→6 (from 25 candidates)
2026-08-14 23:52:23,454 [DEBUG] cnn_neat: Added edge 6→1 (from 24 candidates)
2026-08-14 23:52:23,459 [DEBUG] cnn_neat: Added edge 8→7 (from 22 candidates)
2026-08-14 23:52:23,463 [DEBUG] cnn_neat: Added edge 8→2 (from 21 candidates)
2026-08-14 23:52:23,466 [DEBUG] cnn_neat: Split edge 4→6, new hidden node 8 (pool=9)
2026-08-14 23:52:23,468 [DEBUG] cnn_neat: Added edge 7→2 (from 14 candidates)
2026-08-14 23:52:23,472 [DEBUG] cnn_neat: Removed hidden node 6 (pool=4)
2026-08-14 23:52:23,474 [DEBUG] cnn_neat: Removed edge 5→6 (from 8 candidates)
2026-08-14 23:52:23,477 [DEBUG] cnn_neat: Removed 3 edges (requested 3)
2026-08-14 23:52:23,480 [DEBUG] cnn_neat: Crossover rejected: union topology invalid (edges=17 nodes=12)
2026-08-14 23:52:23,483 [DEBUG] cnn_neat: Split edge 4→5, new hidden node 8 (pool=9)
2026-08-14 23:52:23,485 [DEBUG] cnn_neat: Added edge 0→2 (from 14 candidates)
2026-08-14 23:52:23,488 [DEBUG] cnn_neat: Added edge 7→1 (from 13 candidates)
2026-08-14 23:52:23,491 [DEBUG] cnn_neat: Added edge 7→6 (from 12 candidates)
2026-08-14 23:52:23,493 [DEBUG] cnn_neat: Added edge 5→7 (from 9 candidates)
2026-08-14 23:52:23,496 [DEBUG] cnn_neat: Added edge 7→2 (from 7 candidates)
2026-08-14 23:52:23,499 [DEBUG] cnn_neat: Split edge 6→3, new hidden node 9 (pool=9)
2026-08-14 23:52:23,502 [DEBUG] cnn_neat: Added edge 4→3 (from 22 candidates)
2026-08-14 23:52:23,508 [DEBUG] cnn_neat: Removed hidden node 3 (pool=6)
2026-08-14 23:52:23,511 [DEBUG] cnn_neat: Removed edge 2→3 (from 13 candidates)
2026-08-14 23:52:23,515 [DEBUG] cnn_neat: Removed 3 edges (requested 3)
2026-08-14 23:52:23,519 [DEBUG] cnn_neat: Crossover rejected: union topology invalid (edges=29 nodes=16)
2026-08-14 23:52:23,522 [DEBUG] cnn_neat: Split edge 6→2, new hidden node 9 (pool=9)
2026-08-14 23:52:23,526 [DEBUG] cnn_neat: Added edge 7→6 (from 22 candidates)
2026-08-14 23:52:23,529 [DEBUG] cnn_neat: Added edge 0→8 (from 19 candidates)
2026-08-14 23:52:23,532 [DEBUG] cnn_neat: Added edge 4→7 (from 18 candidates)
2026-08-14 23:52:23,535 [DEBUG] cnn_neat: Added edge 0→6 (from 17 candidates)
2026-08-14 23:52:23,539 [DEBUG] cnn_neat: Added edge 4→2 (from 16 candidates)
2026-08-14 23:52:23,541 [DEBUG] cnn_neat: Split edge 5→2, new hidden node 7 (pool=7)
2026-08-14 23:52:23,603 [DEBUG] cnn_neat: Split edge 6→7, new hidden node 10 (pool=15)
2026-08-14 23:52:23,680 [DEBUG] cnn_neat: Added edge 9→2 (from 23 candidates)
2026-08-14 23:52:23,736 [DEBUG] cnn_neat: Removed hidden node 7 (pool=6)
2026-08-14 23:52:23,743 [DEBUG] cnn_neat: Removed edge 0→8 (from 14 candidates)
2026-08-14 23:52:23,756 [DEBUG] cnn_neat: Removed 3 edges (requested 3)
2026-08-14 23:52:23,764 [DEBUG] cnn_neat: Split edge 5→7, new hidden node 11 (pool=16)
2026-08-14 23:52:23,775 [DEBUG] cnn_neat: Split edge 5→6, new hidden node 8 (pool=13)
2026-08-14 23:52:23,781 [DEBUG] cnn_neat: Added edge 0→7 (from 7 candidates)
2026-08-14 23:52:23,791 [DEBUG] cnn_neat: Removed hidden node 7 (pool=4)
2026-08-14 23:52:23,797 [DEBUG] cnn_neat: Removed edge 7→3 (from 12 candidates)
2026-08-14 23:52:23,810 [DEBUG] cnn_neat: Removed 3 edges (requested 3)
2026-08-14 23:52:23,817 [DEBUG] cnn_neat: Split edge 5→3, new hidden node 9 (pool=14)
2026-08-14 23:52:23,824 [DEBUG] cnn_neat: Split edge 5→7, new hidden node 8 (pool=14)
2026-08-14 23:52:23,833 [DEBUG] cnn_neat: Split edge 5→3, new hidden node 8 (pool=12)
2026-08-14 23:52:23,839 [DEBUG] cnn_neat: Added edge 6→1 (from 6 candidates)
2026-08-14 23:52:23,849 [DEBUG] cnn_neat: Removed hidden node 6 (pool=3)
2026-08-14 23:52:24,099 [DEBUG] cnn_neat: Removed edge 5→6 (from 10 candidates)
2026-08-14 23:52:24,130 [DEBUG] cnn_neat: Removed 3 edges (requested 3)
2026-08-14 23:52:24,148 [DEBUG] cnn_neat: Split edge 6→3, new hidden node 8 (pool=11)
2026-08-14 23:52:24,157 [DEBUG] cnn_neat: Split edge 5→7, new hidden node 8 (pool=11)
2026-08-14 23:52:24,175 [DEBUG] cnn_neat: Split edge 2→1, new hidden node 8 (pool=9)
2026-08-14 23:52:24,244 [DEBUG] cnn_neat: Split edge 0→5, new hidden node 9 (pool=14)
2026-08-14 23:52:24,258 [DEBUG] cnn_neat: Added edge 8→6 (from 17 candidates)
2026-08-14 23:52:24,269 [DEBUG] cnn_neat: Removed hidden node 6 (pool=5)
2026-08-14 23:52:24,281 [DEBUG] cnn_neat: Removed edge 6→7 (from 13 candidates)
2026-08-14 23:52:24,288 [DEBUG] cnn_neat: Removed 3 edges (requested 3)
2026-08-14 23:52:24,294 [DEBUG] cnn_neat: Split edge 5→7, new hidden node 10 (pool=12)
2026-08-14 23:52:24,300 [DEBUG] cnn_neat: Split edge 0→5, new hidden node 9 (pool=15)
2026-08-14 23:52:24,307 [DEBUG] cnn_neat: Split edge 6→2, new hidden node 8 (pool=11)
2026-08-14 23:52:24,311 [DEBUG] cnn_neat: Added edge 0→7 (from 7 candidates)
2026-08-14 23:52:24,318 [DEBUG] cnn_neat: Removed hidden node 3 (pool=3)
2026-08-14 23:52:24,322 [DEBUG] cnn_neat: Removed edge 5→6 (from 9 candidates)
2026-08-14 23:52:24,329 [DEBUG] cnn_neat: Removed 3 edges (requested 3)
2026-08-14 23:52:24,334 [DEBUG] cnn_neat: Split edge 0→5, new hidden node 9 (pool=12)
2026-08-14 23:52:24,339 [DEBUG] cnn_neat: Split edge 2→3, new hidden node 8 (pool=12)
2026-08-14 23:52:24,346 [DEBUG] cnn_neat: Split edge 6→3, new hidden node 9 (pool=13)
2026-08-14 23:52:24,350 [DEBUG] cnn_neat: Added edge 8→6 (from 15 candidates)
2026-08-14 23:52:24,356 [DEBUG] cnn_neat: Removed hidden node 6 (pool=4)
2026-08-14 23:52:24,360 [DEBUG] cnn_neat: Removed edge 5→8 (from 11 candidates)
2026-08-14 23:52:24,369 [DEBUG] cnn_neat: Removed 3 edges (requested 3)
2026-08-14 23:52:24,372 [DEBUG] cnn_neat: Split edge 5→6, new hidden node 10 (pool=14)
2026-08-14 23:52:24,376 [DEBUG] cnn_neat: Split edge 0→5, new hidden node 9 (pool=12)
2026-08-14 23:52:24,379 [DEBUG] cnn_neat: Split edge 6→3, new hidden node 9 (pool=10)
2026-08-14 23:52:24,387 [DEBUG] cnn_neat: Split edge 7→3, new hidden node 10 (pool=8)
2026-08-14 23:52:24,392 [DEBUG] cnn_neat: Added edge 9→2 (from 27 candidates)
2026-08-14 23:52:24,399 [DEBUG] cnn_neat: Removed hidden node 8 (pool=6)
2026-08-14 23:52:24,403 [DEBUG] cnn_neat: Removed edge 5→3 (from 14 candidates)
2026-08-14 23:52:24,410 [DEBUG] cnn_neat: Removed 3 edges (requested 3)
2026-08-14 23:52:24,414 [DEBUG] cnn_neat: Split edge 0→6, new hidden node 11 (pool=7)
2026-08-14 23:52:24,421 [DEBUG] cnn_neat: Split edge 2→1, new hidden node 9 (pool=8)
2026-08-14 23:52:24,427 [DEBUG] cnn_neat: Added edge 8→2 (from 18 candidates)
2026-08-14 23:52:24,435 [DEBUG] cnn_neat: Removed hidden node 7 (pool=6)
2026-08-14 23:52:24,439 [DEBUG] cnn_neat: Removed edge 6→2 (from 12 candidates)
2026-08-14 23:52:24,447 [DEBUG] cnn_neat: Removed 3 edges (requested 3)
2026-08-14 23:52:24,452 [DEBUG] cnn_neat: Split edge 5→3, new hidden node 10 (pool=11)
2026-08-14 23:52:24,460 [DEBUG] cnn_neat: Split edge 6→3, new hidden node 10 (pool=9)
2026-08-14 23:52:24,464 [DEBUG] cnn_neat: Added edge 0→9 (from 27 candidates)
2026-08-14 23:52:24,472 [DEBUG] cnn_neat: Removed hidden node 9 (pool=7)
2026-08-14 23:52:24,476 [DEBUG] cnn_neat: Removed edge 2→7 (from 13 candidates)
2026-08-14 23:52:24,483 [DEBUG] cnn_neat: Removed 3 edges (requested 3)
2026-08-14 23:52:24,489 [DEBUG] cnn_neat: Split edge 5→8, new hidden node 11 (pool=6)
2026-08-14 23:52:24,497 [DEBUG] cnn_neat: Split edge 0→4, new hidden node 7 (pool=11)
2026-08-14 23:52:24,500 [DEBUG] cnn_neat: Added edge 5→3 (from 9 candidates)
2026-08-14 23:52:24,508 [DEBUG] cnn_neat: Removed hidden node 4 (pool=4)
2026-08-14 23:52:24,513 [DEBUG] cnn_neat: Removed edge 6→3 (from 10 candidates)
2026-08-14 23:52:24,521 [DEBUG] cnn_neat: Removed 3 edges (requested 3)
2026-08-14 23:52:24,525 [DEBUG] cnn_neat: Split edge 2→1, new hidden node 8 (pool=12)
2026-08-14 23:52:24,530 [DEBUG] cnn_neat: Split edge 2→3, new hidden node 7 (pool=12)
2026-08-14 23:52:24,594 [DEBUG] cnn_neat: Split edge 6→2, new hidden node 8 (pool=12)
2026-08-14 23:52:24,596 [DEBUG] cnn_neat: Added edge 7→2 (from 16 candidates)
2026-08-14 23:52:24,604 [DEBUG] cnn_neat: Removed hidden node 6 (pool=5)
2026-08-14 23:52:24,606 [DEBUG] cnn_neat: Removed edge 4→5 (from 11 candidates)
2026-08-14 23:52:24,617 [DEBUG] cnn_neat: Removed 3 edges (requested 3)
2026-08-14 23:52:24,627 [DEBUG] cnn_neat: Split edge 4→5, new hidden node 9 (pool=11)
2026-08-14 23:52:24,632 [DEBUG] cnn_neat: Split edge 5→2, new hidden node 8 (pool=13)
2026-08-14 23:52:24,637 [DEBUG] cnn_neat: Split edge 0→5, new hidden node 8 (pool=8)
2026-08-14 23:52:24,646 [DEBUG] cnn_neat: Split edge 5→6, new hidden node 9 (pool=9)
2026-08-14 23:52:24,652 [DEBUG] cnn_neat: Added edge 0→3 (from 25 candidates)
2026-08-14 23:52:24,660 [DEBUG] cnn_neat: Removed hidden node 4 (pool=6)
2026-08-14 23:52:24,666 [DEBUG] cnn_neat: Removed edge 6→3 (from 12 candidates)
2026-08-14 23:52:24,676 [DEBUG] cnn_neat: Removed 3 edges (requested 3)
2026-08-14 23:52:24,679 [DEBUG] cnn_neat: Split edge 6→2, new hidden node 10 (pool=9)
2026-08-14 23:52:24,692 [DEBUG] cnn_neat: Split edge 6→2, new hidden node 8 (pool=9)
2026-08-14 23:52:24,694 [DEBUG] cnn_neat: Added edge 4→2 (from 14 candidates)
2026-08-14 23:52:24,702 [DEBUG] cnn_neat: Removed hidden node 7 (pool=4)
2026-08-14 23:52:24,708 [DEBUG] cnn_neat: Removed edge 0→5 (from 8 candidates)
2026-08-14 23:52:24,718 [DEBUG] cnn_neat: Removed 3 edges (requested 3)
2026-08-14 23:52:24,727 [DEBUG] cnn_neat: Split edge 4→6, new hidden node 9 (pool=8)
2026-08-14 23:52:24,739 [DEBUG] cnn_neat: Split edge 2→3, new hidden node 9 (pool=9)
2026-08-14 23:52:24,750 [DEBUG] cnn_neat: Added edge 8→3 (from 22 candidates)
2026-08-14 23:52:24,904 [DEBUG] cnn_neat: Removed hidden node 8 (pool=6)
2026-08-14 23:52:24,913 [DEBUG] cnn_neat: Removed edge 7→3 (from 13 candidates)
2026-08-14 23:52:24,923 [DEBUG] cnn_neat: Removed 3 edges (requested 3)
2026-08-14 23:52:24,932 [DEBUG] cnn_neat: Split edge 4→6, new hidden node 10 (pool=7)
2026-08-14 23:52:24,943 [DEBUG] cnn_neat: Split edge 5→4, new hidden node 7 (pool=10)
2026-08-14 23:52:24,949 [DEBUG] cnn_neat: Added edge 5→3 (from 9 candidates)
2026-08-14 23:52:24,957 [DEBUG] cnn_neat: Removed hidden node 6 (pool=3)
2026-08-14 23:52:24,962 [DEBUG] cnn_neat: Removed edge 5→2 (from 8 candidates)
2026-08-14 23:52:24,974 [DEBUG] cnn_neat: Removed 3 edges (requested 3)
2026-08-14 23:52:24,982 [DEBUG] cnn_neat: Split edge 6→3, new hidden node 7 (pool=11)
2026-08-14 23:52:24,989 [DEBUG] cnn_neat: Added edge 0→2 (from 9 candidates)
2026-08-14 23:52:24,992 [DEBUG] cnn_neat: Split edge 2→3, new hidden node 8 (pool=9)
2026-08-14 23:52:25,001 [DEBUG] cnn_neat: Removed hidden node 3 (pool=3)
2026-08-14 23:52:25,005 [DEBUG] cnn_neat: Added edge 7→2 (from 13 candidates)
2026-08-14 23:52:25,011 [DEBUG] cnn_neat: Split edge 5→2, new hidden node 7 (pool=5)
2026-08-14 23:52:25,021 [DEBUG] cnn_neat: Split edge 2→1, new hidden node 9 (pool=8)
2026-08-14 23:52:25,026 [DEBUG] cnn_neat: Added edge 0→2 (from 19 candidates)
2026-08-14 23:52:25,174 [DEBUG] cnn_neat: Removed hidden node 7 (pool=6)
2026-08-14 23:52:25,181 [DEBUG] cnn_neat: Removed edge 5→3 (from 12 candidates)
2026-08-14 23:52:25,191 [DEBUG] cnn_neat: Removed 3 edges (requested 3)
2026-08-14 23:52:25,199 [DEBUG] cnn_neat: Split edge 5→2, new hidden node 10 (pool=11)
2026-08-14 23:52:25,208 [DEBUG] cnn_neat: Split edge 4→6, new hidden node 8 (pool=6)
2026-08-14 23:52:25,214 [DEBUG] cnn_neat: Added edge 0→4 (from 16 candidates)
2026-08-14 23:52:25,223 [DEBUG] cnn_neat: Removed hidden node 4 (pool=4)
2026-08-14 23:52:25,226 [DEBUG] cnn_neat: Removed edge 6→7 (from 6 candidates)
2026-08-14 23:52:25,231 [DEBUG] cnn_neat: Removed 3 edges (requested 3)
2026-08-14 23:52:25,239 [DEBUG] cnn_neat: Split edge 6→2, new hidden node 8 (pool=8)
2026-08-14 23:52:25,240 [DEBUG] cnn_neat: Split edge 0→5, new hidden node 8 (pool=3)
2026-08-14 23:52:25,246 [DEBUG] cnn_neat: Added edge 5→7 (from 21 candidates)
2026-08-14 23:52:25,247 [DEBUG] cnn_neat: Added edge 2→7 (from 20 candidates)
2026-08-14 23:52:25,256 [DEBUG] cnn_neat: Split edge 5→6, new hidden node 9 (pool=7)
2026-08-14 23:52:25,263 [DEBUG] cnn_neat: Added edge 6→1 (from 20 candidates)
2026-08-14 23:52:25,277 [DEBUG] cnn_neat: Removed hidden node 3 (pool=6)
2026-08-14 23:52:25,285 [DEBUG] cnn_neat: Removed edge 7→3 (from 9 candidates)
2026-08-14 23:52:25,295 [DEBUG] cnn_neat: Removed 3 edges (requested 3)
2026-08-14 23:52:25,298 [DEBUG] cnn_neat: Split edge 5→6, new hidden node 9 (pool=7)
2026-08-14 23:52:25,301 [DEBUG] cnn_neat: Split edge 5→2, new hidden node 9 (pool=7)
2026-08-14 23:52:25,302 [DEBUG] cnn_neat: Split edge 5→6, new hidden node 9 (pool=8)
2026-08-14 23:52:25,307 [DEBUG] cnn_neat: Split edge 2→1, new hidden node 9 (pool=9)
2026-08-14 23:52:25,311 [DEBUG] cnn_neat: Added edge 6→7 (from 18 candidates)
2026-08-14 23:52:25,458 [DEBUG] cnn_neat: Removed hidden node 4 (pool=6)
2026-08-14 23:52:25,463 [DEBUG] cnn_neat: Removed edge 6→3 (from 13 candidates)
2026-08-14 23:52:25,472 [DEBUG] cnn_neat: Removed 3 edges (requested 3)
2026-08-14 23:52:25,475 [DEBUG] cnn_neat: Split edge 2→3, new hidden node 9 (pool=11)
2026-08-14 23:52:25,477 [DEBUG] cnn_neat: Split edge 6→2, new hidden node 9 (pool=8)
2026-08-14 23:52:25,484 [DEBUG] cnn_neat: Split edge 8→4, new hidden node 9 (pool=9)
2026-08-14 23:52:25,489 [DEBUG] cnn_neat: Split edge 4→6, new hidden node 7 (pool=7)
2026-08-14 23:52:25,495 [DEBUG] cnn_neat: Added edge 5→1 (from 7 candidates)
2026-08-14 23:52:25,502 [DEBUG] cnn_neat: Removed hidden node 4 (pool=2)
2026-08-14 23:52:25,508 [DEBUG] cnn_neat: Removed edge 4→6 (from 5 candidates)
2026-08-14 23:52:25,514 [DEBUG] cnn_neat: Removed 3 edges (requested 3)
2026-08-14 23:52:25,516 [DEBUG] cnn_neat: Split edge 5→1, new hidden node 7 (pool=2)
2026-08-14 23:52:25,518 [DEBUG] cnn_neat: Split edge 5→6, new hidden node 7 (pool=6)
2026-08-14 23:52:25,519 [DEBUG] cnn_neat: Split edge 2→1, new hidden node 7 (pool=4)
2026-08-14 23:52:25,523 [DEBUG] cnn_neat: Split edge 5→2, new hidden node 8 (pool=6)
2026-08-14 23:52:25,532 [DEBUG] cnn_neat: Added edge 4→7 (from 11 candidates)
2026-08-14 23:52:25,535 [DEBUG] cnn_neat: Removed hidden node 6 (pool=3)
2026-08-14 23:52:25,538 [DEBUG] cnn_neat: Removed edge 6→2 (from 5 candidates)
2026-08-14 23:52:25,548 [DEBUG] cnn_neat: Removed 3 edges (requested 3)
2026-08-14 23:52:25,554 [DEBUG] cnn_neat: Split edge 5→4, new hidden node 9 (pool=9)
2026-08-14 23:52:25,562 [DEBUG] cnn_neat: Split edge 5→6, new hidden node 7 (pool=9)
2026-08-14 23:52:25,564 [DEBUG] cnn_neat: Added edge 0→6 (from 10 candidates)
2026-08-14 23:52:25,568 [DEBUG] cnn_neat: Removed hidden node 3 (pool=3)
2026-08-14 23:52:25,571 [DEBUG] cnn_neat: Removed edge 4→6 (from 7 candidates)
2026-08-14 23:52:25,581 [DEBUG] cnn_neat: Removed 3 edges (requested 3)
2026-08-14 23:52:25,587 [DEBUG] cnn_neat: Split edge 4→3, new hidden node 8 (pool=9)
2026-08-14 23:52:25,591 [DEBUG] cnn_neat: Split edge 0→6, new hidden node 7 (pool=10)
2026-08-14 23:52:25,595 [DEBUG] cnn_neat: Split edge 5→2, new hidden node 7 (pool=3)
2026-08-14 23:52:25,601 [DEBUG] cnn_neat: Split edge 2→1, new hidden node 8 (pool=8)
2026-08-14 23:52:25,603 [DEBUG] cnn_neat: Added edge 4→1 (from 15 candidates)
2026-08-14 23:52:25,607 [DEBUG] cnn_neat: Removed hidden node 3 (pool=4)
2026-08-14 23:52:25,613 [DEBUG] cnn_neat: Removed edge 6→2 (from 7 candidates)
2026-08-14 23:52:25,618 [DEBUG] cnn_neat: Removed 3 edges (requested 3)
2026-08-14 23:52:25,622 [DEBUG] cnn_neat: Split edge 0→5, new hidden node 9 (pool=11)
2026-08-14 23:52:25,630 [DEBUG] cnn_neat: Split edge 0→5, new hidden node 7 (pool=11)
2026-08-14 23:52:25,634 [DEBUG] cnn_neat: Added edge 5→1 (from 9 candidates)
2026-08-14 23:52:25,642 [DEBUG] cnn_neat: Removed hidden node 6 (pool=3)
2026-08-14 23:52:25,645 [DEBUG] cnn_neat: Removed edge 0→3 (from 9 candidates)
2026-08-14 23:52:25,652 [DEBUG] cnn_neat: Removed 3 edges (requested 3)
2026-08-14 23:52:25,654 [DEBUG] cnn_neat: Split edge 5→6, new hidden node 8 (pool=12)
2026-08-14 23:52:25,797 [DEBUG] cnn_neat: Split edge 0→3, new hidden node 7 (pool=3)
2026-08-14 23:52:25,808 [DEBUG] cnn_neat: Split edge 5→4, new hidden node 8 (pool=9)
2026-08-14 23:52:25,813 [DEBUG] cnn_neat: Added edge 6→7 (from 14 candidates)
2026-08-14 23:52:25,819 [DEBUG] cnn_neat: Removed hidden node 4 (pool=4)
2026-08-14 23:52:25,825 [DEBUG] cnn_neat: Removed edge 5→2 (from 9 candidates)
2026-08-14 23:52:25,830 [DEBUG] cnn_neat: Removed 3 edges (requested 3)
2026-08-14 23:52:25,832 [DEBUG] cnn_neat: Split edge 5→6, new hidden node 8 (pool=11)
2026-08-14 23:52:25,834 [DEBUG] cnn_neat: Split edge 5→3, new hidden node 8 (pool=7)
2026-08-14 23:52:25,837 [DEBUG] cnn_neat: Split edge 5→3, new hidden node 8 (pool=8)
2026-08-14 23:52:25,839 [DEBUG] cnn_neat: Added edge 2→7 (from 14 candidates)
2026-08-14 23:52:25,848 [DEBUG] cnn_neat: Removed hidden node 7 (pool=4)
2026-08-14 23:52:25,852 [DEBUG] cnn_neat: Removed edge 5→3 (from 8 candidates)
2026-08-14 23:52:25,858 [DEBUG] cnn_neat: Removed 3 edges (requested 3)
2026-08-14 23:52:25,860 [DEBUG] cnn_neat: Split edge 6→2, new hidden node 9 (pool=9)
2026-08-14 23:52:25,867 [DEBUG] cnn_neat: Split edge 6→2, new hidden node 8 (pool=11)
2026-08-14 23:52:25,878 [DEBUG] cnn_neat: Split edge 5→2, new hidden node 9 (pool=6)
2026-08-14 23:52:25,881 [DEBUG] cnn_neat: Added edge 0→7 (from 19 candidates)
2026-08-14 23:52:25,922 [DEBUG] cnn_neat: Removed hidden node 6 (pool=6)
2026-08-14 23:52:25,926 [DEBUG] cnn_neat: Removed edge 5→2 (from 12 candidates)
2026-08-14 23:52:25,944 [DEBUG] cnn_neat: Removed 3 edges (requested 3)
2026-08-14 23:52:25,949 [DEBUG] cnn_neat: Split edge 2→1, new hidden node 10 (pool=7)
2026-08-14 23:52:25,956 [DEBUG] cnn_neat: Split edge 6→2, new hidden node 10 (pool=6)
2026-08-14 23:52:26,131 [DEBUG] cnn_neat: Added edge 0→4 (from 26 candidates)
2026-08-14 23:52:26,142 [DEBUG] cnn_neat: Removed hidden node 3 (pool=7)
2026-08-14 23:52:26,148 [DEBUG] cnn_neat: Removed edge 2→7 (from 11 candidates)
2026-08-14 23:52:26,155 [DEBUG] cnn_neat: Removed 3 edges (requested 3)
2026-08-14 23:52:26,161 [DEBUG] cnn_neat: Split edge 0→5, new hidden node 11 (pool=5)
2026-08-14 23:52:26,174 [DEBUG] cnn_neat: Split edge 6→2, new hidden node 9 (pool=8)
2026-08-14 23:52:26,178 [DEBUG] cnn_neat: Added edge 5→8 (from 22 candidates)
2026-08-14 23:52:26,186 [DEBUG] cnn_neat: Removed hidden node 3 (pool=6)
2026-08-14 23:52:26,190 [DEBUG] cnn_neat: Removed edge 0→7 (from 13 candidates)
2026-08-14 23:52:26,203 [DEBUG] cnn_neat: Removed 3 edges (requested 3)
2026-08-14 23:52:26,209 [DEBUG] cnn_neat: Split edge 2→1, new hidden node 10 (pool=6)
2026-08-14 23:52:26,215 [DEBUG] cnn_neat: Split edge 0→5, new hidden node 9 (pool=8)
2026-08-14 23:52:26,224 [DEBUG] cnn_neat: Split edge 0→5, new hidden node 9 (pool=11)
2026-08-14 23:52:26,231 [DEBUG] cnn_neat: Added edge 0→8 (from 22 candidates)
2026-08-14 23:52:26,240 [DEBUG] cnn_neat: Removed hidden node 8 (pool=6)
2026-08-14 23:52:26,246 [DEBUG] cnn_neat: Removed edge 8→5 (from 12 candidates)
2026-08-14 23:52:26,255 [DEBUG] cnn_neat: Removed 3 edges (requested 3)
2026-08-14 23:52:26,261 [DEBUG] cnn_neat: Split edge 4→6, new hidden node 10 (pool=14)
2026-08-14 23:52:26,265 [DEBUG] cnn_neat: Split edge 8→5, new hidden node 9 (pool=14)
2026-08-14 23:52:26,274 [DEBUG] cnn_neat: Saved generation 9
2026-08-14 23:52:26,310 [DEBUG] cnn_neat: Split edge 6→2, new hidden node 7 (pool=10)
2026-08-14 23:52:26,342 [DEBUG] cnn_neat: Selected 25 elite individuals
2026-08-14 23:52:26,351 [DEBUG] cnn_neat: Added edge 0→3 (from 11 candidates)
2026-08-14 23:52:26,365 [DEBUG] cnn_neat: Removed hidden node 5 (pool=4)
2026-08-14 23:52:26,412 [DEBUG] cnn_neat: Removed edge 5→2 (from 9 candidates)
2026-08-14 23:52:26,436 [DEBUG] cnn_neat: Removed 3 edges (requested 3)
2026-08-14 23:52:26,452 [DEBUG] cnn_neat: Split edge 2→1, new hidden node 8 (pool=9)
2026-08-14 23:52:26,460 [DEBUG] cnn_neat: Split edge 0→3, new hidden node 7 (pool=11)
2026-08-14 23:52:26,474 [DEBUG] cnn_neat: Split edge 5→7, new hidden node 9 (pool=5)
2026-08-14 23:52:26,482 [DEBUG] cnn_neat: Added edge 0→8 (from 32 candidates)
2026-08-14 23:52:26,497 [DEBUG] cnn_neat: Removed hidden node 4 (pool=6)
2026-08-14 23:52:26,502 [DEBUG] cnn_neat: Removed edge 5→2 (from 9 candidates)
2026-08-14 23:52:26,512 [DEBUG] cnn_neat: Removed 3 edges (requested 3)
2026-08-14 23:52:26,517 [DEBUG] cnn_neat: Split edge 2→1, new hidden node 10 (pool=4)
2026-08-14 23:52:26,526 [DEBUG] cnn_neat: Split edge 4→8, new hidden node 9 (pool=11)
2026-08-14 23:52:26,531 [DEBUG] cnn_neat: Added edge 5→8 (from 18 candidates)
2026-08-14 23:52:26,540 [DEBUG] cnn_neat: Removed hidden node 3 (pool=5)
2026-08-14 23:52:26,546 [DEBUG] cnn_neat: Removed edge 5→2 (from 10 candidates)
2026-08-14 23:52:26,551 [DEBUG] cnn_neat: Trimmed elite queue to 128 entries
2026-08-14 23:52:26,844 [DEBUG] cnn_neat: Removed 3 edges (requested 3)
2026-08-14 23:52:26,848 [DEBUG] cnn_neat: Split edge 5→7, new hidden node 10 (pool=13)
2026-08-14 23:52:26,852 [DEBUG] cnn_neat: Split edge 4→6, new hidden node 10 (pool=8)
2026-08-14 23:52:26,855 [DEBUG] cnn_neat: Added edge 0→6 (from 13 candidates)
2026-08-14 23:52:26,859 [DEBUG] cnn_neat: Removed hidden node 5 (pool=5)
2026-08-14 23:52:26,861 [DEBUG] cnn_neat: Removed edge 5→7 (from 12 candidates)
2026-08-14 23:52:26,867 [DEBUG] cnn_neat: Removed 3 edges (requested 3)
2026-08-14 23:52:26,870 [DEBUG] cnn_neat: Crossover rejected: union topology invalid (edges=26 nodes=14)
2026-08-14 23:52:26,872 [DEBUG] cnn_neat: Split edge 0→5, new hidden node 10 (pool=13)
2026-08-14 23:52:26,875 [DEBUG] cnn_neat: Added edge 5→2 (from 13 candidates)
2026-08-14 23:52:26,877 [DEBUG] cnn_neat: Added edge 9→1 (from 14 candidates)
2026-08-14 23:52:26,880 [DEBUG] cnn_neat: Added edge 0→7 (from 13 candidates)
2026-08-14 23:52:26,883 [DEBUG] cnn_neat: Added edge 7→1 (from 12 candidates)
2026-08-14 23:52:26,885 [DEBUG] cnn_neat: Added edge 6→1 (from 11 candidates)
2026-08-14 23:52:26,889 [DEBUG] cnn_neat: Split edge 2→1, new hidden node 11 (pool=14)
2026-08-14 23:52:26,892 [DEBUG] cnn_neat: Added edge 10→1 (from 29 candidates)
2026-08-14 23:52:26,897 [DEBUG] cnn_neat: Removed hidden node 9 (pool=7)
2026-08-14 23:52:26,899 [DEBUG] cnn_neat: Removed edge 5→7 (from 15 candidates)
2026-08-14 23:52:26,904 [DEBUG] cnn_neat: Removed 3 edges (requested 3)
2026-08-14 23:52:26,908 [DEBUG] cnn_neat: Crossover rejected: union topology invalid (edges=28 nodes=16)
2026-08-14 23:52:26,910 [DEBUG] cnn_neat: Split edge 8→3, new hidden node 11 (pool=14)
2026-08-14 23:52:26,914 [DEBUG] cnn_neat: Added edge 8→9 (from 29 candidates)
2026-08-14 23:52:26,917 [DEBUG] cnn_neat: Added edge 5→8 (from 23 candidates)
2026-08-14 23:52:26,919 [DEBUG] cnn_neat: Added edge 9→2 (from 20 candidates)
2026-08-14 23:52:26,922 [DEBUG] cnn_neat: Added edge 6→10 (from 19 candidates)
2026-08-14 23:52:26,926 [DEBUG] cnn_neat: Added edge 0→7 (from 18 candidates)
2026-08-14 23:52:26,928 [DEBUG] cnn_neat: Split edge 5→6, new hidden node 8 (pool=7)
2026-08-14 23:52:26,931 [DEBUG] cnn_neat: Added edge 7→1 (from 6 candidates)
2026-08-14 23:52:26,934 [DEBUG] cnn_neat: Removed hidden node 6 (pool=2)
2026-08-14 23:52:26,936 [DEBUG] cnn_neat: Removed edge 5→7 (from 5 candidates)
2026-08-14 23:52:26,939 [DEBUG] cnn_neat: Removed 3 edges (requested 3)
2026-08-14 23:52:26,940 [DEBUG] cnn_neat: Split edge 7→2, new hidden node 8 (pool=4)
2026-08-14 23:52:26,943 [DEBUG] cnn_neat: Crossover rejected: union topology invalid (edges=21 nodes=14)
2026-08-14 23:52:26,945 [DEBUG] cnn_neat: Split edge 0→5, new hidden node 8 (pool=7)
2026-08-14 23:52:26,947 [DEBUG] cnn_neat: Added edge 0→7 (from 6 candidates)
2026-08-14 23:52:26,950 [DEBUG] cnn_neat: Added edge 5→1 (from 6 candidates)
2026-08-14 23:52:26,953 [DEBUG] cnn_neat: Added edge 7→1 (from 5 candidates)
2026-08-14 23:52:26,955 [DEBUG] cnn_neat: Added edge 0→6 (from 4 candidates)
2026-08-14 23:52:26,958 [DEBUG] cnn_neat: Added edge 6→1 (from 3 candidates)
2026-08-14 23:52:26,960 [DEBUG] cnn_neat: Split edge 7→2, new hidden node 8 (pool=10)
2026-08-14 23:52:26,962 [DEBUG] cnn_neat: Added edge 0→2 (from 9 candidates)
2026-08-14 23:52:26,966 [DEBUG] cnn_neat: Removed hidden node 3 (pool=3)
2026-08-14 23:52:26,968 [DEBUG] cnn_neat: Split edge 6→7, new hidden node 8 (pool=7)
2026-08-14 23:52:26,970 [DEBUG] cnn_neat: Removed edge 5→3 (from 8 candidates)
2026-08-14 23:52:26,973 [DEBUG] cnn_neat: Removed 3 edges (requested 3)
2026-08-14 23:52:26,976 [DEBUG] cnn_neat: Crossover rejected: union topology invalid (edges=23 nodes=13)
2026-08-14 23:52:26,978 [DEBUG] cnn_neat: Split edge 5→6, new hidden node 8 (pool=10)
2026-08-14 23:52:26,981 [DEBUG] cnn_neat: Added edge 0→6 (from 9 candidates)
2026-08-14 23:52:26,983 [DEBUG] cnn_neat: Added edge 0→2 (from 9 candidates)
2026-08-14 23:52:26,985 [DEBUG] cnn_neat: Added edge 0→7 (from 8 candidates)
2026-08-14 23:52:26,988 [DEBUG] cnn_neat: Added edge 5→2 (from 6 candidates)
2026-08-14 23:52:26,990 [DEBUG] cnn_neat: Added edge 6→1 (from 5 candidates)
2026-08-14 23:52:26,993 [DEBUG] cnn_neat: Split edge 5→6, new hidden node 8 (pool=10)
2026-08-14 23:52:26,996 [DEBUG] cnn_neat: Added edge 0→2 (from 8 candidates)
2026-08-14 23:52:26,999 [DEBUG] cnn_neat: Removed hidden node 3 (pool=3)
2026-08-14 23:52:27,001 [DEBUG] cnn_neat: Split edge 0→5, new hidden node 8 (pool=7)
2026-08-14 23:52:27,003 [DEBUG] cnn_neat: Added edge 0→7 (from 9 candidates)
2026-08-14 23:52:27,005 [DEBUG] cnn_neat: Removed edge 6→2 (from 8 candidates)
2026-08-14 23:52:27,009 [DEBUG] cnn_neat: Removed 3 edges (requested 3)
2026-08-14 23:52:27,011 [DEBUG] cnn_neat: Crossover rejected: copied edge has no live Conv2d
2026-08-14 23:52:27,014 [DEBUG] cnn_neat: Split edge 7→2, new hidden node 8 (pool=10)
2026-08-14 23:52:27,016 [DEBUG] cnn_neat: Added edge 0→6 (from 8 candidates)
2026-08-14 23:52:27,019 [DEBUG] cnn_neat: Added edge 7→3 (from 9 candidates)
2026-08-14 23:52:27,021 [DEBUG] cnn_neat: Added edge 6→3 (from 8 candidates)
2026-08-14 23:52:27,022 [DEBUG] cnn_neat: Added edge 5→1 (from 7 candidates)
2026-08-14 23:52:27,025 [DEBUG] cnn_neat: Added edge 6→1 (from 6 candidates)
2026-08-14 23:52:27,027 [DEBUG] cnn_neat: Split edge 8→3, new hidden node 9 (pool=11)
2026-08-14 23:52:27,029 [DEBUG] cnn_neat: Added edge 5→8 (from 16 candidates)
2026-08-14 23:52:27,032 [DEBUG] cnn_neat: Removed hidden node 6 (pool=4)
2026-08-14 23:52:27,035 [DEBUG] cnn_neat: Removed edge 5→6 (from 9 candidates)
2026-08-14 23:52:27,039 [DEBUG] cnn_neat: Removed 3 edges (requested 3)
2026-08-14 23:52:27,042 [DEBUG] cnn_neat: Crossover rejected: union topology invalid (edges=24 nodes=16)
2026-08-14 23:52:27,043 [DEBUG] cnn_neat: Split edge 2→3, new hidden node 9 (pool=11)
2026-08-14 23:52:27,046 [DEBUG] cnn_neat: Added edge 5→2 (from 16 candidates)
2026-08-14 23:52:27,048 [DEBUG] cnn_neat: Added edge 6→3 (from 14 candidates)
2026-08-14 23:52:27,050 [DEBUG] cnn_neat: Added edge 0→3 (from 13 candidates)
2026-08-14 23:52:27,053 [DEBUG] cnn_neat: Added edge 0→7 (from 12 candidates)
2026-08-14 23:52:27,056 [DEBUG] cnn_neat: Added edge 7→3 (from 10 candidates)
2026-08-14 23:52:27,058 [DEBUG] cnn_neat: Split edge 0→3, new hidden node 9 (pool=12)
2026-08-14 23:52:27,060 [DEBUG] cnn_neat: Added edge 0→8 (from 14 candidates)
2026-08-14 23:52:27,064 [DEBUG] cnn_neat: Removed hidden node 8 (pool=4)
2026-08-14 23:52:27,065 [DEBUG] cnn_neat: Split edge 7→2, new hidden node 8 (pool=10)
2026-08-14 23:52:27,068 [DEBUG] cnn_neat: Added edge 7→3 (from 13 candidates)
2026-08-14 23:52:27,070 [DEBUG] cnn_neat: Removed edge 7→2 (from 10 candidates)
2026-08-14 23:52:27,073 [DEBUG] cnn_neat: Removed 3 edges (requested 3)
2026-08-14 23:52:27,077 [DEBUG] cnn_neat: Crossover rejected: union topology invalid (edges=28 nodes=16)
2026-08-14 23:52:27,079 [DEBUG] cnn_neat: Split edge 2→1, new hidden node 9 (pool=12)
2026-08-14 23:52:27,082 [DEBUG] cnn_neat: Added edge 7→8 (from 14 candidates)
2026-08-14 23:52:27,084 [DEBUG] cnn_neat: Added edge 5→2 (from 12 candidates)
2026-08-14 23:52:27,086 [DEBUG] cnn_neat: Added edge 0→6 (from 11 candidates)
2026-08-14 23:52:27,088 [DEBUG] cnn_neat: Added edge 2→8 (from 13 candidates)
2026-08-14 23:52:27,090 [DEBUG] cnn_neat: Added edge 5→8 (from 11 candidates)
2026-08-14 23:52:27,093 [DEBUG] cnn_neat: Split edge 2→1, new hidden node 9 (pool=12)
2026-08-14 23:52:27,147 [DEBUG] cnn_neat: Split edge 8→3, new hidden node 10 (pool=15)
2026-08-14 23:52:27,222 [DEBUG] cnn_neat: Added edge 9→2 (from 23 candidates)
2026-08-14 23:52:27,286 [DEBUG] cnn_neat: Removed hidden node 5 (pool=6)
2026-08-14 23:52:27,293 [DEBUG] cnn_neat: Removed edge 7→3 (from 14 candidates)
2026-08-14 23:52:27,306 [DEBUG] cnn_neat: Removed 3 edges (requested 3)
2026-08-14 23:52:27,313 [DEBUG] cnn_neat: Split edge 6→2, new hidden node 11 (pool=13)
2026-08-14 23:52:27,319 [DEBUG] cnn_neat: Split edge 6→7, new hidden node 10 (pool=11)
2026-08-14 23:52:27,339 [DEBUG] cnn_neat: Split edge 5→7, new hidden node 10 (pool=13)
2026-08-14 23:52:27,346 [DEBUG] cnn_neat: Added edge 6→1 (from 13 candidates)
2026-08-14 23:52:27,614 [DEBUG] cnn_neat: Removed hidden node 5 (pool=5)
2026-08-14 23:52:27,632 [DEBUG] cnn_neat: Removed edge 6→3 (from 12 candidates)
2026-08-14 23:52:27,665 [DEBUG] cnn_neat: Removed 3 edges (requested 3)
2026-08-14 23:52:27,679 [DEBUG] cnn_neat: Split edge 5→7, new hidden node 10 (pool=12)
2026-08-14 23:52:27,741 [DEBUG] cnn_neat: Split edge 6→7, new hidden node 11 (pool=14)
2026-08-14 23:52:27,750 [DEBUG] cnn_neat: Added edge 6→8 (from 29 candidates)
2026-08-14 23:52:27,768 [DEBUG] cnn_neat: Removed hidden node 3 (pool=7)
2026-08-14 23:52:27,781 [DEBUG] cnn_neat: Removed edge 5→7 (from 15 candidates)
2026-08-14 23:52:27,790 [DEBUG] cnn_neat: Removed 3 edges (requested 3)
2026-08-14 23:52:27,796 [DEBUG] cnn_neat: Split edge 9→6, new hidden node 12 (pool=15)
2026-08-14 23:52:27,801 [DEBUG] cnn_neat: Split edge 7→3, new hidden node 11 (pool=15)
2026-08-14 23:52:27,808 [DEBUG] cnn_neat: Split edge 7→3, new hidden node 8 (pool=13)
2026-08-14 23:52:27,814 [DEBUG] cnn_neat: Added edge 3→1 (from 7 candidates)
2026-08-14 23:52:27,820 [DEBUG] cnn_neat: Removed hidden node 7 (pool=4)
2026-08-14 23:52:27,824 [DEBUG] cnn_neat: Removed edge 7→2 (from 12 candidates)
2026-08-14 23:52:27,832 [DEBUG] cnn_neat: Removed 3 edges (requested 3)
2026-08-14 23:52:27,837 [DEBUG] cnn_neat: Split edge 2→1, new hidden node 9 (pool=12)
2026-08-14 23:52:27,844 [DEBUG] cnn_neat: Split edge 5→7, new hidden node 8 (pool=8)
2026-08-14 23:52:27,849 [DEBUG] cnn_neat: Split edge 0→6, new hidden node 8 (pool=10)
2026-08-14 23:52:27,855 [DEBUG] cnn_neat: Split edge 0→3, new hidden node 8 (pool=12)
2026-08-14 23:52:27,859 [DEBUG] cnn_neat: Added edge 7→1 (from 6 candidates)
2026-08-14 23:52:27,866 [DEBUG] cnn_neat: Removed hidden node 3 (pool=3)
2026-08-14 23:52:27,870 [DEBUG] cnn_neat: Removed edge 6→2 (from 10 candidates)
2026-08-14 23:52:27,875 [DEBUG] cnn_neat: Removed 3 edges (requested 3)
2026-08-14 23:52:27,879 [DEBUG] cnn_neat: Split edge 0→8, new hidden node 9 (pool=13)
2026-08-14 23:52:27,884 [DEBUG] cnn_neat: Split edge 5→7, new hidden node 8 (pool=11)
2026-08-14 23:52:27,887 [DEBUG] cnn_neat: Split edge 2→1, new hidden node 8 (pool=9)
2026-08-14 23:52:27,894 [DEBUG] cnn_neat: Split edge 7→3, new hidden node 9 (pool=14)
2026-08-14 23:52:27,899 [DEBUG] cnn_neat: Added edge 8→6 (from 17 candidates)
2026-08-14 23:52:27,907 [DEBUG] cnn_neat: Removed hidden node 8 (pool=5)
2026-08-14 23:52:27,910 [DEBUG] cnn_neat: Removed edge 0→5 (from 13 candidates)
2026-08-14 23:52:27,919 [DEBUG] cnn_neat: Removed 3 edges (requested 3)
2026-08-14 23:52:27,924 [DEBUG] cnn_neat: Split edge 0→8, new hidden node 10 (pool=13)
2026-08-14 23:52:27,930 [DEBUG] cnn_neat: Split edge 5→7, new hidden node 8 (pool=12)
2026-08-14 23:52:27,937 [DEBUG] cnn_neat: Split edge 0→5, new hidden node 8 (pool=11)
2026-08-14 23:52:27,941 [DEBUG] cnn_neat: Added edge 0→2 (from 7 candidates)
2026-08-14 23:52:27,948 [DEBUG] cnn_neat: Removed hidden node 7 (pool=3)
2026-08-14 23:52:27,952 [DEBUG] cnn_neat: Removed edge 0→3 (from 9 candidates)
2026-08-14 23:52:27,958 [DEBUG] cnn_neat: Removed 3 edges (requested 3)
2026-08-14 23:52:27,962 [DEBUG] cnn_neat: Split edge 2→3, new hidden node 9 (pool=12)
2026-08-14 23:52:27,965 [DEBUG] cnn_neat: Split edge 0→3, new hidden node 8 (pool=5)
2026-08-14 23:52:27,969 [DEBUG] cnn_neat: Split edge 0→5, new hidden node 8 (pool=8)
2026-08-14 23:52:27,975 [DEBUG] cnn_neat: Split edge 6→3, new hidden node 9 (pool=13)
2026-08-14 23:52:27,978 [DEBUG] cnn_neat: Added edge 0→8 (from 15 candidates)
2026-08-14 23:52:27,984 [DEBUG] cnn_neat: Removed hidden node 8 (pool=4)
2026-08-14 23:52:27,989 [DEBUG] cnn_neat: Removed edge 5→6 (from 11 candidates)
2026-08-14 23:52:27,996 [DEBUG] cnn_neat: Removed 3 edges (requested 3)
2026-08-14 23:52:28,001 [DEBUG] cnn_neat: Split edge 0→3, new hidden node 9 (pool=14)
2026-08-14 23:52:28,005 [DEBUG] cnn_neat: Split edge 6→3, new hidden node 8 (pool=11)
2026-08-14 23:52:28,071 [DEBUG] cnn_neat: Split edge 7→3, new hidden node 10 (pool=8)
2026-08-14 23:52:28,076 [DEBUG] cnn_neat: Added edge 7→8 (from 27 candidates)
2026-08-14 23:52:28,080 [DEBUG] cnn_neat: Removed hidden node 6 (pool=6)
2026-08-14 23:52:28,082 [DEBUG] cnn_neat: Removed edge 6→2 (from 14 candidates)
2026-08-14 23:52:28,095 [DEBUG] cnn_neat: Removed 3 edges (requested 3)
2026-08-14 23:52:28,097 [DEBUG] cnn_neat: Split edge 7→8, new hidden node 10 (pool=9)
2026-08-14 23:52:28,099 [DEBUG] cnn_neat: Split edge 0→8, new hidden node 10 (pool=10)
2026-08-14 23:52:28,107 [DEBUG] cnn_neat: Split edge 6→7, new hidden node 8 (pool=7)
2026-08-14 23:52:28,113 [DEBUG] cnn_neat: Added edge 0→6 (from 6 candidates)
2026-08-14 23:52:28,123 [DEBUG] cnn_neat: Removed hidden node 6 (pool=2)
2026-08-14 23:52:28,125 [DEBUG] cnn_neat: Removed edge 5→6 (from 5 candidates)
2026-08-14 23:52:28,129 [DEBUG] cnn_neat: Removed 3 edges (requested 3)
2026-08-14 23:52:28,134 [DEBUG] cnn_neat: Split edge 6→2, new hidden node 8 (pool=6)
2026-08-14 23:52:28,135 [DEBUG] cnn_neat: Added edge 0→7 (from 8 candidates)
2026-08-14 23:52:28,139 [DEBUG] cnn_neat: Split edge 8→2, new hidden node 9 (pool=7)
2026-08-14 23:52:28,143 [DEBUG] cnn_neat: Removed hidden node 6 (pool=1)
2026-08-14 23:52:28,148 [DEBUG] cnn_neat: Added edge 8→7 (from 15 candidates)
2026-08-14 23:52:28,150 [DEBUG] cnn_neat: Split edge 2→1, new hidden node 8 (pool=7)
2026-08-14 23:52:28,160 [DEBUG] cnn_neat: Split edge 6→3, new hidden node 8 (pool=10)
2026-08-14 23:52:28,163 [DEBUG] cnn_neat: Added edge 3→1 (from 9 candidates)
2026-08-14 23:52:28,170 [DEBUG] cnn_neat: Removed hidden node 7 (pool=3)
2026-08-14 23:52:28,172 [DEBUG] cnn_neat: Removed edge 5→7 (from 8 candidates)
2026-08-14 23:52:28,181 [DEBUG] cnn_neat: Removed 3 edges (requested 3)
2026-08-14 23:52:28,184 [DEBUG] cnn_neat: Split edge 0→5, new hidden node 8 (pool=9)
2026-08-14 23:52:28,186 [DEBUG] cnn_neat: Split edge 2→1, new hidden node 7 (pool=7)
2026-08-14 23:52:28,190 [DEBUG] cnn_neat: Split edge 0→5, new hidden node 8 (pool=10)
2026-08-14 23:52:28,192 [DEBUG] cnn_neat: Added edge 5→2 (from 8 candidates)
2026-08-14 23:52:28,199 [DEBUG] cnn_neat: Removed hidden node 3 (pool=3)
2026-08-14 23:52:28,201 [DEBUG] cnn_neat: Removed edge 5→6 (from 8 candidates)
2026-08-14 23:52:28,211 [DEBUG] cnn_neat: Removed 3 edges (requested 3)
2026-08-14 23:52:28,216 [DEBUG] cnn_neat: Split edge 8→5, new hidden node 9 (pool=11)
2026-08-14 23:52:28,219 [DEBUG] cnn_neat: Split edge 5→3, new hidden node 8 (pool=11)
2026-08-14 23:52:28,226 [DEBUG] cnn_neat: Split edge 5→3, new hidden node 9 (pool=11)
2026-08-14 23:52:28,232 [DEBUG] cnn_neat: Added edge 0→8 (from 16 candidates)
2026-08-14 23:52:28,239 [DEBUG] cnn_neat: Removed hidden node 7 (pool=4)
2026-08-14 23:52:28,243 [DEBUG] cnn_neat: Removed edge 2→3 (from 9 candidates)
2026-08-14 23:52:28,254 [DEBUG] cnn_neat: Removed 3 edges (requested 3)
2026-08-14 23:52:28,411 [DEBUG] cnn_neat: Split edge 8→3, new hidden node 10 (pool=12)
2026-08-14 23:52:28,422 [DEBUG] cnn_neat: Split edge 2→1, new hidden node 9 (pool=12)
2026-08-14 23:52:28,427 [DEBUG] cnn_neat: Added edge 0→8 (from 14 candidates)
2026-08-14 23:52:28,433 [DEBUG] cnn_neat: Removed hidden node 6 (pool=4)
2026-08-14 23:52:28,438 [DEBUG] cnn_neat: Removed edge 7→2 (from 10 candidates)
2026-08-14 23:52:28,446 [DEBUG] cnn_neat: Removed 3 edges (requested 3)
2026-08-14 23:52:28,448 [DEBUG] cnn_neat: Split edge 5→7, new hidden node 9 (pool=8)
2026-08-14 23:52:28,450 [DEBUG] cnn_neat: Split edge 0→3, new hidden node 9 (pool=9)
2026-08-14 23:52:28,452 [DEBUG] cnn_neat: Added edge 0→2 (from 13 candidates)
2026-08-14 23:52:28,460 [DEBUG] cnn_neat: Added edge 3→7 (from 22 candidates)
2026-08-14 23:52:28,470 [DEBUG] cnn_neat: Split edge 6→2, new hidden node 9 (pool=12)
2026-08-14 23:52:28,474 [DEBUG] cnn_neat: Added edge 7→8 (from 17 candidates)
2026-08-14 23:52:28,483 [DEBUG] cnn_neat: Removed hidden node 7 (pool=4)
2026-08-14 23:52:28,490 [DEBUG] cnn_neat: Removed edge 6→3 (from 10 candidates)
2026-08-14 23:52:28,496 [DEBUG] cnn_neat: Removed 3 edges (requested 3)
2026-08-14 23:52:28,501 [DEBUG] cnn_neat: Split edge 0→5, new hidden node 10 (pool=13)
2026-08-14 23:52:28,512 [DEBUG] cnn_neat: Split edge 2→1, new hidden node 9 (pool=13)
2026-08-14 23:52:28,520 [DEBUG] cnn_neat: Added edge 5→2 (from 12 candidates)
2026-08-14 23:52:28,532 [DEBUG] cnn_neat: Removed hidden node 3 (pool=4)
2026-08-14 23:52:28,537 [DEBUG] cnn_neat: Removed edge 2→3 (from 11 candidates)
2026-08-14 23:52:28,546 [DEBUG] cnn_neat: Removed 3 edges (requested 3)
2026-08-14 23:52:28,697 [DEBUG] cnn_neat: Split edge 6→3, new hidden node 10 (pool=14)
2026-08-14 23:52:28,705 [DEBUG] cnn_neat: Split edge 6→2, new hidden node 9 (pool=11)
2026-08-14 23:52:28,713 [DEBUG] cnn_neat: Split edge 2→3, new hidden node 10 (pool=14)
2026-08-14 23:52:28,720 [DEBUG] cnn_neat: Added edge 2→9 (from 24 candidates)
2026-08-14 23:52:28,734 [DEBUG] cnn_neat: Removed hidden node 7 (pool=5)
2026-08-14 23:52:28,738 [DEBUG] cnn_neat: Removed edge 7→2 (from 12 candidates)
2026-08-14 23:52:28,741 [DEBUG] cnn_neat: Removed 3 edges (requested 3)
2026-08-14 23:52:28,744 [DEBUG] cnn_neat: Split edge 7→2, new hidden node 11 (pool=13)
2026-08-14 23:52:28,756 [DEBUG] cnn_neat: Split edge 0→8, new hidden node 11 (pool=16)
2026-08-14 23:52:28,762 [DEBUG] cnn_neat: Added edge 6→1 (from 33 candidates)
2026-08-14 23:52:28,772 [DEBUG] cnn_neat: Removed hidden node 5 (pool=7)
2026-08-14 23:52:28,779 [DEBUG] cnn_neat: Removed edge 6→2 (from 15 candidates)
2026-08-14 23:52:28,790 [DEBUG] cnn_neat: Removed 3 edges (requested 3)
2026-08-14 23:52:28,795 [DEBUG] cnn_neat: Split edge 2→3, new hidden node 12 (pool=14)
2026-08-14 23:52:28,808 [DEBUG] cnn_neat: Split edge 2→1, new hidden node 9 (pool=8)
2026-08-14 23:52:28,811 [DEBUG] cnn_neat: Added edge 8→2 (from 18 candidates)
2026-08-14 23:52:28,820 [DEBUG] cnn_neat: Removed hidden node 6 (pool=6)
2026-08-14 23:52:28,826 [DEBUG] cnn_neat: Removed edge 0→5 (from 12 candidates)
2026-08-14 23:52:28,835 [DEBUG] cnn_neat: Removed 3 edges (requested 3)
2026-08-14 23:52:28,837 [DEBUG] cnn_neat: Split edge 2→1, new hidden node 9 (pool=7)
2026-08-14 23:52:28,843 [DEBUG] cnn_neat: Split edge 2→1, new hidden node 9 (pool=10)
2026-08-14 23:52:28,845 [DEBUG] cnn_neat: Split edge 5→6, new hidden node 9 (pool=8)
2026-08-14 23:52:28,849 [DEBUG] cnn_neat: Split edge 5→8, new hidden node 10 (pool=9)
2026-08-14 23:52:28,852 [DEBUG] cnn_neat: Added edge 9→6 (from 27 candidates)
2026-08-14 23:52:28,865 [DEBUG] cnn_neat: Removed hidden node 7 (pool=7)
2026-08-14 23:52:29,017 [DEBUG] cnn_neat: Removed edge 8→4 (from 13 candidates)
2026-08-14 23:52:29,027 [DEBUG] cnn_neat: Removed 3 edges (requested 3)
2026-08-14 23:52:29,030 [DEBUG] cnn_neat: Split edge 5→2, new hidden node 11 (pool=7)
2026-08-14 23:52:29,034 [DEBUG] cnn_neat: Split edge 8→4, new hidden node 10 (pool=9)
2026-08-14 23:52:29,041 [DEBUG] cnn_neat: Added edge 0→9 (from 31 candidates)
2026-08-14 23:52:29,052 [DEBUG] cnn_neat: Removed hidden node 6 (pool=7)
2026-08-14 23:52:29,058 [DEBUG] cnn_neat: Removed edge 5→2 (from 12 candidates)
2026-08-14 23:52:29,070 [DEBUG] cnn_neat: Removed 3 edges (requested 3)
2026-08-14 23:52:29,074 [DEBUG] cnn_neat: Split edge 9→3, new hidden node 11 (pool=7)
2026-08-14 23:52:29,078 [DEBUG] cnn_neat: Split edge 8→3, new hidden node 9 (pool=9)
2026-08-14 23:52:29,081 [DEBUG] cnn_neat: Added edge 4→3 (from 17 candidates)
2026-08-14 23:52:29,094 [DEBUG] cnn_neat: Removed hidden node 6 (pool=6)
2026-08-14 23:52:29,098 [DEBUG] cnn_neat: Removed edge 5→2 (from 13 candidates)
2026-08-14 23:52:29,110 [DEBUG] cnn_neat: Removed 3 edges (requested 3)
2026-08-14 23:52:29,117 [DEBUG] cnn_neat: Split edge 6→3, new hidden node 10 (pool=7)
2026-08-14 23:52:29,121 [DEBUG] cnn_neat: Split edge 5→9, new hidden node 10 (pool=10)
2026-08-14 23:52:29,125 [DEBUG] cnn_neat: Added edge 2→3 (from 26 candidates)
2026-08-14 23:52:29,129 [DEBUG] cnn_neat: Removed hidden node 3 (pool=7)
2026-08-14 23:52:29,136 [DEBUG] cnn_neat: Removed edge 4→6 (from 14 candidates)
2026-08-14 23:52:29,147 [DEBUG] cnn_neat: Removed 3 edges (requested 3)
2026-08-14 23:52:29,150 [DEBUG] cnn_neat: Split edge 8→3, new hidden node 11 (pool=8)
2026-08-14 23:52:29,160 [DEBUG] cnn_neat: Split edge 5→8, new hidden node 11 (pool=6)
2026-08-14 23:52:29,169 [DEBUG] cnn_neat: Added edge 4→10 (from 38 candidates)
2026-08-14 23:52:29,174 [DEBUG] cnn_neat: Removed hidden node 5 (pool=8)
2026-08-14 23:52:29,177 [DEBUG] cnn_neat: Removed edge 10→9 (from 12 candidates)
2026-08-14 23:52:29,187 [DEBUG] cnn_neat: Removed 3 edges (requested 3)
2026-08-14 23:52:29,192 [DEBUG] cnn_neat: Split edge 0→5, new hidden node 12 (pool=2)
2026-08-14 23:52:29,202 [DEBUG] cnn_neat: Split edge 5→8, new hidden node 10 (pool=9)
2026-08-14 23:52:29,206 [DEBUG] cnn_neat: Added edge 4→9 (from 21 candidates)
2026-08-14 23:52:29,210 [DEBUG] cnn_neat: Removed hidden node 4 (pool=7)
2026-08-14 23:52:29,365 [DEBUG] cnn_neat: Removed edge 9→3 (from 12 candidates)
2026-08-14 23:52:29,378 [DEBUG] cnn_neat: Removed 3 edges (requested 3)
2026-08-14 23:52:29,386 [DEBUG] cnn_neat: Split edge 6→3, new hidden node 11 (pool=7)
2026-08-14 23:52:29,390 [DEBUG] cnn_neat: Split edge 6→3, new hidden node 7 (pool=11)
2026-08-14 23:52:29,393 [DEBUG] cnn_neat: Added edge 4→1 (from 9 candidates)
2026-08-14 23:52:29,397 [DEBUG] cnn_neat: Removed hidden node 6 (pool=4)
2026-08-14 23:52:29,403 [DEBUG] cnn_neat: Removed edge 4→6 (from 10 candidates)
2026-08-14 23:52:29,409 [DEBUG] cnn_neat: Removed 3 edges (requested 3)
2026-08-14 23:52:29,413 [DEBUG] cnn_neat: Split edge 2→1, new hidden node 8 (pool=10)
2026-08-14 23:52:29,415 [DEBUG] cnn_neat: Split edge 0→5, new hidden node 7 (pool=8)
2026-08-14 23:52:29,422 [DEBUG] cnn_neat: Added edge 4→7 (from 13 candidates)
2026-08-14 23:52:29,424 [DEBUG] cnn_neat: Added edge 4→6 (from 11 candidates)
2026-08-14 23:52:29,428 [DEBUG] cnn_neat: Split edge 2→1, new hidden node 8 (pool=12)
2026-08-14 23:52:29,431 [DEBUG] cnn_neat: Added edge 5→7 (from 16 candidates)
2026-08-14 23:52:29,440 [DEBUG] cnn_neat: Removed hidden node 6 (pool=5)
2026-08-14 23:52:29,444 [DEBUG] cnn_neat: Removed edge 4→7 (from 11 candidates)
2026-08-14 23:52:29,487 [DEBUG] cnn_neat: Removed 3 edges (requested 3)
2026-08-14 23:52:29,491 [DEBUG] cnn_neat: Split edge 4→5, new hidden node 8 (pool=13)
2026-08-14 23:52:29,495 [DEBUG] cnn_neat: Split edge 0→5, new hidden node 8 (pool=8)
2026-08-14 23:52:29,559 [DEBUG] cnn_neat: Added edge 3→1 (from 14 candidates)
2026-08-14 23:52:29,562 [DEBUG] cnn_neat: Added edge 7→5 (from 20 candidates)
2026-08-14 23:52:29,568 [DEBUG] cnn_neat: Split edge 0→5, new hidden node 9 (pool=9)
2026-08-14 23:52:29,576 [DEBUG] cnn_neat: Added edge 4→7 (from 25 candidates)
2026-08-14 23:52:29,764 [DEBUG] cnn_neat: Removed hidden node 6 (pool=6)
2026-08-14 23:52:29,768 [DEBUG] cnn_neat: Removed edge 0→5 (from 12 candidates)
2026-08-14 23:52:29,775 [DEBUG] cnn_neat: Removed 3 edges (requested 3)
2026-08-14 23:52:29,780 [DEBUG] cnn_neat: Split edge 6→3, new hidden node 10 (pool=14)
2026-08-14 23:52:29,785 [DEBUG] cnn_neat: Split edge 5→2, new hidden node 9 (pool=11)
2026-08-14 23:52:29,793 [DEBUG] cnn_neat: Split edge 6→2, new hidden node 8 (pool=9)
2026-08-14 23:52:29,797 [DEBUG] cnn_neat: Added edge 0→6 (from 14 candidates)
2026-08-14 23:52:29,802 [DEBUG] cnn_neat: Removed hidden node 5 (pool=4)
2026-08-14 23:52:29,805 [DEBUG] cnn_neat: Removed edge 0→5 (from 8 candidates)
2026-08-14 23:52:29,811 [DEBUG] cnn_neat: Removed 3 edges (requested 3)
2026-08-14 23:52:29,815 [DEBUG] cnn_neat: Split edge 0→4, new hidden node 8 (pool=10)
2026-08-14 23:52:29,818 [DEBUG] cnn_neat: Split edge 6→2, new hidden node 8 (pool=5)
2026-08-14 23:52:29,821 [DEBUG] cnn_neat: Split edge 6→2, new hidden node 7 (pool=6)
2026-08-14 23:52:29,827 [DEBUG] cnn_neat: Split edge 4→6, new hidden node 7 (pool=10)
2026-08-14 23:52:29,831 [DEBUG] cnn_neat: Added edge 5→3 (from 8 candidates)
2026-08-14 23:52:29,838 [DEBUG] cnn_neat: Removed hidden node 6 (pool=4)
2026-08-14 23:52:29,841 [DEBUG] cnn_neat: Removed edge 6→2 (from 9 candidates)
2026-08-14 23:52:29,847 [DEBUG] cnn_neat: Removed 3 edges (requested 3)
2026-08-14 23:52:29,851 [DEBUG] cnn_neat: Split edge 5→2, new hidden node 8 (pool=11)
2026-08-14 23:52:29,859 [DEBUG] cnn_neat: Split edge 0→5, new hidden node 8 (pool=11)
2026-08-14 23:52:29,862 [DEBUG] cnn_neat: Added edge 7→5 (from 18 candidates)
2026-08-14 23:52:29,869 [DEBUG] cnn_neat: Removed hidden node 3 (pool=5)
2026-08-14 23:52:29,873 [DEBUG] cnn_neat: Removed edge 4→5 (from 10 candidates)
2026-08-14 23:52:29,879 [DEBUG] cnn_neat: Removed 3 edges (requested 3)
2026-08-14 23:52:29,883 [DEBUG] cnn_neat: Split edge 6→2, new hidden node 8 (pool=12)
2026-08-14 23:52:29,888 [DEBUG] cnn_neat: Split edge 0→4, new hidden node 8 (pool=10)
2026-08-14 23:52:29,891 [DEBUG] cnn_neat: Split edge 5→6, new hidden node 7 (pool=7)
2026-08-14 23:52:29,898 [DEBUG] cnn_neat: Split edge 0→4, new hidden node 8 (pool=11)
2026-08-14 23:52:29,902 [DEBUG] cnn_neat: Added edge 0→6 (from 17 candidates)
2026-08-14 23:52:29,908 [DEBUG] cnn_neat: Removed hidden node 7 (pool=5)
2026-08-14 23:52:29,912 [DEBUG] cnn_neat: Removed edge 7→3 (from 10 candidates)
2026-08-14 23:52:29,919 [DEBUG] cnn_neat: Removed 3 edges (requested 3)
2026-08-14 23:52:29,923 [DEBUG] cnn_neat: Split edge 0→5, new hidden node 9 (pool=7)
2026-08-14 23:52:29,932 [DEBUG] cnn_neat: Split edge 4→5, new hidden node 9 (pool=7)
2026-08-14 23:52:29,936 [DEBUG] cnn_neat: Added edge 8→1 (from 17 candidates)
2026-08-14 23:52:29,941 [DEBUG] cnn_neat: Saved generation 10
2026-08-14 23:52:30,008 [DEBUG] cnn_neat: Selected 25 elite individuals
2026-08-14 23:52:30,015 [DEBUG] cnn_neat: Removed hidden node 8 (pool=5)
2026-08-14 23:52:30,035 [DEBUG] cnn_neat: Removed edge 4→6 (from 10 candidates)
2026-08-14 23:52:30,103 [DEBUG] cnn_neat: Removed 3 edges (requested 3)
2026-08-14 23:52:30,119 [DEBUG] cnn_neat: Split edge 4→9, new hidden node 10 (pool=6)
2026-08-14 23:52:30,137 [DEBUG] cnn_neat: Split edge 4→3, new hidden node 8 (pool=10)
2026-08-14 23:52:30,146 [DEBUG] cnn_neat: Added edge 0→2 (from 13 candidates)
2026-08-14 23:52:30,161 [DEBUG] cnn_neat: Removed hidden node 5 (pool=5)
2026-08-14 23:52:30,166 [DEBUG] cnn_neat: Removed edge 0→5 (from 11 candidates)
2026-08-14 23:52:30,177 [DEBUG] cnn_neat: Removed 3 edges (requested 3)
2026-08-14 23:52:30,184 [DEBUG] cnn_neat: Split edge 6→3, new hidden node 9 (pool=11)
2026-08-14 23:52:30,194 [DEBUG] cnn_neat: Split edge 2→1, new hidden node 9 (pool=7)
2026-08-14 23:52:30,200 [DEBUG] cnn_neat: Added edge 7→2 (from 27 candidates)
2026-08-14 23:52:30,206 [DEBUG] cnn_neat: Trimmed elite queue to 128 entries
2026-08-14 23:52:30,525 [DEBUG] cnn_neat: Removed hidden node 5 (pool=6)
2026-08-14 23:52:30,530 [DEBUG] cnn_neat: Split edge 5→3, new hidden node 10 (pool=14)
2026-08-14 23:52:30,533 [DEBUG] cnn_neat: Removed edge 6→2 (from 10 candidates)
2026-08-14 23:52:30,538 [DEBUG] cnn_neat: Added edge 8→9 (from 25 candidates)
2026-08-14 23:52:30,547 [DEBUG] cnn_neat: Removed 3 edges (requested 3)
2026-08-14 23:52:30,549 [DEBUG] cnn_neat: Removed hidden node 3 (pool=6)
2026-08-14 23:52:30,552 [DEBUG] cnn_neat: Removed edge 6→7 (from 13 candidates)
2026-08-14 23:52:30,556 [DEBUG] cnn_neat: Removed 3 edges (requested 3)
2026-08-14 23:52:30,560 [DEBUG] cnn_neat: Crossover rejected: union topology invalid (edges=31 nodes=18)
2026-08-14 23:52:30,563 [DEBUG] cnn_neat: Split edge 2→3, new hidden node 10 (pool=14)
2026-08-14 23:52:30,566 [DEBUG] cnn_neat: Added edge 8→1 (from 25 candidates)
2026-08-14 23:52:30,568 [DEBUG] cnn_neat: Added edge 0→7 (from 23 candidates)
2026-08-14 23:52:30,571 [DEBUG] cnn_neat: Added edge 9→2 (from 22 candidates)
2026-08-14 23:52:30,574 [DEBUG] cnn_neat: Added edge 9→5 (from 21 candidates)
2026-08-14 23:52:30,577 [DEBUG] cnn_neat: Added edge 9→1 (from 19 candidates)
2026-08-14 23:52:30,580 [DEBUG] cnn_neat: Split edge 6→7, new hidden node 10 (pool=14)
2026-08-14 23:52:30,583 [DEBUG] cnn_neat: Added edge 0→2 (from 14 candidates)
2026-08-14 23:52:30,588 [DEBUG] cnn_neat: Removed hidden node 3 (pool=5)
2026-08-14 23:52:30,591 [DEBUG] cnn_neat: Removed edge 6→7 (from 13 candidates)
2026-08-14 23:52:30,596 [DEBUG] cnn_neat: Removed 3 edges (requested 3)
2026-08-14 23:52:30,599 [DEBUG] cnn_neat: Crossover rejected: union topology invalid (edges=27 nodes=14)
2026-08-14 23:52:30,602 [DEBUG] cnn_neat: Split edge 6→3, new hidden node 10 (pool=14)
2026-08-14 23:52:30,604 [DEBUG] cnn_neat: Added edge 9→7 (from 14 candidates)
2026-08-14 23:52:30,607 [DEBUG] cnn_neat: Added edge 7→1 (from 13 candidates)
2026-08-14 23:52:30,610 [DEBUG] cnn_neat: Added edge 0→3 (from 12 candidates)
2026-08-14 23:52:30,613 [DEBUG] cnn_neat: Added edge 9→1 (from 9 candidates)
2026-08-14 23:52:30,615 [DEBUG] cnn_neat: Added edge 6→1 (from 8 candidates)
2026-08-14 23:52:30,618 [DEBUG] cnn_neat: Split edge 5→7, new hidden node 12 (pool=12)
2026-08-14 23:52:30,622 [DEBUG] cnn_neat: Added edge 11→10 (from 36 candidates)
2026-08-14 23:52:30,627 [DEBUG] cnn_neat: Removed hidden node 10 (pool=8)
2026-08-14 23:52:30,630 [DEBUG] cnn_neat: Removed edge 0→8 (from 16 candidates)
2026-08-14 23:52:30,634 [DEBUG] cnn_neat: Removed 3 edges (requested 3)
2026-08-14 23:52:30,638 [DEBUG] cnn_neat: Crossover rejected: union topology invalid (edges=30 nodes=17)
2026-08-14 23:52:30,640 [DEBUG] cnn_neat: Split edge 0→8, new hidden node 12 (pool=12)
2026-08-14 23:52:30,645 [DEBUG] cnn_neat: Added edge 9→8 (from 36 candidates)
2026-08-14 23:52:30,648 [DEBUG] cnn_neat: Added edge 7→11 (from 33 candidates)
2026-08-14 23:52:30,651 [DEBUG] cnn_neat: Added edge 8→5 (from 29 candidates)
2026-08-14 23:52:30,654 [DEBUG] cnn_neat: Added edge 5→11 (from 22 candidates)
2026-08-14 23:52:30,658 [DEBUG] cnn_neat: Added edge 2→3 (from 21 candidates)
2026-08-14 23:52:30,661 [DEBUG] cnn_neat: Split edge 5→2, new hidden node 12 (pool=2)
2026-08-14 23:52:30,664 [DEBUG] cnn_neat: Added edge 10→7 (from 46 candidates)
2026-08-14 23:52:30,671 [DEBUG] cnn_neat: Removed hidden node 10 (pool=9)
2026-08-14 23:52:30,674 [DEBUG] cnn_neat: Removed edge 8→4 (from 11 candidates)
2026-08-14 23:52:30,679 [DEBUG] cnn_neat: Removed 3 edges (requested 3)
2026-08-14 23:52:30,682 [DEBUG] cnn_neat: Crossover rejected: union topology invalid (edges=27 nodes=17)
2026-08-14 23:52:30,684 [DEBUG] cnn_neat: Split edge 5→2, new hidden node 12 (pool=2)
2026-08-14 23:52:30,688 [DEBUG] cnn_neat: Added edge 7→1 (from 52 candidates)
2026-08-14 23:52:30,692 [DEBUG] cnn_neat: Added edge 6→3 (from 46 candidates)
2026-08-14 23:52:30,696 [DEBUG] cnn_neat: Added edge 11→4 (from 44 candidates)
2026-08-14 23:52:30,699 [DEBUG] cnn_neat: Added edge 6→7 (from 43 candidates)
2026-08-14 23:52:30,703 [DEBUG] cnn_neat: Added edge 8→3 (from 42 candidates)
2026-08-14 23:52:30,706 [DEBUG] cnn_neat: Added edge 9→7 (from 40 candidates)
2026-08-14 23:52:30,708 [DEBUG] cnn_neat: Split edge 5→6, new hidden node 8 (pool=9)
2026-08-14 23:52:30,710 [DEBUG] cnn_neat: Added edge 6→3 (from 12 candidates)
2026-08-14 23:52:30,713 [DEBUG] cnn_neat: Removed hidden node 7 (pool=3)
2026-08-14 23:52:30,716 [DEBUG] cnn_neat: Removed edge 0→3 (from 7 candidates)
2026-08-14 23:52:30,719 [DEBUG] cnn_neat: Removed 3 edges (requested 3)
2026-08-14 23:52:30,721 [DEBUG] cnn_neat: Split edge 6→7, new hidden node 8 (pool=6)
2026-08-14 23:52:30,724 [DEBUG] cnn_neat: Crossover rejected: union topology invalid (edges=21 nodes=14)
2026-08-14 23:52:30,725 [DEBUG] cnn_neat: Split edge 5→6, new hidden node 8 (pool=9)
2026-08-14 23:52:30,728 [DEBUG] cnn_neat: Added edge 3→7 (from 18 candidates)
2026-08-14 23:52:30,730 [DEBUG] cnn_neat: Added edge 0→6 (from 12 candidates)
2026-08-14 23:52:30,732 [DEBUG] cnn_neat: Added edge 6→3 (from 13 candidates)
2026-08-14 23:52:30,734 [DEBUG] cnn_neat: Added edge 0→7 (from 11 candidates)
2026-08-14 23:52:30,737 [DEBUG] cnn_neat: Added edge 2→3 (from 9 candidates)
2026-08-14 23:52:30,739 [DEBUG] cnn_neat: Added edge 5→2 (from 6 candidates)
2026-08-14 23:52:30,742 [DEBUG] cnn_neat: Split edge 5→6, new hidden node 8 (pool=9)
2026-08-14 23:52:30,744 [DEBUG] cnn_neat: Added edge 7→1 (from 10 candidates)
2026-08-14 23:52:30,747 [DEBUG] cnn_neat: Removed hidden node 7 (pool=3)
2026-08-14 23:52:30,749 [DEBUG] cnn_neat: Removed edge 7→2 (from 7 candidates)
2026-08-14 23:52:30,752 [DEBUG] cnn_neat: Removed 3 edges (requested 3)
2026-08-14 23:52:30,755 [DEBUG] cnn_neat: Crossover rejected: union topology invalid (edges=24 nodes=14)
2026-08-14 23:52:30,756 [DEBUG] cnn_neat: Split edge 2→1, new hidden node 8 (pool=9)
2026-08-14 23:52:30,760 [DEBUG] cnn_neat: Added edge 3→1 (from 10 candidates)
2026-08-14 23:52:30,763 [DEBUG] cnn_neat: Added edge 7→3 (from 8 candidates)
2026-08-14 23:52:30,765 [DEBUG] cnn_neat: Added edge 7→1 (from 7 candidates)
2026-08-14 23:52:30,768 [DEBUG] cnn_neat: Added edge 0→2 (from 6 candidates)
2026-08-14 23:52:30,771 [DEBUG] cnn_neat: Added edge 5→3 (from 7 candidates)
2026-08-14 23:52:30,773 [DEBUG] cnn_neat: Split edge 7→3, new hidden node 9 (pool=12)
2026-08-14 23:52:30,775 [DEBUG] cnn_neat: Added edge 8→7 (from 17 candidates)
2026-08-14 23:52:30,779 [DEBUG] cnn_neat: Removed hidden node 3 (pool=4)
2026-08-14 23:52:30,781 [DEBUG] cnn_neat: Split edge 2→1, new hidden node 8 (pool=7)
2026-08-14 23:52:30,783 [DEBUG] cnn_neat: Removed edge 5→7 (from 10 candidates)
2026-08-14 23:52:30,787 [DEBUG] cnn_neat: Removed 3 edges (requested 3)
2026-08-14 23:52:30,789 [DEBUG] cnn_neat: Crossover rejected: union topology invalid (edges=24 nodes=15)
2026-08-14 23:52:30,791 [DEBUG] cnn_neat: Split edge 7→2, new hidden node 9 (pool=12)
2026-08-14 23:52:30,793 [DEBUG] cnn_neat: Added edge 8→7 (from 17 candidates)
2026-08-14 23:52:30,796 [DEBUG] cnn_neat: Added edge 0→6 (from 14 candidates)
2026-08-14 23:52:30,798 [DEBUG] cnn_neat: Added edge 8→2 (from 13 candidates)
2026-08-14 23:52:30,800 [DEBUG] cnn_neat: Added edge 5→3 (from 12 candidates)
2026-08-14 23:52:30,803 [DEBUG] cnn_neat: Added edge 6→8 (from 11 candidates)
2026-08-14 23:52:30,805 [DEBUG] cnn_neat: Split edge 2→1, new hidden node 8 (pool=12)
2026-08-14 23:52:30,808 [DEBUG] cnn_neat: Added edge 0→2 (from 8 candidates)
2026-08-14 23:52:30,811 [DEBUG] cnn_neat: Removed hidden node 6 (pool=4)
2026-08-14 23:52:30,908 [DEBUG] cnn_neat: Split edge 5→3, new hidden node 10 (pool=15)
2026-08-14 23:52:30,915 [DEBUG] cnn_neat: Added edge 8→2 (from 23 candidates)
2026-08-14 23:52:30,919 [DEBUG] cnn_neat: Removed hidden node 3 (pool=6)
2026-08-14 23:52:30,922 [DEBUG] cnn_neat: Removed edge 0→8 (from 14 candidates)
2026-08-14 23:52:30,926 [DEBUG] cnn_neat: Removed 3 edges (requested 3)
2026-08-14 23:52:30,929 [DEBUG] cnn_neat: Split edge 6→3, new hidden node 11 (pool=13)
2026-08-14 23:52:30,932 [DEBUG] cnn_neat: Split edge 2→3, new hidden node 10 (pool=11)
2026-08-14 23:52:31,019 [DEBUG] cnn_neat: Split edge 5→3, new hidden node 10 (pool=13)
2026-08-14 23:52:31,028 [DEBUG] cnn_neat: Added edge 0→7 (from 13 candidates)
2026-08-14 23:52:31,039 [DEBUG] cnn_neat: Removed hidden node 6 (pool=5)
2026-08-14 23:52:31,045 [DEBUG] cnn_neat: Removed edge 5→3 (from 12 candidates)
2026-08-14 23:52:31,055 [DEBUG] cnn_neat: Removed 3 edges (requested 3)
2026-08-14 23:52:31,062 [DEBUG] cnn_neat: Split edge 5→10, new hidden node 11 (pool=14)
2026-08-14 23:52:31,073 [DEBUG] cnn_neat: Split edge 0→5, new hidden node 11 (pool=14)
2026-08-14 23:52:31,079 [DEBUG] cnn_neat: Added edge 5→8 (from 29 candidates)
2026-08-14 23:52:31,090 [DEBUG] cnn_neat: Removed hidden node 5 (pool=7)
2026-08-14 23:52:31,097 [DEBUG] cnn_neat: Removed edge 0→5 (from 15 candidates)
2026-08-14 23:52:31,109 [DEBUG] cnn_neat: Removed 3 edges (requested 3)
2026-08-14 23:52:31,117 [DEBUG] cnn_neat: Split edge 5→3, new hidden node 12 (pool=15)
2026-08-14 23:52:31,128 [DEBUG] cnn_neat: Split edge 5→7, new hidden node 10 (pool=14)
2026-08-14 23:52:31,135 [DEBUG] cnn_neat: Added edge 2→8 (from 25 candidates)
2026-08-14 23:52:31,422 [DEBUG] cnn_neat: Removed hidden node 8 (pool=6)
2026-08-14 23:52:31,442 [DEBUG] cnn_neat: Removed edge 8→3 (from 13 candidates)
2026-08-14 23:52:31,475 [DEBUG] cnn_neat: Removed 3 edges (requested 3)
2026-08-14 23:52:31,544 [DEBUG] cnn_neat: Split edge 2→1, new hidden node 10 (pool=14)
2026-08-14 23:52:31,552 [DEBUG] cnn_neat: Added edge 0→7 (from 14 candidates)
2026-08-14 23:52:31,574 [DEBUG] cnn_neat: Removed hidden node 3 (pool=5)
2026-08-14 23:52:31,579 [DEBUG] cnn_neat: Removed edge 6→2 (from 13 candidates)
2026-08-14 23:52:31,595 [DEBUG] cnn_neat: Removed 3 edges (requested 3)
2026-08-14 23:52:31,601 [DEBUG] cnn_neat: Split edge 0→5, new hidden node 11 (pool=15)
2026-08-14 23:52:31,607 [DEBUG] cnn_neat: Split edge 6→3, new hidden node 10 (pool=15)
2026-08-14 23:52:31,616 [DEBUG] cnn_neat: Split edge 8→11, new hidden node 12 (pool=12)
2026-08-14 23:52:31,623 [DEBUG] cnn_neat: Added edge 8→9 (from 36 candidates)
2026-08-14 23:52:31,633 [DEBUG] cnn_neat: Removed hidden node 8 (pool=8)
2026-08-14 23:52:31,637 [DEBUG] cnn_neat: Removed edge 5→6 (from 16 candidates)
2026-08-14 23:52:31,644 [DEBUG] cnn_neat: Removed 3 edges (requested 3)
2026-08-14 23:52:31,649 [DEBUG] cnn_neat: Split edge 7→2, new hidden node 13 (pool=13)
2026-08-14 23:52:31,658 [DEBUG] cnn_neat: Split edge 5→2, new hidden node 12 (pool=2)
2026-08-14 23:52:31,665 [DEBUG] cnn_neat: Added edge 11→9 (from 46 candidates)
2026-08-14 23:52:31,673 [DEBUG] cnn_neat: Removed hidden node 8 (pool=9)
2026-08-14 23:52:31,679 [DEBUG] cnn_neat: Removed edge 6→10 (from 11 candidates)
2026-08-14 23:52:31,685 [DEBUG] cnn_neat: Removed 3 edges (requested 3)
2026-08-14 23:52:31,690 [DEBUG] cnn_neat: Split edge 0→5, new hidden node 12 (pool=2)
2026-08-14 23:52:31,695 [DEBUG] cnn_neat: Split edge 0→5, new hidden node 12 (pool=5)
2026-08-14 23:52:31,702 [DEBUG] cnn_neat: Split edge 6→2, new hidden node 8 (pool=13)
2026-08-14 23:52:31,706 [DEBUG] cnn_neat: Added edge 5→2 (from 7 candidates)
2026-08-14 23:52:31,712 [DEBUG] cnn_neat: Removed hidden node 7 (pool=4)
2026-08-14 23:52:31,717 [DEBUG] cnn_neat: Removed edge 6→2 (from 12 candidates)
2026-08-14 23:52:31,724 [DEBUG] cnn_neat: Removed 3 edges (requested 3)
2026-08-14 23:52:31,729 [DEBUG] cnn_neat: Split edge 2→3, new hidden node 9 (pool=14)
2026-08-14 23:52:31,733 [DEBUG] cnn_neat: Split edge 2→3, new hidden node 8 (pool=12)
2026-08-14 23:52:31,737 [DEBUG] cnn_neat: Split edge 2→1, new hidden node 8 (pool=10)
2026-08-14 23:52:31,743 [DEBUG] cnn_neat: Split edge 0→3, new hidden node 8 (pool=12)
2026-08-14 23:52:31,747 [DEBUG] cnn_neat: Added edge 5→2 (from 6 candidates)
2026-08-14 23:52:31,755 [DEBUG] cnn_neat: Removed hidden node 3 (pool=3)
2026-08-14 23:52:31,759 [DEBUG] cnn_neat: Removed edge 5→3 (from 10 candidates)
2026-08-14 23:52:31,767 [DEBUG] cnn_neat: Removed 3 edges (requested 3)
2026-08-14 23:52:31,770 [DEBUG] cnn_neat: Split edge 7→3, new hidden node 8 (pool=13)
2026-08-14 23:52:31,775 [DEBUG] cnn_neat: Added edge 6→1 (from 7 candidates)
2026-08-14 23:52:31,782 [DEBUG] cnn_neat: Removed hidden node 6 (pool=3)
2026-08-14 23:52:31,786 [DEBUG] cnn_neat: Split edge 0→3, new hidden node 8 (pool=14)
2026-08-14 23:52:31,791 [DEBUG] cnn_neat: Removed edge 5→2 (from 11 candidates)
2026-08-14 23:52:31,796 [DEBUG] cnn_neat: Added edge 0→2 (from 6 candidates)
2026-08-14 23:52:31,799 [DEBUG] cnn_neat: Split edge 2→1, new hidden node 8 (pool=9)
2026-08-14 23:52:31,862 [DEBUG] cnn_neat: Split edge 5→3, new hidden node 9 (pool=14)
2026-08-14 23:52:31,867 [DEBUG] cnn_neat: Added edge 8→1 (from 17 candidates)
2026-08-14 23:52:31,878 [DEBUG] cnn_neat: Removed hidden node 3 (pool=5)
2026-08-14 23:52:31,883 [DEBUG] cnn_neat: Removed edge 8→3 (from 13 candidates)
2026-08-14 23:52:31,894 [DEBUG] cnn_neat: Removed 3 edges (requested 3)
2026-08-14 23:52:31,896 [DEBUG] cnn_neat: Split edge 2→3, new hidden node 10 (pool=9)
2026-08-14 23:52:31,905 [DEBUG] cnn_neat: Split edge 0→8, new hidden node 9 (pool=9)
2026-08-14 23:52:31,915 [DEBUG] cnn_neat: Split edge 5→7, new hidden node 8 (pool=11)
2026-08-14 23:52:31,921 [DEBUG] cnn_neat: Added edge 0→7 (from 7 candidates)
2026-08-14 23:52:31,927 [DEBUG] cnn_neat: Removed hidden node 7 (pool=3)
2026-08-14 23:52:31,931 [DEBUG] cnn_neat: Removed edge 2→3 (from 9 candidates)
2026-08-14 23:52:31,939 [DEBUG] cnn_neat: Removed 3 edges (requested 3)
2026-08-14 23:52:31,946 [DEBUG] cnn_neat: Split edge 0→3, new hidden node 9 (pool=12)
2026-08-14 23:52:31,952 [DEBUG] cnn_neat: Split edge 7→2, new hidden node 8 (pool=8)
2026-08-14 23:52:31,957 [DEBUG] cnn_neat: Added edge 8→1 (from 13 candidates)
2026-08-14 23:52:31,963 [DEBUG] cnn_neat: Added edge 5→7 (from 14 candidates)
2026-08-14 23:52:31,974 [DEBUG] cnn_neat: Split edge 6→7, new hidden node 9 (pool=13)
2026-08-14 23:52:32,136 [DEBUG] cnn_neat: Added edge 5→2 (from 15 candidates)
2026-08-14 23:52:32,143 [DEBUG] cnn_neat: Removed hidden node 7 (pool=4)
2026-08-14 23:52:32,149 [DEBUG] cnn_neat: Removed edge 6→2 (from 11 candidates)
2026-08-14 23:52:32,161 [DEBUG] cnn_neat: Removed 3 edges (requested 3)
2026-08-14 23:52:32,164 [DEBUG] cnn_neat: Split edge 5→8, new hidden node 10 (pool=14)
2026-08-14 23:52:32,167 [DEBUG] cnn_neat: Split edge 0→5, new hidden node 9 (pool=13)
2026-08-14 23:52:32,178 [DEBUG] cnn_neat: Split edge 0→6, new hidden node 10 (pool=8)
2026-08-14 23:52:32,186 [DEBUG] cnn_neat: Added edge 8→5 (from 27 candidates)
2026-08-14 23:52:32,197 [DEBUG] cnn_neat: Removed hidden node 5 (pool=6)
2026-08-14 23:52:32,201 [DEBUG] cnn_neat: Removed edge 0→5 (from 14 candidates)
2026-08-14 23:52:32,214 [DEBUG] cnn_neat: Removed 3 edges (requested 3)
2026-08-14 23:52:32,220 [DEBUG] cnn_neat: Split edge 0→6, new hidden node 10 (pool=8)
2026-08-14 23:52:32,227 [DEBUG] cnn_neat: Split edge 6→2, new hidden node 10 (pool=11)
2026-08-14 23:52:32,239 [DEBUG] cnn_neat: Split edge 5→6, new hidden node 8 (pool=7)
2026-08-14 23:52:32,243 [DEBUG] cnn_neat: Added edge 0→7 (from 6 candidates)
2026-08-14 23:52:32,250 [DEBUG] cnn_neat: Removed hidden node 7 (pool=2)
2026-08-14 23:52:32,256 [DEBUG] cnn_neat: Removed edge 6→2 (from 5 candidates)
2026-08-14 23:52:32,421 [DEBUG] cnn_neat: Removed 3 edges (requested 3)
2026-08-14 23:52:32,429 [DEBUG] cnn_neat: Split edge 0→7, new hidden node 8 (pool=8)
2026-08-14 23:52:32,433 [DEBUG] cnn_neat: Split edge 2→1, new hidden node 8 (pool=6)
2026-08-14 23:52:32,439 [DEBUG] cnn_neat: Added edge 7→1 (from 6 candidates)
2026-08-14 23:52:32,442 [DEBUG] cnn_neat: Added edge 6→2 (from 7 candidates)
2026-08-14 23:52:32,449 [DEBUG] cnn_neat: Split edge 5→6, new hidden node 9 (pool=9)
2026-08-14 23:52:32,461 [DEBUG] cnn_neat: Split edge 0→5, new hidden node 8 (pool=10)
2026-08-14 23:52:32,469 [DEBUG] cnn_neat: Added edge 0→6 (from 9 candidates)
2026-08-14 23:52:32,481 [DEBUG] cnn_neat: Removed hidden node 3 (pool=3)
2026-08-14 23:52:32,489 [DEBUG] cnn_neat: Removed edge 5→7 (from 8 candidates)
2026-08-14 23:52:32,498 [DEBUG] cnn_neat: Removed 3 edges (requested 3)
2026-08-14 23:52:32,507 [DEBUG] cnn_neat: Split edge 0→8, new hidden node 9 (pool=11)
2026-08-14 23:52:32,516 [DEBUG] cnn_neat: Split edge 6→2, new hidden node 8 (pool=11)
2026-08-14 23:52:32,522 [DEBUG] cnn_neat: Split edge 6→3, new hidden node 8 (pool=7)
2026-08-14 23:52:32,526 [DEBUG] cnn_neat: Split edge 0→5, new hidden node 8 (pool=10)
2026-08-14 23:52:32,528 [DEBUG] cnn_neat: Added edge 0→2 (from 8 candidates)
2026-08-14 23:52:32,536 [DEBUG] cnn_neat: Removed hidden node 6 (pool=3)
2026-08-14 23:52:32,540 [DEBUG] cnn_neat: Removed edge 0→3 (from 8 candidates)
2026-08-14 23:52:32,553 [DEBUG] cnn_neat: Removed 3 edges (requested 3)
2026-08-14 23:52:32,558 [DEBUG] cnn_neat: Split edge 7→2, new hidden node 8 (pool=9)
2026-08-14 23:52:32,561 [DEBUG] cnn_neat: Split edge 5→3, new hidden node 8 (pool=7)
2026-08-14 23:52:32,563 [DEBUG] cnn_neat: Added edge 5→2 (from 10 candidates)
2026-08-14 23:52:32,564 [DEBUG] cnn_neat: Added edge 6→3 (from 15 candidates)
2026-08-14 23:52:32,732 [DEBUG] cnn_neat: Split edge 7→2, new hidden node 9 (pool=11)
2026-08-14 23:52:32,738 [DEBUG] cnn_neat: Added edge 5→2 (from 16 candidates)
2026-08-14 23:52:32,749 [DEBUG] cnn_neat: Removed hidden node 7 (pool=4)
2026-08-14 23:52:32,753 [DEBUG] cnn_neat: Removed edge 5→3 (from 9 candidates)
2026-08-14 23:52:32,757 [DEBUG] cnn_neat: Removed 3 edges (requested 3)
2026-08-14 23:52:32,762 [DEBUG] cnn_neat: Split edge 9→2, new hidden node 10 (pool=12)
2026-08-14 23:52:32,768 [DEBUG] cnn_neat: Split edge 2→1, new hidden node 9 (pool=9)
2026-08-14 23:52:32,777 [DEBUG] cnn_neat: Split edge 5→6, new hidden node 8 (pool=9)
2026-08-14 23:52:32,780 [DEBUG] cnn_neat: Added edge 7→1 (from 12 candidates)
2026-08-14 23:52:32,790 [DEBUG] cnn_neat: Removed hidden node 7 (pool=3)
2026-08-14 23:52:32,795 [DEBUG] cnn_neat: Removed edge 6→7 (from 7 candidates)
2026-08-14 23:52:32,803 [DEBUG] cnn_neat: Removed 3 edges (requested 3)
2026-08-14 23:52:32,808 [DEBUG] cnn_neat: Split edge 0→5, new hidden node 8 (pool=9)
2026-08-14 23:52:32,813 [DEBUG] cnn_neat: Split edge 0→5, new hidden node 8 (pool=8)
2026-08-14 23:52:32,820 [DEBUG] cnn_neat: Split edge 5→6, new hidden node 8 (pool=6)
2026-08-14 23:52:32,824 [DEBUG] cnn_neat: Split edge 5→7, new hidden node 8 (pool=9)
2026-08-14 23:52:32,831 [DEBUG] cnn_neat: Added edge 3→1 (from 10 candidates)
2026-08-14 23:52:32,835 [DEBUG] cnn_neat: Removed hidden node 6 (pool=3)
2026-08-14 23:52:32,836 [DEBUG] cnn_neat: Removed edge 6→7 (from 7 candidates)
2026-08-14 23:52:32,840 [DEBUG] cnn_neat: Removed 3 edges (requested 3)
2026-08-14 23:52:32,842 [DEBUG] cnn_neat: Split edge 8→7, new hidden node 9 (pool=10)
2026-08-14 23:52:32,845 [DEBUG] cnn_neat: Split edge 0→5, new hidden node 8 (pool=10)
2026-08-14 23:52:32,854 [DEBUG] cnn_neat: Split edge 5→6, new hidden node 9 (pool=12)
2026-08-14 23:52:32,859 [DEBUG] cnn_neat: Added edge 0→7 (from 17 candidates)
2026-08-14 23:52:32,871 [DEBUG] cnn_neat: Removed hidden node 8 (pool=4)
2026-08-14 23:52:32,876 [DEBUG] cnn_neat: Removed edge 5→7 (from 10 candidates)
2026-08-14 23:52:33,047 [DEBUG] cnn_neat: Removed 3 edges (requested 3)
2026-08-14 23:52:33,054 [DEBUG] cnn_neat: Split edge 9→6, new hidden node 10 (pool=13)
2026-08-14 23:52:33,062 [DEBUG] cnn_neat: Split edge 6→3, new hidden node 9 (pool=12)
2026-08-14 23:52:33,064 [DEBUG] cnn_neat: Split edge 6→7, new hidden node 8 (pool=9)
2026-08-14 23:52:33,069 [DEBUG] cnn_neat: Split edge 0→5, new hidden node 8 (pool=12)
2026-08-14 23:52:33,076 [DEBUG] cnn_neat: Added edge 5→2 (from 8 candidates)
2026-08-14 23:52:33,084 [DEBUG] cnn_neat: Removed hidden node 7 (pool=4)
2026-08-14 23:52:33,088 [DEBUG] cnn_neat: Removed edge 5→7 (from 11 candidates)
2026-08-14 23:52:33,094 [DEBUG] cnn_neat: Removed 3 edges (requested 3)
2026-08-14 23:52:33,100 [DEBUG] cnn_neat: Split edge 5→3, new hidden node 9 (pool=13)
2026-08-14 23:52:33,105 [DEBUG] cnn_neat: Split edge 5→7, new hidden node 8 (pool=13)
2026-08-14 23:52:33,115 [DEBUG] cnn_neat: Split edge 2→3, new hidden node 10 (pool=8)
2026-08-14 23:52:33,118 [DEBUG] cnn_neat: Added edge 0→8 (from 20 candidates)
2026-08-14 23:52:33,160 [DEBUG] cnn_neat: Removed hidden node 3 (pool=5)
2026-08-14 23:52:33,164 [DEBUG] cnn_neat: Removed edge 9→3 (from 10 candidates)
2026-08-14 23:52:33,177 [DEBUG] cnn_neat: Removed 3 edges (requested 3)
2026-08-14 23:52:33,187 [DEBUG] cnn_neat: Split edge 5→3, new hidden node 11 (pool=7)
2026-08-14 23:52:33,195 [DEBUG] cnn_neat: Split edge 6→7, new hidden node 9 (pool=12)
2026-08-14 23:52:33,200 [DEBUG] cnn_neat: Added edge 0→3 (from 15 candidates)
2026-08-14 23:52:33,399 [DEBUG] cnn_neat: Removed hidden node 3 (pool=4)
2026-08-14 23:52:33,401 [DEBUG] cnn_neat: Removed edge 8→3 (from 10 candidates)
2026-08-14 23:52:33,407 [DEBUG] cnn_neat: Removed 3 edges (requested 3)
2026-08-14 23:52:33,411 [DEBUG] cnn_neat: Split edge 7→2, new hidden node 10 (pool=13)
2026-08-14 23:52:33,419 [DEBUG] cnn_neat: Split edge 6→2, new hidden node 10 (pool=10)
2026-08-14 23:52:33,423 [DEBUG] cnn_neat: Added edge 5→2 (from 21 candidates)
2026-08-14 23:52:33,429 [DEBUG] cnn_neat: Removed hidden node 8 (pool=5)
2026-08-14 23:52:33,433 [DEBUG] cnn_neat: Removed edge 2→9 (from 10 candidates)
2026-08-14 23:52:33,439 [DEBUG] cnn_neat: Removed 3 edges (requested 3)
2026-08-14 23:52:33,444 [DEBUG] cnn_neat: Split edge 5→6, new hidden node 11 (pool=11)
2026-08-14 23:52:33,451 [DEBUG] cnn_neat: Split edge 0→5, new hidden node 10 (pool=10)
2026-08-14 23:52:33,455 [DEBUG] cnn_neat: Added edge 7→9 (from 16 candidates)
2026-08-14 23:52:33,460 [DEBUG] cnn_neat: Removed hidden node 7 (pool=5)
2026-08-14 23:52:33,464 [DEBUG] cnn_neat: Removed edge 6→9 (from 12 candidates)
2026-08-14 23:52:33,470 [DEBUG] cnn_neat: Removed 3 edges (requested 3)
2026-08-14 23:52:33,475 [DEBUG] cnn_neat: Split edge 5→7, new hidden node 11 (pool=14)
2026-08-14 23:52:33,480 [DEBUG] cnn_neat: Split edge 5→7, new hidden node 10 (pool=13)
2026-08-14 23:52:33,485 [DEBUG] cnn_neat: Added edge 8→7 (from 26 candidates)
2026-08-14 23:52:33,490 [DEBUG] cnn_neat: Removed hidden node 6 (pool=5)
2026-08-14 23:52:33,493 [DEBUG] cnn_neat: Removed edge 2→3 (from 11 candidates)
2026-08-14 23:52:33,501 [DEBUG] cnn_neat: Removed 3 edges (requested 3)
2026-08-14 23:52:33,505 [DEBUG] cnn_neat: Split edge 2→1, new hidden node 11 (pool=14)
2026-08-14 23:52:33,511 [DEBUG] cnn_neat: Split edge 5→7, new hidden node 9 (pool=13)
2026-08-14 23:52:33,514 [DEBUG] cnn_neat: Added edge 0→7 (from 13 candidates)
2026-08-14 23:52:33,520 [DEBUG] cnn_neat: Removed hidden node 3 (pool=4)
2026-08-14 23:52:33,523 [DEBUG] cnn_neat: Removed edge 5→3 (from 11 candidates)
2026-08-14 23:52:33,529 [DEBUG] cnn_neat: Removed 3 edges (requested 3)
2026-08-14 23:52:33,533 [DEBUG] cnn_neat: Split edge 9→7, new hidden node 10 (pool=14)
2026-08-14 23:52:33,540 [DEBUG] cnn_neat: Split edge 5→6, new hidden node 10 (pool=14)
2026-08-14 23:52:33,543 [DEBUG] cnn_neat: Added edge 8→6 (from 24 candidates)
2026-08-14 23:52:33,549 [DEBUG] cnn_neat: Removed hidden node 7 (pool=5)
2026-08-14 23:52:33,552 [DEBUG] cnn_neat: Removed edge 6→9 (from 12 candidates)
2026-08-14 23:52:33,559 [DEBUG] cnn_neat: Removed 3 edges (requested 3)
2026-08-14 23:52:33,563 [DEBUG] cnn_neat: Split edge 2→3, new hidden node 10 (pool=15)
2026-08-14 23:52:33,565 [DEBUG] cnn_neat: Split edge 2→1, new hidden node 10 (pool=10)
2026-08-14 23:52:33,572 [DEBUG] cnn_neat: Split edge 2→1, new hidden node 10 (pool=10)
2026-08-14 23:52:33,576 [DEBUG] cnn_neat: Added edge 5→1 (from 28 candidates)
2026-08-14 23:52:33,578 [DEBUG] cnn_neat: Saved generation 11
2026-08-14 23:52:33,645 [DEBUG] cnn_neat: Selected 25 elite individuals
2026-08-14 23:52:33,663 [DEBUG] cnn_neat: Removed hidden node 7 (pool=6)
2026-08-14 23:52:33,713 [DEBUG] cnn_neat: Removed edge 5→6 (from 13 candidates)
2026-08-14 23:52:33,740 [DEBUG] cnn_neat: Removed 3 edges (requested 3)
2026-08-14 23:52:33,758 [DEBUG] cnn_neat: Split edge 2→10, new hidden node 11 (pool=11)
2026-08-14 23:52:33,776 [DEBUG] cnn_neat: Split edge 2→1, new hidden node 11 (pool=14)
2026-08-14 23:52:33,786 [DEBUG] cnn_neat: Added edge 10→1 (from 21 candidates)
2026-08-14 23:52:33,807 [DEBUG] cnn_neat: Removed hidden node 9 (pool=6)
2026-08-14 23:52:33,813 [DEBUG] cnn_neat: Removed edge 9→6 (from 13 candidates)
2026-08-14 23:52:33,825 [DEBUG] cnn_neat: Removed 3 edges (requested 3)
2026-08-14 23:52:33,834 [DEBUG] cnn_neat: Split edge 0→5, new hidden node 12 (pool=15)
2026-08-14 23:52:33,838 [DEBUG] cnn_neat: Trimmed elite queue to 128 entries
2026-08-14 23:52:34,180 [DEBUG] cnn_neat: Split edge 5→7, new hidden node 11 (pool=12)
2026-08-14 23:52:34,184 [DEBUG] cnn_neat: Split edge 0→9, new hidden node 10 (pool=9)
2026-08-14 23:52:34,188 [DEBUG] cnn_neat: Added edge 6→8 (from 21 candidates)
2026-08-14 23:52:34,192 [DEBUG] cnn_neat: Added edge 0→6 (from 10 candidates)
2026-08-14 23:52:34,199 [DEBUG] cnn_neat: Removed hidden node 6 (pool=5)
2026-08-14 23:52:34,200 [DEBUG] cnn_neat: Split edge 7→2, new hidden node 10 (pool=10)
2026-08-14 23:52:34,204 [DEBUG] cnn_neat: Removed hidden node 5 (pool=4)
2026-08-14 23:52:34,206 [DEBUG] cnn_neat: Removed edge 0→5 (from 8 candidates)
2026-08-14 23:52:34,210 [DEBUG] cnn_neat: Removed 3 edges (requested 3)
2026-08-14 23:52:34,214 [DEBUG] cnn_neat: Crossover rejected: union topology invalid (edges=24 nodes=15)
2026-08-14 23:52:34,216 [DEBUG] cnn_neat: Split edge 5→6, new hidden node 10 (pool=9)
2026-08-14 23:52:34,219 [DEBUG] cnn_neat: Added edge 9→5 (from 10 candidates)
2026-08-14 23:52:34,221 [DEBUG] cnn_neat: Added edge 0→6 (from 8 candidates)
2026-08-14 23:52:34,224 [DEBUG] cnn_neat: Added edge 9→7 (from 9 candidates)
2026-08-14 23:52:34,227 [DEBUG] cnn_neat: Added edge 0→2 (from 8 candidates)
2026-08-14 23:52:34,230 [DEBUG] cnn_neat: Added edge 9→1 (from 6 candidates)
2026-08-14 23:52:34,232 [DEBUG] cnn_neat: Split edge 0→9, new hidden node 10 (pool=10)
2026-08-14 23:52:34,235 [DEBUG] cnn_neat: Added edge 5→1 (from 11 candidates)
2026-08-14 23:52:34,240 [DEBUG] cnn_neat: Removed hidden node 7 (pool=4)
2026-08-14 23:52:34,243 [DEBUG] cnn_neat: Removed edge 5→7 (from 9 candidates)
2026-08-14 23:52:34,247 [DEBUG] cnn_neat: Removed 3 edges (requested 3)
2026-08-14 23:52:34,250 [DEBUG] cnn_neat: Crossover rejected: union topology invalid (edges=27 nodes=16)
2026-08-14 23:52:34,252 [DEBUG] cnn_neat: Split edge 2→1, new hidden node 10 (pool=10)
2026-08-14 23:52:34,255 [DEBUG] cnn_neat: Added edge 9→7 (from 11 candidates)
2026-08-14 23:52:34,258 [DEBUG] cnn_neat: Added edge 6→1 (from 10 candidates)
2026-08-14 23:52:34,260 [DEBUG] cnn_neat: Added edge 9→1 (from 9 candidates)
2026-08-14 23:52:34,264 [DEBUG] cnn_neat: Added edge 7→1 (from 8 candidates)
2026-08-14 23:52:34,267 [DEBUG] cnn_neat: Added edge 9→5 (from 7 candidates)
2026-08-14 23:52:34,270 [DEBUG] cnn_neat: Split edge 5→6, new hidden node 11 (pool=10)
2026-08-14 23:52:34,273 [DEBUG] cnn_neat: Added edge 0→2 (from 26 candidates)
2026-08-14 23:52:34,277 [DEBUG] cnn_neat: Removed hidden node 10 (pool=6)
2026-08-14 23:52:34,279 [DEBUG] cnn_neat: Split edge 7→2, new hidden node 10 (pool=10)
2026-08-14 23:52:34,282 [DEBUG] cnn_neat: Removed edge 6→2 (from 10 candidates)
2026-08-14 23:52:34,286 [DEBUG] cnn_neat: Removed 3 edges (requested 3)
2026-08-14 23:52:34,290 [DEBUG] cnn_neat: Crossover rejected: union topology invalid (edges=26 nodes=17)
2026-08-14 23:52:34,292 [DEBUG] cnn_neat: Split edge 0→8, new hidden node 11 (pool=10)
2026-08-14 23:52:34,295 [DEBUG] cnn_neat: Added edge 5→2 (from 26 candidates)
2026-08-14 23:52:34,297 [DEBUG] cnn_neat: Added edge 6→8 (from 27 candidates)
2026-08-14 23:52:34,300 [DEBUG] cnn_neat: Added edge 9→2 (from 23 candidates)
2026-08-14 23:52:34,303 [DEBUG] cnn_neat: Added edge 7→10 (from 22 candidates)
2026-08-14 23:52:34,306 [DEBUG] cnn_neat: Added edge 10→1 (from 21 candidates)
2026-08-14 23:52:34,309 [DEBUG] cnn_neat: Split edge 2→1, new hidden node 10 (pool=12)
2026-08-14 23:52:34,312 [DEBUG] cnn_neat: Added edge 0→2 (from 14 candidates)
2026-08-14 23:52:34,315 [DEBUG] cnn_neat: Removed hidden node 9 (pool=5)
2026-08-14 23:52:34,318 [DEBUG] cnn_neat: Removed edge 7→3 (from 11 candidates)
2026-08-14 23:52:34,322 [DEBUG] cnn_neat: Removed 3 edges (requested 3)
2026-08-14 23:52:34,325 [DEBUG] cnn_neat: Crossover rejected: union topology invalid (edges=26 nodes=14)
2026-08-14 23:52:34,329 [DEBUG] cnn_neat: Split edge 9→6, new hidden node 10 (pool=12)
2026-08-14 23:52:34,331 [DEBUG] cnn_neat: Added edge 9→2 (from 14 candidates)
2026-08-14 23:52:34,334 [DEBUG] cnn_neat: Added edge 3→1 (from 15 candidates)
2026-08-14 23:52:34,337 [DEBUG] cnn_neat: Added edge 0→2 (from 14 candidates)
2026-08-14 23:52:34,341 [DEBUG] cnn_neat: Added edge 6→1 (from 13 candidates)
2026-08-14 23:52:34,344 [DEBUG] cnn_neat: Added edge 0→6 (from 12 candidates)
2026-08-14 23:52:34,348 [DEBUG] cnn_neat: Split edge 2→3, new hidden node 10 (pool=14)
2026-08-14 23:52:34,351 [DEBUG] cnn_neat: Added edge 7→3 (from 24 candidates)
2026-08-14 23:52:34,354 [DEBUG] cnn_neat: Split edge 6→2, new hidden node 10 (pool=15)
2026-08-14 23:52:34,358 [DEBUG] cnn_neat: Removed hidden node 5 (pool=6)
2026-08-14 23:52:34,360 [DEBUG] cnn_neat: Removed edge 5→3 (from 13 candidates)
2026-08-14 23:52:34,365 [DEBUG] cnn_neat: Removed 3 edges (requested 3)
2026-08-14 23:52:34,369 [DEBUG] cnn_neat: Crossover rejected: union topology invalid (edges=29 nodes=16)
2026-08-14 23:52:34,372 [DEBUG] cnn_neat: Split edge 9→6, new hidden node 10 (pool=14)
2026-08-14 23:52:34,375 [DEBUG] cnn_neat: Added edge 5→2 (from 24 candidates)
2026-08-14 23:52:34,377 [DEBUG] cnn_neat: Added edge 9→8 (from 26 candidates)
2026-08-14 23:52:34,380 [DEBUG] cnn_neat: Added edge 5→1 (from 24 candidates)
2026-08-14 23:52:34,383 [DEBUG] cnn_neat: Added edge 9→3 (from 23 candidates)
2026-08-14 23:52:34,387 [DEBUG] cnn_neat: Added edge 3→1 (from 22 candidates)
2026-08-14 23:52:34,390 [DEBUG] cnn_neat: Split edge 7→3, new hidden node 11 (pool=15)
2026-08-14 23:52:34,393 [DEBUG] cnn_neat: Added edge 6→10 (from 38 candidates)
2026-08-14 23:52:34,398 [DEBUG] cnn_neat: Removed hidden node 3 (pool=7)
2026-08-14 23:52:34,400 [DEBUG] cnn_neat: Removed edge 9→6 (from 14 candidates)
2026-08-14 23:52:34,405 [DEBUG] cnn_neat: Removed 3 edges (requested 3)
2026-08-14 23:52:34,409 [DEBUG] cnn_neat: Crossover rejected: union topology invalid (edges=32 nodes=19)
2026-08-14 23:52:34,412 [DEBUG] cnn_neat: Split edge 9→6, new hidden node 11 (pool=15)
2026-08-14 23:52:34,415 [DEBUG] cnn_neat: Added edge 7→10 (from 38 candidates)
2026-08-14 23:52:34,418 [DEBUG] cnn_neat: Added edge 0→3 (from 34 candidates)
2026-08-14 23:52:34,421 [DEBUG] cnn_neat: Added edge 8→10 (from 28 candidates)
2026-08-14 23:52:34,423 [DEBUG] cnn_neat: Added edge 6→8 (from 26 candidates)
2026-08-14 23:52:34,427 [DEBUG] cnn_neat: Added edge 10→2 (from 25 candidates)
2026-08-14 23:52:34,430 [DEBUG] cnn_neat: Split edge 6→3, new hidden node 10 (pool=15)
2026-08-14 23:52:34,433 [DEBUG] cnn_neat: Added edge 5→8 (from 20 candidates)
2026-08-14 23:52:34,438 [DEBUG] cnn_neat: Removed hidden node 5 (pool=6)
2026-08-14 23:52:34,440 [DEBUG] cnn_neat: Removed edge 5→6 (from 14 candidates)
2026-08-14 23:52:34,444 [DEBUG] cnn_neat: Removed 3 edges (requested 3)
2026-08-14 23:52:34,448 [DEBUG] cnn_neat: Crossover rejected: union topology invalid (edges=29 nodes=16)
2026-08-14 23:52:34,451 [DEBUG] cnn_neat: Split edge 6→7, new hidden node 10 (pool=15)
2026-08-14 23:52:34,454 [DEBUG] cnn_neat: Added edge 0→3 (from 20 candidates)
2026-08-14 23:52:34,457 [DEBUG] cnn_neat: Added edge 6→1 (from 15 candidates)
2026-08-14 23:52:34,460 [DEBUG] cnn_neat: Added edge 8→5 (from 14 candidates)
2026-08-14 23:52:34,462 [DEBUG] cnn_neat: Added edge 9→5 (from 12 candidates)
2026-08-14 23:52:34,465 [DEBUG] cnn_neat: Added edge 9→3 (from 10 candidates)
2026-08-14 23:52:34,468 [DEBUG] cnn_neat: Split edge 0→9, new hidden node 11 (pool=13)
2026-08-14 23:52:34,471 [DEBUG] cnn_neat: Added edge 5→2 (from 30 candidates)
2026-08-14 23:52:34,477 [DEBUG] cnn_neat: Removed hidden node 9 (pool=7)
2026-08-14 23:52:34,479 [DEBUG] cnn_neat: Removed edge 6→2 (from 14 candidates)
2026-08-14 23:52:34,580 [DEBUG] cnn_neat: Split edge 6→7, new hidden node 10 (pool=15)
2026-08-14 23:52:34,634 [DEBUG] cnn_neat: Added edge 5→2 (from 23 candidates)
2026-08-14 23:52:34,684 [DEBUG] cnn_neat: Removed hidden node 7 (pool=6)
2026-08-14 23:52:34,690 [DEBUG] cnn_neat: Removed edge 2→3 (from 14 candidates)
2026-08-14 23:52:34,703 [DEBUG] cnn_neat: Removed 3 edges (requested 3)
2026-08-14 23:52:34,710 [DEBUG] cnn_neat: Split edge 0→5, new hidden node 10 (pool=10)
2026-08-14 23:52:34,717 [DEBUG] cnn_neat: Split edge 6→3, new hidden node 10 (pool=14)
2026-08-14 23:52:34,723 [DEBUG] cnn_neat: Split edge 5→7, new hidden node 10 (pool=12)
2026-08-14 23:52:34,734 [DEBUG] cnn_neat: Split edge 0→5, new hidden node 10 (pool=13)
2026-08-14 23:52:34,741 [DEBUG] cnn_neat: Added edge 5→2 (from 13 candidates)
2026-08-14 23:52:34,751 [DEBUG] cnn_neat: Removed hidden node 9 (pool=5)
2026-08-14 23:52:34,756 [DEBUG] cnn_neat: Removed edge 7→2 (from 12 candidates)
2026-08-14 23:52:34,766 [DEBUG] cnn_neat: Removed 3 edges (requested 3)
2026-08-14 23:52:34,773 [DEBUG] cnn_neat: Split edge 5→2, new hidden node 10 (pool=11)
2026-08-14 23:52:34,778 [DEBUG] cnn_neat: Split edge 7→3, new hidden node 8 (pool=11)
2026-08-14 23:52:34,787 [DEBUG] cnn_neat: Split edge 0→9, new hidden node 11 (pool=14)
2026-08-14 23:52:34,794 [DEBUG] cnn_neat: Added edge 7→10 (from 29 candidates)
2026-08-14 23:52:34,804 [DEBUG] cnn_neat: Removed hidden node 3 (pool=7)
2026-08-14 23:52:34,810 [DEBUG] cnn_neat: Removed edge 5→3 (from 15 candidates)
2026-08-14 23:52:34,822 [DEBUG] cnn_neat: Removed 3 edges (requested 3)
2026-08-14 23:52:35,103 [DEBUG] cnn_neat: Split edge 11→9, new hidden node 12 (pool=12)
2026-08-14 23:52:35,127 [DEBUG] cnn_neat: Split edge 0→9, new hidden node 11 (pool=17)
2026-08-14 23:52:35,160 [DEBUG] cnn_neat: Split edge 8→3, new hidden node 10 (pool=14)
2026-08-14 23:52:35,179 [DEBUG] cnn_neat: Added edge 0→3 (from 25 candidates)
2026-08-14 23:52:35,207 [DEBUG] cnn_neat: Removed hidden node 8 (pool=6)
2026-08-14 23:52:35,221 [DEBUG] cnn_neat: Removed edge 5→3 (from 13 candidates)
2026-08-14 23:52:35,241 [DEBUG] cnn_neat: Removed 3 edges (requested 3)
2026-08-14 23:52:35,288 [DEBUG] cnn_neat: Split edge 2→1, new hidden node 11 (pool=13)
2026-08-14 23:52:35,294 [DEBUG] cnn_neat: Split edge 7→2, new hidden node 10 (pool=14)
2026-08-14 23:52:35,317 [DEBUG] cnn_neat: Split edge 0→5, new hidden node 10 (pool=14)
2026-08-14 23:52:35,321 [DEBUG] cnn_neat: Added edge 9→5 (from 14 candidates)
2026-08-14 23:52:35,336 [DEBUG] cnn_neat: Removed hidden node 6 (pool=5)
2026-08-14 23:52:35,341 [DEBUG] cnn_neat: Removed edge 5→7 (from 13 candidates)
2026-08-14 23:52:35,350 [DEBUG] cnn_neat: Removed 3 edges (requested 3)
2026-08-14 23:52:35,356 [DEBUG] cnn_neat: Split edge 6→2, new hidden node 11 (pool=13)
2026-08-14 23:52:35,362 [DEBUG] cnn_neat: Split edge 5→6, new hidden node 10 (pool=15)
2026-08-14 23:52:35,371 [DEBUG] cnn_neat: Split edge 0→8, new hidden node 12 (pool=12)
2026-08-14 23:52:35,376 [DEBUG] cnn_neat: Added edge 10→1 (from 36 candidates)
2026-08-14 23:52:35,385 [DEBUG] cnn_neat: Removed hidden node 8 (pool=8)
2026-08-14 23:52:35,389 [DEBUG] cnn_neat: Removed edge 5→7 (from 16 candidates)
2026-08-14 23:52:35,398 [DEBUG] cnn_neat: Removed 3 edges (requested 3)
2026-08-14 23:52:35,404 [DEBUG] cnn_neat: Split edge 2→1, new hidden node 12 (pool=12)
2026-08-14 23:52:35,408 [DEBUG] cnn_neat: Split edge 7→2, new hidden node 12 (pool=14)
2026-08-14 23:52:35,413 [DEBUG] cnn_neat: Split edge 9→6, new hidden node 12 (pool=5)
2026-08-14 23:52:35,419 [DEBUG] cnn_neat: Split edge 6→7, new hidden node 10 (pool=9)
2026-08-14 23:52:35,424 [DEBUG] cnn_neat: Added edge 0→6 (from 10 candidates)
2026-08-14 23:52:35,431 [DEBUG] cnn_neat: Removed hidden node 6 (pool=4)
2026-08-14 23:52:35,435 [DEBUG] cnn_neat: Removed edge 5→7 (from 8 candidates)
2026-08-14 23:52:35,444 [DEBUG] cnn_neat: Removed 3 edges (requested 3)
2026-08-14 23:52:35,449 [DEBUG] cnn_neat: Split edge 7→2, new hidden node 11 (pool=10)
2026-08-14 23:52:35,451 [DEBUG] cnn_neat: Split edge 7→2, new hidden node 10 (pool=5)
2026-08-14 23:52:35,459 [DEBUG] cnn_neat: Split edge 0→5, new hidden node 10 (pool=10)
2026-08-14 23:52:35,464 [DEBUG] cnn_neat: Added edge 5→2 (from 11 candidates)
2026-08-14 23:52:35,471 [DEBUG] cnn_neat: Removed hidden node 6 (pool=4)
2026-08-14 23:52:35,475 [DEBUG] cnn_neat: Removed edge 7→2 (from 9 candidates)
2026-08-14 23:52:35,484 [DEBUG] cnn_neat: Removed 3 edges (requested 3)
2026-08-14 23:52:35,489 [DEBUG] cnn_neat: Split edge 5→6, new hidden node 11 (pool=11)
2026-08-14 23:52:35,493 [DEBUG] cnn_neat: Split edge 6→7, new hidden node 10 (pool=11)
2026-08-14 23:52:35,503 [DEBUG] cnn_neat: Split edge 5→7, new hidden node 11 (pool=10)
2026-08-14 23:52:35,509 [DEBUG] cnn_neat: Added edge 8→2 (from 26 candidates)
2026-08-14 23:52:35,518 [DEBUG] cnn_neat: Removed hidden node 7 (pool=6)
2026-08-14 23:52:35,522 [DEBUG] cnn_neat: Removed edge 0→5 (from 10 candidates)
2026-08-14 23:52:35,530 [DEBUG] cnn_neat: Removed 3 edges (requested 3)
2026-08-14 23:52:35,536 [DEBUG] cnn_neat: Split edge 0→8, new hidden node 12 (pool=11)
2026-08-14 23:52:35,544 [DEBUG] cnn_neat: Split edge 0→5, new hidden node 10 (pool=12)
2026-08-14 23:52:35,549 [DEBUG] cnn_neat: Added edge 6→3 (from 14 candidates)
2026-08-14 23:52:35,559 [DEBUG] cnn_neat: Removed hidden node 9 (pool=5)
2026-08-14 23:52:35,565 [DEBUG] cnn_neat: Removed edge 5→3 (from 11 candidates)
2026-08-14 23:52:35,573 [DEBUG] cnn_neat: Removed 3 edges (requested 3)
2026-08-14 23:52:35,579 [DEBUG] cnn_neat: Split edge 2→3, new hidden node 11 (pool=13)
2026-08-14 23:52:35,584 [DEBUG] cnn_neat: Split edge 2→3, new hidden node 10 (pool=11)
2026-08-14 23:52:35,588 [DEBUG] cnn_neat: Split edge 7→2, new hidden node 10 (pool=9)
2026-08-14 23:52:35,653 [DEBUG] cnn_neat: Split edge 6→3, new hidden node 10 (pool=14)
2026-08-14 23:52:35,659 [DEBUG] cnn_neat: Added edge 7→3 (from 24 candidates)
2026-08-14 23:52:35,672 [DEBUG] cnn_neat: Removed hidden node 6 (pool=6)
2026-08-14 23:52:35,677 [DEBUG] cnn_neat: Removed edge 0→8 (from 13 candidates)
2026-08-14 23:52:35,690 [DEBUG] cnn_neat: Removed 3 edges (requested 3)
2026-08-14 23:52:35,697 [DEBUG] cnn_neat: Split edge 0→5, new hidden node 11 (pool=15)
2026-08-14 23:52:35,703 [DEBUG] cnn_neat: Split edge 7→2, new hidden node 10 (pool=9)
2026-08-14 23:52:35,708 [DEBUG] cnn_neat: Split edge 7→2, new hidden node 11 (pool=15)
2026-08-14 23:52:35,711 [DEBUG] cnn_neat: Added edge 8→9 (from 38 candidates)
2026-08-14 23:52:35,717 [DEBUG] cnn_neat: Removed hidden node 8 (pool=7)
2026-08-14 23:52:35,722 [DEBUG] cnn_neat: Removed edge 5→7 (from 14 candidates)
2026-08-14 23:52:35,732 [DEBUG] cnn_neat: Removed 3 edges (requested 3)
2026-08-14 23:52:35,734 [DEBUG] cnn_neat: Split edge 10→3, new hidden node 12 (pool=16)
2026-08-14 23:52:35,740 [DEBUG] cnn_neat: Split edge 6→3, new hidden node 11 (pool=16)
2026-08-14 23:52:35,749 [DEBUG] cnn_neat: Split edge 5→3, new hidden node 10 (pool=15)
2026-08-14 23:52:35,752 [DEBUG] cnn_neat: Added edge 0→7 (from 20 candidates)
2026-08-14 23:52:35,762 [DEBUG] cnn_neat: Removed hidden node 8 (pool=6)
2026-08-14 23:52:35,764 [DEBUG] cnn_neat: Removed edge 8→9 (from 14 candidates)
2026-08-14 23:52:35,773 [DEBUG] cnn_neat: Removed 3 edges (requested 3)
2026-08-14 23:52:35,783 [DEBUG] cnn_neat: Split edge 5→3, new hidden node 10 (pool=14)
2026-08-14 23:52:35,790 [DEBUG] cnn_neat: Split edge 5→7, new hidden node 10 (pool=8)
2026-08-14 23:52:35,797 [DEBUG] cnn_neat: Added edge 9→3 (from 18 candidates)
2026-08-14 23:52:35,799 [DEBUG] cnn_neat: Added edge 2→9 (from 29 candidates)
2026-08-14 23:52:35,809 [DEBUG] cnn_neat: Split edge 9→6, new hidden node 11 (pool=13)
2026-08-14 23:52:35,986 [DEBUG] cnn_neat: Added edge 9→2 (from 30 candidates)
2026-08-14 23:52:36,000 [DEBUG] cnn_neat: Removed hidden node 10 (pool=7)
2026-08-14 23:52:36,004 [DEBUG] cnn_neat: Removed edge 8→3 (from 14 candidates)
2026-08-14 23:52:36,026 [DEBUG] cnn_neat: Removed 3 edges (requested 3)
2026-08-14 23:52:36,030 [DEBUG] cnn_neat: Split edge 6→2, new hidden node 12 (pool=14)
2026-08-14 23:52:36,040 [DEBUG] cnn_neat: Split edge 2→1, new hidden node 11 (pool=10)
2026-08-14 23:52:36,052 [DEBUG] cnn_neat: Added edge 9→5 (from 23 candidates)
2026-08-14 23:52:36,060 [DEBUG] cnn_neat: Removed hidden node 3 (pool=6)
2026-08-14 23:52:36,070 [DEBUG] cnn_neat: Removed edge 9→6 (from 14 candidates)
2026-08-14 23:52:36,075 [DEBUG] cnn_neat: Removed 3 edges (requested 3)
2026-08-14 23:52:36,081 [DEBUG] cnn_neat: Split edge 2→11, new hidden node 12 (pool=11)
2026-08-14 23:52:36,094 [DEBUG] cnn_neat: Split edge 6→3, new hidden node 12 (pool=12)
2026-08-14 23:52:36,101 [DEBUG] cnn_neat: Added edge 6→11 (from 35 candidates)
2026-08-14 23:52:36,274 [DEBUG] cnn_neat: Removed hidden node 5 (pool=7)
2026-08-14 23:52:36,282 [DEBUG] cnn_neat: Removed edge 7→2 (from 14 candidates)
2026-08-14 23:52:36,298 [DEBUG] cnn_neat: Removed 3 edges (requested 3)
2026-08-14 23:52:36,307 [DEBUG] cnn_neat: Split edge 7→3, new hidden node 13 (pool=13)
2026-08-14 23:52:36,320 [DEBUG] cnn_neat: Split edge 5→7, new hidden node 11 (pool=13)
2026-08-14 23:52:36,330 [DEBUG] cnn_neat: Added edge 8→6 (from 33 candidates)
2026-08-14 23:52:36,335 [DEBUG] cnn_neat: Removed hidden node 7 (pool=7)
2026-08-14 23:52:36,341 [DEBUG] cnn_neat: Removed edge 7→3 (from 15 candidates)
2026-08-14 23:52:36,357 [DEBUG] cnn_neat: Removed 3 edges (requested 3)
2026-08-14 23:52:36,360 [DEBUG] cnn_neat: Split edge 6→3, new hidden node 12 (pool=14)
2026-08-14 23:52:36,366 [DEBUG] cnn_neat: Split edge 7→2, new hidden node 12 (pool=12)
2026-08-14 23:52:36,376 [DEBUG] cnn_neat: Added edge 8→6 (from 38 candidates)
2026-08-14 23:52:36,382 [DEBUG] cnn_neat: Removed hidden node 6 (pool=8)
2026-08-14 23:52:36,389 [DEBUG] cnn_neat: Removed edge 6→3 (from 14 candidates)
2026-08-14 23:52:36,395 [DEBUG] cnn_neat: Removed 3 edges (requested 3)
2026-08-14 23:52:36,398 [DEBUG] cnn_neat: Split edge 12→2, new hidden node 13 (pool=13)
2026-08-14 23:52:36,408 [DEBUG] cnn_neat: Split edge 5→7, new hidden node 11 (pool=15)
2026-08-14 23:52:36,412 [DEBUG] cnn_neat: Added edge 10→8 (from 25 candidates)
2026-08-14 23:52:36,417 [DEBUG] cnn_neat: Removed hidden node 8 (pool=7)
2026-08-14 23:52:36,428 [DEBUG] cnn_neat: Removed edge 8→3 (from 16 candidates)
2026-08-14 23:52:36,435 [DEBUG] cnn_neat: Removed 3 edges (requested 3)
2026-08-14 23:52:36,445 [DEBUG] cnn_neat: Split edge 0→8, new hidden node 12 (pool=16)
2026-08-14 23:52:36,448 [DEBUG] cnn_neat: Split edge 0→8, new hidden node 11 (pool=15)
2026-08-14 23:52:36,453 [DEBUG] cnn_neat: Split edge 5→6, new hidden node 12 (pool=16)
2026-08-14 23:52:36,461 [DEBUG] cnn_neat: Added edge 6→11 (from 36 candidates)
2026-08-14 23:52:36,644 [DEBUG] cnn_neat: Removed hidden node 3 (pool=8)
2026-08-14 23:52:36,650 [DEBUG] cnn_neat: Removed edge 6→2 (from 17 candidates)
2026-08-14 23:52:36,662 [DEBUG] cnn_neat: Removed 3 edges (requested 3)
2026-08-14 23:52:36,670 [DEBUG] cnn_neat: Split edge 11→3, new hidden node 13 (pool=14)
2026-08-14 23:52:36,678 [DEBUG] cnn_neat: Split edge 0→8, new hidden node 12 (pool=15)
2026-08-14 23:52:36,692 [DEBUG] cnn_neat: Added edge 5→8 (from 37 candidates)
2026-08-14 23:52:36,703 [DEBUG] cnn_neat: Removed hidden node 10 (pool=8)
2026-08-14 23:52:36,706 [DEBUG] cnn_neat: Removed edge 0→8 (from 17 candidates)
2026-08-14 23:52:36,713 [DEBUG] cnn_neat: Removed 3 edges (requested 3)
2026-08-14 23:52:36,728 [DEBUG] cnn_neat: Split edge 2→10, new hidden node 13 (pool=15)
2026-08-14 23:52:36,733 [DEBUG] cnn_neat: Split edge 8→11, new hidden node 12 (pool=15)
2026-08-14 23:52:36,743 [DEBUG] cnn_neat: Split edge 6→2, new hidden node 13 (pool=13)
2026-08-14 23:52:36,747 [DEBUG] cnn_neat: Added edge 6→10 (from 49 candidates)
2026-08-14 23:52:36,751 [DEBUG] cnn_neat: Removed hidden node 7 (pool=9)
2026-08-14 23:52:36,761 [DEBUG] cnn_neat: Removed edge 7→2 (from 15 candidates)
2026-08-14 23:52:36,775 [DEBUG] cnn_neat: Removed 3 edges (requested 3)
2026-08-14 23:52:36,785 [DEBUG] cnn_neat: Split edge 2→1, new hidden node 14 (pool=14)
2026-08-14 23:52:36,970 [DEBUG] cnn_neat: Split edge 5→2, new hidden node 12 (pool=2)
2026-08-14 23:52:36,979 [DEBUG] cnn_neat: Added edge 8→7 (from 46 candidates)
2026-08-14 23:52:36,989 [DEBUG] cnn_neat: Removed hidden node 5 (pool=9)
2026-08-14 23:52:36,996 [DEBUG] cnn_neat: Removed edge 5→2 (from 11 candidates)
2026-08-14 23:52:37,006 [DEBUG] cnn_neat: Removed 3 edges (requested 3)
2026-08-14 23:52:37,016 [DEBUG] cnn_neat: Split edge 5→2, new hidden node 12 (pool=2)
2026-08-14 23:52:37,019 [DEBUG] cnn_neat: Split edge 2→1, new hidden node 12 (pool=4)
2026-08-14 23:52:37,030 [DEBUG] cnn_neat: Split edge 0→5, new hidden node 12 (pool=4)
2026-08-14 23:52:37,070 [DEBUG] cnn_neat: Added edge 0→9 (from 37 candidates)
2026-08-14 23:52:37,091 [DEBUG] cnn_neat: Removed hidden node 11 (pool=8)
2026-08-14 23:52:37,298 [DEBUG] cnn_neat: Removed edge 5→11 (from 9 candidates)
2026-08-14 23:52:37,306 [DEBUG] cnn_neat: Removed 3 edges (requested 3)
2026-08-14 23:52:37,311 [DEBUG] cnn_neat: Split edge 6→2, new hidden node 13 (pool=6)
2026-08-14 23:52:37,321 [DEBUG] cnn_neat: Split edge 5→2, new hidden node 12 (pool=2)
2026-08-14 23:52:37,327 [DEBUG] cnn_neat: Added edge 6→3 (from 44 candidates)
2026-08-14 23:52:37,336 [DEBUG] cnn_neat: Removed hidden node 8 (pool=9)
2026-08-14 23:52:37,343 [DEBUG] cnn_neat: Removed edge 5→6 (from 11 candidates)
2026-08-14 23:52:37,350 [DEBUG] cnn_neat: Removed 3 edges (requested 3)
2026-08-14 23:52:37,356 [DEBUG] cnn_neat: Split edge 11→8, new hidden node 13 (pool=10)
2026-08-14 23:52:37,364 [DEBUG] cnn_neat: Split edge 6→7, new hidden node 8 (pool=13)
2026-08-14 23:52:37,368 [DEBUG] cnn_neat: Added edge 5→1 (from 7 candidates)
2026-08-14 23:52:37,374 [DEBUG] cnn_neat: Removed hidden node 7 (pool=4)
2026-08-14 23:52:37,377 [DEBUG] cnn_neat: Removed edge 5→3 (from 12 candidates)
2026-08-14 23:52:37,382 [DEBUG] cnn_neat: Removed 3 edges (requested 3)
2026-08-14 23:52:37,388 [DEBUG] cnn_neat: Split edge 6→7, new hidden node 8 (pool=8)
2026-08-14 23:52:37,393 [DEBUG] cnn_neat: Split edge 0→3, new hidden node 8 (pool=12)
2026-08-14 23:52:37,395 [DEBUG] cnn_neat: Split edge 0→6, new hidden node 8 (pool=5)
2026-08-14 23:52:37,401 [DEBUG] cnn_neat: Split edge 0→5, new hidden node 8 (pool=12)
2026-08-14 23:52:37,405 [DEBUG] cnn_neat: Added edge 0→7 (from 6 candidates)
2026-08-14 23:52:37,416 [DEBUG] cnn_neat: Removed hidden node 3 (pool=3)
2026-08-14 23:52:37,423 [DEBUG] cnn_neat: Removed edge 0→3 (from 10 candidates)
2026-08-14 23:52:37,433 [DEBUG] cnn_neat: Removed 3 edges (requested 3)
2026-08-14 23:52:37,440 [DEBUG] cnn_neat: Split edge 5→6, new hidden node 9 (pool=13)
2026-08-14 23:52:37,444 [DEBUG] cnn_neat: Split edge 6→3, new hidden node 8 (pool=9)
2026-08-14 23:52:37,450 [DEBUG] cnn_neat: Added edge 0→6 (from 10 candidates)
2026-08-14 23:52:37,454 [DEBUG] cnn_neat: Added edge 5→2 (from 8 candidates)
2026-08-14 23:52:37,461 [DEBUG] cnn_neat: Saved generation 12
2026-08-14 23:52:37,530 [DEBUG] cnn_neat: Selected 25 elite individuals
2026-08-14 23:52:37,531 [DEBUG] cnn_neat: Split edge 0→5, new hidden node 9 (pool=14)
2026-08-14 23:52:37,546 [DEBUG] cnn_neat: Added edge 8→1 (from 17 candidates)
2026-08-14 23:52:37,606 [DEBUG] cnn_neat: Removed hidden node 5 (pool=5)
2026-08-14 23:52:37,621 [DEBUG] cnn_neat: Removed edge 5→7 (from 13 candidates)
2026-08-14 23:52:37,646 [DEBUG] cnn_neat: Removed 3 edges (requested 3)
2026-08-14 23:52:37,654 [DEBUG] cnn_neat: Split edge 6→2, new hidden node 9 (pool=13)
2026-08-14 23:52:37,660 [DEBUG] cnn_neat: Split edge 5→3, new hidden node 9 (pool=11)
2026-08-14 23:52:37,668 [DEBUG] cnn_neat: Added edge 5→7 (from 18 candidates)
2026-08-14 23:52:37,675 [DEBUG] cnn_neat: Added edge 0→7 (from 22 candidates)
2026-08-14 23:52:37,686 [DEBUG] cnn_neat: Split edge 2→3, new hidden node 10 (pool=14)
2026-08-14 23:52:37,695 [DEBUG] cnn_neat: Split edge 2→1, new hidden node 8 (pool=11)
2026-08-14 23:52:37,701 [DEBUG] cnn_neat: Added edge 0→2 (from 7 candidates)
2026-08-14 23:52:37,712 [DEBUG] cnn_neat: Removed hidden node 3 (pool=3)
2026-08-14 23:52:37,717 [DEBUG] cnn_neat: Removed edge 7→2 (from 9 candidates)
2026-08-14 23:52:37,726 [DEBUG] cnn_neat: Removed 3 edges (requested 3)
2026-08-14 23:52:37,732 [DEBUG] cnn_neat: Split edge 7→2, new hidden node 9 (pool=12)
2026-08-14 23:52:37,737 [DEBUG] cnn_neat: Split edge 6→3, new hidden node 8 (pool=10)
2026-08-14 23:52:37,741 [DEBUG] cnn_neat: Split edge 7→2, new hidden node 8 (pool=8)
2026-08-14 23:52:37,747 [DEBUG] cnn_neat: Added edge 7→3 (from 11 candidates)
2026-08-14 23:52:37,750 [DEBUG] cnn_neat: Added edge 3→7 (from 10 candidates)
2026-08-14 23:52:37,758 [DEBUG] cnn_neat: Trimmed elite queue to 128 entries
2026-08-14 23:52:38,112 [DEBUG] cnn_neat: Split edge 7→3, new hidden node 9 (pool=13)
2026-08-14 23:52:38,115 [DEBUG] cnn_neat: Split edge 5→6, new hidden node 11 (pool=15)
2026-08-14 23:52:38,118 [DEBUG] cnn_neat: Added edge 5→7 (from 35 candidates)
2026-08-14 23:52:38,123 [DEBUG] cnn_neat: Removed hidden node 3 (pool=7)
2026-08-14 23:52:38,127 [DEBUG] cnn_neat: Removed edge 9→6 (from 14 candidates)
2026-08-14 23:52:38,131 [DEBUG] cnn_neat: Removed 3 edges (requested 3)
2026-08-14 23:52:38,135 [DEBUG] cnn_neat: Crossover rejected: union topology invalid (edges=25 nodes=16)
2026-08-14 23:52:38,137 [DEBUG] cnn_neat: Split edge 0→9, new hidden node 11 (pool=15)
2026-08-14 23:52:38,141 [DEBUG] cnn_neat: Added edge 10→9 (from 35 candidates)
2026-08-14 23:52:38,144 [DEBUG] cnn_neat: Added edge 9→8 (from 31 candidates)
2026-08-14 23:52:38,148 [DEBUG] cnn_neat: Added edge 0→3 (from 21 candidates)
2026-08-14 23:52:38,151 [DEBUG] cnn_neat: Added edge 8→6 (from 25 candidates)
2026-08-14 23:52:38,154 [DEBUG] cnn_neat: Added edge 8→2 (from 21 candidates)
2026-08-14 23:52:38,157 [DEBUG] cnn_neat: Split edge 5→7, new hidden node 10 (pool=10)
2026-08-14 23:52:38,160 [DEBUG] cnn_neat: Added edge 0→7 (from 20 candidates)
2026-08-14 23:52:38,163 [DEBUG] cnn_neat: Removed hidden node 6 (pool=5)
2026-08-14 23:52:38,166 [DEBUG] cnn_neat: Removed edge 7→2 (from 9 candidates)
2026-08-14 23:52:38,170 [DEBUG] cnn_neat: Removed 3 edges (requested 3)
2026-08-14 23:52:38,173 [DEBUG] cnn_neat: Crossover rejected: union topology invalid (edges=19 nodes=13)
2026-08-14 23:52:38,176 [DEBUG] cnn_neat: Split edge 6→7, new hidden node 10 (pool=10)
2026-08-14 23:52:38,179 [DEBUG] cnn_neat: Added edge 0→2 (from 20 candidates)
2026-08-14 23:52:38,181 [DEBUG] cnn_neat: Added edge 9→1 (from 20 candidates)
2026-08-14 23:52:38,184 [DEBUG] cnn_neat: Added edge 5→2 (from 19 candidates)
2026-08-14 23:52:38,187 [DEBUG] cnn_neat: Added edge 8→2 (from 18 candidates)
2026-08-14 23:52:38,190 [DEBUG] cnn_neat: Added edge 8→7 (from 16 candidates)
2026-08-14 23:52:38,193 [DEBUG] cnn_neat: Split edge 2→1, new hidden node 11 (pool=10)
2026-08-14 23:52:38,196 [DEBUG] cnn_neat: Added edge 6→10 (from 20 candidates)
2026-08-14 23:52:38,201 [DEBUG] cnn_neat: Removed hidden node 7 (pool=5)
2026-08-14 23:52:38,203 [DEBUG] cnn_neat: Removed edge 5→10 (from 9 candidates)
2026-08-14 23:52:38,205 [DEBUG] cnn_neat: Split edge 7→2, new hidden node 10 (pool=9)
2026-08-14 23:52:38,209 [DEBUG] cnn_neat: Removed 3 edges (requested 3)
2026-08-14 23:52:38,213 [DEBUG] cnn_neat: Crossover rejected: union topology invalid (edges=25 nodes=16)
2026-08-14 23:52:38,215 [DEBUG] cnn_neat: Split edge 6→2, new hidden node 11 (pool=10)
2026-08-14 23:52:38,218 [DEBUG] cnn_neat: Added edge 9→2 (from 20 candidates)
2026-08-14 23:52:38,221 [DEBUG] cnn_neat: Added edge 10→1 (from 21 candidates)
2026-08-14 23:52:38,224 [DEBUG] cnn_neat: Added edge 5→9 (from 20 candidates)
2026-08-14 23:52:38,227 [DEBUG] cnn_neat: Added edge 2→10 (from 18 candidates)
2026-08-14 23:52:38,231 [DEBUG] cnn_neat: Added edge 0→2 (from 13 candidates)
2026-08-14 23:52:38,234 [DEBUG] cnn_neat: Split edge 0→5, new hidden node 11 (pool=11)
2026-08-14 23:52:38,237 [DEBUG] cnn_neat: Added edge 7→1 (from 18 candidates)
2026-08-14 23:52:38,241 [DEBUG] cnn_neat: Removed hidden node 5 (pool=5)
2026-08-14 23:52:38,244 [DEBUG] cnn_neat: Removed edge 5→6 (from 10 candidates)
2026-08-14 23:52:38,249 [DEBUG] cnn_neat: Removed 3 edges (requested 3)
2026-08-14 23:52:38,253 [DEBUG] cnn_neat: Crossover rejected: union topology invalid (edges=22 nodes=15)
2026-08-14 23:52:38,256 [DEBUG] cnn_neat: Split edge 10→9, new hidden node 11 (pool=11)
2026-08-14 23:52:38,259 [DEBUG] cnn_neat: Added edge 9→7 (from 18 candidates)
2026-08-14 23:52:38,262 [DEBUG] cnn_neat: Added edge 9→2 (from 17 candidates)
2026-08-14 23:52:38,265 [DEBUG] cnn_neat: Added edge 10→1 (from 16 candidates)
2026-08-14 23:52:38,269 [DEBUG] cnn_neat: Added edge 0→9 (from 15 candidates)
2026-08-14 23:52:38,272 [DEBUG] cnn_neat: Added edge 5→10 (from 12 candidates)
2026-08-14 23:52:38,275 [DEBUG] cnn_neat: Split edge 6→2, new hidden node 10 (pool=11)
2026-08-14 23:52:38,278 [DEBUG] cnn_neat: Added edge 7→3 (from 15 candidates)
2026-08-14 23:52:38,280 [DEBUG] cnn_neat: Split edge 7→2, new hidden node 10 (pool=12)
2026-08-14 23:52:38,285 [DEBUG] cnn_neat: Removed hidden node 3 (pool=5)
2026-08-14 23:52:38,287 [DEBUG] cnn_neat: Split edge 6→7, new hidden node 10 (pool=9)
2026-08-14 23:52:38,290 [DEBUG] cnn_neat: Added edge 5→10 (from 15 candidates)
2026-08-14 23:52:38,292 [DEBUG] cnn_neat: Removed edge 6→7 (from 10 candidates)
2026-08-14 23:52:38,297 [DEBUG] cnn_neat: Removed 3 edges (requested 3)
2026-08-14 23:52:38,300 [DEBUG] cnn_neat: Crossover rejected: union topology invalid (edges=26 nodes=16)
2026-08-14 23:52:38,303 [DEBUG] cnn_neat: Split edge 9→6, new hidden node 10 (pool=11)
2026-08-14 23:52:38,305 [DEBUG] cnn_neat: Added edge 9→3 (from 15 candidates)
2026-08-14 23:52:38,308 [DEBUG] cnn_neat: Added edge 0→2 (from 14 candidates)
2026-08-14 23:52:38,310 [DEBUG] cnn_neat: Added edge 0→6 (from 15 candidates)
2026-08-14 23:52:38,313 [DEBUG] cnn_neat: Added edge 6→3 (from 12 candidates)
2026-08-14 23:52:38,316 [DEBUG] cnn_neat: Added edge 5→9 (from 11 candidates)
2026-08-14 23:52:38,319 [DEBUG] cnn_neat: Split edge 6→2, new hidden node 10 (pool=12)
2026-08-14 23:52:38,321 [DEBUG] cnn_neat: Added edge 9→7 (from 14 candidates)
2026-08-14 23:52:38,325 [DEBUG] cnn_neat: Removed hidden node 6 (pool=5)
2026-08-14 23:52:38,327 [DEBUG] cnn_neat: Removed edge 0→9 (from 11 candidates)
2026-08-14 23:52:38,332 [DEBUG] cnn_neat: Removed 3 edges (requested 3)
2026-08-14 23:52:38,336 [DEBUG] cnn_neat: Crossover rejected: union topology invalid (edges=26 nodes=15)
2026-08-14 23:52:38,338 [DEBUG] cnn_neat: Split edge 7→3, new hidden node 10 (pool=12)
2026-08-14 23:52:38,341 [DEBUG] cnn_neat: Added edge 7→1 (from 14 candidates)
2026-08-14 23:52:38,344 [DEBUG] cnn_neat: Added edge 3→1 (from 13 candidates)
2026-08-14 23:52:38,347 [DEBUG] cnn_neat: Added edge 0→2 (from 11 candidates)
2026-08-14 23:52:38,351 [DEBUG] cnn_neat: Added edge 5→1 (from 13 candidates)
2026-08-14 23:52:38,355 [DEBUG] cnn_neat: Added edge 9→3 (from 12 candidates)
2026-08-14 23:52:38,358 [DEBUG] cnn_neat: Split edge 7→2, new hidden node 12 (pool=11)
2026-08-14 23:52:38,361 [DEBUG] cnn_neat: Added edge 2→11 (from 39 candidates)
2026-08-14 23:52:38,365 [DEBUG] cnn_neat: Removed hidden node 5 (pool=7)
2026-08-14 23:52:38,367 [DEBUG] cnn_neat: Removed edge 7→2 (from 11 candidates)
2026-08-14 23:52:38,372 [DEBUG] cnn_neat: Removed 3 edges (requested 3)
2026-08-14 23:52:38,376 [DEBUG] cnn_neat: Crossover rejected: union topology invalid (edges=23 nodes=16)
2026-08-14 23:52:38,379 [DEBUG] cnn_neat: Split edge 0→9, new hidden node 12 (pool=11)
2026-08-14 23:52:38,382 [DEBUG] cnn_neat: Added edge 9→5 (from 39 candidates)
2026-08-14 23:52:38,385 [DEBUG] cnn_neat: Added edge 11→9 (from 37 candidates)
2026-08-14 23:52:38,388 [DEBUG] cnn_neat: Added edge 8→9 (from 30 candidates)
2026-08-14 23:52:38,392 [DEBUG] cnn_neat: Added edge 9→2 (from 23 candidates)
2026-08-14 23:52:38,395 [DEBUG] cnn_neat: Added edge 0→6 (from 22 candidates)
2026-08-14 23:52:38,399 [DEBUG] cnn_neat: Split edge 8→3, new hidden node 10 (pool=13)
2026-08-14 23:52:38,459 [DEBUG] cnn_neat: Split edge 0→5, new hidden node 11 (pool=15)
2026-08-14 23:52:38,511 [DEBUG] cnn_neat: Added edge 6→10 (from 35 candidates)
2026-08-14 23:52:38,611 [DEBUG] cnn_neat: Removed hidden node 10 (pool=7)
2026-08-14 23:52:38,618 [DEBUG] cnn_neat: Removed edge 6→7 (from 14 candidates)
2026-08-14 23:52:38,634 [DEBUG] cnn_neat: Removed 3 edges (requested 3)
2026-08-14 23:52:38,643 [DEBUG] cnn_neat: Split edge 6→7, new hidden node 12 (pool=13)
2026-08-14 23:52:38,656 [DEBUG] cnn_neat: Split edge 5→3, new hidden node 10 (pool=15)
2026-08-14 23:52:38,664 [DEBUG] cnn_neat: Added edge 8→9 (from 23 candidates)
2026-08-14 23:52:38,676 [DEBUG] cnn_neat: Removed hidden node 5 (pool=6)
2026-08-14 23:52:38,683 [DEBUG] cnn_neat: Removed edge 6→2 (from 14 candidates)
2026-08-14 23:52:38,693 [DEBUG] cnn_neat: Removed 3 edges (requested 3)
2026-08-14 23:52:38,702 [DEBUG] cnn_neat: Split edge 9→6, new hidden node 10 (pool=16)
2026-08-14 23:52:38,709 [DEBUG] cnn_neat: Added edge 8→7 (from 18 candidates)
2026-08-14 23:52:39,008 [DEBUG] cnn_neat: Split edge 6→3, new hidden node 11 (pool=13)
2026-08-14 23:52:39,039 [DEBUG] cnn_neat: Split edge 7→2, new hidden node 10 (pool=13)
2026-08-14 23:52:39,059 [DEBUG] cnn_neat: Added edge 9→7 (from 13 candidates)
2026-08-14 23:52:39,090 [DEBUG] cnn_neat: Removed hidden node 6 (pool=5)
2026-08-14 23:52:39,103 [DEBUG] cnn_neat: Removed edge 0→5 (from 12 candidates)
2026-08-14 23:52:39,167 [DEBUG] cnn_neat: Removed 3 edges (requested 3)
2026-08-14 23:52:39,174 [DEBUG] cnn_neat: Split edge 6→7, new hidden node 11 (pool=14)
2026-08-14 23:52:39,186 [DEBUG] cnn_neat: Split edge 2→1, new hidden node 10 (pool=14)
2026-08-14 23:52:39,209 [DEBUG] cnn_neat: Split edge 6→3, new hidden node 11 (pool=14)
2026-08-14 23:52:39,215 [DEBUG] cnn_neat: Added edge 6→10 (from 29 candidates)
2026-08-14 23:52:39,226 [DEBUG] cnn_neat: Removed hidden node 6 (pool=7)
2026-08-14 23:52:39,232 [DEBUG] cnn_neat: Removed edge 7→3 (from 15 candidates)
2026-08-14 23:52:39,243 [DEBUG] cnn_neat: Removed 3 edges (requested 3)
2026-08-14 23:52:39,250 [DEBUG] cnn_neat: Split edge 5→7, new hidden node 12 (pool=15)
2026-08-14 23:52:39,256 [DEBUG] cnn_neat: Split edge 5→6, new hidden node 11 (pool=17)
2026-08-14 23:52:39,265 [DEBUG] cnn_neat: Split edge 5→7, new hidden node 10 (pool=14)
2026-08-14 23:52:39,269 [DEBUG] cnn_neat: Added edge 0→8 (from 25 candidates)
2026-08-14 23:52:39,279 [DEBUG] cnn_neat: Removed hidden node 5 (pool=6)
2026-08-14 23:52:39,285 [DEBUG] cnn_neat: Removed edge 5→6 (from 13 candidates)
2026-08-14 23:52:39,296 [DEBUG] cnn_neat: Removed 3 edges (requested 3)
2026-08-14 23:52:39,300 [DEBUG] cnn_neat: Split edge 6→7, new hidden node 10 (pool=10)
2026-08-14 23:52:39,306 [DEBUG] cnn_neat: Split edge 2→3, new hidden node 10 (pool=13)
2026-08-14 23:52:39,310 [DEBUG] cnn_neat: Split edge 8→3, new hidden node 10 (pool=11)
2026-08-14 23:52:39,319 [DEBUG] cnn_neat: Split edge 0→6, new hidden node 10 (pool=14)
2026-08-14 23:52:39,325 [DEBUG] cnn_neat: Added edge 5→9 (from 14 candidates)
2026-08-14 23:52:39,333 [DEBUG] cnn_neat: Removed hidden node 9 (pool=5)
2026-08-14 23:52:39,337 [DEBUG] cnn_neat: Removed edge 6→7 (from 13 candidates)
2026-08-14 23:52:39,346 [DEBUG] cnn_neat: Removed 3 edges (requested 3)
2026-08-14 23:52:39,352 [DEBUG] cnn_neat: Split edge 5→3, new hidden node 11 (pool=15)
2026-08-14 23:52:39,358 [DEBUG] cnn_neat: Split edge 5→9, new hidden node 10 (pool=15)
2026-08-14 23:52:39,364 [DEBUG] cnn_neat: Split edge 6→2, new hidden node 10 (pool=11)
2026-08-14 23:52:39,373 [DEBUG] cnn_neat: Split edge 11→3, new hidden node 12 (pool=12)
2026-08-14 23:52:39,379 [DEBUG] cnn_neat: Added edge 5→9 (from 36 candidates)
2026-08-14 23:52:39,387 [DEBUG] cnn_neat: Removed hidden node 7 (pool=8)
2026-08-14 23:52:39,391 [DEBUG] cnn_neat: Removed edge 6→3 (from 16 candidates)
2026-08-14 23:52:39,401 [DEBUG] cnn_neat: Removed 3 edges (requested 3)
2026-08-14 23:52:39,407 [DEBUG] cnn_neat: Split edge 6→7, new hidden node 13 (pool=13)
2026-08-14 23:52:39,413 [DEBUG] cnn_neat: Split edge 5→7, new hidden node 10 (pool=9)
2026-08-14 23:52:39,418 [DEBUG] cnn_neat: Added edge 5→9 (from 10 candidates)
2026-08-14 23:52:39,426 [DEBUG] cnn_neat: Removed hidden node 7 (pool=4)
2026-08-14 23:52:39,429 [DEBUG] cnn_neat: Removed edge 7→2 (from 8 candidates)
2026-08-14 23:52:39,435 [DEBUG] cnn_neat: Removed 3 edges (requested 3)
2026-08-14 23:52:39,442 [DEBUG] cnn_neat: Split edge 6→2, new hidden node 10 (pool=10)
2026-08-14 23:52:39,446 [DEBUG] cnn_neat: Split edge 6→2, new hidden node 10 (pool=6)
2026-08-14 23:52:39,516 [DEBUG] cnn_neat: Split edge 2→1, new hidden node 10 (pool=10)
2026-08-14 23:52:39,519 [DEBUG] cnn_neat: Added edge 7→1 (from 11 candidates)
2026-08-14 23:52:39,529 [DEBUG] cnn_neat: Removed hidden node 5 (pool=4)
2026-08-14 23:52:39,536 [DEBUG] cnn_neat: Removed edge 0→6 (from 9 candidates)
2026-08-14 23:52:39,541 [DEBUG] cnn_neat: Removed 3 edges (requested 3)
2026-08-14 23:52:39,543 [DEBUG] cnn_neat: Split edge 6→2, new hidden node 10 (pool=11)
2026-08-14 23:52:39,551 [DEBUG] cnn_neat: Split edge 7→2, new hidden node 10 (pool=7)
2026-08-14 23:52:39,555 [DEBUG] cnn_neat: Split edge 9→6, new hidden node 10 (pool=7)
2026-08-14 23:52:39,565 [DEBUG] cnn_neat: Split edge 2→1, new hidden node 11 (pool=10)
2026-08-14 23:52:39,568 [DEBUG] cnn_neat: Added edge 8→5 (from 26 candidates)
2026-08-14 23:52:39,577 [DEBUG] cnn_neat: Removed hidden node 7 (pool=6)
2026-08-14 23:52:39,586 [DEBUG] cnn_neat: Removed edge 6→7 (from 10 candidates)
2026-08-14 23:52:39,595 [DEBUG] cnn_neat: Removed 3 edges (requested 3)
2026-08-14 23:52:39,601 [DEBUG] cnn_neat: Split edge 6→7, new hidden node 12 (pool=12)
2026-08-14 23:52:39,607 [DEBUG] cnn_neat: Split edge 0→8, new hidden node 11 (pool=11)
2026-08-14 23:52:39,621 [DEBUG] cnn_neat: Split edge 7→3, new hidden node 10 (pool=12)
2026-08-14 23:52:39,626 [DEBUG] cnn_neat: Added edge 0→6 (from 14 candidates)
2026-08-14 23:52:39,637 [DEBUG] cnn_neat: Removed hidden node 7 (pool=5)
2026-08-14 23:52:39,643 [DEBUG] cnn_neat: Removed edge 0→5 (from 11 candidates)
2026-08-14 23:52:39,651 [DEBUG] cnn_neat: Removed 3 edges (requested 3)
2026-08-14 23:52:39,656 [DEBUG] cnn_neat: Split edge 2→1, new hidden node 11 (pool=13)
2026-08-14 23:52:39,665 [DEBUG] cnn_neat: Split edge 5→3, new hidden node 10 (pool=14)
2026-08-14 23:52:39,674 [DEBUG] cnn_neat: Added edge 8→9 (from 24 candidates)
2026-08-14 23:52:39,686 [DEBUG] cnn_neat: Removed hidden node 5 (pool=6)
2026-08-14 23:52:39,868 [DEBUG] cnn_neat: Removed edge 7→2 (from 13 candidates)
2026-08-14 23:52:39,885 [DEBUG] cnn_neat: Removed 3 edges (requested 3)
2026-08-14 23:52:39,894 [DEBUG] cnn_neat: Split edge 7→2, new hidden node 11 (pool=12)
2026-08-14 23:52:39,900 [DEBUG] cnn_neat: Split edge 6→2, new hidden node 10 (pool=15)
2026-08-14 23:52:39,907 [DEBUG] cnn_neat: Split edge 0→5, new hidden node 11 (pool=15)
2026-08-14 23:52:39,918 [DEBUG] cnn_neat: Added edge 5→3 (from 38 candidates)
2026-08-14 23:52:39,924 [DEBUG] cnn_neat: Removed hidden node 8 (pool=7)
2026-08-14 23:52:39,934 [DEBUG] cnn_neat: Removed edge 6→7 (from 14 candidates)
2026-08-14 23:52:39,938 [DEBUG] cnn_neat: Removed 3 edges (requested 3)
2026-08-14 23:52:39,952 [DEBUG] cnn_neat: Split edge 10→3, new hidden node 12 (pool=13)
2026-08-14 23:52:39,964 [DEBUG] cnn_neat: Split edge 6→3, new hidden node 11 (pool=13)
2026-08-14 23:52:39,982 [DEBUG] cnn_neat: Split edge 9→6, new hidden node 10 (pool=15)
2026-08-14 23:52:39,991 [DEBUG] cnn_neat: Added edge 9→2 (from 20 candidates)
2026-08-14 23:52:39,995 [DEBUG] cnn_neat: Removed hidden node 5 (pool=6)
2026-08-14 23:52:40,173 [DEBUG] cnn_neat: Removed edge 7→2 (from 14 candidates)
2026-08-14 23:52:40,185 [DEBUG] cnn_neat: Removed 3 edges (requested 3)
2026-08-14 23:52:40,190 [DEBUG] cnn_neat: Split edge 8→3, new hidden node 11 (pool=16)
2026-08-14 23:52:40,194 [DEBUG] cnn_neat: Split edge 7→3, new hidden node 10 (pool=14)
2026-08-14 23:52:40,206 [DEBUG] cnn_neat: Split edge 0→9, new hidden node 10 (pool=10)
2026-08-14 23:52:40,217 [DEBUG] cnn_neat: Added edge 5→9 (from 20 candidates)
2026-08-14 23:52:40,226 [DEBUG] cnn_neat: Removed hidden node 8 (pool=5)
2026-08-14 23:52:40,228 [DEBUG] cnn_neat: Removed edge 6→2 (from 9 candidates)
2026-08-14 23:52:40,236 [DEBUG] cnn_neat: Removed 3 edges (requested 3)
2026-08-14 23:52:40,246 [DEBUG] cnn_neat: Split edge 6→7, new hidden node 11 (pool=11)
2026-08-14 23:52:40,249 [DEBUG] cnn_neat: Split edge 7→2, new hidden node 10 (pool=11)
2026-08-14 23:52:40,265 [DEBUG] cnn_neat: Split edge 5→7, new hidden node 11 (pool=10)
2026-08-14 23:52:40,275 [DEBUG] cnn_neat: Added edge 6→1 (from 20 candidates)
2026-08-14 23:52:40,282 [DEBUG] cnn_neat: Removed hidden node 5 (pool=5)
2026-08-14 23:52:40,294 [DEBUG] cnn_neat: Removed edge 6→2 (from 9 candidates)
2026-08-14 23:52:40,312 [DEBUG] cnn_neat: Removed 3 edges (requested 3)
2026-08-14 23:52:40,314 [DEBUG] cnn_neat: Split edge 6→7, new hidden node 12 (pool=11)
2026-08-14 23:52:40,321 [DEBUG] cnn_neat: Split edge 5→7, new hidden node 11 (pool=10)
2026-08-14 23:52:40,517 [DEBUG] cnn_neat: Split edge 7→2, new hidden node 11 (pool=11)
2026-08-14 23:52:40,520 [DEBUG] cnn_neat: Added edge 9→2 (from 18 candidates)
2026-08-14 23:52:40,524 [DEBUG] cnn_neat: Removed hidden node 6 (pool=5)
2026-08-14 23:52:40,526 [DEBUG] cnn_neat: Removed edge 10→9 (from 10 candidates)
2026-08-14 23:52:40,542 [DEBUG] cnn_neat: Removed 3 edges (requested 3)
2026-08-14 23:52:40,555 [DEBUG] cnn_neat: Split edge 10→9, new hidden node 12 (pool=10)
2026-08-14 23:52:40,559 [DEBUG] cnn_neat: Split edge 2→3, new hidden node 10 (pool=11)
2026-08-14 23:52:40,562 [DEBUG] cnn_neat: Added edge 0→3 (from 15 candidates)
2026-08-14 23:52:40,572 [DEBUG] cnn_neat: Removed hidden node 3 (pool=5)
2026-08-14 23:52:40,574 [DEBUG] cnn_neat: Removed edge 9→6 (from 10 candidates)
2026-08-14 23:52:40,583 [DEBUG] cnn_neat: Removed 3 edges (requested 3)
2026-08-14 23:52:40,587 [DEBUG] cnn_neat: Split edge 0→5, new hidden node 11 (pool=10)
2026-08-14 23:52:40,593 [DEBUG] cnn_neat: Split edge 5→6, new hidden node 10 (pool=12)
2026-08-14 23:52:40,607 [DEBUG] cnn_neat: Split edge 5→6, new hidden node 10 (pool=12)
2026-08-14 23:52:40,610 [DEBUG] cnn_neat: Added edge 9→2 (from 14 candidates)
2026-08-14 23:52:40,617 [DEBUG] cnn_neat: Removed hidden node 5 (pool=5)
2026-08-14 23:52:40,622 [DEBUG] cnn_neat: Removed edge 7→2 (from 11 candidates)
2026-08-14 23:52:40,627 [DEBUG] cnn_neat: Removed 3 edges (requested 3)
2026-08-14 23:52:40,630 [DEBUG] cnn_neat: Split edge 10→6, new hidden node 11 (pool=13)
2026-08-14 23:52:40,633 [DEBUG] cnn_neat: Split edge 0→5, new hidden node 10 (pool=13)
2026-08-14 23:52:40,640 [DEBUG] cnn_neat: Split edge 2→1, new hidden node 12 (pool=11)
2026-08-14 23:52:40,652 [DEBUG] cnn_neat: Added edge 11→9 (from 39 candidates)
2026-08-14 23:52:40,657 [DEBUG] cnn_neat: Removed hidden node 10 (pool=7)
2026-08-14 23:52:40,664 [DEBUG] cnn_neat: Removed edge 0→9 (from 11 candidates)
2026-08-14 23:52:40,674 [DEBUG] cnn_neat: Removed 3 edges (requested 3)
2026-08-14 23:52:40,681 [DEBUG] cnn_neat: Split edge 5→6, new hidden node 13 (pool=13)
2026-08-14 23:52:40,686 [DEBUG] cnn_neat: Split edge 6→2, new hidden node 10 (pool=13)
2026-08-14 23:52:40,694 [DEBUG] cnn_neat: Added edge 5→2 (from 25 candidates)
2026-08-14 23:52:40,701 [DEBUG] cnn_neat: Removed hidden node 5 (pool=6)
2026-08-14 23:52:40,710 [DEBUG] cnn_neat: Removed edge 6→2 (from 12 candidates)
2026-08-14 23:52:40,903 [DEBUG] cnn_neat: Removed 3 edges (requested 3)
2026-08-14 23:52:40,912 [DEBUG] cnn_neat: Split edge 6→3, new hidden node 11 (pool=14)
2026-08-14 23:52:40,921 [DEBUG] cnn_neat: Split edge 5→2, new hidden node 10 (pool=11)
2026-08-14 23:52:40,926 [DEBUG] cnn_neat: Split edge 6→3, new hidden node 11 (pool=14)
2026-08-14 23:52:40,929 [DEBUG] cnn_neat: Added edge 5→2 (from 24 candidates)
2026-08-14 23:52:40,937 [DEBUG] cnn_neat: Removed hidden node 9 (pool=6)
2026-08-14 23:52:40,940 [DEBUG] cnn_neat: Removed edge 0→9 (from 13 candidates)
2026-08-14 23:52:40,959 [DEBUG] cnn_neat: Removed 3 edges (requested 3)
2026-08-14 23:52:40,962 [DEBUG] cnn_neat: Split edge 6→7, new hidden node 12 (pool=15)
2026-08-14 23:52:41,007 [DEBUG] cnn_neat: Split edge 0→5, new hidden node 10 (pool=13)
2026-08-14 23:52:41,012 [DEBUG] cnn_neat: Added edge 5→2 (from 16 candidates)
2026-08-14 23:52:41,032 [DEBUG] cnn_neat: Removed hidden node 8 (pool=6)
2026-08-14 23:52:41,247 [DEBUG] cnn_neat: Removed edge 2→8 (from 14 candidates)
2026-08-14 23:52:41,254 [DEBUG] cnn_neat: Removed 3 edges (requested 3)
2026-08-14 23:52:41,259 [DEBUG] cnn_neat: Split edge 5→6, new hidden node 11 (pool=14)
2026-08-14 23:52:41,263 [DEBUG] cnn_neat: Split edge 7→2, new hidden node 10 (pool=11)
2026-08-14 23:52:41,267 [DEBUG] cnn_neat: Split edge 0→9, new hidden node 10 (pool=10)
2026-08-14 23:52:41,276 [DEBUG] cnn_neat: Split edge 0→9, new hidden node 12 (pool=13)
2026-08-14 23:52:41,281 [DEBUG] cnn_neat: Added edge 0→6 (from 30 candidates)
2026-08-14 23:52:41,288 [DEBUG] cnn_neat: Removed hidden node 7 (pool=7)
2026-08-14 23:52:41,292 [DEBUG] cnn_neat: Removed edge 5→3 (from 14 candidates)
2026-08-14 23:52:41,301 [DEBUG] cnn_neat: Removed 3 edges (requested 3)
2026-08-14 23:52:41,305 [DEBUG] cnn_neat: Split edge 9→6, new hidden node 13 (pool=14)
2026-08-14 23:52:41,313 [DEBUG] cnn_neat: Split edge 5→6, new hidden node 12 (pool=15)
2026-08-14 23:52:41,318 [DEBUG] cnn_neat: Added edge 2→11 (from 35 candidates)
2026-08-14 23:52:41,327 [DEBUG] cnn_neat: Removed hidden node 3 (pool=7)
2026-08-14 23:52:41,330 [DEBUG] cnn_neat: Removed edge 5→11 (from 14 candidates)
2026-08-14 23:52:41,337 [DEBUG] cnn_neat: Removed 3 edges (requested 3)
2026-08-14 23:52:41,343 [DEBUG] cnn_neat: Split edge 6→3, new hidden node 13 (pool=15)
2026-08-14 23:52:41,352 [DEBUG] cnn_neat: Split edge 5→3, new hidden node 11 (pool=13)
2026-08-14 23:52:41,357 [DEBUG] cnn_neat: Added edge 8→5 (from 30 candidates)
2026-08-14 23:52:41,364 [DEBUG] cnn_neat: Removed hidden node 9 (pool=7)
2026-08-14 23:52:41,368 [DEBUG] cnn_neat: Removed edge 7→2 (from 14 candidates)
2026-08-14 23:52:41,375 [DEBUG] cnn_neat: Removed 3 edges (requested 3)
2026-08-14 23:52:41,380 [DEBUG] cnn_neat: Split edge 11→3, new hidden node 12 (pool=11)
2026-08-14 23:52:41,387 [DEBUG] cnn_neat: Split edge 6→2, new hidden node 11 (pool=12)
2026-08-14 23:52:41,393 [DEBUG] cnn_neat: Added edge 7→3 (from 31 candidates)
2026-08-14 23:52:41,402 [DEBUG] cnn_neat: Removed hidden node 8 (pool=7)
2026-08-14 23:52:41,408 [DEBUG] cnn_neat: Removed edge 10→6 (from 14 candidates)
2026-08-14 23:52:41,419 [DEBUG] cnn_neat: Removed 3 edges (requested 3)
2026-08-14 23:52:41,425 [DEBUG] cnn_neat: Split edge 6→3, new hidden node 12 (pool=13)
2026-08-14 23:52:41,433 [DEBUG] cnn_neat: Split edge 6→7, new hidden node 11 (pool=13)
2026-08-14 23:52:41,438 [DEBUG] cnn_neat: Added edge 5→3 (from 33 candidates)
2026-08-14 23:52:41,445 [DEBUG] cnn_neat: Removed hidden node 7 (pool=7)
2026-08-14 23:52:41,450 [DEBUG] cnn_neat: Saved generation 13
2026-08-14 23:52:41,488 [DEBUG] cnn_neat: Removed edge 9→6 (from 15 candidates)
2026-08-14 23:52:41,504 [DEBUG] cnn_neat: Removed 3 edges (requested 3)
2026-08-14 23:52:41,512 [DEBUG] cnn_neat: Split edge 6→3, new hidden node 12 (pool=14)
2026-08-14 23:52:41,590 [DEBUG] cnn_neat: Split edge 2→1, new hidden node 12 (pool=16)
2026-08-14 23:52:41,591 [DEBUG] cnn_neat: Selected 25 elite individuals
2026-08-14 23:52:41,611 [DEBUG] cnn_neat: Added edge 10→1 (from 49 candidates)
2026-08-14 23:52:41,637 [DEBUG] cnn_neat: Removed hidden node 5 (pool=8)
2026-08-14 23:52:41,648 [DEBUG] cnn_neat: Removed edge 8→3 (from 15 candidates)
2026-08-14 23:52:41,671 [DEBUG] cnn_neat: Removed 3 edges (requested 3)
2026-08-14 23:52:41,680 [DEBUG] cnn_neat: Split edge 7→11, new hidden node 13 (pool=17)
2026-08-14 23:52:41,691 [DEBUG] cnn_neat: Split edge 6→3, new hidden node 11 (pool=16)
2026-08-14 23:52:41,700 [DEBUG] cnn_neat: Added edge 10→2 (from 35 candidates)
2026-08-14 23:52:41,711 [DEBUG] cnn_neat: Removed hidden node 5 (pool=7)
2026-08-14 23:52:41,719 [DEBUG] cnn_neat: Removed edge 0→9 (from 15 candidates)
2026-08-14 23:52:41,734 [DEBUG] cnn_neat: Removed 3 edges (requested 3)
2026-08-14 23:52:41,742 [DEBUG] cnn_neat: Split edge 7→3, new hidden node 12 (pool=17)
2026-08-14 23:52:41,746 [DEBUG] cnn_neat: Trimmed elite queue to 128 entries
2026-08-14 23:52:42,133 [DEBUG] cnn_neat: Split edge 0→9, new hidden node 11 (pool=10)
2026-08-14 23:52:42,136 [DEBUG] cnn_neat: Split edge 8→3, new hidden node 12 (pool=16)
2026-08-14 23:52:42,138 [DEBUG] cnn_neat: Added edge 7→1 (from 17 candidates)
2026-08-14 23:52:42,143 [DEBUG] cnn_neat: Removed hidden node 10 (pool=5)
2026-08-14 23:52:42,145 [DEBUG] cnn_neat: Split edge 9→6, new hidden node 10 (pool=8)
2026-08-14 23:52:42,147 [DEBUG] cnn_neat: Removed edge 10→7 (from 9 candidates)
2026-08-14 23:52:42,151 [DEBUG] cnn_neat: Removed 3 edges (requested 3)
2026-08-14 23:52:42,155 [DEBUG] cnn_neat: Crossover rejected: union topology invalid (edges=23 nodes=16)
2026-08-14 23:52:42,157 [DEBUG] cnn_neat: Split edge 0→9, new hidden node 11 (pool=10)
2026-08-14 23:52:42,161 [DEBUG] cnn_neat: Added edge 11→7 (from 26 candidates)
2026-08-14 23:52:42,164 [DEBUG] cnn_neat: Added edge 6→1 (from 17 candidates)
2026-08-14 23:52:42,167 [DEBUG] cnn_neat: Added edge 10→6 (from 16 candidates)
2026-08-14 23:52:42,169 [DEBUG] cnn_neat: Added edge 9→7 (from 14 candidates)
2026-08-14 23:52:42,172 [DEBUG] cnn_neat: Added edge 0→7 (from 14 candidates)
2026-08-14 23:52:42,175 [DEBUG] cnn_neat: Added edge 9→5 (from 15 candidates)
2026-08-14 23:52:42,178 [DEBUG] cnn_neat: Split edge 2→3, new hidden node 12 (pool=16)
2026-08-14 23:52:42,183 [DEBUG] cnn_neat: Added edge 11→5 (from 39 candidates)
2026-08-14 23:52:42,188 [DEBUG] cnn_neat: Removed hidden node 5 (pool=8)
2026-08-14 23:52:42,190 [DEBUG] cnn_neat: Removed edge 2→3 (from 15 candidates)
2026-08-14 23:52:42,196 [DEBUG] cnn_neat: Removed 3 edges (requested 3)
2026-08-14 23:52:42,199 [DEBUG] cnn_neat: Crossover rejected: union topology invalid (edges=30 nodes=18)
2026-08-14 23:52:42,203 [DEBUG] cnn_neat: Split edge 7→2, new hidden node 12 (pool=16)
2026-08-14 23:52:42,206 [DEBUG] cnn_neat: Added edge 8→5 (from 39 candidates)
2026-08-14 23:52:42,209 [DEBUG] cnn_neat: Added edge 7→1 (from 34 candidates)
2026-08-14 23:52:42,214 [DEBUG] cnn_neat: Added edge 8→6 (from 33 candidates)
2026-08-14 23:52:42,218 [DEBUG] cnn_neat: Added edge 9→5 (from 32 candidates)
2026-08-14 23:52:42,222 [DEBUG] cnn_neat: Added edge 6→1 (from 27 candidates)
2026-08-14 23:52:42,224 [DEBUG] cnn_neat: Split edge 0→9, new hidden node 10 (pool=11)
2026-08-14 23:52:42,227 [DEBUG] cnn_neat: Added edge 0→3 (from 15 candidates)
2026-08-14 23:52:42,231 [DEBUG] cnn_neat: Removed hidden node 6 (pool=5)
2026-08-14 23:52:42,233 [DEBUG] cnn_neat: Split edge 7→3, new hidden node 10 (pool=7)
2026-08-14 23:52:42,235 [DEBUG] cnn_neat: Removed edge 6→2 (from 10 candidates)
2026-08-14 23:52:42,239 [DEBUG] cnn_neat: Removed 3 edges (requested 3)
2026-08-14 23:52:42,241 [DEBUG] cnn_neat: Crossover rejected: union topology invalid (edges=22 nodes=14)
2026-08-14 23:52:42,245 [DEBUG] cnn_neat: Split edge 2→1, new hidden node 10 (pool=11)
2026-08-14 23:52:42,248 [DEBUG] cnn_neat: Added edge 5→3 (from 15 candidates)
2026-08-14 23:52:42,250 [DEBUG] cnn_neat: Added edge 0→2 (from 14 candidates)
2026-08-14 23:52:42,252 [DEBUG] cnn_neat: Added edge 0→6 (from 15 candidates)
2026-08-14 23:52:42,255 [DEBUG] cnn_neat: Added edge 9→3 (from 12 candidates)
2026-08-14 23:52:42,257 [DEBUG] cnn_neat: Added edge 6→3 (from 11 candidates)
2026-08-14 23:52:42,260 [DEBUG] cnn_neat: Split edge 6→10, new hidden node 11 (pool=11)
2026-08-14 23:52:42,262 [DEBUG] cnn_neat: Added edge 10→7 (from 17 candidates)
2026-08-14 23:52:42,267 [DEBUG] cnn_neat: Removed hidden node 5 (pool=5)
2026-08-14 23:52:42,270 [DEBUG] cnn_neat: Removed edge 6→7 (from 10 candidates)
2026-08-14 23:52:42,273 [DEBUG] cnn_neat: Removed 3 edges (requested 3)
2026-08-14 23:52:42,277 [DEBUG] cnn_neat: Crossover rejected: union topology invalid (edges=21 nodes=13)
2026-08-14 23:52:42,279 [DEBUG] cnn_neat: Split edge 0→5, new hidden node 11 (pool=11)
2026-08-14 23:52:42,282 [DEBUG] cnn_neat: Added edge 5→2 (from 17 candidates)
2026-08-14 23:52:42,286 [DEBUG] cnn_neat: Added edge 2→10 (from 18 candidates)
2026-08-14 23:52:42,288 [DEBUG] cnn_neat: Added edge 6→1 (from 15 candidates)
2026-08-14 23:52:42,291 [DEBUG] cnn_neat: Added edge 0→7 (from 14 candidates)
2026-08-14 23:52:42,294 [DEBUG] cnn_neat: Added edge 0→10 (from 13 candidates)
2026-08-14 23:52:42,297 [DEBUG] cnn_neat: Split edge 7→3, new hidden node 11 (pool=10)
2026-08-14 23:52:42,300 [DEBUG] cnn_neat: Added edge 9→7 (from 19 candidates)
2026-08-14 23:52:42,305 [DEBUG] cnn_neat: Removed hidden node 6 (pool=6)
2026-08-14 23:52:42,307 [DEBUG] cnn_neat: Removed edge 5→6 (from 10 candidates)
2026-08-14 23:52:42,311 [DEBUG] cnn_neat: Removed 3 edges (requested 3)
2026-08-14 23:52:42,314 [DEBUG] cnn_neat: Crossover rejected: union topology invalid (edges=24 nodes=15)
2026-08-14 23:52:42,317 [DEBUG] cnn_neat: Split edge 5→7, new hidden node 11 (pool=10)
2026-08-14 23:52:42,320 [DEBUG] cnn_neat: Added edge 9→2 (from 19 candidates)
2026-08-14 23:52:42,323 [DEBUG] cnn_neat: Added edge 0→3 (from 20 candidates)
2026-08-14 23:52:42,325 [DEBUG] cnn_neat: Added edge 5→2 (from 19 candidates)
2026-08-14 23:52:42,328 [DEBUG] cnn_neat: Added edge 0→6 (from 18 candidates)
2026-08-14 23:52:42,331 [DEBUG] cnn_neat: Added edge 2→3 (from 13 candidates)
2026-08-14 23:52:42,335 [DEBUG] cnn_neat: Split edge 5→6, new hidden node 12 (pool=8)
2026-08-14 23:52:42,339 [DEBUG] cnn_neat: Added edge 5→2 (from 22 candidates)
2026-08-14 23:52:42,345 [DEBUG] cnn_neat: Removed hidden node 9 (pool=6)
2026-08-14 23:52:42,347 [DEBUG] cnn_neat: Removed edge 0→6 (from 9 candidates)
2026-08-14 23:52:42,352 [DEBUG] cnn_neat: Removed 3 edges (requested 3)
2026-08-14 23:52:42,356 [DEBUG] cnn_neat: Crossover rejected: union topology invalid (edges=27 nodes=17)
2026-08-14 23:52:42,360 [DEBUG] cnn_neat: Split edge 7→2, new hidden node 12 (pool=8)
2026-08-14 23:52:42,363 [DEBUG] cnn_neat: Added edge 10→5 (from 22 candidates)
2026-08-14 23:52:42,367 [DEBUG] cnn_neat: Added edge 10→9 (from 20 candidates)
2026-08-14 23:52:42,370 [DEBUG] cnn_neat: Added edge 9→7 (from 23 candidates)
2026-08-14 23:52:42,373 [DEBUG] cnn_neat: Added edge 5→11 (from 22 candidates)
2026-08-14 23:52:42,377 [DEBUG] cnn_neat: Added edge 11→6 (from 19 candidates)
2026-08-14 23:52:42,381 [DEBUG] cnn_neat: Split edge 5→6, new hidden node 10 (pool=13)
2026-08-14 23:52:42,383 [DEBUG] cnn_neat: Added edge 8→9 (from 26 candidates)
2026-08-14 23:52:42,387 [DEBUG] cnn_neat: Removed hidden node 6 (pool=6)
2026-08-14 23:52:42,389 [DEBUG] cnn_neat: Removed edge 5→6 (from 12 candidates)
2026-08-14 23:52:42,394 [DEBUG] cnn_neat: Removed 3 edges (requested 3)
2026-08-14 23:52:42,398 [DEBUG] cnn_neat: Crossover rejected: union topology invalid (edges=28 nodes=17)
2026-08-14 23:52:42,401 [DEBUG] cnn_neat: Split edge 7→2, new hidden node 10 (pool=13)
2026-08-14 23:52:42,404 [DEBUG] cnn_neat: Added edge 2→8 (from 26 candidates)
2026-08-14 23:52:42,406 [DEBUG] cnn_neat: Added edge 0→6 (from 18 candidates)
2026-08-14 23:52:42,409 [DEBUG] cnn_neat: Added edge 9→7 (from 18 candidates)
2026-08-14 23:52:42,412 [DEBUG] cnn_neat: Added edge 0→2 (from 17 candidates)
2026-08-14 23:52:42,415 [DEBUG] cnn_neat: Added edge 9→2 (from 16 candidates)
2026-08-14 23:52:42,418 [DEBUG] cnn_neat: Split edge 6→2, new hidden node 10 (pool=13)
2026-08-14 23:52:42,421 [DEBUG] cnn_neat: Added edge 5→8 (from 26 candidates)
2026-08-14 23:52:42,426 [DEBUG] cnn_neat: Removed hidden node 9 (pool=6)
2026-08-14 23:52:42,494 [DEBUG] cnn_neat: Split edge 2→1, new hidden node 11 (pool=15)
2026-08-14 23:52:42,583 [DEBUG] cnn_neat: Added edge 0→6 (from 35 candidates)
2026-08-14 23:52:42,639 [DEBUG] cnn_neat: Removed hidden node 3 (pool=7)
2026-08-14 23:52:42,647 [DEBUG] cnn_neat: Removed edge 9→6 (from 14 candidates)
2026-08-14 23:52:42,660 [DEBUG] cnn_neat: Removed 3 edges (requested 3)
2026-08-14 23:52:42,669 [DEBUG] cnn_neat: Split edge 2→3, new hidden node 12 (pool=16)
2026-08-14 23:52:42,677 [DEBUG] cnn_neat: Split edge 6→7, new hidden node 11 (pool=10)
2026-08-14 23:52:42,683 [DEBUG] cnn_neat: Split edge 5→10, new hidden node 11 (pool=12)
2026-08-14 23:52:42,696 [DEBUG] cnn_neat: Split edge 10→7, new hidden node 11 (pool=10)
2026-08-14 23:52:42,704 [DEBUG] cnn_neat: Added edge 9→2 (from 17 candidates)
2026-08-14 23:52:42,717 [DEBUG] cnn_neat: Removed hidden node 10 (pool=5)
2026-08-14 23:52:42,725 [DEBUG] cnn_neat: Removed edge 6→2 (from 9 candidates)
2026-08-14 23:52:42,737 [DEBUG] cnn_neat: Removed 3 edges (requested 3)
2026-08-14 23:52:43,044 [DEBUG] cnn_neat: Split edge 10→11, new hidden node 12 (pool=11)
2026-08-14 23:52:43,080 [DEBUG] cnn_neat: Split edge 10→7, new hidden node 12 (pool=16)
2026-08-14 23:52:43,107 [DEBUG] cnn_neat: Added edge 10→2 (from 39 candidates)
2026-08-14 23:52:43,136 [DEBUG] cnn_neat: Removed hidden node 5 (pool=8)
2026-08-14 23:52:43,151 [DEBUG] cnn_neat: Removed edge 6→3 (from 15 candidates)
2026-08-14 23:52:43,219 [DEBUG] cnn_neat: Removed 3 edges (requested 3)
2026-08-14 23:52:43,227 [DEBUG] cnn_neat: Split edge 5→6, new hidden node 13 (pool=17)
2026-08-14 23:52:43,242 [DEBUG] cnn_neat: Split edge 5→3, new hidden node 12 (pool=17)
2026-08-14 23:52:43,261 [DEBUG] cnn_neat: Split edge 5→6, new hidden node 10 (pool=15)
2026-08-14 23:52:43,266 [DEBUG] cnn_neat: Added edge 5→9 (from 23 candidates)
2026-08-14 23:52:43,273 [DEBUG] cnn_neat: Removed hidden node 3 (pool=6)
2026-08-14 23:52:43,277 [DEBUG] cnn_neat: Removed edge 5→3 (from 14 candidates)
2026-08-14 23:52:43,285 [DEBUG] cnn_neat: Removed 3 edges (requested 3)
2026-08-14 23:52:43,289 [DEBUG] cnn_neat: Split edge 7→3, new hidden node 11 (pool=13)
2026-08-14 23:52:43,293 [DEBUG] cnn_neat: Split edge 7→3, new hidden node 10 (pool=16)
2026-08-14 23:52:43,300 [DEBUG] cnn_neat: Split edge 5→3, new hidden node 10 (pool=13)
2026-08-14 23:52:43,304 [DEBUG] cnn_neat: Added edge 0→6 (from 13 candidates)
2026-08-14 23:52:43,312 [DEBUG] cnn_neat: Removed hidden node 5 (pool=5)
2026-08-14 23:52:43,317 [DEBUG] cnn_neat: Removed edge 6→2 (from 12 candidates)
2026-08-14 23:52:43,325 [DEBUG] cnn_neat: Removed 3 edges (requested 3)
2026-08-14 23:52:43,330 [DEBUG] cnn_neat: Split edge 7→2, new hidden node 10 (pool=12)
2026-08-14 23:52:43,334 [DEBUG] cnn_neat: Split edge 0→9, new hidden node 10 (pool=10)
2026-08-14 23:52:43,338 [DEBUG] cnn_neat: Added edge 5→2 (from 14 candidates)
2026-08-14 23:52:43,341 [DEBUG] cnn_neat: Added edge 0→6 (from 17 candidates)
2026-08-14 23:52:43,349 [DEBUG] cnn_neat: Split edge 7→2, new hidden node 11 (pool=14)
2026-08-14 23:52:43,354 [DEBUG] cnn_neat: Added edge 9→2 (from 29 candidates)
2026-08-14 23:52:43,363 [DEBUG] cnn_neat: Removed hidden node 8 (pool=7)
2026-08-14 23:52:43,368 [DEBUG] cnn_neat: Removed edge 8→3 (from 15 candidates)
2026-08-14 23:52:43,375 [DEBUG] cnn_neat: Removed 3 edges (requested 3)
2026-08-14 23:52:43,381 [DEBUG] cnn_neat: Split edge 0→5, new hidden node 12 (pool=15)
2026-08-14 23:52:43,387 [DEBUG] cnn_neat: Split edge 9→2, new hidden node 11 (pool=10)
2026-08-14 23:52:43,396 [DEBUG] cnn_neat: Split edge 6→2, new hidden node 10 (pool=14)
2026-08-14 23:52:43,401 [DEBUG] cnn_neat: Added edge 5→8 (from 25 candidates)
2026-08-14 23:52:43,410 [DEBUG] cnn_neat: Removed hidden node 8 (pool=6)
2026-08-14 23:52:43,414 [DEBUG] cnn_neat: Removed edge 8→3 (from 13 candidates)
2026-08-14 23:52:43,423 [DEBUG] cnn_neat: Removed 3 edges (requested 3)
2026-08-14 23:52:43,428 [DEBUG] cnn_neat: Split edge 6→7, new hidden node 11 (pool=15)
2026-08-14 23:52:43,432 [DEBUG] cnn_neat: Split edge 2→3, new hidden node 10 (pool=12)
2026-08-14 23:52:43,436 [DEBUG] cnn_neat: Split edge 0→5, new hidden node 10 (pool=11)
2026-08-14 23:52:43,445 [DEBUG] cnn_neat: Split edge 6→7, new hidden node 10 (pool=14)
2026-08-14 23:52:43,450 [DEBUG] cnn_neat: Added edge 5→9 (from 14 candidates)
2026-08-14 23:52:43,457 [DEBUG] cnn_neat: Removed hidden node 5 (pool=5)
2026-08-14 23:52:43,461 [DEBUG] cnn_neat: Removed edge 7→3 (from 13 candidates)
2026-08-14 23:52:43,472 [DEBUG] cnn_neat: Removed 3 edges (requested 3)
2026-08-14 23:52:43,476 [DEBUG] cnn_neat: Split edge 7→3, new hidden node 10 (pool=10)
2026-08-14 23:52:43,481 [DEBUG] cnn_neat: Split edge 0→6, new hidden node 10 (pool=13)
2026-08-14 23:52:43,485 [DEBUG] cnn_neat: Split edge 2→1, new hidden node 10 (pool=11)
2026-08-14 23:52:43,496 [DEBUG] cnn_neat: Split edge 0→5, new hidden node 12 (pool=12)
2026-08-14 23:52:43,505 [DEBUG] cnn_neat: Added edge 11→9 (from 36 candidates)
2026-08-14 23:52:43,517 [DEBUG] cnn_neat: Removed hidden node 11 (pool=8)
2026-08-14 23:52:43,523 [DEBUG] cnn_neat: Removed edge 0→9 (from 16 candidates)
2026-08-14 23:52:43,535 [DEBUG] cnn_neat: Removed 3 edges (requested 3)
2026-08-14 23:52:43,543 [DEBUG] cnn_neat: Split edge 2→1, new hidden node 13 (pool=16)
2026-08-14 23:52:43,550 [DEBUG] cnn_neat: Split edge 2→1, new hidden node 12 (pool=13)
2026-08-14 23:52:43,624 [DEBUG] cnn_neat: Split edge 5→6, new hidden node 10 (pool=9)
2026-08-14 23:52:43,627 [DEBUG] cnn_neat: Added edge 9→7 (from 10 candidates)
2026-08-14 23:52:43,631 [DEBUG] cnn_neat: Removed hidden node 7 (pool=4)
2026-08-14 23:52:43,641 [DEBUG] cnn_neat: Removed edge 6→7 (from 8 candidates)
2026-08-14 23:52:43,653 [DEBUG] cnn_neat: Removed 3 edges (requested 3)
2026-08-14 23:52:43,661 [DEBUG] cnn_neat: Split edge 5→6, new hidden node 10 (pool=10)
2026-08-14 23:52:43,665 [DEBUG] cnn_neat: Split edge 0→5, new hidden node 10 (pool=8)
2026-08-14 23:52:43,672 [DEBUG] cnn_neat: Added edge 0→2 (from 9 candidates)
2026-08-14 23:52:43,678 [DEBUG] cnn_neat: Added edge 5→2 (from 13 candidates)
2026-08-14 23:52:43,690 [DEBUG] cnn_neat: Split edge 9→6, new hidden node 10 (pool=10)
2026-08-14 23:52:43,699 [DEBUG] cnn_neat: Added edge 0→7 (from 11 candidates)
2026-08-14 23:52:43,709 [DEBUG] cnn_neat: Removed hidden node 6 (pool=4)
2026-08-14 23:52:43,712 [DEBUG] cnn_neat: Removed edge 0→5 (from 9 candidates)
2026-08-14 23:52:43,720 [DEBUG] cnn_neat: Removed 3 edges (requested 3)
2026-08-14 23:52:43,727 [DEBUG] cnn_neat: Split edge 5→7, new hidden node 11 (pool=11)
2026-08-14 23:52:43,733 [DEBUG] cnn_neat: Split edge 0→6, new hidden node 10 (pool=11)
2026-08-14 23:52:43,738 [DEBUG] cnn_neat: Split edge 5→7, new hidden node 11 (pool=10)
2026-08-14 23:52:43,747 [DEBUG] cnn_neat: Added edge 8→9 (from 26 candidates)
2026-08-14 23:52:43,759 [DEBUG] cnn_neat: Removed hidden node 10 (pool=6)
2026-08-14 23:52:43,761 [DEBUG] cnn_neat: Removed edge 7→2 (from 10 candidates)
2026-08-14 23:52:43,772 [DEBUG] cnn_neat: Removed 3 edges (requested 3)
2026-08-14 23:52:43,775 [DEBUG] cnn_neat: Split edge 6→2, new hidden node 11 (pool=11)
2026-08-14 23:52:43,781 [DEBUG] cnn_neat: Split edge 9→6, new hidden node 11 (pool=9)
2026-08-14 23:52:43,783 [DEBUG] cnn_neat: Split edge 5→6, new hidden node 10 (pool=8)
2026-08-14 23:52:43,788 [DEBUG] cnn_neat: Split edge 5→6, new hidden node 10 (pool=12)
2026-08-14 23:52:43,796 [DEBUG] cnn_neat: Added edge 6→3 (from 14 candidates)
2026-08-14 23:52:43,801 [DEBUG] cnn_neat: Removed hidden node 9 (pool=5)
2026-08-14 23:52:43,807 [DEBUG] cnn_neat: Removed edge 7→2 (from 11 candidates)
2026-08-14 23:52:43,817 [DEBUG] cnn_neat: Removed 3 edges (requested 3)
2026-08-14 23:52:43,825 [DEBUG] cnn_neat: Split edge 5→10, new hidden node 11 (pool=13)
2026-08-14 23:52:44,016 [DEBUG] cnn_neat: Split edge 5→7, new hidden node 10 (pool=11)
2026-08-14 23:52:44,019 [DEBUG] cnn_neat: Split edge 0→9, new hidden node 10 (pool=9)
2026-08-14 23:52:44,031 [DEBUG] cnn_neat: Split edge 0→8, new hidden node 10 (pool=14)
2026-08-14 23:52:44,039 [DEBUG] cnn_neat: Added edge 9→7 (from 24 candidates)
2026-08-14 23:52:44,052 [DEBUG] cnn_neat: Removed hidden node 3 (pool=6)
2026-08-14 23:52:44,061 [DEBUG] cnn_neat: Removed edge 5→7 (from 13 candidates)
2026-08-14 23:52:44,075 [DEBUG] cnn_neat: Removed 3 edges (requested 3)
2026-08-14 23:52:44,085 [DEBUG] cnn_neat: Split edge 0→5, new hidden node 11 (pool=12)
2026-08-14 23:52:44,093 [DEBUG] cnn_neat: Split edge 6→3, new hidden node 10 (pool=15)
2026-08-14 23:52:44,111 [DEBUG] cnn_neat: Split edge 2→3, new hidden node 11 (pool=15)
2026-08-14 23:52:44,115 [DEBUG] cnn_neat: Added edge 10→6 (from 38 candidates)
2026-08-14 23:52:44,122 [DEBUG] cnn_neat: Removed hidden node 3 (pool=7)
2026-08-14 23:52:44,127 [DEBUG] cnn_neat: Removed edge 5→10 (from 14 candidates)
2026-08-14 23:52:44,327 [DEBUG] cnn_neat: Removed 3 edges (requested 3)
2026-08-14 23:52:44,330 [DEBUG] cnn_neat: Split edge 6→3, new hidden node 12 (pool=14)
2026-08-14 23:52:44,340 [DEBUG] cnn_neat: Split edge 5→7, new hidden node 11 (pool=16)
2026-08-14 23:52:44,353 [DEBUG] cnn_neat: Split edge 5→10, new hidden node 12 (pool=16)
2026-08-14 23:52:44,361 [DEBUG] cnn_neat: Added edge 0→3 (from 40 candidates)
2026-08-14 23:52:44,373 [DEBUG] cnn_neat: Removed hidden node 9 (pool=8)
2026-08-14 23:52:44,378 [DEBUG] cnn_neat: Removed edge 2→3 (from 15 candidates)
2026-08-14 23:52:44,391 [DEBUG] cnn_neat: Removed 3 edges (requested 3)
2026-08-14 23:52:44,402 [DEBUG] cnn_neat: Split edge 6→2, new hidden node 13 (pool=17)
2026-08-14 23:52:44,419 [DEBUG] cnn_neat: Split edge 8→3, new hidden node 11 (pool=16)
2026-08-14 23:52:44,429 [DEBUG] cnn_neat: Added edge 6→1 (from 29 candidates)
2026-08-14 23:52:44,447 [DEBUG] cnn_neat: Removed hidden node 7 (pool=7)
2026-08-14 23:52:44,455 [DEBUG] cnn_neat: Removed edge 9→6 (from 15 candidates)
2026-08-14 23:52:44,466 [DEBUG] cnn_neat: Removed 3 edges (requested 3)
2026-08-14 23:52:44,476 [DEBUG] cnn_neat: Split edge 9→6, new hidden node 12 (pool=14)
2026-08-14 23:52:44,489 [DEBUG] cnn_neat: Split edge 6→3, new hidden node 10 (pool=13)
2026-08-14 23:52:44,499 [DEBUG] cnn_neat: Added edge 9→3 (from 15 candidates)
2026-08-14 23:52:44,701 [DEBUG] cnn_neat: Removed hidden node 6 (pool=6)
2026-08-14 23:52:44,707 [DEBUG] cnn_neat: Removed edge 0→5 (from 15 candidates)
2026-08-14 23:52:44,724 [DEBUG] cnn_neat: Removed 3 edges (requested 3)
2026-08-14 23:52:44,728 [DEBUG] cnn_neat: Split edge 6→2, new hidden node 11 (pool=13)
2026-08-14 23:52:44,735 [DEBUG] cnn_neat: Split edge 5→6, new hidden node 11 (pool=15)
2026-08-14 23:52:44,743 [DEBUG] cnn_neat: Added edge 7→10 (from 27 candidates)
2026-08-14 23:52:44,750 [DEBUG] cnn_neat: Removed hidden node 9 (pool=7)
2026-08-14 23:52:44,758 [DEBUG] cnn_neat: Removed edge 0→5 (from 16 candidates)
2026-08-14 23:52:44,771 [DEBUG] cnn_neat: Removed 3 edges (requested 3)
2026-08-14 23:52:44,774 [DEBUG] cnn_neat: Split edge 6→7, new hidden node 12 (pool=12)
2026-08-14 23:52:44,778 [DEBUG] cnn_neat: Split edge 5→7, new hidden node 12 (pool=14)
2026-08-14 23:52:44,786 [DEBUG] cnn_neat: Added edge 9→3 (from 41 candidates)
2026-08-14 23:52:44,791 [DEBUG] cnn_neat: Removed hidden node 5 (pool=8)
2026-08-14 23:52:44,798 [DEBUG] cnn_neat: Removed edge 5→6 (from 16 candidates)
2026-08-14 23:52:44,813 [DEBUG] cnn_neat: Removed 3 edges (requested 3)
2026-08-14 23:52:44,816 [DEBUG] cnn_neat: Split edge 6→2, new hidden node 13 (pool=14)
2026-08-14 23:52:44,821 [DEBUG] cnn_neat: Split edge 12→11, new hidden node 13 (pool=13)
2026-08-14 23:52:44,824 [DEBUG] cnn_neat: Added edge 11→10 (from 49 candidates)
2026-08-14 23:52:44,834 [DEBUG] cnn_neat: Removed hidden node 11 (pool=9)
2026-08-14 23:52:44,836 [DEBUG] cnn_neat: Removed edge 2→10 (from 15 candidates)
2026-08-14 23:52:44,845 [DEBUG] cnn_neat: Removed 3 edges (requested 3)
2026-08-14 23:52:44,848 [DEBUG] cnn_neat: Split edge 6→2, new hidden node 14 (pool=9)
2026-08-14 23:52:44,858 [DEBUG] cnn_neat: Split edge 11→3, new hidden node 12 (pool=12)
2026-08-14 23:52:44,862 [DEBUG] cnn_neat: Added edge 5→11 (from 30 candidates)
2026-08-14 23:52:44,879 [DEBUG] cnn_neat: Removed hidden node 11 (pool=8)
2026-08-14 23:52:44,887 [DEBUG] cnn_neat: Removed edge 2→10 (from 16 candidates)
2026-08-14 23:52:44,892 [DEBUG] cnn_neat: Removed 3 edges (requested 3)
2026-08-14 23:52:44,895 [DEBUG] cnn_neat: Split edge 7→2, new hidden node 13 (pool=13)
2026-08-14 23:52:45,096 [DEBUG] cnn_neat: Split edge 6→3, new hidden node 11 (pool=20)
2026-08-14 23:52:45,109 [DEBUG] cnn_neat: Added edge 6→1 (from 22 candidates)
2026-08-14 23:52:45,119 [DEBUG] cnn_neat: Removed hidden node 10 (pool=7)
2026-08-14 23:52:45,123 [DEBUG] cnn_neat: Removed edge 10→2 (from 19 candidates)
2026-08-14 23:52:45,130 [DEBUG] cnn_neat: Removed 3 edges (requested 3)
2026-08-14 23:52:45,142 [DEBUG] cnn_neat: Split edge 6→8, new hidden node 12 (pool=20)
2026-08-14 23:52:45,151 [DEBUG] cnn_neat: Split edge 0→9, new hidden node 10 (pool=11)
2026-08-14 23:52:45,163 [DEBUG] cnn_neat: Added edge 6→1 (from 15 candidates)
2026-08-14 23:52:45,211 [DEBUG] cnn_neat: Removed hidden node 5 (pool=5)
2026-08-14 23:52:45,215 [DEBUG] cnn_neat: Removed edge 2→3 (from 10 candidates)
2026-08-14 23:52:45,282 [DEBUG] cnn_neat: Removed 3 edges (requested 3)
2026-08-14 23:52:45,285 [DEBUG] cnn_neat: Split edge 6→7, new hidden node 10 (pool=7)
2026-08-14 23:52:45,287 [DEBUG] cnn_neat: Split edge 7→2, new hidden node 10 (pool=8)
2026-08-14 23:52:45,302 [DEBUG] cnn_neat: Split edge 5→7, new hidden node 11 (pool=11)
2026-08-14 23:52:45,534 [DEBUG] cnn_neat: Added edge 10→7 (from 17 candidates)
2026-08-14 23:52:45,543 [DEBUG] cnn_neat: Removed hidden node 7 (pool=5)
2026-08-14 23:52:45,547 [DEBUG] cnn_neat: Removed edge 6→2 (from 10 candidates)
2026-08-14 23:52:45,553 [DEBUG] cnn_neat: Removed 3 edges (requested 3)
2026-08-14 23:52:45,560 [DEBUG] cnn_neat: Split edge 2→1, new hidden node 12 (pool=12)
2026-08-14 23:52:45,564 [DEBUG] cnn_neat: Split edge 5→10, new hidden node 11 (pool=8)
2026-08-14 23:52:45,572 [DEBUG] cnn_neat: Split edge 6→7, new hidden node 11 (pool=10)
2026-08-14 23:52:45,577 [DEBUG] cnn_neat: Added edge 10→1 (from 19 candidates)
2026-08-14 23:52:45,582 [DEBUG] cnn_neat: Removed hidden node 6 (pool=6)
2026-08-14 23:52:45,586 [DEBUG] cnn_neat: Removed edge 6→2 (from 10 candidates)
2026-08-14 23:52:45,593 [DEBUG] cnn_neat: Removed 3 edges (requested 3)
2026-08-14 23:52:45,597 [DEBUG] cnn_neat: Split edge 7→2, new hidden node 12 (pool=11)
2026-08-14 23:52:45,602 [DEBUG] cnn_neat: Split edge 0→9, new hidden node 11 (pool=10)
2026-08-14 23:52:45,611 [DEBUG] cnn_neat: Split edge 0→6, new hidden node 12 (pool=8)
2026-08-14 23:52:45,616 [DEBUG] cnn_neat: Added edge 11→2 (from 22 candidates)
2026-08-14 23:52:45,624 [DEBUG] cnn_neat: Removed hidden node 5 (pool=6)
2026-08-14 23:52:45,629 [DEBUG] cnn_neat: Removed edge 9→6 (from 9 candidates)
2026-08-14 23:52:45,639 [DEBUG] cnn_neat: Removed 3 edges (requested 3)
2026-08-14 23:52:45,644 [DEBUG] cnn_neat: Split edge 5→6, new hidden node 13 (pool=13)
2026-08-14 23:52:45,653 [DEBUG] cnn_neat: Split edge 6→2, new hidden node 10 (pool=13)
2026-08-14 23:52:45,657 [DEBUG] cnn_neat: Added edge 0→8 (from 26 candidates)
2026-08-14 23:52:45,664 [DEBUG] cnn_neat: Removed hidden node 9 (pool=6)
2026-08-14 23:52:45,668 [DEBUG] cnn_neat: Removed edge 5→6 (from 12 candidates)
2026-08-14 23:52:45,676 [DEBUG] cnn_neat: Removed 3 edges (requested 3)
2026-08-14 23:52:45,681 [DEBUG] cnn_neat: Split edge 7→2, new hidden node 11 (pool=14)
2026-08-14 23:52:45,684 [DEBUG] cnn_neat: Split edge 8→3, new hidden node 9 (pool=11)
2026-08-14 23:52:45,688 [DEBUG] cnn_neat: Split edge 0→5, new hidden node 10 (pool=10)
2026-08-14 23:52:45,697 [DEBUG] cnn_neat: Split edge 5→3, new hidden node 10 (pool=13)
2026-08-14 23:52:45,703 [DEBUG] cnn_neat: Added edge 0→6 (from 26 candidates)
2026-08-14 23:52:45,711 [DEBUG] cnn_neat: Removed hidden node 8 (pool=6)
2026-08-14 23:52:45,716 [DEBUG] cnn_neat: Removed edge 2→3 (from 12 candidates)
2026-08-14 23:52:45,724 [DEBUG] cnn_neat: Removed 3 edges (requested 3)
2026-08-14 23:52:45,729 [DEBUG] cnn_neat: Split edge 5→7, new hidden node 11 (pool=14)
2026-08-14 23:52:45,738 [DEBUG] cnn_neat: Saved generation 14
2026-08-14 23:52:45,809 [DEBUG] cnn_neat: Split edge 6→2, new hidden node 11 (pool=13)
2026-08-14 23:52:45,811 [DEBUG] cnn_neat: Selected 25 elite individuals
2026-08-14 23:52:45,826 [DEBUG] cnn_neat: Added edge 5→10 (from 21 candidates)
2026-08-14 23:52:45,903 [DEBUG] cnn_neat: Removed hidden node 3 (pool=6)
2026-08-14 23:52:45,919 [DEBUG] cnn_neat: Removed edge 0→5 (from 12 candidates)
2026-08-14 23:52:45,940 [DEBUG] cnn_neat: Removed 3 edges (requested 3)
2026-08-14 23:52:45,953 [DEBUG] cnn_neat: Split edge 9→6, new hidden node 12 (pool=13)
2026-08-14 23:52:45,974 [DEBUG] cnn_neat: Split edge 5→6, new hidden node 12 (pool=12)
2026-08-14 23:52:45,981 [DEBUG] cnn_neat: Added edge 6→11 (from 28 candidates)
2026-08-14 23:52:45,995 [DEBUG] cnn_neat: Removed hidden node 5 (pool=7)
2026-08-14 23:52:46,001 [DEBUG] cnn_neat: Removed edge 6→2 (from 11 candidates)
2026-08-14 23:52:46,014 [DEBUG] cnn_neat: Removed 3 edges (requested 3)
2026-08-14 23:52:46,024 [DEBUG] cnn_neat: Split edge 11→8, new hidden node 13 (pool=13)
2026-08-14 23:52:46,035 [DEBUG] cnn_neat: Split edge 0→5, new hidden node 10 (pool=14)
2026-08-14 23:52:46,042 [DEBUG] cnn_neat: Added edge 2→3 (from 25 candidates)
2026-08-14 23:52:46,042 [DEBUG] cnn_neat: Trimmed elite queue to 128 entries
2026-08-14 23:52:46,455 [DEBUG] cnn_neat: Split edge 0→11, new hidden node 12 (pool=15)
2026-08-14 23:52:46,462 [DEBUG] cnn_neat: Removed hidden node 3 (pool=6)
2026-08-14 23:52:46,464 [DEBUG] cnn_neat: Added edge 10→8 (from 41 candidates)
2026-08-14 23:52:46,470 [DEBUG] cnn_neat: Removed hidden node 11 (pool=8)
2026-08-14 23:52:46,473 [DEBUG] cnn_neat: Removed edge 6→3 (from 14 candidates)
2026-08-14 23:52:46,479 [DEBUG] cnn_neat: Removed 3 edges (requested 3)
2026-08-14 23:52:46,483 [DEBUG] cnn_neat: Crossover rejected: union topology invalid (edges=29 nodes=18)
2026-08-14 23:52:46,486 [DEBUG] cnn_neat: Split edge 6→7, new hidden node 12 (pool=15)
2026-08-14 23:52:46,490 [DEBUG] cnn_neat: Added edge 0→8 (from 41 candidates)
2026-08-14 23:52:46,494 [DEBUG] cnn_neat: Added edge 3→2 (from 39 candidates)
2026-08-14 23:52:46,498 [DEBUG] cnn_neat: Added edge 0→10 (from 36 candidates)
2026-08-14 23:52:46,503 [DEBUG] cnn_neat: Added edge 8→5 (from 34 candidates)
2026-08-14 23:52:46,508 [DEBUG] cnn_neat: Added edge 8→11 (from 29 candidates)
2026-08-14 23:52:46,512 [DEBUG] cnn_neat: Split edge 6→10, new hidden node 11 (pool=16)
2026-08-14 23:52:46,515 [DEBUG] cnn_neat: Added edge 3→1 (from 32 candidates)
2026-08-14 23:52:46,521 [DEBUG] cnn_neat: Removed hidden node 5 (pool=7)
2026-08-14 23:52:46,523 [DEBUG] cnn_neat: Removed edge 6→2 (from 15 candidates)
2026-08-14 23:52:46,530 [DEBUG] cnn_neat: Removed 3 edges (requested 3)
2026-08-14 23:52:46,533 [DEBUG] cnn_neat: Crossover rejected: union topology invalid (edges=26 nodes=16)
2026-08-14 23:52:46,536 [DEBUG] cnn_neat: Split edge 6→3, new hidden node 11 (pool=16)
2026-08-14 23:52:46,539 [DEBUG] cnn_neat: Added edge 10→3 (from 32 candidates)
2026-08-14 23:52:46,543 [DEBUG] cnn_neat: Added edge 5→2 (from 31 candidates)
2026-08-14 23:52:46,546 [DEBUG] cnn_neat: Added edge 10→1 (from 25 candidates)
2026-08-14 23:52:46,550 [DEBUG] cnn_neat: Added edge 0→8 (from 24 candidates)
2026-08-14 23:52:46,554 [DEBUG] cnn_neat: Added edge 8→6 (from 24 candidates)
2026-08-14 23:52:46,557 [DEBUG] cnn_neat: Split edge 5→6, new hidden node 13 (pool=15)
2026-08-14 23:52:46,562 [DEBUG] cnn_neat: Added edge 11→10 (from 43 candidates)
2026-08-14 23:52:46,567 [DEBUG] cnn_neat: Removed hidden node 5 (pool=9)
2026-08-14 23:52:46,570 [DEBUG] cnn_neat: Removed edge 2→12 (from 16 candidates)
2026-08-14 23:52:46,576 [DEBUG] cnn_neat: Removed 3 edges (requested 3)
2026-08-14 23:52:46,580 [DEBUG] cnn_neat: Crossover rejected: union topology invalid (edges=30 nodes=18)
2026-08-14 23:52:46,584 [DEBUG] cnn_neat: Split edge 8→3, new hidden node 13 (pool=15)
2026-08-14 23:52:46,588 [DEBUG] cnn_neat: Added edge 0→10 (from 43 candidates)
2026-08-14 23:52:46,592 [DEBUG] cnn_neat: Added edge 10→9 (from 37 candidates)
2026-08-14 23:52:46,596 [DEBUG] cnn_neat: Added edge 10→11 (from 33 candidates)
2026-08-14 23:52:46,600 [DEBUG] cnn_neat: Added edge 0→8 (from 30 candidates)
2026-08-14 23:52:46,604 [DEBUG] cnn_neat: Added edge 9→2 (from 30 candidates)
2026-08-14 23:52:46,607 [DEBUG] cnn_neat: Split edge 2→1, new hidden node 10 (pool=10)
2026-08-14 23:52:46,610 [DEBUG] cnn_neat: Added edge 0→6 (from 8 candidates)
2026-08-14 23:52:46,614 [DEBUG] cnn_neat: Removed hidden node 5 (pool=4)
2026-08-14 23:52:46,616 [DEBUG] cnn_neat: Split edge 6→7, new hidden node 10 (pool=6)
2026-08-14 23:52:46,619 [DEBUG] cnn_neat: Removed edge 0→5 (from 9 candidates)
2026-08-14 23:52:46,624 [DEBUG] cnn_neat: Removed 3 edges (requested 3)
2026-08-14 23:52:46,627 [DEBUG] cnn_neat: Crossover rejected: union topology invalid (edges=25 nodes=16)
2026-08-14 23:52:46,630 [DEBUG] cnn_neat: Split edge 6→2, new hidden node 10 (pool=10)
2026-08-14 23:52:46,633 [DEBUG] cnn_neat: Added edge 5→10 (from 14 candidates)
2026-08-14 23:52:46,636 [DEBUG] cnn_neat: Added edge 0→7 (from 8 candidates)
2026-08-14 23:52:46,638 [DEBUG] cnn_neat: Added edge 9→1 (from 9 candidates)
2026-08-14 23:52:46,641 [DEBUG] cnn_neat: Added edge 5→1 (from 8 candidates)
2026-08-14 23:52:46,645 [DEBUG] cnn_neat: Added edge 0→2 (from 7 candidates)
2026-08-14 23:52:46,648 [DEBUG] cnn_neat: Added edge 9→2 (from 5 candidates)
2026-08-14 23:52:46,651 [DEBUG] cnn_neat: Split edge 2→1, new hidden node 10 (pool=9)
2026-08-14 23:52:46,653 [DEBUG] cnn_neat: Added edge 9→5 (from 14 candidates)
2026-08-14 23:52:46,658 [DEBUG] cnn_neat: Removed hidden node 9 (pool=5)
2026-08-14 23:52:46,661 [DEBUG] cnn_neat: Removed edge 5→6 (from 9 candidates)
2026-08-14 23:52:46,666 [DEBUG] cnn_neat: Removed 3 edges (requested 3)
2026-08-14 23:52:46,669 [DEBUG] cnn_neat: Crossover rejected: union topology invalid (edges=24 nodes=15)
2026-08-14 23:52:46,672 [DEBUG] cnn_neat: Split edge 6→7, new hidden node 10 (pool=9)
2026-08-14 23:52:46,674 [DEBUG] cnn_neat: Added edge 0→2 (from 14 candidates)
2026-08-14 23:52:46,677 [DEBUG] cnn_neat: Added edge 5→3 (from 17 candidates)
2026-08-14 23:52:46,680 [DEBUG] cnn_neat: Added edge 0→6 (from 16 candidates)
2026-08-14 23:52:46,683 [DEBUG] cnn_neat: Added edge 9→3 (from 13 candidates)
2026-08-14 23:52:46,686 [DEBUG] cnn_neat: Added edge 6→1 (from 12 candidates)
2026-08-14 23:52:46,689 [DEBUG] cnn_neat: Split edge 2→1, new hidden node 10 (pool=11)
2026-08-14 23:52:46,692 [DEBUG] cnn_neat: Added edge 5→1 (from 19 candidates)
2026-08-14 23:52:46,696 [DEBUG] cnn_neat: Removed hidden node 7 (pool=5)
2026-08-14 23:52:46,698 [DEBUG] cnn_neat: Removed edge 9→6 (from 10 candidates)
2026-08-14 23:52:46,703 [DEBUG] cnn_neat: Removed 3 edges (requested 3)
2026-08-14 23:52:46,707 [DEBUG] cnn_neat: Crossover rejected: union topology invalid (edges=24 nodes=15)
2026-08-14 23:52:46,710 [DEBUG] cnn_neat: Split edge 6→7, new hidden node 10 (pool=11)
2026-08-14 23:52:46,713 [DEBUG] cnn_neat: Added edge 7→1 (from 19 candidates)
2026-08-14 23:52:46,715 [DEBUG] cnn_neat: Added edge 5→1 (from 18 candidates)
2026-08-14 23:52:46,719 [DEBUG] cnn_neat: Added edge 6→1 (from 17 candidates)
2026-08-14 23:52:46,722 [DEBUG] cnn_neat: Added edge 0→7 (from 16 candidates)
2026-08-14 23:52:46,727 [DEBUG] cnn_neat: Added edge 5→3 (from 13 candidates)
2026-08-14 23:52:46,729 [DEBUG] cnn_neat: Split edge 0→5, new hidden node 10 (pool=12)
2026-08-14 23:52:46,732 [DEBUG] cnn_neat: Added edge 7→1 (from 13 candidates)
2026-08-14 23:52:46,736 [DEBUG] cnn_neat: Removed hidden node 7 (pool=5)
2026-08-14 23:52:46,739 [DEBUG] cnn_neat: Removed edge 0→3 (from 11 candidates)
2026-08-14 23:52:46,741 [DEBUG] cnn_neat: Split edge 7→3, new hidden node 10 (pool=11)
2026-08-14 23:52:46,745 [DEBUG] cnn_neat: Removed 3 edges (requested 3)
2026-08-14 23:52:46,749 [DEBUG] cnn_neat: Crossover rejected: union topology invalid (edges=29 nodes=17)
2026-08-14 23:52:46,752 [DEBUG] cnn_neat: Split edge 0→3, new hidden node 10 (pool=12)
2026-08-14 23:52:46,754 [DEBUG] cnn_neat: Added edge 6→1 (from 13 candidates)
2026-08-14 23:52:46,757 [DEBUG] cnn_neat: Added edge 5→9 (from 12 candidates)
2026-08-14 23:52:46,759 [DEBUG] cnn_neat: Added edge 7→1 (from 10 candidates)
2026-08-14 23:52:46,762 [DEBUG] cnn_neat: Added edge 9→3 (from 9 candidates)
2026-08-14 23:52:46,765 [DEBUG] cnn_neat: Added edge 6→3 (from 8 candidates)
2026-08-14 23:52:46,769 [DEBUG] cnn_neat: Split edge 5→7, new hidden node 12 (pool=12)
2026-08-14 23:52:46,772 [DEBUG] cnn_neat: Added edge 11→7 (from 25 candidates)
2026-08-14 23:52:46,846 [DEBUG] cnn_neat: Split edge 6→7, new hidden node 11 (pool=15)
2026-08-14 23:52:46,944 [DEBUG] cnn_neat: Added edge 9→10 (from 35 candidates)
2026-08-14 23:52:46,998 [DEBUG] cnn_neat: Removed hidden node 10 (pool=7)
2026-08-14 23:52:47,006 [DEBUG] cnn_neat: Removed edge 0→9 (from 14 candidates)
2026-08-14 23:52:47,024 [DEBUG] cnn_neat: Removed 3 edges (requested 3)
2026-08-14 23:52:47,033 [DEBUG] cnn_neat: Split edge 6→11, new hidden node 12 (pool=16)
2026-08-14 23:52:47,043 [DEBUG] cnn_neat: Split edge 5→3, new hidden node 11 (pool=16)
2026-08-14 23:52:47,056 [DEBUG] cnn_neat: Split edge 0→9, new hidden node 11 (pool=10)
2026-08-14 23:52:47,066 [DEBUG] cnn_neat: Added edge 0→6 (from 17 candidates)
2026-08-14 23:52:47,078 [DEBUG] cnn_neat: Removed hidden node 6 (pool=5)
2026-08-14 23:52:47,087 [DEBUG] cnn_neat: Removed edge 5→6 (from 9 candidates)
2026-08-14 23:52:47,415 [DEBUG] cnn_neat: Removed 3 edges (requested 3)
2026-08-14 23:52:47,448 [DEBUG] cnn_neat: Split edge 8→3, new hidden node 12 (pool=16)
2026-08-14 23:52:47,474 [DEBUG] cnn_neat: Added edge 8→11 (from 39 candidates)
2026-08-14 23:52:47,518 [DEBUG] cnn_neat: Removed hidden node 10 (pool=8)
2026-08-14 23:52:47,535 [DEBUG] cnn_neat: Removed edge 7→3 (from 15 candidates)
2026-08-14 23:52:47,574 [DEBUG] cnn_neat: Removed 3 edges (requested 3)
2026-08-14 23:52:47,617 [DEBUG] cnn_neat: Split edge 0→5, new hidden node 13 (pool=15)
2026-08-14 23:52:47,640 [DEBUG] cnn_neat: Split edge 5→3, new hidden node 12 (pool=15)
2026-08-14 23:52:47,652 [DEBUG] cnn_neat: Added edge 3→1 (from 41 candidates)
2026-08-14 23:52:47,670 [DEBUG] cnn_neat: Removed hidden node 5 (pool=8)
2026-08-14 23:52:47,677 [DEBUG] cnn_neat: Removed edge 5→3 (from 14 candidates)
2026-08-14 23:52:47,686 [DEBUG] cnn_neat: Removed 3 edges (requested 3)
2026-08-14 23:52:47,692 [DEBUG] cnn_neat: Split edge 7→3, new hidden node 13 (pool=16)
2026-08-14 23:52:47,702 [DEBUG] cnn_neat: Split edge 7→3, new hidden node 11 (pool=16)
2026-08-14 23:52:47,708 [DEBUG] cnn_neat: Added edge 9→7 (from 32 candidates)
2026-08-14 23:52:47,718 [DEBUG] cnn_neat: Removed hidden node 5 (pool=7)
2026-08-14 23:52:47,723 [DEBUG] cnn_neat: Removed edge 10→7 (from 15 candidates)
2026-08-14 23:52:47,732 [DEBUG] cnn_neat: Removed 3 edges (requested 3)
2026-08-14 23:52:47,738 [DEBUG] cnn_neat: Split edge 5→6, new hidden node 12 (pool=15)
2026-08-14 23:52:47,743 [DEBUG] cnn_neat: Split edge 0→9, new hidden node 11 (pool=15)
2026-08-14 23:52:47,753 [DEBUG] cnn_neat: Split edge 6→3, new hidden node 13 (pool=15)
2026-08-14 23:52:47,761 [DEBUG] cnn_neat: Added edge 11→5 (from 43 candidates)
2026-08-14 23:52:47,771 [DEBUG] cnn_neat: Removed hidden node 7 (pool=9)
2026-08-14 23:52:47,777 [DEBUG] cnn_neat: Removed edge 6→7 (from 16 candidates)
2026-08-14 23:52:47,787 [DEBUG] cnn_neat: Removed 3 edges (requested 3)
2026-08-14 23:52:47,793 [DEBUG] cnn_neat: Split edge 6→7, new hidden node 14 (pool=16)
2026-08-14 23:52:47,803 [DEBUG] cnn_neat: Split edge 7→2, new hidden node 10 (pool=15)
2026-08-14 23:52:47,808 [DEBUG] cnn_neat: Added edge 5→9 (from 23 candidates)
2026-08-14 23:52:47,816 [DEBUG] cnn_neat: Removed hidden node 7 (pool=6)
2026-08-14 23:52:47,821 [DEBUG] cnn_neat: Removed edge 8→3 (from 14 candidates)
2026-08-14 23:52:47,831 [DEBUG] cnn_neat: Removed 3 edges (requested 3)
2026-08-14 23:52:47,837 [DEBUG] cnn_neat: Split edge 5→7, new hidden node 11 (pool=16)
2026-08-14 23:52:47,842 [DEBUG] cnn_neat: Split edge 6→2, new hidden node 10 (pool=14)
2026-08-14 23:52:47,849 [DEBUG] cnn_neat: Split edge 0→9, new hidden node 10 (pool=12)
2026-08-14 23:52:47,857 [DEBUG] cnn_neat: Split edge 5→3, new hidden node 10 (pool=13)
2026-08-14 23:52:47,863 [DEBUG] cnn_neat: Added edge 3→1 (from 13 candidates)
2026-08-14 23:52:47,872 [DEBUG] cnn_neat: Removed hidden node 9 (pool=5)
2026-08-14 23:52:47,877 [DEBUG] cnn_neat: Removed edge 9→6 (from 12 candidates)
2026-08-14 23:52:47,885 [DEBUG] cnn_neat: Removed 3 edges (requested 3)
2026-08-14 23:52:47,892 [DEBUG] cnn_neat: Split edge 7→3, new hidden node 10 (pool=12)
2026-08-14 23:52:47,895 [DEBUG] cnn_neat: Split edge 5→3, new hidden node 10 (pool=10)
2026-08-14 23:52:47,901 [DEBUG] cnn_neat: Added edge 0→2 (from 11 candidates)
2026-08-14 23:52:47,904 [DEBUG] cnn_neat: Added edge 9→2 (from 18 candidates)
2026-08-14 23:52:47,913 [DEBUG] cnn_neat: Split edge 7→2, new hidden node 11 (pool=14)
2026-08-14 23:52:47,920 [DEBUG] cnn_neat: Added edge 7→10 (from 29 candidates)
2026-08-14 23:52:47,928 [DEBUG] cnn_neat: Removed hidden node 9 (pool=7)
2026-08-14 23:52:47,933 [DEBUG] cnn_neat: Removed edge 5→6 (from 15 candidates)
2026-08-14 23:52:47,945 [DEBUG] cnn_neat: Removed 3 edges (requested 3)
2026-08-14 23:52:47,950 [DEBUG] cnn_neat: Split edge 6→2, new hidden node 11 (pool=13)
2026-08-14 23:52:47,955 [DEBUG] cnn_neat: Split edge 2→1, new hidden node 11 (pool=11)
2026-08-14 23:52:47,960 [DEBUG] cnn_neat: Added edge 0→10 (from 31 candidates)
2026-08-14 23:52:47,965 [DEBUG] cnn_neat: Added edge 9→10 (from 40 candidates)
2026-08-14 23:52:48,037 [DEBUG] cnn_neat: Split edge 0→9, new hidden node 10 (pool=14)
2026-08-14 23:52:48,047 [DEBUG] cnn_neat: Added edge 8→6 (from 25 candidates)
2026-08-14 23:52:48,059 [DEBUG] cnn_neat: Removed hidden node 8 (pool=6)
2026-08-14 23:52:48,070 [DEBUG] cnn_neat: Removed edge 6→2 (from 13 candidates)
2026-08-14 23:52:48,075 [DEBUG] cnn_neat: Removed 3 edges (requested 3)
2026-08-14 23:52:48,083 [DEBUG] cnn_neat: Split edge 5→6, new hidden node 11 (pool=15)
2026-08-14 23:52:48,088 [DEBUG] cnn_neat: Split edge 0→9, new hidden node 10 (pool=15)
2026-08-14 23:52:48,096 [DEBUG] cnn_neat: Split edge 5→7, new hidden node 10 (pool=14)
2026-08-14 23:52:48,104 [DEBUG] cnn_neat: Added edge 7→1 (from 14 candidates)
2026-08-14 23:52:48,109 [DEBUG] cnn_neat: Removed hidden node 9 (pool=5)
2026-08-14 23:52:48,116 [DEBUG] cnn_neat: Removed edge 7→2 (from 13 candidates)
2026-08-14 23:52:48,123 [DEBUG] cnn_neat: Removed 3 edges (requested 3)
2026-08-14 23:52:48,126 [DEBUG] cnn_neat: Split edge 0→6, new hidden node 11 (pool=10)
2026-08-14 23:52:48,134 [DEBUG] cnn_neat: Split edge 6→2, new hidden node 10 (pool=15)
2026-08-14 23:52:48,145 [DEBUG] cnn_neat: Split edge 6→7, new hidden node 12 (pool=12)
2026-08-14 23:52:48,154 [DEBUG] cnn_neat: Added edge 5→11 (from 36 candidates)
2026-08-14 23:52:48,167 [DEBUG] cnn_neat: Removed hidden node 11 (pool=8)
2026-08-14 23:52:48,174 [DEBUG] cnn_neat: Removed edge 7→3 (from 16 candidates)
2026-08-14 23:52:48,190 [DEBUG] cnn_neat: Removed 3 edges (requested 3)
2026-08-14 23:52:48,192 [DEBUG] cnn_neat: Split edge 6→12, new hidden node 13 (pool=13)
2026-08-14 23:52:48,199 [DEBUG] cnn_neat: Split edge 11→3, new hidden node 12 (pool=10)
2026-08-14 23:52:48,208 [DEBUG] cnn_neat: Split edge 5→6, new hidden node 10 (pool=9)
2026-08-14 23:52:48,211 [DEBUG] cnn_neat: Added edge 9→7 (from 10 candidates)
2026-08-14 23:52:48,225 [DEBUG] cnn_neat: Removed hidden node 7 (pool=4)
2026-08-14 23:52:48,234 [DEBUG] cnn_neat: Removed edge 9→6 (from 8 candidates)
2026-08-14 23:52:48,439 [DEBUG] cnn_neat: Removed 3 edges (requested 3)
2026-08-14 23:52:48,445 [DEBUG] cnn_neat: Split edge 5→6, new hidden node 10 (pool=8)
2026-08-14 23:52:48,447 [DEBUG] cnn_neat: Split edge 6→7, new hidden node 10 (pool=6)
2026-08-14 23:52:48,454 [DEBUG] cnn_neat: Added edge 2→9 (from 14 candidates)
2026-08-14 23:52:48,458 [DEBUG] cnn_neat: Added edge 0→6 (from 16 candidates)
2026-08-14 23:52:48,468 [DEBUG] cnn_neat: Split edge 7→2, new hidden node 10 (pool=10)
2026-08-14 23:52:48,471 [DEBUG] cnn_neat: Added edge 9→1 (from 11 candidates)
2026-08-14 23:52:48,486 [DEBUG] cnn_neat: Removed hidden node 7 (pool=4)
2026-08-14 23:52:48,494 [DEBUG] cnn_neat: Removed edge 0→5 (from 9 candidates)
2026-08-14 23:52:48,507 [DEBUG] cnn_neat: Removed 3 edges (requested 3)
2026-08-14 23:52:48,515 [DEBUG] cnn_neat: Split edge 0→9, new hidden node 10 (pool=7)
2026-08-14 23:52:48,519 [DEBUG] cnn_neat: Split edge 6→7, new hidden node 10 (pool=7)
2026-08-14 23:52:48,526 [DEBUG] cnn_neat: Added edge 7→1 (from 10 candidates)
2026-08-14 23:52:48,530 [DEBUG] cnn_neat: Added edge 9→1 (from 15 candidates)
2026-08-14 23:52:48,544 [DEBUG] cnn_neat: Split edge 7→2, new hidden node 11 (pool=10)
2026-08-14 23:52:48,553 [DEBUG] cnn_neat: Added edge 0→7 (from 26 candidates)
2026-08-14 23:52:48,572 [DEBUG] cnn_neat: Removed hidden node 10 (pool=6)
2026-08-14 23:52:48,576 [DEBUG] cnn_neat: Removed edge 6→7 (from 10 candidates)
2026-08-14 23:52:48,591 [DEBUG] cnn_neat: Removed 3 edges (requested 3)
2026-08-14 23:52:48,597 [DEBUG] cnn_neat: Split edge 0→5, new hidden node 12 (pool=11)
2026-08-14 23:52:48,797 [DEBUG] cnn_neat: Split edge 6→2, new hidden node 11 (pool=11)
2026-08-14 23:52:48,803 [DEBUG] cnn_neat: Split edge 0→8, new hidden node 11 (pool=7)
2026-08-14 23:52:48,817 [DEBUG] cnn_neat: Split edge 7→3, new hidden node 10 (pool=12)
2026-08-14 23:52:48,824 [DEBUG] cnn_neat: Added edge 5→2 (from 14 candidates)
2026-08-14 23:52:48,837 [DEBUG] cnn_neat: Removed hidden node 5 (pool=5)
2026-08-14 23:52:48,840 [DEBUG] cnn_neat: Removed edge 7→2 (from 11 candidates)
2026-08-14 23:52:48,852 [DEBUG] cnn_neat: Removed 3 edges (requested 3)
2026-08-14 23:52:48,863 [DEBUG] cnn_neat: Split edge 7→2, new hidden node 10 (pool=10)
2026-08-14 23:52:48,866 [DEBUG] cnn_neat: Split edge 2→1, new hidden node 10 (pool=9)
2026-08-14 23:52:48,874 [DEBUG] cnn_neat: Added edge 5→1 (from 15 candidates)
2026-08-14 23:52:48,876 [DEBUG] cnn_neat: Added edge 9→1 (from 21 candidates)
2026-08-14 23:52:48,887 [DEBUG] cnn_neat: Split edge 0→5, new hidden node 10 (pool=14)
2026-08-14 23:52:48,898 [DEBUG] cnn_neat: Added edge 9→8 (from 25 candidates)
2026-08-14 23:52:48,914 [DEBUG] cnn_neat: Removed hidden node 7 (pool=6)
2026-08-14 23:52:48,924 [DEBUG] cnn_neat: Removed edge 5→6 (from 13 candidates)
2026-08-14 23:52:48,931 [DEBUG] cnn_neat: Removed 3 edges (requested 3)
2026-08-14 23:52:48,939 [DEBUG] cnn_neat: Split edge 5→3, new hidden node 11 (pool=15)
2026-08-14 23:52:48,955 [DEBUG] cnn_neat: Split edge 10→3, new hidden node 11 (pool=14)
2026-08-14 23:52:48,964 [DEBUG] cnn_neat: Added edge 9→10 (from 38 candidates)
2026-08-14 23:52:49,179 [DEBUG] cnn_neat: Removed hidden node 10 (pool=7)
2026-08-14 23:52:49,183 [DEBUG] cnn_neat: Removed edge 0→8 (from 13 candidates)
2026-08-14 23:52:49,194 [DEBUG] cnn_neat: Removed 3 edges (requested 3)
2026-08-14 23:52:49,204 [DEBUG] cnn_neat: Split edge 8→10, new hidden node 12 (pool=15)
2026-08-14 23:52:49,217 [DEBUG] cnn_neat: Split edge 7→2, new hidden node 11 (pool=13)
2026-08-14 23:52:49,226 [DEBUG] cnn_neat: Added edge 2→10 (from 33 candidates)
2026-08-14 23:52:49,239 [DEBUG] cnn_neat: Removed hidden node 8 (pool=7)
2026-08-14 23:52:49,242 [DEBUG] cnn_neat: Removed edge 2→3 (from 14 candidates)
2026-08-14 23:52:49,253 [DEBUG] cnn_neat: Removed 3 edges (requested 3)
2026-08-14 23:52:49,263 [DEBUG] cnn_neat: Split edge 5→6, new hidden node 12 (pool=14)
2026-08-14 23:52:49,273 [DEBUG] cnn_neat: Split edge 6→7, new hidden node 11 (pool=15)
2026-08-14 23:52:49,276 [DEBUG] cnn_neat: Added edge 0→6 (from 34 candidates)
2026-08-14 23:52:49,285 [DEBUG] cnn_neat: Removed hidden node 5 (pool=7)
2026-08-14 23:52:49,292 [DEBUG] cnn_neat: Removed edge 6→2 (from 14 candidates)
2026-08-14 23:52:49,307 [DEBUG] cnn_neat: Removed 3 edges (requested 3)
2026-08-14 23:52:49,316 [DEBUG] cnn_neat: Split edge 0→5, new hidden node 12 (pool=16)
2026-08-14 23:52:49,321 [DEBUG] cnn_neat: Split edge 5→3, new hidden node 10 (pool=14)
2026-08-14 23:52:49,327 [DEBUG] cnn_neat: Added edge 9→8 (from 20 candidates)
2026-08-14 23:52:49,340 [DEBUG] cnn_neat: Removed hidden node 6 (pool=6)
2026-08-14 23:52:49,343 [DEBUG] cnn_neat: Removed edge 0→9 (from 14 candidates)
2026-08-14 23:52:49,350 [DEBUG] cnn_neat: Removed 3 edges (requested 3)
2026-08-14 23:52:49,358 [DEBUG] cnn_neat: Split edge 0→9, new hidden node 11 (pool=15)
2026-08-14 23:52:49,368 [DEBUG] cnn_neat: Split edge 6→7, new hidden node 11 (pool=13)
2026-08-14 23:52:49,371 [DEBUG] cnn_neat: Added edge 2→3 (from 30 candidates)
2026-08-14 23:52:49,582 [DEBUG] cnn_neat: Removed hidden node 5 (pool=7)
2026-08-14 23:52:49,589 [DEBUG] cnn_neat: Removed edge 2→10 (from 14 candidates)
2026-08-14 23:52:49,602 [DEBUG] cnn_neat: Removed 3 edges (requested 3)
2026-08-14 23:52:49,613 [DEBUG] cnn_neat: Split edge 7→3, new hidden node 12 (pool=14)
2026-08-14 23:52:49,663 [DEBUG] cnn_neat: Split edge 7→2, new hidden node 11 (pool=14)
2026-08-14 23:52:49,672 [DEBUG] cnn_neat: Split edge 7→3, new hidden node 11 (pool=15)
2026-08-14 23:52:49,682 [DEBUG] cnn_neat: Added edge 9→3 (from 35 candidates)
2026-08-14 23:52:49,741 [DEBUG] cnn_neat: Removed hidden node 10 (pool=7)
2026-08-14 23:52:49,745 [DEBUG] cnn_neat: Removed edge 10→3 (from 14 candidates)
2026-08-14 23:52:49,766 [DEBUG] cnn_neat: Removed 3 edges (requested 3)
2026-08-14 23:52:49,771 [DEBUG] cnn_neat: Split edge 9→6, new hidden node 12 (pool=16)
2026-08-14 23:52:50,015 [DEBUG] cnn_neat: Split edge 5→10, new hidden node 11 (pool=12)
2026-08-14 23:52:50,022 [DEBUG] cnn_neat: Added edge 7→10 (from 20 candidates)
2026-08-14 23:52:50,031 [DEBUG] cnn_neat: Removed hidden node 6 (pool=6)
2026-08-14 23:52:50,036 [DEBUG] cnn_neat: Removed edge 0→9 (from 14 candidates)
2026-08-14 23:52:50,046 [DEBUG] cnn_neat: Removed 3 edges (requested 3)
2026-08-14 23:52:50,052 [DEBUG] cnn_neat: Split edge 11→10, new hidden node 12 (pool=13)
2026-08-14 23:52:50,061 [DEBUG] cnn_neat: Split edge 2→3, new hidden node 11 (pool=16)
2026-08-14 23:52:50,069 [DEBUG] cnn_neat: Added edge 9→7 (from 33 candidates)
2026-08-14 23:52:50,079 [DEBUG] cnn_neat: Removed hidden node 3 (pool=7)
2026-08-14 23:52:50,084 [DEBUG] cnn_neat: Removed edge 10→3 (from 15 candidates)
2026-08-14 23:52:50,093 [DEBUG] cnn_neat: Removed 3 edges (requested 3)
2026-08-14 23:52:50,098 [DEBUG] cnn_neat: Split edge 8→3, new hidden node 12 (pool=15)
2026-08-14 23:52:50,105 [DEBUG] cnn_neat: Split edge 7→2, new hidden node 11 (pool=17)
2026-08-14 23:52:50,111 [DEBUG] cnn_neat: Added edge 7→8 (from 31 candidates)
2026-08-14 23:52:50,118 [DEBUG] cnn_neat: Removed hidden node 6 (pool=7)
2026-08-14 23:52:50,122 [DEBUG] cnn_neat: Removed edge 7→3 (from 16 candidates)
2026-08-14 23:52:50,131 [DEBUG] cnn_neat: Removed 3 edges (requested 3)
2026-08-14 23:52:50,139 [DEBUG] cnn_neat: Split edge 0→5, new hidden node 12 (pool=18)
2026-08-14 23:52:50,148 [DEBUG] cnn_neat: Split edge 9→6, new hidden node 12 (pool=17)
2026-08-14 23:52:50,155 [DEBUG] cnn_neat: Added edge 7→1 (from 44 candidates)
2026-08-14 23:52:50,164 [DEBUG] cnn_neat: Removed hidden node 8 (pool=8)
2026-08-14 23:52:50,169 [DEBUG] cnn_neat: Removed edge 6→11 (from 16 candidates)
2026-08-14 23:52:50,179 [DEBUG] cnn_neat: Removed 3 edges (requested 3)
2026-08-14 23:52:50,186 [DEBUG] cnn_neat: Split edge 7→3, new hidden node 13 (pool=18)
2026-08-14 23:52:50,194 [DEBUG] cnn_neat: Split edge 5→10, new hidden node 12 (pool=14)
2026-08-14 23:52:50,195 [DEBUG] cnn_neat: Saved generation 15
2026-08-14 23:52:50,272 [DEBUG] cnn_neat: Selected 25 elite individuals
2026-08-14 23:52:50,292 [DEBUG] cnn_neat: Split edge 2→1, new hidden node 10 (pool=10)
2026-08-14 23:52:50,312 [DEBUG] cnn_neat: Added edge 5→2 (from 8 candidates)
2026-08-14 23:52:50,387 [DEBUG] cnn_neat: Removed hidden node 7 (pool=4)
2026-08-14 23:52:50,402 [DEBUG] cnn_neat: Removed edge 0→9 (from 9 candidates)
2026-08-14 23:52:50,419 [DEBUG] cnn_neat: Removed 3 edges (requested 3)
2026-08-14 23:52:50,431 [DEBUG] cnn_neat: Split edge 5→7, new hidden node 10 (pool=11)
2026-08-14 23:52:50,441 [DEBUG] cnn_neat: Split edge 5→9, new hidden node 10 (pool=7)
2026-08-14 23:52:50,452 [DEBUG] cnn_neat: Split edge 9→6, new hidden node 10 (pool=9)
2026-08-14 23:52:50,460 [DEBUG] cnn_neat: Added edge 0→3 (from 14 candidates)
2026-08-14 23:52:50,471 [DEBUG] cnn_neat: Removed hidden node 5 (pool=5)
2026-08-14 23:52:50,477 [DEBUG] cnn_neat: Removed edge 5→7 (from 9 candidates)
2026-08-14 23:52:50,488 [DEBUG] cnn_neat: Removed 3 edges (requested 3)
2026-08-14 23:52:50,497 [DEBUG] cnn_neat: Split edge 2→1, new hidden node 11 (pool=10)
2026-08-14 23:52:50,508 [DEBUG] cnn_neat: Split edge 0→5, new hidden node 10 (pool=11)
2026-08-14 23:52:50,516 [DEBUG] cnn_neat: Added edge 3→2 (from 19 candidates)
2026-08-14 23:52:50,519 [DEBUG] cnn_neat: Trimmed elite queue to 128 entries
2026-08-14 23:52:50,933 [DEBUG] cnn_neat: Split edge 7→2, new hidden node 12 (pool=14)
2026-08-14 23:52:50,934 [DEBUG] cnn_neat: Removed hidden node 9 (pool=5)
2026-08-14 23:52:50,938 [DEBUG] cnn_neat: Added edge 0→10 (from 42 candidates)
2026-08-14 23:52:50,943 [DEBUG] cnn_neat: Removed hidden node 6 (pool=8)
2026-08-14 23:52:50,946 [DEBUG] cnn_neat: Removed edge 0→5 (from 13 candidates)
2026-08-14 23:52:50,951 [DEBUG] cnn_neat: Removed 3 edges (requested 3)
2026-08-14 23:52:50,956 [DEBUG] cnn_neat: Crossover rejected: union topology invalid (edges=25 nodes=16)
2026-08-14 23:52:50,958 [DEBUG] cnn_neat: Split edge 7→2, new hidden node 12 (pool=14)
2026-08-14 23:52:50,962 [DEBUG] cnn_neat: Added edge 10→3 (from 46 candidates)
2026-08-14 23:52:50,966 [DEBUG] cnn_neat: Added edge 8→7 (from 42 candidates)
2026-08-14 23:52:50,970 [DEBUG] cnn_neat: Added edge 9→7 (from 38 candidates)
2026-08-14 23:52:50,973 [DEBUG] cnn_neat: Added edge 6→1 (from 37 candidates)
2026-08-14 23:52:50,977 [DEBUG] cnn_neat: Added edge 0→3 (from 36 candidates)
2026-08-14 23:52:50,981 [DEBUG] cnn_neat: Added edge 9→3 (from 39 candidates)
2026-08-14 23:52:50,985 [DEBUG] cnn_neat: Split edge 5→6, new hidden node 12 (pool=15)
2026-08-14 23:52:50,989 [DEBUG] cnn_neat: Added edge 5→9 (from 40 candidates)
2026-08-14 23:52:50,994 [DEBUG] cnn_neat: Removed hidden node 9 (pool=8)
2026-08-14 23:52:50,997 [DEBUG] cnn_neat: Removed edge 5→10 (from 14 candidates)
2026-08-14 23:52:51,002 [DEBUG] cnn_neat: Removed 3 edges (requested 3)
2026-08-14 23:52:51,006 [DEBUG] cnn_neat: Crossover rejected: union topology invalid (edges=32 nodes=21)
2026-08-14 23:52:51,010 [DEBUG] cnn_neat: Split edge 11→9, new hidden node 12 (pool=15)
2026-08-14 23:52:51,014 [DEBUG] cnn_neat: Added edge 10→2 (from 40 candidates)
2026-08-14 23:52:51,018 [DEBUG] cnn_neat: Added edge 8→9 (from 38 candidates)
2026-08-14 23:52:51,021 [DEBUG] cnn_neat: Added edge 0→3 (from 33 candidates)
2026-08-14 23:52:51,025 [DEBUG] cnn_neat: Added edge 9→3 (from 36 candidates)
2026-08-14 23:52:51,029 [DEBUG] cnn_neat: Added edge 9→5 (from 35 candidates)
2026-08-14 23:52:51,033 [DEBUG] cnn_neat: Split edge 0→11, new hidden node 12 (pool=16)
2026-08-14 23:52:51,036 [DEBUG] cnn_neat: Added edge 7→1 (from 37 candidates)
2026-08-14 23:52:51,041 [DEBUG] cnn_neat: Removed hidden node 9 (pool=8)
2026-08-14 23:52:51,044 [DEBUG] cnn_neat: Removed edge 0→11 (from 15 candidates)
2026-08-14 23:52:51,049 [DEBUG] cnn_neat: Removed 3 edges (requested 3)
2026-08-14 23:52:51,053 [DEBUG] cnn_neat: Crossover rejected: union topology invalid (edges=27 nodes=17)
2026-08-14 23:52:51,056 [DEBUG] cnn_neat: Split edge 11→9, new hidden node 12 (pool=16)
2026-08-14 23:52:51,060 [DEBUG] cnn_neat: Added edge 6→10 (from 37 candidates)
2026-08-14 23:52:51,064 [DEBUG] cnn_neat: Added edge 11→5 (from 30 candidates)
2026-08-14 23:52:51,067 [DEBUG] cnn_neat: Added edge 6→1 (from 28 candidates)
2026-08-14 23:52:51,071 [DEBUG] cnn_neat: Added edge 7→1 (from 27 candidates)
2026-08-14 23:52:51,075 [DEBUG] cnn_neat: Added edge 0→3 (from 26 candidates)
2026-08-14 23:52:51,080 [DEBUG] cnn_neat: Split edge 11→9, new hidden node 13 (pool=14)
2026-08-14 23:52:51,083 [DEBUG] cnn_neat: Added edge 9→8 (from 54 candidates)
2026-08-14 23:52:51,088 [DEBUG] cnn_neat: Removed hidden node 9 (pool=9)
2026-08-14 23:52:51,091 [DEBUG] cnn_neat: Removed edge 6→7 (from 11 candidates)
2026-08-14 23:52:51,098 [DEBUG] cnn_neat: Removed 3 edges (requested 3)
2026-08-14 23:52:51,102 [DEBUG] cnn_neat: Crossover rejected: union topology invalid (edges=31 nodes=19)
2026-08-14 23:52:51,104 [DEBUG] cnn_neat: Split edge 0→11, new hidden node 13 (pool=14)
2026-08-14 23:52:51,109 [DEBUG] cnn_neat: Added edge 10→2 (from 54 candidates)
2026-08-14 23:52:51,112 [DEBUG] cnn_neat: Added edge 12→5 (from 53 candidates)
2026-08-14 23:52:51,116 [DEBUG] cnn_neat: Added edge 5→9 (from 48 candidates)
2026-08-14 23:52:51,120 [DEBUG] cnn_neat: Added edge 10→3 (from 45 candidates)
2026-08-14 23:52:51,124 [DEBUG] cnn_neat: Added edge 12→7 (from 44 candidates)
2026-08-14 23:52:51,128 [DEBUG] cnn_neat: Split edge 11→3, new hidden node 12 (pool=16)
2026-08-14 23:52:51,132 [DEBUG] cnn_neat: Added edge 0→3 (from 44 candidates)
2026-08-14 23:52:51,137 [DEBUG] cnn_neat: Removed hidden node 5 (pool=8)
2026-08-14 23:52:51,141 [DEBUG] cnn_neat: Removed edge 6→7 (from 16 candidates)
2026-08-14 23:52:51,146 [DEBUG] cnn_neat: Removed 3 edges (requested 3)
2026-08-14 23:52:51,150 [DEBUG] cnn_neat: Crossover rejected: union topology invalid (edges=31 nodes=20)
2026-08-14 23:52:51,153 [DEBUG] cnn_neat: Split edge 9→6, new hidden node 12 (pool=16)
2026-08-14 23:52:51,158 [DEBUG] cnn_neat: Added edge 0→7 (from 44 candidates)
2026-08-14 23:52:51,161 [DEBUG] cnn_neat: Added edge 0→8 (from 32 candidates)
2026-08-14 23:52:51,165 [DEBUG] cnn_neat: Added edge 9→7 (from 33 candidates)
2026-08-14 23:52:51,169 [DEBUG] cnn_neat: Added edge 9→10 (from 32 candidates)
2026-08-14 23:52:51,173 [DEBUG] cnn_neat: Added edge 11→7 (from 31 candidates)
2026-08-14 23:52:51,176 [DEBUG] cnn_neat: Split edge 6→3, new hidden node 14 (pool=14)
2026-08-14 23:52:51,181 [DEBUG] cnn_neat: Added edge 11→3 (from 52 candidates)
2026-08-14 23:52:51,186 [DEBUG] cnn_neat: Removed hidden node 6 (pool=10)
2026-08-14 23:52:51,190 [DEBUG] cnn_neat: Removed edge 10→7 (from 12 candidates)
2026-08-14 23:52:51,196 [DEBUG] cnn_neat: Removed 3 edges (requested 3)
2026-08-14 23:52:51,200 [DEBUG] cnn_neat: Crossover rejected: union topology invalid (edges=33 nodes=22)
2026-08-14 23:52:51,203 [DEBUG] cnn_neat: Split edge 6→7, new hidden node 14 (pool=14)
2026-08-14 23:52:51,208 [DEBUG] cnn_neat: Added edge 9→5 (from 52 candidates)
2026-08-14 23:52:51,211 [DEBUG] cnn_neat: Added edge 9→3 (from 47 candidates)
2026-08-14 23:52:51,216 [DEBUG] cnn_neat: Added edge 11→10 (from 46 candidates)
2026-08-14 23:52:51,221 [DEBUG] cnn_neat: Added edge 6→8 (from 45 candidates)
2026-08-14 23:52:51,225 [DEBUG] cnn_neat: Added edge 9→12 (from 44 candidates)
2026-08-14 23:52:51,228 [DEBUG] cnn_neat: Split edge 0→6, new hidden node 11 (pool=11)
2026-08-14 23:52:51,230 [DEBUG] cnn_neat: Added edge 10→2 (from 18 candidates)
2026-08-14 23:52:51,235 [DEBUG] cnn_neat: Removed hidden node 5 (pool=5)
2026-08-14 23:52:51,238 [DEBUG] cnn_neat: Removed edge 6→7 (from 10 candidates)
2026-08-14 23:52:51,243 [DEBUG] cnn_neat: Removed 3 edges (requested 3)
2026-08-14 23:52:51,247 [DEBUG] cnn_neat: Crossover rejected: union topology invalid (edges=25 nodes=14)
2026-08-14 23:52:51,249 [DEBUG] cnn_neat: Split edge 6→7, new hidden node 11 (pool=11)
2026-08-14 23:52:51,252 [DEBUG] cnn_neat: Added edge 9→2 (from 18 candidates)
2026-08-14 23:52:51,255 [DEBUG] cnn_neat: Added edge 7→1 (from 17 candidates)
2026-08-14 23:52:51,258 [DEBUG] cnn_neat: Added edge 10→7 (from 16 candidates)
2026-08-14 23:52:51,262 [DEBUG] cnn_neat: Added edge 5→10 (from 15 candidates)
2026-08-14 23:52:51,266 [DEBUG] cnn_neat: Added edge 6→1 (from 13 candidates)
2026-08-14 23:52:51,269 [DEBUG] cnn_neat: Split edge 0→6, new hidden node 10 (pool=11)
2026-08-14 23:52:51,272 [DEBUG] cnn_neat: Added edge 9→7 (from 9 candidates)
2026-08-14 23:52:51,276 [DEBUG] cnn_neat: Removed hidden node 5 (pool=4)
2026-08-14 23:52:51,278 [DEBUG] cnn_neat: Split edge 0→6, new hidden node 10 (pool=7)
2026-08-14 23:52:51,393 [DEBUG] cnn_neat: Split edge 7→3, new hidden node 11 (pool=15)
2026-08-14 23:52:51,495 [DEBUG] cnn_neat: Added edge 2→8 (from 35 candidates)
2026-08-14 23:52:51,510 [DEBUG] cnn_neat: Removed hidden node 5 (pool=7)
2026-08-14 23:52:51,519 [DEBUG] cnn_neat: Removed edge 8→3 (from 14 candidates)
2026-08-14 23:52:51,535 [DEBUG] cnn_neat: Removed 3 edges (requested 3)
2026-08-14 23:52:51,543 [DEBUG] cnn_neat: Split edge 0→9, new hidden node 12 (pool=14)
2026-08-14 23:52:51,552 [DEBUG] cnn_neat: Split edge 0→5, new hidden node 11 (pool=14)
2026-08-14 23:52:51,564 [DEBUG] cnn_neat: Split edge 9→6, new hidden node 11 (pool=10)
2026-08-14 23:52:51,571 [DEBUG] cnn_neat: Added edge 7→1 (from 17 candidates)
2026-08-14 23:52:51,583 [DEBUG] cnn_neat: Removed hidden node 7 (pool=5)
2026-08-14 23:52:51,590 [DEBUG] cnn_neat: Removed edge 7→2 (from 9 candidates)
2026-08-14 23:52:51,602 [DEBUG] cnn_neat: Removed 3 edges (requested 3)
2026-08-14 23:52:51,610 [DEBUG] cnn_neat: Split edge 10→7, new hidden node 12 (pool=11)
2026-08-14 23:52:51,615 [DEBUG] cnn_neat: Split edge 2→1, new hidden node 11 (pool=7)
2026-08-14 23:52:51,627 [DEBUG] cnn_neat: Split edge 9→6, new hidden node 12 (pool=16)
2026-08-14 23:52:51,960 [DEBUG] cnn_neat: Added edge 8→5 (from 39 candidates)
2026-08-14 23:52:52,007 [DEBUG] cnn_neat: Removed hidden node 11 (pool=8)
2026-08-14 23:52:52,043 [DEBUG] cnn_neat: Split edge 5→6, new hidden node 12 (pool=15)
2026-08-14 23:52:52,062 [DEBUG] cnn_neat: Added edge 0→8 (from 41 candidates)
2026-08-14 23:52:52,090 [DEBUG] cnn_neat: Removed hidden node 5 (pool=8)
2026-08-14 23:52:52,153 [DEBUG] cnn_neat: Removed edge 7→2 (from 14 candidates)
2026-08-14 23:52:52,174 [DEBUG] cnn_neat: Removed 3 edges (requested 3)
2026-08-14 23:52:52,188 [DEBUG] cnn_neat: Split edge 12→6, new hidden node 13 (pool=16)
2026-08-14 23:52:52,204 [DEBUG] cnn_neat: Split edge 0→5, new hidden node 12 (pool=13)
2026-08-14 23:52:52,215 [DEBUG] cnn_neat: Split edge 10→7, new hidden node 11 (pool=16)
2026-08-14 23:52:52,222 [DEBUG] cnn_neat: Added edge 9→7 (from 32 candidates)
2026-08-14 23:52:52,232 [DEBUG] cnn_neat: Removed hidden node 5 (pool=7)
2026-08-14 23:52:52,238 [DEBUG] cnn_neat: Removed edge 5→6 (from 15 candidates)
2026-08-14 23:52:52,248 [DEBUG] cnn_neat: Removed 3 edges (requested 3)
2026-08-14 23:52:52,254 [DEBUG] cnn_neat: Split edge 0→5, new hidden node 12 (pool=17)
2026-08-14 23:52:52,261 [DEBUG] cnn_neat: Split edge 8→3, new hidden node 11 (pool=15)
2026-08-14 23:52:52,266 [DEBUG] cnn_neat: Split edge 2→1, new hidden node 11 (pool=13)
2026-08-14 23:52:52,278 [DEBUG] cnn_neat: Split edge 10→7, new hidden node 13 (pool=15)
2026-08-14 23:52:52,285 [DEBUG] cnn_neat: Added edge 8→1 (from 43 candidates)
2026-08-14 23:52:52,295 [DEBUG] cnn_neat: Removed hidden node 11 (pool=9)
2026-08-14 23:52:52,302 [DEBUG] cnn_neat: Removed edge 5→3 (from 16 candidates)
2026-08-14 23:52:52,312 [DEBUG] cnn_neat: Removed 3 edges (requested 3)
2026-08-14 23:52:52,320 [DEBUG] cnn_neat: Split edge 7→2, new hidden node 14 (pool=16)
2026-08-14 23:52:52,330 [DEBUG] cnn_neat: Split edge 7→2, new hidden node 12 (pool=14)
2026-08-14 23:52:52,336 [DEBUG] cnn_neat: Added edge 8→2 (from 42 candidates)
2026-08-14 23:52:52,349 [DEBUG] cnn_neat: Removed hidden node 8 (pool=8)
2026-08-14 23:52:52,355 [DEBUG] cnn_neat: Removed edge 6→7 (from 13 candidates)
2026-08-14 23:52:52,365 [DEBUG] cnn_neat: Removed 3 edges (requested 3)
2026-08-14 23:52:52,372 [DEBUG] cnn_neat: Split edge 11→9, new hidden node 12 (pool=15)
2026-08-14 23:52:52,379 [DEBUG] cnn_neat: Split edge 6→7, new hidden node 12 (pool=13)
2026-08-14 23:52:52,389 [DEBUG] cnn_neat: Split edge 5→10, new hidden node 12 (pool=15)
2026-08-14 23:52:52,396 [DEBUG] cnn_neat: Added edge 0→9 (from 40 candidates)
2026-08-14 23:52:52,407 [DEBUG] cnn_neat: Removed hidden node 8 (pool=8)
2026-08-14 23:52:52,412 [DEBUG] cnn_neat: Removed edge 6→7 (from 14 candidates)
2026-08-14 23:52:52,424 [DEBUG] cnn_neat: Removed 3 edges (requested 3)
2026-08-14 23:52:52,431 [DEBUG] cnn_neat: Split edge 5→6, new hidden node 13 (pool=16)
2026-08-14 23:52:52,442 [DEBUG] cnn_neat: Split edge 7→2, new hidden node 12 (pool=16)
2026-08-14 23:52:52,450 [DEBUG] cnn_neat: Added edge 10→9 (from 37 candidates)
2026-08-14 23:52:52,462 [DEBUG] cnn_neat: Removed hidden node 10 (pool=8)
2026-08-14 23:52:52,468 [DEBUG] cnn_neat: Removed edge 11→9 (from 15 candidates)
2026-08-14 23:52:52,479 [DEBUG] cnn_neat: Removed 3 edges (requested 3)
2026-08-14 23:52:52,485 [DEBUG] cnn_neat: Split edge 5→3, new hidden node 13 (pool=15)
2026-08-14 23:52:52,493 [DEBUG] cnn_neat: Split edge 9→6, new hidden node 12 (pool=17)
2026-08-14 23:52:52,572 [DEBUG] cnn_neat: Split edge 7→3, new hidden node 13 (pool=14)
2026-08-14 23:52:52,578 [DEBUG] cnn_neat: Added edge 11→10 (from 54 candidates)
2026-08-14 23:52:52,599 [DEBUG] cnn_neat: Removed hidden node 3 (pool=9)
2026-08-14 23:52:52,607 [DEBUG] cnn_neat: Removed edge 6→3 (from 11 candidates)
2026-08-14 23:52:52,627 [DEBUG] cnn_neat: Removed 3 edges (requested 3)
2026-08-14 23:52:52,635 [DEBUG] cnn_neat: Split edge 5→6, new hidden node 14 (pool=13)
2026-08-14 23:52:52,643 [DEBUG] cnn_neat: Split edge 7→3, new hidden node 13 (pool=13)
2026-08-14 23:52:52,659 [DEBUG] cnn_neat: Split edge 8→3, new hidden node 12 (pool=16)
2026-08-14 23:52:52,672 [DEBUG] cnn_neat: Added edge 8→2 (from 44 candidates)
2026-08-14 23:52:52,687 [DEBUG] cnn_neat: Removed hidden node 5 (pool=8)
2026-08-14 23:52:52,699 [DEBUG] cnn_neat: Removed edge 2→3 (from 16 candidates)
2026-08-14 23:52:52,929 [DEBUG] cnn_neat: Removed 3 edges (requested 3)
2026-08-14 23:52:52,941 [DEBUG] cnn_neat: Split edge 6→7, new hidden node 13 (pool=15)
2026-08-14 23:52:52,950 [DEBUG] cnn_neat: Split edge 2→1, new hidden node 12 (pool=17)
2026-08-14 23:52:52,967 [DEBUG] cnn_neat: Split edge 9→6, new hidden node 14 (pool=14)
2026-08-14 23:52:52,982 [DEBUG] cnn_neat: Added edge 13→11 (from 52 candidates)
2026-08-14 23:52:53,006 [DEBUG] cnn_neat: Removed hidden node 7 (pool=10)
2026-08-14 23:52:53,017 [DEBUG] cnn_neat: Removed edge 7→2 (from 12 candidates)
2026-08-14 23:52:53,040 [DEBUG] cnn_neat: Removed 3 edges (requested 3)
2026-08-14 23:52:53,053 [DEBUG] cnn_neat: Split edge 7→3, new hidden node 15 (pool=15)
2026-08-14 23:52:53,277 [DEBUG] cnn_neat: Split edge 5→6, new hidden node 10 (pool=15)
2026-08-14 23:52:53,283 [DEBUG] cnn_neat: Added edge 6→1 (from 23 candidates)
2026-08-14 23:52:53,299 [DEBUG] cnn_neat: Removed hidden node 3 (pool=6)
2026-08-14 23:52:53,304 [DEBUG] cnn_neat: Removed edge 2→3 (from 14 candidates)
2026-08-14 23:52:53,321 [DEBUG] cnn_neat: Removed 3 edges (requested 3)
2026-08-14 23:52:53,330 [DEBUG] cnn_neat: Split edge 7→3, new hidden node 10 (pool=12)
2026-08-14 23:52:53,340 [DEBUG] cnn_neat: Added edge 0→3 (from 24 candidates)
2026-08-14 23:52:53,344 [DEBUG] cnn_neat: Split edge 2→1, new hidden node 11 (pool=13)
2026-08-14 23:52:53,356 [DEBUG] cnn_neat: Removed hidden node 5 (pool=4)
2026-08-14 23:52:53,365 [DEBUG] cnn_neat: Added edge 5→10 (from 31 candidates)
2026-08-14 23:52:53,375 [DEBUG] cnn_neat: Split edge 7→3, new hidden node 10 (pool=13)
2026-08-14 23:52:53,377 [DEBUG] cnn_neat: Added edge 7→1 (from 13 candidates)
2026-08-14 23:52:53,389 [DEBUG] cnn_neat: Removed hidden node 7 (pool=5)
2026-08-14 23:52:53,395 [DEBUG] cnn_neat: Removed edge 5→3 (from 12 candidates)
2026-08-14 23:52:53,416 [DEBUG] cnn_neat: Removed 3 edges (requested 3)
2026-08-14 23:52:53,424 [DEBUG] cnn_neat: Split edge 6→2, new hidden node 11 (pool=14)
2026-08-14 23:52:53,434 [DEBUG] cnn_neat: Split edge 5→3, new hidden node 10 (pool=12)
2026-08-14 23:52:53,450 [DEBUG] cnn_neat: Split edge 0→9, new hidden node 11 (pool=14)
2026-08-14 23:52:53,663 [DEBUG] cnn_neat: Added edge 0→7 (from 29 candidates)
2026-08-14 23:52:53,676 [DEBUG] cnn_neat: Removed hidden node 5 (pool=7)
2026-08-14 23:52:53,686 [DEBUG] cnn_neat: Removed edge 6→3 (from 15 candidates)
2026-08-14 23:52:53,702 [DEBUG] cnn_neat: Removed 3 edges (requested 3)
2026-08-14 23:52:53,712 [DEBUG] cnn_neat: Split edge 0→8, new hidden node 11 (pool=15)
2026-08-14 23:52:53,723 [DEBUG] cnn_neat: Split edge 0→9, new hidden node 11 (pool=13)
2026-08-14 23:52:53,731 [DEBUG] cnn_neat: Split edge 7→3, new hidden node 11 (pool=11)
2026-08-14 23:52:53,747 [DEBUG] cnn_neat: Split edge 7→3, new hidden node 10 (pool=14)
2026-08-14 23:52:53,761 [DEBUG] cnn_neat: Added edge 0→8 (from 25 candidates)
2026-08-14 23:52:53,770 [DEBUG] cnn_neat: Removed hidden node 7 (pool=6)
2026-08-14 23:52:53,776 [DEBUG] cnn_neat: Removed edge 7→3 (from 13 candidates)
2026-08-14 23:52:53,796 [DEBUG] cnn_neat: Removed 3 edges (requested 3)
2026-08-14 23:52:53,806 [DEBUG] cnn_neat: Split edge 7→2, new hidden node 11 (pool=15)
2026-08-14 23:52:53,812 [DEBUG] cnn_neat: Split edge 8→3, new hidden node 10 (pool=10)
2026-08-14 23:52:54,020 [DEBUG] cnn_neat: Split edge 6→7, new hidden node 10 (pool=11)
2026-08-14 23:52:54,034 [DEBUG] cnn_neat: Split edge 5→6, new hidden node 10 (pool=14)
2026-08-14 23:52:54,041 [DEBUG] cnn_neat: Added edge 0→3 (from 14 candidates)
2026-08-14 23:52:54,050 [DEBUG] cnn_neat: Removed hidden node 5 (pool=5)
2026-08-14 23:52:54,059 [DEBUG] cnn_neat: Removed edge 5→7 (from 13 candidates)
2026-08-14 23:52:54,064 [DEBUG] cnn_neat: Removed 3 edges (requested 3)
2026-08-14 23:52:54,067 [DEBUG] cnn_neat: Split edge 2→1, new hidden node 11 (pool=9)
2026-08-14 23:52:54,075 [DEBUG] cnn_neat: Split edge 0→6, new hidden node 10 (pool=15)
2026-08-14 23:52:54,079 [DEBUG] cnn_neat: Split edge 9→6, new hidden node 10 (pool=11)
2026-08-14 23:52:54,091 [DEBUG] cnn_neat: Split edge 11→3, new hidden node 12 (pool=12)
2026-08-14 23:52:54,098 [DEBUG] cnn_neat: Added edge 5→8 (from 36 candidates)
2026-08-14 23:52:54,105 [DEBUG] cnn_neat: Removed hidden node 9 (pool=8)
2026-08-14 23:52:54,110 [DEBUG] cnn_neat: Removed edge 7→2 (from 16 candidates)
2026-08-14 23:52:54,120 [DEBUG] cnn_neat: Removed 3 edges (requested 3)
2026-08-14 23:52:54,136 [DEBUG] cnn_neat: Split edge 6→3, new hidden node 12 (pool=12)
2026-08-14 23:52:54,178 [DEBUG] cnn_neat: Split edge 6→3, new hidden node 12 (pool=13)
2026-08-14 23:52:54,192 [DEBUG] cnn_neat: Split edge 5→6, new hidden node 10 (pool=9)
2026-08-14 23:52:54,202 [DEBUG] cnn_neat: Added edge 0→2 (from 10 candidates)
2026-08-14 23:52:54,210 [DEBUG] cnn_neat: Removed hidden node 9 (pool=4)
2026-08-14 23:52:54,215 [DEBUG] cnn_neat: Removed edge 7→2 (from 8 candidates)
2026-08-14 23:52:54,468 [DEBUG] cnn_neat: Removed 3 edges (requested 3)
2026-08-14 23:52:54,473 [DEBUG] cnn_neat: Split edge 2→1, new hidden node 10 (pool=5)
2026-08-14 23:52:54,476 [DEBUG] cnn_neat: Split edge 5→7, new hidden node 10 (pool=6)
2026-08-14 23:52:54,481 [DEBUG] cnn_neat: Added edge 9→2 (from 11 candidates)
2026-08-14 23:52:54,484 [DEBUG] cnn_neat: Added edge 0→6 (from 15 candidates)
2026-08-14 23:52:54,493 [DEBUG] cnn_neat: Split edge 6→2, new hidden node 10 (pool=11)
2026-08-14 23:52:54,498 [DEBUG] cnn_neat: Added edge 3→7 (from 19 candidates)
2026-08-14 23:52:54,506 [DEBUG] cnn_neat: Removed hidden node 9 (pool=5)
2026-08-14 23:52:54,510 [DEBUG] cnn_neat: Removed edge 0→9 (from 10 candidates)
2026-08-14 23:52:54,518 [DEBUG] cnn_neat: Removed 3 edges (requested 3)
2026-08-14 23:52:54,524 [DEBUG] cnn_neat: Split edge 6→3, new hidden node 10 (pool=12)
2026-08-14 23:52:54,529 [DEBUG] cnn_neat: Split edge 2→1, new hidden node 8 (pool=9)
2026-08-14 23:52:54,537 [DEBUG] cnn_neat: Split edge 2→3, new hidden node 10 (pool=12)
2026-08-14 23:52:54,542 [DEBUG] cnn_neat: Added edge 6→3 (from 13 candidates)
2026-08-14 23:52:54,550 [DEBUG] cnn_neat: Removed hidden node 6 (pool=5)
2026-08-14 23:52:54,554 [DEBUG] cnn_neat: Removed edge 0→9 (from 11 candidates)
2026-08-14 23:52:54,562 [DEBUG] cnn_neat: Removed 3 edges (requested 3)
2026-08-14 23:52:54,566 [DEBUG] cnn_neat: Split edge 5→7, new hidden node 11 (pool=11)
2026-08-14 23:52:54,575 [DEBUG] cnn_neat: Split edge 5→6, new hidden node 12 (pool=12)
2026-08-14 23:52:54,580 [DEBUG] cnn_neat: Added edge 0→10 (from 25 candidates)
2026-08-14 23:52:54,589 [DEBUG] cnn_neat: Removed hidden node 9 (pool=6)
2026-08-14 23:52:54,594 [DEBUG] cnn_neat: Removed edge 11→10 (from 11 candidates)
2026-08-14 23:52:54,602 [DEBUG] cnn_neat: Removed 3 edges (requested 3)
2026-08-14 23:52:54,607 [DEBUG] cnn_neat: Split edge 6→11, new hidden node 13 (pool=12)
2026-08-14 23:52:54,614 [DEBUG] cnn_neat: Split edge 10→3, new hidden node 11 (pool=13)
2026-08-14 23:52:54,619 [DEBUG] cnn_neat: Added edge 9→2 (from 21 candidates)
2026-08-14 23:52:54,626 [DEBUG] cnn_neat: Removed hidden node 7 (pool=6)
2026-08-14 23:52:54,630 [DEBUG] cnn_neat: Removed edge 7→2 (from 12 candidates)
2026-08-14 23:52:54,637 [DEBUG] cnn_neat: Removed 3 edges (requested 3)
2026-08-14 23:52:54,642 [DEBUG] cnn_neat: Split edge 9→6, new hidden node 12 (pool=9)
2026-08-14 23:52:54,649 [DEBUG] cnn_neat: Split edge 2→1, new hidden node 12 (pool=7)
2026-08-14 23:52:54,655 [DEBUG] cnn_neat: Added edge 2→3 (from 26 candidates)
2026-08-14 23:52:54,664 [DEBUG] cnn_neat: Removed hidden node 6 (pool=7)
2026-08-14 23:52:54,667 [DEBUG] cnn_neat: Removed edge 7→2 (from 8 candidates)
2026-08-14 23:52:54,674 [DEBUG] cnn_neat: Removed 3 edges (requested 3)
2026-08-14 23:52:54,678 [DEBUG] cnn_neat: Split edge 2→10, new hidden node 13 (pool=14)
2026-08-14 23:52:54,681 [DEBUG] cnn_neat: Saved generation 16
2026-08-14 23:52:54,762 [DEBUG] cnn_neat: Selected 25 elite individuals
2026-08-14 23:52:54,775 [DEBUG] cnn_neat: Split edge 5→6, new hidden node 10 (pool=14)
2026-08-14 23:52:54,793 [DEBUG] cnn_neat: Added edge 0→3 (from 21 candidates)
2026-08-14 23:52:54,869 [DEBUG] cnn_neat: Removed hidden node 7 (pool=6)
2026-08-14 23:52:54,888 [DEBUG] cnn_neat: Removed edge 6→3 (from 13 candidates)
2026-08-14 23:52:54,907 [DEBUG] cnn_neat: Removed 3 edges (requested 3)
2026-08-14 23:52:54,919 [DEBUG] cnn_neat: Split edge 6→3, new hidden node 11 (pool=15)
2026-08-14 23:52:54,939 [DEBUG] cnn_neat: Split edge 6→3, new hidden node 10 (pool=11)
2026-08-14 23:52:54,947 [DEBUG] cnn_neat: Added edge 9→5 (from 22 candidates)
2026-08-14 23:52:54,959 [DEBUG] cnn_neat: Removed hidden node 7 (pool=6)
2026-08-14 23:52:54,965 [DEBUG] cnn_neat: Removed edge 5→7 (from 13 candidates)
2026-08-14 23:52:54,976 [DEBUG] cnn_neat: Removed 3 edges (requested 3)
2026-08-14 23:52:54,983 [DEBUG] cnn_neat: Split edge 10→3, new hidden node 11 (pool=11)
2026-08-14 23:52:54,990 [DEBUG] cnn_neat: Split edge 2→3, new hidden node 10 (pool=11)
2026-08-14 23:52:55,001 [DEBUG] cnn_neat: Split edge 6→3, new hidden node 11 (pool=15)
2026-08-14 23:52:55,009 [DEBUG] cnn_neat: Added edge 9→2 (from 20 candidates)
2026-08-14 23:52:55,024 [DEBUG] cnn_neat: Trimmed elite queue to 128 entries
2026-08-14 23:52:55,441 [DEBUG] cnn_neat: Removed hidden node 3 (pool=6)
2026-08-14 23:52:55,454 [DEBUG] cnn_neat: Split edge 5→6, new hidden node 11 (pool=11)
2026-08-14 23:52:55,458 [DEBUG] cnn_neat: Added edge 6→1 (from 19 candidates)
2026-08-14 23:52:55,463 [DEBUG] cnn_neat: Removed hidden node 10 (pool=5)
2026-08-14 23:52:55,466 [DEBUG] cnn_neat: Split edge 0→9, new hidden node 10 (pool=9)
2026-08-14 23:52:55,469 [DEBUG] cnn_neat: Removed edge 6→2 (from 10 candidates)
2026-08-14 23:52:55,473 [DEBUG] cnn_neat: Removed 3 edges (requested 3)
2026-08-14 23:52:55,477 [DEBUG] cnn_neat: Crossover rejected: union topology invalid (edges=25 nodes=17)
2026-08-14 23:52:55,480 [DEBUG] cnn_neat: Split edge 7→2, new hidden node 11 (pool=11)
2026-08-14 23:52:55,485 [DEBUG] cnn_neat: Added edge 10→9 (from 19 candidates)
2026-08-14 23:52:55,488 [DEBUG] cnn_neat: Added edge 5→1 (from 15 candidates)
2026-08-14 23:52:55,491 [DEBUG] cnn_neat: Added edge 9→7 (from 14 candidates)
2026-08-14 23:52:55,493 [DEBUG] cnn_neat: Added edge 0→7 (from 13 candidates)
2026-08-14 23:52:55,497 [DEBUG] cnn_neat: Added edge 5→2 (from 10 candidates)
2026-08-14 23:52:55,501 [DEBUG] cnn_neat: Split edge 5→6, new hidden node 12 (pool=14)
2026-08-14 23:52:55,505 [DEBUG] cnn_neat: Added edge 2→3 (from 48 candidates)
2026-08-14 23:52:55,510 [DEBUG] cnn_neat: Removed hidden node 9 (pool=8)
2026-08-14 23:52:55,513 [DEBUG] cnn_neat: Removed edge 11→9 (from 13 candidates)
2026-08-14 23:52:55,517 [DEBUG] cnn_neat: Removed 3 edges (requested 3)
2026-08-14 23:52:55,521 [DEBUG] cnn_neat: Crossover rejected: union topology invalid (edges=31 nodes=21)
2026-08-14 23:52:55,524 [DEBUG] cnn_neat: Split edge 0→11, new hidden node 12 (pool=14)
2026-08-14 23:52:55,528 [DEBUG] cnn_neat: Added edge 10→2 (from 48 candidates)
2026-08-14 23:52:55,532 [DEBUG] cnn_neat: Added edge 0→3 (from 47 candidates)
2026-08-14 23:52:55,535 [DEBUG] cnn_neat: Added edge 5→11 (from 43 candidates)
2026-08-14 23:52:55,539 [DEBUG] cnn_neat: Added edge 11→7 (from 40 candidates)
2026-08-14 23:52:55,543 [DEBUG] cnn_neat: Added edge 8→7 (from 34 candidates)
2026-08-14 23:52:55,545 [DEBUG] cnn_neat: Split edge 8→3, new hidden node 12 (pool=15)
2026-08-14 23:52:55,550 [DEBUG] cnn_neat: Added edge 9→8 (from 40 candidates)
2026-08-14 23:52:55,555 [DEBUG] cnn_neat: Removed hidden node 8 (pool=8)
2026-08-14 23:52:55,558 [DEBUG] cnn_neat: Removed edge 10→7 (from 14 candidates)
2026-08-14 23:52:55,563 [DEBUG] cnn_neat: Removed 3 edges (requested 3)
2026-08-14 23:52:55,566 [DEBUG] cnn_neat: Crossover rejected: union topology invalid (edges=32 nodes=21)
2026-08-14 23:52:55,570 [DEBUG] cnn_neat: Split edge 6→2, new hidden node 12 (pool=15)
2026-08-14 23:52:55,574 [DEBUG] cnn_neat: Added edge 9→5 (from 40 candidates)
2026-08-14 23:52:55,577 [DEBUG] cnn_neat: Added edge 8→6 (from 35 candidates)
2026-08-14 23:52:55,581 [DEBUG] cnn_neat: Added edge 10→2 (from 31 candidates)
2026-08-14 23:52:55,584 [DEBUG] cnn_neat: Added edge 6→1 (from 29 candidates)
2026-08-14 23:52:55,587 [DEBUG] cnn_neat: Added edge 6→10 (from 28 candidates)
2026-08-14 23:52:55,592 [DEBUG] cnn_neat: Split edge 7→2, new hidden node 13 (pool=16)
2026-08-14 23:52:55,596 [DEBUG] cnn_neat: Added edge 3→1 (from 55 candidates)
2026-08-14 23:52:55,601 [DEBUG] cnn_neat: Removed hidden node 9 (pool=9)
2026-08-14 23:52:55,604 [DEBUG] cnn_neat: Removed edge 0→11 (from 14 candidates)
2026-08-14 23:52:55,611 [DEBUG] cnn_neat: Removed 3 edges (requested 3)
2026-08-14 23:52:55,615 [DEBUG] cnn_neat: Crossover rejected: union topology invalid (edges=32 nodes=20)
2026-08-14 23:52:55,618 [DEBUG] cnn_neat: Split edge 5→12, new hidden node 13 (pool=16)
2026-08-14 23:52:55,621 [DEBUG] cnn_neat: Added edge 9→8 (from 55 candidates)
2026-08-14 23:52:55,625 [DEBUG] cnn_neat: Added edge 12→9 (from 52 candidates)
2026-08-14 23:52:55,629 [DEBUG] cnn_neat: Added edge 12→6 (from 44 candidates)
2026-08-14 23:52:55,634 [DEBUG] cnn_neat: Added edge 0→3 (from 43 candidates)
2026-08-14 23:52:55,638 [DEBUG] cnn_neat: Added edge 6→10 (from 43 candidates)
2026-08-14 23:52:55,641 [DEBUG] cnn_neat: Split edge 8→3, new hidden node 12 (pool=13)
2026-08-14 23:52:55,645 [DEBUG] cnn_neat: Added edge 10→6 (from 38 candidates)
2026-08-14 23:52:55,650 [DEBUG] cnn_neat: Removed hidden node 11 (pool=8)
2026-08-14 23:52:55,654 [DEBUG] cnn_neat: Removed edge 11→9 (from 15 candidates)
2026-08-14 23:52:55,659 [DEBUG] cnn_neat: Removed 3 edges (requested 3)
2026-08-14 23:52:55,663 [DEBUG] cnn_neat: Crossover rejected: union topology invalid (edges=31 nodes=18)
2026-08-14 23:52:55,666 [DEBUG] cnn_neat: Split edge 6→2, new hidden node 12 (pool=13)
2026-08-14 23:52:55,670 [DEBUG] cnn_neat: Added edge 9→7 (from 38 candidates)
2026-08-14 23:52:55,674 [DEBUG] cnn_neat: Added edge 9→3 (from 37 candidates)
2026-08-14 23:52:55,678 [DEBUG] cnn_neat: Added edge 11→3 (from 36 candidates)
2026-08-14 23:52:55,682 [DEBUG] cnn_neat: Added edge 10→2 (from 35 candidates)
2026-08-14 23:52:55,685 [DEBUG] cnn_neat: Added edge 6→1 (from 33 candidates)
2026-08-14 23:52:55,688 [DEBUG] cnn_neat: Split edge 2→1, new hidden node 13 (pool=15)
2026-08-14 23:52:55,692 [DEBUG] cnn_neat: Added edge 9→2 (from 48 candidates)
2026-08-14 23:52:55,698 [DEBUG] cnn_neat: Removed hidden node 5 (pool=9)
2026-08-14 23:52:55,701 [DEBUG] cnn_neat: Removed edge 5→6 (from 12 candidates)
2026-08-14 23:52:55,707 [DEBUG] cnn_neat: Removed 3 edges (requested 3)
2026-08-14 23:52:55,714 [DEBUG] cnn_neat: Crossover rejected: union topology invalid (edges=32 nodes=21)
2026-08-14 23:52:55,717 [DEBUG] cnn_neat: Split edge 6→7, new hidden node 13 (pool=15)
2026-08-14 23:52:55,722 [DEBUG] cnn_neat: Added edge 8→3 (from 48 candidates)
2026-08-14 23:52:55,725 [DEBUG] cnn_neat: Added edge 12→6 (from 47 candidates)
2026-08-14 23:52:55,729 [DEBUG] cnn_neat: Added edge 12→1 (from 42 candidates)
2026-08-14 23:52:55,733 [DEBUG] cnn_neat: Added edge 10→9 (from 40 candidates)
2026-08-14 23:52:55,737 [DEBUG] cnn_neat: Added edge 5→9 (from 36 candidates)
2026-08-14 23:52:55,741 [DEBUG] cnn_neat: Split edge 0→9, new hidden node 12 (pool=15)
2026-08-14 23:52:55,744 [DEBUG] cnn_neat: Added edge 7→3 (from 36 candidates)
2026-08-14 23:52:55,749 [DEBUG] cnn_neat: Removed hidden node 10 (pool=8)
2026-08-14 23:52:55,752 [DEBUG] cnn_neat: Removed edge 6→2 (from 16 candidates)
2026-08-14 23:52:55,758 [DEBUG] cnn_neat: Removed 3 edges (requested 3)
2026-08-14 23:52:55,762 [DEBUG] cnn_neat: Crossover rejected: union topology invalid (edges=32 nodes=20)
2026-08-14 23:52:55,765 [DEBUG] cnn_neat: Split edge 5→6, new hidden node 12 (pool=15)
2026-08-14 23:52:55,769 [DEBUG] cnn_neat: Added edge 12→7 (from 40 candidates)
2026-08-14 23:52:55,773 [DEBUG] cnn_neat: Added edge 0→6 (from 36 candidates)
2026-08-14 23:52:55,777 [DEBUG] cnn_neat: Added edge 8→11 (from 30 candidates)
2026-08-14 23:52:55,780 [DEBUG] cnn_neat: Added edge 8→6 (from 28 candidates)
2026-08-14 23:52:55,784 [DEBUG] cnn_neat: Added edge 10→1 (from 24 candidates)
2026-08-14 23:52:55,788 [DEBUG] cnn_neat: Added edge 5→9 (from 23 candidates)
2026-08-14 23:52:55,791 [DEBUG] cnn_neat: Split edge 2→1, new hidden node 12 (pool=17)
2026-08-14 23:52:55,794 [DEBUG] cnn_neat: Added edge 10→3 (from 34 candidates)
2026-08-14 23:52:55,800 [DEBUG] cnn_neat: Removed hidden node 9 (pool=8)
2026-08-14 23:52:55,804 [DEBUG] cnn_neat: Removed edge 2→3 (from 16 candidates)
2026-08-14 23:52:55,810 [DEBUG] cnn_neat: Removed 3 edges (requested 3)
2026-08-14 23:52:55,888 [DEBUG] cnn_neat: Split edge 2→1, new hidden node 11 (pool=11)
2026-08-14 23:52:55,972 [DEBUG] cnn_neat: Added edge 0→10 (from 19 candidates)
2026-08-14 23:52:56,053 [DEBUG] cnn_neat: Removed hidden node 7 (pool=5)
2026-08-14 23:52:56,060 [DEBUG] cnn_neat: Removed edge 0→6 (from 10 candidates)
2026-08-14 23:52:56,074 [DEBUG] cnn_neat: Removed 3 edges (requested 3)
2026-08-14 23:52:56,083 [DEBUG] cnn_neat: Split edge 7→2, new hidden node 12 (pool=12)
2026-08-14 23:52:56,093 [DEBUG] cnn_neat: Split edge 6→2, new hidden node 11 (pool=12)
2026-08-14 23:52:56,099 [DEBUG] cnn_neat: Split edge 0→5, new hidden node 11 (pool=8)
2026-08-14 23:52:56,113 [DEBUG] cnn_neat: Split edge 6→2, new hidden node 11 (pool=15)
2026-08-14 23:52:56,123 [DEBUG] cnn_neat: Added edge 0→7 (from 35 candidates)
2026-08-14 23:52:56,137 [DEBUG] cnn_neat: Removed hidden node 10 (pool=7)
2026-08-14 23:52:56,146 [DEBUG] cnn_neat: Removed edge 6→3 (from 14 candidates)
2026-08-14 23:52:56,161 [DEBUG] cnn_neat: Removed 3 edges (requested 3)
2026-08-14 23:52:56,171 [DEBUG] cnn_neat: Split edge 7→2, new hidden node 12 (pool=16)
2026-08-14 23:52:56,529 [DEBUG] cnn_neat: Split edge 6→7, new hidden node 11 (pool=10)
2026-08-14 23:52:56,569 [DEBUG] cnn_neat: Split edge 9→6, new hidden node 11 (pool=10)
2026-08-14 23:52:56,594 [DEBUG] cnn_neat: Added edge 10→6 (from 17 candidates)
2026-08-14 23:52:56,626 [DEBUG] cnn_neat: Removed hidden node 6 (pool=5)
2026-08-14 23:52:56,639 [DEBUG] cnn_neat: Removed edge 6→7 (from 9 candidates)
2026-08-14 23:52:56,663 [DEBUG] cnn_neat: Removed 3 edges (requested 3)
2026-08-14 23:52:56,727 [DEBUG] cnn_neat: Split edge 5→10, new hidden node 11 (pool=11)
2026-08-14 23:52:56,732 [DEBUG] cnn_neat: Split edge 5→6, new hidden node 11 (pool=9)
2026-08-14 23:52:56,737 [DEBUG] cnn_neat: Split edge 0→5, new hidden node 11 (pool=7)
2026-08-14 23:52:56,756 [DEBUG] cnn_neat: Split edge 2→1, new hidden node 12 (pool=16)
2026-08-14 23:52:56,774 [DEBUG] cnn_neat: Added edge 9→10 (from 39 candidates)
2026-08-14 23:52:56,783 [DEBUG] cnn_neat: Removed hidden node 7 (pool=8)
2026-08-14 23:52:56,788 [DEBUG] cnn_neat: Removed edge 6→3 (from 15 candidates)
2026-08-14 23:52:56,797 [DEBUG] cnn_neat: Removed 3 edges (requested 3)
2026-08-14 23:52:56,802 [DEBUG] cnn_neat: Split edge 5→10, new hidden node 13 (pool=17)
2026-08-14 23:52:56,807 [DEBUG] cnn_neat: Split edge 2→1, new hidden node 12 (pool=17)
2026-08-14 23:52:56,817 [DEBUG] cnn_neat: Split edge 7→3, new hidden node 12 (pool=15)
2026-08-14 23:52:56,823 [DEBUG] cnn_neat: Added edge 11→5 (from 41 candidates)
2026-08-14 23:52:56,832 [DEBUG] cnn_neat: Removed hidden node 11 (pool=8)
2026-08-14 23:52:56,837 [DEBUG] cnn_neat: Removed edge 7→2 (from 14 candidates)
2026-08-14 23:52:56,849 [DEBUG] cnn_neat: Removed 3 edges (requested 3)
2026-08-14 23:52:56,854 [DEBUG] cnn_neat: Split edge 5→3, new hidden node 13 (pool=14)
2026-08-14 23:52:56,860 [DEBUG] cnn_neat: Split edge 0→5, new hidden node 12 (pool=15)
2026-08-14 23:52:56,865 [DEBUG] cnn_neat: Split edge 10→7, new hidden node 12 (pool=9)
2026-08-14 23:52:56,875 [DEBUG] cnn_neat: Split edge 5→6, new hidden node 11 (pool=16)
2026-08-14 23:52:56,881 [DEBUG] cnn_neat: Added edge 3→1 (from 32 candidates)
2026-08-14 23:52:56,888 [DEBUG] cnn_neat: Removed hidden node 6 (pool=7)
2026-08-14 23:52:56,894 [DEBUG] cnn_neat: Removed edge 5→6 (from 15 candidates)
2026-08-14 23:52:56,905 [DEBUG] cnn_neat: Removed 3 edges (requested 3)
2026-08-14 23:52:56,912 [DEBUG] cnn_neat: Split edge 8→3, new hidden node 12 (pool=16)
2026-08-14 23:52:56,915 [DEBUG] cnn_neat: Split edge 2→1, new hidden node 11 (pool=10)
2026-08-14 23:52:56,920 [DEBUG] cnn_neat: Split edge 7→3, new hidden node 11 (pool=13)
2026-08-14 23:52:56,928 [DEBUG] cnn_neat: Split edge 5→3, new hidden node 13 (pool=15)
2026-08-14 23:52:56,934 [DEBUG] cnn_neat: Added edge 11→6 (from 43 candidates)
2026-08-14 23:52:56,943 [DEBUG] cnn_neat: Removed hidden node 5 (pool=9)
2026-08-14 23:52:56,948 [DEBUG] cnn_neat: Removed edge 0→5 (from 16 candidates)
2026-08-14 23:52:56,958 [DEBUG] cnn_neat: Removed 3 edges (requested 3)
2026-08-14 23:52:56,964 [DEBUG] cnn_neat: Split edge 8→3, new hidden node 14 (pool=16)
2026-08-14 23:52:56,970 [DEBUG] cnn_neat: Split edge 5→10, new hidden node 13 (pool=14)
2026-08-14 23:52:56,980 [DEBUG] cnn_neat: Split edge 0→5, new hidden node 12 (pool=14)
2026-08-14 23:52:56,987 [DEBUG] cnn_neat: Added edge 10→11 (from 42 candidates)
2026-08-14 23:52:56,996 [DEBUG] cnn_neat: Removed hidden node 11 (pool=8)
2026-08-14 23:52:57,001 [DEBUG] cnn_neat: Removed edge 0→11 (from 13 candidates)
2026-08-14 23:52:57,011 [DEBUG] cnn_neat: Removed 3 edges (requested 3)
2026-08-14 23:52:57,017 [DEBUG] cnn_neat: Split edge 6→7, new hidden node 13 (pool=15)
2026-08-14 23:52:57,027 [DEBUG] cnn_neat: Split edge 9→6, new hidden node 12 (pool=15)
2026-08-14 23:52:57,035 [DEBUG] cnn_neat: Added edge 0→10 (from 40 candidates)
2026-08-14 23:52:57,045 [DEBUG] cnn_neat: Removed hidden node 3 (pool=8)
2026-08-14 23:52:57,052 [DEBUG] cnn_neat: Removed edge 5→3 (from 14 candidates)
2026-08-14 23:52:57,064 [DEBUG] cnn_neat: Removed 3 edges (requested 3)
2026-08-14 23:52:57,071 [DEBUG] cnn_neat: Split edge 8→3, new hidden node 13 (pool=16)
2026-08-14 23:52:57,078 [DEBUG] cnn_neat: Split edge 0→10, new hidden node 12 (pool=14)
2026-08-14 23:52:57,154 [DEBUG] cnn_neat: Split edge 8→3, new hidden node 12 (pool=16)
2026-08-14 23:52:57,168 [DEBUG] cnn_neat: Added edge 0→9 (from 37 candidates)
2026-08-14 23:52:57,189 [DEBUG] cnn_neat: Removed hidden node 9 (pool=8)
2026-08-14 23:52:57,194 [DEBUG] cnn_neat: Removed edge 7→3 (from 15 candidates)
2026-08-14 23:52:57,215 [DEBUG] cnn_neat: Removed 3 edges (requested 3)
2026-08-14 23:52:57,225 [DEBUG] cnn_neat: Split edge 7→2, new hidden node 13 (pool=13)
2026-08-14 23:52:57,232 [DEBUG] cnn_neat: Split edge 8→3, new hidden node 12 (pool=17)
2026-08-14 23:52:57,253 [DEBUG] cnn_neat: Split edge 6→3, new hidden node 13 (pool=14)
2026-08-14 23:52:57,266 [DEBUG] cnn_neat: Added edge 11→10 (from 54 candidates)
2026-08-14 23:52:57,283 [DEBUG] cnn_neat: Removed hidden node 10 (pool=9)
2026-08-14 23:52:57,293 [DEBUG] cnn_neat: Removed edge 6→3 (from 11 candidates)
2026-08-14 23:52:57,528 [DEBUG] cnn_neat: Removed 3 edges (requested 3)
2026-08-14 23:52:57,537 [DEBUG] cnn_neat: Split edge 6→13, new hidden node 14 (pool=15)
2026-08-14 23:52:57,543 [DEBUG] cnn_neat: Split edge 5→3, new hidden node 13 (pool=12)
2026-08-14 23:52:57,551 [DEBUG] cnn_neat: Split edge 0→5, new hidden node 13 (pool=11)
2026-08-14 23:52:57,567 [DEBUG] cnn_neat: Split edge 6→7, new hidden node 12 (pool=16)
2026-08-14 23:52:57,575 [DEBUG] cnn_neat: Added edge 8→9 (from 44 candidates)
2026-08-14 23:52:57,591 [DEBUG] cnn_neat: Removed hidden node 8 (pool=8)
2026-08-14 23:52:57,604 [DEBUG] cnn_neat: Removed edge 5→10 (from 16 candidates)
2026-08-14 23:52:57,622 [DEBUG] cnn_neat: Removed 3 edges (requested 3)
2026-08-14 23:52:57,635 [DEBUG] cnn_neat: Split edge 6→11, new hidden node 13 (pool=15)
2026-08-14 23:52:57,654 [DEBUG] cnn_neat: Split edge 9→6, new hidden node 14 (pool=14)
2026-08-14 23:52:57,875 [DEBUG] cnn_neat: Added edge 6→12 (from 52 candidates)
2026-08-14 23:52:57,894 [DEBUG] cnn_neat: Removed hidden node 10 (pool=10)
2026-08-14 23:52:57,905 [DEBUG] cnn_neat: Removed edge 13→3 (from 12 candidates)
2026-08-14 23:52:57,924 [DEBUG] cnn_neat: Removed 3 edges (requested 3)
2026-08-14 23:52:57,935 [DEBUG] cnn_neat: Split edge 0→11, new hidden node 14 (pool=17)
2026-08-14 23:52:57,943 [DEBUG] cnn_neat: Split edge 6→3, new hidden node 14 (pool=12)
2026-08-14 23:52:57,958 [DEBUG] cnn_neat: Split edge 6→2, new hidden node 12 (pool=14)
2026-08-14 23:52:57,965 [DEBUG] cnn_neat: Added edge 2→3 (from 48 candidates)
2026-08-14 23:52:57,976 [DEBUG] cnn_neat: Removed hidden node 3 (pool=8)
2026-08-14 23:52:57,985 [DEBUG] cnn_neat: Removed edge 7→2 (from 13 candidates)
2026-08-14 23:52:57,996 [DEBUG] cnn_neat: Removed 3 edges (requested 3)
2026-08-14 23:52:58,004 [DEBUG] cnn_neat: Split edge 11→9, new hidden node 13 (pool=15)
2026-08-14 23:52:58,006 [DEBUG] cnn_neat: Split edge 2→1, new hidden node 12 (pool=13)
2026-08-14 23:52:58,008 [DEBUG] cnn_neat: Split edge 10→7, new hidden node 12 (pool=8)
2026-08-14 23:52:58,013 [DEBUG] cnn_neat: Split edge 5→10, new hidden node 12 (pool=15)
2026-08-14 23:52:58,023 [DEBUG] cnn_neat: Added edge 0→8 (from 40 candidates)
2026-08-14 23:52:58,037 [DEBUG] cnn_neat: Removed hidden node 6 (pool=8)
2026-08-14 23:52:58,048 [DEBUG] cnn_neat: Removed edge 7→2 (from 14 candidates)
2026-08-14 23:52:58,281 [DEBUG] cnn_neat: Removed 3 edges (requested 3)
2026-08-14 23:52:58,289 [DEBUG] cnn_neat: Split edge 2→1, new hidden node 13 (pool=16)
2026-08-14 23:52:58,308 [DEBUG] cnn_neat: Split edge 2→1, new hidden node 13 (pool=16)
2026-08-14 23:52:58,319 [DEBUG] cnn_neat: Added edge 12→10 (from 55 candidates)
2026-08-14 23:52:58,337 [DEBUG] cnn_neat: Removed hidden node 12 (pool=9)
2026-08-14 23:52:58,348 [DEBUG] cnn_neat: Removed edge 10→7 (from 14 candidates)
2026-08-14 23:52:58,370 [DEBUG] cnn_neat: Removed 3 edges (requested 3)
2026-08-14 23:52:58,382 [DEBUG] cnn_neat: Split edge 0→11, new hidden node 14 (pool=17)
2026-08-14 23:52:58,391 [DEBUG] cnn_neat: Split edge 8→3, new hidden node 13 (pool=17)
2026-08-14 23:52:58,409 [DEBUG] cnn_neat: Split edge 7→3, new hidden node 12 (pool=13)
2026-08-14 23:52:58,424 [DEBUG] cnn_neat: Added edge 10→11 (from 38 candidates)
2026-08-14 23:52:58,650 [DEBUG] cnn_neat: Removed hidden node 10 (pool=8)
2026-08-14 23:52:58,663 [DEBUG] cnn_neat: Removed edge 0→5 (from 15 candidates)
2026-08-14 23:52:58,676 [DEBUG] cnn_neat: Removed 3 edges (requested 3)
2026-08-14 23:52:58,685 [DEBUG] cnn_neat: Split edge 8→3, new hidden node 13 (pool=12)
2026-08-14 23:52:58,696 [DEBUG] cnn_neat: Split edge 5→3, new hidden node 13 (pool=15)
2026-08-14 23:52:58,702 [DEBUG] cnn_neat: Added edge 6→10 (from 48 candidates)
2026-08-14 23:52:58,721 [DEBUG] cnn_neat: Removed hidden node 9 (pool=9)
2026-08-14 23:52:58,767 [DEBUG] cnn_neat: Removed edge 5→6 (from 12 candidates)
2026-08-14 23:52:58,783 [DEBUG] cnn_neat: Removed 3 edges (requested 3)
2026-08-14 23:52:59,053 [DEBUG] cnn_neat: Split edge 0→5, new hidden node 14 (pool=16)
2026-08-14 23:52:59,061 [DEBUG] cnn_neat: Split edge 7→2, new hidden node 12 (pool=15)
2026-08-14 23:52:59,067 [DEBUG] cnn_neat: Added edge 0→10 (from 36 candidates)
2026-08-14 23:52:59,075 [DEBUG] cnn_neat: Removed hidden node 10 (pool=8)
2026-08-14 23:52:59,080 [DEBUG] cnn_neat: Removed edge 5→10 (from 16 candidates)
2026-08-14 23:52:59,088 [DEBUG] cnn_neat: Removed 3 edges (requested 3)
2026-08-14 23:52:59,094 [DEBUG] cnn_neat: Split edge 8→3, new hidden node 13 (pool=14)
2026-08-14 23:52:59,100 [DEBUG] cnn_neat: Split edge 0→9, new hidden node 12 (pool=17)
2026-08-14 23:52:59,109 [DEBUG] cnn_neat: Split edge 6→7, new hidden node 12 (pool=17)
2026-08-14 23:52:59,115 [DEBUG] cnn_neat: Added edge 10→3 (from 34 candidates)
2026-08-14 23:52:59,126 [DEBUG] cnn_neat: Removed hidden node 8 (pool=8)
2026-08-14 23:52:59,130 [DEBUG] cnn_neat: Removed edge 5→3 (from 16 candidates)
2026-08-14 23:52:59,139 [DEBUG] cnn_neat: Removed 3 edges (requested 3)
2026-08-14 23:52:59,145 [DEBUG] cnn_neat: Split edge 12→7, new hidden node 13 (pool=18)
2026-08-14 23:52:59,150 [DEBUG] cnn_neat: Split edge 0→11, new hidden node 12 (pool=15)
2026-08-14 23:52:59,159 [DEBUG] cnn_neat: Split edge 9→6, new hidden node 14 (pool=15)
2026-08-14 23:52:59,165 [DEBUG] cnn_neat: Added edge 8→11 (from 61 candidates)
2026-08-14 23:52:59,174 [DEBUG] cnn_neat: Removed hidden node 7 (pool=10)
2026-08-14 23:52:59,179 [DEBUG] cnn_neat: Removed edge 7→2 (from 15 candidates)
2026-08-14 23:52:59,190 [DEBUG] cnn_neat: Removed 3 edges (requested 3)
2026-08-14 23:52:59,196 [DEBUG] cnn_neat: Split edge 9→14, new hidden node 15 (pool=10)
2026-08-14 23:52:59,206 [DEBUG] cnn_neat: Split edge 5→6, new hidden node 13 (pool=13)
2026-08-14 23:52:59,212 [DEBUG] cnn_neat: Added edge 8→12 (from 48 candidates)
2026-08-14 23:52:59,222 [DEBUG] cnn_neat: Removed hidden node 3 (pool=9)
2026-08-14 23:52:59,227 [DEBUG] cnn_neat: Removed edge 6→2 (from 15 candidates)
2026-08-14 23:52:59,237 [DEBUG] cnn_neat: Removed 3 edges (requested 3)
2026-08-14 23:52:59,244 [DEBUG] cnn_neat: Split edge 0→12, new hidden node 14 (pool=17)
2026-08-14 23:52:59,254 [DEBUG] cnn_neat: Split edge 7→3, new hidden node 13 (pool=17)
2026-08-14 23:52:59,261 [DEBUG] cnn_neat: Added edge 3→1 (from 54 candidates)
2026-08-14 23:52:59,270 [DEBUG] cnn_neat: Removed hidden node 6 (pool=9)
2026-08-14 23:52:59,275 [DEBUG] cnn_neat: Removed edge 6→2 (from 14 candidates)
2026-08-14 23:52:59,284 [DEBUG] cnn_neat: Removed 3 edges (requested 3)
2026-08-14 23:52:59,289 [DEBUG] cnn_neat: Split edge 8→3, new hidden node 14 (pool=16)
2026-08-14 23:52:59,298 [DEBUG] cnn_neat: Split edge 2→1, new hidden node 14 (pool=16)
2026-08-14 23:52:59,301 [DEBUG] cnn_neat: Saved generation 17
2026-08-14 23:52:59,381 [DEBUG] cnn_neat: Selected 25 elite individuals
2026-08-14 23:52:59,391 [DEBUG] cnn_neat: Added edge 9→2 (from 57 candidates)
2026-08-14 23:52:59,481 [DEBUG] cnn_neat: Removed hidden node 8 (pool=10)
2026-08-14 23:52:59,505 [DEBUG] cnn_neat: Removed edge 7→3 (from 17 candidates)
2026-08-14 23:52:59,528 [DEBUG] cnn_neat: Removed 3 edges (requested 3)
2026-08-14 23:52:59,541 [DEBUG] cnn_neat: Split edge 10→7, new hidden node 15 (pool=19)
2026-08-14 23:52:59,567 [DEBUG] cnn_neat: Split edge 2→3, new hidden node 13 (pool=14)
2026-08-14 23:52:59,576 [DEBUG] cnn_neat: Added edge 8→2 (from 51 candidates)
2026-08-14 23:52:59,593 [DEBUG] cnn_neat: Removed hidden node 8 (pool=9)
2026-08-14 23:52:59,600 [DEBUG] cnn_neat: Removed edge 0→5 (from 16 candidates)
2026-08-14 23:52:59,614 [DEBUG] cnn_neat: Removed 3 edges (requested 3)
2026-08-14 23:52:59,625 [DEBUG] cnn_neat: Split edge 5→6, new hidden node 14 (pool=13)
2026-08-14 23:52:59,638 [DEBUG] cnn_neat: Split edge 10→7, new hidden node 12 (pool=17)
2026-08-14 23:52:59,647 [DEBUG] cnn_neat: Trimmed elite queue to 128 entries
2026-08-14 23:53:00,077 [DEBUG] cnn_neat: Added edge 10→8 (from 39 candidates)
2026-08-14 23:53:00,091 [DEBUG] cnn_neat: Split edge 6→7, new hidden node 13 (pool=13)
2026-08-14 23:53:00,096 [DEBUG] cnn_neat: Added edge 6→1 (from 52 candidates)
2026-08-14 23:53:00,102 [DEBUG] cnn_neat: Removed hidden node 5 (pool=9)
2026-08-14 23:53:00,105 [DEBUG] cnn_neat: Removed edge 10→7 (from 14 candidates)
2026-08-14 23:53:00,111 [DEBUG] cnn_neat: Removed 3 edges (requested 3)
2026-08-14 23:53:00,115 [DEBUG] cnn_neat: Crossover rejected: union topology invalid (edges=32 nodes=21)
2026-08-14 23:53:00,119 [DEBUG] cnn_neat: Split edge 6→3, new hidden node 13 (pool=13)
2026-08-14 23:53:00,123 [DEBUG] cnn_neat: Added edge 8→7 (from 52 candidates)
2026-08-14 23:53:00,127 [DEBUG] cnn_neat: Added edge 2→3 (from 48 candidates)
2026-08-14 23:53:00,130 [DEBUG] cnn_neat: Added edge 11→5 (from 46 candidates)
2026-08-14 23:53:00,134 [DEBUG] cnn_neat: Added edge 8→12 (from 44 candidates)
2026-08-14 23:53:00,138 [DEBUG] cnn_neat: Added edge 7→12 (from 42 candidates)
2026-08-14 23:53:00,143 [DEBUG] cnn_neat: Split edge 6→7, new hidden node 14 (pool=12)
2026-08-14 23:53:00,147 [DEBUG] cnn_neat: Added edge 2→13 (from 57 candidates)
2026-08-14 23:53:00,152 [DEBUG] cnn_neat: Removed hidden node 6 (pool=10)
2026-08-14 23:53:00,156 [DEBUG] cnn_neat: Removed edge 9→6 (from 14 candidates)
2026-08-14 23:53:00,163 [DEBUG] cnn_neat: Removed 3 edges (requested 3)
2026-08-14 23:53:00,167 [DEBUG] cnn_neat: Crossover rejected: union topology invalid (edges=33 nodes=22)
2026-08-14 23:53:00,170 [DEBUG] cnn_neat: Split edge 6→3, new hidden node 14 (pool=12)
2026-08-14 23:53:00,174 [DEBUG] cnn_neat: Added edge 2→8 (from 57 candidates)
2026-08-14 23:53:00,179 [DEBUG] cnn_neat: Added edge 6→13 (from 52 candidates)
2026-08-14 23:53:00,183 [DEBUG] cnn_neat: Added edge 7→8 (from 52 candidates)
2026-08-14 23:53:00,188 [DEBUG] cnn_neat: Added edge 12→6 (from 51 candidates)
2026-08-14 23:53:00,192 [DEBUG] cnn_neat: Added edge 10→8 (from 46 candidates)
2026-08-14 23:53:00,194 [DEBUG] cnn_neat: Split edge 7→2, new hidden node 12 (pool=11)
2026-08-14 23:53:00,198 [DEBUG] cnn_neat: Added edge 9→2 (from 26 candidates)
2026-08-14 23:53:00,204 [DEBUG] cnn_neat: Removed hidden node 5 (pool=6)
2026-08-14 23:53:00,206 [DEBUG] cnn_neat: Removed edge 10→7 (from 10 candidates)
2026-08-14 23:53:00,211 [DEBUG] cnn_neat: Removed 3 edges (requested 3)
2026-08-14 23:53:00,215 [DEBUG] cnn_neat: Crossover rejected: union topology invalid (edges=24 nodes=17)
2026-08-14 23:53:00,218 [DEBUG] cnn_neat: Split edge 5→10, new hidden node 12 (pool=11)
2026-08-14 23:53:00,221 [DEBUG] cnn_neat: Added edge 5→9 (from 26 candidates)
2026-08-14 23:53:00,225 [DEBUG] cnn_neat: Added edge 11→1 (from 23 candidates)
2026-08-14 23:53:00,229 [DEBUG] cnn_neat: Added edge 5→7 (from 21 candidates)
2026-08-14 23:53:00,233 [DEBUG] cnn_neat: Added edge 0→10 (from 19 candidates)
2026-08-14 23:53:00,236 [DEBUG] cnn_neat: Added edge 5→2 (from 19 candidates)
2026-08-14 23:53:00,239 [DEBUG] cnn_neat: Split edge 0→5, new hidden node 12 (pool=13)
2026-08-14 23:53:00,243 [DEBUG] cnn_neat: Added edge 9→5 (from 28 candidates)
2026-08-14 23:53:00,249 [DEBUG] cnn_neat: Removed hidden node 11 (pool=7)
2026-08-14 23:53:00,252 [DEBUG] cnn_neat: Removed edge 5→6 (from 12 candidates)
2026-08-14 23:53:00,256 [DEBUG] cnn_neat: Removed 3 edges (requested 3)
2026-08-14 23:53:00,260 [DEBUG] cnn_neat: Crossover rejected: union topology invalid (edges=28 nodes=18)
2026-08-14 23:53:00,263 [DEBUG] cnn_neat: Split edge 0→11, new hidden node 12 (pool=13)
2026-08-14 23:53:00,267 [DEBUG] cnn_neat: Added edge 3→2 (from 28 candidates)
2026-08-14 23:53:00,271 [DEBUG] cnn_neat: Added edge 9→5 (from 26 candidates)
2026-08-14 23:53:00,275 [DEBUG] cnn_neat: Added edge 10→6 (from 21 candidates)
2026-08-14 23:53:00,279 [DEBUG] cnn_neat: Added edge 11→5 (from 19 candidates)
2026-08-14 23:53:00,283 [DEBUG] cnn_neat: Added edge 7→1 (from 18 candidates)
2026-08-14 23:53:00,287 [DEBUG] cnn_neat: Split edge 5→10, new hidden node 12 (pool=14)
2026-08-14 23:53:00,291 [DEBUG] cnn_neat: Added edge 9→1 (from 26 candidates)
2026-08-14 23:53:00,296 [DEBUG] cnn_neat: Removed hidden node 3 (pool=7)
2026-08-14 23:53:00,299 [DEBUG] cnn_neat: Split edge 7→2, new hidden node 12 (pool=11)
2026-08-14 23:53:00,302 [DEBUG] cnn_neat: Removed edge 0→11 (from 13 candidates)
2026-08-14 23:53:00,308 [DEBUG] cnn_neat: Removed 3 edges (requested 3)
2026-08-14 23:53:00,312 [DEBUG] cnn_neat: Crossover rejected: union topology invalid (edges=27 nodes=18)
2026-08-14 23:53:00,315 [DEBUG] cnn_neat: Split edge 2→1, new hidden node 12 (pool=14)
2026-08-14 23:53:00,318 [DEBUG] cnn_neat: Added edge 10→2 (from 26 candidates)
2026-08-14 23:53:00,321 [DEBUG] cnn_neat: Added edge 3→1 (from 24 candidates)
2026-08-14 23:53:00,325 [DEBUG] cnn_neat: Added edge 9→3 (from 22 candidates)
2026-08-14 23:53:00,330 [DEBUG] cnn_neat: Added edge 5→9 (from 21 candidates)
2026-08-14 23:53:00,335 [DEBUG] cnn_neat: Added edge 10→3 (from 19 candidates)
2026-08-14 23:53:00,338 [DEBUG] cnn_neat: Split edge 11→9, new hidden node 12 (pool=14)
2026-08-14 23:53:00,342 [DEBUG] cnn_neat: Added edge 10→9 (from 26 candidates)
2026-08-14 23:53:00,347 [DEBUG] cnn_neat: Removed hidden node 7 (pool=7)
2026-08-14 23:53:00,350 [DEBUG] cnn_neat: Removed edge 0→5 (from 13 candidates)
2026-08-14 23:53:00,355 [DEBUG] cnn_neat: Removed 3 edges (requested 3)
2026-08-14 23:53:00,359 [DEBUG] cnn_neat: Crossover rejected: union topology invalid (edges=29 nodes=19)
2026-08-14 23:53:00,362 [DEBUG] cnn_neat: Split edge 6→2, new hidden node 12 (pool=14)
2026-08-14 23:53:00,366 [DEBUG] cnn_neat: Added edge 5→11 (from 26 candidates)
2026-08-14 23:53:00,369 [DEBUG] cnn_neat: Added edge 6→10 (from 23 candidates)
2026-08-14 23:53:00,373 [DEBUG] cnn_neat: Added edge 7→1 (from 19 candidates)
2026-08-14 23:53:00,377 [DEBUG] cnn_neat: Added edge 11→10 (from 18 candidates)
2026-08-14 23:53:00,380 [DEBUG] cnn_neat: Added edge 6→1 (from 17 candidates)
2026-08-14 23:53:00,384 [DEBUG] cnn_neat: Split edge 5→3, new hidden node 11 (pool=14)
2026-08-14 23:53:00,387 [DEBUG] cnn_neat: Added edge 9→7 (from 31 candidates)
2026-08-14 23:53:00,393 [DEBUG] cnn_neat: Removed hidden node 3 (pool=6)
2026-08-14 23:53:00,396 [DEBUG] cnn_neat: Removed edge 2→3 (from 12 candidates)
2026-08-14 23:53:00,401 [DEBUG] cnn_neat: Removed 3 edges (requested 3)
2026-08-14 23:53:00,405 [DEBUG] cnn_neat: Crossover rejected: union topology invalid (edges=30 nodes=20)
2026-08-14 23:53:00,408 [DEBUG] cnn_neat: Split edge 8→3, new hidden node 11 (pool=14)
2026-08-14 23:53:00,411 [DEBUG] cnn_neat: Added edge 8→6 (from 31 candidates)
2026-08-14 23:53:00,414 [DEBUG] cnn_neat: Added edge 8→5 (from 27 candidates)
2026-08-14 23:53:00,417 [DEBUG] cnn_neat: Added edge 7→1 (from 24 candidates)
2026-08-14 23:53:00,421 [DEBUG] cnn_neat: Added edge 6→10 (from 23 candidates)
2026-08-14 23:53:00,424 [DEBUG] cnn_neat: Added edge 0→9 (from 20 candidates)
2026-08-14 23:53:00,427 [DEBUG] cnn_neat: Split edge 5→3, new hidden node 12 (pool=15)
2026-08-14 23:53:00,511 [DEBUG] cnn_neat: Split edge 6→2, new hidden node 11 (pool=11)
2026-08-14 23:53:00,626 [DEBUG] cnn_neat: Added edge 7→1 (from 19 candidates)
2026-08-14 23:53:00,686 [DEBUG] cnn_neat: Removed hidden node 7 (pool=5)
2026-08-14 23:53:00,693 [DEBUG] cnn_neat: Removed edge 9→6 (from 10 candidates)
2026-08-14 23:53:00,704 [DEBUG] cnn_neat: Removed 3 edges (requested 3)
2026-08-14 23:53:00,713 [DEBUG] cnn_neat: Split edge 2→1, new hidden node 12 (pool=12)
2026-08-14 23:53:00,723 [DEBUG] cnn_neat: Split edge 5→6, new hidden node 11 (pool=12)
2026-08-14 23:53:00,737 [DEBUG] cnn_neat: Split edge 10→7, new hidden node 13 (pool=13)
2026-08-14 23:53:00,746 [DEBUG] cnn_neat: Added edge 12→8 (from 52 candidates)
2026-08-14 23:53:00,762 [DEBUG] cnn_neat: Removed hidden node 11 (pool=9)
2026-08-14 23:53:00,771 [DEBUG] cnn_neat: Removed edge 5→6 (from 14 candidates)
2026-08-14 23:53:00,786 [DEBUG] cnn_neat: Removed 3 edges (requested 3)
2026-08-14 23:53:00,795 [DEBUG] cnn_neat: Split edge 7→3, new hidden node 14 (pool=14)
2026-08-14 23:53:00,811 [DEBUG] cnn_neat: Split edge 7→2, new hidden node 14 (pool=12)
2026-08-14 23:53:00,821 [DEBUG] cnn_neat: Added edge 13→2 (from 57 candidates)
2026-08-14 23:53:01,192 [DEBUG] cnn_neat: Removed hidden node 9 (pool=10)
2026-08-14 23:53:01,224 [DEBUG] cnn_neat: Split edge 7→3, new hidden node 11 (pool=15)
2026-08-14 23:53:01,250 [DEBUG] cnn_neat: Added edge 10→1 (from 35 candidates)
2026-08-14 23:53:01,290 [DEBUG] cnn_neat: Removed hidden node 6 (pool=7)
2026-08-14 23:53:01,304 [DEBUG] cnn_neat: Removed edge 0→5 (from 14 candidates)
2026-08-14 23:53:01,331 [DEBUG] cnn_neat: Removed 3 edges (requested 3)
2026-08-14 23:53:01,387 [DEBUG] cnn_neat: Split edge 0→5, new hidden node 11 (pool=11)
2026-08-14 23:53:01,409 [DEBUG] cnn_neat: Split edge 6→2, new hidden node 11 (pool=9)
2026-08-14 23:53:01,415 [DEBUG] cnn_neat: Split edge 10→7, new hidden node 11 (pool=12)
2026-08-14 23:53:01,435 [DEBUG] cnn_neat: Split edge 5→10, new hidden node 11 (pool=10)
2026-08-14 23:53:01,446 [DEBUG] cnn_neat: Added edge 7→1 (from 17 candidates)
2026-08-14 23:53:01,466 [DEBUG] cnn_neat: Removed hidden node 9 (pool=5)
2026-08-14 23:53:01,470 [DEBUG] cnn_neat: Removed edge 5→10 (from 9 candidates)
2026-08-14 23:53:01,478 [DEBUG] cnn_neat: Removed 3 edges (requested 3)
2026-08-14 23:53:01,483 [DEBUG] cnn_neat: Split edge 10→7, new hidden node 12 (pool=11)
2026-08-14 23:53:01,488 [DEBUG] cnn_neat: Split edge 6→2, new hidden node 11 (pool=8)
2026-08-14 23:53:01,492 [DEBUG] cnn_neat: Split edge 9→6, new hidden node 11 (pool=9)
2026-08-14 23:53:01,501 [DEBUG] cnn_neat: Split edge 8→3, new hidden node 12 (pool=16)
2026-08-14 23:53:01,507 [DEBUG] cnn_neat: Added edge 8→1 (from 39 candidates)
2026-08-14 23:53:01,517 [DEBUG] cnn_neat: Removed hidden node 11 (pool=8)
2026-08-14 23:53:01,521 [DEBUG] cnn_neat: Removed edge 0→11 (from 15 candidates)
2026-08-14 23:53:01,530 [DEBUG] cnn_neat: Removed 3 edges (requested 3)
2026-08-14 23:53:01,536 [DEBUG] cnn_neat: Split edge 9→6, new hidden node 12 (pool=17)
2026-08-14 23:53:01,542 [DEBUG] cnn_neat: Split edge 10→7, new hidden node 12 (pool=12)
2026-08-14 23:53:01,546 [DEBUG] cnn_neat: Split edge 7→2, new hidden node 12 (pool=11)
2026-08-14 23:53:01,555 [DEBUG] cnn_neat: Split edge 10→7, new hidden node 12 (pool=15)
2026-08-14 23:53:01,562 [DEBUG] cnn_neat: Added edge 9→5 (from 41 candidates)
2026-08-14 23:53:01,572 [DEBUG] cnn_neat: Removed hidden node 3 (pool=8)
2026-08-14 23:53:01,577 [DEBUG] cnn_neat: Removed edge 0→11 (from 14 candidates)
2026-08-14 23:53:01,588 [DEBUG] cnn_neat: Removed 3 edges (requested 3)
2026-08-14 23:53:01,594 [DEBUG] cnn_neat: Split edge 0→11, new hidden node 13 (pool=16)
2026-08-14 23:53:01,602 [DEBUG] cnn_neat: Split edge 6→2, new hidden node 12 (pool=16)
2026-08-14 23:53:01,612 [DEBUG] cnn_neat: Split edge 0→9, new hidden node 11 (pool=16)
2026-08-14 23:53:01,618 [DEBUG] cnn_neat: Added edge 6→1 (from 32 candidates)
2026-08-14 23:53:01,627 [DEBUG] cnn_neat: Removed hidden node 3 (pool=7)
2026-08-14 23:53:01,634 [DEBUG] cnn_neat: Removed edge 5→3 (from 15 candidates)
2026-08-14 23:53:01,645 [DEBUG] cnn_neat: Removed 3 edges (requested 3)
2026-08-14 23:53:01,653 [DEBUG] cnn_neat: Split edge 8→3, new hidden node 12 (pool=17)
2026-08-14 23:53:01,659 [DEBUG] cnn_neat: Split edge 5→6, new hidden node 11 (pool=12)
2026-08-14 23:53:01,671 [DEBUG] cnn_neat: Split edge 7→2, new hidden node 13 (pool=15)
2026-08-14 23:53:01,678 [DEBUG] cnn_neat: Added edge 8→5 (from 43 candidates)
2026-08-14 23:53:01,688 [DEBUG] cnn_neat: Removed hidden node 9 (pool=9)
2026-08-14 23:53:01,693 [DEBUG] cnn_neat: Removed edge 10→7 (from 16 candidates)
2026-08-14 23:53:01,704 [DEBUG] cnn_neat: Removed 3 edges (requested 3)
2026-08-14 23:53:01,712 [DEBUG] cnn_neat: Split edge 6→2, new hidden node 14 (pool=14)
2026-08-14 23:53:01,722 [DEBUG] cnn_neat: Split edge 7→2, new hidden node 12 (pool=14)
2026-08-14 23:53:01,729 [DEBUG] cnn_neat: Added edge 9→5 (from 42 candidates)
2026-08-14 23:53:01,740 [DEBUG] cnn_neat: Removed hidden node 8 (pool=8)
2026-08-14 23:53:01,745 [DEBUG] cnn_neat: Removed edge 0→11 (from 13 candidates)
2026-08-14 23:53:01,755 [DEBUG] cnn_neat: Removed 3 edges (requested 3)
2026-08-14 23:53:01,761 [DEBUG] cnn_neat: Split edge 5→10, new hidden node 12 (pool=15)
2026-08-14 23:53:01,766 [DEBUG] cnn_neat: Split edge 5→6, new hidden node 11 (pool=11)
2026-08-14 23:53:01,773 [DEBUG] cnn_neat: Added edge 8→9 (from 37 candidates)
2026-08-14 23:53:01,778 [DEBUG] cnn_neat: Added edge 7→8 (from 45 candidates)
2026-08-14 23:53:01,857 [DEBUG] cnn_neat: Split edge 0→11, new hidden node 12 (pool=15)
2026-08-14 23:53:01,871 [DEBUG] cnn_neat: Added edge 9→10 (from 40 candidates)
2026-08-14 23:53:01,890 [DEBUG] cnn_neat: Removed hidden node 6 (pool=8)
2026-08-14 23:53:01,896 [DEBUG] cnn_neat: Removed edge 5→6 (from 14 candidates)
2026-08-14 23:53:01,911 [DEBUG] cnn_neat: Removed 3 edges (requested 3)
2026-08-14 23:53:01,922 [DEBUG] cnn_neat: Split edge 6→7, new hidden node 13 (pool=16)
2026-08-14 23:53:01,937 [DEBUG] cnn_neat: Split edge 5→3, new hidden node 12 (pool=16)
2026-08-14 23:53:01,952 [DEBUG] cnn_neat: Added edge 7→8 (from 37 candidates)
2026-08-14 23:53:01,974 [DEBUG] cnn_neat: Removed hidden node 7 (pool=8)
2026-08-14 23:53:01,982 [DEBUG] cnn_neat: Removed edge 0→11 (from 15 candidates)
2026-08-14 23:53:02,004 [DEBUG] cnn_neat: Removed 3 edges (requested 3)
2026-08-14 23:53:02,236 [DEBUG] cnn_neat: Split edge 7→3, new hidden node 13 (pool=9)
2026-08-14 23:53:02,247 [DEBUG] cnn_neat: Split edge 9→6, new hidden node 12 (pool=17)
2026-08-14 23:53:02,263 [DEBUG] cnn_neat: Split edge 6→7, new hidden node 13 (pool=14)
2026-08-14 23:53:02,273 [DEBUG] cnn_neat: Added edge 7→8 (from 54 candidates)
2026-08-14 23:53:02,294 [DEBUG] cnn_neat: Removed hidden node 10 (pool=9)
2026-08-14 23:53:02,305 [DEBUG] cnn_neat: Removed edge 8→3 (from 11 candidates)
2026-08-14 23:53:02,327 [DEBUG] cnn_neat: Removed 3 edges (requested 3)
2026-08-14 23:53:02,341 [DEBUG] cnn_neat: Split edge 6→2, new hidden node 14 (pool=15)
2026-08-14 23:53:02,356 [DEBUG] cnn_neat: Split edge 6→7, new hidden node 13 (pool=15)
2026-08-14 23:53:02,591 [DEBUG] cnn_neat: Split edge 2→3, new hidden node 12 (pool=16)
2026-08-14 23:53:02,601 [DEBUG] cnn_neat: Added edge 5→2 (from 44 candidates)
2026-08-14 23:53:02,621 [DEBUG] cnn_neat: Removed hidden node 10 (pool=8)
2026-08-14 23:53:02,629 [DEBUG] cnn_neat: Removed edge 5→10 (from 16 candidates)
2026-08-14 23:53:02,640 [DEBUG] cnn_neat: Removed 3 edges (requested 3)
2026-08-14 23:53:02,653 [DEBUG] cnn_neat: Split edge 9→6, new hidden node 13 (pool=15)
2026-08-14 23:53:02,666 [DEBUG] cnn_neat: Split edge 8→3, new hidden node 12 (pool=10)
2026-08-14 23:53:02,682 [DEBUG] cnn_neat: Split edge 7→2, new hidden node 14 (pool=14)
2026-08-14 23:53:02,696 [DEBUG] cnn_neat: Added edge 13→2 (from 52 candidates)
2026-08-14 23:53:02,713 [DEBUG] cnn_neat: Removed hidden node 9 (pool=10)
2026-08-14 23:53:02,721 [DEBUG] cnn_neat: Removed edge 9→6 (from 12 candidates)
2026-08-14 23:53:02,744 [DEBUG] cnn_neat: Removed 3 edges (requested 3)
2026-08-14 23:53:02,755 [DEBUG] cnn_neat: Split edge 6→3, new hidden node 15 (pool=13)
2026-08-14 23:53:02,990 [DEBUG] cnn_neat: Split edge 7→2, new hidden node 15 (pool=15)
2026-08-14 23:53:03,002 [DEBUG] cnn_neat: Added edge 11→5 (from 66 candidates)
2026-08-14 23:53:03,023 [DEBUG] cnn_neat: Removed hidden node 8 (pool=11)
2026-08-14 23:53:03,034 [DEBUG] cnn_neat: Removed edge 6→7 (from 12 candidates)
2026-08-14 23:53:03,040 [DEBUG] cnn_neat: Removed 3 edges (requested 3)
2026-08-14 23:53:03,044 [DEBUG] cnn_neat: Split edge 5→10, new hidden node 16 (pool=14)
2026-08-14 23:53:03,065 [DEBUG] cnn_neat: Split edge 0→11, new hidden node 14 (pool=13)
2026-08-14 23:53:03,076 [DEBUG] cnn_neat: Added edge 11→5 (from 51 candidates)
2026-08-14 23:53:03,100 [DEBUG] cnn_neat: Removed hidden node 12 (pool=10)
2026-08-14 23:53:03,109 [DEBUG] cnn_neat: Removed edge 7→2 (from 13 candidates)
2026-08-14 23:53:03,129 [DEBUG] cnn_neat: Removed 3 edges (requested 3)
2026-08-14 23:53:03,143 [DEBUG] cnn_neat: Split edge 10→7, new hidden node 15 (pool=16)
2026-08-14 23:53:03,159 [DEBUG] cnn_neat: Split edge 5→6, new hidden node 12 (pool=11)
2026-08-14 23:53:03,170 [DEBUG] cnn_neat: Added edge 10→11 (from 26 candidates)
2026-08-14 23:53:03,401 [DEBUG] cnn_neat: Removed hidden node 9 (pool=6)
2026-08-14 23:53:03,451 [DEBUG] cnn_neat: Removed edge 9→11 (from 10 candidates)
2026-08-14 23:53:03,467 [DEBUG] cnn_neat: Removed 3 edges (requested 3)
2026-08-14 23:53:03,473 [DEBUG] cnn_neat: Split edge 6→2, new hidden node 13 (pool=12)
2026-08-14 23:53:03,482 [DEBUG] cnn_neat: Split edge 9→6, new hidden node 12 (pool=13)
2026-08-14 23:53:03,498 [DEBUG] cnn_neat: Added edge 0→9 (from 28 candidates)
2026-08-14 23:53:03,552 [DEBUG] cnn_neat: Removed hidden node 11 (pool=7)
2026-08-14 23:53:03,615 [DEBUG] cnn_neat: Removed edge 5→3 (from 12 candidates)
2026-08-14 23:53:03,620 [DEBUG] cnn_neat: Removed 3 edges (requested 3)
2026-08-14 23:53:03,626 [DEBUG] cnn_neat: Split edge 7→2, new hidden node 13 (pool=14)
2026-08-14 23:53:03,639 [DEBUG] cnn_neat: Split edge 7→2, new hidden node 12 (pool=14)
2026-08-14 23:53:03,911 [DEBUG] cnn_neat: Split edge 11→9, new hidden node 12 (pool=14)
2026-08-14 23:53:03,918 [DEBUG] cnn_neat: Added edge 9→7 (from 26 candidates)
2026-08-14 23:53:03,927 [DEBUG] cnn_neat: Removed hidden node 7 (pool=7)
2026-08-14 23:53:03,932 [DEBUG] cnn_neat: Removed edge 10→7 (from 13 candidates)
2026-08-14 23:53:03,942 [DEBUG] cnn_neat: Removed 3 edges (requested 3)
2026-08-14 23:53:03,949 [DEBUG] cnn_neat: Split edge 9→6, new hidden node 13 (pool=15)
2026-08-14 23:53:03,959 [DEBUG] cnn_neat: Split edge 10→7, new hidden node 12 (pool=14)
2026-08-14 23:53:03,965 [DEBUG] cnn_neat: Added edge 0→10 (from 26 candidates)
2026-08-14 23:53:03,973 [DEBUG] cnn_neat: Removed hidden node 7 (pool=7)
2026-08-14 23:53:03,979 [DEBUG] cnn_neat: Removed edge 5→10 (from 13 candidates)
2026-08-14 23:53:03,988 [DEBUG] cnn_neat: Removed 3 edges (requested 3)
2026-08-14 23:53:03,994 [DEBUG] cnn_neat: Split edge 5→3, new hidden node 13 (pool=15)
2026-08-14 23:53:04,000 [DEBUG] cnn_neat: Split edge 0→10, new hidden node 12 (pool=14)
2026-08-14 23:53:04,009 [DEBUG] cnn_neat: Split edge 10→7, new hidden node 11 (pool=14)
2026-08-14 23:53:04,014 [DEBUG] cnn_neat: Added edge 9→1 (from 31 candidates)
2026-08-14 23:53:04,024 [DEBUG] cnn_neat: Removed hidden node 8 (pool=6)
2026-08-14 23:53:04,029 [DEBUG] cnn_neat: Removed edge 7→3 (from 12 candidates)
2026-08-14 23:53:04,039 [DEBUG] cnn_neat: Removed 3 edges (requested 3)
2026-08-14 23:53:04,045 [DEBUG] cnn_neat: Split edge 7→2, new hidden node 12 (pool=15)
2026-08-14 23:53:04,056 [DEBUG] cnn_neat: Split edge 10→7, new hidden node 12 (pool=15)
2026-08-14 23:53:04,062 [DEBUG] cnn_neat: Added edge 11→3 (from 39 candidates)
2026-08-14 23:53:04,071 [DEBUG] cnn_neat: Removed hidden node 7 (pool=8)
2026-08-14 23:53:04,076 [DEBUG] cnn_neat: Removed edge 9→6 (from 14 candidates)
2026-08-14 23:53:04,085 [DEBUG] cnn_neat: Removed 3 edges (requested 3)
2026-08-14 23:53:04,091 [DEBUG] cnn_neat: Split edge 7→3, new hidden node 13 (pool=16)
2026-08-14 23:53:04,100 [DEBUG] cnn_neat: Split edge 11→9, new hidden node 13 (pool=13)
2026-08-14 23:53:04,107 [DEBUG] cnn_neat: Added edge 12→5 (from 55 candidates)
2026-08-14 23:53:04,113 [DEBUG] cnn_neat: Saved generation 18
2026-08-14 23:53:04,190 [DEBUG] cnn_neat: Selected 25 elite individuals
2026-08-14 23:53:04,210 [DEBUG] cnn_neat: Removed hidden node 11 (pool=9)
2026-08-14 23:53:04,277 [DEBUG] cnn_neat: Removed edge 9→6 (from 10 candidates)
2026-08-14 23:53:04,320 [DEBUG] cnn_neat: Removed 3 edges (requested 3)
2026-08-14 23:53:04,333 [DEBUG] cnn_neat: Split edge 6→7, new hidden node 14 (pool=14)
2026-08-14 23:53:04,346 [DEBUG] cnn_neat: Split edge 7→3, new hidden node 13 (pool=13)
2026-08-14 23:53:04,369 [DEBUG] cnn_neat: Split edge 6→3, new hidden node 12 (pool=15)
2026-08-14 23:53:04,379 [DEBUG] cnn_neat: Added edge 10→6 (from 46 candidates)
2026-08-14 23:53:04,395 [DEBUG] cnn_neat: Removed hidden node 3 (pool=8)
2026-08-14 23:53:04,404 [DEBUG] cnn_neat: Removed edge 6→2 (from 14 candidates)
2026-08-14 23:53:04,417 [DEBUG] cnn_neat: Removed 3 edges (requested 3)
2026-08-14 23:53:04,426 [DEBUG] cnn_neat: Split edge 11→9, new hidden node 13 (pool=16)
2026-08-14 23:53:04,435 [DEBUG] cnn_neat: Split edge 10→6, new hidden node 12 (pool=16)
2026-08-14 23:53:04,448 [DEBUG] cnn_neat: Split edge 6→7, new hidden node 12 (pool=14)
2026-08-14 23:53:04,454 [DEBUG] cnn_neat: Trimmed elite queue to 128 entries
2026-08-14 23:53:04,917 [DEBUG] cnn_neat: Added edge 10→1 (from 44 candidates)
2026-08-14 23:53:04,920 [DEBUG] cnn_neat: Split edge 6→7, new hidden node 14 (pool=14)
2026-08-14 23:53:04,925 [DEBUG] cnn_neat: Added edge 3→1 (from 65 candidates)
2026-08-14 23:53:04,932 [DEBUG] cnn_neat: Removed hidden node 3 (pool=10)
2026-08-14 23:53:04,935 [DEBUG] cnn_neat: Removed edge 5→3 (from 14 candidates)
2026-08-14 23:53:04,941 [DEBUG] cnn_neat: Removed 3 edges (requested 3)
2026-08-14 23:53:04,946 [DEBUG] cnn_neat: Crossover rejected: union topology invalid (edges=34 nodes=22)
2026-08-14 23:53:04,949 [DEBUG] cnn_neat: Split edge 2→1, new hidden node 14 (pool=14)
2026-08-14 23:53:04,954 [DEBUG] cnn_neat: Added edge 6→3 (from 65 candidates)
2026-08-14 23:53:04,959 [DEBUG] cnn_neat: Added edge 13→8 (from 64 candidates)
2026-08-14 23:53:04,962 [DEBUG] cnn_neat: Added edge 12→9 (from 56 candidates)
2026-08-14 23:53:04,967 [DEBUG] cnn_neat: Added edge 10→3 (from 50 candidates)
2026-08-14 23:53:04,971 [DEBUG] cnn_neat: Added edge 2→13 (from 49 candidates)
2026-08-14 23:53:04,975 [DEBUG] cnn_neat: Split edge 10→7, new hidden node 14 (pool=14)
2026-08-14 23:53:04,980 [DEBUG] cnn_neat: Added edge 8→9 (from 54 candidates)
2026-08-14 23:53:04,985 [DEBUG] cnn_neat: Removed hidden node 3 (pool=10)
2026-08-14 23:53:04,989 [DEBUG] cnn_neat: Removed edge 5→10 (from 16 candidates)
2026-08-14 23:53:04,995 [DEBUG] cnn_neat: Removed 3 edges (requested 3)
2026-08-14 23:53:05,000 [DEBUG] cnn_neat: Crossover rejected: union topology invalid (edges=34 nodes=22)
2026-08-14 23:53:05,003 [DEBUG] cnn_neat: Split edge 2→13, new hidden node 14 (pool=14)
2026-08-14 23:53:05,007 [DEBUG] cnn_neat: Added edge 8→6 (from 54 candidates)
2026-08-14 23:53:05,012 [DEBUG] cnn_neat: Added edge 7→1 (from 50 candidates)
2026-08-14 23:53:05,017 [DEBUG] cnn_neat: Added edge 10→6 (from 49 candidates)
2026-08-14 23:53:05,021 [DEBUG] cnn_neat: Added edge 9→7 (from 47 candidates)
2026-08-14 23:53:05,026 [DEBUG] cnn_neat: Added edge 12→6 (from 46 candidates)
2026-08-14 23:53:05,029 [DEBUG] cnn_neat: Split edge 6→14, new hidden node 15 (pool=13)
2026-08-14 23:53:05,034 [DEBUG] cnn_neat: Added edge 2→13 (from 72 candidates)
2026-08-14 23:53:05,040 [DEBUG] cnn_neat: Removed hidden node 11 (pool=11)
2026-08-14 23:53:05,043 [DEBUG] cnn_neat: Removed edge 11→10 (from 14 candidates)
2026-08-14 23:53:05,048 [DEBUG] cnn_neat: Removed 3 edges (requested 3)
2026-08-14 23:53:05,052 [DEBUG] cnn_neat: Crossover rejected: union topology invalid (edges=29 nodes=20)
2026-08-14 23:53:05,056 [DEBUG] cnn_neat: Split edge 2→1, new hidden node 15 (pool=13)
2026-08-14 23:53:05,061 [DEBUG] cnn_neat: Added edge 0→12 (from 72 candidates)
2026-08-14 23:53:05,066 [DEBUG] cnn_neat: Added edge 2→13 (from 68 candidates)
2026-08-14 23:53:05,070 [DEBUG] cnn_neat: Added edge 2→12 (from 65 candidates)
2026-08-14 23:53:05,074 [DEBUG] cnn_neat: Added edge 9→14 (from 59 candidates)
2026-08-14 23:53:05,079 [DEBUG] cnn_neat: Added edge 5→9 (from 58 candidates)
2026-08-14 23:53:05,083 [DEBUG] cnn_neat: Split edge 6→2, new hidden node 14 (pool=14)
2026-08-14 23:53:05,087 [DEBUG] cnn_neat: Added edge 2→13 (from 46 candidates)
2026-08-14 23:53:05,094 [DEBUG] cnn_neat: Removed hidden node 8 (pool=10)
2026-08-14 23:53:05,097 [DEBUG] cnn_neat: Removed edge 10→7 (from 21 candidates)
2026-08-14 23:53:05,104 [DEBUG] cnn_neat: Removed 3 edges (requested 3)
2026-08-14 23:53:05,109 [DEBUG] cnn_neat: Crossover rejected: union topology invalid (edges=40 nodes=23)
2026-08-14 23:53:05,111 [DEBUG] cnn_neat: Split edge 2→8, new hidden node 14 (pool=14)
2026-08-14 23:53:05,116 [DEBUG] cnn_neat: Added edge 12→11 (from 46 candidates)
2026-08-14 23:53:05,120 [DEBUG] cnn_neat: Added edge 9→13 (from 45 candidates)
2026-08-14 23:53:05,125 [DEBUG] cnn_neat: Added edge 5→11 (from 44 candidates)
2026-08-14 23:53:05,130 [DEBUG] cnn_neat: Added edge 0→8 (from 41 candidates)
2026-08-14 23:53:05,134 [DEBUG] cnn_neat: Added edge 6→10 (from 37 candidates)
2026-08-14 23:53:05,137 [DEBUG] cnn_neat: Split edge 6→2, new hidden node 11 (pool=12)
2026-08-14 23:53:05,141 [DEBUG] cnn_neat: Split edge 6→7, new hidden node 12 (pool=13)
2026-08-14 23:53:05,144 [DEBUG] cnn_neat: Added edge 10→2 (from 16 candidates)
2026-08-14 23:53:05,150 [DEBUG] cnn_neat: Removed hidden node 7 (pool=5)
2026-08-14 23:53:05,152 [DEBUG] cnn_neat: Removed edge 7→2 (from 11 candidates)
2026-08-14 23:53:05,157 [DEBUG] cnn_neat: Removed 3 edges (requested 3)
2026-08-14 23:53:05,161 [DEBUG] cnn_neat: Crossover rejected: union topology invalid (edges=28 nodes=17)
2026-08-14 23:53:05,164 [DEBUG] cnn_neat: Split edge 6→7, new hidden node 11 (pool=12)
2026-08-14 23:53:05,168 [DEBUG] cnn_neat: Added edge 9→7 (from 16 candidates)
2026-08-14 23:53:05,171 [DEBUG] cnn_neat: Added edge 9→1 (from 15 candidates)
2026-08-14 23:53:05,175 [DEBUG] cnn_neat: Added edge 6→1 (from 14 candidates)
2026-08-14 23:53:05,178 [DEBUG] cnn_neat: Added edge 5→1 (from 13 candidates)
2026-08-14 23:53:05,182 [DEBUG] cnn_neat: Added edge 10→2 (from 12 candidates)
2026-08-14 23:53:05,186 [DEBUG] cnn_neat: Split edge 9→6, new hidden node 13 (pool=15)
2026-08-14 23:53:05,190 [DEBUG] cnn_neat: Added edge 12→5 (from 35 candidates)
2026-08-14 23:53:05,196 [DEBUG] cnn_neat: Removed hidden node 9 (pool=8)
2026-08-14 23:53:05,199 [DEBUG] cnn_neat: Removed edge 2→3 (from 14 candidates)
2026-08-14 23:53:05,204 [DEBUG] cnn_neat: Removed 3 edges (requested 3)
2026-08-14 23:53:05,208 [DEBUG] cnn_neat: Crossover rejected: union topology invalid (edges=30 nodes=20)
2026-08-14 23:53:05,212 [DEBUG] cnn_neat: Split edge 9→6, new hidden node 13 (pool=15)
2026-08-14 23:53:05,216 [DEBUG] cnn_neat: Added edge 12→7 (from 40 candidates)
2026-08-14 23:53:05,220 [DEBUG] cnn_neat: Added edge 10→6 (from 35 candidates)
2026-08-14 23:53:05,224 [DEBUG] cnn_neat: Added edge 0→12 (from 33 candidates)
2026-08-14 23:53:05,228 [DEBUG] cnn_neat: Added edge 10→1 (from 31 candidates)
2026-08-14 23:53:05,232 [DEBUG] cnn_neat: Added edge 12→10 (from 29 candidates)
2026-08-14 23:53:05,237 [DEBUG] cnn_neat: Added edge 3→1 (from 26 candidates)
2026-08-14 23:53:05,240 [DEBUG] cnn_neat: Split edge 5→10, new hidden node 11 (pool=10)
2026-08-14 23:53:05,243 [DEBUG] cnn_neat: Added edge 5→7 (from 17 candidates)
2026-08-14 23:53:05,247 [DEBUG] cnn_neat: Removed hidden node 10 (pool=4)
2026-08-14 23:53:05,250 [DEBUG] cnn_neat: Removed edge 5→6 (from 8 candidates)
2026-08-14 23:53:05,254 [DEBUG] cnn_neat: Removed 3 edges (requested 3)
2026-08-14 23:53:05,258 [DEBUG] cnn_neat: Crossover rejected: union topology invalid (edges=26 nodes=17)
2026-08-14 23:53:05,261 [DEBUG] cnn_neat: Split edge 9→6, new hidden node 11 (pool=10)
2026-08-14 23:53:05,263 [DEBUG] cnn_neat: Added edge 5→7 (from 17 candidates)
2026-08-14 23:53:05,266 [DEBUG] cnn_neat: Added edge 9→2 (from 16 candidates)
2026-08-14 23:53:05,269 [DEBUG] cnn_neat: Added edge 0→6 (from 15 candidates)
2026-08-14 23:53:05,272 [DEBUG] cnn_neat: Added edge 9→10 (from 16 candidates)
2026-08-14 23:53:05,276 [DEBUG] cnn_neat: Added edge 10→1 (from 14 candidates)
2026-08-14 23:53:05,280 [DEBUG] cnn_neat: Split edge 7→2, new hidden node 12 (pool=12)
2026-08-14 23:53:05,283 [DEBUG] cnn_neat: Added edge 2→3 (from 45 candidates)
2026-08-14 23:53:05,286 [DEBUG] cnn_neat: Split edge 2→3, new hidden node 12 (pool=14)
2026-08-14 23:53:05,291 [DEBUG] cnn_neat: Removed hidden node 7 (pool=8)
2026-08-14 23:53:05,294 [DEBUG] cnn_neat: Removed edge 5→10 (from 12 candidates)
2026-08-14 23:53:05,377 [DEBUG] cnn_neat: Split edge 9→6, new hidden node 11 (pool=11)
2026-08-14 23:53:05,492 [DEBUG] cnn_neat: Added edge 9→7 (from 19 candidates)
2026-08-14 23:53:05,551 [DEBUG] cnn_neat: Removed hidden node 5 (pool=5)
2026-08-14 23:53:05,559 [DEBUG] cnn_neat: Removed edge 7→2 (from 10 candidates)
2026-08-14 23:53:05,572 [DEBUG] cnn_neat: Removed 3 edges (requested 3)
2026-08-14 23:53:05,581 [DEBUG] cnn_neat: Split edge 0→9, new hidden node 12 (pool=11)
2026-08-14 23:53:05,594 [DEBUG] cnn_neat: Split edge 5→3, new hidden node 13 (pool=13)
2026-08-14 23:53:05,604 [DEBUG] cnn_neat: Added edge 12→8 (from 52 candidates)
2026-08-14 23:53:05,618 [DEBUG] cnn_neat: Removed hidden node 7 (pool=9)
2026-08-14 23:53:05,626 [DEBUG] cnn_neat: Removed edge 7→2 (from 14 candidates)
2026-08-14 23:53:05,642 [DEBUG] cnn_neat: Removed 3 edges (requested 3)
2026-08-14 23:53:05,651 [DEBUG] cnn_neat: Split edge 2→1, new hidden node 14 (pool=14)
2026-08-14 23:53:05,656 [DEBUG] cnn_neat: Split edge 0→5, new hidden node 13 (pool=9)
2026-08-14 23:53:05,669 [DEBUG] cnn_neat: Split edge 9→6, new hidden node 14 (pool=12)
2026-08-14 23:53:05,679 [DEBUG] cnn_neat: Added edge 0→12 (from 57 candidates)
2026-08-14 23:53:06,044 [DEBUG] cnn_neat: Removed hidden node 13 (pool=10)
2026-08-14 23:53:06,083 [DEBUG] cnn_neat: Split edge 7→2, new hidden node 14 (pool=14)
2026-08-14 23:53:06,112 [DEBUG] cnn_neat: Added edge 7→13 (from 65 candidates)
2026-08-14 23:53:06,156 [DEBUG] cnn_neat: Removed hidden node 5 (pool=10)
2026-08-14 23:53:06,173 [DEBUG] cnn_neat: Removed edge 5→6 (from 14 candidates)
2026-08-14 23:53:06,208 [DEBUG] cnn_neat: Removed 3 edges (requested 3)
2026-08-14 23:53:06,270 [DEBUG] cnn_neat: Split edge 0→5, new hidden node 15 (pool=13)
2026-08-14 23:53:06,301 [DEBUG] cnn_neat: Split edge 5→3, new hidden node 14 (pool=14)
2026-08-14 23:53:06,309 [DEBUG] cnn_neat: Added edge 8→10 (from 54 candidates)
2026-08-14 23:53:06,320 [DEBUG] cnn_neat: Removed hidden node 3 (pool=10)
2026-08-14 23:53:06,326 [DEBUG] cnn_neat: Removed edge 11→10 (from 16 candidates)
2026-08-14 23:53:06,338 [DEBUG] cnn_neat: Removed 3 edges (requested 3)
2026-08-14 23:53:06,344 [DEBUG] cnn_neat: Split edge 14→3, new hidden node 15 (pool=15)
2026-08-14 23:53:06,349 [DEBUG] cnn_neat: Split edge 9→6, new hidden node 14 (pool=14)
2026-08-14 23:53:06,360 [DEBUG] cnn_neat: Split edge 9→6, new hidden node 15 (pool=13)
2026-08-14 23:53:06,368 [DEBUG] cnn_neat: Added edge 7→1 (from 72 candidates)
2026-08-14 23:53:06,380 [DEBUG] cnn_neat: Removed hidden node 14 (pool=11)
2026-08-14 23:53:06,386 [DEBUG] cnn_neat: Removed edge 6→2 (from 14 candidates)
2026-08-14 23:53:06,396 [DEBUG] cnn_neat: Removed 3 edges (requested 3)
2026-08-14 23:53:06,403 [DEBUG] cnn_neat: Split edge 6→2, new hidden node 16 (pool=11)
2026-08-14 23:53:06,412 [DEBUG] cnn_neat: Split edge 6→2, new hidden node 14 (pool=14)
2026-08-14 23:53:06,419 [DEBUG] cnn_neat: Added edge 6→1 (from 46 candidates)
2026-08-14 23:53:06,429 [DEBUG] cnn_neat: Removed hidden node 7 (pool=10)
2026-08-14 23:53:06,434 [DEBUG] cnn_neat: Removed edge 11→9 (from 21 candidates)
2026-08-14 23:53:06,447 [DEBUG] cnn_neat: Removed 3 edges (requested 3)
2026-08-14 23:53:06,454 [DEBUG] cnn_neat: Split edge 0→5, new hidden node 14 (pool=4)
2026-08-14 23:53:06,458 [DEBUG] cnn_neat: Split edge 11→9, new hidden node 14 (pool=16)
2026-08-14 23:53:06,469 [DEBUG] cnn_neat: Split edge 5→6, new hidden node 11 (pool=12)
2026-08-14 23:53:06,474 [DEBUG] cnn_neat: Added edge 9→7 (from 16 candidates)
2026-08-14 23:53:06,484 [DEBUG] cnn_neat: Removed hidden node 5 (pool=5)
2026-08-14 23:53:06,489 [DEBUG] cnn_neat: Removed edge 6→7 (from 11 candidates)
2026-08-14 23:53:06,500 [DEBUG] cnn_neat: Removed 3 edges (requested 3)
2026-08-14 23:53:06,506 [DEBUG] cnn_neat: Split edge 6→7, new hidden node 12 (pool=13)
2026-08-14 23:53:06,515 [DEBUG] cnn_neat: Split edge 5→3, new hidden node 13 (pool=15)
2026-08-14 23:53:06,522 [DEBUG] cnn_neat: Added edge 0→3 (from 35 candidates)
2026-08-14 23:53:06,531 [DEBUG] cnn_neat: Removed hidden node 7 (pool=8)
2026-08-14 23:53:06,536 [DEBUG] cnn_neat: Removed edge 7→2 (from 14 candidates)
2026-08-14 23:53:06,545 [DEBUG] cnn_neat: Removed 3 edges (requested 3)
2026-08-14 23:53:06,551 [DEBUG] cnn_neat: Split edge 0→5, new hidden node 14 (pool=10)
2026-08-14 23:53:06,561 [DEBUG] cnn_neat: Split edge 6→3, new hidden node 11 (pool=15)
2026-08-14 23:53:06,567 [DEBUG] cnn_neat: Added edge 0→8 (from 35 candidates)
2026-08-14 23:53:06,575 [DEBUG] cnn_neat: Removed hidden node 6 (pool=7)
2026-08-14 23:53:06,579 [DEBUG] cnn_neat: Removed edge 5→10 (from 14 candidates)
2026-08-14 23:53:06,591 [DEBUG] cnn_neat: Removed 3 edges (requested 3)
2026-08-14 23:53:06,597 [DEBUG] cnn_neat: Split edge 6→11, new hidden node 12 (pool=15)
2026-08-14 23:53:06,602 [DEBUG] cnn_neat: Split edge 5→3, new hidden node 11 (pool=16)
2026-08-14 23:53:06,677 [DEBUG] cnn_neat: Split edge 7→2, new hidden node 11 (pool=10)
2026-08-14 23:53:06,688 [DEBUG] cnn_neat: Added edge 0→10 (from 17 candidates)
2026-08-14 23:53:06,703 [DEBUG] cnn_neat: Removed hidden node 5 (pool=5)
2026-08-14 23:53:06,711 [DEBUG] cnn_neat: Removed edge 5→6 (from 9 candidates)
2026-08-14 23:53:06,725 [DEBUG] cnn_neat: Removed 3 edges (requested 3)
2026-08-14 23:53:06,736 [DEBUG] cnn_neat: Split edge 0→9, new hidden node 12 (pool=9)
2026-08-14 23:53:06,746 [DEBUG] cnn_neat: Split edge 10→7, new hidden node 11 (pool=11)
2026-08-14 23:53:06,762 [DEBUG] cnn_neat: Split edge 11→9, new hidden node 12 (pool=16)
2026-08-14 23:53:06,774 [DEBUG] cnn_neat: Added edge 11→5 (from 39 candidates)
2026-08-14 23:53:06,796 [DEBUG] cnn_neat: Removed hidden node 9 (pool=8)
2026-08-14 23:53:06,805 [DEBUG] cnn_neat: Removed edge 6→7 (from 15 candidates)
2026-08-14 23:53:06,815 [DEBUG] cnn_neat: Removed 3 edges (requested 3)
2026-08-14 23:53:06,825 [DEBUG] cnn_neat: Split edge 0→11, new hidden node 13 (pool=17)
2026-08-14 23:53:07,060 [DEBUG] cnn_neat: Split edge 7→2, new hidden node 12 (pool=14)
2026-08-14 23:53:07,071 [DEBUG] cnn_neat: Split edge 2→1, new hidden node 12 (pool=15)
2026-08-14 23:53:07,083 [DEBUG] cnn_neat: Added edge 9→5 (from 41 candidates)
2026-08-14 23:53:07,096 [DEBUG] cnn_neat: Removed hidden node 10 (pool=8)
2026-08-14 23:53:07,099 [DEBUG] cnn_neat: Removed edge 5→3 (from 14 candidates)
2026-08-14 23:53:07,118 [DEBUG] cnn_neat: Removed 3 edges (requested 3)
2026-08-14 23:53:07,129 [DEBUG] cnn_neat: Split edge 5→6, new hidden node 13 (pool=16)
2026-08-14 23:53:07,135 [DEBUG] cnn_neat: Split edge 0→5, new hidden node 12 (pool=10)
2026-08-14 23:53:07,150 [DEBUG] cnn_neat: Added edge 11→6 (from 46 candidates)
2026-08-14 23:53:07,156 [DEBUG] cnn_neat: Added edge 9→3 (from 55 candidates)
2026-08-14 23:53:07,171 [DEBUG] cnn_neat: Split edge 0→9, new hidden node 11 (pool=16)
2026-08-14 23:53:07,185 [DEBUG] cnn_neat: Added edge 8→10 (from 32 candidates)
2026-08-14 23:53:07,425 [DEBUG] cnn_neat: Removed hidden node 8 (pool=7)
2026-08-14 23:53:07,433 [DEBUG] cnn_neat: Removed edge 10→7 (from 15 candidates)
2026-08-14 23:53:07,447 [DEBUG] cnn_neat: Removed 3 edges (requested 3)
2026-08-14 23:53:07,458 [DEBUG] cnn_neat: Split edge 6→10, new hidden node 11 (pool=17)
2026-08-14 23:53:07,470 [DEBUG] cnn_neat: Split edge 10→7, new hidden node 11 (pool=15)
2026-08-14 23:53:07,480 [DEBUG] cnn_neat: Split edge 8→3, new hidden node 11 (pool=13)
2026-08-14 23:53:07,496 [DEBUG] cnn_neat: Split edge 7→2, new hidden node 13 (pool=15)
2026-08-14 23:53:07,508 [DEBUG] cnn_neat: Added edge 9→3 (from 43 candidates)
2026-08-14 23:53:07,528 [DEBUG] cnn_neat: Removed hidden node 10 (pool=9)
2026-08-14 23:53:07,539 [DEBUG] cnn_neat: Removed edge 2→12 (from 16 candidates)
2026-08-14 23:53:07,557 [DEBUG] cnn_neat: Removed 3 edges (requested 3)
2026-08-14 23:53:07,567 [DEBUG] cnn_neat: Split edge 5→6, new hidden node 13 (pool=16)
2026-08-14 23:53:07,794 [DEBUG] cnn_neat: Split edge 7→2, new hidden node 13 (pool=13)
2026-08-14 23:53:07,799 [DEBUG] cnn_neat: Split edge 5→3, new hidden node 13 (pool=12)
2026-08-14 23:53:07,816 [DEBUG] cnn_neat: Split edge 6→7, new hidden node 12 (pool=14)
2026-08-14 23:53:07,827 [DEBUG] cnn_neat: Added edge 2→8 (from 42 candidates)
2026-08-14 23:53:07,847 [DEBUG] cnn_neat: Removed hidden node 11 (pool=8)
2026-08-14 23:53:07,858 [DEBUG] cnn_neat: Removed edge 6→2 (from 13 candidates)
2026-08-14 23:53:07,869 [DEBUG] cnn_neat: Removed 3 edges (requested 3)
2026-08-14 23:53:07,882 [DEBUG] cnn_neat: Split edge 2→1, new hidden node 13 (pool=15)
2026-08-14 23:53:07,893 [DEBUG] cnn_neat: Split edge 6→2, new hidden node 12 (pool=13)
2026-08-14 23:53:07,911 [DEBUG] cnn_neat: Split edge 7→2, new hidden node 12 (pool=15)
2026-08-14 23:53:07,922 [DEBUG] cnn_neat: Added edge 10→2 (from 40 candidates)
2026-08-14 23:53:07,938 [DEBUG] cnn_neat: Removed hidden node 6 (pool=8)
2026-08-14 23:53:08,169 [DEBUG] cnn_neat: Removed edge 0→5 (from 14 candidates)
2026-08-14 23:53:08,186 [DEBUG] cnn_neat: Removed 3 edges (requested 3)
2026-08-14 23:53:08,195 [DEBUG] cnn_neat: Split edge 8→3, new hidden node 13 (pool=14)
2026-08-14 23:53:08,198 [DEBUG] cnn_neat: Split edge 9→6, new hidden node 12 (pool=16)
2026-08-14 23:53:08,204 [DEBUG] cnn_neat: Split edge 7→2, new hidden node 12 (pool=16)
2026-08-14 23:53:08,215 [DEBUG] cnn_neat: Added edge 6→1 (from 37 candidates)
2026-08-14 23:53:08,225 [DEBUG] cnn_neat: Removed hidden node 3 (pool=8)
2026-08-14 23:53:08,235 [DEBUG] cnn_neat: Removed edge 8→3 (from 15 candidates)
2026-08-14 23:53:08,291 [DEBUG] cnn_neat: Removed 3 edges (requested 3)
2026-08-14 23:53:08,303 [DEBUG] cnn_neat: Split edge 9→6, new hidden node 12 (pool=10)
2026-08-14 23:53:08,314 [DEBUG] cnn_neat: Split edge 9→6, new hidden node 12 (pool=12)
2026-08-14 23:53:08,323 [DEBUG] cnn_neat: Split edge 6→3, new hidden node 13 (pool=14)
2026-08-14 23:53:08,330 [DEBUG] cnn_neat: Added edge 0→8 (from 54 candidates)
2026-08-14 23:53:08,339 [DEBUG] cnn_neat: Removed hidden node 6 (pool=9)
2026-08-14 23:53:08,611 [DEBUG] cnn_neat: Removed edge 10→7 (from 11 candidates)
2026-08-14 23:53:08,620 [DEBUG] cnn_neat: Removed 3 edges (requested 3)
2026-08-14 23:53:08,625 [DEBUG] cnn_neat: Split edge 6→7, new hidden node 13 (pool=13)
2026-08-14 23:53:08,629 [DEBUG] cnn_neat: Split edge 5→10, new hidden node 13 (pool=9)
2026-08-14 23:53:08,638 [DEBUG] cnn_neat: Split edge 2→3, new hidden node 12 (pool=14)
2026-08-14 23:53:08,643 [DEBUG] cnn_neat: Added edge 8→6 (from 44 candidates)
2026-08-14 23:53:08,653 [DEBUG] cnn_neat: Removed hidden node 8 (pool=7)
2026-08-14 23:53:08,657 [DEBUG] cnn_neat: Removed edge 5→9 (from 13 candidates)
2026-08-14 23:53:08,666 [DEBUG] cnn_neat: Removed 3 edges (requested 3)
2026-08-14 23:53:08,671 [DEBUG] cnn_neat: Split edge 7→2, new hidden node 13 (pool=13)
2026-08-14 23:53:08,676 [DEBUG] cnn_neat: Split edge 0→5, new hidden node 12 (pool=15)
2026-08-14 23:53:08,686 [DEBUG] cnn_neat: Split edge 5→6, new hidden node 12 (pool=14)
2026-08-14 23:53:08,692 [DEBUG] cnn_neat: Added edge 5→7 (from 39 candidates)
2026-08-14 23:53:08,701 [DEBUG] cnn_neat: Removed hidden node 11 (pool=8)
2026-08-14 23:53:08,706 [DEBUG] cnn_neat: Removed edge 8→3 (from 15 candidates)
2026-08-14 23:53:08,715 [DEBUG] cnn_neat: Removed 3 edges (requested 3)
2026-08-14 23:53:08,722 [DEBUG] cnn_neat: Split edge 6→2, new hidden node 13 (pool=14)
2026-08-14 23:53:08,732 [DEBUG] cnn_neat: Split edge 2→1, new hidden node 11 (pool=14)
2026-08-14 23:53:08,738 [DEBUG] cnn_neat: Added edge 5→2 (from 25 candidates)
2026-08-14 23:53:08,746 [DEBUG] cnn_neat: Removed hidden node 7 (pool=7)
2026-08-14 23:53:08,751 [DEBUG] cnn_neat: Removed edge 5→6 (from 15 candidates)
2026-08-14 23:53:08,759 [DEBUG] cnn_neat: Removed 3 edges (requested 3)
2026-08-14 23:53:08,763 [DEBUG] cnn_neat: Split edge 5→3, new hidden node 12 (pool=17)
2026-08-14 23:53:08,773 [DEBUG] cnn_neat: Split edge 5→10, new hidden node 12 (pool=13)
2026-08-14 23:53:08,778 [DEBUG] cnn_neat: Added edge 9→8 (from 39 candidates)
2026-08-14 23:53:08,788 [DEBUG] cnn_neat: Removed hidden node 5 (pool=8)
2026-08-14 23:53:08,793 [DEBUG] cnn_neat: Removed edge 5→3 (from 15 candidates)
2026-08-14 23:53:08,800 [DEBUG] cnn_neat: Saved generation 19
2026-08-14 23:53:08,879 [DEBUG] cnn_neat: Selected 25 elite individuals
2026-08-14 23:53:08,882 [DEBUG] cnn_neat: Removed 3 edges (requested 3)
2026-08-14 23:53:08,905 [DEBUG] cnn_neat: Split edge 6→2, new hidden node 13 (pool=14)
2026-08-14 23:53:08,985 [DEBUG] cnn_neat: Split edge 11→3, new hidden node 12 (pool=15)
2026-08-14 23:53:09,008 [DEBUG] cnn_neat: Added edge 10→2 (from 46 candidates)
2026-08-14 23:53:09,030 [DEBUG] cnn_neat: Removed hidden node 5 (pool=8)
2026-08-14 23:53:09,043 [DEBUG] cnn_neat: Removed edge 7→3 (from 15 candidates)
2026-08-14 23:53:09,068 [DEBUG] cnn_neat: Removed 3 edges (requested 3)
2026-08-14 23:53:09,077 [DEBUG] cnn_neat: Split edge 5→3, new hidden node 13 (pool=13)
2026-08-14 23:53:09,091 [DEBUG] cnn_neat: Split edge 0→5, new hidden node 13 (pool=14)
2026-08-14 23:53:09,100 [DEBUG] cnn_neat: Added edge 9→12 (from 53 candidates)
2026-08-14 23:53:09,115 [DEBUG] cnn_neat: Removed hidden node 3 (pool=9)
2026-08-14 23:53:09,123 [DEBUG] cnn_neat: Removed edge 5→6 (from 15 candidates)
2026-08-14 23:53:09,137 [DEBUG] cnn_neat: Removed 3 edges (requested 3)
2026-08-14 23:53:09,142 [DEBUG] cnn_neat: Trimmed elite queue to 128 entries
2026-08-14 23:53:09,622 [DEBUG] cnn_neat: Split edge 5→6, new hidden node 14 (pool=14)
2026-08-14 23:53:09,624 [DEBUG] cnn_neat: Split edge 10→7, new hidden node 15 (pool=14)
2026-08-14 23:53:09,629 [DEBUG] cnn_neat: Added edge 9→13 (from 56 candidates)
2026-08-14 23:53:09,637 [DEBUG] cnn_neat: Removed hidden node 13 (pool=11)
2026-08-14 23:53:09,640 [DEBUG] cnn_neat: Removed edge 7→13 (from 23 candidates)
2026-08-14 23:53:09,647 [DEBUG] cnn_neat: Removed 3 edges (requested 3)
2026-08-14 23:53:09,652 [DEBUG] cnn_neat: Crossover rejected: union topology invalid (edges=47 nodes=25)
2026-08-14 23:53:09,656 [DEBUG] cnn_neat: Split edge 7→2, new hidden node 15 (pool=14)
2026-08-14 23:53:09,661 [DEBUG] cnn_neat: Added edge 9→3 (from 56 candidates)
2026-08-14 23:53:09,665 [DEBUG] cnn_neat: Added edge 8→10 (from 55 candidates)
2026-08-14 23:53:09,669 [DEBUG] cnn_neat: Added edge 10→13 (from 51 candidates)
2026-08-14 23:53:09,674 [DEBUG] cnn_neat: Added edge 7→1 (from 52 candidates)
2026-08-14 23:53:09,679 [DEBUG] cnn_neat: Added edge 14→13 (from 51 candidates)
2026-08-14 23:53:09,682 [DEBUG] cnn_neat: Split edge 0→11, new hidden node 14 (pool=13)
2026-08-14 23:53:09,686 [DEBUG] cnn_neat: Added edge 9→1 (from 34 candidates)
2026-08-14 23:53:09,691 [DEBUG] cnn_neat: Removed hidden node 10 (pool=7)
2026-08-14 23:53:09,694 [DEBUG] cnn_neat: Removed edge 6→13 (from 12 candidates)
2026-08-14 23:53:09,700 [DEBUG] cnn_neat: Removed 3 edges (requested 3)
2026-08-14 23:53:09,704 [DEBUG] cnn_neat: Crossover rejected: union topology invalid (edges=24 nodes=16)
2026-08-14 23:53:09,707 [DEBUG] cnn_neat: Split edge 5→10, new hidden node 14 (pool=13)
2026-08-14 23:53:09,711 [DEBUG] cnn_neat: Added edge 13→7 (from 34 candidates)
2026-08-14 23:53:09,715 [DEBUG] cnn_neat: Added edge 9→7 (from 31 candidates)
2026-08-14 23:53:09,719 [DEBUG] cnn_neat: Added edge 0→9 (from 30 candidates)
2026-08-14 23:53:09,722 [DEBUG] cnn_neat: Added edge 0→7 (from 29 candidates)
2026-08-14 23:53:09,727 [DEBUG] cnn_neat: Added edge 9→5 (from 24 candidates)
2026-08-14 23:53:09,731 [DEBUG] cnn_neat: Split edge 6→2, new hidden node 14 (pool=14)
2026-08-14 23:53:09,734 [DEBUG] cnn_neat: Added edge 6→10 (from 27 candidates)
2026-08-14 23:53:09,739 [DEBUG] cnn_neat: Removed hidden node 11 (pool=7)
2026-08-14 23:53:09,742 [DEBUG] cnn_neat: Removed edge 2→13 (from 13 candidates)
2026-08-14 23:53:09,746 [DEBUG] cnn_neat: Removed 3 edges (requested 3)
2026-08-14 23:53:09,750 [DEBUG] cnn_neat: Crossover rejected: union topology invalid (edges=38 nodes=21)
2026-08-14 23:53:09,754 [DEBUG] cnn_neat: Split edge 7→2, new hidden node 14 (pool=14)
2026-08-14 23:53:09,758 [DEBUG] cnn_neat: Added edge 5→2 (from 27 candidates)
2026-08-14 23:53:09,761 [DEBUG] cnn_neat: Added edge 6→10 (from 25 candidates)
2026-08-14 23:53:09,764 [DEBUG] cnn_neat: Added edge 10→1 (from 22 candidates)
2026-08-14 23:53:09,768 [DEBUG] cnn_neat: Added edge 0→13 (from 20 candidates)
2026-08-14 23:53:09,773 [DEBUG] cnn_neat: Added edge 9→1 (from 22 candidates)
2026-08-14 23:53:09,776 [DEBUG] cnn_neat: Split edge 2→1, new hidden node 14 (pool=15)
2026-08-14 23:53:09,781 [DEBUG] cnn_neat: Added edge 5→7 (from 71 candidates)
2026-08-14 23:53:09,786 [DEBUG] cnn_neat: Removed hidden node 10 (pool=10)
2026-08-14 23:53:09,789 [DEBUG] cnn_neat: Removed edge 9→6 (from 13 candidates)
2026-08-14 23:53:09,795 [DEBUG] cnn_neat: Removed 3 edges (requested 3)
2026-08-14 23:53:09,799 [DEBUG] cnn_neat: Crossover rejected: union topology invalid (edges=40 nodes=24)
2026-08-14 23:53:09,802 [DEBUG] cnn_neat: Split edge 6→13, new hidden node 14 (pool=15)
2026-08-14 23:53:09,807 [DEBUG] cnn_neat: Added edge 12→10 (from 71 candidates)
2026-08-14 23:53:09,811 [DEBUG] cnn_neat: Added edge 5→9 (from 67 candidates)
2026-08-14 23:53:09,815 [DEBUG] cnn_neat: Added edge 2→3 (from 65 candidates)
2026-08-14 23:53:09,819 [DEBUG] cnn_neat: Added edge 7→13 (from 65 candidates)
2026-08-14 23:53:09,824 [DEBUG] cnn_neat: Added edge 11→8 (from 61 candidates)
2026-08-14 23:53:09,827 [DEBUG] cnn_neat: Split edge 9→6, new hidden node 13 (pool=13)
2026-08-14 23:53:09,831 [DEBUG] cnn_neat: Added edge 12→6 (from 47 candidates)
2026-08-14 23:53:09,838 [DEBUG] cnn_neat: Removed hidden node 9 (pool=9)
2026-08-14 23:53:09,841 [DEBUG] cnn_neat: Removed edge 7→3 (from 15 candidates)
2026-08-14 23:53:09,847 [DEBUG] cnn_neat: Removed 3 edges (requested 3)
2026-08-14 23:53:09,851 [DEBUG] cnn_neat: Crossover rejected: union topology invalid (edges=33 nodes=21)
2026-08-14 23:53:09,854 [DEBUG] cnn_neat: Split edge 5→3, new hidden node 13 (pool=13)
2026-08-14 23:53:09,859 [DEBUG] cnn_neat: Added edge 10→9 (from 47 candidates)
2026-08-14 23:53:09,863 [DEBUG] cnn_neat: Added edge 9→2 (from 43 candidates)
2026-08-14 23:53:09,867 [DEBUG] cnn_neat: Added edge 12→1 (from 42 candidates)
2026-08-14 23:53:09,871 [DEBUG] cnn_neat: Added edge 8→1 (from 41 candidates)
2026-08-14 23:53:09,875 [DEBUG] cnn_neat: Added edge 12→9 (from 39 candidates)
2026-08-14 23:53:09,879 [DEBUG] cnn_neat: Split edge 6→3, new hidden node 14 (pool=17)
2026-08-14 23:53:09,884 [DEBUG] cnn_neat: Added edge 5→9 (from 43 candidates)
2026-08-14 23:53:09,889 [DEBUG] cnn_neat: Removed hidden node 5 (pool=9)
2026-08-14 23:53:09,892 [DEBUG] cnn_neat: Removed edge 7→13 (from 18 candidates)
2026-08-14 23:53:09,898 [DEBUG] cnn_neat: Removed 3 edges (requested 3)
2026-08-14 23:53:09,902 [DEBUG] cnn_neat: Crossover rejected: union topology invalid (edges=32 nodes=20)
2026-08-14 23:53:09,906 [DEBUG] cnn_neat: Split edge 12→3, new hidden node 14 (pool=17)
2026-08-14 23:53:09,909 [DEBUG] cnn_neat: Added edge 9→13 (from 43 candidates)
2026-08-14 23:53:09,913 [DEBUG] cnn_neat: Added edge 7→3 (from 42 candidates)
2026-08-14 23:53:09,917 [DEBUG] cnn_neat: Added edge 5→9 (from 41 candidates)
2026-08-14 23:53:09,922 [DEBUG] cnn_neat: Added edge 11→6 (from 39 candidates)
2026-08-14 23:53:09,926 [DEBUG] cnn_neat: Added edge 9→10 (from 38 candidates)
2026-08-14 23:53:09,929 [DEBUG] cnn_neat: Split edge 7→13, new hidden node 14 (pool=14)
2026-08-14 23:53:09,934 [DEBUG] cnn_neat: Added edge 8→2 (from 49 candidates)
2026-08-14 23:53:09,940 [DEBUG] cnn_neat: Removed hidden node 10 (pool=10)
2026-08-14 23:53:09,944 [DEBUG] cnn_neat: Removed edge 5→10 (from 17 candidates)
2026-08-14 23:53:09,950 [DEBUG] cnn_neat: Removed 3 edges (requested 3)
2026-08-14 23:53:09,954 [DEBUG] cnn_neat: Crossover rejected: union topology invalid (edges=39 nodes=23)
2026-08-14 23:53:09,958 [DEBUG] cnn_neat: Split edge 6→7, new hidden node 14 (pool=14)
2026-08-14 23:53:09,962 [DEBUG] cnn_neat: Added edge 7→12 (from 49 candidates)
2026-08-14 23:53:09,966 [DEBUG] cnn_neat: Added edge 10→12 (from 46 candidates)
2026-08-14 23:53:09,970 [DEBUG] cnn_neat: Added edge 10→2 (from 44 candidates)
2026-08-14 23:53:09,975 [DEBUG] cnn_neat: Added edge 8→2 (from 43 candidates)
2026-08-14 23:53:09,979 [DEBUG] cnn_neat: Added edge 9→13 (from 41 candidates)
2026-08-14 23:53:09,982 [DEBUG] cnn_neat: Split edge 2→1, new hidden node 15 (pool=12)
2026-08-14 23:53:09,987 [DEBUG] cnn_neat: Added edge 10→3 (from 63 candidates)
2026-08-14 23:53:09,994 [DEBUG] cnn_neat: Removed hidden node 8 (pool=11)
2026-08-14 23:53:09,998 [DEBUG] cnn_neat: Removed edge 6→3 (from 15 candidates)
2026-08-14 23:53:10,076 [DEBUG] cnn_neat: Split edge 10→7, new hidden node 15 (pool=14)
2026-08-14 23:53:10,190 [DEBUG] cnn_neat: Added edge 14→13 (from 56 candidates)
2026-08-14 23:53:10,252 [DEBUG] cnn_neat: Removed hidden node 9 (pool=11)
2026-08-14 23:53:10,263 [DEBUG] cnn_neat: Removed edge 13→3 (from 23 candidates)
2026-08-14 23:53:10,284 [DEBUG] cnn_neat: Removed 3 edges (requested 3)
2026-08-14 23:53:10,294 [DEBUG] cnn_neat: Split edge 14→3, new hidden node 15 (pool=15)
2026-08-14 23:53:10,302 [DEBUG] cnn_neat: Split edge 5→3, new hidden node 15 (pool=18)
2026-08-14 23:53:10,316 [DEBUG] cnn_neat: Split edge 10→7, new hidden node 11 (pool=11)
2026-08-14 23:53:10,324 [DEBUG] cnn_neat: Added edge 5→2 (from 19 candidates)
2026-08-14 23:53:10,337 [DEBUG] cnn_neat: Removed hidden node 5 (pool=5)
2026-08-14 23:53:10,340 [DEBUG] cnn_neat: Removed edge 9→6 (from 10 candidates)
2026-08-14 23:53:10,352 [DEBUG] cnn_neat: Removed 3 edges (requested 3)
2026-08-14 23:53:10,359 [DEBUG] cnn_neat: Split edge 2→1, new hidden node 12 (pool=8)
2026-08-14 23:53:10,742 [DEBUG] cnn_neat: Split edge 6→2, new hidden node 11 (pool=12)
2026-08-14 23:53:10,783 [DEBUG] cnn_neat: Split edge 5→3, new hidden node 13 (pool=13)
2026-08-14 23:53:10,813 [DEBUG] cnn_neat: Added edge 12→5 (from 52 candidates)
2026-08-14 23:53:10,842 [DEBUG] cnn_neat: Removed hidden node 8 (pool=9)
2026-08-14 23:53:10,858 [DEBUG] cnn_neat: Removed edge 6→7 (from 14 candidates)
2026-08-14 23:53:10,938 [DEBUG] cnn_neat: Removed 3 edges (requested 3)
2026-08-14 23:53:10,945 [DEBUG] cnn_neat: Split edge 7→3, new hidden node 13 (pool=13)
2026-08-14 23:53:10,961 [DEBUG] cnn_neat: Split edge 5→6, new hidden node 13 (pool=14)
2026-08-14 23:53:10,988 [DEBUG] cnn_neat: Split edge 5→3, new hidden node 14 (pool=12)
2026-08-14 23:53:10,995 [DEBUG] cnn_neat: Added edge 9→7 (from 57 candidates)
2026-08-14 23:53:11,008 [DEBUG] cnn_neat: Removed hidden node 12 (pool=10)
2026-08-14 23:53:11,014 [DEBUG] cnn_neat: Removed edge 0→5 (from 14 candidates)
2026-08-14 23:53:11,026 [DEBUG] cnn_neat: Removed 3 edges (requested 3)
2026-08-14 23:53:11,032 [DEBUG] cnn_neat: Split edge 7→2, new hidden node 15 (pool=13)
2026-08-14 23:53:11,043 [DEBUG] cnn_neat: Split edge 6→13, new hidden node 14 (pool=14)
2026-08-14 23:53:11,051 [DEBUG] cnn_neat: Added edge 2→13 (from 65 candidates)
2026-08-14 23:53:11,062 [DEBUG] cnn_neat: Removed hidden node 8 (pool=10)
2026-08-14 23:53:11,068 [DEBUG] cnn_neat: Removed edge 8→3 (from 14 candidates)
2026-08-14 23:53:11,079 [DEBUG] cnn_neat: Removed 3 edges (requested 3)
2026-08-14 23:53:11,085 [DEBUG] cnn_neat: Split edge 0→11, new hidden node 15 (pool=12)
2026-08-14 23:53:11,092 [DEBUG] cnn_neat: Split edge 10→7, new hidden node 14 (pool=15)
2026-08-14 23:53:11,102 [DEBUG] cnn_neat: Split edge 11→9, new hidden node 14 (pool=14)
2026-08-14 23:53:11,110 [DEBUG] cnn_neat: Added edge 7→12 (from 54 candidates)
2026-08-14 23:53:11,121 [DEBUG] cnn_neat: Removed hidden node 10 (pool=10)
2026-08-14 23:53:11,126 [DEBUG] cnn_neat: Removed edge 10→7 (from 16 candidates)
2026-08-14 23:53:11,138 [DEBUG] cnn_neat: Removed 3 edges (requested 3)
2026-08-14 23:53:11,146 [DEBUG] cnn_neat: Split edge 10→7, new hidden node 15 (pool=15)
2026-08-14 23:53:11,155 [DEBUG] cnn_neat: Split edge 0→11, new hidden node 15 (pool=13)
2026-08-14 23:53:11,163 [DEBUG] cnn_neat: Added edge 5→11 (from 72 candidates)
2026-08-14 23:53:11,174 [DEBUG] cnn_neat: Removed hidden node 12 (pool=11)
2026-08-14 23:53:11,181 [DEBUG] cnn_neat: Removed edge 10→7 (from 14 candidates)
2026-08-14 23:53:11,193 [DEBUG] cnn_neat: Removed 3 edges (requested 3)
2026-08-14 23:53:11,201 [DEBUG] cnn_neat: Split edge 0→5, new hidden node 16 (pool=11)
2026-08-14 23:53:11,211 [DEBUG] cnn_neat: Split edge 6→13, new hidden node 14 (pool=14)
2026-08-14 23:53:11,219 [DEBUG] cnn_neat: Added edge 10→1 (from 46 candidates)
2026-08-14 23:53:11,230 [DEBUG] cnn_neat: Removed hidden node 9 (pool=10)
2026-08-14 23:53:11,236 [DEBUG] cnn_neat: Removed edge 11→10 (from 21 candidates)
2026-08-14 23:53:11,250 [DEBUG] cnn_neat: Removed 3 edges (requested 3)
2026-08-14 23:53:11,257 [DEBUG] cnn_neat: Split edge 6→14, new hidden node 15 (pool=14)
2026-08-14 23:53:11,334 [DEBUG] cnn_neat: Split edge 5→6, new hidden node 14 (pool=13)
2026-08-14 23:53:11,348 [DEBUG] cnn_neat: Added edge 7→1 (from 34 candidates)
2026-08-14 23:53:11,368 [DEBUG] cnn_neat: Removed hidden node 10 (pool=7)
2026-08-14 23:53:11,373 [DEBUG] cnn_neat: Removed edge 6→13 (from 12 candidates)
2026-08-14 23:53:11,389 [DEBUG] cnn_neat: Removed 3 edges (requested 3)
2026-08-14 23:53:11,402 [DEBUG] cnn_neat: Split edge 14→6, new hidden node 15 (pool=14)
2026-08-14 23:53:11,412 [DEBUG] cnn_neat: Split edge 10→7, new hidden node 14 (pool=14)
2026-08-14 23:53:11,419 [DEBUG] cnn_neat: Split edge 11→9, new hidden node 12 (pool=10)
2026-08-14 23:53:11,438 [DEBUG] cnn_neat: Split edge 5→10, new hidden node 14 (pool=14)
2026-08-14 23:53:11,448 [DEBUG] cnn_neat: Added edge 5→2 (from 27 candidates)
2026-08-14 23:53:11,461 [DEBUG] cnn_neat: Removed hidden node 13 (pool=7)
2026-08-14 23:53:11,471 [DEBUG] cnn_neat: Removed edge 2→13 (from 13 candidates)
2026-08-14 23:53:11,727 [DEBUG] cnn_neat: Removed 3 edges (requested 3)
2026-08-14 23:53:11,734 [DEBUG] cnn_neat: Split edge 0→5, new hidden node 15 (pool=15)
2026-08-14 23:53:11,748 [DEBUG] cnn_neat: Split edge 10→7, new hidden node 14 (pool=10)
2026-08-14 23:53:11,756 [DEBUG] cnn_neat: Split edge 0→5, new hidden node 14 (pool=9)
2026-08-14 23:53:11,775 [DEBUG] cnn_neat: Split edge 6→2, new hidden node 14 (pool=15)
2026-08-14 23:53:11,787 [DEBUG] cnn_neat: Added edge 11→3 (from 71 candidates)
2026-08-14 23:53:11,808 [DEBUG] cnn_neat: Removed hidden node 11 (pool=10)
2026-08-14 23:53:11,821 [DEBUG] cnn_neat: Removed edge 0→5 (from 13 candidates)
2026-08-14 23:53:11,843 [DEBUG] cnn_neat: Removed 3 edges (requested 3)
2026-08-14 23:53:11,847 [DEBUG] cnn_neat: Split edge 9→6, new hidden node 15 (pool=16)
2026-08-14 23:53:12,089 [DEBUG] cnn_neat: Split edge 5→6, new hidden node 13 (pool=13)
2026-08-14 23:53:12,104 [DEBUG] cnn_neat: Added edge 9→1 (from 47 candidates)
2026-08-14 23:53:12,125 [DEBUG] cnn_neat: Removed hidden node 7 (pool=9)
2026-08-14 23:53:12,130 [DEBUG] cnn_neat: Removed edge 5→6 (from 15 candidates)
2026-08-14 23:53:12,159 [DEBUG] cnn_neat: Removed 3 edges (requested 3)
2026-08-14 23:53:12,174 [DEBUG] cnn_neat: Split edge 6→7, new hidden node 14 (pool=14)
2026-08-14 23:53:12,192 [DEBUG] cnn_neat: Split edge 10→7, new hidden node 14 (pool=17)
2026-08-14 23:53:12,204 [DEBUG] cnn_neat: Added edge 11→5 (from 43 candidates)
2026-08-14 23:53:12,222 [DEBUG] cnn_neat: Removed hidden node 6 (pool=9)
2026-08-14 23:53:12,235 [DEBUG] cnn_neat: Removed edge 13→3 (from 18 candidates)
2026-08-14 23:53:12,252 [DEBUG] cnn_neat: Removed 3 edges (requested 3)
2026-08-14 23:53:12,268 [DEBUG] cnn_neat: Split edge 7→13, new hidden node 15 (pool=13)
2026-08-14 23:53:12,509 [DEBUG] cnn_neat: Split edge 10→7, new hidden node 14 (pool=14)
2026-08-14 23:53:12,517 [DEBUG] cnn_neat: Added edge 9→7 (from 49 candidates)
2026-08-14 23:53:12,538 [DEBUG] cnn_neat: Removed hidden node 9 (pool=10)
2026-08-14 23:53:12,541 [DEBUG] cnn_neat: Removed edge 0→5 (from 17 candidates)
2026-08-14 23:53:12,560 [DEBUG] cnn_neat: Removed 3 edges (requested 3)
2026-08-14 23:53:12,575 [DEBUG] cnn_neat: Split edge 2→1, new hidden node 15 (pool=15)
2026-08-14 23:53:12,588 [DEBUG] cnn_neat: Split edge 9→6, new hidden node 15 (pool=12)
2026-08-14 23:53:12,600 [DEBUG] cnn_neat: Added edge 7→3 (from 63 candidates)
2026-08-14 23:53:12,619 [DEBUG] cnn_neat: Removed hidden node 10 (pool=11)
2026-08-14 23:53:12,631 [DEBUG] cnn_neat: Removed edge 6→7 (from 15 candidates)
2026-08-14 23:53:12,880 [DEBUG] cnn_neat: Removed 3 edges (requested 3)
2026-08-14 23:53:12,894 [DEBUG] cnn_neat: Split edge 10→7, new hidden node 16 (pool=13)
2026-08-14 23:53:12,908 [DEBUG] cnn_neat: Split edge 6→2, new hidden node 16 (pool=11)
2026-08-14 23:53:12,916 [DEBUG] cnn_neat: Added edge 12→10 (from 86 candidates)
2026-08-14 23:53:12,940 [DEBUG] cnn_neat: Removed hidden node 13 (pool=12)
2026-08-14 23:53:12,981 [DEBUG] cnn_neat: Removed edge 5→6 (from 13 candidates)
2026-08-14 23:53:13,004 [DEBUG] cnn_neat: Removed 3 edges (requested 3)
2026-08-14 23:53:13,012 [DEBUG] cnn_neat: Split edge 0→11, new hidden node 17 (pool=17)
2026-08-14 23:53:13,311 [DEBUG] cnn_neat: Split edge 6→14, new hidden node 15 (pool=15)
2026-08-14 23:53:13,318 [DEBUG] cnn_neat: Added edge 2→3 (from 69 candidates)
2026-08-14 23:53:13,328 [DEBUG] cnn_neat: Removed hidden node 14 (pool=11)
2026-08-14 23:53:13,334 [DEBUG] cnn_neat: Removed edge 7→13 (from 16 candidates)
2026-08-14 23:53:13,346 [DEBUG] cnn_neat: Removed 3 edges (requested 3)
2026-08-14 23:53:13,352 [DEBUG] cnn_neat: Split edge 0→11, new hidden node 16 (pool=13)
2026-08-14 23:53:13,363 [DEBUG] cnn_neat: Split edge 13→3, new hidden node 14 (pool=18)
2026-08-14 23:53:13,370 [DEBUG] cnn_neat: Added edge 11→5 (from 41 candidates)
2026-08-14 23:53:13,382 [DEBUG] cnn_neat: Removed hidden node 11 (pool=10)
2026-08-14 23:53:13,388 [DEBUG] cnn_neat: Removed edge 12→3 (from 21 candidates)
2026-08-14 23:53:13,400 [DEBUG] cnn_neat: Removed 3 edges (requested 3)
2026-08-14 23:53:13,406 [DEBUG] cnn_neat: Split edge 6→3, new hidden node 15 (pool=17)
2026-08-14 23:53:13,416 [DEBUG] cnn_neat: Split edge 8→3, new hidden node 14 (pool=15)
2026-08-14 23:53:13,423 [DEBUG] cnn_neat: Added edge 8→1 (from 44 candidates)
2026-08-14 23:53:13,432 [DEBUG] cnn_neat: Removed hidden node 7 (pool=10)
2026-08-14 23:53:13,439 [DEBUG] cnn_neat: Removed edge 13→3 (from 22 candidates)
2026-08-14 23:53:13,450 [DEBUG] cnn_neat: Removed 3 edges (requested 3)
2026-08-14 23:53:13,456 [DEBUG] cnn_neat: Split edge 13→3, new hidden node 15 (pool=13)
2026-08-14 23:53:13,466 [DEBUG] cnn_neat: Split edge 8→3, new hidden node 15 (pool=13)
2026-08-14 23:53:13,473 [DEBUG] cnn_neat: Added edge 13→8 (from 49 candidates)
2026-08-14 23:53:13,486 [DEBUG] cnn_neat: Removed hidden node 3 (pool=11)
2026-08-14 23:53:13,491 [DEBUG] cnn_neat: Removed edge 0→11 (from 22 candidates)
2026-08-14 23:53:13,502 [DEBUG] cnn_neat: Removed 3 edges (requested 3)
2026-08-14 23:53:13,508 [DEBUG] cnn_neat: Split edge 7→2, new hidden node 16 (pool=11)
2026-08-14 23:53:13,519 [DEBUG] cnn_neat: Saved generation 20
2026-08-14 23:53:13,585 [DEBUG] cnn_neat: Split edge 6→7, new hidden node 11 (pool=12)
2026-08-14 23:53:13,597 [DEBUG] cnn_neat: Selected 25 elite individuals
2026-08-14 23:53:13,616 [DEBUG] cnn_neat: Added edge 9→1 (from 16 candidates)
2026-08-14 23:53:13,700 [DEBUG] cnn_neat: Removed hidden node 10 (pool=5)
2026-08-14 23:53:13,723 [DEBUG] cnn_neat: Removed edge 0→9 (from 11 candidates)
2026-08-14 23:53:13,745 [DEBUG] cnn_neat: Removed 3 edges (requested 3)
2026-08-14 23:53:13,757 [DEBUG] cnn_neat: Split edge 9→6, new hidden node 11 (pool=9)
2026-08-14 23:53:13,767 [DEBUG] cnn_neat: Split edge 5→6, new hidden node 11 (pool=10)
2026-08-14 23:53:13,777 [DEBUG] cnn_neat: Split edge 10→7, new hidden node 11 (pool=7)
2026-08-14 23:53:13,794 [DEBUG] cnn_neat: Split edge 9→6, new hidden node 13 (pool=15)
2026-08-14 23:53:13,803 [DEBUG] cnn_neat: Added edge 9→1 (from 35 candidates)
2026-08-14 23:53:13,818 [DEBUG] cnn_neat: Removed hidden node 5 (pool=8)
2026-08-14 23:53:13,827 [DEBUG] cnn_neat: Removed edge 0→5 (from 14 candidates)
2026-08-14 23:53:13,840 [DEBUG] cnn_neat: Removed 3 edges (requested 3)
2026-08-14 23:53:13,849 [DEBUG] cnn_neat: Split edge 11→12, new hidden node 13 (pool=16)
2026-08-14 23:53:13,855 [DEBUG] cnn_neat: Split edge 10→7, new hidden node 13 (pool=1)
2026-08-14 23:53:13,866 [DEBUG] cnn_neat: Split edge 2→1, new hidden node 11 (pool=10)
2026-08-14 23:53:13,870 [DEBUG] cnn_neat: Trimmed elite queue to 128 entries
2026-08-14 23:53:14,369 [DEBUG] cnn_neat: Added edge 10→1 (from 23 candidates)
2026-08-14 23:53:14,372 [DEBUG] cnn_neat: Split edge 6→2, new hidden node 16 (pool=11)
2026-08-14 23:53:14,376 [DEBUG] cnn_neat: Split edge 6→16, new hidden node 17 (pool=14)
2026-08-14 23:53:14,382 [DEBUG] cnn_neat: Added edge 5→11 (from 77 candidates)
2026-08-14 23:53:14,389 [DEBUG] cnn_neat: Removed hidden node 14 (pool=12)
2026-08-14 23:53:14,392 [DEBUG] cnn_neat: Removed edge 5→10 (from 14 candidates)
2026-08-14 23:53:14,399 [DEBUG] cnn_neat: Removed 3 edges (requested 3)
2026-08-14 23:53:14,404 [DEBUG] cnn_neat: Crossover rejected: union topology invalid (edges=33 nodes=23)
2026-08-14 23:53:14,408 [DEBUG] cnn_neat: Split edge 0→11, new hidden node 16 (pool=11)
2026-08-14 23:53:14,413 [DEBUG] cnn_neat: Added edge 12→13 (from 77 candidates)
2026-08-14 23:53:14,419 [DEBUG] cnn_neat: Added edge 10→15 (from 75 candidates)
2026-08-14 23:53:14,425 [DEBUG] cnn_neat: Added edge 5→11 (from 70 candidates)
2026-08-14 23:53:14,430 [DEBUG] cnn_neat: Added edge 15→1 (from 67 candidates)
2026-08-14 23:53:14,435 [DEBUG] cnn_neat: Added edge 2→3 (from 66 candidates)
2026-08-14 23:53:14,439 [DEBUG] cnn_neat: Split edge 5→3, new hidden node 15 (pool=13)
2026-08-14 23:53:14,443 [DEBUG] cnn_neat: Added edge 12→6 (from 70 candidates)
2026-08-14 23:53:14,452 [DEBUG] cnn_neat: Removed hidden node 14 (pool=11)
2026-08-14 23:53:14,454 [DEBUG] cnn_neat: Split edge 5→6, new hidden node 14 (pool=11)
2026-08-14 23:53:14,458 [DEBUG] cnn_neat: Removed edge 11→10 (from 14 candidates)
2026-08-14 23:53:14,464 [DEBUG] cnn_neat: Removed 3 edges (requested 3)
2026-08-14 23:53:14,470 [DEBUG] cnn_neat: Crossover rejected: union topology invalid (edges=40 nodes=26)
2026-08-14 23:53:14,474 [DEBUG] cnn_neat: Split edge 7→2, new hidden node 15 (pool=13)
2026-08-14 23:53:14,478 [DEBUG] cnn_neat: Added edge 10→12 (from 70 candidates)
2026-08-14 23:53:14,484 [DEBUG] cnn_neat: Added edge 11→6 (from 65 candidates)
2026-08-14 23:53:14,489 [DEBUG] cnn_neat: Added edge 2→8 (from 64 candidates)
2026-08-14 23:53:14,494 [DEBUG] cnn_neat: Added edge 9→7 (from 55 candidates)
2026-08-14 23:53:14,499 [DEBUG] cnn_neat: Added edge 6→10 (from 53 candidates)
2026-08-14 23:53:14,502 [DEBUG] cnn_neat: Split edge 5→6, new hidden node 14 (pool=14)
2026-08-14 23:53:14,507 [DEBUG] cnn_neat: Added edge 6→1 (from 58 candidates)
2026-08-14 23:53:14,516 [DEBUG] cnn_neat: Removed hidden node 8 (pool=10)
2026-08-14 23:53:14,520 [DEBUG] cnn_neat: Removed edge 6→2 (from 15 candidates)
2026-08-14 23:53:14,527 [DEBUG] cnn_neat: Removed 3 edges (requested 3)
2026-08-14 23:53:14,532 [DEBUG] cnn_neat: Crossover rejected: union topology invalid (edges=41 nodes=24)
2026-08-14 23:53:14,535 [DEBUG] cnn_neat: Split edge 2→1, new hidden node 14 (pool=14)
2026-08-14 23:53:14,541 [DEBUG] cnn_neat: Added edge 13→5 (from 58 candidates)
2026-08-14 23:53:14,548 [DEBUG] cnn_neat: Added edge 13→2 (from 53 candidates)
2026-08-14 23:53:14,553 [DEBUG] cnn_neat: Added edge 11→5 (from 52 candidates)
2026-08-14 23:53:14,558 [DEBUG] cnn_neat: Added edge 7→1 (from 51 candidates)
2026-08-14 23:53:14,563 [DEBUG] cnn_neat: Added edge 10→1 (from 50 candidates)
2026-08-14 23:53:14,567 [DEBUG] cnn_neat: Split edge 6→2, new hidden node 14 (pool=15)
2026-08-14 23:53:14,571 [DEBUG] cnn_neat: Added edge 11→5 (from 41 candidates)
2026-08-14 23:53:14,577 [DEBUG] cnn_neat: Removed hidden node 11 (pool=9)
2026-08-14 23:53:14,581 [DEBUG] cnn_neat: Removed edge 5→3 (from 19 candidates)
2026-08-14 23:53:14,587 [DEBUG] cnn_neat: Removed 3 edges (requested 3)
2026-08-14 23:53:14,592 [DEBUG] cnn_neat: Crossover rejected: union topology invalid (edges=40 nodes=25)
2026-08-14 23:53:14,595 [DEBUG] cnn_neat: Split edge 10→7, new hidden node 14 (pool=15)
2026-08-14 23:53:14,599 [DEBUG] cnn_neat: Added edge 6→1 (from 41 candidates)
2026-08-14 23:53:14,604 [DEBUG] cnn_neat: Added edge 0→10 (from 40 candidates)
2026-08-14 23:53:14,608 [DEBUG] cnn_neat: Added edge 13→2 (from 34 candidates)
2026-08-14 23:53:14,613 [DEBUG] cnn_neat: Added edge 5→11 (from 32 candidates)
2026-08-14 23:53:14,618 [DEBUG] cnn_neat: Added edge 9→13 (from 30 candidates)
2026-08-14 23:53:14,622 [DEBUG] cnn_neat: Split edge 5→3, new hidden node 15 (pool=15)
2026-08-14 23:53:14,627 [DEBUG] cnn_neat: Added edge 10→9 (from 63 candidates)
2026-08-14 23:53:14,634 [DEBUG] cnn_neat: Removed hidden node 3 (pool=11)
2026-08-14 23:53:14,637 [DEBUG] cnn_neat: Removed edge 5→3 (from 17 candidates)
2026-08-14 23:53:14,643 [DEBUG] cnn_neat: Removed 3 edges (requested 3)
2026-08-14 23:53:14,649 [DEBUG] cnn_neat: Crossover rejected: union topology invalid (edges=43 nodes=25)
2026-08-14 23:53:14,652 [DEBUG] cnn_neat: Split edge 10→7, new hidden node 15 (pool=15)
2026-08-14 23:53:14,657 [DEBUG] cnn_neat: Added edge 12→5 (from 63 candidates)
2026-08-14 23:53:14,662 [DEBUG] cnn_neat: Added edge 8→11 (from 58 candidates)
2026-08-14 23:53:14,666 [DEBUG] cnn_neat: Added edge 7→3 (from 54 candidates)
2026-08-14 23:53:14,672 [DEBUG] cnn_neat: Added edge 10→6 (from 53 candidates)
2026-08-14 23:53:14,676 [DEBUG] cnn_neat: Added edge 8→12 (from 51 candidates)
2026-08-14 23:53:14,680 [DEBUG] cnn_neat: Split edge 6→7, new hidden node 15 (pool=12)
2026-08-14 23:53:14,684 [DEBUG] cnn_neat: Added edge 9→12 (from 52 candidates)
2026-08-14 23:53:14,691 [DEBUG] cnn_neat: Removed hidden node 3 (pool=10)
2026-08-14 23:53:14,695 [DEBUG] cnn_neat: Removed edge 8→3 (from 20 candidates)
2026-08-14 23:53:14,702 [DEBUG] cnn_neat: Removed 3 edges (requested 3)
2026-08-14 23:53:14,706 [DEBUG] cnn_neat: Crossover rejected: union topology invalid (edges=40 nodes=23)
2026-08-14 23:53:14,710 [DEBUG] cnn_neat: Split edge 2→12, new hidden node 15 (pool=12)
2026-08-14 23:53:14,715 [DEBUG] cnn_neat: Added edge 14→10 (from 52 candidates)
2026-08-14 23:53:14,720 [DEBUG] cnn_neat: Added edge 8→14 (from 46 candidates)
2026-08-14 23:53:14,725 [DEBUG] cnn_neat: Added edge 10→3 (from 40 candidates)
2026-08-14 23:53:14,730 [DEBUG] cnn_neat: Added edge 8→11 (from 39 candidates)
2026-08-14 23:53:14,734 [DEBUG] cnn_neat: Added edge 8→5 (from 36 candidates)
2026-08-14 23:53:14,738 [DEBUG] cnn_neat: Split edge 8→3, new hidden node 14 (pool=15)
2026-08-14 23:53:14,743 [DEBUG] cnn_neat: Added edge 8→6 (from 51 candidates)
2026-08-14 23:53:14,750 [DEBUG] cnn_neat: Removed hidden node 8 (pool=10)
2026-08-14 23:53:14,753 [DEBUG] cnn_neat: Removed edge 6→7 (from 21 candidates)
2026-08-14 23:53:14,760 [DEBUG] cnn_neat: Removed 3 edges (requested 3)
2026-08-14 23:53:14,764 [DEBUG] cnn_neat: Crossover rejected: union topology invalid (edges=40 nodes=24)
2026-08-14 23:53:14,768 [DEBUG] cnn_neat: Split edge 0→11, new hidden node 14 (pool=15)
2026-08-14 23:53:14,772 [DEBUG] cnn_neat: Added edge 12→11 (from 51 candidates)
2026-08-14 23:53:14,776 [DEBUG] cnn_neat: Added edge 5→8 (from 50 candidates)
2026-08-14 23:53:14,780 [DEBUG] cnn_neat: Added edge 6→8 (from 48 candidates)
2026-08-14 23:53:14,785 [DEBUG] cnn_neat: Added edge 9→10 (from 45 candidates)
2026-08-14 23:53:14,790 [DEBUG] cnn_neat: Added edge 8→7 (from 43 candidates)
2026-08-14 23:53:14,793 [DEBUG] cnn_neat: Split edge 14→3, new hidden node 15 (pool=12)
2026-08-14 23:53:14,798 [DEBUG] cnn_neat: Added edge 7→13 (from 57 candidates)
2026-08-14 23:53:14,802 [DEBUG] cnn_neat: Split edge 2→13, new hidden node 15 (pool=14)
2026-08-14 23:53:14,928 [DEBUG] cnn_neat: Split edge 2→1, new hidden node 16 (pool=11)
2026-08-14 23:53:15,047 [DEBUG] cnn_neat: Added edge 15→5 (from 77 candidates)
2026-08-14 23:53:15,074 [DEBUG] cnn_neat: Removed hidden node 12 (pool=12)
2026-08-14 23:53:15,084 [DEBUG] cnn_neat: Removed edge 7→2 (from 14 candidates)
2026-08-14 23:53:15,102 [DEBUG] cnn_neat: Removed 3 edges (requested 3)
2026-08-14 23:53:15,110 [DEBUG] cnn_neat: Split edge 7→2, new hidden node 17 (pool=14)
2026-08-14 23:53:15,125 [DEBUG] cnn_neat: Split edge 10→7, new hidden node 15 (pool=14)
2026-08-14 23:53:15,135 [DEBUG] cnn_neat: Added edge 10→9 (from 56 candidates)
2026-08-14 23:53:15,155 [DEBUG] cnn_neat: Removed hidden node 12 (pool=11)
2026-08-14 23:53:15,162 [DEBUG] cnn_neat: Removed edge 0→11 (from 23 candidates)
2026-08-14 23:53:15,561 [DEBUG] cnn_neat: Removed 3 edges (requested 3)
2026-08-14 23:53:15,604 [DEBUG] cnn_neat: Split edge 14→6, new hidden node 15 (pool=13)
2026-08-14 23:53:15,636 [DEBUG] cnn_neat: Added edge 2→12 (from 70 candidates)
2026-08-14 23:53:15,684 [DEBUG] cnn_neat: Removed hidden node 10 (pool=11)
2026-08-14 23:53:15,703 [DEBUG] cnn_neat: Removed edge 0→5 (from 14 candidates)
2026-08-14 23:53:15,788 [DEBUG] cnn_neat: Removed 3 edges (requested 3)
2026-08-14 23:53:15,797 [DEBUG] cnn_neat: Split edge 7→2, new hidden node 16 (pool=9)
2026-08-14 23:53:15,831 [DEBUG] cnn_neat: Split edge 6→2, new hidden node 14 (pool=14)
2026-08-14 23:53:15,839 [DEBUG] cnn_neat: Added edge 3→1 (from 58 candidates)
2026-08-14 23:53:15,851 [DEBUG] cnn_neat: Removed hidden node 12 (pool=10)
2026-08-14 23:53:15,858 [DEBUG] cnn_neat: Removed edge 12→3 (from 15 candidates)
2026-08-14 23:53:15,870 [DEBUG] cnn_neat: Removed 3 edges (requested 3)
2026-08-14 23:53:15,878 [DEBUG] cnn_neat: Split edge 6→14, new hidden node 15 (pool=15)
2026-08-14 23:53:15,889 [DEBUG] cnn_neat: Split edge 6→7, new hidden node 14 (pool=15)
2026-08-14 23:53:15,896 [DEBUG] cnn_neat: Added edge 0→10 (from 41 candidates)
2026-08-14 23:53:15,907 [DEBUG] cnn_neat: Removed hidden node 12 (pool=9)
2026-08-14 23:53:15,913 [DEBUG] cnn_neat: Removed edge 10→7 (from 19 candidates)
2026-08-14 23:53:15,925 [DEBUG] cnn_neat: Removed 3 edges (requested 3)
2026-08-14 23:53:15,932 [DEBUG] cnn_neat: Split edge 12→6, new hidden node 15 (pool=13)
2026-08-14 23:53:15,944 [DEBUG] cnn_neat: Split edge 14→6, new hidden node 15 (pool=15)
2026-08-14 23:53:15,952 [DEBUG] cnn_neat: Added edge 12→1 (from 63 candidates)
2026-08-14 23:53:15,963 [DEBUG] cnn_neat: Removed hidden node 14 (pool=11)
2026-08-14 23:53:15,970 [DEBUG] cnn_neat: Removed edge 8→10 (from 17 candidates)
2026-08-14 23:53:15,982 [DEBUG] cnn_neat: Removed 3 edges (requested 3)
2026-08-14 23:53:15,990 [DEBUG] cnn_neat: Split edge 6→3, new hidden node 16 (pool=11)
2026-08-14 23:53:16,001 [DEBUG] cnn_neat: Split edge 9→6, new hidden node 15 (pool=12)
2026-08-14 23:53:16,008 [DEBUG] cnn_neat: Added edge 9→10 (from 52 candidates)
2026-08-14 23:53:16,020 [DEBUG] cnn_neat: Removed hidden node 10 (pool=10)
2026-08-14 23:53:16,027 [DEBUG] cnn_neat: Removed edge 6→2 (from 20 candidates)
2026-08-14 23:53:16,040 [DEBUG] cnn_neat: Removed 3 edges (requested 3)
2026-08-14 23:53:16,047 [DEBUG] cnn_neat: Split edge 9→15, new hidden node 16 (pool=9)
2026-08-14 23:53:16,058 [DEBUG] cnn_neat: Split edge 6→2, new hidden node 14 (pool=15)
2026-08-14 23:53:16,065 [DEBUG] cnn_neat: Added edge 10→1 (from 51 candidates)
2026-08-14 23:53:16,078 [DEBUG] cnn_neat: Removed hidden node 12 (pool=10)
2026-08-14 23:53:16,085 [DEBUG] cnn_neat: Removed edge 0→11 (from 21 candidates)
2026-08-14 23:53:16,095 [DEBUG] cnn_neat: Removed 3 edges (requested 3)
2026-08-14 23:53:16,103 [DEBUG] cnn_neat: Split edge 6→14, new hidden node 15 (pool=16)
2026-08-14 23:53:16,199 [DEBUG] cnn_neat: Split edge 6→7, new hidden node 15 (pool=12)
2026-08-14 23:53:16,213 [DEBUG] cnn_neat: Added edge 13→1 (from 57 candidates)
2026-08-14 23:53:16,234 [DEBUG] cnn_neat: Removed hidden node 8 (pool=11)
2026-08-14 23:53:16,248 [DEBUG] cnn_neat: Removed edge 10→7 (from 21 candidates)
2026-08-14 23:53:16,272 [DEBUG] cnn_neat: Removed 3 edges (requested 3)
2026-08-14 23:53:16,285 [DEBUG] cnn_neat: Split edge 2→12, new hidden node 16 (pool=10)
2026-08-14 23:53:16,303 [DEBUG] cnn_neat: Split edge 14→3, new hidden node 15 (pool=11)
2026-08-14 23:53:16,314 [DEBUG] cnn_neat: Added edge 7→3 (from 57 candidates)
2026-08-14 23:53:16,339 [DEBUG] cnn_neat: Removed hidden node 14 (pool=11)
2026-08-14 23:53:16,593 [DEBUG] cnn_neat: Removed edge 6→2 (from 24 candidates)
2026-08-14 23:53:16,615 [DEBUG] cnn_neat: Removed 3 edges (requested 3)
2026-08-14 23:53:16,627 [DEBUG] cnn_neat: Split edge 7→2, new hidden node 16 (pool=10)
2026-08-14 23:53:16,648 [DEBUG] cnn_neat: Split edge 0→5, new hidden node 11 (pool=11)
2026-08-14 23:53:16,660 [DEBUG] cnn_neat: Added edge 9→10 (from 19 candidates)
2026-08-14 23:53:16,681 [DEBUG] cnn_neat: Removed hidden node 10 (pool=5)
2026-08-14 23:53:16,690 [DEBUG] cnn_neat: Removed edge 0→5 (from 10 candidates)
2026-08-14 23:53:16,705 [DEBUG] cnn_neat: Removed 3 edges (requested 3)
2026-08-14 23:53:16,716 [DEBUG] cnn_neat: Split edge 0→6, new hidden node 12 (pool=8)
2026-08-14 23:53:16,964 [DEBUG] cnn_neat: Split edge 0→6, new hidden node 11 (pool=12)
2026-08-14 23:53:16,978 [DEBUG] cnn_neat: Split edge 6→7, new hidden node 13 (pool=13)
2026-08-14 23:53:16,991 [DEBUG] cnn_neat: Added edge 7→8 (from 52 candidates)
2026-08-14 23:53:17,016 [DEBUG] cnn_neat: Removed hidden node 10 (pool=9)
2026-08-14 23:53:17,029 [DEBUG] cnn_neat: Removed edge 5→6 (from 14 candidates)
2026-08-14 23:53:17,060 [DEBUG] cnn_neat: Removed 3 edges (requested 3)
2026-08-14 23:53:17,073 [DEBUG] cnn_neat: Split edge 5→3, new hidden node 13 (pool=14)
2026-08-14 23:53:17,085 [DEBUG] cnn_neat: Split edge 7→2, new hidden node 13 (pool=10)
2026-08-14 23:53:17,101 [DEBUG] cnn_neat: Added edge 5→11 (from 43 candidates)
2026-08-14 23:53:17,110 [DEBUG] cnn_neat: Added edge 11→7 (from 46 candidates)
2026-08-14 23:53:17,127 [DEBUG] cnn_neat: Split edge 2→1, new hidden node 14 (pool=12)
2026-08-14 23:53:17,140 [DEBUG] cnn_neat: Added edge 0→8 (from 57 candidates)
2026-08-14 23:53:17,401 [DEBUG] cnn_neat: Removed hidden node 12 (pool=10)
2026-08-14 23:53:17,412 [DEBUG] cnn_neat: Removed edge 13→3 (from 14 candidates)
2026-08-14 23:53:17,431 [DEBUG] cnn_neat: Removed 3 edges (requested 3)
2026-08-14 23:53:17,446 [DEBUG] cnn_neat: Split edge 7→2, new hidden node 15 (pool=15)
2026-08-14 23:53:17,458 [DEBUG] cnn_neat: Split edge 6→2, new hidden node 14 (pool=11)
2026-08-14 23:53:17,485 [DEBUG] cnn_neat: Split edge 7→2, new hidden node 14 (pool=14)
2026-08-14 23:53:17,496 [DEBUG] cnn_neat: Added edge 7→13 (from 65 candidates)
2026-08-14 23:53:17,528 [DEBUG] cnn_neat: Removed hidden node 9 (pool=10)
2026-08-14 23:53:17,781 [DEBUG] cnn_neat: Removed edge 13→3 (from 14 candidates)
2026-08-14 23:53:17,832 [DEBUG] cnn_neat: Removed 3 edges (requested 3)
2026-08-14 23:53:17,847 [DEBUG] cnn_neat: Split edge 6→3, new hidden node 14 (pool=14)
2026-08-14 23:53:17,861 [DEBUG] cnn_neat: Added edge 10→8 (from 54 candidates)
2026-08-14 23:53:17,873 [DEBUG] cnn_neat: Removed hidden node 12 (pool=10)
2026-08-14 23:53:17,883 [DEBUG] cnn_neat: Removed edge 6→7 (from 16 candidates)
2026-08-14 23:53:17,940 [DEBUG] cnn_neat: Removed 3 edges (requested 3)
2026-08-14 23:53:17,951 [DEBUG] cnn_neat: Split edge 10→8, new hidden node 14 (pool=17)
2026-08-14 23:53:17,964 [DEBUG] cnn_neat: Split edge 9→6, new hidden node 14 (pool=15)
2026-08-14 23:53:17,977 [DEBUG] cnn_neat: Split edge 0→11, new hidden node 15 (pool=13)
2026-08-14 23:53:18,277 [DEBUG] cnn_neat: Added edge 12→9 (from 72 candidates)
2026-08-14 23:53:18,288 [DEBUG] cnn_neat: Removed hidden node 11 (pool=11)
2026-08-14 23:53:18,294 [DEBUG] cnn_neat: Removed edge 14→3 (from 14 candidates)
2026-08-14 23:53:18,304 [DEBUG] cnn_neat: Removed 3 edges (requested 3)
2026-08-14 23:53:18,310 [DEBUG] cnn_neat: Split edge 6→2, new hidden node 15 (pool=13)
2026-08-14 23:53:18,317 [DEBUG] cnn_neat: Split edge 5→6, new hidden node 15 (pool=12)
2026-08-14 23:53:18,321 [DEBUG] cnn_neat: Split edge 11→10, new hidden node 15 (pool=1)
2026-08-14 23:53:18,332 [DEBUG] cnn_neat: Split edge 2→1, new hidden node 14 (pool=14)
2026-08-14 23:53:18,340 [DEBUG] cnn_neat: Added edge 10→6 (from 46 candidates)
2026-08-14 23:53:18,350 [DEBUG] cnn_neat: Removed hidden node 10 (pool=10)
2026-08-14 23:53:18,357 [DEBUG] cnn_neat: Removed edge 6→2 (from 21 candidates)
2026-08-14 23:53:18,367 [DEBUG] cnn_neat: Removed 3 edges (requested 3)
2026-08-14 23:53:18,374 [DEBUG] cnn_neat: Split edge 2→14, new hidden node 15 (pool=15)
2026-08-14 23:53:18,384 [DEBUG] cnn_neat: Split edge 6→2, new hidden node 14 (pool=13)
2026-08-14 23:53:18,390 [DEBUG] cnn_neat: Added edge 10→13 (from 34 candidates)
2026-08-14 23:53:18,400 [DEBUG] cnn_neat: Removed hidden node 9 (pool=7)
2026-08-14 23:53:18,405 [DEBUG] cnn_neat: Removed edge 10→7 (from 12 candidates)
2026-08-14 23:53:18,414 [DEBUG] cnn_neat: Removed 3 edges (requested 3)
2026-08-14 23:53:18,419 [DEBUG] cnn_neat: Split edge 10→7, new hidden node 15 (pool=14)
2026-08-14 23:53:18,430 [DEBUG] cnn_neat: Split edge 0→11, new hidden node 14 (pool=14)
2026-08-14 23:53:18,436 [DEBUG] cnn_neat: Added edge 10→6 (from 27 candidates)
2026-08-14 23:53:18,446 [DEBUG] cnn_neat: Removed hidden node 5 (pool=7)
2026-08-14 23:53:18,452 [DEBUG] cnn_neat: Removed edge 2→13 (from 13 candidates)
2026-08-14 23:53:18,462 [DEBUG] cnn_neat: Removed 3 edges (requested 3)
2026-08-14 23:53:18,468 [DEBUG] cnn_neat: Split edge 5→6, new hidden node 15 (pool=15)
2026-08-14 23:53:18,475 [DEBUG] cnn_neat: Split edge 7→13, new hidden node 14 (pool=15)
2026-08-14 23:53:18,485 [DEBUG] cnn_neat: Split edge 7→3, new hidden node 14 (pool=15)
2026-08-14 23:53:18,492 [DEBUG] cnn_neat: Saved generation 21
2026-08-14 23:53:18,573 [DEBUG] cnn_neat: Added edge 10→8 (from 71 candidates)
2026-08-14 23:53:18,575 [DEBUG] cnn_neat: Selected 25 elite individuals
2026-08-14 23:53:18,672 [DEBUG] cnn_neat: Removed hidden node 13 (pool=10)
2026-08-14 23:53:18,696 [DEBUG] cnn_neat: Removed edge 13→3 (from 13 candidates)
2026-08-14 23:53:18,731 [DEBUG] cnn_neat: Removed 3 edges (requested 3)
2026-08-14 23:53:18,744 [DEBUG] cnn_neat: Split edge 7→2, new hidden node 15 (pool=12)
2026-08-14 23:53:18,769 [DEBUG] cnn_neat: Split edge 5→6, new hidden node 13 (pool=13)
2026-08-14 23:53:18,784 [DEBUG] cnn_neat: Added edge 10→3 (from 47 candidates)
2026-08-14 23:53:18,804 [DEBUG] cnn_neat: Removed hidden node 12 (pool=9)
2026-08-14 23:53:18,813 [DEBUG] cnn_neat: Removed edge 11→10 (from 15 candidates)
2026-08-14 23:53:18,833 [DEBUG] cnn_neat: Removed 3 edges (requested 3)
2026-08-14 23:53:18,844 [DEBUG] cnn_neat: Split edge 2→1, new hidden node 13 (pool=14)
2026-08-14 23:53:18,852 [DEBUG] cnn_neat: Split edge 6→2, new hidden node 12 (pool=14)
2026-08-14 23:53:18,862 [DEBUG] cnn_neat: Trimmed elite queue to 128 entries
2026-08-14 23:53:19,389 [DEBUG] cnn_neat: Split edge 12→3, new hidden node 14 (pool=17)
2026-08-14 23:53:19,390 [DEBUG] cnn_neat: Split edge 0→5, new hidden node 16 (pool=12)
2026-08-14 23:53:19,394 [DEBUG] cnn_neat: Added edge 12→6 (from 71 candidates)
2026-08-14 23:53:19,400 [DEBUG] cnn_neat: Removed hidden node 8 (pool=11)
2026-08-14 23:53:19,405 [DEBUG] cnn_neat: Removed edge 8→3 (from 12 candidates)
2026-08-14 23:53:19,408 [DEBUG] cnn_neat: Split edge 12→3, new hidden node 16 (pool=13)
2026-08-14 23:53:19,414 [DEBUG] cnn_neat: Removed 3 edges (requested 3)
2026-08-14 23:53:19,419 [DEBUG] cnn_neat: Crossover rejected: union topology invalid (edges=34 nodes=24)
2026-08-14 23:53:19,423 [DEBUG] cnn_neat: Split edge 2→1, new hidden node 16 (pool=12)
2026-08-14 23:53:19,428 [DEBUG] cnn_neat: Added edge 10→15 (from 71 candidates)
2026-08-14 23:53:19,432 [DEBUG] cnn_neat: Added edge 5→11 (from 67 candidates)
2026-08-14 23:53:19,437 [DEBUG] cnn_neat: Added edge 7→3 (from 64 candidates)
2026-08-14 23:53:19,442 [DEBUG] cnn_neat: Added edge 6→3 (from 63 candidates)
2026-08-14 23:53:19,447 [DEBUG] cnn_neat: Added edge 11→3 (from 62 candidates)
2026-08-14 23:53:19,452 [DEBUG] cnn_neat: Split edge 10→7, new hidden node 15 (pool=15)
2026-08-14 23:53:19,456 [DEBUG] cnn_neat: Split edge 2→1, new hidden node 16 (pool=14)
2026-08-14 23:53:19,461 [DEBUG] cnn_neat: Added edge 2→8 (from 67 candidates)
2026-08-14 23:53:19,468 [DEBUG] cnn_neat: Removed hidden node 13 (pool=11)
2026-08-14 23:53:19,471 [DEBUG] cnn_neat: Removed edge 10→7 (from 16 candidates)
2026-08-14 23:53:19,477 [DEBUG] cnn_neat: Removed 3 edges (requested 3)
2026-08-14 23:53:19,482 [DEBUG] cnn_neat: Crossover rejected: union topology invalid (edges=31 nodes=20)
2026-08-14 23:53:19,488 [DEBUG] cnn_neat: Split edge 7→2, new hidden node 15 (pool=15)
2026-08-14 23:53:19,493 [DEBUG] cnn_neat: Added edge 9→8 (from 67 candidates)
2026-08-14 23:53:19,497 [DEBUG] cnn_neat: Added edge 9→3 (from 67 candidates)
2026-08-14 23:53:19,502 [DEBUG] cnn_neat: Added edge 8→5 (from 66 candidates)
2026-08-14 23:53:19,507 [DEBUG] cnn_neat: Added edge 11→6 (from 56 candidates)
2026-08-14 23:53:19,512 [DEBUG] cnn_neat: Added edge 10→6 (from 55 candidates)
2026-08-14 23:53:19,516 [DEBUG] cnn_neat: Split edge 8→10, new hidden node 15 (pool=16)
2026-08-14 23:53:19,520 [DEBUG] cnn_neat: Added edge 10→6 (from 53 candidates)
2026-08-14 23:53:19,525 [DEBUG] cnn_neat: Removed hidden node 5 (pool=9)
2026-08-14 23:53:19,529 [DEBUG] cnn_neat: Removed edge 0→5 (from 13 candidates)
2026-08-14 23:53:19,534 [DEBUG] cnn_neat: Removed 3 edges (requested 3)
2026-08-14 23:53:19,538 [DEBUG] cnn_neat: Crossover rejected: union topology invalid (edges=34 nodes=24)
2026-08-14 23:53:19,542 [DEBUG] cnn_neat: Split edge 6→2, new hidden node 15 (pool=16)
2026-08-14 23:53:19,546 [DEBUG] cnn_neat: Added edge 8→9 (from 53 candidates)
2026-08-14 23:53:19,550 [DEBUG] cnn_neat: Added edge 14→13 (from 49 candidates)
2026-08-14 23:53:19,554 [DEBUG] cnn_neat: Added edge 11→13 (from 48 candidates)
2026-08-14 23:53:19,558 [DEBUG] cnn_neat: Added edge 10→9 (from 41 candidates)
2026-08-14 23:53:19,563 [DEBUG] cnn_neat: Added edge 10→13 (from 35 candidates)
2026-08-14 23:53:19,566 [DEBUG] cnn_neat: Split edge 5→3, new hidden node 14 (pool=15)
2026-08-14 23:53:19,570 [DEBUG] cnn_neat: Added edge 3→2 (from 50 candidates)
2026-08-14 23:53:19,576 [DEBUG] cnn_neat: Removed hidden node 10 (pool=9)
2026-08-14 23:53:19,579 [DEBUG] cnn_neat: Removed edge 11→10 (from 14 candidates)
2026-08-14 23:53:19,586 [DEBUG] cnn_neat: Removed 3 edges (requested 3)
2026-08-14 23:53:19,590 [DEBUG] cnn_neat: Crossover rejected: union topology invalid (edges=35 nodes=23)
2026-08-14 23:53:19,594 [DEBUG] cnn_neat: Split edge 9→13, new hidden node 14 (pool=15)
2026-08-14 23:53:19,598 [DEBUG] cnn_neat: Added edge 10→13 (from 50 candidates)
2026-08-14 23:53:19,603 [DEBUG] cnn_neat: Added edge 12→6 (from 45 candidates)
2026-08-14 23:53:19,607 [DEBUG] cnn_neat: Added edge 2→3 (from 41 candidates)
2026-08-14 23:53:19,611 [DEBUG] cnn_neat: Added edge 11→3 (from 39 candidates)
2026-08-14 23:53:19,615 [DEBUG] cnn_neat: Added edge 12→2 (from 38 candidates)
2026-08-14 23:53:19,618 [DEBUG] cnn_neat: Split edge 2→12, new hidden node 15 (pool=17)
2026-08-14 23:53:19,623 [DEBUG] cnn_neat: Added edge 11→2 (from 39 candidates)
2026-08-14 23:53:19,629 [DEBUG] cnn_neat: Removed hidden node 10 (pool=8)
2026-08-14 23:53:19,632 [DEBUG] cnn_neat: Removed edge 11→9 (from 16 candidates)
2026-08-14 23:53:19,637 [DEBUG] cnn_neat: Removed 3 edges (requested 3)
2026-08-14 23:53:19,642 [DEBUG] cnn_neat: Crossover rejected: union topology invalid (edges=36 nodes=23)
2026-08-14 23:53:19,645 [DEBUG] cnn_neat: Split edge 5→9, new hidden node 15 (pool=17)
2026-08-14 23:53:19,649 [DEBUG] cnn_neat: Added edge 10→14 (from 39 candidates)
2026-08-14 23:53:19,653 [DEBUG] cnn_neat: Added edge 14→7 (from 37 candidates)
2026-08-14 23:53:19,657 [DEBUG] cnn_neat: Added edge 7→12 (from 33 candidates)
2026-08-14 23:53:19,661 [DEBUG] cnn_neat: Added edge 5→14 (from 32 candidates)
2026-08-14 23:53:19,666 [DEBUG] cnn_neat: Added edge 0→10 (from 26 candidates)
2026-08-14 23:53:19,670 [DEBUG] cnn_neat: Split edge 6→2, new hidden node 14 (pool=16)
2026-08-14 23:53:19,674 [DEBUG] cnn_neat: Added edge 12→2 (from 48 candidates)
2026-08-14 23:53:19,679 [DEBUG] cnn_neat: Removed hidden node 6 (pool=9)
2026-08-14 23:53:19,682 [DEBUG] cnn_neat: Removed edge 9→6 (from 18 candidates)
2026-08-14 23:53:19,689 [DEBUG] cnn_neat: Removed 3 edges (requested 3)
2026-08-14 23:53:19,694 [DEBUG] cnn_neat: Crossover rejected: union topology invalid (edges=41 nodes=25)
2026-08-14 23:53:19,697 [DEBUG] cnn_neat: Split edge 5→10, new hidden node 14 (pool=16)
2026-08-14 23:53:19,701 [DEBUG] cnn_neat: Added edge 12→9 (from 48 candidates)
2026-08-14 23:53:19,705 [DEBUG] cnn_neat: Added edge 10→9 (from 47 candidates)
2026-08-14 23:53:19,710 [DEBUG] cnn_neat: Added edge 12→5 (from 44 candidates)
2026-08-14 23:53:19,714 [DEBUG] cnn_neat: Added edge 9→2 (from 42 candidates)
2026-08-14 23:53:19,718 [DEBUG] cnn_neat: Added edge 11→12 (from 41 candidates)
2026-08-14 23:53:19,722 [DEBUG] cnn_neat: Split edge 0→5, new hidden node 16 (pool=9)
2026-08-14 23:53:19,728 [DEBUG] cnn_neat: Added edge 12→8 (from 76 candidates)
2026-08-14 23:53:19,734 [DEBUG] cnn_neat: Removed hidden node 12 (pool=12)
2026-08-14 23:53:19,737 [DEBUG] cnn_neat: Removed edge 11→10 (from 13 candidates)
2026-08-14 23:53:19,743 [DEBUG] cnn_neat: Removed 3 edges (requested 3)
2026-08-14 23:53:19,747 [DEBUG] cnn_neat: Crossover rejected: union topology invalid (edges=42 nodes=28)
2026-08-14 23:53:19,752 [DEBUG] cnn_neat: Split edge 14→6, new hidden node 16 (pool=9)
2026-08-14 23:53:19,757 [DEBUG] cnn_neat: Added edge 7→3 (from 76 candidates)
2026-08-14 23:53:19,762 [DEBUG] cnn_neat: Added edge 5→11 (from 75 candidates)
2026-08-14 23:53:19,767 [DEBUG] cnn_neat: Added edge 8→13 (from 71 candidates)
2026-08-14 23:53:19,773 [DEBUG] cnn_neat: Added edge 12→11 (from 70 candidates)
2026-08-14 23:53:19,778 [DEBUG] cnn_neat: Added edge 12→1 (from 66 candidates)
2026-08-14 23:53:19,781 [DEBUG] cnn_neat: Split edge 0→5, new hidden node 15 (pool=13)
2026-08-14 23:53:19,786 [DEBUG] cnn_neat: Added edge 8→7 (from 66 candidates)
2026-08-14 23:53:19,793 [DEBUG] cnn_neat: Removed hidden node 8 (pool=11)
2026-08-14 23:53:19,931 [DEBUG] cnn_neat: Split edge 15→6, new hidden node 16 (pool=11)
2026-08-14 23:53:19,982 [DEBUG] cnn_neat: Added edge 6→10 (from 77 candidates)
2026-08-14 23:53:20,061 [DEBUG] cnn_neat: Removed hidden node 13 (pool=12)
2026-08-14 23:53:20,070 [DEBUG] cnn_neat: Removed edge 12→3 (from 14 candidates)
2026-08-14 23:53:20,090 [DEBUG] cnn_neat: Removed 3 edges (requested 3)
2026-08-14 23:53:20,104 [DEBUG] cnn_neat: Split edge 0→5, new hidden node 17 (pool=7)
2026-08-14 23:53:20,115 [DEBUG] cnn_neat: Split edge 0→5, new hidden node 16 (pool=11)
2026-08-14 23:53:20,130 [DEBUG] cnn_neat: Split edge 15→6, new hidden node 16 (pool=12)
2026-08-14 23:53:20,142 [DEBUG] cnn_neat: Added edge 12→9 (from 71 candidates)
2026-08-14 23:53:20,156 [DEBUG] cnn_neat: Removed hidden node 6 (pool=11)
2026-08-14 23:53:20,165 [DEBUG] cnn_neat: Removed edge 6→2 (from 12 candidates)
2026-08-14 23:53:20,180 [DEBUG] cnn_neat: Removed 3 edges (requested 3)
2026-08-14 23:53:20,189 [DEBUG] cnn_neat: Split edge 5→3, new hidden node 17 (pool=8)
2026-08-14 23:53:20,638 [DEBUG] cnn_neat: Split edge 5→6, new hidden node 15 (pool=15)
2026-08-14 23:53:20,671 [DEBUG] cnn_neat: Added edge 10→8 (from 67 candidates)
2026-08-14 23:53:20,747 [DEBUG] cnn_neat: Removed hidden node 13 (pool=11)
2026-08-14 23:53:20,779 [DEBUG] cnn_neat: Removed edge 5→6 (from 16 candidates)
2026-08-14 23:53:20,836 [DEBUG] cnn_neat: Removed 3 edges (requested 3)
2026-08-14 23:53:20,840 [DEBUG] cnn_neat: Split edge 14→9, new hidden node 16 (pool=17)
2026-08-14 23:53:20,859 [DEBUG] cnn_neat: Split edge 0→11, new hidden node 15 (pool=13)
2026-08-14 23:53:20,871 [DEBUG] cnn_neat: Split edge 7→2, new hidden node 15 (pool=14)
2026-08-14 23:53:20,879 [DEBUG] cnn_neat: Added edge 9→13 (from 56 candidates)
2026-08-14 23:53:20,891 [DEBUG] cnn_neat: Removed hidden node 12 (pool=11)
2026-08-14 23:53:20,896 [DEBUG] cnn_neat: Removed edge 7→2 (from 23 candidates)
2026-08-14 23:53:20,906 [DEBUG] cnn_neat: Removed 3 edges (requested 3)
2026-08-14 23:53:20,911 [DEBUG] cnn_neat: Split edge 9→6, new hidden node 15 (pool=13)
2026-08-14 23:53:20,915 [DEBUG] cnn_neat: Split edge 6→7, new hidden node 15 (pool=11)
2026-08-14 23:53:20,921 [DEBUG] cnn_neat: Added edge 8→6 (from 60 candidates)
2026-08-14 23:53:20,926 [DEBUG] cnn_neat: Added edge 8→13 (from 72 candidates)
2026-08-14 23:53:20,937 [DEBUG] cnn_neat: Split edge 6→3, new hidden node 15 (pool=13)
2026-08-14 23:53:20,945 [DEBUG] cnn_neat: Added edge 10→8 (from 70 candidates)
2026-08-14 23:53:20,958 [DEBUG] cnn_neat: Removed hidden node 12 (pool=11)
2026-08-14 23:53:20,965 [DEBUG] cnn_neat: Removed edge 5→6 (from 14 candidates)
2026-08-14 23:53:20,977 [DEBUG] cnn_neat: Removed 3 edges (requested 3)
2026-08-14 23:53:20,986 [DEBUG] cnn_neat: Split edge 5→6, new hidden node 16 (pool=11)
2026-08-14 23:53:20,997 [DEBUG] cnn_neat: Split edge 0→11, new hidden node 14 (pool=14)
2026-08-14 23:53:21,004 [DEBUG] cnn_neat: Added edge 8→13 (from 58 candidates)
2026-08-14 23:53:21,016 [DEBUG] cnn_neat: Removed hidden node 10 (pool=10)
2026-08-14 23:53:21,023 [DEBUG] cnn_neat: Removed edge 13→6 (from 15 candidates)
2026-08-14 23:53:21,034 [DEBUG] cnn_neat: Removed 3 edges (requested 3)
2026-08-14 23:53:21,042 [DEBUG] cnn_neat: Split edge 6→2, new hidden node 15 (pool=12)
2026-08-14 23:53:21,052 [DEBUG] cnn_neat: Split edge 7→13, new hidden node 14 (pool=15)
2026-08-14 23:53:21,060 [DEBUG] cnn_neat: Added edge 9→7 (from 41 candidates)
2026-08-14 23:53:21,072 [DEBUG] cnn_neat: Removed hidden node 13 (pool=9)
2026-08-14 23:53:21,079 [DEBUG] cnn_neat: Removed edge 6→2 (from 19 candidates)
2026-08-14 23:53:21,090 [DEBUG] cnn_neat: Removed 3 edges (requested 3)
2026-08-14 23:53:21,096 [DEBUG] cnn_neat: Split edge 6→3, new hidden node 15 (pool=14)
2026-08-14 23:53:21,108 [DEBUG] cnn_neat: Split edge 7→2, new hidden node 15 (pool=15)
2026-08-14 23:53:21,116 [DEBUG] cnn_neat: Added edge 14→5 (from 63 candidates)
2026-08-14 23:53:21,139 [DEBUG] cnn_neat: Removed hidden node 8 (pool=11)
2026-08-14 23:53:21,145 [DEBUG] cnn_neat: Removed edge 5→6 (from 17 candidates)
2026-08-14 23:53:21,157 [DEBUG] cnn_neat: Removed 3 edges (requested 3)
2026-08-14 23:53:21,164 [DEBUG] cnn_neat: Split edge 7→13, new hidden node 16 (pool=14)
2026-08-14 23:53:21,264 [DEBUG] cnn_neat: Split edge 6→2, new hidden node 15 (pool=12)
2026-08-14 23:53:21,279 [DEBUG] cnn_neat: Added edge 7→1 (from 52 candidates)
2026-08-14 23:53:21,304 [DEBUG] cnn_neat: Removed hidden node 12 (pool=10)
2026-08-14 23:53:21,313 [DEBUG] cnn_neat: Removed edge 0→5 (from 20 candidates)
2026-08-14 23:53:21,330 [DEBUG] cnn_neat: Removed 3 edges (requested 3)
2026-08-14 23:53:21,344 [DEBUG] cnn_neat: Split edge 2→1, new hidden node 16 (pool=13)
2026-08-14 23:53:21,361 [DEBUG] cnn_neat: Split edge 7→3, new hidden node 14 (pool=15)
2026-08-14 23:53:21,369 [DEBUG] cnn_neat: Added edge 8→9 (from 51 candidates)
2026-08-14 23:53:21,394 [DEBUG] cnn_neat: Removed hidden node 13 (pool=10)
2026-08-14 23:53:21,406 [DEBUG] cnn_neat: Removed edge 0→5 (from 21 candidates)
2026-08-14 23:53:21,682 [DEBUG] cnn_neat: Removed 3 edges (requested 3)
2026-08-14 23:53:21,696 [DEBUG] cnn_neat: Split edge 12→3, new hidden node 15 (pool=14)
2026-08-14 23:53:21,712 [DEBUG] cnn_neat: Split edge 0→5, new hidden node 15 (pool=12)
2026-08-14 23:53:21,720 [DEBUG] cnn_neat: Added edge 7→1 (from 57 candidates)
2026-08-14 23:53:21,744 [DEBUG] cnn_neat: Removed hidden node 5 (pool=11)
2026-08-14 23:53:21,759 [DEBUG] cnn_neat: Removed edge 6→14 (from 21 candidates)
2026-08-14 23:53:21,779 [DEBUG] cnn_neat: Removed 3 edges (requested 3)
2026-08-14 23:53:21,795 [DEBUG] cnn_neat: Split edge 15→5, new hidden node 16 (pool=21)
2026-08-14 23:53:21,818 [DEBUG] cnn_neat: Split edge 6→2, new hidden node 15 (pool=11)
2026-08-14 23:53:22,087 [DEBUG] cnn_neat: Added edge 13→1 (from 57 candidates)
2026-08-14 23:53:22,118 [DEBUG] cnn_neat: Removed hidden node 13 (pool=11)
2026-08-14 23:53:22,132 [DEBUG] cnn_neat: Removed edge 7→2 (from 24 candidates)
2026-08-14 23:53:22,157 [DEBUG] cnn_neat: Removed 3 edges (requested 3)
2026-08-14 23:53:22,175 [DEBUG] cnn_neat: Split edge 2→13, new hidden node 15 (pool=16)
2026-08-14 23:53:22,189 [DEBUG] cnn_neat: Added edge 8→9 (from 53 candidates)
2026-08-14 23:53:22,213 [DEBUG] cnn_neat: Removed hidden node 5 (pool=9)
2026-08-14 23:53:22,226 [DEBUG] cnn_neat: Removed edge 9→14 (from 13 candidates)
2026-08-14 23:53:22,249 [DEBUG] cnn_neat: Removed 3 edges (requested 3)
2026-08-14 23:53:22,508 [DEBUG] cnn_neat: Split edge 8→10, new hidden node 16 (pool=14)
2026-08-14 23:53:22,521 [DEBUG] cnn_neat: Split edge 11→10, new hidden node 15 (pool=17)
2026-08-14 23:53:22,538 [DEBUG] cnn_neat: Split edge 13→6, new hidden node 14 (pool=15)
2026-08-14 23:53:22,553 [DEBUG] cnn_neat: Added edge 12→5 (from 50 candidates)
2026-08-14 23:53:22,580 [DEBUG] cnn_neat: Removed hidden node 3 (pool=9)
2026-08-14 23:53:22,591 [DEBUG] cnn_neat: Removed edge 11→10 (from 14 candidates)
2026-08-14 23:53:22,604 [DEBUG] cnn_neat: Removed 3 edges (requested 3)
2026-08-14 23:53:22,618 [DEBUG] cnn_neat: Split edge 0→5, new hidden node 15 (pool=11)
2026-08-14 23:53:22,625 [DEBUG] cnn_neat: Split edge 12→5, new hidden node 14 (pool=16)
2026-08-14 23:53:22,631 [DEBUG] cnn_neat: Split edge 0→11, new hidden node 15 (pool=17)
2026-08-14 23:53:22,642 [DEBUG] cnn_neat: Added edge 12→14 (from 39 candidates)
2026-08-14 23:53:22,663 [DEBUG] cnn_neat: Removed hidden node 7 (pool=8)
2026-08-14 23:53:22,673 [DEBUG] cnn_neat: Removed edge 0→5 (from 16 candidates)
2026-08-14 23:53:22,976 [DEBUG] cnn_neat: Removed 3 edges (requested 3)
2026-08-14 23:53:22,987 [DEBUG] cnn_neat: Split edge 6→2, new hidden node 16 (pool=17)
2026-08-14 23:53:23,013 [DEBUG] cnn_neat: Split edge 12→6, new hidden node 14 (pool=16)
2026-08-14 23:53:23,024 [DEBUG] cnn_neat: Added edge 9→7 (from 48 candidates)
2026-08-14 23:53:23,041 [DEBUG] cnn_neat: Removed hidden node 3 (pool=9)
2026-08-14 23:53:23,095 [DEBUG] cnn_neat: Removed edge 6→7 (from 18 candidates)
2026-08-14 23:53:23,164 [DEBUG] cnn_neat: Removed 3 edges (requested 3)
2026-08-14 23:53:23,169 [DEBUG] cnn_neat: Split edge 5→9, new hidden node 15 (pool=14)
2026-08-14 23:53:23,187 [DEBUG] cnn_neat: Split edge 5→6, new hidden node 16 (pool=9)
2026-08-14 23:53:23,196 [DEBUG] cnn_neat: Added edge 8→10 (from 76 candidates)
2026-08-14 23:53:23,520 [DEBUG] cnn_neat: Removed hidden node 14 (pool=12)
2026-08-14 23:53:23,526 [DEBUG] cnn_neat: Removed edge 6→7 (from 13 candidates)
2026-08-14 23:53:23,536 [DEBUG] cnn_neat: Split edge 6→2, new hidden node 15 (pool=13)
2026-08-14 23:53:23,544 [DEBUG] cnn_neat: Added edge 11→5 (from 66 candidates)
2026-08-14 23:53:23,556 [DEBUG] cnn_neat: Removed hidden node 13 (pool=11)
2026-08-14 23:53:23,562 [DEBUG] cnn_neat: Removed edge 11→10 (from 15 candidates)
2026-08-14 23:53:23,575 [DEBUG] cnn_neat: Removed 3 edges (requested 3)
2026-08-14 23:53:23,582 [DEBUG] cnn_neat: Split edge 14→6, new hidden node 16 (pool=16)
2026-08-14 23:53:23,593 [DEBUG] cnn_neat: Split edge 6→3, new hidden node 15 (pool=14)
2026-08-14 23:53:23,600 [DEBUG] cnn_neat: Added edge 8→13 (from 69 candidates)
2026-08-14 23:53:23,611 [DEBUG] cnn_neat: Removed hidden node 5 (pool=11)
2026-08-14 23:53:23,617 [DEBUG] cnn_neat: Removed edge 7→2 (from 15 candidates)
2026-08-14 23:53:23,628 [DEBUG] cnn_neat: Removed 3 edges (requested 3)
2026-08-14 23:53:23,635 [DEBUG] cnn_neat: Split edge 7→13, new hidden node 16 (pool=13)
2026-08-14 23:53:23,645 [DEBUG] cnn_neat: Split edge 5→6, new hidden node 15 (pool=12)
2026-08-14 23:53:23,652 [DEBUG] cnn_neat: Added edge 14→10 (from 39 candidates)
2026-08-14 23:53:23,664 [DEBUG] cnn_neat: Removed hidden node 12 (pool=9)
2026-08-14 23:53:23,670 [DEBUG] cnn_neat: Removed edge 11→10 (from 19 candidates)
2026-08-14 23:53:23,682 [DEBUG] cnn_neat: Removed 3 edges (requested 3)
2026-08-14 23:53:23,689 [DEBUG] cnn_neat: Split edge 10→7, new hidden node 16 (pool=13)
2026-08-14 23:53:23,700 [DEBUG] cnn_neat: Split edge 7→2, new hidden node 14 (pool=20)
2026-08-14 23:53:23,707 [DEBUG] cnn_neat: Added edge 11→3 (from 45 candidates)
2026-08-14 23:53:23,717 [DEBUG] cnn_neat: Removed hidden node 11 (pool=9)
2026-08-14 23:53:23,724 [DEBUG] cnn_neat: Removed edge 7→3 (from 19 candidates)
2026-08-14 23:53:23,735 [DEBUG] cnn_neat: Removed 3 edges (requested 3)
2026-08-14 23:53:23,737 [DEBUG] cnn_neat: Saved generation 22
2026-08-14 23:53:23,801 [DEBUG] cnn_neat: Split edge 5→9, new hidden node 15 (pool=19)
2026-08-14 23:53:23,818 [DEBUG] cnn_neat: Split edge 2→13, new hidden node 16 (pool=11)
2026-08-14 23:53:23,883 [DEBUG] cnn_neat: Added edge 12→9 (from 70 candidates)
2026-08-14 23:53:23,933 [DEBUG] cnn_neat: Selected 25 elite individuals
2026-08-14 23:53:23,954 [DEBUG] cnn_neat: Removed hidden node 14 (pool=12)
2026-08-14 23:53:23,967 [DEBUG] cnn_neat: Removed edge 7→2 (from 16 candidates)
2026-08-14 23:53:23,995 [DEBUG] cnn_neat: Removed 3 edges (requested 3)
2026-08-14 23:53:24,010 [DEBUG] cnn_neat: Split edge 2→1, new hidden node 17 (pool=9)
2026-08-14 23:53:24,025 [DEBUG] cnn_neat: Split edge 11→9, new hidden node 15 (pool=16)
2026-08-14 23:53:24,036 [DEBUG] cnn_neat: Added edge 12→8 (from 54 candidates)
2026-08-14 23:53:24,053 [DEBUG] cnn_neat: Removed hidden node 7 (pool=11)
2026-08-14 23:53:24,064 [DEBUG] cnn_neat: Removed edge 0→5 (from 20 candidates)
2026-08-14 23:53:24,083 [DEBUG] cnn_neat: Removed 3 edges (requested 3)
2026-08-14 23:53:24,094 [DEBUG] cnn_neat: Split edge 5→3, new hidden node 16 (pool=15)
2026-08-14 23:53:24,105 [DEBUG] cnn_neat: Split edge 9→14, new hidden node 15 (pool=13)
2026-08-14 23:53:24,115 [DEBUG] cnn_neat: Added edge 0→8 (from 51 candidates)
2026-08-14 23:53:24,127 [DEBUG] cnn_neat: Trimmed elite queue to 128 entries
2026-08-14 23:53:24,660 [DEBUG] cnn_neat: Removed hidden node 5 (pool=10)
2026-08-14 23:53:24,663 [DEBUG] cnn_neat: Split edge 2→1, new hidden node 16 (pool=13)
2026-08-14 23:53:24,668 [DEBUG] cnn_neat: Added edge 7→3 (from 57 candidates)
2026-08-14 23:53:24,674 [DEBUG] cnn_neat: Removed hidden node 15 (pool=10)
2026-08-14 23:53:24,677 [DEBUG] cnn_neat: Removed edge 12→3 (from 13 candidates)
2026-08-14 23:53:24,683 [DEBUG] cnn_neat: Removed 3 edges (requested 3)
2026-08-14 23:53:24,688 [DEBUG] cnn_neat: Crossover rejected: union topology invalid (edges=33 nodes=23)
2026-08-14 23:53:24,691 [DEBUG] cnn_neat: Split edge 6→7, new hidden node 16 (pool=13)
2026-08-14 23:53:24,696 [DEBUG] cnn_neat: Added edge 11→6 (from 57 candidates)
2026-08-14 23:53:24,701 [DEBUG] cnn_neat: Added edge 7→1 (from 56 candidates)
2026-08-14 23:53:24,705 [DEBUG] cnn_neat: Added edge 15→5 (from 55 candidates)
2026-08-14 23:53:24,709 [DEBUG] cnn_neat: Added edge 7→3 (from 50 candidates)
2026-08-14 23:53:24,714 [DEBUG] cnn_neat: Added edge 12→7 (from 49 candidates)
2026-08-14 23:53:24,718 [DEBUG] cnn_neat: Split edge 7→2, new hidden node 15 (pool=13)
2026-08-14 23:53:24,723 [DEBUG] cnn_neat: Added edge 12→11 (from 67 candidates)
2026-08-14 23:53:24,728 [DEBUG] cnn_neat: Removed hidden node 10 (pool=10)
2026-08-14 23:53:24,732 [DEBUG] cnn_neat: Removed edge 6→3 (from 13 candidates)
2026-08-14 23:53:24,739 [DEBUG] cnn_neat: Removed 3 edges (requested 3)
2026-08-14 23:53:24,743 [DEBUG] cnn_neat: Crossover rejected: union topology invalid (edges=38 nodes=25)
2026-08-14 23:53:24,746 [DEBUG] cnn_neat: Split edge 0→11, new hidden node 15 (pool=13)
2026-08-14 23:53:24,751 [DEBUG] cnn_neat: Added edge 12→2 (from 67 candidates)
2026-08-14 23:53:24,756 [DEBUG] cnn_neat: Added edge 8→7 (from 64 candidates)
2026-08-14 23:53:24,760 [DEBUG] cnn_neat: Added edge 8→1 (from 60 candidates)
2026-08-14 23:53:24,765 [DEBUG] cnn_neat: Added edge 14→7 (from 59 candidates)
2026-08-14 23:53:24,769 [DEBUG] cnn_neat: Added edge 8→6 (from 58 candidates)
2026-08-14 23:53:24,773 [DEBUG] cnn_neat: Split edge 0→11, new hidden node 17 (pool=12)
2026-08-14 23:53:24,778 [DEBUG] cnn_neat: Added edge 6→10 (from 66 candidates)
2026-08-14 23:53:24,783 [DEBUG] cnn_neat: Removed hidden node 15 (pool=11)
2026-08-14 23:53:24,787 [DEBUG] cnn_neat: Removed edge 0→5 (from 12 candidates)
2026-08-14 23:53:24,792 [DEBUG] cnn_neat: Removed 3 edges (requested 3)
2026-08-14 23:53:24,796 [DEBUG] cnn_neat: Crossover rejected: union topology invalid (edges=39 nodes=24)
2026-08-14 23:53:24,800 [DEBUG] cnn_neat: Split edge 0→5, new hidden node 17 (pool=12)
2026-08-14 23:53:24,805 [DEBUG] cnn_neat: Added edge 9→16 (from 66 candidates)
2026-08-14 23:53:24,809 [DEBUG] cnn_neat: Added edge 12→13 (from 65 candidates)
2026-08-14 23:53:24,813 [DEBUG] cnn_neat: Added edge 10→16 (from 64 candidates)
2026-08-14 23:53:24,817 [DEBUG] cnn_neat: Added edge 15→13 (from 60 candidates)
2026-08-14 23:53:24,822 [DEBUG] cnn_neat: Added edge 15→1 (from 58 candidates)
2026-08-14 23:53:24,826 [DEBUG] cnn_neat: Split edge 6→2, new hidden node 15 (pool=11)
2026-08-14 23:53:24,830 [DEBUG] cnn_neat: Added edge 12→10 (from 56 candidates)
2026-08-14 23:53:24,836 [DEBUG] cnn_neat: Removed hidden node 5 (pool=10)
2026-08-14 23:53:24,840 [DEBUG] cnn_neat: Removed edge 14→13 (from 14 candidates)
2026-08-14 23:53:24,847 [DEBUG] cnn_neat: Removed 3 edges (requested 3)
2026-08-14 23:53:24,852 [DEBUG] cnn_neat: Crossover rejected: union topology invalid (edges=35 nodes=24)
2026-08-14 23:53:24,855 [DEBUG] cnn_neat: Split edge 6→3, new hidden node 15 (pool=11)
2026-08-14 23:53:24,861 [DEBUG] cnn_neat: Added edge 14→10 (from 56 candidates)
2026-08-14 23:53:24,866 [DEBUG] cnn_neat: Added edge 10→2 (from 53 candidates)
2026-08-14 23:53:24,871 [DEBUG] cnn_neat: Added edge 3→2 (from 51 candidates)
2026-08-14 23:53:24,876 [DEBUG] cnn_neat: Added edge 6→10 (from 47 candidates)
2026-08-14 23:53:24,882 [DEBUG] cnn_neat: Added edge 13→7 (from 44 candidates)
2026-08-14 23:53:24,885 [DEBUG] cnn_neat: Split edge 8→3, new hidden node 16 (pool=12)
2026-08-14 23:53:24,891 [DEBUG] cnn_neat: Added edge 5→9 (from 65 candidates)
2026-08-14 23:53:24,896 [DEBUG] cnn_neat: Removed hidden node 6 (pool=11)
2026-08-14 23:53:24,900 [DEBUG] cnn_neat: Removed edge 0→5 (from 16 candidates)
2026-08-14 23:53:24,907 [DEBUG] cnn_neat: Removed 3 edges (requested 3)
2026-08-14 23:53:24,912 [DEBUG] cnn_neat: Crossover rejected: union topology invalid (edges=40 nodes=26)
2026-08-14 23:53:24,915 [DEBUG] cnn_neat: Split edge 0→5, new hidden node 16 (pool=12)
2026-08-14 23:53:24,920 [DEBUG] cnn_neat: Added edge 8→13 (from 65 candidates)
2026-08-14 23:53:24,925 [DEBUG] cnn_neat: Added edge 2→13 (from 63 candidates)
2026-08-14 23:53:24,929 [DEBUG] cnn_neat: Added edge 6→10 (from 60 candidates)
2026-08-14 23:53:24,934 [DEBUG] cnn_neat: Added edge 8→10 (from 56 candidates)
2026-08-14 23:53:24,939 [DEBUG] cnn_neat: Added edge 5→9 (from 53 candidates)
2026-08-14 23:53:24,943 [DEBUG] cnn_neat: Split edge 15→6, new hidden node 16 (pool=12)
2026-08-14 23:53:24,948 [DEBUG] cnn_neat: Added edge 11→5 (from 67 candidates)
2026-08-14 23:53:24,954 [DEBUG] cnn_neat: Removed hidden node 5 (pool=11)
2026-08-14 23:53:24,957 [DEBUG] cnn_neat: Removed edge 5→10 (from 13 candidates)
2026-08-14 23:53:24,964 [DEBUG] cnn_neat: Removed 3 edges (requested 3)
2026-08-14 23:53:24,969 [DEBUG] cnn_neat: Crossover rejected: union topology invalid (edges=44 nodes=26)
2026-08-14 23:53:24,972 [DEBUG] cnn_neat: Split edge 10→7, new hidden node 16 (pool=12)
2026-08-14 23:53:24,977 [DEBUG] cnn_neat: Added edge 8→10 (from 67 candidates)
2026-08-14 23:53:24,982 [DEBUG] cnn_neat: Added edge 10→9 (from 63 candidates)
2026-08-14 23:53:24,987 [DEBUG] cnn_neat: Added edge 15→13 (from 54 candidates)
2026-08-14 23:53:24,992 [DEBUG] cnn_neat: Added edge 11→5 (from 53 candidates)
2026-08-14 23:53:24,996 [DEBUG] cnn_neat: Added edge 6→13 (from 51 candidates)
2026-08-14 23:53:25,000 [DEBUG] cnn_neat: Split edge 7→2, new hidden node 15 (pool=16)
2026-08-14 23:53:25,006 [DEBUG] cnn_neat: Added edge 14→7 (from 63 candidates)
2026-08-14 23:53:25,011 [DEBUG] cnn_neat: Removed hidden node 11 (pool=11)
2026-08-14 23:53:25,014 [DEBUG] cnn_neat: Removed edge 0→5 (from 18 candidates)
2026-08-14 23:53:25,021 [DEBUG] cnn_neat: Removed 3 edges (requested 3)
2026-08-14 23:53:25,027 [DEBUG] cnn_neat: Crossover rejected: union topology invalid (edges=37 nodes=24)
2026-08-14 23:53:25,030 [DEBUG] cnn_neat: Split edge 5→3, new hidden node 15 (pool=16)
2026-08-14 23:53:25,035 [DEBUG] cnn_neat: Added edge 2→3 (from 63 candidates)
2026-08-14 23:53:25,039 [DEBUG] cnn_neat: Added edge 9→8 (from 62 candidates)
2026-08-14 23:53:25,044 [DEBUG] cnn_neat: Added edge 13→1 (from 60 candidates)
2026-08-14 23:53:25,049 [DEBUG] cnn_neat: Added edge 12→10 (from 58 candidates)
2026-08-14 23:53:25,055 [DEBUG] cnn_neat: Added edge 14→7 (from 54 candidates)
2026-08-14 23:53:25,059 [DEBUG] cnn_neat: Split edge 10→9, new hidden node 15 (pool=19)
2026-08-14 23:53:25,064 [DEBUG] cnn_neat: Added edge 9→7 (from 34 candidates)
2026-08-14 23:53:25,069 [DEBUG] cnn_neat: Removed hidden node 14 (pool=9)
2026-08-14 23:53:25,211 [DEBUG] cnn_neat: Split edge 2→1, new hidden node 16 (pool=11)
2026-08-14 23:53:25,343 [DEBUG] cnn_neat: Added edge 2→13 (from 77 candidates)
2026-08-14 23:53:25,372 [DEBUG] cnn_neat: Removed hidden node 15 (pool=12)
2026-08-14 23:53:25,382 [DEBUG] cnn_neat: Removed edge 5→10 (from 14 candidates)
2026-08-14 23:53:25,400 [DEBUG] cnn_neat: Removed 3 edges (requested 3)
2026-08-14 23:53:25,411 [DEBUG] cnn_neat: Split edge 7→13, new hidden node 16 (pool=13)
2026-08-14 23:53:25,420 [DEBUG] cnn_neat: Split edge 6→14, new hidden node 15 (pool=12)
2026-08-14 23:53:25,427 [DEBUG] cnn_neat: Split edge 6→2, new hidden node 16 (pool=9)
2026-08-14 23:53:25,443 [DEBUG] cnn_neat: Split edge 10→7, new hidden node 16 (pool=12)
2026-08-14 23:53:25,455 [DEBUG] cnn_neat: Added edge 10→3 (from 71 candidates)
2026-08-14 23:53:25,482 [DEBUG] cnn_neat: Removed hidden node 15 (pool=11)
2026-08-14 23:53:25,490 [DEBUG] cnn_neat: Removed edge 5→10 (from 12 candidates)
2026-08-14 23:53:25,944 [DEBUG] cnn_neat: Removed 3 edges (requested 3)
2026-08-14 23:53:25,992 [DEBUG] cnn_neat: Split edge 14→9, new hidden node 15 (pool=15)
2026-08-14 23:53:26,022 [DEBUG] cnn_neat: Added edge 8→14 (from 67 candidates)
2026-08-14 23:53:26,080 [DEBUG] cnn_neat: Removed hidden node 5 (pool=11)
2026-08-14 23:53:26,136 [DEBUG] cnn_neat: Removed edge 5→6 (from 16 candidates)
2026-08-14 23:53:26,169 [DEBUG] cnn_neat: Removed 3 edges (requested 3)
2026-08-14 23:53:26,189 [DEBUG] cnn_neat: Split edge 6→3, new hidden node 16 (pool=11)
2026-08-14 23:53:26,197 [DEBUG] cnn_neat: Split edge 11→14, new hidden node 15 (pool=15)
2026-08-14 23:53:26,209 [DEBUG] cnn_neat: Split edge 5→6, new hidden node 16 (pool=13)
2026-08-14 23:53:26,218 [DEBUG] cnn_neat: Added edge 7→3 (from 57 candidates)
2026-08-14 23:53:26,229 [DEBUG] cnn_neat: Removed hidden node 6 (pool=10)
2026-08-14 23:53:26,236 [DEBUG] cnn_neat: Removed edge 13→3 (from 13 candidates)
2026-08-14 23:53:26,248 [DEBUG] cnn_neat: Removed 3 edges (requested 3)
2026-08-14 23:53:26,256 [DEBUG] cnn_neat: Split edge 7→13, new hidden node 17 (pool=16)
2026-08-14 23:53:26,261 [DEBUG] cnn_neat: Split edge 7→2, new hidden node 16 (pool=13)
2026-08-14 23:53:26,271 [DEBUG] cnn_neat: Split edge 2→1, new hidden node 15 (pool=13)
2026-08-14 23:53:26,279 [DEBUG] cnn_neat: Added edge 10→14 (from 67 candidates)
2026-08-14 23:53:26,290 [DEBUG] cnn_neat: Removed hidden node 6 (pool=10)
2026-08-14 23:53:26,296 [DEBUG] cnn_neat: Removed edge 10→7 (from 13 candidates)
2026-08-14 23:53:26,309 [DEBUG] cnn_neat: Removed 3 edges (requested 3)
2026-08-14 23:53:26,317 [DEBUG] cnn_neat: Split edge 15→1, new hidden node 16 (pool=14)
2026-08-14 23:53:26,329 [DEBUG] cnn_neat: Split edge 2→1, new hidden node 17 (pool=12)
2026-08-14 23:53:26,338 [DEBUG] cnn_neat: Added edge 11→5 (from 66 candidates)
2026-08-14 23:53:26,351 [DEBUG] cnn_neat: Removed hidden node 16 (pool=11)
2026-08-14 23:53:26,357 [DEBUG] cnn_neat: Removed edge 7→2 (from 12 candidates)
2026-08-14 23:53:26,370 [DEBUG] cnn_neat: Removed 3 edges (requested 3)
2026-08-14 23:53:26,377 [DEBUG] cnn_neat: Split edge 10→7, new hidden node 18 (pool=15)
2026-08-14 23:53:26,385 [DEBUG] cnn_neat: Split edge 10→7, new hidden node 17 (pool=12)
2026-08-14 23:53:26,398 [DEBUG] cnn_neat: Split edge 12→3, new hidden node 15 (pool=11)
2026-08-14 23:53:26,406 [DEBUG] cnn_neat: Added edge 14→3 (from 56 candidates)
2026-08-14 23:53:26,420 [DEBUG] cnn_neat: Removed hidden node 5 (pool=10)
2026-08-14 23:53:26,427 [DEBUG] cnn_neat: Removed edge 6→2 (from 14 candidates)
2026-08-14 23:53:26,437 [DEBUG] cnn_neat: Removed 3 edges (requested 3)
2026-08-14 23:53:26,445 [DEBUG] cnn_neat: Split edge 2→1, new hidden node 16 (pool=10)
2026-08-14 23:53:26,453 [DEBUG] cnn_neat: Split edge 5→6, new hidden node 15 (pool=12)
2026-08-14 23:53:26,522 [DEBUG] cnn_neat: Split edge 0→5, new hidden node 16 (pool=12)
2026-08-14 23:53:26,531 [DEBUG] cnn_neat: Added edge 15→7 (from 65 candidates)
2026-08-14 23:53:26,542 [DEBUG] cnn_neat: Removed hidden node 15 (pool=11)
2026-08-14 23:53:26,549 [DEBUG] cnn_neat: Removed edge 8→3 (from 16 candidates)
2026-08-14 23:53:26,559 [DEBUG] cnn_neat: Removed 3 edges (requested 3)
2026-08-14 23:53:26,566 [DEBUG] cnn_neat: Split edge 9→15, new hidden node 16 (pool=13)
2026-08-14 23:53:26,572 [DEBUG] cnn_neat: Split edge 5→3, new hidden node 15 (pool=13)
2026-08-14 23:53:26,601 [DEBUG] cnn_neat: Split edge 11→9, new hidden node 16 (pool=12)
2026-08-14 23:53:26,614 [DEBUG] cnn_neat: Added edge 12→7 (from 67 candidates)
2026-08-14 23:53:26,635 [DEBUG] cnn_neat: Removed hidden node 8 (pool=11)
2026-08-14 23:53:26,649 [DEBUG] cnn_neat: Removed edge 6→2 (from 13 candidates)
2026-08-14 23:53:26,674 [DEBUG] cnn_neat: Removed 3 edges (requested 3)
2026-08-14 23:53:26,687 [DEBUG] cnn_neat: Split edge 7→2, new hidden node 17 (pool=8)
2026-08-14 23:53:26,712 [DEBUG] cnn_neat: Split edge 6→7, new hidden node 15 (pool=16)
2026-08-14 23:53:26,724 [DEBUG] cnn_neat: Added edge 12→2 (from 63 candidates)
2026-08-14 23:53:27,015 [DEBUG] cnn_neat: Removed hidden node 7 (pool=11)
2026-08-14 23:53:27,024 [DEBUG] cnn_neat: Removed edge 5→3 (from 18 candidates)
2026-08-14 23:53:27,046 [DEBUG] cnn_neat: Removed 3 edges (requested 3)
2026-08-14 23:53:27,060 [DEBUG] cnn_neat: Split edge 15→7, new hidden node 16 (pool=15)
2026-08-14 23:53:27,078 [DEBUG] cnn_neat: Split edge 7→13, new hidden node 15 (pool=19)
2026-08-14 23:53:27,092 [DEBUG] cnn_neat: Added edge 8→11 (from 34 candidates)
2026-08-14 23:53:27,116 [DEBUG] cnn_neat: Removed hidden node 11 (pool=9)
2026-08-14 23:53:27,132 [DEBUG] cnn_neat: Removed edge 2→13 (from 20 candidates)
2026-08-14 23:53:27,414 [DEBUG] cnn_neat: Removed 3 edges (requested 3)
2026-08-14 23:53:27,430 [DEBUG] cnn_neat: Split edge 6→7, new hidden node 16 (pool=18)
2026-08-14 23:53:27,457 [DEBUG] cnn_neat: Split edge 2→1, new hidden node 17 (pool=5)
2026-08-14 23:53:27,475 [DEBUG] cnn_neat: Added edge 8→14 (from 87 candidates)
2026-08-14 23:53:27,507 [DEBUG] cnn_neat: Removed hidden node 15 (pool=13)
2026-08-14 23:53:27,520 [DEBUG] cnn_neat: Removed edge 6→7 (from 13 candidates)
2026-08-14 23:53:27,545 [DEBUG] cnn_neat: Removed 3 edges (requested 3)
2026-08-14 23:53:27,561 [DEBUG] cnn_neat: Split edge 11→9, new hidden node 18 (pool=13)
2026-08-14 23:53:27,847 [DEBUG] cnn_neat: Split edge 5→6, new hidden node 15 (pool=14)
2026-08-14 23:53:27,866 [DEBUG] cnn_neat: Added edge 0→8 (from 56 candidates)
2026-08-14 23:53:27,893 [DEBUG] cnn_neat: Removed hidden node 14 (pool=11)
2026-08-14 23:53:27,906 [DEBUG] cnn_neat: Removed edge 5→6 (from 23 candidates)
2026-08-14 23:53:27,929 [DEBUG] cnn_neat: Removed 3 edges (requested 3)
2026-08-14 23:53:27,949 [DEBUG] cnn_neat: Split edge 5→6, new hidden node 15 (pool=13)
2026-08-14 23:53:27,962 [DEBUG] cnn_neat: Added edge 2→8 (from 70 candidates)
2026-08-14 23:53:27,994 [DEBUG] cnn_neat: Removed hidden node 12 (pool=11)
2026-08-14 23:53:28,005 [DEBUG] cnn_neat: Removed edge 10→7 (from 14 candidates)
2026-08-14 23:53:28,032 [DEBUG] cnn_neat: Removed 3 edges (requested 3)
2026-08-14 23:53:28,351 [DEBUG] cnn_neat: Split edge 13→3, new hidden node 16 (pool=16)
2026-08-14 23:53:28,373 [DEBUG] cnn_neat: Split edge 2→1, new hidden node 14 (pool=14)
2026-08-14 23:53:28,389 [DEBUG] cnn_neat: Added edge 6→12 (from 58 candidates)
2026-08-14 23:53:28,406 [DEBUG] cnn_neat: Removed hidden node 5 (pool=10)
2026-08-14 23:53:28,411 [DEBUG] cnn_neat: Removed edge 12→8 (from 15 candidates)
2026-08-14 23:53:28,433 [DEBUG] cnn_neat: Removed 3 edges (requested 3)
2026-08-14 23:53:28,484 [DEBUG] cnn_neat: Split edge 11→9, new hidden node 14 (pool=11)
2026-08-14 23:53:28,489 [DEBUG] cnn_neat: Split edge 13→6, new hidden node 14 (pool=15)
2026-08-14 23:53:28,514 [DEBUG] cnn_neat: Split edge 9→6, new hidden node 14 (pool=15)
2026-08-14 23:53:28,522 [DEBUG] cnn_neat: Added edge 10→2 (from 41 candidates)
2026-08-14 23:53:28,860 [DEBUG] cnn_neat: Removed hidden node 3 (pool=9)
2026-08-14 23:53:28,869 [DEBUG] cnn_neat: Split edge 2→1, new hidden node 15 (pool=15)
2026-08-14 23:53:28,877 [DEBUG] cnn_neat: Added edge 11→6 (from 63 candidates)
2026-08-14 23:53:28,901 [DEBUG] cnn_neat: Removed hidden node 12 (pool=11)
2026-08-14 23:53:28,908 [DEBUG] cnn_neat: Removed edge 0→5 (from 17 candidates)
2026-08-14 23:53:28,921 [DEBUG] cnn_neat: Removed 3 edges (requested 3)
2026-08-14 23:53:28,928 [DEBUG] cnn_neat: Split edge 2→15, new hidden node 16 (pool=17)
2026-08-14 23:53:28,939 [DEBUG] cnn_neat: Split edge 9→6, new hidden node 15 (pool=12)
2026-08-14 23:53:28,949 [DEBUG] cnn_neat: Added edge 10→8 (from 52 candidates)
2026-08-14 23:53:28,961 [DEBUG] cnn_neat: Removed hidden node 6 (pool=10)
2026-08-14 23:53:28,968 [DEBUG] cnn_neat: Removed edge 6→2 (from 20 candidates)
2026-08-14 23:53:28,982 [DEBUG] cnn_neat: Removed 3 edges (requested 3)
2026-08-14 23:53:28,989 [DEBUG] cnn_neat: Split edge 7→2, new hidden node 15 (pool=9)
2026-08-14 23:53:28,994 [DEBUG] cnn_neat: Split edge 9→14, new hidden node 15 (pool=15)
2026-08-14 23:53:28,999 [DEBUG] cnn_neat: Split edge 11→9, new hidden node 15 (pool=18)
2026-08-14 23:53:29,011 [DEBUG] cnn_neat: Split edge 12→10, new hidden node 14 (pool=15)
2026-08-14 23:53:29,019 [DEBUG] cnn_neat: Added edge 10→8 (from 51 candidates)
2026-08-14 23:53:29,032 [DEBUG] cnn_neat: Removed hidden node 3 (pool=10)
2026-08-14 23:53:29,039 [DEBUG] cnn_neat: Removed edge 6→13 (from 21 candidates)
2026-08-14 23:53:29,051 [DEBUG] cnn_neat: Removed 3 edges (requested 3)
2026-08-14 23:53:29,057 [DEBUG] cnn_neat: Split edge 6→13, new hidden node 15 (pool=13)
2026-08-14 23:53:29,067 [DEBUG] cnn_neat: Saved generation 23
2026-08-14 23:53:29,154 [DEBUG] cnn_neat: Selected 25 elite individuals
2026-08-14 23:53:29,156 [DEBUG] cnn_neat: Split edge 6→7, new hidden node 15 (pool=12)
2026-08-14 23:53:29,183 [DEBUG] cnn_neat: Added edge 2→3 (from 57 candidates)
2026-08-14 23:53:29,280 [DEBUG] cnn_neat: Removed hidden node 5 (pool=11)
2026-08-14 23:53:29,305 [DEBUG] cnn_neat: Removed edge 5→3 (from 21 candidates)
2026-08-14 23:53:29,336 [DEBUG] cnn_neat: Removed 3 edges (requested 3)
2026-08-14 23:53:29,354 [DEBUG] cnn_neat: Split edge 2→1, new hidden node 15 (pool=13)
2026-08-14 23:53:29,364 [DEBUG] cnn_neat: Split edge 9→14, new hidden node 15 (pool=14)
2026-08-14 23:53:29,376 [DEBUG] cnn_neat: Split edge 6→7, new hidden node 15 (pool=15)
2026-08-14 23:53:29,392 [DEBUG] cnn_neat: Split edge 13→3, new hidden node 15 (pool=11)
2026-08-14 23:53:29,403 [DEBUG] cnn_neat: Added edge 14→8 (from 57 candidates)
2026-08-14 23:53:29,422 [DEBUG] cnn_neat: Removed hidden node 13 (pool=11)
2026-08-14 23:53:29,431 [DEBUG] cnn_neat: Removed edge 13→3 (from 24 candidates)
2026-08-14 23:53:29,452 [DEBUG] cnn_neat: Removed 3 edges (requested 3)
2026-08-14 23:53:29,453 [DEBUG] cnn_neat: Trimmed elite queue to 128 entries
2026-08-14 23:53:30,017 [DEBUG] cnn_neat: Split edge 14→3, new hidden node 16 (pool=9)
2026-08-14 23:53:30,018 [DEBUG] cnn_neat: Split edge 2→1, new hidden node 16 (pool=12)
2026-08-14 23:53:30,022 [DEBUG] cnn_neat: Added edge 15→3 (from 40 candidates)
2026-08-14 23:53:30,028 [DEBUG] cnn_neat: Removed hidden node 13 (pool=9)
2026-08-14 23:53:30,033 [DEBUG] cnn_neat: Removed edge 10→7 (from 14 candidates)
2026-08-14 23:53:30,039 [DEBUG] cnn_neat: Removed 3 edges (requested 3)
2026-08-14 23:53:30,043 [DEBUG] cnn_neat: Crossover rejected: union topology invalid (edges=34 nodes=24)
2026-08-14 23:53:30,046 [DEBUG] cnn_neat: Split edge 6→7, new hidden node 16 (pool=12)
2026-08-14 23:53:30,051 [DEBUG] cnn_neat: Added edge 7→3 (from 40 candidates)
2026-08-14 23:53:30,055 [DEBUG] cnn_neat: Added edge 0→9 (from 39 candidates)
2026-08-14 23:53:30,059 [DEBUG] cnn_neat: Added edge 6→3 (from 36 candidates)
2026-08-14 23:53:30,064 [DEBUG] cnn_neat: Added edge 9→6 (from 35 candidates)
2026-08-14 23:53:30,069 [DEBUG] cnn_neat: Added edge 11→3 (from 34 candidates)
2026-08-14 23:53:30,072 [DEBUG] cnn_neat: Split edge 11→14, new hidden node 15 (pool=12)
2026-08-14 23:53:30,077 [DEBUG] cnn_neat: Added edge 3→6 (from 72 candidates)
2026-08-14 23:53:30,083 [DEBUG] cnn_neat: Removed hidden node 8 (pool=10)
2026-08-14 23:53:30,087 [DEBUG] cnn_neat: Removed edge 12→3 (from 10 candidates)
2026-08-14 23:53:30,094 [DEBUG] cnn_neat: Removed 3 edges (requested 3)
2026-08-14 23:53:30,098 [DEBUG] cnn_neat: Crossover rejected: union topology invalid (edges=36 nodes=26)
2026-08-14 23:53:30,102 [DEBUG] cnn_neat: Split edge 9→6, new hidden node 15 (pool=12)
2026-08-14 23:53:30,106 [DEBUG] cnn_neat: Added edge 6→1 (from 72 candidates)
2026-08-14 23:53:30,111 [DEBUG] cnn_neat: Added edge 3→2 (from 65 candidates)
2026-08-14 23:53:30,117 [DEBUG] cnn_neat: Added edge 14→6 (from 63 candidates)
2026-08-14 23:53:30,122 [DEBUG] cnn_neat: Added edge 14→7 (from 62 candidates)
2026-08-14 23:53:30,127 [DEBUG] cnn_neat: Added edge 8→5 (from 61 candidates)
2026-08-14 23:53:30,131 [DEBUG] cnn_neat: Split edge 0→5, new hidden node 16 (pool=11)
2026-08-14 23:53:30,137 [DEBUG] cnn_neat: Added edge 10→6 (from 75 candidates)
2026-08-14 23:53:30,143 [DEBUG] cnn_neat: Removed hidden node 10 (pool=11)
2026-08-14 23:53:30,147 [DEBUG] cnn_neat: Removed edge 14→3 (from 12 candidates)
2026-08-14 23:53:30,152 [DEBUG] cnn_neat: Removed 3 edges (requested 3)
2026-08-14 23:53:30,157 [DEBUG] cnn_neat: Crossover rejected: union topology invalid (edges=36 nodes=26)
2026-08-14 23:53:30,161 [DEBUG] cnn_neat: Split edge 2→1, new hidden node 16 (pool=11)
2026-08-14 23:53:30,166 [DEBUG] cnn_neat: Added edge 15→2 (from 75 candidates)
2026-08-14 23:53:30,171 [DEBUG] cnn_neat: Added edge 5→9 (from 74 candidates)
2026-08-14 23:53:30,177 [DEBUG] cnn_neat: Added edge 10→15 (from 71 candidates)
2026-08-14 23:53:30,183 [DEBUG] cnn_neat: Added edge 9→6 (from 66 candidates)
2026-08-14 23:53:30,188 [DEBUG] cnn_neat: Added edge 3→1 (from 65 candidates)
2026-08-14 23:53:30,193 [DEBUG] cnn_neat: Split edge 6→2, new hidden node 16 (pool=14)
2026-08-14 23:53:30,197 [DEBUG] cnn_neat: Added edge 12→15 (from 56 candidates)
2026-08-14 23:53:30,203 [DEBUG] cnn_neat: Removed hidden node 5 (pool=10)
2026-08-14 23:53:30,207 [DEBUG] cnn_neat: Removed edge 10→7 (from 15 candidates)
2026-08-14 23:53:30,215 [DEBUG] cnn_neat: Removed 3 edges (requested 3)
2026-08-14 23:53:30,221 [DEBUG] cnn_neat: Crossover rejected: union topology invalid (edges=38 nodes=27)
2026-08-14 23:53:30,225 [DEBUG] cnn_neat: Split edge 9→15, new hidden node 16 (pool=14)
2026-08-14 23:53:30,229 [DEBUG] cnn_neat: Added edge 15→5 (from 56 candidates)
2026-08-14 23:53:30,234 [DEBUG] cnn_neat: Added edge 6→13 (from 51 candidates)
2026-08-14 23:53:30,238 [DEBUG] cnn_neat: Added edge 9→7 (from 52 candidates)
2026-08-14 23:53:30,244 [DEBUG] cnn_neat: Added edge 0→15 (from 50 candidates)
2026-08-14 23:53:30,249 [DEBUG] cnn_neat: Added edge 12→5 (from 45 candidates)
2026-08-14 23:53:30,253 [DEBUG] cnn_neat: Split edge 2→1, new hidden node 15 (pool=13)
2026-08-14 23:53:30,257 [DEBUG] cnn_neat: Added edge 14→5 (from 60 candidates)
2026-08-14 23:53:30,267 [DEBUG] cnn_neat: Removed hidden node 3 (pool=10)
2026-08-14 23:53:30,270 [DEBUG] cnn_neat: Removed edge 8→3 (from 14 candidates)
2026-08-14 23:53:30,278 [DEBUG] cnn_neat: Removed 3 edges (requested 3)
2026-08-14 23:53:30,283 [DEBUG] cnn_neat: Crossover rejected: union topology invalid (edges=34 nodes=24)
2026-08-14 23:53:30,287 [DEBUG] cnn_neat: Split edge 0→11, new hidden node 15 (pool=13)
2026-08-14 23:53:30,291 [DEBUG] cnn_neat: Added edge 8→1 (from 60 candidates)
2026-08-14 23:53:30,295 [DEBUG] cnn_neat: Added edge 14→6 (from 58 candidates)
2026-08-14 23:53:30,300 [DEBUG] cnn_neat: Added edge 9→5 (from 57 candidates)
2026-08-14 23:53:30,305 [DEBUG] cnn_neat: Added edge 7→8 (from 52 candidates)
2026-08-14 23:53:30,310 [DEBUG] cnn_neat: Added edge 10→6 (from 41 candidates)
2026-08-14 23:53:30,314 [DEBUG] cnn_neat: Split edge 7→2, new hidden node 17 (pool=8)
2026-08-14 23:53:30,320 [DEBUG] cnn_neat: Added edge 2→8 (from 83 candidates)
2026-08-14 23:53:30,334 [DEBUG] cnn_neat: Removed hidden node 12 (pool=12)
2026-08-14 23:53:30,338 [DEBUG] cnn_neat: Removed edge 5→6 (from 12 candidates)
2026-08-14 23:53:30,347 [DEBUG] cnn_neat: Removed 3 edges (requested 3)
2026-08-14 23:53:30,353 [DEBUG] cnn_neat: Crossover rejected: union topology invalid (edges=39 nodes=28)
2026-08-14 23:53:30,356 [DEBUG] cnn_neat: Split edge 0→5, new hidden node 17 (pool=8)
2026-08-14 23:53:30,362 [DEBUG] cnn_neat: Added edge 12→16 (from 83 candidates)
2026-08-14 23:53:30,368 [DEBUG] cnn_neat: Added edge 5→11 (from 78 candidates)
2026-08-14 23:53:30,373 [DEBUG] cnn_neat: Added edge 10→6 (from 73 candidates)
2026-08-14 23:53:30,378 [DEBUG] cnn_neat: Added edge 12→1 (from 71 candidates)
2026-08-14 23:53:30,384 [DEBUG] cnn_neat: Added edge 10→12 (from 70 candidates)
2026-08-14 23:53:30,388 [DEBUG] cnn_neat: Split edge 10→7, new hidden node 16 (pool=12)
2026-08-14 23:53:30,393 [DEBUG] cnn_neat: Added edge 15→7 (from 65 candidates)
2026-08-14 23:53:30,405 [DEBUG] cnn_neat: Removed hidden node 5 (pool=11)
2026-08-14 23:53:30,409 [DEBUG] cnn_neat: Removed edge 0→5 (from 13 candidates)
2026-08-14 23:53:30,417 [DEBUG] cnn_neat: Removed 3 edges (requested 3)
2026-08-14 23:53:30,421 [DEBUG] cnn_neat: Crossover rejected: union topology invalid (edges=39 nodes=27)
2026-08-14 23:53:30,424 [DEBUG] cnn_neat: Split edge 0→11, new hidden node 16 (pool=12)
2026-08-14 23:53:30,430 [DEBUG] cnn_neat: Added edge 15→2 (from 65 candidates)
2026-08-14 23:53:30,435 [DEBUG] cnn_neat: Added edge 9→5 (from 64 candidates)
2026-08-14 23:53:30,439 [DEBUG] cnn_neat: Added edge 9→2 (from 59 candidates)
2026-08-14 23:53:30,445 [DEBUG] cnn_neat: Added edge 13→1 (from 58 candidates)
2026-08-14 23:53:30,452 [DEBUG] cnn_neat: Added edge 12→7 (from 57 candidates)
2026-08-14 23:53:30,456 [DEBUG] cnn_neat: Split edge 6→2, new hidden node 15 (pool=12)
2026-08-14 23:53:30,461 [DEBUG] cnn_neat: Added edge 14→6 (from 52 candidates)
2026-08-14 23:53:30,467 [DEBUG] cnn_neat: Removed hidden node 7 (pool=10)
2026-08-14 23:53:30,611 [DEBUG] cnn_neat: Split edge 5→6, new hidden node 16 (pool=11)
2026-08-14 23:53:30,622 [DEBUG] cnn_neat: Added edge 12→14 (from 77 candidates)
2026-08-14 23:53:30,769 [DEBUG] cnn_neat: Removed hidden node 12 (pool=12)
2026-08-14 23:53:30,778 [DEBUG] cnn_neat: Removed edge 10→7 (from 14 candidates)
2026-08-14 23:53:30,796 [DEBUG] cnn_neat: Removed 3 edges (requested 3)
2026-08-14 23:53:30,807 [DEBUG] cnn_neat: Split edge 6→7, new hidden node 17 (pool=17)
2026-08-14 23:53:30,818 [DEBUG] cnn_neat: Split edge 2→1, new hidden node 16 (pool=11)
2026-08-14 23:53:30,834 [DEBUG] cnn_neat: Split edge 7→2, new hidden node 16 (pool=12)
2026-08-14 23:53:30,846 [DEBUG] cnn_neat: Added edge 12→9 (from 71 candidates)
2026-08-14 23:53:30,865 [DEBUG] cnn_neat: Removed hidden node 3 (pool=11)
2026-08-14 23:53:30,874 [DEBUG] cnn_neat: Removed edge 7→2 (from 12 candidates)
2026-08-14 23:53:30,891 [DEBUG] cnn_neat: Removed 3 edges (requested 3)
2026-08-14 23:53:30,904 [DEBUG] cnn_neat: Split edge 2→1, new hidden node 17 (pool=11)
2026-08-14 23:53:30,915 [DEBUG] cnn_neat: Split edge 10→7, new hidden node 16 (pool=13)
2026-08-14 23:53:31,377 [DEBUG] cnn_neat: Split edge 6→2, new hidden node 15 (pool=15)
2026-08-14 23:53:31,408 [DEBUG] cnn_neat: Added edge 8→1 (from 67 candidates)
2026-08-14 23:53:31,468 [DEBUG] cnn_neat: Removed hidden node 3 (pool=11)
2026-08-14 23:53:31,488 [DEBUG] cnn_neat: Removed edge 6→7 (from 16 candidates)
2026-08-14 23:53:31,517 [DEBUG] cnn_neat: Removed 3 edges (requested 3)
2026-08-14 23:53:31,587 [DEBUG] cnn_neat: Split edge 0→11, new hidden node 16 (pool=17)
2026-08-14 23:53:31,600 [DEBUG] cnn_neat: Split edge 9→15, new hidden node 16 (pool=13)
2026-08-14 23:53:31,622 [DEBUG] cnn_neat: Added edge 10→6 (from 57 candidates)
2026-08-14 23:53:31,653 [DEBUG] cnn_neat: Removed hidden node 9 (pool=10)
2026-08-14 23:53:31,659 [DEBUG] cnn_neat: Removed edge 13→3 (from 13 candidates)
2026-08-14 23:53:31,672 [DEBUG] cnn_neat: Removed 3 edges (requested 3)
2026-08-14 23:53:31,680 [DEBUG] cnn_neat: Split edge 6→2, new hidden node 17 (pool=9)
2026-08-14 23:53:31,688 [DEBUG] cnn_neat: Split edge 0→11, new hidden node 16 (pool=14)
2026-08-14 23:53:31,701 [DEBUG] cnn_neat: Split edge 5→6, new hidden node 15 (pool=13)
2026-08-14 23:53:31,710 [DEBUG] cnn_neat: Added edge 2→3 (from 67 candidates)
2026-08-14 23:53:31,723 [DEBUG] cnn_neat: Removed hidden node 12 (pool=10)
2026-08-14 23:53:31,729 [DEBUG] cnn_neat: Removed edge 0→5 (from 13 candidates)
2026-08-14 23:53:31,741 [DEBUG] cnn_neat: Removed 3 edges (requested 3)
2026-08-14 23:53:31,749 [DEBUG] cnn_neat: Split edge 14→9, new hidden node 16 (pool=14)
2026-08-14 23:53:31,761 [DEBUG] cnn_neat: Split edge 7→2, new hidden node 17 (pool=12)
2026-08-14 23:53:31,770 [DEBUG] cnn_neat: Added edge 13→1 (from 66 candidates)
2026-08-14 23:53:31,784 [DEBUG] cnn_neat: Removed hidden node 12 (pool=11)
2026-08-14 23:53:31,790 [DEBUG] cnn_neat: Removed edge 5→10 (from 12 candidates)
2026-08-14 23:53:31,802 [DEBUG] cnn_neat: Removed 3 edges (requested 3)
2026-08-14 23:53:31,810 [DEBUG] cnn_neat: Split edge 6→7, new hidden node 18 (pool=11)
2026-08-14 23:53:31,822 [DEBUG] cnn_neat: Split edge 5→3, new hidden node 15 (pool=11)
2026-08-14 23:53:31,832 [DEBUG] cnn_neat: Added edge 5→11 (from 56 candidates)
2026-08-14 23:53:31,844 [DEBUG] cnn_neat: Removed hidden node 10 (pool=10)
2026-08-14 23:53:31,851 [DEBUG] cnn_neat: Removed edge 14→13 (from 14 candidates)
2026-08-14 23:53:31,866 [DEBUG] cnn_neat: Removed 3 edges (requested 3)
2026-08-14 23:53:31,873 [DEBUG] cnn_neat: Split edge 6→2, new hidden node 16 (pool=7)
2026-08-14 23:53:31,881 [DEBUG] cnn_neat: Split edge 6→7, new hidden node 15 (pool=11)
2026-08-14 23:53:31,893 [DEBUG] cnn_neat: Split edge 0→5, new hidden node 16 (pool=12)
2026-08-14 23:53:31,900 [DEBUG] cnn_neat: Added edge 7→8 (from 65 candidates)
2026-08-14 23:53:31,914 [DEBUG] cnn_neat: Removed hidden node 8 (pool=11)
2026-08-14 23:53:31,921 [DEBUG] cnn_neat: Removed edge 6→14 (from 16 candidates)
2026-08-14 23:53:31,935 [DEBUG] cnn_neat: Removed 3 edges (requested 3)
2026-08-14 23:53:31,942 [DEBUG] cnn_neat: Split edge 14→3, new hidden node 16 (pool=11)
2026-08-14 23:53:31,949 [DEBUG] cnn_neat: Split edge 6→7, new hidden node 16 (pool=12)
2026-08-14 23:53:31,955 [DEBUG] cnn_neat: Split edge 0→11, new hidden node 16 (pool=14)
2026-08-14 23:53:32,036 [DEBUG] cnn_neat: Split edge 11→9, new hidden node 16 (pool=12)
2026-08-14 23:53:32,044 [DEBUG] cnn_neat: Added edge 8→13 (from 67 candidates)
2026-08-14 23:53:32,083 [DEBUG] cnn_neat: Removed hidden node 8 (pool=11)
2026-08-14 23:53:32,093 [DEBUG] cnn_neat: Removed edge 5→10 (from 13 candidates)
2026-08-14 23:53:32,119 [DEBUG] cnn_neat: Removed 3 edges (requested 3)
2026-08-14 23:53:32,133 [DEBUG] cnn_neat: Split edge 5→3, new hidden node 16 (pool=12)
2026-08-14 23:53:32,141 [DEBUG] cnn_neat: Split edge 0→5, new hidden node 16 (pool=9)
2026-08-14 23:53:32,158 [DEBUG] cnn_neat: Added edge 12→10 (from 65 candidates)
2026-08-14 23:53:32,167 [DEBUG] cnn_neat: Added edge 7→11 (from 92 candidates)
2026-08-14 23:53:32,183 [DEBUG] cnn_neat: Split edge 9→6, new hidden node 15 (pool=16)
2026-08-14 23:53:32,200 [DEBUG] cnn_neat: Added edge 12→11 (from 63 candidates)
2026-08-14 23:53:32,495 [DEBUG] cnn_neat: Removed hidden node 6 (pool=11)
2026-08-14 23:53:32,509 [DEBUG] cnn_neat: Removed edge 9→6 (from 18 candidates)
2026-08-14 23:53:32,539 [DEBUG] cnn_neat: Removed 3 edges (requested 3)
2026-08-14 23:53:32,559 [DEBUG] cnn_neat: Split edge 11→9, new hidden node 15 (pool=19)
2026-08-14 23:53:32,574 [DEBUG] cnn_neat: Added edge 9→7 (from 34 candidates)
2026-08-14 23:53:32,602 [DEBUG] cnn_neat: Removed hidden node 11 (pool=9)
2026-08-14 23:53:32,892 [DEBUG] cnn_neat: Removed edge 6→2 (from 20 candidates)
2026-08-14 23:53:32,916 [DEBUG] cnn_neat: Removed 3 edges (requested 3)
2026-08-14 23:53:32,934 [DEBUG] cnn_neat: Split edge 7→2, new hidden node 17 (pool=5)
2026-08-14 23:53:32,950 [DEBUG] cnn_neat: Added edge 8→15 (from 87 candidates)
2026-08-14 23:53:32,977 [DEBUG] cnn_neat: Removed hidden node 13 (pool=13)
2026-08-14 23:53:32,993 [DEBUG] cnn_neat: Removed edge 8→3 (from 13 candidates)
2026-08-14 23:53:33,022 [DEBUG] cnn_neat: Removed 3 edges (requested 3)
2026-08-14 23:53:33,036 [DEBUG] cnn_neat: Split edge 2→1, new hidden node 18 (pool=3)
2026-08-14 23:53:33,058 [DEBUG] cnn_neat: Split edge 15→6, new hidden node 16 (pool=12)
2026-08-14 23:53:33,073 [DEBUG] cnn_neat: Added edge 6→10 (from 40 candidates)
2026-08-14 23:53:33,092 [DEBUG] cnn_neat: Removed hidden node 15 (pool=9)
2026-08-14 23:53:33,103 [DEBUG] cnn_neat: Removed edge 11→9 (from 14 candidates)
2026-08-14 23:53:33,397 [DEBUG] cnn_neat: Removed 3 edges (requested 3)
2026-08-14 23:53:33,414 [DEBUG] cnn_neat: Split edge 10→7, new hidden node 15 (pool=12)
2026-08-14 23:53:33,427 [DEBUG] cnn_neat: Added edge 0→8 (from 72 candidates)
2026-08-14 23:53:33,447 [DEBUG] cnn_neat: Removed hidden node 10 (pool=10)
2026-08-14 23:53:33,459 [DEBUG] cnn_neat: Removed edge 6→7 (from 10 candidates)
2026-08-14 23:53:33,486 [DEBUG] cnn_neat: Removed 3 edges (requested 3)
2026-08-14 23:53:33,500 [DEBUG] cnn_neat: Split edge 6→2, new hidden node 16 (pool=12)
2026-08-14 23:53:33,528 [DEBUG] cnn_neat: Split edge 0→11, new hidden node 16 (pool=11)
2026-08-14 23:53:33,542 [DEBUG] cnn_neat: Added edge 2→8 (from 75 candidates)
2026-08-14 23:53:33,577 [DEBUG] cnn_neat: Removed hidden node 10 (pool=11)
2026-08-14 23:53:33,898 [DEBUG] cnn_neat: Removed edge 6→7 (from 12 candidates)
2026-08-14 23:53:33,913 [DEBUG] cnn_neat: Split edge 6→2, new hidden node 16 (pool=14)
2026-08-14 23:53:33,928 [DEBUG] cnn_neat: Added edge 0→12 (from 56 candidates)
2026-08-14 23:53:33,951 [DEBUG] cnn_neat: Removed hidden node 3 (pool=10)
2026-08-14 23:53:33,957 [DEBUG] cnn_neat: Removed edge 6→7 (from 15 candidates)
2026-08-14 23:53:33,973 [DEBUG] cnn_neat: Removed 3 edges (requested 3)
2026-08-14 23:53:34,026 [DEBUG] cnn_neat: Split edge 2→1, new hidden node 16 (pool=12)
2026-08-14 23:53:34,032 [DEBUG] cnn_neat: Split edge 2→1, new hidden node 16 (pool=12)
2026-08-14 23:53:34,043 [DEBUG] cnn_neat: Split edge 12→3, new hidden node 16 (pool=11)
2026-08-14 23:53:34,398 [DEBUG] cnn_neat: Split edge 6→7, new hidden node 15 (pool=13)
2026-08-14 23:53:34,405 [DEBUG] cnn_neat: Added edge 10→6 (from 60 candidates)
2026-08-14 23:53:34,417 [DEBUG] cnn_neat: Removed hidden node 8 (pool=10)
2026-08-14 23:53:34,422 [DEBUG] cnn_neat: Removed edge 9→6 (from 14 candidates)
2026-08-14 23:53:34,434 [DEBUG] cnn_neat: Removed 3 edges (requested 3)
2026-08-14 23:53:34,440 [DEBUG] cnn_neat: Split edge 5→6, new hidden node 16 (pool=12)
2026-08-14 23:53:34,448 [DEBUG] cnn_neat: Split edge 0→5, new hidden node 15 (pool=14)
2026-08-14 23:53:34,459 [DEBUG] cnn_neat: Split edge 2→1, new hidden node 17 (pool=8)
2026-08-14 23:53:34,467 [DEBUG] cnn_neat: Added edge 8→16 (from 83 candidates)
2026-08-14 23:53:34,479 [DEBUG] cnn_neat: Removed hidden node 13 (pool=12)
2026-08-14 23:53:34,485 [DEBUG] cnn_neat: Removed edge 6→7 (from 12 candidates)
2026-08-14 23:53:34,497 [DEBUG] cnn_neat: Removed 3 edges (requested 3)
2026-08-14 23:53:34,504 [DEBUG] cnn_neat: Split edge 6→2, new hidden node 18 (pool=16)
2026-08-14 23:53:34,515 [DEBUG] cnn_neat: Split edge 0→11, new hidden node 16 (pool=12)
2026-08-14 23:53:34,522 [DEBUG] cnn_neat: Added edge 6→8 (from 65 candidates)
2026-08-14 23:53:34,534 [DEBUG] cnn_neat: Removed hidden node 12 (pool=11)
2026-08-14 23:53:34,541 [DEBUG] cnn_neat: Removed edge 11→10 (from 13 candidates)
2026-08-14 23:53:34,552 [DEBUG] cnn_neat: Removed 3 edges (requested 3)
2026-08-14 23:53:34,558 [DEBUG] cnn_neat: Split edge 2→1, new hidden node 16 (pool=13)
2026-08-14 23:53:34,564 [DEBUG] cnn_neat: Split edge 5→6, new hidden node 16 (pool=13)
2026-08-14 23:53:34,576 [DEBUG] cnn_neat: Split edge 6→2, new hidden node 15 (pool=12)
2026-08-14 23:53:34,584 [DEBUG] cnn_neat: Added edge 12→5 (from 52 candidates)
2026-08-14 23:53:34,596 [DEBUG] cnn_neat: Removed hidden node 10 (pool=10)
2026-08-14 23:53:34,603 [DEBUG] cnn_neat: Removed edge 6→2 (from 15 candidates)
2026-08-14 23:53:34,617 [DEBUG] cnn_neat: Removed 3 edges (requested 3)
2026-08-14 23:53:34,623 [DEBUG] cnn_neat: Split edge 2→1, new hidden node 15 (pool=13)
2026-08-14 23:53:34,628 [DEBUG] cnn_neat: Split edge 7→2, new hidden node 15 (pool=16)
2026-08-14 23:53:34,633 [DEBUG] cnn_neat: Split edge 7→2, new hidden node 15 (pool=8)
2026-08-14 23:53:34,644 [DEBUG] cnn_neat: Split edge 15→3, new hidden node 16 (pool=9)
2026-08-14 23:53:34,651 [DEBUG] cnn_neat: Added edge 10→15 (from 65 candidates)
2026-08-14 23:53:34,661 [DEBUG] cnn_neat: Saved generation 24
2026-08-14 23:53:34,752 [DEBUG] cnn_neat: Selected 25 elite individuals
2026-08-14 23:53:34,756 [DEBUG] cnn_neat: Removed hidden node 7 (pool=11)
2026-08-14 23:53:34,785 [DEBUG] cnn_neat: Removed edge 6→7 (from 13 candidates)
2026-08-14 23:53:34,892 [DEBUG] cnn_neat: Removed 3 edges (requested 3)
2026-08-14 23:53:34,913 [DEBUG] cnn_neat: Split edge 2→1, new hidden node 17 (pool=7)
2026-08-14 23:53:34,941 [DEBUG] cnn_neat: Split edge 5→6, new hidden node 18 (pool=7)
2026-08-14 23:53:34,961 [DEBUG] cnn_neat: Added edge 3→2 (from 88 candidates)
2026-08-14 23:53:34,994 [DEBUG] cnn_neat: Removed hidden node 10 (pool=13)
2026-08-14 23:53:35,005 [DEBUG] cnn_neat: Removed edge 5→10 (from 11 candidates)
2026-08-14 23:53:35,025 [DEBUG] cnn_neat: Removed 3 edges (requested 3)
2026-08-14 23:53:35,034 [DEBUG] cnn_neat: Split edge 13→3, new hidden node 19 (pool=16)
2026-08-14 23:53:35,050 [DEBUG] cnn_neat: Split edge 6→14, new hidden node 17 (pool=11)
2026-08-14 23:53:35,063 [DEBUG] cnn_neat: Added edge 8→15 (from 71 candidates)
2026-08-14 23:53:35,068 [DEBUG] cnn_neat: Trimmed elite queue to 128 entries
2026-08-14 23:53:35,664 [DEBUG] cnn_neat: Split edge 5→3, new hidden node 16 (pool=12)
2026-08-14 23:53:35,676 [DEBUG] cnn_neat: Added edge 3→11 (from 42 candidates)
2026-08-14 23:53:35,682 [DEBUG] cnn_neat: Removed hidden node 5 (pool=12)
2026-08-14 23:53:35,687 [DEBUG] cnn_neat: Removed hidden node 11 (pool=8)
2026-08-14 23:53:35,690 [DEBUG] cnn_neat: Removed edge 11→10 (from 13 candidates)
2026-08-14 23:53:35,695 [DEBUG] cnn_neat: Removed 3 edges (requested 3)
2026-08-14 23:53:35,700 [DEBUG] cnn_neat: Crossover rejected: union topology invalid (edges=30 nodes=22)
2026-08-14 23:53:35,704 [DEBUG] cnn_neat: Split edge 10→7, new hidden node 16 (pool=12)
2026-08-14 23:53:35,709 [DEBUG] cnn_neat: Added edge 9→5 (from 42 candidates)
2026-08-14 23:53:35,712 [DEBUG] cnn_neat: Added edge 10→6 (from 36 candidates)
2026-08-14 23:53:35,716 [DEBUG] cnn_neat: Added edge 6→3 (from 34 candidates)
2026-08-14 23:53:35,720 [DEBUG] cnn_neat: Added edge 10→2 (from 30 candidates)
2026-08-14 23:53:35,725 [DEBUG] cnn_neat: Added edge 15→10 (from 28 candidates)
2026-08-14 23:53:35,729 [DEBUG] cnn_neat: Split edge 12→11, new hidden node 15 (pool=14)
2026-08-14 23:53:35,733 [DEBUG] cnn_neat: Added edge 11→6 (from 44 candidates)
2026-08-14 23:53:35,738 [DEBUG] cnn_neat: Removed hidden node 6 (pool=8)
2026-08-14 23:53:35,741 [DEBUG] cnn_neat: Removed edge 11→10 (from 11 candidates)
2026-08-14 23:53:35,747 [DEBUG] cnn_neat: Removed 3 edges (requested 3)
2026-08-14 23:53:35,752 [DEBUG] cnn_neat: Crossover rejected: union topology invalid (edges=33 nodes=23)
2026-08-14 23:53:35,755 [DEBUG] cnn_neat: Split edge 6→7, new hidden node 15 (pool=14)
2026-08-14 23:53:35,759 [DEBUG] cnn_neat: Added edge 5→7 (from 44 candidates)
2026-08-14 23:53:35,764 [DEBUG] cnn_neat: Added edge 14→6 (from 38 candidates)
2026-08-14 23:53:35,769 [DEBUG] cnn_neat: Added edge 5→11 (from 37 candidates)
2026-08-14 23:53:35,773 [DEBUG] cnn_neat: Added edge 0→10 (from 33 candidates)
2026-08-14 23:53:35,777 [DEBUG] cnn_neat: Added edge 9→1 (from 32 candidates)
2026-08-14 23:53:35,781 [DEBUG] cnn_neat: Split edge 11→14, new hidden node 15 (pool=13)
2026-08-14 23:53:35,785 [DEBUG] cnn_neat: Added edge 12→9 (from 58 candidates)
2026-08-14 23:53:35,792 [DEBUG] cnn_neat: Removed hidden node 12 (pool=9)
2026-08-14 23:53:35,796 [DEBUG] cnn_neat: Removed edge 5→6 (from 12 candidates)
2026-08-14 23:53:35,801 [DEBUG] cnn_neat: Removed 3 edges (requested 3)
2026-08-14 23:53:35,805 [DEBUG] cnn_neat: Crossover rejected: union topology invalid (edges=32 nodes=24)
2026-08-14 23:53:35,808 [DEBUG] cnn_neat: Split edge 12→3, new hidden node 15 (pool=13)
2026-08-14 23:53:35,814 [DEBUG] cnn_neat: Added edge 3→2 (from 58 candidates)
2026-08-14 23:53:35,818 [DEBUG] cnn_neat: Added edge 12→14 (from 55 candidates)
2026-08-14 23:53:35,822 [DEBUG] cnn_neat: Added edge 12→9 (from 50 candidates)
2026-08-14 23:53:35,827 [DEBUG] cnn_neat: Added edge 14→2 (from 48 candidates)
2026-08-14 23:53:35,832 [DEBUG] cnn_neat: Added edge 12→2 (from 46 candidates)
2026-08-14 23:53:35,836 [DEBUG] cnn_neat: Split edge 0→5, new hidden node 15 (pool=13)
2026-08-14 23:53:35,840 [DEBUG] cnn_neat: Added edge 10→2 (from 58 candidates)
2026-08-14 23:53:35,845 [DEBUG] cnn_neat: Removed hidden node 6 (pool=9)
2026-08-14 23:53:35,849 [DEBUG] cnn_neat: Removed edge 0→5 (from 12 candidates)
2026-08-14 23:53:35,855 [DEBUG] cnn_neat: Removed 3 edges (requested 3)
2026-08-14 23:53:35,860 [DEBUG] cnn_neat: Crossover rejected: union topology invalid (edges=32 nodes=24)
2026-08-14 23:53:35,863 [DEBUG] cnn_neat: Split edge 9→6, new hidden node 15 (pool=13)
2026-08-14 23:53:35,868 [DEBUG] cnn_neat: Added edge 8→11 (from 58 candidates)
2026-08-14 23:53:35,872 [DEBUG] cnn_neat: Added edge 8→10 (from 51 candidates)
2026-08-14 23:53:35,877 [DEBUG] cnn_neat: Added edge 14→7 (from 50 candidates)
2026-08-14 23:53:35,881 [DEBUG] cnn_neat: Added edge 5→14 (from 48 candidates)
2026-08-14 23:53:35,885 [DEBUG] cnn_neat: Added edge 8→2 (from 45 candidates)
2026-08-14 23:53:35,889 [DEBUG] cnn_neat: Split edge 10→7, new hidden node 16 (pool=13)
2026-08-14 23:53:35,893 [DEBUG] cnn_neat: Added edge 11→5 (from 58 candidates)
2026-08-14 23:53:35,900 [DEBUG] cnn_neat: Removed hidden node 6 (pool=9)
2026-08-14 23:53:35,903 [DEBUG] cnn_neat: Removed edge 9→15 (from 12 candidates)
2026-08-14 23:53:35,909 [DEBUG] cnn_neat: Removed 3 edges (requested 3)
2026-08-14 23:53:35,913 [DEBUG] cnn_neat: Crossover rejected: union topology invalid (edges=31 nodes=22)
2026-08-14 23:53:35,917 [DEBUG] cnn_neat: Split edge 6→7, new hidden node 16 (pool=13)
2026-08-14 23:53:35,922 [DEBUG] cnn_neat: Added edge 6→13 (from 58 candidates)
2026-08-14 23:53:35,925 [DEBUG] cnn_neat: Added edge 15→7 (from 48 candidates)
2026-08-14 23:53:35,929 [DEBUG] cnn_neat: Added edge 0→13 (from 46 candidates)
2026-08-14 23:53:35,934 [DEBUG] cnn_neat: Added edge 10→9 (from 44 candidates)
2026-08-14 23:53:35,939 [DEBUG] cnn_neat: Added edge 0→3 (from 36 candidates)
2026-08-14 23:53:35,942 [DEBUG] cnn_neat: Split edge 12→3, new hidden node 16 (pool=13)
2026-08-14 23:53:35,947 [DEBUG] cnn_neat: Added edge 15→13 (from 65 candidates)
2026-08-14 23:53:35,953 [DEBUG] cnn_neat: Removed hidden node 10 (pool=10)
2026-08-14 23:53:35,956 [DEBUG] cnn_neat: Removed edge 6→2 (from 13 candidates)
2026-08-14 23:53:35,963 [DEBUG] cnn_neat: Removed 3 edges (requested 3)
2026-08-14 23:53:35,968 [DEBUG] cnn_neat: Crossover rejected: union topology invalid (edges=33 nodes=25)
2026-08-14 23:53:35,971 [DEBUG] cnn_neat: Split edge 0→5, new hidden node 16 (pool=13)
2026-08-14 23:53:35,976 [DEBUG] cnn_neat: Added edge 11→3 (from 65 candidates)
2026-08-14 23:53:35,981 [DEBUG] cnn_neat: Added edge 7→1 (from 63 candidates)
2026-08-14 23:53:35,986 [DEBUG] cnn_neat: Added edge 10→13 (from 62 candidates)
2026-08-14 23:53:35,990 [DEBUG] cnn_neat: Added edge 12→5 (from 62 candidates)
2026-08-14 23:53:35,995 [DEBUG] cnn_neat: Added edge 3→1 (from 58 candidates)
2026-08-14 23:53:36,000 [DEBUG] cnn_neat: Split edge 5→3, new hidden node 17 (pool=8)
2026-08-14 23:53:36,005 [DEBUG] cnn_neat: Added edge 3→15 (from 59 candidates)
2026-08-14 23:53:36,011 [DEBUG] cnn_neat: Removed hidden node 10 (pool=10)
2026-08-14 23:53:36,014 [DEBUG] cnn_neat: Removed edge 7→2 (from 13 candidates)
2026-08-14 23:53:36,022 [DEBUG] cnn_neat: Removed 3 edges (requested 3)
2026-08-14 23:53:36,027 [DEBUG] cnn_neat: Crossover rejected: union topology invalid (edges=33 nodes=24)
2026-08-14 23:53:36,030 [DEBUG] cnn_neat: Split edge 2→1, new hidden node 17 (pool=8)
2026-08-14 23:53:36,035 [DEBUG] cnn_neat: Added edge 15→10 (from 59 candidates)
2026-08-14 23:53:36,040 [DEBUG] cnn_neat: Added edge 16→13 (from 56 candidates)
2026-08-14 23:53:36,045 [DEBUG] cnn_neat: Added edge 0→10 (from 54 candidates)
2026-08-14 23:53:36,050 [DEBUG] cnn_neat: Added edge 3→15 (from 51 candidates)
2026-08-14 23:53:36,056 [DEBUG] cnn_neat: Added edge 3→16 (from 41 candidates)
2026-08-14 23:53:36,060 [DEBUG] cnn_neat: Split edge 5→3, new hidden node 16 (pool=13)
2026-08-14 23:53:36,064 [DEBUG] cnn_neat: Added edge 9→10 (from 39 candidates)
2026-08-14 23:53:36,070 [DEBUG] cnn_neat: Removed hidden node 9 (pool=9)
2026-08-14 23:53:36,073 [DEBUG] cnn_neat: Removed edge 5→10 (from 16 candidates)
2026-08-14 23:53:36,080 [DEBUG] cnn_neat: Removed 3 edges (requested 3)
2026-08-14 23:53:36,085 [DEBUG] cnn_neat: Crossover rejected: union topology invalid (edges=36 nodes=24)
2026-08-14 23:53:36,089 [DEBUG] cnn_neat: Split edge 6→7, new hidden node 16 (pool=13)
2026-08-14 23:53:36,180 [DEBUG] cnn_neat: Split edge 6→2, new hidden node 16 (pool=11)
2026-08-14 23:53:36,317 [DEBUG] cnn_neat: Added edge 12→5 (from 77 candidates)
2026-08-14 23:53:36,412 [DEBUG] cnn_neat: Removed hidden node 10 (pool=12)
2026-08-14 23:53:36,422 [DEBUG] cnn_neat: Removed edge 0→5 (from 14 candidates)
2026-08-14 23:53:36,437 [DEBUG] cnn_neat: Removed 3 edges (requested 3)
2026-08-14 23:53:36,446 [DEBUG] cnn_neat: Split edge 0→11, new hidden node 16 (pool=11)
2026-08-14 23:53:36,454 [DEBUG] cnn_neat: Split edge 6→14, new hidden node 16 (pool=11)
2026-08-14 23:53:36,467 [DEBUG] cnn_neat: Split edge 11→9, new hidden node 16 (pool=12)
2026-08-14 23:53:36,478 [DEBUG] cnn_neat: Added edge 12→6 (from 71 candidates)
2026-08-14 23:53:36,494 [DEBUG] cnn_neat: Removed hidden node 5 (pool=11)
2026-08-14 23:53:36,503 [DEBUG] cnn_neat: Removed edge 6→2 (from 12 candidates)
2026-08-14 23:53:36,522 [DEBUG] cnn_neat: Removed 3 edges (requested 3)
2026-08-14 23:53:36,533 [DEBUG] cnn_neat: Split edge 0→5, new hidden node 17 (pool=8)
2026-08-14 23:53:36,541 [DEBUG] cnn_neat: Split edge 2→1, new hidden node 16 (pool=9)
2026-08-14 23:53:36,549 [DEBUG] cnn_neat: Split edge 5→3, new hidden node 16 (pool=10)
2026-08-14 23:53:36,564 [DEBUG] cnn_neat: Split edge 7→2, new hidden node 15 (pool=15)
2026-08-14 23:53:37,022 [DEBUG] cnn_neat: Added edge 9→3 (from 67 candidates)
2026-08-14 23:53:37,054 [DEBUG] cnn_neat: Split edge 5→6, new hidden node 16 (pool=13)
2026-08-14 23:53:37,088 [DEBUG] cnn_neat: Added edge 13→1 (from 57 candidates)
2026-08-14 23:53:37,137 [DEBUG] cnn_neat: Removed hidden node 9 (pool=10)
2026-08-14 23:53:37,156 [DEBUG] cnn_neat: Removed edge 12→3 (from 13 candidates)
2026-08-14 23:53:37,209 [DEBUG] cnn_neat: Removed 3 edges (requested 3)
2026-08-14 23:53:37,261 [DEBUG] cnn_neat: Split edge 0→11, new hidden node 16 (pool=13)
2026-08-14 23:53:37,267 [DEBUG] cnn_neat: Split edge 6→7, new hidden node 16 (pool=12)
2026-08-14 23:53:37,283 [DEBUG] cnn_neat: Added edge 15→3 (from 55 candidates)
2026-08-14 23:53:37,295 [DEBUG] cnn_neat: Added edge 3→2 (from 62 candidates)
2026-08-14 23:53:37,322 [DEBUG] cnn_neat: Split edge 14→9, new hidden node 15 (pool=13)
2026-08-14 23:53:37,329 [DEBUG] cnn_neat: Added edge 3→2 (from 67 candidates)
2026-08-14 23:53:37,340 [DEBUG] cnn_neat: Removed hidden node 12 (pool=10)
2026-08-14 23:53:37,346 [DEBUG] cnn_neat: Removed edge 7→2 (from 13 candidates)
2026-08-14 23:53:37,357 [DEBUG] cnn_neat: Removed 3 edges (requested 3)
2026-08-14 23:53:37,363 [DEBUG] cnn_neat: Split edge 5→3, new hidden node 16 (pool=9)
2026-08-14 23:53:37,371 [DEBUG] cnn_neat: Split edge 5→6, new hidden node 15 (pool=14)
2026-08-14 23:53:37,382 [DEBUG] cnn_neat: Split edge 5→6, new hidden node 17 (pool=12)
2026-08-14 23:53:37,390 [DEBUG] cnn_neat: Added edge 6→10 (from 66 candidates)
2026-08-14 23:53:37,403 [DEBUG] cnn_neat: Removed hidden node 12 (pool=11)
2026-08-14 23:53:37,409 [DEBUG] cnn_neat: Removed edge 7→2 (from 12 candidates)
2026-08-14 23:53:37,422 [DEBUG] cnn_neat: Removed 3 edges (requested 3)
2026-08-14 23:53:37,429 [DEBUG] cnn_neat: Split edge 5→3, new hidden node 18 (pool=15)
2026-08-14 23:53:37,435 [DEBUG] cnn_neat: Split edge 9→15, new hidden node 17 (pool=6)
2026-08-14 23:53:37,443 [DEBUG] cnn_neat: Added edge 7→3 (from 85 candidates)
2026-08-14 23:53:37,450 [DEBUG] cnn_neat: Added edge 0→16 (from 82 candidates)
2026-08-14 23:53:37,462 [DEBUG] cnn_neat: Split edge 5→6, new hidden node 15 (pool=11)
2026-08-14 23:53:37,471 [DEBUG] cnn_neat: Added edge 13→1 (from 56 candidates)
2026-08-14 23:53:37,483 [DEBUG] cnn_neat: Removed hidden node 14 (pool=10)
2026-08-14 23:53:37,489 [DEBUG] cnn_neat: Removed edge 12→3 (from 14 candidates)
2026-08-14 23:53:37,502 [DEBUG] cnn_neat: Removed 3 edges (requested 3)
2026-08-14 23:53:37,509 [DEBUG] cnn_neat: Split edge 9→14, new hidden node 16 (pool=17)
2026-08-14 23:53:37,521 [DEBUG] cnn_neat: Split edge 0→5, new hidden node 16 (pool=12)
2026-08-14 23:53:37,530 [DEBUG] cnn_neat: Added edge 14→10 (from 65 candidates)
2026-08-14 23:53:37,541 [DEBUG] cnn_neat: Removed hidden node 15 (pool=11)
2026-08-14 23:53:37,547 [DEBUG] cnn_neat: Removed edge 6→7 (from 16 candidates)
2026-08-14 23:53:37,561 [DEBUG] cnn_neat: Removed 3 edges (requested 3)
2026-08-14 23:53:37,567 [DEBUG] cnn_neat: Split edge 8→3, new hidden node 16 (pool=13)
2026-08-14 23:53:37,573 [DEBUG] cnn_neat: Split edge 6→14, new hidden node 16 (pool=12)
2026-08-14 23:53:37,579 [DEBUG] cnn_neat: Split edge 0→11, new hidden node 16 (pool=12)
2026-08-14 23:53:37,590 [DEBUG] cnn_neat: Split edge 6→7, new hidden node 16 (pool=12)
2026-08-14 23:53:37,598 [DEBUG] cnn_neat: Added edge 9→2 (from 67 candidates)
2026-08-14 23:53:37,616 [DEBUG] cnn_neat: Removed hidden node 5 (pool=11)
2026-08-14 23:53:37,621 [DEBUG] cnn_neat: Removed edge 12→6 (from 13 candidates)
2026-08-14 23:53:37,633 [DEBUG] cnn_neat: Removed 3 edges (requested 3)
2026-08-14 23:53:37,643 [DEBUG] cnn_neat: Split edge 11→9, new hidden node 17 (pool=11)
2026-08-14 23:53:37,651 [DEBUG] cnn_neat: Split edge 0→11, new hidden node 16 (pool=12)
2026-08-14 23:53:37,656 [DEBUG] cnn_neat: Split edge 11→10, new hidden node 16 (pool=10)
2026-08-14 23:53:37,764 [DEBUG] cnn_neat: Split edge 5→3, new hidden node 15 (pool=16)
2026-08-14 23:53:37,781 [DEBUG] cnn_neat: Added edge 13→1 (from 63 candidates)
2026-08-14 23:53:37,802 [DEBUG] cnn_neat: Removed hidden node 13 (pool=11)
2026-08-14 23:53:37,816 [DEBUG] cnn_neat: Removed edge 10→7 (from 18 candidates)
2026-08-14 23:53:37,841 [DEBUG] cnn_neat: Removed 3 edges (requested 3)
2026-08-14 23:53:37,856 [DEBUG] cnn_neat: Split edge 2→1, new hidden node 15 (pool=16)
2026-08-14 23:53:37,873 [DEBUG] cnn_neat: Split edge 5→6, new hidden node 15 (pool=14)
2026-08-14 23:53:37,893 [DEBUG] cnn_neat: Split edge 8→10, new hidden node 15 (pool=19)
2026-08-14 23:53:37,908 [DEBUG] cnn_neat: Added edge 8→6 (from 34 candidates)
2026-08-14 23:53:38,208 [DEBUG] cnn_neat: Removed hidden node 6 (pool=9)
2026-08-14 23:53:38,218 [DEBUG] cnn_neat: Removed edge 7→2 (from 20 candidates)
2026-08-14 23:53:38,240 [DEBUG] cnn_neat: Removed 3 edges (requested 3)
2026-08-14 23:53:38,257 [DEBUG] cnn_neat: Split edge 7→2, new hidden node 17 (pool=5)
2026-08-14 23:53:38,272 [DEBUG] cnn_neat: Added edge 9→6 (from 87 candidates)
2026-08-14 23:53:38,291 [DEBUG] cnn_neat: Removed hidden node 6 (pool=13)
2026-08-14 23:53:38,301 [DEBUG] cnn_neat: Removed edge 10→7 (from 13 candidates)
2026-08-14 23:53:38,322 [DEBUG] cnn_neat: Removed 3 edges (requested 3)
2026-08-14 23:53:38,342 [DEBUG] cnn_neat: Split edge 6→2, new hidden node 17 (pool=5)
2026-08-14 23:53:38,352 [DEBUG] cnn_neat: Split edge 14→16, new hidden node 17 (pool=14)
2026-08-14 23:53:38,649 [DEBUG] cnn_neat: Split edge 7→2, new hidden node 16 (pool=12)
2026-08-14 23:53:38,665 [DEBUG] cnn_neat: Added edge 13→1 (from 40 candidates)
2026-08-14 23:53:38,694 [DEBUG] cnn_neat: Removed hidden node 3 (pool=9)
2026-08-14 23:53:38,707 [DEBUG] cnn_neat: Removed edge 13→3 (from 14 candidates)
2026-08-14 23:53:38,731 [DEBUG] cnn_neat: Removed 3 edges (requested 3)
2026-08-14 23:53:38,745 [DEBUG] cnn_neat: Split edge 7→2, new hidden node 17 (pool=11)
2026-08-14 23:53:38,760 [DEBUG] cnn_neat: Added edge 8→6 (from 71 candidates)
2026-08-14 23:53:38,789 [DEBUG] cnn_neat: Removed hidden node 14 (pool=12)
2026-08-14 23:53:38,799 [DEBUG] cnn_neat: Removed edge 5→10 (from 14 candidates)
2026-08-14 23:53:38,822 [DEBUG] cnn_neat: Removed 3 edges (requested 3)
2026-08-14 23:53:38,837 [DEBUG] cnn_neat: Split edge 11→9, new hidden node 18 (pool=10)
2026-08-14 23:53:38,850 [DEBUG] cnn_neat: Split edge 9→15, new hidden node 16 (pool=10)
2026-08-14 23:53:39,153 [DEBUG] cnn_neat: Added edge 0→14 (from 62 candidates)
2026-08-14 23:53:39,173 [DEBUG] cnn_neat: Removed hidden node 11 (pool=11)
2026-08-14 23:53:39,185 [DEBUG] cnn_neat: Removed edge 0→11 (from 19 candidates)
2026-08-14 23:53:39,212 [DEBUG] cnn_neat: Removed 3 edges (requested 3)
2026-08-14 23:53:39,234 [DEBUG] cnn_neat: Split edge 10→7, new hidden node 17 (pool=8)
2026-08-14 23:53:39,244 [DEBUG] cnn_neat: Added edge 8→16 (from 79 candidates)
2026-08-14 23:53:39,307 [DEBUG] cnn_neat: Removed hidden node 3 (pool=12)
2026-08-14 23:53:39,317 [DEBUG] cnn_neat: Removed edge 16→6 (from 13 candidates)
2026-08-14 23:53:39,343 [DEBUG] cnn_neat: Removed 3 edges (requested 3)
2026-08-14 23:53:39,362 [DEBUG] cnn_neat: Split edge 0→5, new hidden node 18 (pool=7)
2026-08-14 23:53:39,664 [DEBUG] cnn_neat: Split edge 6→2, new hidden node 17 (pool=7)
2026-08-14 23:53:39,676 [DEBUG] cnn_neat: Added edge 16→1 (from 88 candidates)
2026-08-14 23:53:39,701 [DEBUG] cnn_neat: Removed hidden node 8 (pool=13)
2026-08-14 23:53:39,708 [DEBUG] cnn_neat: Removed edge 5→3 (from 12 candidates)
2026-08-14 23:53:39,775 [DEBUG] cnn_neat: Removed 3 edges (requested 3)
2026-08-14 23:53:39,783 [DEBUG] cnn_neat: Split edge 17→2, new hidden node 18 (pool=13)
2026-08-14 23:53:39,851 [DEBUG] cnn_neat: Split edge 5→6, new hidden node 15 (pool=13)
2026-08-14 23:53:39,858 [DEBUG] cnn_neat: Added edge 12→8 (from 62 candidates)
2026-08-14 23:53:40,220 [DEBUG] cnn_neat: Removed hidden node 5 (pool=11)
2026-08-14 23:53:40,233 [DEBUG] cnn_neat: Split edge 14→9, new hidden node 16 (pool=12)
2026-08-14 23:53:40,242 [DEBUG] cnn_neat: Added edge 8→15 (from 69 candidates)
2026-08-14 23:53:40,256 [DEBUG] cnn_neat: Removed hidden node 3 (pool=12)
2026-08-14 23:53:40,266 [DEBUG] cnn_neat: Removed edge 6→2 (from 19 candidates)
2026-08-14 23:53:40,280 [DEBUG] cnn_neat: Removed 3 edges (requested 3)
2026-08-14 23:53:40,289 [DEBUG] cnn_neat: Split edge 12→3, new hidden node 17 (pool=8)
2026-08-14 23:53:40,304 [DEBUG] cnn_neat: Split edge 15→6, new hidden node 16 (pool=12)
2026-08-14 23:53:40,311 [DEBUG] cnn_neat: Added edge 7→1 (from 42 candidates)
2026-08-14 23:53:40,326 [DEBUG] cnn_neat: Removed hidden node 9 (pool=8)
2026-08-14 23:53:40,334 [DEBUG] cnn_neat: Removed edge 0→5 (from 13 candidates)
2026-08-14 23:53:40,346 [DEBUG] cnn_neat: Removed 3 edges (requested 3)
2026-08-14 23:53:40,356 [DEBUG] cnn_neat: Split edge 2→1, new hidden node 17 (pool=8)
2026-08-14 23:53:40,367 [DEBUG] cnn_neat: Split edge 10→7, new hidden node 15 (pool=14)
2026-08-14 23:53:40,375 [DEBUG] cnn_neat: Added edge 14→2 (from 44 candidates)
2026-08-14 23:53:40,387 [DEBUG] cnn_neat: Removed hidden node 7 (pool=8)
2026-08-14 23:53:40,393 [DEBUG] cnn_neat: Removed edge 11→10 (from 11 candidates)
2026-08-14 23:53:40,406 [DEBUG] cnn_neat: Removed 3 edges (requested 3)
2026-08-14 23:53:40,415 [DEBUG] cnn_neat: Split edge 0→5, new hidden node 16 (pool=15)
2026-08-14 23:53:40,418 [DEBUG] cnn_neat: Saved generation 25
2026-08-14 23:53:40,504 [DEBUG] cnn_neat: Selected 25 elite individuals
2026-08-14 23:53:40,519 [DEBUG] cnn_neat: Split edge 6→2, new hidden node 15 (pool=15)
2026-08-14 23:53:40,613 [DEBUG] cnn_neat: Split edge 0→5, new hidden node 15 (pool=13)
2026-08-14 23:53:40,640 [DEBUG] cnn_neat: Added edge 2→3 (from 58 candidates)
2026-08-14 23:53:40,671 [DEBUG] cnn_neat: Removed hidden node 14 (pool=9)
2026-08-14 23:53:40,684 [DEBUG] cnn_neat: Removed edge 6→2 (from 12 candidates)
2026-08-14 23:53:40,711 [DEBUG] cnn_neat: Removed 3 edges (requested 3)
2026-08-14 23:53:40,721 [DEBUG] cnn_neat: Split edge 5→6, new hidden node 16 (pool=15)
2026-08-14 23:53:40,738 [DEBUG] cnn_neat: Split edge 0→11, new hidden node 15 (pool=13)
2026-08-14 23:53:40,748 [DEBUG] cnn_neat: Added edge 0→9 (from 58 candidates)
2026-08-14 23:53:40,768 [DEBUG] cnn_neat: Removed hidden node 8 (pool=9)
2026-08-14 23:53:40,777 [DEBUG] cnn_neat: Removed edge 10→7 (from 12 candidates)
2026-08-14 23:53:40,792 [DEBUG] cnn_neat: Removed 3 edges (requested 3)
2026-08-14 23:53:40,803 [DEBUG] cnn_neat: Split edge 7→2, new hidden node 16 (pool=11)
2026-08-14 23:53:40,815 [DEBUG] cnn_neat: Split edge 6→7, new hidden node 15 (pool=10)
2026-08-14 23:53:40,816 [DEBUG] cnn_neat: Trimmed elite queue to 128 entries
2026-08-14 23:53:41,406 [DEBUG] cnn_neat: Split edge 2→1, new hidden node 16 (pool=13)
2026-08-14 23:53:41,410 [DEBUG] cnn_neat: Added edge 0→6 (from 38 candidates)
2026-08-14 23:53:41,416 [DEBUG] cnn_neat: Removed hidden node 11 (pool=8)
2026-08-14 23:53:41,419 [DEBUG] cnn_neat: Removed edge 9→15 (from 13 candidates)
2026-08-14 23:53:41,425 [DEBUG] cnn_neat: Removed 3 edges (requested 3)
2026-08-14 23:53:41,430 [DEBUG] cnn_neat: Crossover rejected: union topology invalid (edges=31 nodes=22)
2026-08-14 23:53:41,433 [DEBUG] cnn_neat: Split edge 2→1, new hidden node 16 (pool=13)
2026-08-14 23:53:41,439 [DEBUG] cnn_neat: Added edge 15→7 (from 48 candidates)
2026-08-14 23:53:41,443 [DEBUG] cnn_neat: Added edge 11→13 (from 38 candidates)
2026-08-14 23:53:41,446 [DEBUG] cnn_neat: Added edge 13→2 (from 35 candidates)
2026-08-14 23:53:41,451 [DEBUG] cnn_neat: Added edge 0→10 (from 33 candidates)
2026-08-14 23:53:41,456 [DEBUG] cnn_neat: Added edge 0→9 (from 33 candidates)
2026-08-14 23:53:41,461 [DEBUG] cnn_neat: Added edge 9→13 (from 29 candidates)
2026-08-14 23:53:41,464 [DEBUG] cnn_neat: Split edge 14→9, new hidden node 15 (pool=12)
2026-08-14 23:53:41,469 [DEBUG] cnn_neat: Added edge 14→3 (from 42 candidates)
2026-08-14 23:53:41,475 [DEBUG] cnn_neat: Removed hidden node 3 (pool=8)
2026-08-14 23:53:41,478 [DEBUG] cnn_neat: Removed edge 6→2 (from 13 candidates)
2026-08-14 23:53:41,485 [DEBUG] cnn_neat: Removed 3 edges (requested 3)
2026-08-14 23:53:41,490 [DEBUG] cnn_neat: Crossover rejected: union topology invalid (edges=30 nodes=22)
2026-08-14 23:53:41,494 [DEBUG] cnn_neat: Split edge 6→7, new hidden node 15 (pool=12)
2026-08-14 23:53:41,498 [DEBUG] cnn_neat: Added edge 9→5 (from 42 candidates)
2026-08-14 23:53:41,502 [DEBUG] cnn_neat: Added edge 14→1 (from 34 candidates)
2026-08-14 23:53:41,506 [DEBUG] cnn_neat: Added edge 6→1 (from 32 candidates)
2026-08-14 23:53:41,511 [DEBUG] cnn_neat: Added edge 9→10 (from 31 candidates)
2026-08-14 23:53:41,515 [DEBUG] cnn_neat: Added edge 6→3 (from 30 candidates)
2026-08-14 23:53:41,518 [DEBUG] cnn_neat: Split edge 14→9, new hidden node 15 (pool=15)
2026-08-14 23:53:41,522 [DEBUG] cnn_neat: Added edge 9→5 (from 38 candidates)
2026-08-14 23:53:41,530 [DEBUG] cnn_neat: Removed hidden node 9 (pool=8)
2026-08-14 23:53:41,533 [DEBUG] cnn_neat: Removed edge 11→10 (from 14 candidates)
2026-08-14 23:53:41,539 [DEBUG] cnn_neat: Removed 3 edges (requested 3)
2026-08-14 23:53:41,543 [DEBUG] cnn_neat: Crossover rejected: union topology invalid (edges=31 nodes=21)
2026-08-14 23:53:41,547 [DEBUG] cnn_neat: Split edge 6→7, new hidden node 15 (pool=15)
2026-08-14 23:53:41,551 [DEBUG] cnn_neat: Added edge 9→5 (from 38 candidates)
2026-08-14 23:53:41,555 [DEBUG] cnn_neat: Added edge 11→7 (from 32 candidates)
2026-08-14 23:53:41,559 [DEBUG] cnn_neat: Added edge 14→6 (from 29 candidates)
2026-08-14 23:53:41,563 [DEBUG] cnn_neat: Added edge 9→2 (from 28 candidates)
2026-08-14 23:53:41,567 [DEBUG] cnn_neat: Added edge 14→2 (from 26 candidates)
2026-08-14 23:53:41,572 [DEBUG] cnn_neat: Split edge 7→2, new hidden node 17 (pool=11)
2026-08-14 23:53:41,576 [DEBUG] cnn_neat: Added edge 9→2 (from 57 candidates)
2026-08-14 23:53:41,582 [DEBUG] cnn_neat: Removed hidden node 3 (pool=9)
2026-08-14 23:53:41,586 [DEBUG] cnn_neat: Removed edge 5→16 (from 14 candidates)
2026-08-14 23:53:41,593 [DEBUG] cnn_neat: Removed 3 edges (requested 3)
2026-08-14 23:53:41,598 [DEBUG] cnn_neat: Crossover rejected: union topology invalid (edges=32 nodes=23)
2026-08-14 23:53:41,601 [DEBUG] cnn_neat: Split edge 0→5, new hidden node 17 (pool=11)
2026-08-14 23:53:41,606 [DEBUG] cnn_neat: Added edge 15→10 (from 57 candidates)
2026-08-14 23:53:41,611 [DEBUG] cnn_neat: Added edge 15→2 (from 54 candidates)
2026-08-14 23:53:41,616 [DEBUG] cnn_neat: Added edge 9→6 (from 52 candidates)
2026-08-14 23:53:41,621 [DEBUG] cnn_neat: Added edge 6→16 (from 51 candidates)
2026-08-14 23:53:41,625 [DEBUG] cnn_neat: Added edge 9→3 (from 42 candidates)
2026-08-14 23:53:41,628 [DEBUG] cnn_neat: Split edge 6→2, new hidden node 16 (pool=13)
2026-08-14 23:53:41,632 [DEBUG] cnn_neat: Added edge 15→9 (from 50 candidates)
2026-08-14 23:53:41,638 [DEBUG] cnn_neat: Removed hidden node 6 (pool=9)
2026-08-14 23:53:41,642 [DEBUG] cnn_neat: Removed edge 5→10 (from 11 candidates)
2026-08-14 23:53:41,648 [DEBUG] cnn_neat: Removed 3 edges (requested 3)
2026-08-14 23:53:41,652 [DEBUG] cnn_neat: Crossover rejected: union topology invalid (edges=35 nodes=24)
2026-08-14 23:53:41,656 [DEBUG] cnn_neat: Split edge 6→2, new hidden node 16 (pool=13)
2026-08-14 23:53:41,661 [DEBUG] cnn_neat: Added edge 11→6 (from 59 candidates)
2026-08-14 23:53:41,665 [DEBUG] cnn_neat: Added edge 5→2 (from 50 candidates)
2026-08-14 23:53:41,669 [DEBUG] cnn_neat: Added edge 7→1 (from 42 candidates)
2026-08-14 23:53:41,674 [DEBUG] cnn_neat: Added edge 6→1 (from 41 candidates)
2026-08-14 23:53:41,679 [DEBUG] cnn_neat: Added edge 15→5 (from 40 candidates)
2026-08-14 23:53:41,684 [DEBUG] cnn_neat: Added edge 15→9 (from 39 candidates)
2026-08-14 23:53:41,687 [DEBUG] cnn_neat: Split edge 7→2, new hidden node 15 (pool=14)
2026-08-14 23:53:41,692 [DEBUG] cnn_neat: Added edge 9→5 (from 53 candidates)
2026-08-14 23:53:41,699 [DEBUG] cnn_neat: Removed hidden node 10 (pool=9)
2026-08-14 23:53:41,702 [DEBUG] cnn_neat: Removed edge 6→2 (from 13 candidates)
2026-08-14 23:53:41,708 [DEBUG] cnn_neat: Removed 3 edges (requested 3)
2026-08-14 23:53:41,713 [DEBUG] cnn_neat: Crossover rejected: union topology invalid (edges=35 nodes=24)
2026-08-14 23:53:41,716 [DEBUG] cnn_neat: Split edge 7→2, new hidden node 15 (pool=14)
2026-08-14 23:53:41,722 [DEBUG] cnn_neat: Added edge 2→3 (from 58 candidates)
2026-08-14 23:53:41,727 [DEBUG] cnn_neat: Added edge 11→3 (from 53 candidates)
2026-08-14 23:53:41,730 [DEBUG] cnn_neat: Added edge 8→6 (from 52 candidates)
2026-08-14 23:53:41,735 [DEBUG] cnn_neat: Added edge 9→5 (from 48 candidates)
2026-08-14 23:53:41,739 [DEBUG] cnn_neat: Added edge 9→10 (from 43 candidates)
2026-08-14 23:53:41,744 [DEBUG] cnn_neat: Added edge 8→2 (from 42 candidates)
2026-08-14 23:53:41,748 [DEBUG] cnn_neat: Split edge 0→5, new hidden node 15 (pool=14)
2026-08-14 23:53:41,752 [DEBUG] cnn_neat: Added edge 12→14 (from 52 candidates)
2026-08-14 23:53:41,757 [DEBUG] cnn_neat: Removed hidden node 7 (pool=9)
2026-08-14 23:53:41,761 [DEBUG] cnn_neat: Removed edge 5→6 (from 13 candidates)
2026-08-14 23:53:41,767 [DEBUG] cnn_neat: Removed 3 edges (requested 3)
2026-08-14 23:53:41,772 [DEBUG] cnn_neat: Crossover rejected: union topology invalid (edges=33 nodes=23)
2026-08-14 23:53:41,776 [DEBUG] cnn_neat: Split edge 10→7, new hidden node 15 (pool=14)
2026-08-14 23:53:41,780 [DEBUG] cnn_neat: Added edge 9→5 (from 52 candidates)
2026-08-14 23:53:41,784 [DEBUG] cnn_neat: Added edge 12→7 (from 43 candidates)
2026-08-14 23:53:41,788 [DEBUG] cnn_neat: Added edge 12→5 (from 42 candidates)
2026-08-14 23:53:41,793 [DEBUG] cnn_neat: Added edge 12→10 (from 41 candidates)
2026-08-14 23:53:41,797 [DEBUG] cnn_neat: Added edge 14→10 (from 40 candidates)
2026-08-14 23:53:41,801 [DEBUG] cnn_neat: Split edge 5→6, new hidden node 16 (pool=12)
2026-08-14 23:53:41,805 [DEBUG] cnn_neat: Added edge 6→12 (from 67 candidates)
2026-08-14 23:53:41,811 [DEBUG] cnn_neat: Removed hidden node 6 (pool=10)
2026-08-14 23:53:41,815 [DEBUG] cnn_neat: Removed edge 15→3 (from 10 candidates)
2026-08-14 23:53:41,821 [DEBUG] cnn_neat: Removed 3 edges (requested 3)
2026-08-14 23:53:41,826 [DEBUG] cnn_neat: Crossover rejected: union topology invalid (edges=37 nodes=27)
2026-08-14 23:53:41,830 [DEBUG] cnn_neat: Split edge 11→14, new hidden node 16 (pool=12)
2026-08-14 23:53:41,834 [DEBUG] cnn_neat: Added edge 14→5 (from 67 candidates)
2026-08-14 23:53:41,839 [DEBUG] cnn_neat: Added edge 14→12 (from 61 candidates)
2026-08-14 23:53:41,844 [DEBUG] cnn_neat: Added edge 6→10 (from 55 candidates)
2026-08-14 23:53:41,848 [DEBUG] cnn_neat: Added edge 9→7 (from 52 candidates)
2026-08-14 23:53:41,854 [DEBUG] cnn_neat: Added edge 3→9 (from 50 candidates)
2026-08-14 23:53:41,858 [DEBUG] cnn_neat: Split edge 7→2, new hidden node 16 (pool=9)
2026-08-14 23:53:41,863 [DEBUG] cnn_neat: Added edge 15→7 (from 65 candidates)
2026-08-14 23:53:42,007 [DEBUG] cnn_neat: Split edge 11→9, new hidden node 16 (pool=11)
2026-08-14 23:53:42,086 [DEBUG] cnn_neat: Added edge 8→11 (from 77 candidates)
2026-08-14 23:53:42,171 [DEBUG] cnn_neat: Removed hidden node 10 (pool=12)
2026-08-14 23:53:42,183 [DEBUG] cnn_neat: Removed edge 5→6 (from 14 candidates)
2026-08-14 23:53:42,199 [DEBUG] cnn_neat: Removed 3 edges (requested 3)
2026-08-14 23:53:42,211 [DEBUG] cnn_neat: Split edge 5→6, new hidden node 17 (pool=7)
2026-08-14 23:53:42,222 [DEBUG] cnn_neat: Split edge 6→2, new hidden node 16 (pool=11)
2026-08-14 23:53:42,238 [DEBUG] cnn_neat: Split edge 2→1, new hidden node 16 (pool=12)
2026-08-14 23:53:42,250 [DEBUG] cnn_neat: Added edge 12→10 (from 71 candidates)
2026-08-14 23:53:42,270 [DEBUG] cnn_neat: Removed hidden node 12 (pool=11)
2026-08-14 23:53:42,279 [DEBUG] cnn_neat: Removed edge 6→2 (from 12 candidates)
2026-08-14 23:53:42,298 [DEBUG] cnn_neat: Removed 3 edges (requested 3)
2026-08-14 23:53:42,309 [DEBUG] cnn_neat: Split edge 10→7, new hidden node 16 (pool=12)
2026-08-14 23:53:42,756 [DEBUG] cnn_neat: Split edge 15→6, new hidden node 16 (pool=15)
2026-08-14 23:53:42,799 [DEBUG] cnn_neat: Split edge 6→3, new hidden node 15 (pool=15)
2026-08-14 23:53:42,832 [DEBUG] cnn_neat: Added edge 5→11 (from 67 candidates)
2026-08-14 23:53:42,881 [DEBUG] cnn_neat: Removed hidden node 3 (pool=11)
2026-08-14 23:53:42,901 [DEBUG] cnn_neat: Removed edge 10→7 (from 16 candidates)
2026-08-14 23:53:42,964 [DEBUG] cnn_neat: Removed 3 edges (requested 3)
2026-08-14 23:53:43,008 [DEBUG] cnn_neat: Split edge 2→13, new hidden node 16 (pool=13)
2026-08-14 23:53:43,020 [DEBUG] cnn_neat: Split edge 10→7, new hidden node 15 (pool=15)
2026-08-14 23:53:43,038 [DEBUG] cnn_neat: Split edge 2→13, new hidden node 15 (pool=13)
2026-08-14 23:53:43,066 [DEBUG] cnn_neat: Split edge 0→5, new hidden node 16 (pool=13)
2026-08-14 23:53:43,076 [DEBUG] cnn_neat: Added edge 13→2 (from 57 candidates)
2026-08-14 23:53:43,089 [DEBUG] cnn_neat: Removed hidden node 5 (pool=10)
2026-08-14 23:53:43,095 [DEBUG] cnn_neat: Removed edge 5→10 (from 13 candidates)
2026-08-14 23:53:43,107 [DEBUG] cnn_neat: Removed 3 edges (requested 3)
2026-08-14 23:53:43,114 [DEBUG] cnn_neat: Split edge 12→3, new hidden node 17 (pool=17)
2026-08-14 23:53:43,124 [DEBUG] cnn_neat: Split edge 2→1, new hidden node 15 (pool=13)
2026-08-14 23:53:43,131 [DEBUG] cnn_neat: Added edge 9→12 (from 67 candidates)
2026-08-14 23:53:43,144 [DEBUG] cnn_neat: Removed hidden node 10 (pool=10)
2026-08-14 23:53:43,150 [DEBUG] cnn_neat: Removed edge 7→2 (from 13 candidates)
2026-08-14 23:53:43,165 [DEBUG] cnn_neat: Removed 3 edges (requested 3)
2026-08-14 23:53:43,172 [DEBUG] cnn_neat: Split edge 2→1, new hidden node 15 (pool=11)
2026-08-14 23:53:43,179 [DEBUG] cnn_neat: Split edge 10→7, new hidden node 15 (pool=13)
2026-08-14 23:53:43,188 [DEBUG] cnn_neat: Added edge 9→10 (from 61 candidates)
2026-08-14 23:53:43,196 [DEBUG] cnn_neat: Added edge 12→5 (from 62 candidates)
2026-08-14 23:53:43,208 [DEBUG] cnn_neat: Split edge 11→9, new hidden node 17 (pool=12)
2026-08-14 23:53:43,217 [DEBUG] cnn_neat: Added edge 12→11 (from 66 candidates)
2026-08-14 23:53:43,231 [DEBUG] cnn_neat: Removed hidden node 3 (pool=11)
2026-08-14 23:53:43,237 [DEBUG] cnn_neat: Removed edge 0→5 (from 12 candidates)
2026-08-14 23:53:43,248 [DEBUG] cnn_neat: Removed 3 edges (requested 3)
2026-08-14 23:53:43,255 [DEBUG] cnn_neat: Split edge 7→2, new hidden node 18 (pool=8)
2026-08-14 23:53:43,263 [DEBUG] cnn_neat: Split edge 7→2, new hidden node 17 (pool=12)
2026-08-14 23:53:43,275 [DEBUG] cnn_neat: Split edge 6→7, new hidden node 15 (pool=11)
2026-08-14 23:53:43,284 [DEBUG] cnn_neat: Added edge 5→9 (from 56 candidates)
2026-08-14 23:53:43,296 [DEBUG] cnn_neat: Removed hidden node 5 (pool=10)
2026-08-14 23:53:43,303 [DEBUG] cnn_neat: Removed edge 5→10 (from 14 candidates)
2026-08-14 23:53:43,318 [DEBUG] cnn_neat: Removed 3 edges (requested 3)
2026-08-14 23:53:43,327 [DEBUG] cnn_neat: Split edge 6→2, new hidden node 16 (pool=10)
2026-08-14 23:53:43,334 [DEBUG] cnn_neat: Split edge 0→5, new hidden node 15 (pool=11)
2026-08-14 23:53:43,346 [DEBUG] cnn_neat: Split edge 15→6, new hidden node 16 (pool=12)
2026-08-14 23:53:43,354 [DEBUG] cnn_neat: Added edge 0→9 (from 65 candidates)
2026-08-14 23:53:43,369 [DEBUG] cnn_neat: Removed hidden node 3 (pool=11)
2026-08-14 23:53:43,378 [DEBUG] cnn_neat: Removed edge 5→3 (from 16 candidates)
2026-08-14 23:53:43,391 [DEBUG] cnn_neat: Removed 3 edges (requested 3)
2026-08-14 23:53:43,399 [DEBUG] cnn_neat: Split edge 8→3, new hidden node 17 (pool=8)
2026-08-14 23:53:43,501 [DEBUG] cnn_neat: Split edge 0→5, new hidden node 16 (pool=12)
2026-08-14 23:53:43,515 [DEBUG] cnn_neat: Added edge 9→7 (from 67 candidates)
2026-08-14 23:53:43,552 [DEBUG] cnn_neat: Removed hidden node 15 (pool=11)
2026-08-14 23:53:43,565 [DEBUG] cnn_neat: Removed edge 6→2 (from 13 candidates)
2026-08-14 23:53:43,592 [DEBUG] cnn_neat: Removed 3 edges (requested 3)
2026-08-14 23:53:43,608 [DEBUG] cnn_neat: Split edge 6→2, new hidden node 17 (pool=16)
2026-08-14 23:53:43,622 [DEBUG] cnn_neat: Split edge 0→11, new hidden node 16 (pool=13)
2026-08-14 23:53:43,642 [DEBUG] cnn_neat: Split edge 12→3, new hidden node 15 (pool=16)
2026-08-14 23:53:43,662 [DEBUG] cnn_neat: Added edge 9→8 (from 63 candidates)
2026-08-14 23:53:43,977 [DEBUG] cnn_neat: Removed hidden node 9 (pool=11)
2026-08-14 23:53:43,996 [DEBUG] cnn_neat: Split edge 10→7, new hidden node 15 (pool=19)
2026-08-14 23:53:44,010 [DEBUG] cnn_neat: Added edge 8→2 (from 34 candidates)
2026-08-14 23:53:44,032 [DEBUG] cnn_neat: Removed hidden node 6 (pool=9)
2026-08-14 23:53:44,055 [DEBUG] cnn_neat: Removed edge 5→6 (from 20 candidates)
2026-08-14 23:53:44,082 [DEBUG] cnn_neat: Removed 3 edges (requested 3)
2026-08-14 23:53:44,103 [DEBUG] cnn_neat: Split edge 6→7, new hidden node 16 (pool=16)
2026-08-14 23:53:44,114 [DEBUG] cnn_neat: Split edge 10→9, new hidden node 15 (pool=20)
2026-08-14 23:53:44,423 [DEBUG] cnn_neat: Split edge 2→1, new hidden node 17 (pool=5)
2026-08-14 23:53:44,441 [DEBUG] cnn_neat: Added edge 9→6 (from 87 candidates)
2026-08-14 23:53:44,474 [DEBUG] cnn_neat: Removed hidden node 8 (pool=13)
2026-08-14 23:53:44,487 [DEBUG] cnn_neat: Split edge 6→7, new hidden node 16 (pool=12)
2026-08-14 23:53:44,498 [DEBUG] cnn_neat: Added edge 9→3 (from 40 candidates)
2026-08-14 23:53:44,522 [DEBUG] cnn_neat: Removed hidden node 10 (pool=9)
2026-08-14 23:53:44,538 [DEBUG] cnn_neat: Removed edge 5→6 (from 14 candidates)
2026-08-14 23:53:44,561 [DEBUG] cnn_neat: Removed 3 edges (requested 3)
2026-08-14 23:53:44,577 [DEBUG] cnn_neat: Split edge 6→2, new hidden node 16 (pool=13)
2026-08-14 23:53:44,589 [DEBUG] cnn_neat: Split edge 11→9, new hidden node 16 (pool=10)
2026-08-14 23:53:44,893 [DEBUG] cnn_neat: Split edge 15→6, new hidden node 16 (pool=13)
2026-08-14 23:53:44,905 [DEBUG] cnn_neat: Added edge 15→13 (from 58 candidates)
2026-08-14 23:53:44,916 [DEBUG] cnn_neat: Removed hidden node 5 (pool=9)
2026-08-14 23:53:44,926 [DEBUG] cnn_neat: Removed edge 5→10 (from 12 candidates)
2026-08-14 23:53:44,952 [DEBUG] cnn_neat: Removed 3 edges (requested 3)
2026-08-14 23:53:44,971 [DEBUG] cnn_neat: Split edge 5→6, new hidden node 16 (pool=13)
2026-08-14 23:53:44,987 [DEBUG] cnn_neat: Added edge 12→10 (from 65 candidates)
2026-08-14 23:53:45,043 [DEBUG] cnn_neat: Removed hidden node 15 (pool=10)
2026-08-14 23:53:45,054 [DEBUG] cnn_neat: Removed edge 6→2 (from 13 candidates)
2026-08-14 23:53:45,078 [DEBUG] cnn_neat: Removed 3 edges (requested 3)
2026-08-14 23:53:45,092 [DEBUG] cnn_neat: Split edge 0→5, new hidden node 17 (pool=15)
2026-08-14 23:53:45,109 [DEBUG] cnn_neat: Split edge 11→9, new hidden node 16 (pool=14)
2026-08-14 23:53:45,407 [DEBUG] cnn_neat: Split edge 0→5, new hidden node 14 (pool=11)
2026-08-14 23:53:45,430 [DEBUG] cnn_neat: Split edge 5→6, new hidden node 17 (pool=5)
2026-08-14 23:53:45,447 [DEBUG] cnn_neat: Added edge 16→10 (from 87 candidates)
2026-08-14 23:53:45,465 [DEBUG] cnn_neat: Removed hidden node 6 (pool=13)
2026-08-14 23:53:45,473 [DEBUG] cnn_neat: Removed edge 6→3 (from 13 candidates)
2026-08-14 23:53:45,497 [DEBUG] cnn_neat: Removed 3 edges (requested 3)
2026-08-14 23:53:45,541 [DEBUG] cnn_neat: Split edge 9→14, new hidden node 18 (pool=17)
2026-08-14 23:53:45,562 [DEBUG] cnn_neat: Split edge 7→2, new hidden node 17 (pool=5)
2026-08-14 23:53:45,923 [DEBUG] cnn_neat: Split edge 6→2, new hidden node 17 (pool=8)
2026-08-14 23:53:45,930 [DEBUG] cnn_neat: Added edge 0→10 (from 59 candidates)
2026-08-14 23:53:45,941 [DEBUG] cnn_neat: Removed hidden node 15 (pool=10)
2026-08-14 23:53:45,946 [DEBUG] cnn_neat: Removed edge 10→7 (from 13 candidates)
2026-08-14 23:53:45,958 [DEBUG] cnn_neat: Removed 3 edges (requested 3)
2026-08-14 23:53:45,967 [DEBUG] cnn_neat: Split edge 5→6, new hidden node 18 (pool=15)
2026-08-14 23:53:45,976 [DEBUG] cnn_neat: Split edge 5→3, new hidden node 16 (pool=13)
2026-08-14 23:53:45,982 [DEBUG] cnn_neat: Added edge 2→13 (from 39 candidates)
2026-08-14 23:53:45,992 [DEBUG] cnn_neat: Removed hidden node 3 (pool=9)
2026-08-14 23:53:45,998 [DEBUG] cnn_neat: Removed edge 9→15 (from 16 candidates)
2026-08-14 23:53:46,007 [DEBUG] cnn_neat: Removed 3 edges (requested 3)
2026-08-14 23:53:46,013 [DEBUG] cnn_neat: Split edge 9→15, new hidden node 16 (pool=15)
2026-08-14 23:53:46,019 [DEBUG] cnn_neat: Split edge 5→6, new hidden node 16 (pool=12)
2026-08-14 23:53:46,024 [DEBUG] cnn_neat: Split edge 13→3, new hidden node 16 (pool=10)
2026-08-14 23:53:46,034 [DEBUG] cnn_neat: Split edge 2→1, new hidden node 16 (pool=8)
2026-08-14 23:53:46,042 [DEBUG] cnn_neat: Added edge 10→14 (from 80 candidates)
2026-08-14 23:53:46,054 [DEBUG] cnn_neat: Removed hidden node 3 (pool=11)
2026-08-14 23:53:46,059 [DEBUG] cnn_neat: Removed edge 10→7 (from 10 candidates)
2026-08-14 23:53:46,071 [DEBUG] cnn_neat: Removed 3 edges (requested 3)
2026-08-14 23:53:46,078 [DEBUG] cnn_neat: Split edge 16→1, new hidden node 17 (pool=14)
2026-08-14 23:53:46,088 [DEBUG] cnn_neat: Split edge 10→7, new hidden node 16 (pool=8)
2026-08-14 23:53:46,096 [DEBUG] cnn_neat: Added edge 10→15 (from 80 candidates)
2026-08-14 23:53:46,108 [DEBUG] cnn_neat: Removed hidden node 3 (pool=11)
2026-08-14 23:53:46,113 [DEBUG] cnn_neat: Removed edge 10→7 (from 10 candidates)
2026-08-14 23:53:46,125 [DEBUG] cnn_neat: Removed 3 edges (requested 3)
2026-08-14 23:53:46,132 [DEBUG] cnn_neat: Split edge 16→7, new hidden node 17 (pool=8)
2026-08-14 23:53:46,142 [DEBUG] cnn_neat: Split edge 7→2, new hidden node 16 (pool=10)
2026-08-14 23:53:46,149 [DEBUG] cnn_neat: Added edge 6→1 (from 81 candidates)
2026-08-14 23:53:46,160 [DEBUG] cnn_neat: Removed hidden node 6 (pool=11)
2026-08-14 23:53:46,166 [DEBUG] cnn_neat: Removed edge 6→7 (from 10 candidates)
2026-08-14 23:53:46,176 [DEBUG] cnn_neat: Removed 3 edges (requested 3)
2026-08-14 23:53:46,184 [DEBUG] cnn_neat: Split edge 5→6, new hidden node 17 (pool=9)
2026-08-14 23:53:46,195 [DEBUG] cnn_neat: Split edge 6→7, new hidden node 15 (pool=15)
2026-08-14 23:53:46,200 [DEBUG] cnn_neat: Added edge 12→9 (from 46 candidates)
2026-08-14 23:53:46,204 [DEBUG] cnn_neat: Saved generation 26
2026-08-14 23:53:46,292 [DEBUG] cnn_neat: Selected 25 elite individuals
2026-08-14 23:53:46,322 [DEBUG] cnn_neat: Removed hidden node 7 (pool=9)
2026-08-14 23:53:46,399 [DEBUG] cnn_neat: Removed edge 5→3 (from 14 candidates)
2026-08-14 23:53:46,444 [DEBUG] cnn_neat: Removed 3 edges (requested 3)
2026-08-14 23:53:46,460 [DEBUG] cnn_neat: Split edge 2→1, new hidden node 16 (pool=14)
2026-08-14 23:53:46,485 [DEBUG] cnn_neat: Split edge 2→1, new hidden node 15 (pool=14)
2026-08-14 23:53:46,504 [DEBUG] cnn_neat: Added edge 11→5 (from 60 candidates)
2026-08-14 23:53:46,519 [DEBUG] cnn_neat: Removed hidden node 6 (pool=10)
2026-08-14 23:53:46,528 [DEBUG] cnn_neat: Removed edge 9→6 (from 16 candidates)
2026-08-14 23:53:46,544 [DEBUG] cnn_neat: Removed 3 edges (requested 3)
2026-08-14 23:53:46,554 [DEBUG] cnn_neat: Split edge 5→3, new hidden node 16 (pool=15)
2026-08-14 23:53:46,569 [DEBUG] cnn_neat: Split edge 7→2, new hidden node 16 (pool=11)
2026-08-14 23:53:46,579 [DEBUG] cnn_neat: Added edge 15→3 (from 49 candidates)
2026-08-14 23:53:46,594 [DEBUG] cnn_neat: Removed hidden node 7 (pool=10)
2026-08-14 23:53:46,603 [DEBUG] cnn_neat: Removed edge 0→5 (from 17 candidates)
2026-08-14 23:53:46,616 [DEBUG] cnn_neat: Trimmed elite queue to 128 entries
2026-08-14 23:53:47,213 [DEBUG] cnn_neat: Removed 3 edges (requested 3)
2026-08-14 23:53:47,217 [DEBUG] cnn_neat: Split edge 7→2, new hidden node 15 (pool=19)
2026-08-14 23:53:47,222 [DEBUG] cnn_neat: Added edge 2→3 (from 39 candidates)
2026-08-14 23:53:47,228 [DEBUG] cnn_neat: Removed hidden node 5 (pool=9)
2026-08-14 23:53:47,232 [DEBUG] cnn_neat: Removed edge 5→3 (from 18 candidates)
2026-08-14 23:53:47,239 [DEBUG] cnn_neat: Removed 3 edges (requested 3)
2026-08-14 23:53:47,244 [DEBUG] cnn_neat: Crossover rejected: union topology invalid (edges=42 nodes=26)
2026-08-14 23:53:47,248 [DEBUG] cnn_neat: Split edge 5→6, new hidden node 15 (pool=19)
2026-08-14 23:53:47,253 [DEBUG] cnn_neat: Added edge 11→5 (from 39 candidates)
2026-08-14 23:53:47,258 [DEBUG] cnn_neat: Added edge 9→2 (from 38 candidates)
2026-08-14 23:53:47,263 [DEBUG] cnn_neat: Added edge 14→12 (from 36 candidates)
2026-08-14 23:53:47,268 [DEBUG] cnn_neat: Added edge 12→1 (from 32 candidates)
2026-08-14 23:53:47,273 [DEBUG] cnn_neat: Added edge 9→3 (from 31 candidates)
2026-08-14 23:53:47,277 [DEBUG] cnn_neat: Split edge 6→2, new hidden node 15 (pool=13)
2026-08-14 23:53:47,281 [DEBUG] cnn_neat: Added edge 9→10 (from 34 candidates)
2026-08-14 23:53:47,287 [DEBUG] cnn_neat: Removed hidden node 7 (pool=7)
2026-08-14 23:53:47,289 [DEBUG] cnn_neat: Removed edge 6→7 (from 12 candidates)
2026-08-14 23:53:47,295 [DEBUG] cnn_neat: Removed 3 edges (requested 3)
2026-08-14 23:53:47,300 [DEBUG] cnn_neat: Crossover rejected: union topology invalid (edges=27 nodes=20)
2026-08-14 23:53:47,303 [DEBUG] cnn_neat: Split edge 2→1, new hidden node 15 (pool=13)
2026-08-14 23:53:47,307 [DEBUG] cnn_neat: Added edge 11→9 (from 34 candidates)
2026-08-14 23:53:47,310 [DEBUG] cnn_neat: Added edge 6→1 (from 27 candidates)
2026-08-14 23:53:47,314 [DEBUG] cnn_neat: Added edge 10→6 (from 26 candidates)
2026-08-14 23:53:47,318 [DEBUG] cnn_neat: Added edge 14→2 (from 24 candidates)
2026-08-14 23:53:47,323 [DEBUG] cnn_neat: Added edge 14→1 (from 23 candidates)
2026-08-14 23:53:47,327 [DEBUG] cnn_neat: Split edge 2→1, new hidden node 17 (pool=12)
2026-08-14 23:53:47,331 [DEBUG] cnn_neat: Added edge 15→5 (from 42 candidates)
2026-08-14 23:53:47,336 [DEBUG] cnn_neat: Removed hidden node 15 (pool=8)
2026-08-14 23:53:47,340 [DEBUG] cnn_neat: Removed edge 15→6 (from 13 candidates)
2026-08-14 23:53:47,345 [DEBUG] cnn_neat: Removed 3 edges (requested 3)
2026-08-14 23:53:47,350 [DEBUG] cnn_neat: Crossover rejected: union topology invalid (edges=31 nodes=21)
2026-08-14 23:53:47,354 [DEBUG] cnn_neat: Split edge 15→6, new hidden node 17 (pool=12)
2026-08-14 23:53:47,358 [DEBUG] cnn_neat: Added edge 16→11 (from 42 candidates)
2026-08-14 23:53:47,362 [DEBUG] cnn_neat: Added edge 15→1 (from 31 candidates)
2026-08-14 23:53:47,365 [DEBUG] cnn_neat: Added edge 10→1 (from 29 candidates)
2026-08-14 23:53:47,370 [DEBUG] cnn_neat: Added edge 15→10 (from 27 candidates)
2026-08-14 23:53:47,375 [DEBUG] cnn_neat: Added edge 9→10 (from 24 candidates)
2026-08-14 23:53:47,378 [DEBUG] cnn_neat: Split edge 6→2, new hidden node 17 (pool=13)
2026-08-14 23:53:47,383 [DEBUG] cnn_neat: Added edge 3→11 (from 62 candidates)
2026-08-14 23:53:47,388 [DEBUG] cnn_neat: Removed hidden node 5 (pool=9)
2026-08-14 23:53:47,392 [DEBUG] cnn_neat: Removed edge 5→6 (from 10 candidates)
2026-08-14 23:53:47,398 [DEBUG] cnn_neat: Removed 3 edges (requested 3)
2026-08-14 23:53:47,402 [DEBUG] cnn_neat: Crossover rejected: union topology invalid (edges=31 nodes=22)
2026-08-14 23:53:47,405 [DEBUG] cnn_neat: Split edge 5→10, new hidden node 17 (pool=13)
2026-08-14 23:53:47,410 [DEBUG] cnn_neat: Added edge 9→7 (from 62 candidates)
2026-08-14 23:53:47,414 [DEBUG] cnn_neat: Added edge 15→3 (from 61 candidates)
2026-08-14 23:53:47,419 [DEBUG] cnn_neat: Added edge 11→3 (from 58 candidates)
2026-08-14 23:53:47,423 [DEBUG] cnn_neat: Added edge 16→15 (from 53 candidates)
2026-08-14 23:53:47,426 [DEBUG] cnn_neat: Added edge 10→2 (from 47 candidates)
2026-08-14 23:53:47,430 [DEBUG] cnn_neat: Split edge 0→5, new hidden node 16 (pool=12)
2026-08-14 23:53:47,434 [DEBUG] cnn_neat: Added edge 3→9 (from 48 candidates)
2026-08-14 23:53:47,440 [DEBUG] cnn_neat: Removed hidden node 6 (pool=9)
2026-08-14 23:53:47,443 [DEBUG] cnn_neat: Removed edge 9→15 (from 14 candidates)
2026-08-14 23:53:47,449 [DEBUG] cnn_neat: Removed 3 edges (requested 3)
2026-08-14 23:53:47,453 [DEBUG] cnn_neat: Crossover rejected: union topology invalid (edges=30 nodes=21)
2026-08-14 23:53:47,456 [DEBUG] cnn_neat: Split edge 2→1, new hidden node 16 (pool=12)
2026-08-14 23:53:47,461 [DEBUG] cnn_neat: Added edge 11→6 (from 48 candidates)
2026-08-14 23:53:47,465 [DEBUG] cnn_neat: Added edge 11→5 (from 47 candidates)
2026-08-14 23:53:47,470 [DEBUG] cnn_neat: Added edge 3→7 (from 44 candidates)
2026-08-14 23:53:47,475 [DEBUG] cnn_neat: Added edge 6→10 (from 40 candidates)
2026-08-14 23:53:47,479 [DEBUG] cnn_neat: Added edge 9→10 (from 36 candidates)
2026-08-14 23:53:47,483 [DEBUG] cnn_neat: Split edge 5→6, new hidden node 16 (pool=8)
2026-08-14 23:53:47,488 [DEBUG] cnn_neat: Added edge 3→2 (from 48 candidates)
2026-08-14 23:53:47,494 [DEBUG] cnn_neat: Removed hidden node 10 (pool=9)
2026-08-14 23:53:47,497 [DEBUG] cnn_neat: Removed edge 15→9 (from 12 candidates)
2026-08-14 23:53:47,504 [DEBUG] cnn_neat: Removed 3 edges (requested 3)
2026-08-14 23:53:47,508 [DEBUG] cnn_neat: Crossover rejected: union topology invalid (edges=36 nodes=22)
2026-08-14 23:53:47,512 [DEBUG] cnn_neat: Split edge 0→5, new hidden node 16 (pool=8)
2026-08-14 23:53:47,517 [DEBUG] cnn_neat: Added edge 14→9 (from 48 candidates)
2026-08-14 23:53:47,521 [DEBUG] cnn_neat: Added edge 7→1 (from 50 candidates)
2026-08-14 23:53:47,525 [DEBUG] cnn_neat: Added edge 9→1 (from 49 candidates)
2026-08-14 23:53:47,530 [DEBUG] cnn_neat: Added edge 10→9 (from 47 candidates)
2026-08-14 23:53:47,535 [DEBUG] cnn_neat: Added edge 2→3 (from 42 candidates)
2026-08-14 23:53:47,538 [DEBUG] cnn_neat: Split edge 5→3, new hidden node 15 (pool=13)
2026-08-14 23:53:47,543 [DEBUG] cnn_neat: Added edge 14→10 (from 39 candidates)
2026-08-14 23:53:47,549 [DEBUG] cnn_neat: Removed hidden node 3 (pool=8)
2026-08-14 23:53:47,552 [DEBUG] cnn_neat: Split edge 9→6, new hidden node 15 (pool=13)
2026-08-14 23:53:47,555 [DEBUG] cnn_neat: Removed edge 14→9 (from 14 candidates)
2026-08-14 23:53:47,560 [DEBUG] cnn_neat: Removed 3 edges (requested 3)
2026-08-14 23:53:47,565 [DEBUG] cnn_neat: Crossover rejected: union topology invalid (edges=30 nodes=22)
2026-08-14 23:53:47,568 [DEBUG] cnn_neat: Split edge 14→3, new hidden node 15 (pool=13)
2026-08-14 23:53:47,572 [DEBUG] cnn_neat: Added edge 10→6 (from 39 candidates)
2026-08-14 23:53:47,575 [DEBUG] cnn_neat: Added edge 5→11 (from 37 candidates)
2026-08-14 23:53:47,579 [DEBUG] cnn_neat: Added edge 6→1 (from 33 candidates)
2026-08-14 23:53:47,584 [DEBUG] cnn_neat: Added edge 14→7 (from 32 candidates)
2026-08-14 23:53:47,588 [DEBUG] cnn_neat: Added edge 9→7 (from 30 candidates)
2026-08-14 23:53:47,592 [DEBUG] cnn_neat: Split edge 10→7, new hidden node 16 (pool=12)
2026-08-14 23:53:47,596 [DEBUG] cnn_neat: Added edge 14→3 (from 70 candidates)
2026-08-14 23:53:47,602 [DEBUG] cnn_neat: Removed hidden node 5 (pool=10)
2026-08-14 23:53:47,606 [DEBUG] cnn_neat: Removed edge 7→2 (from 9 candidates)
2026-08-14 23:53:47,611 [DEBUG] cnn_neat: Removed 3 edges (requested 3)
2026-08-14 23:53:47,615 [DEBUG] cnn_neat: Crossover rejected: union topology invalid (edges=34 nodes=25)
2026-08-14 23:53:47,618 [DEBUG] cnn_neat: Split edge 11→14, new hidden node 16 (pool=12)
2026-08-14 23:53:47,763 [DEBUG] cnn_neat: Split edge 6→7, new hidden node 15 (pool=19)
2026-08-14 23:53:47,897 [DEBUG] cnn_neat: Added edge 0→9 (from 39 candidates)
2026-08-14 23:53:47,916 [DEBUG] cnn_neat: Removed hidden node 9 (pool=9)
2026-08-14 23:53:47,925 [DEBUG] cnn_neat: Removed edge 9→5 (from 18 candidates)
2026-08-14 23:53:47,943 [DEBUG] cnn_neat: Removed 3 edges (requested 3)
2026-08-14 23:53:47,954 [DEBUG] cnn_neat: Split edge 15→7, new hidden node 16 (pool=18)
2026-08-14 23:53:47,969 [DEBUG] cnn_neat: Split edge 5→6, new hidden node 16 (pool=11)
2026-08-14 23:53:47,981 [DEBUG] cnn_neat: Added edge 14→2 (from 77 candidates)
2026-08-14 23:53:47,999 [DEBUG] cnn_neat: Removed hidden node 13 (pool=12)
2026-08-14 23:53:48,008 [DEBUG] cnn_neat: Removed edge 14→3 (from 14 candidates)
2026-08-14 23:53:48,024 [DEBUG] cnn_neat: Removed 3 edges (requested 3)
2026-08-14 23:53:48,035 [DEBUG] cnn_neat: Split edge 2→1, new hidden node 16 (pool=12)
2026-08-14 23:53:48,044 [DEBUG] cnn_neat: Split edge 2→1, new hidden node 16 (pool=10)
2026-08-14 23:53:48,050 [DEBUG] cnn_neat: Split edge 11→9, new hidden node 16 (pool=15)
2026-08-14 23:53:48,064 [DEBUG] cnn_neat: Split edge 9→15, new hidden node 16 (pool=12)
2026-08-14 23:53:48,161 [DEBUG] cnn_neat: Added edge 10→13 (from 71 candidates)
2026-08-14 23:53:48,570 [DEBUG] cnn_neat: Removed hidden node 12 (pool=11)
2026-08-14 23:53:48,606 [DEBUG] cnn_neat: Split edge 5→6, new hidden node 15 (pool=15)
2026-08-14 23:53:48,633 [DEBUG] cnn_neat: Added edge 2→12 (from 67 candidates)
2026-08-14 23:53:48,665 [DEBUG] cnn_neat: Removed hidden node 6 (pool=11)
2026-08-14 23:53:48,688 [DEBUG] cnn_neat: Removed edge 8→3 (from 16 candidates)
2026-08-14 23:53:48,763 [DEBUG] cnn_neat: Removed 3 edges (requested 3)
2026-08-14 23:53:48,778 [DEBUG] cnn_neat: Split edge 9→6, new hidden node 15 (pool=16)
2026-08-14 23:53:48,791 [DEBUG] cnn_neat: Split edge 11→10, new hidden node 15 (pool=13)
2026-08-14 23:53:48,815 [DEBUG] cnn_neat: Split edge 6→7, new hidden node 16 (pool=13)
2026-08-14 23:53:48,821 [DEBUG] cnn_neat: Added edge 9→13 (from 57 candidates)
2026-08-14 23:53:48,832 [DEBUG] cnn_neat: Removed hidden node 15 (pool=10)
2026-08-14 23:53:48,837 [DEBUG] cnn_neat: Removed edge 10→7 (from 13 candidates)
2026-08-14 23:53:48,847 [DEBUG] cnn_neat: Removed 3 edges (requested 3)
2026-08-14 23:53:48,853 [DEBUG] cnn_neat: Split edge 6→2, new hidden node 16 (pool=12)
2026-08-14 23:53:48,858 [DEBUG] cnn_neat: Split edge 9→15, new hidden node 16 (pool=11)
2026-08-14 23:53:48,862 [DEBUG] cnn_neat: Split edge 11→10, new hidden node 16 (pool=9)
2026-08-14 23:53:48,872 [DEBUG] cnn_neat: Split edge 2→1, new hidden node 15 (pool=13)
2026-08-14 23:53:48,879 [DEBUG] cnn_neat: Added edge 5→14 (from 67 candidates)
2026-08-14 23:53:48,889 [DEBUG] cnn_neat: Removed hidden node 10 (pool=10)
2026-08-14 23:53:48,894 [DEBUG] cnn_neat: Removed edge 5→3 (from 13 candidates)
2026-08-14 23:53:48,905 [DEBUG] cnn_neat: Removed 3 edges (requested 3)
2026-08-14 23:53:48,912 [DEBUG] cnn_neat: Split edge 6→3, new hidden node 15 (pool=11)
2026-08-14 23:53:48,918 [DEBUG] cnn_neat: Split edge 14→9, new hidden node 15 (pool=12)
2026-08-14 23:53:48,923 [DEBUG] cnn_neat: Split edge 9→6, new hidden node 15 (pool=12)
2026-08-14 23:53:48,933 [DEBUG] cnn_neat: Split edge 11→9, new hidden node 17 (pool=12)
2026-08-14 23:53:48,940 [DEBUG] cnn_neat: Added edge 13→2 (from 66 candidates)
2026-08-14 23:53:48,949 [DEBUG] cnn_neat: Removed hidden node 5 (pool=11)
2026-08-14 23:53:48,955 [DEBUG] cnn_neat: Removed edge 6→7 (from 12 candidates)
2026-08-14 23:53:48,967 [DEBUG] cnn_neat: Removed 3 edges (requested 3)
2026-08-14 23:53:48,973 [DEBUG] cnn_neat: Split edge 9→15, new hidden node 17 (pool=12)
2026-08-14 23:53:48,978 [DEBUG] cnn_neat: Split edge 7→2, new hidden node 17 (pool=9)
2026-08-14 23:53:48,991 [DEBUG] cnn_neat: Split edge 6→7, new hidden node 15 (pool=11)
2026-08-14 23:53:48,998 [DEBUG] cnn_neat: Added edge 10→12 (from 56 candidates)
2026-08-14 23:53:49,013 [DEBUG] cnn_neat: Removed hidden node 6 (pool=10)
2026-08-14 23:53:49,020 [DEBUG] cnn_neat: Removed edge 5→10 (from 14 candidates)
2026-08-14 23:53:49,029 [DEBUG] cnn_neat: Removed 3 edges (requested 3)
2026-08-14 23:53:49,036 [DEBUG] cnn_neat: Split edge 12→3, new hidden node 15 (pool=7)
2026-08-14 23:53:49,040 [DEBUG] cnn_neat: Split edge 7→3, new hidden node 15 (pool=13)
2026-08-14 23:53:49,043 [DEBUG] cnn_neat: Split edge 12→3, new hidden node 15 (pool=13)
2026-08-14 23:53:49,053 [DEBUG] cnn_neat: Split edge 6→14, new hidden node 16 (pool=12)
2026-08-14 23:53:49,061 [DEBUG] cnn_neat: Added edge 7→14 (from 65 candidates)
2026-08-14 23:53:49,071 [DEBUG] cnn_neat: Removed hidden node 5 (pool=11)
2026-08-14 23:53:49,077 [DEBUG] cnn_neat: Removed edge 6→2 (from 16 candidates)
2026-08-14 23:53:49,091 [DEBUG] cnn_neat: Removed 3 edges (requested 3)
2026-08-14 23:53:49,098 [DEBUG] cnn_neat: Split edge 6→2, new hidden node 17 (pool=10)
2026-08-14 23:53:49,108 [DEBUG] cnn_neat: Split edge 5→6, new hidden node 16 (pool=12)
2026-08-14 23:53:49,115 [DEBUG] cnn_neat: Added edge 6→8 (from 67 candidates)
2026-08-14 23:53:49,126 [DEBUG] cnn_neat: Removed hidden node 15 (pool=11)
2026-08-14 23:53:49,133 [DEBUG] cnn_neat: Removed edge 15→6 (from 13 candidates)
2026-08-14 23:53:49,146 [DEBUG] cnn_neat: Removed 3 edges (requested 3)
2026-08-14 23:53:49,155 [DEBUG] cnn_neat: Split edge 0→5, new hidden node 17 (pool=15)
2026-08-14 23:53:49,163 [DEBUG] cnn_neat: Split edge 2→1, new hidden node 16 (pool=13)
2026-08-14 23:53:49,286 [DEBUG] cnn_neat: Split edge 7→13, new hidden node 15 (pool=16)
2026-08-14 23:53:49,304 [DEBUG] cnn_neat: Added edge 10→14 (from 63 candidates)
2026-08-14 23:53:49,323 [DEBUG] cnn_neat: Removed hidden node 11 (pool=11)
2026-08-14 23:53:49,336 [DEBUG] cnn_neat: Removed edge 12→3 (from 18 candidates)
2026-08-14 23:53:49,365 [DEBUG] cnn_neat: Removed 3 edges (requested 3)
2026-08-14 23:53:49,376 [DEBUG] cnn_neat: Split edge 0→11, new hidden node 16 (pool=14)
2026-08-14 23:53:49,390 [DEBUG] cnn_neat: Split edge 5→6, new hidden node 15 (pool=17)
2026-08-14 23:53:49,407 [DEBUG] cnn_neat: Split edge 11→13, new hidden node 15 (pool=19)
2026-08-14 23:53:49,417 [DEBUG] cnn_neat: Added edge 8→11 (from 34 candidates)
2026-08-14 23:53:49,441 [DEBUG] cnn_neat: Removed hidden node 6 (pool=9)
2026-08-14 23:53:49,747 [DEBUG] cnn_neat: Removed edge 10→9 (from 20 candidates)
2026-08-14 23:53:49,766 [DEBUG] cnn_neat: Split edge 7→2, new hidden node 17 (pool=5)
2026-08-14 23:53:49,782 [DEBUG] cnn_neat: Added edge 10→2 (from 87 candidates)
2026-08-14 23:53:49,804 [DEBUG] cnn_neat: Removed hidden node 5 (pool=13)
2026-08-14 23:53:49,820 [DEBUG] cnn_neat: Removed edge 5→6 (from 13 candidates)
2026-08-14 23:53:49,847 [DEBUG] cnn_neat: Removed 3 edges (requested 3)
2026-08-14 23:53:49,866 [DEBUG] cnn_neat: Split edge 2→1, new hidden node 17 (pool=2)
2026-08-14 23:53:49,879 [DEBUG] cnn_neat: Split edge 2→1, new hidden node 17 (pool=2)
2026-08-14 23:53:49,893 [DEBUG] cnn_neat: Split edge 10→7, new hidden node 17 (pool=10)
2026-08-14 23:53:50,197 [DEBUG] cnn_neat: Split edge 9→15, new hidden node 16 (pool=12)
2026-08-14 23:53:50,212 [DEBUG] cnn_neat: Added edge 13→1 (from 40 candidates)
2026-08-14 23:53:50,233 [DEBUG] cnn_neat: Removed hidden node 10 (pool=9)
2026-08-14 23:53:50,253 [DEBUG] cnn_neat: Removed edge 15→6 (from 14 candidates)
2026-08-14 23:53:50,274 [DEBUG] cnn_neat: Split edge 6→14, new hidden node 16 (pool=11)
2026-08-14 23:53:50,296 [DEBUG] cnn_neat: Added edge 0→14 (from 49 candidates)
2026-08-14 23:53:50,324 [DEBUG] cnn_neat: Removed hidden node 14 (pool=10)
2026-08-14 23:53:50,340 [DEBUG] cnn_neat: Removed edge 14→3 (from 17 candidates)
2026-08-14 23:53:50,363 [DEBUG] cnn_neat: Removed 3 edges (requested 3)
2026-08-14 23:53:50,371 [DEBUG] cnn_neat: Split edge 0→11, new hidden node 17 (pool=9)
2026-08-14 23:53:50,382 [DEBUG] cnn_neat: Split edge 11→9, new hidden node 16 (pool=12)
2026-08-14 23:53:50,693 [DEBUG] cnn_neat: Split edge 10→7, new hidden node 16 (pool=14)
2026-08-14 23:53:50,708 [DEBUG] cnn_neat: Added edge 12→7 (from 53 candidates)
2026-08-14 23:53:50,733 [DEBUG] cnn_neat: Removed hidden node 15 (pool=10)
2026-08-14 23:53:50,744 [DEBUG] cnn_neat: Removed edge 6→2 (from 14 candidates)
2026-08-14 23:53:50,808 [DEBUG] cnn_neat: Removed 3 edges (requested 3)
2026-08-14 23:53:50,823 [DEBUG] cnn_neat: Split edge 9→15, new hidden node 17 (pool=13)
2026-08-14 23:53:50,845 [DEBUG] cnn_neat: Split edge 0→5, new hidden node 15 (pool=12)
2026-08-14 23:53:50,862 [DEBUG] cnn_neat: Added edge 8→11 (from 41 candidates)
2026-08-14 23:53:50,886 [DEBUG] cnn_neat: Removed hidden node 5 (pool=9)
2026-08-14 23:53:51,188 [DEBUG] cnn_neat: Removed edge 10→7 (from 16 candidates)
2026-08-14 23:53:51,205 [DEBUG] cnn_neat: Split edge 5→3, new hidden node 17 (pool=9)
2026-08-14 23:53:51,218 [DEBUG] cnn_neat: Added edge 15→7 (from 68 candidates)
2026-08-14 23:53:51,241 [DEBUG] cnn_neat: Removed hidden node 16 (pool=11)
2026-08-14 23:53:51,247 [DEBUG] cnn_neat: Removed edge 7→2 (from 13 candidates)
2026-08-14 23:53:51,312 [DEBUG] cnn_neat: Removed 3 edges (requested 3)
2026-08-14 23:53:51,319 [DEBUG] cnn_neat: Split edge 6→2, new hidden node 18 (pool=8)
2026-08-14 23:53:51,336 [DEBUG] cnn_neat: Split edge 6→2, new hidden node 16 (pool=10)
2026-08-14 23:53:51,689 [DEBUG] cnn_neat: Added edge 9→12 (from 66 candidates)
2026-08-14 23:53:51,698 [DEBUG] cnn_neat: Split edge 6→7, new hidden node 16 (pool=13)
2026-08-14 23:53:51,705 [DEBUG] cnn_neat: Added edge 0→12 (from 70 candidates)
2026-08-14 23:53:51,717 [DEBUG] cnn_neat: Removed hidden node 13 (pool=11)
2026-08-14 23:53:51,720 [DEBUG] cnn_neat: Removed edge 11→10 (from 14 candidates)
2026-08-14 23:53:51,729 [DEBUG] cnn_neat: Removed 3 edges (requested 3)
2026-08-14 23:53:51,736 [DEBUG] cnn_neat: Split edge 2→1, new hidden node 17 (pool=11)
2026-08-14 23:53:51,747 [DEBUG] cnn_neat: Split edge 2→1, new hidden node 15 (pool=12)
2026-08-14 23:53:51,754 [DEBUG] cnn_neat: Added edge 9→10 (from 55 candidates)
2026-08-14 23:53:51,772 [DEBUG] cnn_neat: Removed hidden node 3 (pool=10)
2026-08-14 23:53:51,777 [DEBUG] cnn_neat: Removed edge 11→10 (from 15 candidates)
2026-08-14 23:53:51,788 [DEBUG] cnn_neat: Removed 3 edges (requested 3)
2026-08-14 23:53:51,796 [DEBUG] cnn_neat: Split edge 13→6, new hidden node 16 (pool=18)
2026-08-14 23:53:51,808 [DEBUG] cnn_neat: Split edge 0→5, new hidden node 17 (pool=8)
2026-08-14 23:53:51,816 [DEBUG] cnn_neat: Added edge 14→2 (from 85 candidates)
2026-08-14 23:53:51,837 [DEBUG] cnn_neat: Removed hidden node 10 (pool=12)
2026-08-14 23:53:51,843 [DEBUG] cnn_neat: Removed edge 12→3 (from 12 candidates)
2026-08-14 23:53:51,858 [DEBUG] cnn_neat: Removed 3 edges (requested 3)
2026-08-14 23:53:51,865 [DEBUG] cnn_neat: Split edge 6→3, new hidden node 18 (pool=15)
2026-08-14 23:53:51,876 [DEBUG] cnn_neat: Split edge 0→5, new hidden node 16 (pool=15)
2026-08-14 23:53:51,883 [DEBUG] cnn_neat: Added edge 12→5 (from 50 candidates)
2026-08-14 23:53:51,895 [DEBUG] cnn_neat: Removed hidden node 13 (pool=10)
2026-08-14 23:53:51,901 [DEBUG] cnn_neat: Removed edge 6→7 (from 16 candidates)
2026-08-14 23:53:51,913 [DEBUG] cnn_neat: Removed 3 edges (requested 3)
2026-08-14 23:53:51,919 [DEBUG] cnn_neat: Split edge 15→6, new hidden node 17 (pool=19)
2026-08-14 23:53:51,932 [DEBUG] cnn_neat: Split edge 12→3, new hidden node 17 (pool=10)
2026-08-14 23:53:51,939 [DEBUG] cnn_neat: Added edge 9→7 (from 67 candidates)
2026-08-14 23:53:51,950 [DEBUG] cnn_neat: Removed hidden node 10 (pool=11)
2026-08-14 23:53:51,954 [DEBUG] cnn_neat: Saved generation 27
2026-08-14 23:53:52,044 [DEBUG] cnn_neat: Selected 25 elite individuals
2026-08-14 23:53:52,053 [DEBUG] cnn_neat: Removed edge 15→6 (from 15 candidates)
2026-08-14 23:53:52,156 [DEBUG] cnn_neat: Removed 3 edges (requested 3)
2026-08-14 23:53:52,186 [DEBUG] cnn_neat: Split edge 0→5, new hidden node 18 (pool=9)
2026-08-14 23:53:52,212 [DEBUG] cnn_neat: Split edge 7→2, new hidden node 17 (pool=8)
2026-08-14 23:53:52,229 [DEBUG] cnn_neat: Added edge 2→8 (from 79 candidates)
2026-08-14 23:53:52,268 [DEBUG] cnn_neat: Removed hidden node 8 (pool=12)
2026-08-14 23:53:52,277 [DEBUG] cnn_neat: Removed edge 11→10 (from 13 candidates)
2026-08-14 23:53:52,297 [DEBUG] cnn_neat: Removed 3 edges (requested 3)
2026-08-14 23:53:52,307 [DEBUG] cnn_neat: Split edge 12→3, new hidden node 17 (pool=10)
2026-08-14 23:53:52,318 [DEBUG] cnn_neat: Split edge 10→7, new hidden node 17 (pool=10)
2026-08-14 23:53:52,333 [DEBUG] cnn_neat: Split edge 15→6, new hidden node 16 (pool=12)
2026-08-14 23:53:52,341 [DEBUG] cnn_neat: Added edge 12→2 (from 65 candidates)
2026-08-14 23:53:52,359 [DEBUG] cnn_neat: Trimmed elite queue to 128 entries
2026-08-14 23:53:52,961 [DEBUG] cnn_neat: Removed hidden node 13 (pool=11)
2026-08-14 23:53:52,967 [DEBUG] cnn_neat: Split edge 0→11, new hidden node 15 (pool=15)
2026-08-14 23:53:52,972 [DEBUG] cnn_neat: Added edge 5→7 (from 47 candidates)
2026-08-14 23:53:52,978 [DEBUG] cnn_neat: Removed hidden node 10 (pool=9)
2026-08-14 23:53:52,982 [DEBUG] cnn_neat: Removed edge 11→10 (from 16 candidates)
2026-08-14 23:53:52,990 [DEBUG] cnn_neat: Removed 3 edges (requested 3)
2026-08-14 23:53:52,995 [DEBUG] cnn_neat: Crossover rejected: union topology invalid (edges=40 nodes=25)
2026-08-14 23:53:52,998 [DEBUG] cnn_neat: Split edge 6→2, new hidden node 15 (pool=15)
2026-08-14 23:53:53,003 [DEBUG] cnn_neat: Added edge 10→6 (from 47 candidates)
2026-08-14 23:53:53,008 [DEBUG] cnn_neat: Added edge 3→11 (from 45 candidates)
2026-08-14 23:53:53,013 [DEBUG] cnn_neat: Added edge 11→9 (from 34 candidates)
2026-08-14 23:53:53,017 [DEBUG] cnn_neat: Added edge 14→5 (from 29 candidates)
2026-08-14 23:53:53,022 [DEBUG] cnn_neat: Added edge 3→2 (from 28 candidates)
2026-08-14 23:53:53,026 [DEBUG] cnn_neat: Split edge 12→3, new hidden node 15 (pool=20)
2026-08-14 23:53:53,031 [DEBUG] cnn_neat: Added edge 0→14 (from 34 candidates)
2026-08-14 23:53:53,037 [DEBUG] cnn_neat: Removed hidden node 5 (pool=9)
2026-08-14 23:53:53,041 [DEBUG] cnn_neat: Removed edge 9→5 (from 19 candidates)
2026-08-14 23:53:53,049 [DEBUG] cnn_neat: Removed 3 edges (requested 3)
2026-08-14 23:53:53,054 [DEBUG] cnn_neat: Crossover rejected: union topology invalid (edges=39 nodes=23)
2026-08-14 23:53:53,058 [DEBUG] cnn_neat: Split edge 0→11, new hidden node 15 (pool=20)
2026-08-14 23:53:53,062 [DEBUG] cnn_neat: Added edge 9→2 (from 34 candidates)
2026-08-14 23:53:53,067 [DEBUG] cnn_neat: Added edge 11→3 (from 32 candidates)
2026-08-14 23:53:53,071 [DEBUG] cnn_neat: Added edge 6→10 (from 31 candidates)
2026-08-14 23:53:53,076 [DEBUG] cnn_neat: Added edge 12→2 (from 29 candidates)
2026-08-14 23:53:53,081 [DEBUG] cnn_neat: Added edge 9→1 (from 28 candidates)
2026-08-14 23:53:53,085 [DEBUG] cnn_neat: Split edge 7→2, new hidden node 15 (pool=13)
2026-08-14 23:53:53,089 [DEBUG] cnn_neat: Added edge 11→7 (from 62 candidates)
2026-08-14 23:53:53,094 [DEBUG] cnn_neat: Removed hidden node 6 (pool=9)
2026-08-14 23:53:53,097 [DEBUG] cnn_neat: Removed edge 12→3 (from 10 candidates)
2026-08-14 23:53:53,101 [DEBUG] cnn_neat: Split edge 14→9, new hidden node 15 (pool=13)
2026-08-14 23:53:53,107 [DEBUG] cnn_neat: Removed 3 edges (requested 3)
2026-08-14 23:53:53,111 [DEBUG] cnn_neat: Crossover rejected: union topology invalid (edges=31 nodes=23)
2026-08-14 23:53:53,114 [DEBUG] cnn_neat: Split edge 5→10, new hidden node 15 (pool=13)
2026-08-14 23:53:53,119 [DEBUG] cnn_neat: Added edge 10→14 (from 62 candidates)
2026-08-14 23:53:53,123 [DEBUG] cnn_neat: Added edge 12→5 (from 56 candidates)
2026-08-14 23:53:53,127 [DEBUG] cnn_neat: Added edge 3→7 (from 51 candidates)
2026-08-14 23:53:53,131 [DEBUG] cnn_neat: Added edge 10→3 (from 48 candidates)
2026-08-14 23:53:53,135 [DEBUG] cnn_neat: Added edge 3→1 (from 49 candidates)
2026-08-14 23:53:53,139 [DEBUG] cnn_neat: Split edge 7→2, new hidden node 16 (pool=9)
2026-08-14 23:53:53,144 [DEBUG] cnn_neat: Added edge 14→7 (from 38 candidates)
2026-08-14 23:53:53,150 [DEBUG] cnn_neat: Removed hidden node 14 (pool=8)
2026-08-14 23:53:53,153 [DEBUG] cnn_neat: Removed edge 6→7 (from 11 candidates)
2026-08-14 23:53:53,159 [DEBUG] cnn_neat: Removed 3 edges (requested 3)
2026-08-14 23:53:53,165 [DEBUG] cnn_neat: Crossover rejected: union topology invalid (edges=30 nodes=23)
2026-08-14 23:53:53,168 [DEBUG] cnn_neat: Split edge 0→5, new hidden node 16 (pool=9)
2026-08-14 23:53:53,172 [DEBUG] cnn_neat: Added edge 14→15 (from 38 candidates)
2026-08-14 23:53:53,176 [DEBUG] cnn_neat: Added edge 9→6 (from 44 candidates)
2026-08-14 23:53:53,181 [DEBUG] cnn_neat: Added edge 0→10 (from 43 candidates)
2026-08-14 23:53:53,186 [DEBUG] cnn_neat: Added edge 9→1 (from 41 candidates)
2026-08-14 23:53:53,191 [DEBUG] cnn_neat: Added edge 11→7 (from 39 candidates)
2026-08-14 23:53:53,195 [DEBUG] cnn_neat: Split edge 0→5, new hidden node 17 (pool=13)
2026-08-14 23:53:53,200 [DEBUG] cnn_neat: Added edge 2→16 (from 68 candidates)
2026-08-14 23:53:53,208 [DEBUG] cnn_neat: Removed hidden node 5 (pool=10)
2026-08-14 23:53:53,211 [DEBUG] cnn_neat: Removed edge 15→6 (from 10 candidates)
2026-08-14 23:53:53,217 [DEBUG] cnn_neat: Removed 3 edges (requested 3)
2026-08-14 23:53:53,222 [DEBUG] cnn_neat: Crossover rejected: union topology invalid (edges=37 nodes=23)
2026-08-14 23:53:53,225 [DEBUG] cnn_neat: Split edge 11→9, new hidden node 17 (pool=13)
2026-08-14 23:53:53,230 [DEBUG] cnn_neat: Added edge 16→2 (from 68 candidates)
2026-08-14 23:53:53,234 [DEBUG] cnn_neat: Added edge 7→1 (from 65 candidates)
2026-08-14 23:53:53,239 [DEBUG] cnn_neat: Added edge 5→13 (from 64 candidates)
2026-08-14 23:53:53,244 [DEBUG] cnn_neat: Added edge 10→1 (from 59 candidates)
2026-08-14 23:53:53,248 [DEBUG] cnn_neat: Added edge 13→16 (from 52 candidates)
2026-08-14 23:53:53,252 [DEBUG] cnn_neat: Split edge 5→10, new hidden node 16 (pool=12)
2026-08-14 23:53:53,256 [DEBUG] cnn_neat: Added edge 13→1 (from 48 candidates)
2026-08-14 23:53:53,264 [DEBUG] cnn_neat: Removed hidden node 13 (pool=9)
2026-08-14 23:53:53,267 [DEBUG] cnn_neat: Removed edge 7→2 (from 14 candidates)
2026-08-14 23:53:53,272 [DEBUG] cnn_neat: Removed 3 edges (requested 3)
2026-08-14 23:53:53,277 [DEBUG] cnn_neat: Crossover rejected: union topology invalid (edges=36 nodes=22)
2026-08-14 23:53:53,281 [DEBUG] cnn_neat: Split edge 7→2, new hidden node 16 (pool=12)
2026-08-14 23:53:53,285 [DEBUG] cnn_neat: Added edge 0→9 (from 48 candidates)
2026-08-14 23:53:53,289 [DEBUG] cnn_neat: Added edge 13→2 (from 48 candidates)
2026-08-14 23:53:53,293 [DEBUG] cnn_neat: Added edge 0→10 (from 46 candidates)
2026-08-14 23:53:53,298 [DEBUG] cnn_neat: Added edge 13→1 (from 47 candidates)
2026-08-14 23:53:53,303 [DEBUG] cnn_neat: Added edge 11→15 (from 46 candidates)
2026-08-14 23:53:53,307 [DEBUG] cnn_neat: Split edge 9→6, new hidden node 15 (pool=13)
2026-08-14 23:53:53,311 [DEBUG] cnn_neat: Added edge 3→9 (from 58 candidates)
2026-08-14 23:53:53,317 [DEBUG] cnn_neat: Removed hidden node 3 (pool=9)
2026-08-14 23:53:53,321 [DEBUG] cnn_neat: Removed edge 12→3 (from 11 candidates)
2026-08-14 23:53:53,324 [DEBUG] cnn_neat: Split edge 6→2, new hidden node 15 (pool=14)
2026-08-14 23:53:53,331 [DEBUG] cnn_neat: Removed 3 edges (requested 3)
2026-08-14 23:53:53,336 [DEBUG] cnn_neat: Crossover rejected: union topology invalid (edges=31 nodes=22)
2026-08-14 23:53:53,339 [DEBUG] cnn_neat: Split edge 11→14, new hidden node 15 (pool=13)
2026-08-14 23:53:53,343 [DEBUG] cnn_neat: Added edge 12→11 (from 58 candidates)
2026-08-14 23:53:53,347 [DEBUG] cnn_neat: Added edge 5→9 (from 55 candidates)
2026-08-14 23:53:53,351 [DEBUG] cnn_neat: Added edge 3→10 (from 46 candidates)
2026-08-14 23:53:53,356 [DEBUG] cnn_neat: Added edge 11→5 (from 42 candidates)
2026-08-14 23:53:53,361 [DEBUG] cnn_neat: Added edge 14→2 (from 40 candidates)
2026-08-14 23:53:53,364 [DEBUG] cnn_neat: Split edge 5→10, new hidden node 17 (pool=13)
2026-08-14 23:53:53,369 [DEBUG] cnn_neat: Added edge 15→5 (from 50 candidates)
2026-08-14 23:53:53,376 [DEBUG] cnn_neat: Removed hidden node 3 (pool=9)
2026-08-14 23:53:53,379 [DEBUG] cnn_neat: Removed edge 11→10 (from 11 candidates)
2026-08-14 23:53:53,385 [DEBUG] cnn_neat: Removed 3 edges (requested 3)
2026-08-14 23:53:53,390 [DEBUG] cnn_neat: Crossover rejected: union topology invalid (edges=33 nodes=24)
2026-08-14 23:53:53,393 [DEBUG] cnn_neat: Split edge 9→15, new hidden node 17 (pool=13)
2026-08-14 23:53:53,397 [DEBUG] cnn_neat: Added edge 5→11 (from 50 candidates)
2026-08-14 23:53:53,401 [DEBUG] cnn_neat: Added edge 3→7 (from 46 candidates)
2026-08-14 23:53:53,405 [DEBUG] cnn_neat: Added edge 3→1 (from 45 candidates)
2026-08-14 23:53:53,409 [DEBUG] cnn_neat: Added edge 9→1 (from 43 candidates)
2026-08-14 23:53:53,414 [DEBUG] cnn_neat: Added edge 15→2 (from 42 candidates)
2026-08-14 23:53:53,418 [DEBUG] cnn_neat: Split edge 7→2, new hidden node 16 (pool=13)
2026-08-14 23:53:53,423 [DEBUG] cnn_neat: Added edge 0→10 (from 39 candidates)
2026-08-14 23:53:53,513 [DEBUG] cnn_neat: Split edge 12→9, new hidden node 15 (pool=19)
2026-08-14 23:53:53,642 [DEBUG] cnn_neat: Added edge 2→3 (from 39 candidates)
2026-08-14 23:53:53,721 [DEBUG] cnn_neat: Removed hidden node 12 (pool=9)
2026-08-14 23:53:53,730 [DEBUG] cnn_neat: Removed edge 12→7 (from 18 candidates)
2026-08-14 23:53:53,750 [DEBUG] cnn_neat: Removed 3 edges (requested 3)
2026-08-14 23:53:53,760 [DEBUG] cnn_neat: Split edge 14→10, new hidden node 16 (pool=14)
2026-08-14 23:53:53,770 [DEBUG] cnn_neat: Split edge 5→6, new hidden node 15 (pool=14)
2026-08-14 23:53:53,788 [DEBUG] cnn_neat: Split edge 9→6, new hidden node 15 (pool=15)
2026-08-14 23:53:53,798 [DEBUG] cnn_neat: Added edge 9→2 (from 47 candidates)
2026-08-14 23:53:53,817 [DEBUG] cnn_neat: Removed hidden node 9 (pool=9)
2026-08-14 23:53:53,825 [DEBUG] cnn_neat: Removed edge 12→3 (from 16 candidates)
2026-08-14 23:53:53,839 [DEBUG] cnn_neat: Removed 3 edges (requested 3)
2026-08-14 23:53:53,848 [DEBUG] cnn_neat: Split edge 5→6, new hidden node 16 (pool=11)
2026-08-14 23:53:53,865 [DEBUG] cnn_neat: Split edge 9→5, new hidden node 15 (pool=20)
2026-08-14 23:53:54,324 [DEBUG] cnn_neat: Added edge 11→3 (from 34 candidates)
2026-08-14 23:53:54,367 [DEBUG] cnn_neat: Split edge 6→2, new hidden node 16 (pool=11)
2026-08-14 23:53:54,397 [DEBUG] cnn_neat: Added edge 15→14 (from 77 candidates)
2026-08-14 23:53:54,445 [DEBUG] cnn_neat: Removed hidden node 5 (pool=12)
2026-08-14 23:53:54,465 [DEBUG] cnn_neat: Removed edge 11→10 (from 14 candidates)
2026-08-14 23:53:54,499 [DEBUG] cnn_neat: Removed 3 edges (requested 3)
2026-08-14 23:53:54,573 [DEBUG] cnn_neat: Split edge 9→15, new hidden node 16 (pool=12)
2026-08-14 23:53:54,581 [DEBUG] cnn_neat: Split edge 2→1, new hidden node 16 (pool=6)
2026-08-14 23:53:54,600 [DEBUG] cnn_neat: Split edge 0→11, new hidden node 16 (pool=12)
2026-08-14 23:53:54,623 [DEBUG] cnn_neat: Added edge 5→9 (from 71 candidates)
2026-08-14 23:53:54,646 [DEBUG] cnn_neat: Removed hidden node 6 (pool=11)
2026-08-14 23:53:54,653 [DEBUG] cnn_neat: Removed edge 10→7 (from 12 candidates)
2026-08-14 23:53:54,665 [DEBUG] cnn_neat: Removed 3 edges (requested 3)
2026-08-14 23:53:54,672 [DEBUG] cnn_neat: Split edge 5→3, new hidden node 17 (pool=10)
2026-08-14 23:53:54,681 [DEBUG] cnn_neat: Split edge 5→6, new hidden node 16 (pool=10)
2026-08-14 23:53:54,694 [DEBUG] cnn_neat: Split edge 10→7, new hidden node 15 (pool=15)
2026-08-14 23:53:54,703 [DEBUG] cnn_neat: Added edge 6→12 (from 67 candidates)
2026-08-14 23:53:54,717 [DEBUG] cnn_neat: Removed hidden node 10 (pool=11)
2026-08-14 23:53:54,723 [DEBUG] cnn_neat: Removed edge 10→7 (from 16 candidates)
2026-08-14 23:53:54,737 [DEBUG] cnn_neat: Removed 3 edges (requested 3)
2026-08-14 23:53:54,746 [DEBUG] cnn_neat: Split edge 0→5, new hidden node 15 (pool=14)
2026-08-14 23:53:54,753 [DEBUG] cnn_neat: Split edge 9→6, new hidden node 15 (pool=14)
2026-08-14 23:53:54,759 [DEBUG] cnn_neat: Split edge 5→3, new hidden node 15 (pool=7)
2026-08-14 23:53:54,770 [DEBUG] cnn_neat: Split edge 9→15, new hidden node 16 (pool=13)
2026-08-14 23:53:54,777 [DEBUG] cnn_neat: Added edge 9→13 (from 57 candidates)
2026-08-14 23:53:54,789 [DEBUG] cnn_neat: Removed hidden node 6 (pool=10)
2026-08-14 23:53:54,795 [DEBUG] cnn_neat: Removed edge 11→10 (from 13 candidates)
2026-08-14 23:53:54,807 [DEBUG] cnn_neat: Removed 3 edges (requested 3)
2026-08-14 23:53:54,814 [DEBUG] cnn_neat: Split edge 6→7, new hidden node 16 (pool=14)
2026-08-14 23:53:54,820 [DEBUG] cnn_neat: Split edge 7→13, new hidden node 16 (pool=10)
2026-08-14 23:53:54,827 [DEBUG] cnn_neat: Added edge 0→9 (from 59 candidates)
2026-08-14 23:53:54,833 [DEBUG] cnn_neat: Added edge 12→2 (from 79 candidates)
2026-08-14 23:53:54,845 [DEBUG] cnn_neat: Split edge 5→6, new hidden node 15 (pool=13)
2026-08-14 23:53:54,852 [DEBUG] cnn_neat: Added edge 9→8 (from 67 candidates)
2026-08-14 23:53:54,863 [DEBUG] cnn_neat: Removed hidden node 5 (pool=10)
2026-08-14 23:53:54,868 [DEBUG] cnn_neat: Removed edge 7→2 (from 13 candidates)
2026-08-14 23:53:54,881 [DEBUG] cnn_neat: Removed 3 edges (requested 3)
2026-08-14 23:53:54,889 [DEBUG] cnn_neat: Split edge 9→6, new hidden node 15 (pool=11)
2026-08-14 23:53:54,897 [DEBUG] cnn_neat: Split edge 11→10, new hidden node 15 (pool=8)
2026-08-14 23:53:54,903 [DEBUG] cnn_neat: Split edge 5→3, new hidden node 15 (pool=12)
2026-08-14 23:53:54,914 [DEBUG] cnn_neat: Split edge 6→2, new hidden node 17 (pool=12)
2026-08-14 23:53:54,922 [DEBUG] cnn_neat: Added edge 6→16 (from 66 candidates)
2026-08-14 23:53:54,935 [DEBUG] cnn_neat: Removed hidden node 15 (pool=11)
2026-08-14 23:53:54,942 [DEBUG] cnn_neat: Removed edge 5→6 (from 12 candidates)
2026-08-14 23:53:54,959 [DEBUG] cnn_neat: Removed 3 edges (requested 3)
2026-08-14 23:53:54,968 [DEBUG] cnn_neat: Split edge 10→7, new hidden node 18 (pool=15)
2026-08-14 23:53:54,978 [DEBUG] cnn_neat: Split edge 9→15, new hidden node 17 (pool=12)
2026-08-14 23:53:55,068 [DEBUG] cnn_neat: Split edge 6→2, new hidden node 15 (pool=11)
2026-08-14 23:53:55,084 [DEBUG] cnn_neat: Added edge 12→14 (from 56 candidates)
2026-08-14 23:53:55,114 [DEBUG] cnn_neat: Removed hidden node 10 (pool=10)
2026-08-14 23:53:55,129 [DEBUG] cnn_neat: Removed edge 7→3 (from 14 candidates)
2026-08-14 23:53:55,155 [DEBUG] cnn_neat: Removed 3 edges (requested 3)
2026-08-14 23:53:55,160 [DEBUG] cnn_neat: Split edge 0→5, new hidden node 15 (pool=12)
2026-08-14 23:53:55,177 [DEBUG] cnn_neat: Split edge 6→3, new hidden node 15 (pool=10)
2026-08-14 23:53:55,193 [DEBUG] cnn_neat: Split edge 11→10, new hidden node 15 (pool=7)
2026-08-14 23:53:55,527 [DEBUG] cnn_neat: Split edge 15→6, new hidden node 16 (pool=12)
2026-08-14 23:53:55,541 [DEBUG] cnn_neat: Added edge 9→6 (from 65 candidates)
2026-08-14 23:53:55,571 [DEBUG] cnn_neat: Removed hidden node 10 (pool=11)
2026-08-14 23:53:55,591 [DEBUG] cnn_neat: Split edge 7→2, new hidden node 16 (pool=12)
2026-08-14 23:53:55,610 [DEBUG] cnn_neat: Added edge 11→6 (from 67 candidates)
2026-08-14 23:53:55,643 [DEBUG] cnn_neat: Removed hidden node 6 (pool=11)
2026-08-14 23:53:55,658 [DEBUG] cnn_neat: Removed edge 11→10 (from 13 candidates)
2026-08-14 23:53:55,999 [DEBUG] cnn_neat: Removed 3 edges (requested 3)
2026-08-14 23:53:56,015 [DEBUG] cnn_neat: Split edge 12→3, new hidden node 15 (pool=16)
2026-08-14 23:53:56,034 [DEBUG] cnn_neat: Added edge 12→8 (from 63 candidates)
2026-08-14 23:53:56,060 [DEBUG] cnn_neat: Removed hidden node 11 (pool=11)
2026-08-14 23:53:56,078 [DEBUG] cnn_neat: Removed edge 9→6 (from 18 candidates)
2026-08-14 23:53:56,119 [DEBUG] cnn_neat: Removed 3 edges (requested 3)
2026-08-14 23:53:56,135 [DEBUG] cnn_neat: Split edge 12→3, new hidden node 15 (pool=17)
2026-08-14 23:53:56,154 [DEBUG] cnn_neat: Split edge 9→6, new hidden node 15 (pool=12)
2026-08-14 23:53:56,168 [DEBUG] cnn_neat: Added edge 12→6 (from 61 candidates)
2026-08-14 23:53:56,188 [DEBUG] cnn_neat: Added edge 13→1 (from 73 candidates)
2026-08-14 23:53:56,539 [DEBUG] cnn_neat: Split edge 9→14, new hidden node 15 (pool=19)
2026-08-14 23:53:56,553 [DEBUG] cnn_neat: Added edge 11→6 (from 34 candidates)
2026-08-14 23:53:56,622 [DEBUG] cnn_neat: Removed hidden node 10 (pool=9)
2026-08-14 23:53:56,637 [DEBUG] cnn_neat: Removed edge 8→9 (from 20 candidates)
2026-08-14 23:53:56,665 [DEBUG] cnn_neat: Removed 3 edges (requested 3)
2026-08-14 23:53:56,686 [DEBUG] cnn_neat: Split edge 10→9, new hidden node 16 (pool=14)
2026-08-14 23:53:56,713 [DEBUG] cnn_neat: Split edge 5→6, new hidden node 17 (pool=5)
2026-08-14 23:53:56,733 [DEBUG] cnn_neat: Added edge 2→13 (from 87 candidates)
2026-08-14 23:53:57,082 [DEBUG] cnn_neat: Removed hidden node 16 (pool=13)
2026-08-14 23:53:57,093 [DEBUG] cnn_neat: Split edge 11→9, new hidden node 16 (pool=12)
2026-08-14 23:53:57,112 [DEBUG] cnn_neat: Added edge 9→5 (from 65 candidates)
2026-08-14 23:53:57,136 [DEBUG] cnn_neat: Removed hidden node 13 (pool=11)
2026-08-14 23:53:57,144 [DEBUG] cnn_neat: Removed edge 5→10 (from 14 candidates)
2026-08-14 23:53:57,161 [DEBUG] cnn_neat: Removed 3 edges (requested 3)
2026-08-14 23:53:57,167 [DEBUG] cnn_neat: Split edge 10→7, new hidden node 17 (pool=8)
2026-08-14 23:53:57,224 [DEBUG] cnn_neat: Split edge 6→2, new hidden node 16 (pool=13)
2026-08-14 23:53:57,237 [DEBUG] cnn_neat: Added edge 15→5 (from 38 candidates)
2026-08-14 23:53:57,297 [DEBUG] cnn_neat: Removed hidden node 11 (pool=8)
2026-08-14 23:53:57,301 [DEBUG] cnn_neat: Removed edge 5→6 (from 13 candidates)
2026-08-14 23:53:57,691 [DEBUG] cnn_neat: Removed 3 edges (requested 3)
2026-08-14 23:53:57,707 [DEBUG] cnn_neat: Split edge 2→1, new hidden node 15 (pool=12)
2026-08-14 23:53:57,717 [DEBUG] cnn_neat: Added edge 10→6 (from 42 candidates)
2026-08-14 23:53:57,733 [DEBUG] cnn_neat: Removed hidden node 5 (pool=8)
2026-08-14 23:53:57,742 [DEBUG] cnn_neat: Removed edge 11→10 (from 13 candidates)
2026-08-14 23:53:57,757 [DEBUG] cnn_neat: Removed 3 edges (requested 3)
2026-08-14 23:53:57,764 [DEBUG] cnn_neat: Split edge 10→7, new hidden node 16 (pool=13)
2026-08-14 23:53:57,775 [DEBUG] cnn_neat: Split edge 11→10, new hidden node 15 (pool=15)
2026-08-14 23:53:57,783 [DEBUG] cnn_neat: Added edge 14→2 (from 38 candidates)
2026-08-14 23:53:57,792 [DEBUG] cnn_neat: Removed hidden node 6 (pool=8)
2026-08-14 23:53:57,796 [DEBUG] cnn_neat: Removed edge 7→13 (from 14 candidates)
2026-08-14 23:53:57,811 [DEBUG] cnn_neat: Removed 3 edges (requested 3)
2026-08-14 23:53:57,817 [DEBUG] cnn_neat: Split edge 10→7, new hidden node 16 (pool=16)
2026-08-14 23:53:57,829 [DEBUG] cnn_neat: Split edge 6→2, new hidden node 17 (pool=11)
2026-08-14 23:53:57,836 [DEBUG] cnn_neat: Added edge 2→3 (from 57 candidates)
2026-08-14 23:53:57,847 [DEBUG] cnn_neat: Removed hidden node 5 (pool=9)
2026-08-14 23:53:57,853 [DEBUG] cnn_neat: Removed edge 15→6 (from 14 candidates)
2026-08-14 23:53:57,867 [DEBUG] cnn_neat: Removed 3 edges (requested 3)
2026-08-14 23:53:57,875 [DEBUG] cnn_neat: Split edge 5→16, new hidden node 18 (pool=12)
2026-08-14 23:53:57,881 [DEBUG] cnn_neat: Split edge 2→1, new hidden node 17 (pool=12)
2026-08-14 23:53:57,893 [DEBUG] cnn_neat: Split edge 11→14, new hidden node 16 (pool=13)
2026-08-14 23:53:57,900 [DEBUG] cnn_neat: Added edge 9→10 (from 50 candidates)
2026-08-14 23:53:57,904 [DEBUG] cnn_neat: Saved generation 28
2026-08-14 23:53:57,992 [DEBUG] cnn_neat: Selected 25 elite individuals
2026-08-14 23:53:58,020 [DEBUG] cnn_neat: Removed hidden node 7 (pool=9)
2026-08-14 23:53:58,100 [DEBUG] cnn_neat: Removed edge 9→6 (from 11 candidates)
2026-08-14 23:53:58,138 [DEBUG] cnn_neat: Removed 3 edges (requested 3)
2026-08-14 23:53:58,154 [DEBUG] cnn_neat: Split edge 5→10, new hidden node 17 (pool=9)
2026-08-14 23:53:58,177 [DEBUG] cnn_neat: Split edge 6→3, new hidden node 15 (pool=14)
2026-08-14 23:53:58,190 [DEBUG] cnn_neat: Added edge 5→11 (from 53 candidates)
2026-08-14 23:53:58,210 [DEBUG] cnn_neat: Removed hidden node 14 (pool=9)
2026-08-14 23:53:58,223 [DEBUG] cnn_neat: Removed edge 0→5 (from 13 candidates)
2026-08-14 23:53:58,238 [DEBUG] cnn_neat: Removed 3 edges (requested 3)
2026-08-14 23:53:58,249 [DEBUG] cnn_neat: Split edge 7→2, new hidden node 16 (pool=12)
2026-08-14 23:53:58,264 [DEBUG] cnn_neat: Split edge 2→1, new hidden node 15 (pool=14)
2026-08-14 23:53:58,276 [DEBUG] cnn_neat: Added edge 10→9 (from 52 candidates)
2026-08-14 23:53:58,276 [DEBUG] cnn_neat: Trimmed elite queue to 128 entries
2026-08-14 23:53:58,925 [DEBUG] cnn_neat: Split edge 7→2, new hidden node 15 (pool=18)
2026-08-14 23:53:58,937 [DEBUG] cnn_neat: Removed hidden node 12 (pool=9)
2026-08-14 23:53:58,937 [DEBUG] cnn_neat: Added edge 11→2 (from 41 candidates)
2026-08-14 23:53:58,945 [DEBUG] cnn_neat: Removed hidden node 9 (pool=9)
2026-08-14 23:53:58,949 [DEBUG] cnn_neat: Removed edge 14→9 (from 14 candidates)
2026-08-14 23:53:58,955 [DEBUG] cnn_neat: Removed 3 edges (requested 3)
2026-08-14 23:53:58,960 [DEBUG] cnn_neat: Crossover rejected: union topology invalid (edges=38 nodes=24)
2026-08-14 23:53:58,963 [DEBUG] cnn_neat: Split edge 14→10, new hidden node 15 (pool=18)
2026-08-14 23:53:58,968 [DEBUG] cnn_neat: Added edge 10→2 (from 41 candidates)
2026-08-14 23:53:58,971 [DEBUG] cnn_neat: Added edge 11→2 (from 40 candidates)
2026-08-14 23:53:58,975 [DEBUG] cnn_neat: Added edge 9→10 (from 44 candidates)
2026-08-14 23:53:58,979 [DEBUG] cnn_neat: Added edge 11→12 (from 42 candidates)
2026-08-14 23:53:58,986 [DEBUG] cnn_neat: Added edge 14→1 (from 31 candidates)
2026-08-14 23:53:58,990 [DEBUG] cnn_neat: Split edge 14→10, new hidden node 15 (pool=14)
2026-08-14 23:53:58,995 [DEBUG] cnn_neat: Added edge 3→5 (from 40 candidates)
2026-08-14 23:53:59,003 [DEBUG] cnn_neat: Removed hidden node 3 (pool=9)
2026-08-14 23:53:59,007 [DEBUG] cnn_neat: Removed edge 5→10 (from 17 candidates)
2026-08-14 23:53:59,014 [DEBUG] cnn_neat: Removed 3 edges (requested 3)
2026-08-14 23:53:59,020 [DEBUG] cnn_neat: Crossover rejected: union topology invalid (edges=40 nodes=24)
2026-08-14 23:53:59,025 [DEBUG] cnn_neat: Split edge 9→5, new hidden node 15 (pool=14)
2026-08-14 23:53:59,030 [DEBUG] cnn_neat: Added edge 2→3 (from 40 candidates)
2026-08-14 23:53:59,034 [DEBUG] cnn_neat: Added edge 0→9 (from 32 candidates)
2026-08-14 23:53:59,038 [DEBUG] cnn_neat: Added edge 14→5 (from 24 candidates)
2026-08-14 23:53:59,042 [DEBUG] cnn_neat: Added edge 11→9 (from 23 candidates)
2026-08-14 23:53:59,049 [DEBUG] cnn_neat: Added edge 9→7 (from 22 candidates)
2026-08-14 23:53:59,053 [DEBUG] cnn_neat: Split edge 10→7, new hidden node 16 (pool=15)
2026-08-14 23:53:59,058 [DEBUG] cnn_neat: Added edge 14→3 (from 47 candidates)
2026-08-14 23:53:59,065 [DEBUG] cnn_neat: Removed hidden node 3 (pool=10)
2026-08-14 23:53:59,213 [DEBUG] cnn_neat: Split edge 6→7, new hidden node 15 (pool=18)
2026-08-14 23:53:59,350 [DEBUG] cnn_neat: Added edge 14→2 (from 41 candidates)
2026-08-14 23:53:59,359 [DEBUG] cnn_neat: Removed hidden node 10 (pool=9)
2026-08-14 23:53:59,367 [DEBUG] cnn_neat: Removed edge 10→7 (from 14 candidates)
2026-08-14 23:53:59,386 [DEBUG] cnn_neat: Removed 3 edges (requested 3)
2026-08-14 23:53:59,397 [DEBUG] cnn_neat: Split edge 12→10, new hidden node 16 (pool=18)
2026-08-14 23:53:59,414 [DEBUG] cnn_neat: Split edge 9→5, new hidden node 15 (pool=14)
2026-08-14 23:53:59,426 [DEBUG] cnn_neat: Added edge 3→5 (from 40 candidates)
2026-08-14 23:53:59,443 [DEBUG] cnn_neat: Removed hidden node 7 (pool=9)
2026-08-14 23:53:59,454 [DEBUG] cnn_neat: Removed edge 12→10 (from 17 candidates)
2026-08-14 23:53:59,476 [DEBUG] cnn_neat: Removed 3 edges (requested 3)
2026-08-14 23:53:59,483 [DEBUG] cnn_neat: Split edge 2→1, new hidden node 15 (pool=12)
2026-08-14 23:53:59,498 [DEBUG] cnn_neat: Split edge 9→6, new hidden node 15 (pool=14)
2026-08-14 23:53:59,505 [DEBUG] cnn_neat: Split edge 2→1, new hidden node 15 (pool=13)
2026-08-14 23:53:59,521 [DEBUG] cnn_neat: Split edge 14→9, new hidden node 15 (pool=19)
2026-08-14 23:54:00,001 [DEBUG] cnn_neat: Added edge 3→6 (from 39 candidates)
2026-08-14 23:54:00,045 [DEBUG] cnn_neat: Split edge 14→10, new hidden node 15 (pool=15)
2026-08-14 23:54:00,077 [DEBUG] cnn_neat: Added edge 14→2 (from 47 candidates)
2026-08-14 23:54:00,118 [DEBUG] cnn_neat: Removed hidden node 10 (pool=9)
2026-08-14 23:54:00,136 [DEBUG] cnn_neat: Removed edge 12→3 (from 16 candidates)
2026-08-14 23:54:00,171 [DEBUG] cnn_neat: Removed 3 edges (requested 3)
2026-08-14 23:54:00,199 [DEBUG] cnn_neat: Split edge 2→1, new hidden node 16 (pool=14)
2026-08-14 23:54:00,256 [DEBUG] cnn_neat: Split edge 6→2, new hidden node 15 (pool=16)
2026-08-14 23:54:00,273 [DEBUG] cnn_neat: Split edge 14→9, new hidden node 15 (pool=17)
2026-08-14 23:54:00,298 [DEBUG] cnn_neat: Split edge 2→3, new hidden node 15 (pool=20)
2026-08-14 23:54:00,304 [DEBUG] cnn_neat: Added edge 14→6 (from 34 candidates)
2026-08-14 23:54:00,315 [DEBUG] cnn_neat: Removed hidden node 5 (pool=9)
2026-08-14 23:54:00,321 [DEBUG] cnn_neat: Removed edge 12→10 (from 19 candidates)
2026-08-14 23:54:00,334 [DEBUG] cnn_neat: Removed 3 edges (requested 3)
2026-08-14 23:54:00,340 [DEBUG] cnn_neat: Split edge 2→1, new hidden node 16 (pool=19)
2026-08-14 23:54:00,348 [DEBUG] cnn_neat: Split edge 2→1, new hidden node 15 (pool=21)
2026-08-14 23:54:00,360 [DEBUG] cnn_neat: Split edge 7→2, new hidden node 16 (pool=15)
2026-08-14 23:54:00,368 [DEBUG] cnn_neat: Added edge 15→2 (from 47 candidates)
2026-08-14 23:54:00,382 [DEBUG] cnn_neat: Removed hidden node 9 (pool=10)
2026-08-14 23:54:00,388 [DEBUG] cnn_neat: Removed edge 0→5 (from 19 candidates)
2026-08-14 23:54:00,402 [DEBUG] cnn_neat: Removed 3 edges (requested 3)
2026-08-14 23:54:00,410 [DEBUG] cnn_neat: Split edge 14→10, new hidden node 17 (pool=14)
2026-08-14 23:54:00,421 [DEBUG] cnn_neat: Split edge 10→7, new hidden node 15 (pool=14)
2026-08-14 23:54:00,430 [DEBUG] cnn_neat: Added edge 6→1 (from 48 candidates)
2026-08-14 23:54:00,441 [DEBUG] cnn_neat: Removed hidden node 7 (pool=9)
2026-08-14 23:54:00,447 [DEBUG] cnn_neat: Removed edge 12→9 (from 15 candidates)
2026-08-14 23:54:00,461 [DEBUG] cnn_neat: Removed 3 edges (requested 3)
2026-08-14 23:54:00,469 [DEBUG] cnn_neat: Split edge 5→10, new hidden node 16 (pool=14)
2026-08-14 23:54:00,480 [DEBUG] cnn_neat: Split edge 2→1, new hidden node 16 (pool=11)
2026-08-14 23:54:00,488 [DEBUG] cnn_neat: Added edge 15→13 (from 77 candidates)
2026-08-14 23:54:00,507 [DEBUG] cnn_neat: Removed hidden node 5 (pool=12)
2026-08-14 23:54:00,512 [DEBUG] cnn_neat: Removed edge 11→10 (from 14 candidates)
2026-08-14 23:54:00,524 [DEBUG] cnn_neat: Removed 3 edges (requested 3)
2026-08-14 23:54:00,531 [DEBUG] cnn_neat: Split edge 0→5, new hidden node 16 (pool=13)
2026-08-14 23:54:00,537 [DEBUG] cnn_neat: Split edge 0→11, new hidden node 16 (pool=10)
2026-08-14 23:54:00,545 [DEBUG] cnn_neat: Added edge 8→2 (from 76 candidates)
2026-08-14 23:54:00,551 [DEBUG] cnn_neat: Added edge 6→3 (from 89 candidates)
2026-08-14 23:54:00,561 [DEBUG] cnn_neat: Split edge 15→6, new hidden node 16 (pool=12)
2026-08-14 23:54:00,568 [DEBUG] cnn_neat: Added edge 10→13 (from 71 candidates)
2026-08-14 23:54:00,578 [DEBUG] cnn_neat: Removed hidden node 10 (pool=11)
2026-08-14 23:54:00,584 [DEBUG] cnn_neat: Removed edge 13→3 (from 12 candidates)
2026-08-14 23:54:00,595 [DEBUG] cnn_neat: Removed 3 edges (requested 3)
2026-08-14 23:54:00,600 [DEBUG] cnn_neat: Split edge 5→6, new hidden node 16 (pool=10)
2026-08-14 23:54:00,606 [DEBUG] cnn_neat: Split edge 11→9, new hidden node 16 (pool=12)
2026-08-14 23:54:00,611 [DEBUG] cnn_neat: Split edge 7→2, new hidden node 16 (pool=15)
2026-08-14 23:54:00,623 [DEBUG] cnn_neat: Split edge 7→13, new hidden node 15 (pool=15)
2026-08-14 23:54:00,632 [DEBUG] cnn_neat: Added edge 8→7 (from 67 candidates)
2026-08-14 23:54:00,645 [DEBUG] cnn_neat: Removed hidden node 10 (pool=11)
2026-08-14 23:54:00,653 [DEBUG] cnn_neat: Removed edge 7→13 (from 16 candidates)
2026-08-14 23:54:00,668 [DEBUG] cnn_neat: Removed 3 edges (requested 3)
2026-08-14 23:54:00,676 [DEBUG] cnn_neat: Split edge 11→14, new hidden node 16 (pool=13)
2026-08-14 23:54:00,682 [DEBUG] cnn_neat: Split edge 5→3, new hidden node 15 (pool=15)
2026-08-14 23:54:00,790 [DEBUG] cnn_neat: Split edge 0→11, new hidden node 16 (pool=13)
2026-08-14 23:54:00,800 [DEBUG] cnn_neat: Added edge 0→3 (from 57 candidates)
2026-08-14 23:54:00,825 [DEBUG] cnn_neat: Removed hidden node 11 (pool=10)
2026-08-14 23:54:00,835 [DEBUG] cnn_neat: Removed edge 15→6 (from 13 candidates)
2026-08-14 23:54:00,857 [DEBUG] cnn_neat: Removed 3 edges (requested 3)
2026-08-14 23:54:00,871 [DEBUG] cnn_neat: Split edge 0→5, new hidden node 17 (pool=11)
2026-08-14 23:54:00,895 [DEBUG] cnn_neat: Split edge 5→3, new hidden node 15 (pool=13)
2026-08-14 23:54:00,911 [DEBUG] cnn_neat: Added edge 6→12 (from 67 candidates)
2026-08-14 23:54:00,932 [DEBUG] cnn_neat: Removed hidden node 10 (pool=10)
2026-08-14 23:54:00,948 [DEBUG] cnn_neat: Removed edge 10→7 (from 13 candidates)
2026-08-14 23:54:01,296 [DEBUG] cnn_neat: Removed 3 edges (requested 3)
2026-08-14 23:54:01,314 [DEBUG] cnn_neat: Split edge 0→5, new hidden node 17 (pool=12)
2026-08-14 23:54:01,329 [DEBUG] cnn_neat: Added edge 12→6 (from 66 candidates)
2026-08-14 23:54:01,355 [DEBUG] cnn_neat: Removed hidden node 12 (pool=11)
2026-08-14 23:54:01,369 [DEBUG] cnn_neat: Removed edge 12→16 (from 12 candidates)
2026-08-14 23:54:01,388 [DEBUG] cnn_neat: Removed 3 edges (requested 3)
2026-08-14 23:54:01,405 [DEBUG] cnn_neat: Split edge 0→5, new hidden node 17 (pool=12)
2026-08-14 23:54:01,411 [DEBUG] cnn_neat: Split edge 9→15, new hidden node 17 (pool=9)
2026-08-14 23:54:01,428 [DEBUG] cnn_neat: Added edge 12→7 (from 64 candidates)
2026-08-14 23:54:01,758 [DEBUG] cnn_neat: Added edge 13→1 (from 91 candidates)
2026-08-14 23:54:01,778 [DEBUG] cnn_neat: Split edge 7→3, new hidden node 15 (pool=11)
2026-08-14 23:54:01,793 [DEBUG] cnn_neat: Added edge 12→14 (from 56 candidates)
2026-08-14 23:54:01,818 [DEBUG] cnn_neat: Removed hidden node 12 (pool=10)
2026-08-14 23:54:01,833 [DEBUG] cnn_neat: Removed edge 6→7 (from 14 candidates)
2026-08-14 23:54:01,858 [DEBUG] cnn_neat: Removed 3 edges (requested 3)
2026-08-14 23:54:01,874 [DEBUG] cnn_neat: Split edge 6→2, new hidden node 16 (pool=10)
2026-08-14 23:54:01,894 [DEBUG] cnn_neat: Split edge 7→2, new hidden node 15 (pool=10)
2026-08-14 23:54:01,906 [DEBUG] cnn_neat: Split edge 5→3, new hidden node 15 (pool=9)
2026-08-14 23:54:01,927 [DEBUG] cnn_neat: Split edge 11→9, new hidden node 16 (pool=12)
2026-08-14 23:54:02,296 [DEBUG] cnn_neat: Added edge 5→9 (from 65 candidates)
2026-08-14 23:54:02,312 [DEBUG] cnn_neat: Split edge 0→11, new hidden node 16 (pool=12)
2026-08-14 23:54:02,334 [DEBUG] cnn_neat: Added edge 11→5 (from 67 candidates)
2026-08-14 23:54:02,356 [DEBUG] cnn_neat: Removed hidden node 15 (pool=11)
2026-08-14 23:54:02,369 [DEBUG] cnn_neat: Removed edge 12→6 (from 13 candidates)
2026-08-14 23:54:02,396 [DEBUG] cnn_neat: Removed 3 edges (requested 3)
2026-08-14 23:54:02,413 [DEBUG] cnn_neat: Split edge 5→6, new hidden node 17 (pool=10)
2026-08-14 23:54:02,433 [DEBUG] cnn_neat: Added edge 9→3 (from 78 candidates)
2026-08-14 23:54:02,441 [DEBUG] cnn_neat: Split edge 10→7, new hidden node 18 (pool=18)
2026-08-14 23:54:02,473 [DEBUG] cnn_neat: Removed hidden node 13 (pool=12)
2026-08-14 23:54:02,486 [DEBUG] cnn_neat: Added edge 15→5 (from 98 candidates)
2026-08-14 23:54:02,806 [DEBUG] cnn_neat: Split edge 14→9, new hidden node 15 (pool=16)
2026-08-14 23:54:02,818 [DEBUG] cnn_neat: Added edge 2→12 (from 63 candidates)
2026-08-14 23:54:02,835 [DEBUG] cnn_neat: Removed hidden node 10 (pool=11)
2026-08-14 23:54:02,847 [DEBUG] cnn_neat: Removed edge 5→10 (from 18 candidates)
2026-08-14 23:54:02,858 [DEBUG] cnn_neat: Split edge 10→13, new hidden node 15 (pool=19)
2026-08-14 23:54:02,867 [DEBUG] cnn_neat: Added edge 8→2 (from 34 candidates)
2026-08-14 23:54:02,878 [DEBUG] cnn_neat: Removed hidden node 11 (pool=9)
2026-08-14 23:54:02,882 [DEBUG] cnn_neat: Removed edge 7→2 (from 20 candidates)
2026-08-14 23:54:02,901 [DEBUG] cnn_neat: Removed 3 edges (requested 3)
2026-08-14 23:54:02,949 [DEBUG] cnn_neat: Split edge 8→10, new hidden node 16 (pool=15)
2026-08-14 23:54:02,954 [DEBUG] cnn_neat: Split edge 11→9, new hidden node 15 (pool=11)
2026-08-14 23:54:02,967 [DEBUG] cnn_neat: Added edge 10→2 (from 47 candidates)
2026-08-14 23:54:02,980 [DEBUG] cnn_neat: Added edge 9→7 (from 39 candidates)
2026-08-14 23:54:02,993 [DEBUG] cnn_neat: Split edge 0→5, new hidden node 17 (pool=5)
2026-08-14 23:54:03,002 [DEBUG] cnn_neat: Added edge 8→15 (from 87 candidates)
2026-08-14 23:54:03,388 [DEBUG] cnn_neat: Removed hidden node 13 (pool=13)
2026-08-14 23:54:03,396 [DEBUG] cnn_neat: Split edge 0→5, new hidden node 16 (pool=12)
2026-08-14 23:54:03,403 [DEBUG] cnn_neat: Added edge 9→6 (from 40 candidates)
2026-08-14 23:54:03,412 [DEBUG] cnn_neat: Removed hidden node 5 (pool=9)
2026-08-14 23:54:03,419 [DEBUG] cnn_neat: Removed edge 11→10 (from 14 candidates)
2026-08-14 23:54:03,427 [DEBUG] cnn_neat: Removed 3 edges (requested 3)
2026-08-14 23:54:03,434 [DEBUG] cnn_neat: Split edge 11→10, new hidden node 17 (pool=16)
2026-08-14 23:54:03,445 [DEBUG] cnn_neat: Split edge 6→2, new hidden node 15 (pool=12)
2026-08-14 23:54:03,453 [DEBUG] cnn_neat: Added edge 8→5 (from 72 candidates)
2026-08-14 23:54:03,466 [DEBUG] cnn_neat: Removed hidden node 9 (pool=10)
2026-08-14 23:54:03,471 [DEBUG] cnn_neat: Removed edge 7→2 (from 10 candidates)
2026-08-14 23:54:03,481 [DEBUG] cnn_neat: Removed 3 edges (requested 3)
2026-08-14 23:54:03,487 [DEBUG] cnn_neat: Split edge 10→7, new hidden node 16 (pool=13)
2026-08-14 23:54:03,496 [DEBUG] cnn_neat: Split edge 15→6, new hidden node 16 (pool=11)
2026-08-14 23:54:03,503 [DEBUG] cnn_neat: Added edge 9→6 (from 75 candidates)
2026-08-14 23:54:03,524 [DEBUG] cnn_neat: Removed hidden node 8 (pool=11)
2026-08-14 23:54:03,529 [DEBUG] cnn_neat: Removed edge 11→10 (from 12 candidates)
2026-08-14 23:54:03,541 [DEBUG] cnn_neat: Removed 3 edges (requested 3)
2026-08-14 23:54:03,548 [DEBUG] cnn_neat: Split edge 0→5, new hidden node 17 (pool=7)
2026-08-14 23:54:03,558 [DEBUG] cnn_neat: Split edge 5→6, new hidden node 16 (pool=14)
2026-08-14 23:54:03,565 [DEBUG] cnn_neat: Added edge 9→6 (from 56 candidates)
2026-08-14 23:54:03,577 [DEBUG] cnn_neat: Removed hidden node 12 (pool=10)
2026-08-14 23:54:03,582 [DEBUG] cnn_neat: Removed edge 5→3 (from 15 candidates)
2026-08-14 23:54:03,592 [DEBUG] cnn_neat: Removed 3 edges (requested 3)
2026-08-14 23:54:03,598 [DEBUG] cnn_neat: Split edge 6→2, new hidden node 17 (pool=17)
2026-08-14 23:54:03,609 [DEBUG] cnn_neat: Split edge 5→3, new hidden node 15 (pool=13)
2026-08-14 23:54:03,615 [DEBUG] cnn_neat: Added edge 10→3 (from 60 candidates)
2026-08-14 23:54:03,620 [DEBUG] cnn_neat: Saved generation 29
2026-08-14 23:54:03,709 [DEBUG] cnn_neat: Selected 25 elite individuals
2026-08-14 23:54:03,834 [DEBUG] cnn_neat: Removed hidden node 10 (pool=10)
2026-08-14 23:54:03,853 [DEBUG] cnn_neat: Removed edge 9→6 (from 14 candidates)
2026-08-14 23:54:03,874 [DEBUG] cnn_neat: Removed 3 edges (requested 3)
2026-08-14 23:54:03,892 [DEBUG] cnn_neat: Split edge 0→11, new hidden node 16 (pool=9)
2026-08-14 23:54:03,906 [DEBUG] cnn_neat: Split edge 0→5, new hidden node 15 (pool=14)
2026-08-14 23:54:03,933 [DEBUG] cnn_neat: Split edge 2→1, new hidden node 17 (pool=8)
2026-08-14 23:54:03,946 [DEBUG] cnn_neat: Added edge 15→3 (from 83 candidates)
2026-08-14 23:54:03,973 [DEBUG] cnn_neat: Removed hidden node 10 (pool=12)
2026-08-14 23:54:03,984 [DEBUG] cnn_neat: Removed edge 5→6 (from 12 candidates)
2026-08-14 23:54:04,002 [DEBUG] cnn_neat: Removed 3 edges (requested 3)
2026-08-14 23:54:04,006 [DEBUG] cnn_neat: Trimmed elite queue to 128 entries
2026-08-14 23:54:04,667 [DEBUG] cnn_neat: Split edge 5→6, new hidden node 17 (pool=9)
2026-08-14 23:54:04,669 [DEBUG] cnn_neat: Split edge 14→10, new hidden node 15 (pool=15)
2026-08-14 23:54:04,673 [DEBUG] cnn_neat: Added edge 11→6 (from 43 candidates)
2026-08-14 23:54:04,683 [DEBUG] cnn_neat: Removed hidden node 7 (pool=9)
2026-08-14 23:54:04,686 [DEBUG] cnn_neat: Removed edge 12→5 (from 16 candidates)
2026-08-14 23:54:04,693 [DEBUG] cnn_neat: Removed 3 edges (requested 3)
2026-08-14 23:54:04,697 [DEBUG] cnn_neat: Crossover rejected: union topology invalid (edges=40 nodes=25)
2026-08-14 23:54:04,702 [DEBUG] cnn_neat: Split edge 11→14, new hidden node 15 (pool=15)
2026-08-14 23:54:04,706 [DEBUG] cnn_neat: Added edge 0→3 (from 43 candidates)
2026-08-14 23:54:04,710 [DEBUG] cnn_neat: Added edge 12→6 (from 41 candidates)
2026-08-14 23:54:04,714 [DEBUG] cnn_neat: Added edge 3→6 (from 40 candidates)
2026-08-14 23:54:04,719 [DEBUG] cnn_neat: Added edge 3→11 (from 36 candidates)
2026-08-14 23:54:04,725 [DEBUG] cnn_neat: Added edge 3→14 (from 29 candidates)
2026-08-14 23:54:04,729 [DEBUG] cnn_neat: Split edge 7→2, new hidden node 17 (pool=14)
2026-08-14 23:54:04,734 [DEBUG] cnn_neat: Added edge 14→7 (from 54 candidates)
2026-08-14 23:54:04,741 [DEBUG] cnn_neat: Removed hidden node 12 (pool=11)
2026-08-14 23:54:04,746 [DEBUG] cnn_neat: Removed edge 5→3 (from 19 candidates)
2026-08-14 23:54:04,753 [DEBUG] cnn_neat: Removed 3 edges (requested 3)
2026-08-14 23:54:04,759 [DEBUG] cnn_neat: Crossover rejected: union topology invalid (edges=45 nodes=24)
2026-08-14 23:54:04,763 [DEBUG] cnn_neat: Split edge 14→9, new hidden node 17 (pool=14)
2026-08-14 23:54:04,769 [DEBUG] cnn_neat: Added edge 9→10 (from 54 candidates)
2026-08-14 23:54:04,774 [DEBUG] cnn_neat: Added edge 12→1 (from 53 candidates)
2026-08-14 23:54:04,779 [DEBUG] cnn_neat: Added edge 6→1 (from 52 candidates)
2026-08-14 23:54:04,784 [DEBUG] cnn_neat: Added edge 9→3 (from 47 candidates)
2026-08-14 23:54:04,791 [DEBUG] cnn_neat: Added edge 0→15 (from 46 candidates)
2026-08-14 23:54:04,795 [DEBUG] cnn_neat: Split edge 0→5, new hidden node 15 (pool=18)
2026-08-14 23:54:04,799 [DEBUG] cnn_neat: Added edge 12→14 (from 29 candidates)
2026-08-14 23:54:04,805 [DEBUG] cnn_neat: Removed hidden node 14 (pool=8)
2026-08-14 23:54:04,809 [DEBUG] cnn_neat: Removed edge 5→10 (from 17 candidates)
2026-08-14 23:54:04,817 [DEBUG] cnn_neat: Removed 3 edges (requested 3)
2026-08-14 23:54:04,822 [DEBUG] cnn_neat: Crossover rejected: union topology invalid (edges=40 nodes=21)
2026-08-14 23:54:04,826 [DEBUG] cnn_neat: Split edge 12→9, new hidden node 15 (pool=18)
2026-08-14 23:54:04,831 [DEBUG] cnn_neat: Added edge 9→7 (from 29 candidates)
2026-08-14 23:54:04,835 [DEBUG] cnn_neat: Added edge 0→6 (from 28 candidates)
2026-08-14 23:54:04,839 [DEBUG] cnn_neat: Added edge 9→10 (from 24 candidates)
2026-08-14 23:54:04,844 [DEBUG] cnn_neat: Added edge 10→1 (from 23 candidates)
2026-08-14 23:54:04,850 [DEBUG] cnn_neat: Added edge 12→1 (from 22 candidates)
2026-08-14 23:54:04,854 [DEBUG] cnn_neat: Split edge 14→9, new hidden node 16 (pool=15)
2026-08-14 23:54:04,859 [DEBUG] cnn_neat: Added edge 12→1 (from 52 candidates)
2026-08-14 23:54:04,867 [DEBUG] cnn_neat: Removed hidden node 9 (pool=10)
2026-08-14 23:54:04,871 [DEBUG] cnn_neat: Removed edge 15→10 (from 17 candidates)
2026-08-14 23:54:04,879 [DEBUG] cnn_neat: Removed 3 edges (requested 3)
2026-08-14 23:54:04,884 [DEBUG] cnn_neat: Crossover rejected: union topology invalid (edges=39 nodes=24)
2026-08-14 23:54:04,888 [DEBUG] cnn_neat: Split edge 15→10, new hidden node 16 (pool=15)
2026-08-14 23:54:04,894 [DEBUG] cnn_neat: Added edge 9→1 (from 52 candidates)
2026-08-14 23:54:04,900 [DEBUG] cnn_neat: Added edge 12→6 (from 51 candidates)
2026-08-14 23:54:04,904 [DEBUG] cnn_neat: Added edge 10→1 (from 50 candidates)
2026-08-14 23:54:04,910 [DEBUG] cnn_neat: Added edge 11→7 (from 45 candidates)
2026-08-14 23:54:04,916 [DEBUG] cnn_neat: Added edge 3→6 (from 44 candidates)
2026-08-14 23:54:04,920 [DEBUG] cnn_neat: Split edge 11→14, new hidden node 15 (pool=14)
2026-08-14 23:54:04,925 [DEBUG] cnn_neat: Added edge 14→12 (from 35 candidates)
2026-08-14 23:54:04,933 [DEBUG] cnn_neat: Removed hidden node 12 (pool=9)
2026-08-14 23:54:04,937 [DEBUG] cnn_neat: Removed edge 5→6 (from 18 candidates)
2026-08-14 23:54:04,945 [DEBUG] cnn_neat: Removed 3 edges (requested 3)
2026-08-14 23:54:04,950 [DEBUG] cnn_neat: Crossover rejected: union topology invalid (edges=44 nodes=23)
2026-08-14 23:54:04,955 [DEBUG] cnn_neat: Split edge 5→7, new hidden node 15 (pool=14)
2026-08-14 23:54:04,960 [DEBUG] cnn_neat: Added edge 3→1 (from 35 candidates)
2026-08-14 23:54:04,964 [DEBUG] cnn_neat: Added edge 11→7 (from 33 candidates)
2026-08-14 23:54:04,969 [DEBUG] cnn_neat: Added edge 12→14 (from 32 candidates)
2026-08-14 23:54:04,975 [DEBUG] cnn_neat: Added edge 14→3 (from 30 candidates)
2026-08-14 23:54:04,980 [DEBUG] cnn_neat: Added edge 0→6 (from 31 candidates)
2026-08-14 23:54:04,984 [DEBUG] cnn_neat: Split edge 11→14, new hidden node 15 (pool=14)
2026-08-14 23:54:04,988 [DEBUG] cnn_neat: Added edge 2→3 (from 33 candidates)
2026-08-14 23:54:04,995 [DEBUG] cnn_neat: Removed hidden node 9 (pool=8)
2026-08-14 23:54:04,998 [DEBUG] cnn_neat: Removed edge 7→2 (from 15 candidates)
2026-08-14 23:54:05,005 [DEBUG] cnn_neat: Removed 3 edges (requested 3)
2026-08-14 23:54:05,010 [DEBUG] cnn_neat: Crossover rejected: union topology invalid (edges=38 nodes=22)
2026-08-14 23:54:05,014 [DEBUG] cnn_neat: Split edge 5→6, new hidden node 15 (pool=14)
2026-08-14 23:54:05,017 [DEBUG] cnn_neat: Added edge 9→7 (from 38 candidates)
2026-08-14 23:54:05,022 [DEBUG] cnn_neat: Added edge 2→3 (from 33 candidates)
2026-08-14 23:54:05,026 [DEBUG] cnn_neat: Added edge 14→5 (from 28 candidates)
2026-08-14 23:54:05,030 [DEBUG] cnn_neat: Added edge 10→2 (from 27 candidates)
2026-08-14 23:54:05,035 [DEBUG] cnn_neat: Added edge 0→9 (from 25 candidates)
2026-08-14 23:54:05,039 [DEBUG] cnn_neat: Added edge 7→3 (from 22 candidates)
2026-08-14 23:54:05,042 [DEBUG] cnn_neat: Split edge 9→5, new hidden node 15 (pool=19)
2026-08-14 23:54:05,047 [DEBUG] cnn_neat: Added edge 10→1 (from 34 candidates)
2026-08-14 23:54:05,053 [DEBUG] cnn_neat: Removed hidden node 9 (pool=8)
2026-08-14 23:54:05,057 [DEBUG] cnn_neat: Removed edge 6→2 (from 16 candidates)
2026-08-14 23:54:05,064 [DEBUG] cnn_neat: Removed 3 edges (requested 3)
2026-08-14 23:54:05,069 [DEBUG] cnn_neat: Crossover rejected: union topology invalid (edges=41 nodes=22)
2026-08-14 23:54:05,073 [DEBUG] cnn_neat: Split edge 14→9, new hidden node 15 (pool=19)
2026-08-14 23:54:05,077 [DEBUG] cnn_neat: Added edge 12→14 (from 34 candidates)
2026-08-14 23:54:05,080 [DEBUG] cnn_neat: Added edge 11→7 (from 32 candidates)
2026-08-14 23:54:05,085 [DEBUG] cnn_neat: Added edge 9→10 (from 27 candidates)
2026-08-14 23:54:05,088 [DEBUG] cnn_neat: Added edge 12→1 (from 26 candidates)
2026-08-14 23:54:05,093 [DEBUG] cnn_neat: Added edge 11→6 (from 25 candidates)
2026-08-14 23:54:05,098 [DEBUG] cnn_neat: Split edge 6→2, new hidden node 15 (pool=18)
2026-08-14 23:54:05,102 [DEBUG] cnn_neat: Added edge 14→7 (from 40 candidates)
2026-08-14 23:54:05,108 [DEBUG] cnn_neat: Removed hidden node 9 (pool=9)
2026-08-14 23:54:05,113 [DEBUG] cnn_neat: Removed edge 5→10 (from 17 candidates)
2026-08-14 23:54:05,120 [DEBUG] cnn_neat: Removed 3 edges (requested 3)
2026-08-14 23:54:05,125 [DEBUG] cnn_neat: Crossover rejected: union topology invalid (edges=37 nodes=23)
2026-08-14 23:54:05,128 [DEBUG] cnn_neat: Split edge 5→3, new hidden node 15 (pool=18)
2026-08-14 23:54:05,133 [DEBUG] cnn_neat: Added edge 12→2 (from 40 candidates)
2026-08-14 23:54:05,138 [DEBUG] cnn_neat: Added edge 0→9 (from 39 candidates)
2026-08-14 23:54:05,141 [DEBUG] cnn_neat: Added edge 12→6 (from 33 candidates)
2026-08-14 23:54:05,147 [DEBUG] cnn_neat: Added edge 3→1 (from 32 candidates)
2026-08-14 23:54:05,152 [DEBUG] cnn_neat: Added edge 14→2 (from 31 candidates)
2026-08-14 23:54:05,155 [DEBUG] cnn_neat: Split edge 9→5, new hidden node 16 (pool=15)
2026-08-14 23:54:05,306 [DEBUG] cnn_neat: Split edge 14→10, new hidden node 15 (pool=15)
2026-08-14 23:54:05,442 [DEBUG] cnn_neat: Added edge 3→1 (from 43 candidates)
2026-08-14 23:54:05,465 [DEBUG] cnn_neat: Removed hidden node 5 (pool=9)
2026-08-14 23:54:05,476 [DEBUG] cnn_neat: Removed edge 12→7 (from 16 candidates)
2026-08-14 23:54:05,496 [DEBUG] cnn_neat: Removed 3 edges (requested 3)
2026-08-14 23:54:05,507 [DEBUG] cnn_neat: Split edge 5→6, new hidden node 15 (pool=15)
2026-08-14 23:54:05,519 [DEBUG] cnn_neat: Split edge 14→9, new hidden node 15 (pool=15)
2026-08-14 23:54:05,528 [DEBUG] cnn_neat: Split edge 11→14, new hidden node 15 (pool=12)
2026-08-14 23:54:05,548 [DEBUG] cnn_neat: Split edge 10→16, new hidden node 17 (pool=14)
2026-08-14 23:54:05,559 [DEBUG] cnn_neat: Added edge 12→6 (from 54 candidates)
2026-08-14 23:54:06,150 [DEBUG] cnn_neat: Removed hidden node 6 (pool=11)
2026-08-14 23:54:06,193 [DEBUG] cnn_neat: Split edge 10→7, new hidden node 15 (pool=18)
2026-08-14 23:54:06,214 [DEBUG] cnn_neat: Added edge 14→5 (from 41 candidates)
2026-08-14 23:54:06,328 [DEBUG] cnn_neat: Removed hidden node 3 (pool=9)
2026-08-14 23:54:06,336 [DEBUG] cnn_neat: Removed edge 7→2 (from 14 candidates)
2026-08-14 23:54:06,366 [DEBUG] cnn_neat: Removed 3 edges (requested 3)
2026-08-14 23:54:06,375 [DEBUG] cnn_neat: Split edge 12→5, new hidden node 16 (pool=14)
2026-08-14 23:54:06,399 [DEBUG] cnn_neat: Split edge 6→7, new hidden node 15 (pool=14)
2026-08-14 23:54:06,407 [DEBUG] cnn_neat: Added edge 9→2 (from 40 candidates)
2026-08-14 23:54:06,419 [DEBUG] cnn_neat: Removed hidden node 7 (pool=9)
2026-08-14 23:54:06,425 [DEBUG] cnn_neat: Removed edge 7→2 (from 17 candidates)
2026-08-14 23:54:06,439 [DEBUG] cnn_neat: Removed 3 edges (requested 3)
2026-08-14 23:54:06,446 [DEBUG] cnn_neat: Split edge 6→2, new hidden node 16 (pool=15)
2026-08-14 23:54:06,454 [DEBUG] cnn_neat: Split edge 11→14, new hidden node 15 (pool=15)
2026-08-14 23:54:06,468 [DEBUG] cnn_neat: Split edge 10→7, new hidden node 15 (pool=18)
2026-08-14 23:54:06,477 [DEBUG] cnn_neat: Added edge 6→10 (from 29 candidates)
2026-08-14 23:54:06,492 [DEBUG] cnn_neat: Removed hidden node 14 (pool=8)
2026-08-14 23:54:06,501 [DEBUG] cnn_neat: Removed edge 9→6 (from 17 candidates)
2026-08-14 23:54:06,519 [DEBUG] cnn_neat: Removed 3 edges (requested 3)
2026-08-14 23:54:06,528 [DEBUG] cnn_neat: Split edge 12→9, new hidden node 16 (pool=19)
2026-08-14 23:54:06,539 [DEBUG] cnn_neat: Split edge 9→6, new hidden node 15 (pool=19)
2026-08-14 23:54:06,555 [DEBUG] cnn_neat: Split edge 5→7, new hidden node 16 (pool=15)
2026-08-14 23:54:06,566 [DEBUG] cnn_neat: Added edge 9→15 (from 52 candidates)
2026-08-14 23:54:06,583 [DEBUG] cnn_neat: Removed hidden node 6 (pool=10)
2026-08-14 23:54:06,592 [DEBUG] cnn_neat: Removed edge 9→5 (from 17 candidates)
2026-08-14 23:54:06,612 [DEBUG] cnn_neat: Removed 3 edges (requested 3)
2026-08-14 23:54:06,623 [DEBUG] cnn_neat: Split edge 0→11, new hidden node 17 (pool=11)
2026-08-14 23:54:06,640 [DEBUG] cnn_neat: Split edge 10→7, new hidden node 15 (pool=14)
2026-08-14 23:54:06,648 [DEBUG] cnn_neat: Added edge 9→10 (from 35 candidates)
2026-08-14 23:54:06,662 [DEBUG] cnn_neat: Removed hidden node 5 (pool=9)
2026-08-14 23:54:06,672 [DEBUG] cnn_neat: Removed edge 12→10 (from 18 candidates)
2026-08-14 23:54:06,688 [DEBUG] cnn_neat: Removed 3 edges (requested 3)
2026-08-14 23:54:06,698 [DEBUG] cnn_neat: Split edge 7→2, new hidden node 16 (pool=15)
2026-08-14 23:54:06,707 [DEBUG] cnn_neat: Split edge 5→7, new hidden node 15 (pool=15)
2026-08-14 23:54:06,826 [DEBUG] cnn_neat: Split edge 12→10, new hidden node 15 (pool=19)
2026-08-14 23:54:06,843 [DEBUG] cnn_neat: Added edge 6→1 (from 39 candidates)
2026-08-14 23:54:06,868 [DEBUG] cnn_neat: Removed hidden node 6 (pool=9)
2026-08-14 23:54:06,879 [DEBUG] cnn_neat: Removed edge 11→10 (from 18 candidates)
2026-08-14 23:54:06,904 [DEBUG] cnn_neat: Removed 3 edges (requested 3)
2026-08-14 23:54:06,918 [DEBUG] cnn_neat: Split edge 11→14, new hidden node 16 (pool=14)
2026-08-14 23:54:06,940 [DEBUG] cnn_neat: Split edge 11→10, new hidden node 15 (pool=15)
2026-08-14 23:54:07,283 [DEBUG] cnn_neat: Added edge 5→2 (from 47 candidates)
2026-08-14 23:54:07,304 [DEBUG] cnn_neat: Split edge 12→3, new hidden node 15 (pool=20)
2026-08-14 23:54:07,329 [DEBUG] cnn_neat: Added edge 3→1 (from 34 candidates)
2026-08-14 23:54:07,359 [DEBUG] cnn_neat: Removed hidden node 5 (pool=9)
2026-08-14 23:54:07,377 [DEBUG] cnn_neat: Removed edge 2→3 (from 19 candidates)
2026-08-14 23:54:07,406 [DEBUG] cnn_neat: Removed 3 edges (requested 3)
2026-08-14 23:54:07,424 [DEBUG] cnn_neat: Split edge 12→5, new hidden node 15 (pool=11)
2026-08-14 23:54:07,442 [DEBUG] cnn_neat: Split edge 12→5, new hidden node 15 (pool=18)
2026-08-14 23:54:07,779 [DEBUG] cnn_neat: Added edge 9→10 (from 32 candidates)
2026-08-14 23:54:07,807 [DEBUG] cnn_neat: Split edge 0→5, new hidden node 16 (pool=15)
2026-08-14 23:54:07,826 [DEBUG] cnn_neat: Added edge 11→6 (from 47 candidates)
2026-08-14 23:54:07,867 [DEBUG] cnn_neat: Removed hidden node 7 (pool=10)
2026-08-14 23:54:07,878 [DEBUG] cnn_neat: Removed edge 2→3 (from 19 candidates)
2026-08-14 23:54:07,908 [DEBUG] cnn_neat: Removed 3 edges (requested 3)
2026-08-14 23:54:07,931 [DEBUG] cnn_neat: Split edge 5→6, new hidden node 17 (pool=16)
2026-08-14 23:54:07,960 [DEBUG] cnn_neat: Split edge 10→7, new hidden node 15 (pool=14)
2026-08-14 23:54:07,977 [DEBUG] cnn_neat: Added edge 11→6 (from 33 candidates)
2026-08-14 23:54:08,330 [DEBUG] cnn_neat: Removed hidden node 5 (pool=8)
2026-08-14 23:54:08,337 [DEBUG] cnn_neat: Split edge 2→1, new hidden node 15 (pool=19)
2026-08-14 23:54:08,392 [DEBUG] cnn_neat: Added edge 11→7 (from 34 candidates)
2026-08-14 23:54:08,413 [DEBUG] cnn_neat: Removed hidden node 14 (pool=8)
2026-08-14 23:54:08,427 [DEBUG] cnn_neat: Removed edge 14→9 (from 16 candidates)
2026-08-14 23:54:08,453 [DEBUG] cnn_neat: Removed 3 edges (requested 3)
2026-08-14 23:54:08,474 [DEBUG] cnn_neat: Split edge 11→10, new hidden node 16 (pool=20)
2026-08-14 23:54:08,502 [DEBUG] cnn_neat: Split edge 12→9, new hidden node 15 (pool=18)
2026-08-14 23:54:08,507 [DEBUG] cnn_neat: Added edge 14→2 (from 40 candidates)
2026-08-14 23:54:08,536 [DEBUG] cnn_neat: Removed hidden node 3 (pool=9)
2026-08-14 23:54:08,550 [DEBUG] cnn_neat: Removed edge 6→2 (from 17 candidates)
2026-08-14 23:54:08,593 [DEBUG] cnn_neat: Removed 3 edges (requested 3)
2026-08-14 23:54:08,934 [DEBUG] cnn_neat: Split edge 14→10, new hidden node 16 (pool=14)
2026-08-14 23:54:08,963 [DEBUG] cnn_neat: Split edge 14→10, new hidden node 16 (pool=15)
2026-08-14 23:54:08,981 [DEBUG] cnn_neat: Added edge 9→10 (from 47 candidates)
2026-08-14 23:54:09,002 [DEBUG] cnn_neat: Removed hidden node 15 (pool=9)
2026-08-14 23:54:09,014 [DEBUG] cnn_neat: Removed edge 12→15 (from 16 candidates)
2026-08-14 23:54:09,076 [DEBUG] cnn_neat: Removed 3 edges (requested 3)
2026-08-14 23:54:09,090 [DEBUG] cnn_neat: Split edge 7→2, new hidden node 17 (pool=14)
2026-08-14 23:54:09,106 [DEBUG] cnn_neat: Split edge 5→6, new hidden node 16 (pool=16)
2026-08-14 23:54:09,112 [DEBUG] cnn_neat: Split edge 2→1, new hidden node 16 (pool=11)
2026-08-14 23:54:09,512 [DEBUG] cnn_neat: Split edge 0→5, new hidden node 16 (pool=11)
2026-08-14 23:54:09,524 [DEBUG] cnn_neat: Split edge 2→1, new hidden node 16 (pool=14)
2026-08-14 23:54:09,535 [DEBUG] cnn_neat: Added edge 15→14 (from 46 candidates)
2026-08-14 23:54:09,557 [DEBUG] cnn_neat: Removed hidden node 15 (pool=10)
2026-08-14 23:54:09,566 [DEBUG] cnn_neat: Removed edge 0→5 (from 17 candidates)
2026-08-14 23:54:09,583 [DEBUG] cnn_neat: Removed 3 edges (requested 3)
2026-08-14 23:54:09,593 [DEBUG] cnn_neat: Split edge 10→7, new hidden node 17 (pool=15)
2026-08-14 23:54:09,610 [DEBUG] cnn_neat: Split edge 7→2, new hidden node 15 (pool=19)
2026-08-14 23:54:09,620 [DEBUG] cnn_neat: Added edge 12→11 (from 33 candidates)
2026-08-14 23:54:09,637 [DEBUG] cnn_neat: Removed hidden node 6 (pool=9)
2026-08-14 23:54:09,645 [DEBUG] cnn_neat: Removed edge 11→10 (from 20 candidates)
2026-08-14 23:54:09,661 [DEBUG] cnn_neat: Removed 3 edges (requested 3)
2026-08-14 23:54:09,673 [DEBUG] cnn_neat: Split edge 9→6, new hidden node 16 (pool=18)
2026-08-14 23:54:09,691 [DEBUG] cnn_neat: Split edge 16→10, new hidden node 17 (pool=11)
2026-08-14 23:54:09,704 [DEBUG] cnn_neat: Added edge 15→7 (from 58 candidates)
2026-08-14 23:54:09,711 [DEBUG] cnn_neat: Saved generation 30
2026-08-14 23:54:09,806 [DEBUG] cnn_neat: Selected 25 elite individuals
2026-08-14 23:54:09,933 [DEBUG] cnn_neat: Removed hidden node 12 (pool=11)
2026-08-14 23:54:09,966 [DEBUG] cnn_neat: Removed edge 6→7 (from 17 candidates)
2026-08-14 23:54:09,999 [DEBUG] cnn_neat: Removed 3 edges (requested 3)
2026-08-14 23:54:10,017 [DEBUG] cnn_neat: Split edge 14→9, new hidden node 18 (pool=7)
2026-08-14 23:54:10,052 [DEBUG] cnn_neat: Split edge 0→11, new hidden node 16 (pool=16)
2026-08-14 23:54:10,065 [DEBUG] cnn_neat: Added edge 9→3 (from 46 candidates)
2026-08-14 23:54:10,095 [DEBUG] cnn_neat: Removed hidden node 5 (pool=10)
2026-08-14 23:54:10,107 [DEBUG] cnn_neat: Removed edge 6→7 (from 20 candidates)
2026-08-14 23:54:10,130 [DEBUG] cnn_neat: Removed 3 edges (requested 3)
2026-08-14 23:54:10,137 [DEBUG] cnn_neat: Trimmed elite queue to 128 entries
2026-08-14 23:54:10,809 [DEBUG] cnn_neat: Split edge 2→1, new hidden node 17 (pool=13)
2026-08-14 23:54:10,812 [DEBUG] cnn_neat: Split edge 0→5, new hidden node 17 (pool=11)
2026-08-14 23:54:10,818 [DEBUG] cnn_neat: Added edge 12→15 (from 59 candidates)
2026-08-14 23:54:10,836 [DEBUG] cnn_neat: Removed hidden node 3 (pool=11)
2026-08-14 23:54:10,841 [DEBUG] cnn_neat: Removed edge 12→3 (from 14 candidates)
2026-08-14 23:54:10,844 [DEBUG] cnn_neat: Split edge 12→10, new hidden node 17 (pool=15)
2026-08-14 23:54:10,852 [DEBUG] cnn_neat: Removed 3 edges (requested 3)
2026-08-14 23:54:10,858 [DEBUG] cnn_neat: Crossover rejected: union topology invalid (edges=44 nodes=25)
2026-08-14 23:54:10,862 [DEBUG] cnn_neat: Split edge 2→1, new hidden node 17 (pool=11)
2026-08-14 23:54:10,867 [DEBUG] cnn_neat: Added edge 3→6 (from 59 candidates)
2026-08-14 23:54:10,873 [DEBUG] cnn_neat: Added edge 16→6 (from 56 candidates)
2026-08-14 23:54:10,878 [DEBUG] cnn_neat: Added edge 10→6 (from 54 candidates)
2026-08-14 23:54:10,884 [DEBUG] cnn_neat: Added edge 11→10 (from 52 candidates)
2026-08-14 23:54:10,890 [DEBUG] cnn_neat: Added edge 9→2 (from 50 candidates)
2026-08-14 23:54:10,894 [DEBUG] cnn_neat: Split edge 5→6, new hidden node 15 (pool=19)
2026-08-14 23:54:10,899 [DEBUG] cnn_neat: Added edge 3→1 (from 38 candidates)
2026-08-14 23:54:10,906 [DEBUG] cnn_neat: Removed hidden node 5 (pool=9)
2026-08-14 23:54:10,910 [DEBUG] cnn_neat: Removed edge 12→5 (from 18 candidates)
2026-08-14 23:54:10,918 [DEBUG] cnn_neat: Removed 3 edges (requested 3)
2026-08-14 23:54:10,924 [DEBUG] cnn_neat: Crossover rejected: union topology invalid (edges=42 nodes=22)
2026-08-14 23:54:10,928 [DEBUG] cnn_neat: Split edge 11→14, new hidden node 15 (pool=19)
2026-08-14 23:54:10,932 [DEBUG] cnn_neat: Added edge 7→3 (from 38 candidates)
2026-08-14 23:54:10,937 [DEBUG] cnn_neat: Added edge 12→2 (from 34 candidates)
2026-08-14 23:54:10,941 [DEBUG] cnn_neat: Added edge 3→1 (from 33 candidates)
2026-08-14 23:54:10,946 [DEBUG] cnn_neat: Added edge 0→9 (from 31 candidates)
2026-08-14 23:54:10,952 [DEBUG] cnn_neat: Added edge 6→3 (from 27 candidates)
2026-08-14 23:54:10,956 [DEBUG] cnn_neat: Split edge 11→14, new hidden node 15 (pool=15)
2026-08-14 23:54:10,960 [DEBUG] cnn_neat: Added edge 6→1 (from 44 candidates)
2026-08-14 23:54:10,967 [DEBUG] cnn_neat: Removed hidden node 9 (pool=9)
2026-08-14 23:54:10,971 [DEBUG] cnn_neat: Removed edge 6→2 (from 15 candidates)
2026-08-14 23:54:10,979 [DEBUG] cnn_neat: Removed 3 edges (requested 3)
2026-08-14 23:54:10,983 [DEBUG] cnn_neat: Crossover rejected: union topology invalid (edges=40 nodes=23)
2026-08-14 23:54:10,987 [DEBUG] cnn_neat: Split edge 6→7, new hidden node 15 (pool=15)
2026-08-14 23:54:10,993 [DEBUG] cnn_neat: Added edge 12→11 (from 44 candidates)
2026-08-14 23:54:10,997 [DEBUG] cnn_neat: Added edge 3→14 (from 42 candidates)
2026-08-14 23:54:11,001 [DEBUG] cnn_neat: Added edge 6→1 (from 35 candidates)
2026-08-14 23:54:11,005 [DEBUG] cnn_neat: Added edge 10→1 (from 34 candidates)
2026-08-14 23:54:11,010 [DEBUG] cnn_neat: Added edge 0→3 (from 33 candidates)
2026-08-14 23:54:11,015 [DEBUG] cnn_neat: Split edge 9→6, new hidden node 17 (pool=15)
2026-08-14 23:54:11,021 [DEBUG] cnn_neat: Added edge 14→7 (from 51 candidates)
2026-08-14 23:54:11,026 [DEBUG] cnn_neat: Removed hidden node 7 (pool=10)
2026-08-14 23:54:11,031 [DEBUG] cnn_neat: Removed edge 0→5 (from 16 candidates)
2026-08-14 23:54:11,039 [DEBUG] cnn_neat: Removed 3 edges (requested 3)
2026-08-14 23:54:11,044 [DEBUG] cnn_neat: Crossover rejected: union topology invalid (edges=42 nodes=25)
2026-08-14 23:54:11,048 [DEBUG] cnn_neat: Split edge 14→9, new hidden node 17 (pool=15)
2026-08-14 23:54:11,054 [DEBUG] cnn_neat: Added edge 15→14 (from 51 candidates)
2026-08-14 23:54:11,058 [DEBUG] cnn_neat: Added edge 14→7 (from 46 candidates)
2026-08-14 23:54:11,064 [DEBUG] cnn_neat: Added edge 15→11 (from 44 candidates)
2026-08-14 23:54:11,069 [DEBUG] cnn_neat: Added edge 0→15 (from 43 candidates)
2026-08-14 23:54:11,074 [DEBUG] cnn_neat: Added edge 10→1 (from 37 candidates)
2026-08-14 23:54:11,079 [DEBUG] cnn_neat: Split edge 10→7, new hidden node 15 (pool=19)
2026-08-14 23:54:11,083 [DEBUG] cnn_neat: Added edge 14→1 (from 32 candidates)
2026-08-14 23:54:11,089 [DEBUG] cnn_neat: Removed hidden node 10 (pool=8)
2026-08-14 23:54:11,093 [DEBUG] cnn_neat: Removed edge 6→7 (from 16 candidates)
2026-08-14 23:54:11,100 [DEBUG] cnn_neat: Removed 3 edges (requested 3)
2026-08-14 23:54:11,105 [DEBUG] cnn_neat: Crossover rejected: union topology invalid (edges=41 nodes=22)
2026-08-14 23:54:11,109 [DEBUG] cnn_neat: Split edge 7→2, new hidden node 15 (pool=19)
2026-08-14 23:54:11,114 [DEBUG] cnn_neat: Added edge 11→7 (from 32 candidates)
2026-08-14 23:54:11,119 [DEBUG] cnn_neat: Added edge 7→1 (from 31 candidates)
2026-08-14 23:54:11,124 [DEBUG] cnn_neat: Added edge 9→7 (from 29 candidates)
2026-08-14 23:54:11,127 [DEBUG] cnn_neat: Added edge 9→10 (from 28 candidates)
2026-08-14 23:54:11,132 [DEBUG] cnn_neat: Added edge 9→2 (from 26 candidates)
2026-08-14 23:54:11,136 [DEBUG] cnn_neat: Split edge 14→9, new hidden node 16 (pool=14)
2026-08-14 23:54:11,142 [DEBUG] cnn_neat: Added edge 12→11 (from 55 candidates)
2026-08-14 23:54:11,151 [DEBUG] cnn_neat: Removed hidden node 5 (pool=10)
2026-08-14 23:54:11,155 [DEBUG] cnn_neat: Removed edge 5→6 (from 15 candidates)
2026-08-14 23:54:11,162 [DEBUG] cnn_neat: Removed 3 edges (requested 3)
2026-08-14 23:54:11,166 [DEBUG] cnn_neat: Crossover rejected: union topology invalid (edges=36 nodes=22)
2026-08-14 23:54:11,171 [DEBUG] cnn_neat: Split edge 9→5, new hidden node 16 (pool=14)
2026-08-14 23:54:11,176 [DEBUG] cnn_neat: Added edge 11→6 (from 55 candidates)
2026-08-14 23:54:11,181 [DEBUG] cnn_neat: Added edge 6→1 (from 54 candidates)
2026-08-14 23:54:11,187 [DEBUG] cnn_neat: Added edge 10→1 (from 49 candidates)
2026-08-14 23:54:11,192 [DEBUG] cnn_neat: Added edge 3→14 (from 48 candidates)
2026-08-14 23:54:11,197 [DEBUG] cnn_neat: Added edge 6→15 (from 46 candidates)
2026-08-14 23:54:11,201 [DEBUG] cnn_neat: Split edge 14→9, new hidden node 16 (pool=16)
2026-08-14 23:54:11,207 [DEBUG] cnn_neat: Added edge 10→3 (from 55 candidates)
2026-08-14 23:54:11,213 [DEBUG] cnn_neat: Removed hidden node 6 (pool=10)
2026-08-14 23:54:11,218 [DEBUG] cnn_neat: Removed edge 15→10 (from 16 candidates)
2026-08-14 23:54:11,225 [DEBUG] cnn_neat: Removed 3 edges (requested 3)
2026-08-14 23:54:11,231 [DEBUG] cnn_neat: Crossover rejected: union topology invalid (edges=44 nodes=24)
2026-08-14 23:54:11,234 [DEBUG] cnn_neat: Split edge 6→2, new hidden node 16 (pool=16)
2026-08-14 23:54:11,240 [DEBUG] cnn_neat: Added edge 12→14 (from 55 candidates)
2026-08-14 23:54:11,245 [DEBUG] cnn_neat: Added edge 15→7 (from 53 candidates)
2026-08-14 23:54:11,250 [DEBUG] cnn_neat: Added edge 12→2 (from 52 candidates)
2026-08-14 23:54:11,255 [DEBUG] cnn_neat: Added edge 9→1 (from 51 candidates)
2026-08-14 23:54:11,262 [DEBUG] cnn_neat: Added edge 3→9 (from 50 candidates)
2026-08-14 23:54:11,266 [DEBUG] cnn_neat: Split edge 10→7, new hidden node 16 (pool=14)
2026-08-14 23:54:11,272 [DEBUG] cnn_neat: Added edge 15→7 (from 56 candidates)
2026-08-14 23:54:11,279 [DEBUG] cnn_neat: Removed hidden node 15 (pool=10)
2026-08-14 23:54:11,284 [DEBUG] cnn_neat: Removed edge 12→3 (from 16 candidates)
2026-08-14 23:54:11,291 [DEBUG] cnn_neat: Removed 3 edges (requested 3)
2026-08-14 23:54:11,297 [DEBUG] cnn_neat: Crossover rejected: union topology invalid (edges=41 nodes=23)
2026-08-14 23:54:11,302 [DEBUG] cnn_neat: Split edge 7→2, new hidden node 16 (pool=14)
2026-08-14 23:54:11,307 [DEBUG] cnn_neat: Added edge 10→1 (from 56 candidates)
2026-08-14 23:54:11,312 [DEBUG] cnn_neat: Added edge 0→3 (from 51 candidates)
2026-08-14 23:54:11,317 [DEBUG] cnn_neat: Added edge 12→15 (from 52 candidates)
2026-08-14 23:54:11,322 [DEBUG] cnn_neat: Added edge 6→1 (from 51 candidates)
2026-08-14 23:54:11,327 [DEBUG] cnn_neat: Added edge 15→1 (from 50 candidates)
2026-08-14 23:54:11,331 [DEBUG] cnn_neat: Split edge 7→2, new hidden node 17 (pool=15)
2026-08-14 23:54:11,337 [DEBUG] cnn_neat: Added edge 14→7 (from 56 candidates)
2026-08-14 23:54:11,347 [DEBUG] cnn_neat: Removed hidden node 16 (pool=11)
2026-08-14 23:54:11,352 [DEBUG] cnn_neat: Removed edge 16→7 (from 15 candidates)
2026-08-14 23:54:11,360 [DEBUG] cnn_neat: Removed 3 edges (requested 3)
2026-08-14 23:54:11,523 [DEBUG] cnn_neat: Split edge 0→11, new hidden node 17 (pool=11)
2026-08-14 23:54:11,677 [DEBUG] cnn_neat: Added edge 3→11 (from 59 candidates)
2026-08-14 23:54:11,700 [DEBUG] cnn_neat: Removed hidden node 5 (pool=11)
2026-08-14 23:54:11,712 [DEBUG] cnn_neat: Removed edge 12→9 (from 14 candidates)
2026-08-14 23:54:11,737 [DEBUG] cnn_neat: Removed 3 edges (requested 3)
2026-08-14 23:54:11,751 [DEBUG] cnn_neat: Split edge 6→2, new hidden node 18 (pool=7)
2026-08-14 23:54:11,770 [DEBUG] cnn_neat: Split edge 0→5, new hidden node 15 (pool=19)
2026-08-14 23:54:11,783 [DEBUG] cnn_neat: Added edge 0→3 (from 38 candidates)
2026-08-14 23:54:11,803 [DEBUG] cnn_neat: Removed hidden node 14 (pool=9)
2026-08-14 23:54:11,814 [DEBUG] cnn_neat: Removed edge 6→2 (from 18 candidates)
2026-08-14 23:54:11,835 [DEBUG] cnn_neat: Removed 3 edges (requested 3)
2026-08-14 23:54:11,849 [DEBUG] cnn_neat: Split edge 6→7, new hidden node 16 (pool=17)
2026-08-14 23:54:12,387 [DEBUG] cnn_neat: Split edge 5→6, new hidden node 15 (pool=15)
2026-08-14 23:54:12,425 [DEBUG] cnn_neat: Split edge 16→7, new hidden node 17 (pool=14)
2026-08-14 23:54:12,465 [DEBUG] cnn_neat: Added edge 9→2 (from 54 candidates)
2026-08-14 23:54:12,558 [DEBUG] cnn_neat: Removed hidden node 15 (pool=11)
2026-08-14 23:54:12,639 [DEBUG] cnn_neat: Removed edge 12→9 (from 19 candidates)
2026-08-14 23:54:12,674 [DEBUG] cnn_neat: Removed 3 edges (requested 3)
2026-08-14 23:54:12,691 [DEBUG] cnn_neat: Split edge 11→14, new hidden node 18 (pool=12)
2026-08-14 23:54:12,719 [DEBUG] cnn_neat: Split edge 14→9, new hidden node 15 (pool=15)
2026-08-14 23:54:12,728 [DEBUG] cnn_neat: Added edge 14→5 (from 44 candidates)
2026-08-14 23:54:12,741 [DEBUG] cnn_neat: Removed hidden node 5 (pool=9)
2026-08-14 23:54:12,748 [DEBUG] cnn_neat: Removed edge 0→5 (from 15 candidates)
2026-08-14 23:54:12,762 [DEBUG] cnn_neat: Removed 3 edges (requested 3)
2026-08-14 23:54:12,771 [DEBUG] cnn_neat: Split edge 5→6, new hidden node 16 (pool=10)
2026-08-14 23:54:12,779 [DEBUG] cnn_neat: Split edge 14→10, new hidden node 15 (pool=16)
2026-08-14 23:54:12,793 [DEBUG] cnn_neat: Split edge 9→6, new hidden node 17 (pool=15)
2026-08-14 23:54:12,801 [DEBUG] cnn_neat: Added edge 7→3 (from 51 candidates)
2026-08-14 23:54:12,815 [DEBUG] cnn_neat: Removed hidden node 9 (pool=10)
2026-08-14 23:54:12,822 [DEBUG] cnn_neat: Removed edge 5→3 (from 16 candidates)
2026-08-14 23:54:12,835 [DEBUG] cnn_neat: Removed 3 edges (requested 3)
2026-08-14 23:54:12,843 [DEBUG] cnn_neat: Split edge 15→3, new hidden node 17 (pool=16)
2026-08-14 23:54:12,850 [DEBUG] cnn_neat: Split edge 10→16, new hidden node 17 (pool=14)
2026-08-14 23:54:12,863 [DEBUG] cnn_neat: Split edge 6→7, new hidden node 15 (pool=19)
2026-08-14 23:54:12,871 [DEBUG] cnn_neat: Added edge 9→1 (from 32 candidates)
2026-08-14 23:54:12,882 [DEBUG] cnn_neat: Removed hidden node 7 (pool=8)
2026-08-14 23:54:12,890 [DEBUG] cnn_neat: Removed edge 0→5 (from 16 candidates)
2026-08-14 23:54:12,903 [DEBUG] cnn_neat: Removed 3 edges (requested 3)
2026-08-14 23:54:12,910 [DEBUG] cnn_neat: Split edge 7→2, new hidden node 16 (pool=20)
2026-08-14 23:54:12,925 [DEBUG] cnn_neat: Split edge 14→9, new hidden node 16 (pool=14)
2026-08-14 23:54:12,933 [DEBUG] cnn_neat: Added edge 2→3 (from 55 candidates)
2026-08-14 23:54:12,952 [DEBUG] cnn_neat: Removed hidden node 6 (pool=10)
2026-08-14 23:54:12,958 [DEBUG] cnn_neat: Removed edge 15→7 (from 15 candidates)
2026-08-14 23:54:12,973 [DEBUG] cnn_neat: Removed 3 edges (requested 3)
2026-08-14 23:54:12,981 [DEBUG] cnn_neat: Split edge 9→6, new hidden node 16 (pool=19)
2026-08-14 23:54:12,986 [DEBUG] cnn_neat: Split edge 0→11, new hidden node 16 (pool=5)
2026-08-14 23:54:12,998 [DEBUG] cnn_neat: Split edge 6→2, new hidden node 16 (pool=16)
2026-08-14 23:54:13,006 [DEBUG] cnn_neat: Added edge 9→1 (from 55 candidates)
2026-08-14 23:54:13,025 [DEBUG] cnn_neat: Removed hidden node 3 (pool=10)
2026-08-14 23:54:13,034 [DEBUG] cnn_neat: Removed edge 12→5 (from 16 candidates)
2026-08-14 23:54:13,049 [DEBUG] cnn_neat: Removed 3 edges (requested 3)
2026-08-14 23:54:13,058 [DEBUG] cnn_neat: Split edge 15→10, new hidden node 16 (pool=17)
2026-08-14 23:54:13,065 [DEBUG] cnn_neat: Split edge 11→10, new hidden node 16 (pool=20)
2026-08-14 23:54:13,082 [DEBUG] cnn_neat: Split edge 5→6, new hidden node 16 (pool=14)
2026-08-14 23:54:13,091 [DEBUG] cnn_neat: Added edge 10→1 (from 56 candidates)
2026-08-14 23:54:13,118 [DEBUG] cnn_neat: Removed hidden node 6 (pool=10)
2026-08-14 23:54:13,127 [DEBUG] cnn_neat: Removed edge 9→6 (from 16 candidates)
2026-08-14 23:54:13,143 [DEBUG] cnn_neat: Removed 3 edges (requested 3)
2026-08-14 23:54:13,153 [DEBUG] cnn_neat: Split edge 14→9, new hidden node 17 (pool=14)
2026-08-14 23:54:13,266 [DEBUG] cnn_neat: Split edge 6→7, new hidden node 17 (pool=15)
2026-08-14 23:54:13,284 [DEBUG] cnn_neat: Added edge 7→3 (from 56 candidates)
2026-08-14 23:54:13,311 [DEBUG] cnn_neat: Removed hidden node 3 (pool=11)
2026-08-14 23:54:13,329 [DEBUG] cnn_neat: Removed edge 9→6 (from 15 candidates)
2026-08-14 23:54:13,358 [DEBUG] cnn_neat: Removed 3 edges (requested 3)
2026-08-14 23:54:13,374 [DEBUG] cnn_neat: Split edge 6→17, new hidden node 18 (pool=15)
2026-08-14 23:54:13,390 [DEBUG] cnn_neat: Split edge 9→5, new hidden node 15 (pool=18)
2026-08-14 23:54:13,403 [DEBUG] cnn_neat: Added edge 10→2 (from 41 candidates)
2026-08-14 23:54:13,426 [DEBUG] cnn_neat: Removed hidden node 3 (pool=9)
2026-08-14 23:54:13,438 [DEBUG] cnn_neat: Removed edge 12→9 (from 14 candidates)
2026-08-14 23:54:13,465 [DEBUG] cnn_neat: Removed 3 edges (requested 3)
2026-08-14 23:54:13,812 [DEBUG] cnn_neat: Split edge 12→3, new hidden node 16 (pool=14)
2026-08-14 23:54:13,833 [DEBUG] cnn_neat: Split edge 5→6, new hidden node 16 (pool=10)
2026-08-14 23:54:13,848 [DEBUG] cnn_neat: Added edge 7→3 (from 47 candidates)
2026-08-14 23:54:13,878 [DEBUG] cnn_neat: Removed hidden node 3 (pool=10)
2026-08-14 23:54:13,895 [DEBUG] cnn_neat: Removed edge 6→7 (from 15 candidates)
2026-08-14 23:54:13,921 [DEBUG] cnn_neat: Removed 3 edges (requested 3)
2026-08-14 23:54:13,938 [DEBUG] cnn_neat: Split edge 9→5, new hidden node 17 (pool=11)
2026-08-14 23:54:13,964 [DEBUG] cnn_neat: Split edge 15→7, new hidden node 16 (pool=15)
2026-08-14 23:54:13,980 [DEBUG] cnn_neat: Added edge 12→11 (from 45 candidates)
2026-08-14 23:54:14,348 [DEBUG] cnn_neat: Removed hidden node 9 (pool=10)
2026-08-14 23:54:14,368 [DEBUG] cnn_neat: Split edge 9→6, new hidden node 15 (pool=14)
2026-08-14 23:54:14,377 [DEBUG] cnn_neat: Added edge 11→7 (from 40 candidates)
2026-08-14 23:54:14,416 [DEBUG] cnn_neat: Removed hidden node 12 (pool=9)
2026-08-14 23:54:14,437 [DEBUG] cnn_neat: Removed edge 12→10 (from 17 candidates)
2026-08-14 23:54:14,469 [DEBUG] cnn_neat: Removed 3 edges (requested 3)
2026-08-14 23:54:14,486 [DEBUG] cnn_neat: Split edge 5→6, new hidden node 16 (pool=10)
2026-08-14 23:54:14,504 [DEBUG] cnn_neat: Split edge 9→6, new hidden node 15 (pool=13)
2026-08-14 23:54:14,531 [DEBUG] cnn_neat: Split edge 9→5, new hidden node 15 (pool=18)
2026-08-14 23:54:14,547 [DEBUG] cnn_neat: Added edge 9→1 (from 29 candidates)
2026-08-14 23:54:14,578 [DEBUG] cnn_neat: Removed hidden node 12 (pool=8)
2026-08-14 23:54:14,593 [DEBUG] cnn_neat: Removed edge 5→7 (from 17 candidates)
2026-08-14 23:54:14,624 [DEBUG] cnn_neat: Removed 3 edges (requested 3)
2026-08-14 23:54:15,010 [DEBUG] cnn_neat: Split edge 10→7, new hidden node 16 (pool=14)
2026-08-14 23:54:15,033 [DEBUG] cnn_neat: Split edge 9→5, new hidden node 16 (pool=15)
2026-08-14 23:54:15,050 [DEBUG] cnn_neat: Added edge 12→14 (from 52 candidates)
2026-08-14 23:54:15,079 [DEBUG] cnn_neat: Removed hidden node 6 (pool=10)
2026-08-14 23:54:15,091 [DEBUG] cnn_neat: Removed edge 6→2 (from 17 candidates)
2026-08-14 23:54:15,108 [DEBUG] cnn_neat: Removed 3 edges (requested 3)
2026-08-14 23:54:15,120 [DEBUG] cnn_neat: Split edge 5→6, new hidden node 17 (pool=11)
2026-08-14 23:54:15,136 [DEBUG] cnn_neat: Split edge 0→5, new hidden node 16 (pool=15)
2026-08-14 23:54:15,163 [DEBUG] cnn_neat: Split edge 10→7, new hidden node 15 (pool=14)
2026-08-14 23:54:15,185 [DEBUG] cnn_neat: Added edge 3→14 (from 35 candidates)
2026-08-14 23:54:15,210 [DEBUG] cnn_neat: Removed hidden node 3 (pool=9)
2026-08-14 23:54:15,222 [DEBUG] cnn_neat: Removed edge 6→7 (from 18 candidates)
2026-08-14 23:54:15,245 [DEBUG] cnn_neat: Removed 3 edges (requested 3)
2026-08-14 23:54:15,256 [DEBUG] cnn_neat: Split edge 5→6, new hidden node 15 (pool=14)
2026-08-14 23:54:15,264 [DEBUG] cnn_neat: Split edge 2→1, new hidden node 15 (pool=13)
2026-08-14 23:54:15,618 [DEBUG] cnn_neat: Split edge 11→10, new hidden node 15 (pool=19)
2026-08-14 23:54:15,640 [DEBUG] cnn_neat: Split edge 14→10, new hidden node 15 (pool=15)
2026-08-14 23:54:15,653 [DEBUG] cnn_neat: Added edge 3→14 (from 34 candidates)
2026-08-14 23:54:15,672 [DEBUG] cnn_neat: Removed hidden node 14 (pool=8)
2026-08-14 23:54:15,679 [DEBUG] cnn_neat: Removed edge 5→10 (from 14 candidates)
2026-08-14 23:54:15,743 [DEBUG] cnn_neat: Removed 3 edges (requested 3)
2026-08-14 23:54:15,758 [DEBUG] cnn_neat: Split edge 14→15, new hidden node 16 (pool=16)
2026-08-14 23:54:15,830 [DEBUG] cnn_neat: Split edge 2→1, new hidden node 15 (pool=14)
2026-08-14 23:54:15,843 [DEBUG] cnn_neat: Added edge 3→2 (from 41 candidates)
2026-08-14 23:54:15,858 [DEBUG] cnn_neat: Removed hidden node 7 (pool=9)
2026-08-14 23:54:15,866 [DEBUG] cnn_neat: Removed edge 5→7 (from 16 candidates)
2026-08-14 23:54:16,276 [DEBUG] cnn_neat: Removed 3 edges (requested 3)
2026-08-14 23:54:16,286 [DEBUG] cnn_neat: Split edge 9→6, new hidden node 15 (pool=19)
2026-08-14 23:54:16,294 [DEBUG] cnn_neat: Added edge 11→5 (from 27 candidates)
2026-08-14 23:54:16,305 [DEBUG] cnn_neat: Removed hidden node 5 (pool=8)
2026-08-14 23:54:16,310 [DEBUG] cnn_neat: Removed edge 7→2 (from 18 candidates)
2026-08-14 23:54:16,322 [DEBUG] cnn_neat: Removed 3 edges (requested 3)
2026-08-14 23:54:16,329 [DEBUG] cnn_neat: Split edge 12→7, new hidden node 16 (pool=15)
2026-08-14 23:54:16,342 [DEBUG] cnn_neat: Split edge 5→6, new hidden node 16 (pool=14)
2026-08-14 23:54:16,349 [DEBUG] cnn_neat: Added edge 14→2 (from 34 candidates)
2026-08-14 23:54:16,365 [DEBUG] cnn_neat: Removed hidden node 7 (pool=9)
2026-08-14 23:54:16,371 [DEBUG] cnn_neat: Removed edge 5→10 (from 17 candidates)
2026-08-14 23:54:16,384 [DEBUG] cnn_neat: Removed 3 edges (requested 3)
2026-08-14 23:54:16,391 [DEBUG] cnn_neat: Split edge 16→6, new hidden node 17 (pool=15)
2026-08-14 23:54:16,404 [DEBUG] cnn_neat: Split edge 14→15, new hidden node 16 (pool=15)
2026-08-14 23:54:16,411 [DEBUG] cnn_neat: Added edge 14→5 (from 51 candidates)
2026-08-14 23:54:16,426 [DEBUG] cnn_neat: Removed hidden node 5 (pool=10)
2026-08-14 23:54:16,434 [DEBUG] cnn_neat: Removed edge 11→10 (from 18 candidates)
2026-08-14 23:54:16,449 [DEBUG] cnn_neat: Removed 3 edges (requested 3)
2026-08-14 23:54:16,457 [DEBUG] cnn_neat: Split edge 10→7, new hidden node 17 (pool=11)
2026-08-14 23:54:16,470 [DEBUG] cnn_neat: Split edge 2→1, new hidden node 17 (pool=11)
2026-08-14 23:54:16,479 [DEBUG] cnn_neat: Added edge 15→10 (from 60 candidates)
2026-08-14 23:54:16,498 [DEBUG] cnn_neat: Removed hidden node 3 (pool=11)
2026-08-14 23:54:16,506 [DEBUG] cnn_neat: Removed edge 5→6 (from 17 candidates)
2026-08-14 23:54:16,522 [DEBUG] cnn_neat: Removed 3 edges (requested 3)
2026-08-14 23:54:16,529 [DEBUG] cnn_neat: Split edge 17→1, new hidden node 18 (pool=17)
2026-08-14 23:54:16,543 [DEBUG] cnn_neat: Split edge 2→1, new hidden node 15 (pool=19)
2026-08-14 23:54:16,550 [DEBUG] cnn_neat: Added edge 14→6 (from 39 candidates)
2026-08-14 23:54:16,560 [DEBUG] cnn_neat: Removed hidden node 11 (pool=9)
2026-08-14 23:54:16,566 [DEBUG] cnn_neat: Removed edge 9→5 (from 18 candidates)
2026-08-14 23:54:16,578 [DEBUG] cnn_neat: Removed 3 edges (requested 3)
2026-08-14 23:54:16,582 [DEBUG] cnn_neat: Saved generation 31
2026-08-14 23:54:16,684 [DEBUG] cnn_neat: Selected 25 elite individuals
2026-08-14 23:54:16,696 [DEBUG] cnn_neat: Split edge 5→6, new hidden node 16 (pool=20)
2026-08-14 23:54:16,726 [DEBUG] cnn_neat: Split edge 5→6, new hidden node 15 (pool=20)
2026-08-14 23:54:16,835 [DEBUG] cnn_neat: Split edge 14→10, new hidden node 15 (pool=15)
2026-08-14 23:54:16,864 [DEBUG] cnn_neat: Added edge 10→2 (from 47 candidates)
2026-08-14 23:54:16,894 [DEBUG] cnn_neat: Removed hidden node 3 (pool=9)
2026-08-14 23:54:16,908 [DEBUG] cnn_neat: Removed edge 5→6 (from 16 candidates)
2026-08-14 23:54:16,937 [DEBUG] cnn_neat: Removed 3 edges (requested 3)
2026-08-14 23:54:16,947 [DEBUG] cnn_neat: Split edge 10→2, new hidden node 15 (pool=16)
2026-08-14 23:54:16,956 [DEBUG] cnn_neat: Split edge 6→2, new hidden node 15 (pool=14)
2026-08-14 23:54:16,964 [DEBUG] cnn_neat: Split edge 0→5, new hidden node 15 (pool=12)
2026-08-14 23:54:16,984 [DEBUG] cnn_neat: Split edge 0→5, new hidden node 15 (pool=20)
2026-08-14 23:54:16,993 [DEBUG] cnn_neat: Added edge 6→10 (from 34 candidates)
2026-08-14 23:54:17,010 [DEBUG] cnn_neat: Removed hidden node 10 (pool=9)
2026-08-14 23:54:17,022 [DEBUG] cnn_neat: Removed edge 12→9 (from 19 candidates)
2026-08-14 23:54:17,033 [DEBUG] cnn_neat: Trimmed elite queue to 128 entries
2026-08-14 23:54:17,750 [DEBUG] cnn_neat: Removed 3 edges (requested 3)
2026-08-14 23:54:17,753 [DEBUG] cnn_neat: Split edge 0→5, new hidden node 17 (pool=10)
2026-08-14 23:54:17,759 [DEBUG] cnn_neat: Added edge 14→16 (from 62 candidates)
2026-08-14 23:54:17,767 [DEBUG] cnn_neat: Removed hidden node 15 (pool=10)
2026-08-14 23:54:17,771 [DEBUG] cnn_neat: Removed edge 9→5 (from 8 candidates)
2026-08-14 23:54:17,778 [DEBUG] cnn_neat: Removed 3 edges (requested 3)
2026-08-14 23:54:17,783 [DEBUG] cnn_neat: Crossover rejected: union topology invalid (edges=38 nodes=25)
2026-08-14 23:54:17,786 [DEBUG] cnn_neat: Split edge 2→1, new hidden node 17 (pool=10)
2026-08-14 23:54:17,791 [DEBUG] cnn_neat: Added edge 3→15 (from 62 candidates)
2026-08-14 23:54:17,797 [DEBUG] cnn_neat: Added edge 6→10 (from 57 candidates)
2026-08-14 23:54:17,802 [DEBUG] cnn_neat: Added edge 15→1 (from 54 candidates)
2026-08-14 23:54:17,807 [DEBUG] cnn_neat: Added edge 12→2 (from 53 candidates)
2026-08-14 23:54:17,812 [DEBUG] cnn_neat: Added edge 3→6 (from 52 candidates)
2026-08-14 23:54:17,817 [DEBUG] cnn_neat: Split edge 6→2, new hidden node 16 (pool=14)
2026-08-14 23:54:17,822 [DEBUG] cnn_neat: Added edge 3→1 (from 49 candidates)
2026-08-14 23:54:17,831 [DEBUG] cnn_neat: Removed hidden node 7 (pool=10)
2026-08-14 23:54:17,835 [DEBUG] cnn_neat: Removed edge 12→7 (from 13 candidates)
2026-08-14 23:54:17,842 [DEBUG] cnn_neat: Removed 3 edges (requested 3)
2026-08-14 23:54:17,849 [DEBUG] cnn_neat: Crossover rejected: union topology invalid (edges=40 nodes=25)
2026-08-14 23:54:17,852 [DEBUG] cnn_neat: Split edge 7→2, new hidden node 16 (pool=14)
2026-08-14 23:54:17,857 [DEBUG] cnn_neat: Added edge 6→10 (from 49 candidates)
2026-08-14 23:54:17,862 [DEBUG] cnn_neat: Added edge 9→1 (from 43 candidates)
2026-08-14 23:54:17,867 [DEBUG] cnn_neat: Added edge 11→7 (from 39 candidates)
2026-08-14 23:54:17,872 [DEBUG] cnn_neat: Added edge 11→15 (from 43 candidates)
2026-08-14 23:54:17,877 [DEBUG] cnn_neat: Added edge 14→6 (from 36 candidates)
2026-08-14 23:54:17,882 [DEBUG] cnn_neat: Split edge 6→2, new hidden node 17 (pool=15)
2026-08-14 23:54:17,887 [DEBUG] cnn_neat: Added edge 11→16 (from 47 candidates)
2026-08-14 23:54:17,893 [DEBUG] cnn_neat: Removed hidden node 11 (pool=10)
2026-08-14 23:54:17,897 [DEBUG] cnn_neat: Removed edge 12→10 (from 16 candidates)
2026-08-14 23:54:17,904 [DEBUG] cnn_neat: Removed 3 edges (requested 3)
2026-08-14 23:54:17,910 [DEBUG] cnn_neat: Crossover rejected: union topology invalid (edges=40 nodes=24)
2026-08-14 23:54:17,913 [DEBUG] cnn_neat: Split edge 12→7, new hidden node 17 (pool=15)
2026-08-14 23:54:17,918 [DEBUG] cnn_neat: Added edge 0→15 (from 47 candidates)
2026-08-14 23:54:17,924 [DEBUG] cnn_neat: Added edge 14→7 (from 43 candidates)
2026-08-14 23:54:17,929 [DEBUG] cnn_neat: Added edge 11→6 (from 42 candidates)
2026-08-14 23:54:17,935 [DEBUG] cnn_neat: Added edge 6→16 (from 41 candidates)
2026-08-14 23:54:17,940 [DEBUG] cnn_neat: Added edge 14→2 (from 37 candidates)
2026-08-14 23:54:17,944 [DEBUG] cnn_neat: Split edge 0→5, new hidden node 15 (pool=18)
2026-08-14 23:54:17,949 [DEBUG] cnn_neat: Added edge 14→1 (from 39 candidates)
2026-08-14 23:54:17,956 [DEBUG] cnn_neat: Removed hidden node 9 (pool=9)
2026-08-14 23:54:17,960 [DEBUG] cnn_neat: Removed edge 14→10 (from 17 candidates)
2026-08-14 23:54:17,968 [DEBUG] cnn_neat: Removed 3 edges (requested 3)
2026-08-14 23:54:17,974 [DEBUG] cnn_neat: Crossover rejected: union topology invalid (edges=40 nodes=24)
2026-08-14 23:54:17,978 [DEBUG] cnn_neat: Split edge 12→10, new hidden node 15 (pool=18)
2026-08-14 23:54:17,983 [DEBUG] cnn_neat: Added edge 10→1 (from 39 candidates)
2026-08-14 23:54:17,987 [DEBUG] cnn_neat: Added edge 12→11 (from 37 candidates)
2026-08-14 23:54:17,992 [DEBUG] cnn_neat: Added edge 3→7 (from 35 candidates)
2026-08-14 23:54:17,998 [DEBUG] cnn_neat: Added edge 12→2 (from 32 candidates)
2026-08-14 23:54:18,003 [DEBUG] cnn_neat: Added edge 14→5 (from 31 candidates)
2026-08-14 23:54:18,007 [DEBUG] cnn_neat: Split edge 6→2, new hidden node 17 (pool=14)
2026-08-14 23:54:18,013 [DEBUG] cnn_neat: Added edge 11→10 (from 61 candidates)
2026-08-14 23:54:18,026 [DEBUG] cnn_neat: Removed hidden node 15 (pool=11)
2026-08-14 23:54:18,030 [DEBUG] cnn_neat: Removed edge 9→6 (from 12 candidates)
2026-08-14 23:54:18,037 [DEBUG] cnn_neat: Removed 3 edges (requested 3)
2026-08-14 23:54:18,043 [DEBUG] cnn_neat: Crossover rejected: union topology invalid (edges=39 nodes=24)
2026-08-14 23:54:18,047 [DEBUG] cnn_neat: Split edge 11→14, new hidden node 17 (pool=14)
2026-08-14 23:54:18,052 [DEBUG] cnn_neat: Added edge 10→7 (from 61 candidates)
2026-08-14 23:54:18,057 [DEBUG] cnn_neat: Added edge 12→1 (from 60 candidates)
2026-08-14 23:54:18,063 [DEBUG] cnn_neat: Added edge 9→15 (from 58 candidates)
2026-08-14 23:54:18,068 [DEBUG] cnn_neat: Added edge 14→16 (from 56 candidates)
2026-08-14 23:54:18,074 [DEBUG] cnn_neat: Added edge 2→15 (from 55 candidates)
2026-08-14 23:54:18,077 [DEBUG] cnn_neat: Split edge 2→1, new hidden node 17 (pool=9)
2026-08-14 23:54:18,082 [DEBUG] cnn_neat: Added edge 15→9 (from 59 candidates)
2026-08-14 23:54:18,090 [DEBUG] cnn_neat: Removed hidden node 15 (pool=11)
2026-08-14 23:54:18,093 [DEBUG] cnn_neat: Removed edge 9→6 (from 11 candidates)
2026-08-14 23:54:18,101 [DEBUG] cnn_neat: Removed 3 edges (requested 3)
2026-08-14 23:54:18,106 [DEBUG] cnn_neat: Crossover rejected: union topology invalid (edges=44 nodes=26)
2026-08-14 23:54:18,111 [DEBUG] cnn_neat: Split edge 2→1, new hidden node 17 (pool=9)
2026-08-14 23:54:18,117 [DEBUG] cnn_neat: Added edge 15→16 (from 69 candidates)
2026-08-14 23:54:18,122 [DEBUG] cnn_neat: Added edge 11→7 (from 59 candidates)
2026-08-14 23:54:18,127 [DEBUG] cnn_neat: Added edge 0→16 (from 63 candidates)
2026-08-14 23:54:18,134 [DEBUG] cnn_neat: Added edge 16→7 (from 62 candidates)
2026-08-14 23:54:18,138 [DEBUG] cnn_neat: Added edge 5→3 (from 61 candidates)
2026-08-14 23:54:18,144 [DEBUG] cnn_neat: Added edge 15→16 (from 50 candidates)
2026-08-14 23:54:18,149 [DEBUG] cnn_neat: Split edge 5→6, new hidden node 18 (pool=11)
2026-08-14 23:54:18,154 [DEBUG] cnn_neat: Added edge 12→16 (from 56 candidates)
2026-08-14 23:54:18,162 [DEBUG] cnn_neat: Removed hidden node 5 (pool=11)
2026-08-14 23:54:18,167 [DEBUG] cnn_neat: Removed edge 0→5 (from 14 candidates)
2026-08-14 23:54:18,174 [DEBUG] cnn_neat: Removed 3 edges (requested 3)
2026-08-14 23:54:18,180 [DEBUG] cnn_neat: Crossover rejected: union topology invalid (edges=42 nodes=25)
2026-08-14 23:54:18,185 [DEBUG] cnn_neat: Split edge 9→6, new hidden node 18 (pool=11)
2026-08-14 23:54:18,191 [DEBUG] cnn_neat: Added edge 12→16 (from 56 candidates)
2026-08-14 23:54:18,197 [DEBUG] cnn_neat: Added edge 16→6 (from 55 candidates)
2026-08-14 23:54:18,203 [DEBUG] cnn_neat: Added edge 9→7 (from 53 candidates)
2026-08-14 23:54:18,208 [DEBUG] cnn_neat: Added edge 17→6 (from 52 candidates)
2026-08-14 23:54:18,213 [DEBUG] cnn_neat: Added edge 12→2 (from 51 candidates)
2026-08-14 23:54:18,218 [DEBUG] cnn_neat: Split edge 6→7, new hidden node 17 (pool=11)
2026-08-14 23:54:18,223 [DEBUG] cnn_neat: Added edge 5→3 (from 58 candidates)
2026-08-14 23:54:18,234 [DEBUG] cnn_neat: Removed hidden node 16 (pool=11)
2026-08-14 23:54:18,239 [DEBUG] cnn_neat: Removed edge 6→2 (from 15 candidates)
2026-08-14 23:54:18,246 [DEBUG] cnn_neat: Removed 3 edges (requested 3)
2026-08-14 23:54:18,251 [DEBUG] cnn_neat: Crossover rejected: union topology invalid (edges=41 nodes=23)
2026-08-14 23:54:18,255 [DEBUG] cnn_neat: Split edge 5→6, new hidden node 17 (pool=11)
2026-08-14 23:54:18,260 [DEBUG] cnn_neat: Added edge 11→9 (from 58 candidates)
2026-08-14 23:54:18,266 [DEBUG] cnn_neat: Added edge 12→6 (from 55 candidates)
2026-08-14 23:54:18,272 [DEBUG] cnn_neat: Added edge 3→5 (from 54 candidates)
2026-08-14 23:54:18,278 [DEBUG] cnn_neat: Added edge 16→6 (from 48 candidates)
2026-08-14 23:54:18,284 [DEBUG] cnn_neat: Added edge 9→2 (from 46 candidates)
2026-08-14 23:54:18,455 [DEBUG] cnn_neat: Split edge 2→1, new hidden node 17 (pool=11)
2026-08-14 23:54:18,615 [DEBUG] cnn_neat: Added edge 9→7 (from 59 candidates)
2026-08-14 23:54:18,637 [DEBUG] cnn_neat: Removed hidden node 16 (pool=11)
2026-08-14 23:54:18,650 [DEBUG] cnn_neat: Removed edge 0→5 (from 14 candidates)
2026-08-14 23:54:18,673 [DEBUG] cnn_neat: Removed 3 edges (requested 3)
2026-08-14 23:54:18,686 [DEBUG] cnn_neat: Split edge 0→5, new hidden node 17 (pool=12)
2026-08-14 23:54:18,697 [DEBUG] cnn_neat: Split edge 14→9, new hidden node 16 (pool=9)
2026-08-14 23:54:18,716 [DEBUG] cnn_neat: Split edge 9→6, new hidden node 15 (pool=19)
2026-08-14 23:54:18,727 [DEBUG] cnn_neat: Added edge 11→3 (from 38 candidates)
2026-08-14 23:54:18,747 [DEBUG] cnn_neat: Removed hidden node 10 (pool=9)
2026-08-14 23:54:18,758 [DEBUG] cnn_neat: Removed edge 11→10 (from 18 candidates)
2026-08-14 23:54:18,780 [DEBUG] cnn_neat: Removed 3 edges (requested 3)
2026-08-14 23:54:18,791 [DEBUG] cnn_neat: Split edge 5→6, new hidden node 16 (pool=15)
2026-08-14 23:54:19,344 [DEBUG] cnn_neat: Split edge 0→5, new hidden node 17 (pool=10)
2026-08-14 23:54:19,383 [DEBUG] cnn_neat: Split edge 7→2, new hidden node 16 (pool=14)
2026-08-14 23:54:19,419 [DEBUG] cnn_neat: Added edge 14→7 (from 49 candidates)
2026-08-14 23:54:19,503 [DEBUG] cnn_neat: Removed hidden node 10 (pool=10)
2026-08-14 23:54:19,534 [DEBUG] cnn_neat: Removed edge 12→9 (from 13 candidates)
2026-08-14 23:54:19,613 [DEBUG] cnn_neat: Removed 3 edges (requested 3)
2026-08-14 23:54:19,629 [DEBUG] cnn_neat: Split edge 0→5, new hidden node 16 (pool=13)
2026-08-14 23:54:19,646 [DEBUG] cnn_neat: Split edge 9→6, new hidden node 16 (pool=11)
2026-08-14 23:54:19,677 [DEBUG] cnn_neat: Split edge 7→2, new hidden node 17 (pool=15)
2026-08-14 23:54:19,687 [DEBUG] cnn_neat: Added edge 16→6 (from 47 candidates)
2026-08-14 23:54:19,702 [DEBUG] cnn_neat: Removed hidden node 5 (pool=10)
2026-08-14 23:54:19,710 [DEBUG] cnn_neat: Removed edge 0→5 (from 16 candidates)
2026-08-14 23:54:19,725 [DEBUG] cnn_neat: Removed 3 edges (requested 3)
2026-08-14 23:54:19,735 [DEBUG] cnn_neat: Split edge 9→5, new hidden node 18 (pool=13)
2026-08-14 23:54:19,748 [DEBUG] cnn_neat: Split edge 9→6, new hidden node 15 (pool=18)
2026-08-14 23:54:19,757 [DEBUG] cnn_neat: Added edge 3→10 (from 39 candidates)
2026-08-14 23:54:19,771 [DEBUG] cnn_neat: Removed hidden node 14 (pool=9)
2026-08-14 23:54:19,778 [DEBUG] cnn_neat: Removed edge 5→10 (from 17 candidates)
2026-08-14 23:54:19,794 [DEBUG] cnn_neat: Removed 3 edges (requested 3)
2026-08-14 23:54:19,801 [DEBUG] cnn_neat: Split edge 12→3, new hidden node 16 (pool=14)
2026-08-14 23:54:19,815 [DEBUG] cnn_neat: Split edge 7→2, new hidden node 17 (pool=14)
2026-08-14 23:54:19,824 [DEBUG] cnn_neat: Added edge 11→5 (from 61 candidates)
2026-08-14 23:54:19,842 [DEBUG] cnn_neat: Removed hidden node 9 (pool=11)
2026-08-14 23:54:19,850 [DEBUG] cnn_neat: Removed edge 12→9 (from 12 candidates)
2026-08-14 23:54:19,863 [DEBUG] cnn_neat: Removed 3 edges (requested 3)
2026-08-14 23:54:19,874 [DEBUG] cnn_neat: Split edge 9→5, new hidden node 18 (pool=12)
2026-08-14 23:54:19,886 [DEBUG] cnn_neat: Split edge 5→6, new hidden node 17 (pool=9)
2026-08-14 23:54:19,894 [DEBUG] cnn_neat: Added edge 5→3 (from 59 candidates)
2026-08-14 23:54:19,907 [DEBUG] cnn_neat: Removed hidden node 7 (pool=11)
2026-08-14 23:54:19,914 [DEBUG] cnn_neat: Removed edge 12→10 (from 11 candidates)
2026-08-14 23:54:19,928 [DEBUG] cnn_neat: Removed 3 edges (requested 3)
2026-08-14 23:54:19,936 [DEBUG] cnn_neat: Split edge 14→9, new hidden node 18 (pool=11)
2026-08-14 23:54:19,949 [DEBUG] cnn_neat: Split edge 11→14, new hidden node 18 (pool=11)
2026-08-14 23:54:19,959 [DEBUG] cnn_neat: Added edge 14→7 (from 56 candidates)
2026-08-14 23:54:19,975 [DEBUG] cnn_neat: Removed hidden node 17 (pool=11)
2026-08-14 23:54:19,983 [DEBUG] cnn_neat: Removed edge 15→7 (from 14 candidates)
2026-08-14 23:54:20,000 [DEBUG] cnn_neat: Removed 3 edges (requested 3)
2026-08-14 23:54:20,009 [DEBUG] cnn_neat: Split edge 0→5, new hidden node 19 (pool=7)
2026-08-14 23:54:20,019 [DEBUG] cnn_neat: Split edge 9→5, new hidden node 18 (pool=9)
2026-08-14 23:54:20,161 [DEBUG] cnn_neat: Split edge 0→11, new hidden node 17 (pool=10)
2026-08-14 23:54:20,178 [DEBUG] cnn_neat: Added edge 12→15 (from 62 candidates)
2026-08-14 23:54:20,202 [DEBUG] cnn_neat: Removed hidden node 9 (pool=10)
2026-08-14 23:54:20,209 [DEBUG] cnn_neat: Removed edge 7→2 (from 8 candidates)
2026-08-14 23:54:20,243 [DEBUG] cnn_neat: Removed 3 edges (requested 3)
2026-08-14 23:54:20,255 [DEBUG] cnn_neat: Split edge 6→2, new hidden node 18 (pool=6)
2026-08-14 23:54:20,285 [DEBUG] cnn_neat: Split edge 6→7, new hidden node 17 (pool=11)
2026-08-14 23:54:20,305 [DEBUG] cnn_neat: Added edge 16→6 (from 58 candidates)
2026-08-14 23:54:20,342 [DEBUG] cnn_neat: Removed hidden node 3 (pool=11)
2026-08-14 23:54:20,706 [DEBUG] cnn_neat: Removed edge 12→7 (from 15 candidates)
2026-08-14 23:54:20,730 [DEBUG] cnn_neat: Split edge 7→2, new hidden node 15 (pool=15)
2026-08-14 23:54:20,746 [DEBUG] cnn_neat: Added edge 10→3 (from 43 candidates)
2026-08-14 23:54:20,772 [DEBUG] cnn_neat: Removed hidden node 9 (pool=9)
2026-08-14 23:54:20,788 [DEBUG] cnn_neat: Removed edge 11→10 (from 16 candidates)
2026-08-14 23:54:20,818 [DEBUG] cnn_neat: Removed 3 edges (requested 3)
2026-08-14 23:54:20,831 [DEBUG] cnn_neat: Split edge 0→11, new hidden node 16 (pool=16)
2026-08-14 23:54:20,859 [DEBUG] cnn_neat: Split edge 6→2, new hidden node 17 (pool=14)
2026-08-14 23:54:20,871 [DEBUG] cnn_neat: Added edge 12→3 (from 54 candidates)
2026-08-14 23:54:21,260 [DEBUG] cnn_neat: Removed hidden node 3 (pool=11)
2026-08-14 23:54:21,283 [DEBUG] cnn_neat: Split edge 5→6, new hidden node 15 (pool=15)
2026-08-14 23:54:21,304 [DEBUG] cnn_neat: Added edge 11→5 (from 44 candidates)
2026-08-14 23:54:21,342 [DEBUG] cnn_neat: Removed hidden node 9 (pool=9)
2026-08-14 23:54:21,363 [DEBUG] cnn_neat: Removed edge 12→7 (from 15 candidates)
2026-08-14 23:54:21,395 [DEBUG] cnn_neat: Removed 3 edges (requested 3)
2026-08-14 23:54:21,413 [DEBUG] cnn_neat: Split edge 11→10, new hidden node 16 (pool=16)
2026-08-14 23:54:21,428 [DEBUG] cnn_neat: Split edge 6→2, new hidden node 15 (pool=15)
2026-08-14 23:54:21,460 [DEBUG] cnn_neat: Split edge 11→14, new hidden node 17 (pool=15)
2026-08-14 23:54:21,869 [DEBUG] cnn_neat: Added edge 3→1 (from 51 candidates)
2026-08-14 23:54:21,885 [DEBUG] cnn_neat: Split edge 12→7, new hidden node 15 (pool=19)
2026-08-14 23:54:21,895 [DEBUG] cnn_neat: Added edge 12→2 (from 32 candidates)
2026-08-14 23:54:21,920 [DEBUG] cnn_neat: Removed hidden node 6 (pool=8)
2026-08-14 23:54:21,938 [DEBUG] cnn_neat: Removed edge 14→9 (from 16 candidates)
2026-08-14 23:54:21,973 [DEBUG] cnn_neat: Removed 3 edges (requested 3)
2026-08-14 23:54:21,994 [DEBUG] cnn_neat: Split edge 14→9, new hidden node 16 (pool=15)
2026-08-14 23:54:22,017 [DEBUG] cnn_neat: Split edge 9→5, new hidden node 16 (pool=14)
2026-08-14 23:54:22,040 [DEBUG] cnn_neat: Added edge 12→14 (from 55 candidates)
2026-08-14 23:54:22,067 [DEBUG] cnn_neat: Removed hidden node 5 (pool=10)
2026-08-14 23:54:22,085 [DEBUG] cnn_neat: Removed edge 12→10 (from 15 candidates)
2026-08-14 23:54:22,455 [DEBUG] cnn_neat: Split edge 6→7, new hidden node 16 (pool=16)
2026-08-14 23:54:22,470 [DEBUG] cnn_neat: Added edge 6→3 (from 55 candidates)
2026-08-14 23:54:22,509 [DEBUG] cnn_neat: Removed hidden node 6 (pool=10)
2026-08-14 23:54:22,517 [DEBUG] cnn_neat: Removed edge 5→7 (from 16 candidates)
2026-08-14 23:54:22,540 [DEBUG] cnn_neat: Removed 3 edges (requested 3)
2026-08-14 23:54:22,597 [DEBUG] cnn_neat: Split edge 15→10, new hidden node 17 (pool=12)
2026-08-14 23:54:22,610 [DEBUG] cnn_neat: Split edge 6→3, new hidden node 16 (pool=16)
2026-08-14 23:54:22,633 [DEBUG] cnn_neat: Split edge 2→1, new hidden node 16 (pool=14)
2026-08-14 23:54:22,644 [DEBUG] cnn_neat: Added edge 12→6 (from 56 candidates)
2026-08-14 23:54:23,056 [DEBUG] cnn_neat: Removed hidden node 12 (pool=10)
2026-08-14 23:54:23,070 [DEBUG] cnn_neat: Split edge 0→11, new hidden node 17 (pool=15)
2026-08-14 23:54:23,083 [DEBUG] cnn_neat: Added edge 9→10 (from 56 candidates)
2026-08-14 23:54:23,115 [DEBUG] cnn_neat: Removed hidden node 12 (pool=11)
2026-08-14 23:54:23,125 [DEBUG] cnn_neat: Removed edge 12→9 (from 15 candidates)
2026-08-14 23:54:23,144 [DEBUG] cnn_neat: Removed 3 edges (requested 3)
2026-08-14 23:54:23,153 [DEBUG] cnn_neat: Split edge 10→16, new hidden node 18 (pool=10)
2026-08-14 23:54:23,164 [DEBUG] cnn_neat: Split edge 7→2, new hidden node 17 (pool=16)
2026-08-14 23:54:23,179 [DEBUG] cnn_neat: Split edge 9→6, new hidden node 16 (pool=13)
2026-08-14 23:54:23,189 [DEBUG] cnn_neat: Added edge 2→3 (from 42 candidates)
2026-08-14 23:54:23,205 [DEBUG] cnn_neat: Removed hidden node 6 (pool=9)
2026-08-14 23:54:23,214 [DEBUG] cnn_neat: Removed edge 0→11 (from 16 candidates)
2026-08-14 23:54:23,227 [DEBUG] cnn_neat: Removed 3 edges (requested 3)
2026-08-14 23:54:23,237 [DEBUG] cnn_neat: Split edge 10→15, new hidden node 17 (pool=9)
2026-08-14 23:54:23,252 [DEBUG] cnn_neat: Split edge 6→2, new hidden node 15 (pool=15)
2026-08-14 23:54:23,262 [DEBUG] cnn_neat: Added edge 2→3 (from 44 candidates)
2026-08-14 23:54:23,274 [DEBUG] cnn_neat: Saved generation 32
2026-08-14 23:54:23,372 [DEBUG] cnn_neat: Selected 25 elite individuals
2026-08-14 23:54:23,380 [DEBUG] cnn_neat: Removed hidden node 6 (pool=9)
2026-08-14 23:54:23,410 [DEBUG] cnn_neat: Removed edge 12→3 (from 15 candidates)
2026-08-14 23:54:23,518 [DEBUG] cnn_neat: Removed 3 edges (requested 3)
2026-08-14 23:54:23,542 [DEBUG] cnn_neat: Split edge 0→5, new hidden node 16 (pool=16)
2026-08-14 23:54:23,572 [DEBUG] cnn_neat: Split edge 6→7, new hidden node 18 (pool=11)
2026-08-14 23:54:23,587 [DEBUG] cnn_neat: Added edge 17→2 (from 57 candidates)
2026-08-14 23:54:23,600 [DEBUG] cnn_neat: Removed hidden node 10 (pool=11)
2026-08-14 23:54:23,610 [DEBUG] cnn_neat: Removed edge 5→3 (from 16 candidates)
2026-08-14 23:54:23,628 [DEBUG] cnn_neat: Removed 3 edges (requested 3)
2026-08-14 23:54:23,639 [DEBUG] cnn_neat: Split edge 18→7, new hidden node 19 (pool=11)
2026-08-14 23:54:23,652 [DEBUG] cnn_neat: Split edge 2→1, new hidden node 15 (pool=13)
2026-08-14 23:54:23,663 [DEBUG] cnn_neat: Added edge 11→6 (from 41 candidates)
2026-08-14 23:54:23,681 [DEBUG] cnn_neat: Removed hidden node 9 (pool=9)
2026-08-14 23:54:23,689 [DEBUG] cnn_neat: Removed edge 12→10 (from 16 candidates)
2026-08-14 23:54:23,705 [DEBUG] cnn_neat: Trimmed elite queue to 128 entries
2026-08-14 23:54:24,410 [DEBUG] cnn_neat: Removed 3 edges (requested 3)
2026-08-14 23:54:24,414 [DEBUG] cnn_neat: Split edge 6→2, new hidden node 17 (pool=9)
2026-08-14 23:54:24,420 [DEBUG] cnn_neat: Added edge 9→2 (from 63 candidates)
2026-08-14 23:54:24,427 [DEBUG] cnn_neat: Removed hidden node 15 (pool=11)
2026-08-14 23:54:24,431 [DEBUG] cnn_neat: Removed edge 7→2 (from 8 candidates)
2026-08-14 23:54:24,437 [DEBUG] cnn_neat: Removed 3 edges (requested 3)
2026-08-14 23:54:24,443 [DEBUG] cnn_neat: Crossover rejected: union topology invalid (edges=36 nodes=26)
2026-08-14 23:54:24,446 [DEBUG] cnn_neat: Split edge 9→5, new hidden node 17 (pool=9)
2026-08-14 23:54:24,452 [DEBUG] cnn_neat: Added edge 11→5 (from 63 candidates)
2026-08-14 23:54:24,456 [DEBUG] cnn_neat: Added edge 14→5 (from 62 candidates)
2026-08-14 23:54:24,461 [DEBUG] cnn_neat: Added edge 12→1 (from 61 candidates)
2026-08-14 23:54:24,467 [DEBUG] cnn_neat: Added edge 10→7 (from 59 candidates)
2026-08-14 23:54:24,472 [DEBUG] cnn_neat: Added edge 15→3 (from 58 candidates)
2026-08-14 23:54:24,476 [DEBUG] cnn_neat: Split edge 11→14, new hidden node 17 (pool=10)
2026-08-14 23:54:24,482 [DEBUG] cnn_neat: Added edge 11→15 (from 61 candidates)
2026-08-14 23:54:24,492 [DEBUG] cnn_neat: Removed hidden node 12 (pool=11)
2026-08-14 23:54:24,496 [DEBUG] cnn_neat: Removed edge 14→16 (from 9 candidates)
2026-08-14 23:54:24,500 [DEBUG] cnn_neat: Split edge 5→6, new hidden node 17 (pool=10)
2026-08-14 23:54:24,508 [DEBUG] cnn_neat: Removed 3 edges (requested 3)
2026-08-14 23:54:24,513 [DEBUG] cnn_neat: Crossover rejected: union topology invalid (edges=38 nodes=25)
2026-08-14 23:54:24,516 [DEBUG] cnn_neat: Split edge 0→5, new hidden node 17 (pool=10)
2026-08-14 23:54:24,522 [DEBUG] cnn_neat: Added edge 14→5 (from 61 candidates)
2026-08-14 23:54:24,526 [DEBUG] cnn_neat: Added edge 14→10 (from 60 candidates)
2026-08-14 23:54:24,532 [DEBUG] cnn_neat: Added edge 12→15 (from 59 candidates)
2026-08-14 23:54:24,537 [DEBUG] cnn_neat: Added edge 3→2 (from 58 candidates)
2026-08-14 23:54:24,544 [DEBUG] cnn_neat: Added edge 9→15 (from 55 candidates)
2026-08-14 23:54:24,548 [DEBUG] cnn_neat: Split edge 12→5, new hidden node 16 (pool=13)
2026-08-14 23:54:24,552 [DEBUG] cnn_neat: Added edge 12→6 (from 50 candidates)
2026-08-14 23:54:24,558 [DEBUG] cnn_neat: Removed hidden node 12 (pool=10)
2026-08-14 23:54:24,563 [DEBUG] cnn_neat: Removed edge 12→9 (from 12 candidates)
2026-08-14 23:54:24,569 [DEBUG] cnn_neat: Removed 3 edges (requested 3)
2026-08-14 23:54:24,573 [DEBUG] cnn_neat: Crossover rejected: union topology invalid (edges=37 nodes=25)
2026-08-14 23:54:24,577 [DEBUG] cnn_neat: Split edge 0→5, new hidden node 16 (pool=13)
2026-08-14 23:54:24,582 [DEBUG] cnn_neat: Added edge 9→2 (from 50 candidates)
2026-08-14 23:54:24,587 [DEBUG] cnn_neat: Added edge 5→15 (from 48 candidates)
2026-08-14 23:54:24,591 [DEBUG] cnn_neat: Added edge 11→3 (from 50 candidates)
2026-08-14 23:54:24,596 [DEBUG] cnn_neat: Added edge 0→10 (from 44 candidates)
2026-08-14 23:54:24,600 [DEBUG] cnn_neat: Added edge 9→10 (from 40 candidates)
2026-08-14 23:54:24,605 [DEBUG] cnn_neat: Split edge 11→14, new hidden node 17 (pool=14)
2026-08-14 23:54:24,610 [DEBUG] cnn_neat: Added edge 10→2 (from 48 candidates)
2026-08-14 23:54:24,617 [DEBUG] cnn_neat: Removed hidden node 16 (pool=10)
2026-08-14 23:54:24,621 [DEBUG] cnn_neat: Removed edge 14→10 (from 15 candidates)
2026-08-14 23:54:24,628 [DEBUG] cnn_neat: Removed 3 edges (requested 3)
2026-08-14 23:54:24,632 [DEBUG] cnn_neat: Crossover rejected: union topology invalid (edges=41 nodes=23)
2026-08-14 23:54:24,637 [DEBUG] cnn_neat: Split edge 2→1, new hidden node 17 (pool=14)
2026-08-14 23:54:24,641 [DEBUG] cnn_neat: Added edge 11→7 (from 48 candidates)
2026-08-14 23:54:24,647 [DEBUG] cnn_neat: Added edge 16→6 (from 42 candidates)
2026-08-14 23:54:24,652 [DEBUG] cnn_neat: Added edge 12→6 (from 40 candidates)
2026-08-14 23:54:24,657 [DEBUG] cnn_neat: Added edge 14→2 (from 39 candidates)
2026-08-14 23:54:24,662 [DEBUG] cnn_neat: Added edge 15→1 (from 38 candidates)
2026-08-14 23:54:24,667 [DEBUG] cnn_neat: Split edge 12→9, new hidden node 17 (pool=17)
2026-08-14 23:54:24,672 [DEBUG] cnn_neat: Added edge 10→7 (from 51 candidates)
2026-08-14 23:54:24,677 [DEBUG] cnn_neat: Removed hidden node 11 (pool=10)
2026-08-14 23:54:24,681 [DEBUG] cnn_neat: Removed edge 10→16 (from 14 candidates)
2026-08-14 23:54:24,689 [DEBUG] cnn_neat: Removed 3 edges (requested 3)
2026-08-14 23:54:24,694 [DEBUG] cnn_neat: Crossover rejected: union topology invalid (edges=38 nodes=24)
2026-08-14 23:54:24,697 [DEBUG] cnn_neat: Split edge 0→11, new hidden node 17 (pool=17)
2026-08-14 23:54:24,702 [DEBUG] cnn_neat: Added edge 0→14 (from 51 candidates)
2026-08-14 23:54:24,707 [DEBUG] cnn_neat: Added edge 11→12 (from 48 candidates)
2026-08-14 23:54:24,712 [DEBUG] cnn_neat: Added edge 16→6 (from 36 candidates)
2026-08-14 23:54:24,717 [DEBUG] cnn_neat: Added edge 16→3 (from 33 candidates)
2026-08-14 23:54:24,723 [DEBUG] cnn_neat: Added edge 11→10 (from 32 candidates)
2026-08-14 23:54:24,726 [DEBUG] cnn_neat: Split edge 7→2, new hidden node 17 (pool=13)
2026-08-14 23:54:24,733 [DEBUG] cnn_neat: Added edge 9→6 (from 62 candidates)
2026-08-14 23:54:24,737 [DEBUG] cnn_neat: Split edge 5→6, new hidden node 17 (pool=14)
2026-08-14 23:54:24,743 [DEBUG] cnn_neat: Removed hidden node 15 (pool=11)
2026-08-14 23:54:24,747 [DEBUG] cnn_neat: Removed edge 6→2 (from 11 candidates)
2026-08-14 23:54:24,754 [DEBUG] cnn_neat: Removed 3 edges (requested 3)
2026-08-14 23:54:24,758 [DEBUG] cnn_neat: Crossover rejected: union topology invalid (edges=43 nodes=26)
2026-08-14 23:54:24,762 [DEBUG] cnn_neat: Split edge 6→7, new hidden node 17 (pool=13)
2026-08-14 23:54:24,767 [DEBUG] cnn_neat: Added edge 0→15 (from 62 candidates)
2026-08-14 23:54:24,772 [DEBUG] cnn_neat: Added edge 14→16 (from 58 candidates)
2026-08-14 23:54:24,777 [DEBUG] cnn_neat: Added edge 10→7 (from 57 candidates)
2026-08-14 23:54:24,783 [DEBUG] cnn_neat: Added edge 16→2 (from 56 candidates)
2026-08-14 23:54:24,788 [DEBUG] cnn_neat: Added edge 16→1 (from 55 candidates)
2026-08-14 23:54:24,792 [DEBUG] cnn_neat: Split edge 0→11, new hidden node 17 (pool=11)
2026-08-14 23:54:24,798 [DEBUG] cnn_neat: Added edge 12→9 (from 60 candidates)
2026-08-14 23:54:24,801 [DEBUG] cnn_neat: Split edge 2→1, new hidden node 17 (pool=11)
2026-08-14 23:54:24,807 [DEBUG] cnn_neat: Added edge 11→6 (from 70 candidates)
2026-08-14 23:54:24,817 [DEBUG] cnn_neat: Removed hidden node 16 (pool=11)
2026-08-14 23:54:24,822 [DEBUG] cnn_neat: Removed edge 0→5 (from 13 candidates)
2026-08-14 23:54:24,828 [DEBUG] cnn_neat: Removed 3 edges (requested 3)
2026-08-14 23:54:24,834 [DEBUG] cnn_neat: Crossover rejected: union topology invalid (edges=40 nodes=25)
2026-08-14 23:54:24,838 [DEBUG] cnn_neat: Split edge 0→5, new hidden node 17 (pool=11)
2026-08-14 23:54:24,843 [DEBUG] cnn_neat: Added edge 12→16 (from 60 candidates)
2026-08-14 23:54:24,848 [DEBUG] cnn_neat: Added edge 11→6 (from 59 candidates)
2026-08-14 23:54:24,853 [DEBUG] cnn_neat: Added edge 3→7 (from 58 candidates)
2026-08-14 23:54:24,860 [DEBUG] cnn_neat: Added edge 3→1 (from 55 candidates)
2026-08-14 23:54:24,865 [DEBUG] cnn_neat: Added edge 7→1 (from 51 candidates)
2026-08-14 23:54:24,869 [DEBUG] cnn_neat: Split edge 6→7, new hidden node 17 (pool=8)
2026-08-14 23:54:24,874 [DEBUG] cnn_neat: Added edge 12→6 (from 60 candidates)
2026-08-14 23:54:24,881 [DEBUG] cnn_neat: Removed hidden node 16 (pool=11)
2026-08-14 23:54:24,884 [DEBUG] cnn_neat: Removed edge 9→5 (from 10 candidates)
2026-08-14 23:54:24,891 [DEBUG] cnn_neat: Removed 3 edges (requested 3)
2026-08-14 23:54:24,895 [DEBUG] cnn_neat: Crossover rejected: union topology invalid (edges=39 nodes=26)
2026-08-14 23:54:24,899 [DEBUG] cnn_neat: Split edge 2→1, new hidden node 17 (pool=8)
2026-08-14 23:54:24,904 [DEBUG] cnn_neat: Added edge 12→14 (from 60 candidates)
2026-08-14 23:54:24,908 [DEBUG] cnn_neat: Added edge 5→3 (from 59 candidates)
2026-08-14 23:54:24,913 [DEBUG] cnn_neat: Added edge 10→7 (from 59 candidates)
2026-08-14 23:54:24,918 [DEBUG] cnn_neat: Added edge 11→6 (from 58 candidates)
2026-08-14 23:54:24,923 [DEBUG] cnn_neat: Added edge 16→11 (from 57 candidates)
2026-08-14 23:54:24,927 [DEBUG] cnn_neat: Split edge 11→14, new hidden node 17 (pool=17)
2026-08-14 23:54:25,094 [DEBUG] cnn_neat: Split edge 9→6, new hidden node 17 (pool=11)
2026-08-14 23:54:25,240 [DEBUG] cnn_neat: Added edge 10→6 (from 59 candidates)
2026-08-14 23:54:25,266 [DEBUG] cnn_neat: Removed hidden node 5 (pool=11)
2026-08-14 23:54:25,276 [DEBUG] cnn_neat: Removed edge 6→2 (from 14 candidates)
2026-08-14 23:54:25,297 [DEBUG] cnn_neat: Removed 3 edges (requested 3)
2026-08-14 23:54:25,309 [DEBUG] cnn_neat: Split edge 0→5, new hidden node 18 (pool=7)
2026-08-14 23:54:25,320 [DEBUG] cnn_neat: Split edge 5→6, new hidden node 17 (pool=12)
2026-08-14 23:54:25,336 [DEBUG] cnn_neat: Split edge 2→1, new hidden node 15 (pool=19)
2026-08-14 23:54:25,346 [DEBUG] cnn_neat: Added edge 0→3 (from 38 candidates)
2026-08-14 23:54:25,363 [DEBUG] cnn_neat: Removed hidden node 6 (pool=9)
2026-08-14 23:54:25,373 [DEBUG] cnn_neat: Removed edge 14→7 (from 18 candidates)
2026-08-14 23:54:25,392 [DEBUG] cnn_neat: Removed 3 edges (requested 3)
2026-08-14 23:54:25,403 [DEBUG] cnn_neat: Split edge 14→7, new hidden node 16 (pool=20)
2026-08-14 23:54:25,410 [DEBUG] cnn_neat: Split edge 0→5, new hidden node 15 (pool=17)
2026-08-14 23:54:25,419 [DEBUG] cnn_neat: Split edge 11→10, new hidden node 15 (pool=13)
2026-08-14 23:54:25,435 [DEBUG] cnn_neat: Split edge 6→2, new hidden node 17 (pool=10)
2026-08-14 23:54:25,952 [DEBUG] cnn_neat: Added edge 3→7 (from 62 candidates)
2026-08-14 23:54:25,995 [DEBUG] cnn_neat: Split edge 2→1, new hidden node 16 (pool=14)
2026-08-14 23:54:26,032 [DEBUG] cnn_neat: Added edge 10→9 (from 49 candidates)
2026-08-14 23:54:26,119 [DEBUG] cnn_neat: Removed hidden node 10 (pool=10)
2026-08-14 23:54:26,137 [DEBUG] cnn_neat: Removed edge 10→15 (from 13 candidates)
2026-08-14 23:54:26,226 [DEBUG] cnn_neat: Removed 3 edges (requested 3)
2026-08-14 23:54:26,244 [DEBUG] cnn_neat: Split edge 11→14, new hidden node 17 (pool=21)
2026-08-14 23:54:26,262 [DEBUG] cnn_neat: Split edge 12→7, new hidden node 16 (pool=15)
2026-08-14 23:54:26,287 [DEBUG] cnn_neat: Split edge 9→6, new hidden node 17 (pool=15)
2026-08-14 23:54:26,295 [DEBUG] cnn_neat: Added edge 15→1 (from 47 candidates)
2026-08-14 23:54:26,306 [DEBUG] cnn_neat: Removed hidden node 11 (pool=10)
2026-08-14 23:54:26,313 [DEBUG] cnn_neat: Removed edge 0→5 (from 16 candidates)
2026-08-14 23:54:26,325 [DEBUG] cnn_neat: Removed 3 edges (requested 3)
2026-08-14 23:54:26,333 [DEBUG] cnn_neat: Split edge 0→5, new hidden node 18 (pool=11)
2026-08-14 23:54:26,340 [DEBUG] cnn_neat: Split edge 12→9, new hidden node 17 (pool=15)
2026-08-14 23:54:26,347 [DEBUG] cnn_neat: Split edge 12→7, new hidden node 17 (pool=13)
2026-08-14 23:54:26,361 [DEBUG] cnn_neat: Split edge 11→14, new hidden node 15 (pool=18)
2026-08-14 23:54:26,369 [DEBUG] cnn_neat: Added edge 11→5 (from 39 candidates)
2026-08-14 23:54:26,382 [DEBUG] cnn_neat: Removed hidden node 5 (pool=9)
2026-08-14 23:54:26,388 [DEBUG] cnn_neat: Removed edge 9→6 (from 17 candidates)
2026-08-14 23:54:26,402 [DEBUG] cnn_neat: Removed 3 edges (requested 3)
2026-08-14 23:54:26,409 [DEBUG] cnn_neat: Split edge 6→7, new hidden node 16 (pool=13)
2026-08-14 23:54:26,418 [DEBUG] cnn_neat: Split edge 0→11, new hidden node 15 (pool=18)
2026-08-14 23:54:26,431 [DEBUG] cnn_neat: Split edge 5→6, new hidden node 17 (pool=14)
2026-08-14 23:54:26,438 [DEBUG] cnn_neat: Added edge 14→2 (from 61 candidates)
2026-08-14 23:54:26,451 [DEBUG] cnn_neat: Removed hidden node 12 (pool=11)
2026-08-14 23:54:26,457 [DEBUG] cnn_neat: Removed edge 9→6 (from 12 candidates)
2026-08-14 23:54:26,470 [DEBUG] cnn_neat: Removed 3 edges (requested 3)
2026-08-14 23:54:26,477 [DEBUG] cnn_neat: Split edge 5→10, new hidden node 17 (pool=13)
2026-08-14 23:54:26,484 [DEBUG] cnn_neat: Split edge 0→5, new hidden node 17 (pool=15)
2026-08-14 23:54:26,490 [DEBUG] cnn_neat: Split edge 7→2, new hidden node 17 (pool=9)
2026-08-14 23:54:26,502 [DEBUG] cnn_neat: Split edge 9→6, new hidden node 17 (pool=9)
2026-08-14 23:54:26,509 [DEBUG] cnn_neat: Added edge 11→3 (from 59 candidates)
2026-08-14 23:54:26,529 [DEBUG] cnn_neat: Removed hidden node 7 (pool=11)
2026-08-14 23:54:26,536 [DEBUG] cnn_neat: Removed edge 6→2 (from 11 candidates)
2026-08-14 23:54:26,550 [DEBUG] cnn_neat: Removed 3 edges (requested 3)
2026-08-14 23:54:26,557 [DEBUG] cnn_neat: Split edge 5→6, new hidden node 18 (pool=7)
2026-08-14 23:54:26,563 [DEBUG] cnn_neat: Split edge 5→6, new hidden node 17 (pool=10)
2026-08-14 23:54:26,576 [DEBUG] cnn_neat: Split edge 11→14, new hidden node 18 (pool=11)
2026-08-14 23:54:26,584 [DEBUG] cnn_neat: Added edge 17→1 (from 56 candidates)
2026-08-14 23:54:26,602 [DEBUG] cnn_neat: Removed hidden node 5 (pool=11)
2026-08-14 23:54:26,608 [DEBUG] cnn_neat: Removed edge 17→10 (from 14 candidates)
2026-08-14 23:54:26,621 [DEBUG] cnn_neat: Removed 3 edges (requested 3)
2026-08-14 23:54:26,627 [DEBUG] cnn_neat: Split edge 0→11, new hidden node 18 (pool=11)
2026-08-14 23:54:26,637 [DEBUG] cnn_neat: Split edge 5→6, new hidden node 18 (pool=11)
2026-08-14 23:54:26,644 [DEBUG] cnn_neat: Split edge 9→6, new hidden node 18 (pool=8)
2026-08-14 23:54:26,762 [DEBUG] cnn_neat: Split edge 0→11, new hidden node 17 (pool=11)
2026-08-14 23:54:26,785 [DEBUG] cnn_neat: Added edge 3→14 (from 58 candidates)
2026-08-14 23:54:26,812 [DEBUG] cnn_neat: Removed hidden node 9 (pool=11)
2026-08-14 23:54:26,825 [DEBUG] cnn_neat: Removed edge 12→3 (from 15 candidates)
2026-08-14 23:54:26,861 [DEBUG] cnn_neat: Removed 3 edges (requested 3)
2026-08-14 23:54:26,877 [DEBUG] cnn_neat: Split edge 0→5, new hidden node 18 (pool=7)
2026-08-14 23:54:26,895 [DEBUG] cnn_neat: Split edge 14→9, new hidden node 17 (pool=11)
2026-08-14 23:54:26,921 [DEBUG] cnn_neat: Split edge 0→5, new hidden node 17 (pool=9)
2026-08-14 23:54:26,935 [DEBUG] cnn_neat: Added edge 10→3 (from 63 candidates)
2026-08-14 23:54:27,329 [DEBUG] cnn_neat: Removed hidden node 15 (pool=11)
2026-08-14 23:54:27,342 [DEBUG] cnn_neat: Split edge 7→2, new hidden node 17 (pool=10)
2026-08-14 23:54:27,357 [DEBUG] cnn_neat: Added edge 11→10 (from 61 candidates)
2026-08-14 23:54:27,378 [DEBUG] cnn_neat: Removed hidden node 3 (pool=11)
2026-08-14 23:54:27,388 [DEBUG] cnn_neat: Removed edge 7→2 (from 9 candidates)
2026-08-14 23:54:27,407 [DEBUG] cnn_neat: Removed 3 edges (requested 3)
2026-08-14 23:54:27,422 [DEBUG] cnn_neat: Split edge 2→1, new hidden node 18 (pool=8)
2026-08-14 23:54:27,444 [DEBUG] cnn_neat: Split edge 6→2, new hidden node 16 (pool=13)
2026-08-14 23:54:27,458 [DEBUG] cnn_neat: Added edge 12→1 (from 50 candidates)
2026-08-14 23:54:27,487 [DEBUG] cnn_neat: Removed hidden node 12 (pool=10)
2026-08-14 23:54:27,502 [DEBUG] cnn_neat: Removed edge 15→7 (from 12 candidates)
2026-08-14 23:54:27,874 [DEBUG] cnn_neat: Removed 3 edges (requested 3)
2026-08-14 23:54:27,900 [DEBUG] cnn_neat: Split edge 12→5, new hidden node 17 (pool=14)
2026-08-14 23:54:27,917 [DEBUG] cnn_neat: Added edge 6→10 (from 48 candidates)
2026-08-14 23:54:27,949 [DEBUG] cnn_neat: Removed hidden node 15 (pool=10)
2026-08-14 23:54:27,968 [DEBUG] cnn_neat: Removed edge 15→7 (from 15 candidates)
2026-08-14 23:54:27,999 [DEBUG] cnn_neat: Removed 3 edges (requested 3)
2026-08-14 23:54:28,011 [DEBUG] cnn_neat: Split edge 6→2, new hidden node 18 (pool=11)
2026-08-14 23:54:28,030 [DEBUG] cnn_neat: Split edge 10→16, new hidden node 17 (pool=17)
2026-08-14 23:54:28,052 [DEBUG] cnn_neat: Added edge 16→1 (from 51 candidates)
2026-08-14 23:54:28,080 [DEBUG] cnn_neat: Removed hidden node 3 (pool=10)
2026-08-14 23:54:28,096 [DEBUG] cnn_neat: Removed edge 12→9 (from 14 candidates)
2026-08-14 23:54:28,122 [DEBUG] cnn_neat: Removed 3 edges (requested 3)
2026-08-14 23:54:28,528 [DEBUG] cnn_neat: Split edge 0→5, new hidden node 18 (pool=14)
2026-08-14 23:54:28,547 [DEBUG] cnn_neat: Split edge 7→2, new hidden node 17 (pool=13)
2026-08-14 23:54:28,564 [DEBUG] cnn_neat: Added edge 3→1 (from 62 candidates)
2026-08-14 23:54:28,589 [DEBUG] cnn_neat: Removed hidden node 15 (pool=11)
2026-08-14 23:54:28,598 [DEBUG] cnn_neat: Removed edge 6→2 (from 11 candidates)
2026-08-14 23:54:28,624 [DEBUG] cnn_neat: Removed 3 edges (requested 3)
2026-08-14 23:54:28,645 [DEBUG] cnn_neat: Split edge 16→7, new hidden node 17 (pool=13)
2026-08-14 23:54:28,661 [DEBUG] cnn_neat: Split edge 11→14, new hidden node 17 (pool=8)
2026-08-14 23:54:28,678 [DEBUG] cnn_neat: Added edge 15→14 (from 61 candidates)
2026-08-14 23:54:28,693 [DEBUG] cnn_neat: Added edge 10→5 (from 77 candidates)
2026-08-14 23:54:28,717 [DEBUG] cnn_neat: Split edge 6→7, new hidden node 17 (pool=11)
2026-08-14 23:54:28,723 [DEBUG] cnn_neat: Added edge 11→5 (from 60 candidates)
2026-08-14 23:54:28,748 [DEBUG] cnn_neat: Removed hidden node 5 (pool=11)
2026-08-14 23:54:28,767 [DEBUG] cnn_neat: Removed edge 6→2 (from 13 candidates)
2026-08-14 23:54:29,133 [DEBUG] cnn_neat: Removed 3 edges (requested 3)
2026-08-14 23:54:29,147 [DEBUG] cnn_neat: Split edge 5→6, new hidden node 17 (pool=8)
2026-08-14 23:54:29,162 [DEBUG] cnn_neat: Added edge 15→9 (from 60 candidates)
2026-08-14 23:54:29,186 [DEBUG] cnn_neat: Removed hidden node 9 (pool=11)
2026-08-14 23:54:29,189 [DEBUG] cnn_neat: Removed edge 6→2 (from 10 candidates)
2026-08-14 23:54:29,200 [DEBUG] cnn_neat: Removed 3 edges (requested 3)
2026-08-14 23:54:29,205 [DEBUG] cnn_neat: Split edge 14→9, new hidden node 18 (pool=10)
2026-08-14 23:54:29,221 [DEBUG] cnn_neat: Split edge 11→14, new hidden node 17 (pool=17)
2026-08-14 23:54:29,233 [DEBUG] cnn_neat: Added edge 10→6 (from 46 candidates)
2026-08-14 23:54:29,292 [DEBUG] cnn_neat: Removed hidden node 5 (pool=10)
2026-08-14 23:54:29,726 [DEBUG] cnn_neat: Removed edge 12→9 (from 17 candidates)
2026-08-14 23:54:29,738 [DEBUG] cnn_neat: Split edge 2→1, new hidden node 18 (pool=11)
2026-08-14 23:54:29,746 [DEBUG] cnn_neat: Added edge 17→11 (from 57 candidates)
2026-08-14 23:54:29,762 [DEBUG] cnn_neat: Removed hidden node 7 (pool=11)
2026-08-14 23:54:29,769 [DEBUG] cnn_neat: Removed edge 15→7 (from 14 candidates)
2026-08-14 23:54:29,780 [DEBUG] cnn_neat: Removed 3 edges (requested 3)
2026-08-14 23:54:29,789 [DEBUG] cnn_neat: Split edge 10→15, new hidden node 19 (pool=14)
2026-08-14 23:54:29,802 [DEBUG] cnn_neat: Split edge 6→7, new hidden node 16 (pool=15)
2026-08-14 23:54:29,809 [DEBUG] cnn_neat: Added edge 14→3 (from 51 candidates)
2026-08-14 23:54:29,822 [DEBUG] cnn_neat: Removed hidden node 3 (pool=10)
2026-08-14 23:54:29,830 [DEBUG] cnn_neat: Removed edge 5→6 (from 16 candidates)
2026-08-14 23:54:29,844 [DEBUG] cnn_neat: Removed 3 edges (requested 3)
2026-08-14 23:54:29,852 [DEBUG] cnn_neat: Split edge 5→6, new hidden node 17 (pool=12)
2026-08-14 23:54:29,865 [DEBUG] cnn_neat: Split edge 9→6, new hidden node 17 (pool=11)
2026-08-14 23:54:29,874 [DEBUG] cnn_neat: Added edge 12→6 (from 52 candidates)
2026-08-14 23:54:29,888 [DEBUG] cnn_neat: Removed hidden node 5 (pool=11)
2026-08-14 23:54:29,895 [DEBUG] cnn_neat: Removed edge 9→6 (from 15 candidates)
2026-08-14 23:54:29,907 [DEBUG] cnn_neat: Removed 3 edges (requested 3)
2026-08-14 23:54:29,914 [DEBUG] cnn_neat: Split edge 6→7, new hidden node 18 (pool=7)
2026-08-14 23:54:29,925 [DEBUG] cnn_neat: Split edge 11→10, new hidden node 15 (pool=18)
2026-08-14 23:54:29,934 [DEBUG] cnn_neat: Added edge 12→11 (from 41 candidates)
2026-08-14 23:54:29,946 [DEBUG] cnn_neat: Removed hidden node 12 (pool=9)
2026-08-14 23:54:29,953 [DEBUG] cnn_neat: Removed edge 11→10 (from 18 candidates)
2026-08-14 23:54:29,966 [DEBUG] cnn_neat: Removed 3 edges (requested 3)
2026-08-14 23:54:29,973 [DEBUG] cnn_neat: Split edge 2→1, new hidden node 16 (pool=17)
2026-08-14 23:54:29,981 [DEBUG] cnn_neat: Split edge 14→7, new hidden node 15 (pool=18)
2026-08-14 23:54:29,994 [DEBUG] cnn_neat: Split edge 6→7, new hidden node 18 (pool=11)
2026-08-14 23:54:30,001 [DEBUG] cnn_neat: Added edge 16→7 (from 55 candidates)
2026-08-14 23:54:30,014 [DEBUG] cnn_neat: Removed hidden node 16 (pool=11)
2026-08-14 23:54:30,017 [DEBUG] cnn_neat: Saved generation 33
2026-08-14 23:54:30,115 [DEBUG] cnn_neat: Selected 25 elite individuals
2026-08-14 23:54:30,132 [DEBUG] cnn_neat: Removed edge 0→5 (from 15 candidates)
2026-08-14 23:54:30,241 [DEBUG] cnn_neat: Removed 3 edges (requested 3)
2026-08-14 23:54:30,267 [DEBUG] cnn_neat: Split edge 5→6, new hidden node 19 (pool=9)
2026-08-14 23:54:30,296 [DEBUG] cnn_neat: Split edge 0→5, new hidden node 19 (pool=7)
2026-08-14 23:54:30,313 [DEBUG] cnn_neat: Added edge 12→1 (from 70 candidates)
2026-08-14 23:54:30,343 [DEBUG] cnn_neat: Removed hidden node 17 (pool=12)
2026-08-14 23:54:30,354 [DEBUG] cnn_neat: Removed edge 17→10 (from 12 candidates)
2026-08-14 23:54:30,376 [DEBUG] cnn_neat: Removed 3 edges (requested 3)
2026-08-14 23:54:30,387 [DEBUG] cnn_neat: Split edge 0→19, new hidden node 20 (pool=15)
2026-08-14 23:54:30,404 [DEBUG] cnn_neat: Split edge 11→14, new hidden node 17 (pool=16)
2026-08-14 23:54:30,414 [DEBUG] cnn_neat: Added edge 14→2 (from 50 candidates)
2026-08-14 23:54:30,429 [DEBUG] cnn_neat: Removed hidden node 11 (pool=11)
2026-08-14 23:54:30,439 [DEBUG] cnn_neat: Removed edge 5→16 (from 19 candidates)
2026-08-14 23:54:30,451 [DEBUG] cnn_neat: Trimmed elite queue to 128 entries
2026-08-14 23:54:31,180 [DEBUG] cnn_neat: Split edge 0→11, new hidden node 17 (pool=10)
2026-08-14 23:54:31,188 [DEBUG] cnn_neat: Removed 3 edges (requested 3)
2026-08-14 23:54:31,190 [DEBUG] cnn_neat: Added edge 5→10 (from 40 candidates)
2026-08-14 23:54:31,199 [DEBUG] cnn_neat: Removed hidden node 11 (pool=9)
2026-08-14 23:54:31,203 [DEBUG] cnn_neat: Removed edge 11→14 (from 10 candidates)
2026-08-14 23:54:31,209 [DEBUG] cnn_neat: Removed 3 edges (requested 3)
2026-08-14 23:54:31,215 [DEBUG] cnn_neat: Crossover rejected: union topology invalid (edges=34 nodes=24)
2026-08-14 23:54:31,218 [DEBUG] cnn_neat: Split edge 7→2, new hidden node 17 (pool=10)
2026-08-14 23:54:31,223 [DEBUG] cnn_neat: Added edge 10→1 (from 40 candidates)
2026-08-14 23:54:31,228 [DEBUG] cnn_neat: Added edge 16→6 (from 38 candidates)
2026-08-14 23:54:31,232 [DEBUG] cnn_neat: Added edge 14→2 (from 36 candidates)
2026-08-14 23:54:31,237 [DEBUG] cnn_neat: Added edge 9→1 (from 34 candidates)
2026-08-14 23:54:31,241 [DEBUG] cnn_neat: Added edge 11→15 (from 31 candidates)
2026-08-14 23:54:31,246 [DEBUG] cnn_neat: Split edge 7→2, new hidden node 16 (pool=9)
2026-08-14 23:54:31,251 [DEBUG] cnn_neat: Added edge 7→1 (from 43 candidates)
2026-08-14 23:54:31,259 [DEBUG] cnn_neat: Removed hidden node 7 (pool=9)
2026-08-14 23:54:31,262 [DEBUG] cnn_neat: Removed edge 15→7 (from 9 candidates)
2026-08-14 23:54:31,269 [DEBUG] cnn_neat: Removed 3 edges (requested 3)
2026-08-14 23:54:31,273 [DEBUG] cnn_neat: Crossover rejected: union topology invalid (edges=30 nodes=22)
2026-08-14 23:54:31,277 [DEBUG] cnn_neat: Split edge 6→7, new hidden node 16 (pool=9)
2026-08-14 23:54:31,281 [DEBUG] cnn_neat: Added edge 10→9 (from 43 candidates)
2026-08-14 23:54:31,286 [DEBUG] cnn_neat: Added edge 14→5 (from 39 candidates)
2026-08-14 23:54:31,290 [DEBUG] cnn_neat: Added edge 7→1 (from 38 candidates)
2026-08-14 23:54:31,295 [DEBUG] cnn_neat: Added edge 9→15 (from 34 candidates)
2026-08-14 23:54:31,299 [DEBUG] cnn_neat: Added edge 3→1 (from 32 candidates)
2026-08-14 23:54:31,303 [DEBUG] cnn_neat: Split edge 6→2, new hidden node 17 (pool=10)
2026-08-14 23:54:31,309 [DEBUG] cnn_neat: Added edge 11→16 (from 62 candidates)
2026-08-14 23:54:31,315 [DEBUG] cnn_neat: Removed hidden node 15 (pool=10)
2026-08-14 23:54:31,319 [DEBUG] cnn_neat: Removed edge 12→3 (from 8 candidates)
2026-08-14 23:54:31,325 [DEBUG] cnn_neat: Removed 3 edges (requested 3)
2026-08-14 23:54:31,330 [DEBUG] cnn_neat: Crossover rejected: union topology invalid (edges=39 nodes=26)
2026-08-14 23:54:31,334 [DEBUG] cnn_neat: Split edge 11→14, new hidden node 17 (pool=10)
2026-08-14 23:54:31,339 [DEBUG] cnn_neat: Added edge 3→14 (from 62 candidates)
2026-08-14 23:54:31,344 [DEBUG] cnn_neat: Added edge 10→1 (from 56 candidates)
2026-08-14 23:54:31,349 [DEBUG] cnn_neat: Added edge 12→6 (from 55 candidates)
2026-08-14 23:54:31,354 [DEBUG] cnn_neat: Added edge 12→15 (from 54 candidates)
2026-08-14 23:54:31,359 [DEBUG] cnn_neat: Added edge 11→9 (from 53 candidates)
2026-08-14 23:54:31,363 [DEBUG] cnn_neat: Split edge 5→6, new hidden node 16 (pool=12)
2026-08-14 23:54:31,367 [DEBUG] cnn_neat: Added edge 10→3 (from 53 candidates)
2026-08-14 23:54:31,375 [DEBUG] cnn_neat: Removed hidden node 3 (pool=10)
2026-08-14 23:54:31,378 [DEBUG] cnn_neat: Removed edge 15→7 (from 11 candidates)
2026-08-14 23:54:31,386 [DEBUG] cnn_neat: Removed 3 edges (requested 3)
2026-08-14 23:54:31,391 [DEBUG] cnn_neat: Crossover rejected: union topology invalid (edges=39 nodes=25)
2026-08-14 23:54:31,395 [DEBUG] cnn_neat: Split edge 9→5, new hidden node 16 (pool=12)
2026-08-14 23:54:31,400 [DEBUG] cnn_neat: Added edge 5→10 (from 53 candidates)
2026-08-14 23:54:31,405 [DEBUG] cnn_neat: Added edge 0→12 (from 52 candidates)
2026-08-14 23:54:31,410 [DEBUG] cnn_neat: Added edge 14→7 (from 44 candidates)
2026-08-14 23:54:31,416 [DEBUG] cnn_neat: Added edge 3→1 (from 42 candidates)
2026-08-14 23:54:31,421 [DEBUG] cnn_neat: Added edge 15→6 (from 40 candidates)
2026-08-14 23:54:31,425 [DEBUG] cnn_neat: Split edge 12→5, new hidden node 17 (pool=14)
2026-08-14 23:54:31,430 [DEBUG] cnn_neat: Added edge 12→14 (from 49 candidates)
2026-08-14 23:54:31,440 [DEBUG] cnn_neat: Removed hidden node 12 (pool=10)
2026-08-14 23:54:31,443 [DEBUG] cnn_neat: Removed edge 12→5 (from 11 candidates)
2026-08-14 23:54:31,451 [DEBUG] cnn_neat: Removed 3 edges (requested 3)
2026-08-14 23:54:31,456 [DEBUG] cnn_neat: Crossover rejected: union topology invalid (edges=37 nodes=23)
2026-08-14 23:54:31,460 [DEBUG] cnn_neat: Split edge 0→11, new hidden node 17 (pool=14)
2026-08-14 23:54:31,464 [DEBUG] cnn_neat: Added edge 0→15 (from 49 candidates)
2026-08-14 23:54:31,469 [DEBUG] cnn_neat: Added edge 16→6 (from 45 candidates)
2026-08-14 23:54:31,473 [DEBUG] cnn_neat: Added edge 14→1 (from 43 candidates)
2026-08-14 23:54:31,480 [DEBUG] cnn_neat: Added edge 7→1 (from 42 candidates)
2026-08-14 23:54:31,484 [DEBUG] cnn_neat: Added edge 14→7 (from 41 candidates)
2026-08-14 23:54:31,488 [DEBUG] cnn_neat: Split edge 0→5, new hidden node 17 (pool=16)
2026-08-14 23:54:31,493 [DEBUG] cnn_neat: Added edge 12→1 (from 52 candidates)
2026-08-14 23:54:31,502 [DEBUG] cnn_neat: Removed hidden node 10 (pool=10)
2026-08-14 23:54:31,505 [DEBUG] cnn_neat: Removed edge 12→9 (from 13 candidates)
2026-08-14 23:54:31,512 [DEBUG] cnn_neat: Removed 3 edges (requested 3)
2026-08-14 23:54:31,517 [DEBUG] cnn_neat: Crossover rejected: union topology invalid (edges=37 nodes=25)
2026-08-14 23:54:31,521 [DEBUG] cnn_neat: Split edge 5→10, new hidden node 17 (pool=16)
2026-08-14 23:54:31,526 [DEBUG] cnn_neat: Added edge 9→6 (from 52 candidates)
2026-08-14 23:54:31,530 [DEBUG] cnn_neat: Added edge 16→3 (from 51 candidates)
2026-08-14 23:54:31,534 [DEBUG] cnn_neat: Added edge 12→14 (from 49 candidates)
2026-08-14 23:54:31,539 [DEBUG] cnn_neat: Added edge 11→10 (from 48 candidates)
2026-08-14 23:54:31,544 [DEBUG] cnn_neat: Added edge 5→16 (from 47 candidates)
2026-08-14 23:54:31,547 [DEBUG] cnn_neat: Split edge 12→10, new hidden node 16 (pool=12)
2026-08-14 23:54:31,552 [DEBUG] cnn_neat: Added edge 12→1 (from 51 candidates)
2026-08-14 23:54:31,563 [DEBUG] cnn_neat: Removed hidden node 9 (pool=10)
2026-08-14 23:54:31,567 [DEBUG] cnn_neat: Removed edge 14→9 (from 11 candidates)
2026-08-14 23:54:31,572 [DEBUG] cnn_neat: Removed 3 edges (requested 3)
2026-08-14 23:54:31,577 [DEBUG] cnn_neat: Crossover rejected: union topology invalid (edges=38 nodes=24)
2026-08-14 23:54:31,581 [DEBUG] cnn_neat: Split edge 12→7, new hidden node 16 (pool=12)
2026-08-14 23:54:31,586 [DEBUG] cnn_neat: Added edge 11→6 (from 51 candidates)
2026-08-14 23:54:31,590 [DEBUG] cnn_neat: Added edge 15→9 (from 50 candidates)
2026-08-14 23:54:31,595 [DEBUG] cnn_neat: Added edge 14→2 (from 44 candidates)
2026-08-14 23:54:31,599 [DEBUG] cnn_neat: Added edge 9→2 (from 43 candidates)
2026-08-14 23:54:31,604 [DEBUG] cnn_neat: Added edge 12→11 (from 41 candidates)
2026-08-14 23:54:31,608 [DEBUG] cnn_neat: Split edge 2→1, new hidden node 17 (pool=10)
2026-08-14 23:54:31,613 [DEBUG] cnn_neat: Added edge 15→2 (from 61 candidates)
2026-08-14 23:54:31,630 [DEBUG] cnn_neat: Removed hidden node 9 (pool=10)
2026-08-14 23:54:31,634 [DEBUG] cnn_neat: Removed edge 9→5 (from 9 candidates)
2026-08-14 23:54:31,641 [DEBUG] cnn_neat: Removed 3 edges (requested 3)
2026-08-14 23:54:31,643 [DEBUG] cnn_neat: Split edge 9→5, new hidden node 17 (pool=12)
2026-08-14 23:54:31,648 [DEBUG] cnn_neat: Crossover rejected: union topology invalid (edges=38 nodes=25)
2026-08-14 23:54:31,652 [DEBUG] cnn_neat: Split edge 2→1, new hidden node 17 (pool=10)
2026-08-14 23:54:31,658 [DEBUG] cnn_neat: Added edge 15→3 (from 72 candidates)
2026-08-14 23:54:31,663 [DEBUG] cnn_neat: Added edge 10→1 (from 61 candidates)
2026-08-14 23:54:31,668 [DEBUG] cnn_neat: Added edge 14→10 (from 60 candidates)
2026-08-14 23:54:31,673 [DEBUG] cnn_neat: Added edge 12→6 (from 59 candidates)
2026-08-14 23:54:31,679 [DEBUG] cnn_neat: Added edge 3→1 (from 58 candidates)
2026-08-14 23:54:31,684 [DEBUG] cnn_neat: Added edge 14→16 (from 54 candidates)
2026-08-14 23:54:31,688 [DEBUG] cnn_neat: Split edge 12→5, new hidden node 16 (pool=13)
2026-08-14 23:54:31,692 [DEBUG] cnn_neat: Added edge 7→3 (from 51 candidates)
2026-08-14 23:54:31,700 [DEBUG] cnn_neat: Removed hidden node 3 (pool=10)
2026-08-14 23:54:31,703 [DEBUG] cnn_neat: Removed edge 7→2 (from 12 candidates)
2026-08-14 23:54:31,867 [DEBUG] cnn_neat: Split edge 9→5, new hidden node 17 (pool=11)
2026-08-14 23:54:32,023 [DEBUG] cnn_neat: Added edge 11→15 (from 59 candidates)
2026-08-14 23:54:32,074 [DEBUG] cnn_neat: Removed hidden node 9 (pool=11)
2026-08-14 23:54:32,085 [DEBUG] cnn_neat: Removed edge 9→6 (from 14 candidates)
2026-08-14 23:54:32,105 [DEBUG] cnn_neat: Removed 3 edges (requested 3)
2026-08-14 23:54:32,123 [DEBUG] cnn_neat: Split edge 5→6, new hidden node 18 (pool=7)
2026-08-14 23:54:32,140 [DEBUG] cnn_neat: Split edge 2→1, new hidden node 15 (pool=19)
2026-08-14 23:54:32,152 [DEBUG] cnn_neat: Added edge 3→2 (from 38 candidates)
2026-08-14 23:54:32,720 [DEBUG] cnn_neat: Removed hidden node 3 (pool=9)
2026-08-14 23:54:32,765 [DEBUG] cnn_neat: Split edge 7→2, new hidden node 17 (pool=10)
2026-08-14 23:54:32,799 [DEBUG] cnn_neat: Added edge 3→5 (from 62 candidates)
2026-08-14 23:54:32,887 [DEBUG] cnn_neat: Removed hidden node 9 (pool=10)
2026-08-14 23:54:32,916 [DEBUG] cnn_neat: Removed edge 6→2 (from 8 candidates)
2026-08-14 23:54:32,981 [DEBUG] cnn_neat: Removed 3 edges (requested 3)
2026-08-14 23:54:33,011 [DEBUG] cnn_neat: Split edge 14→9, new hidden node 18 (pool=8)
2026-08-14 23:54:33,018 [DEBUG] cnn_neat: Split edge 14→9, new hidden node 17 (pool=10)
2026-08-14 23:54:33,043 [DEBUG] cnn_neat: Split edge 12→5, new hidden node 16 (pool=14)
2026-08-14 23:54:33,051 [DEBUG] cnn_neat: Added edge 9→7 (from 49 candidates)
2026-08-14 23:54:33,072 [DEBUG] cnn_neat: Removed hidden node 10 (pool=10)
2026-08-14 23:54:33,079 [DEBUG] cnn_neat: Removed edge 12→3 (from 13 candidates)
2026-08-14 23:54:33,091 [DEBUG] cnn_neat: Removed 3 edges (requested 3)
2026-08-14 23:54:33,097 [DEBUG] cnn_neat: Split edge 7→2, new hidden node 16 (pool=15)
2026-08-14 23:54:33,103 [DEBUG] cnn_neat: Split edge 9→6, new hidden node 16 (pool=13)
2026-08-14 23:54:33,109 [DEBUG] cnn_neat: Split edge 6→2, new hidden node 16 (pool=6)
2026-08-14 23:54:33,122 [DEBUG] cnn_neat: Split edge 0→11, new hidden node 17 (pool=15)
2026-08-14 23:54:33,131 [DEBUG] cnn_neat: Added edge 0→16 (from 47 candidates)
2026-08-14 23:54:33,141 [DEBUG] cnn_neat: Removed hidden node 10 (pool=10)
2026-08-14 23:54:33,149 [DEBUG] cnn_neat: Removed edge 5→6 (from 16 candidates)
2026-08-14 23:54:33,162 [DEBUG] cnn_neat: Removed 3 edges (requested 3)
2026-08-14 23:54:33,170 [DEBUG] cnn_neat: Split edge 2→1, new hidden node 18 (pool=11)
2026-08-14 23:54:33,184 [DEBUG] cnn_neat: Split edge 14→9, new hidden node 15 (pool=18)
2026-08-14 23:54:33,195 [DEBUG] cnn_neat: Added edge 9→2 (from 39 candidates)
2026-08-14 23:54:33,209 [DEBUG] cnn_neat: Removed hidden node 6 (pool=9)
2026-08-14 23:54:33,217 [DEBUG] cnn_neat: Removed edge 14→9 (from 17 candidates)
2026-08-14 23:54:33,229 [DEBUG] cnn_neat: Removed 3 edges (requested 3)
2026-08-14 23:54:33,238 [DEBUG] cnn_neat: Split edge 14→7, new hidden node 16 (pool=13)
2026-08-14 23:54:33,252 [DEBUG] cnn_neat: Split edge 14→9, new hidden node 17 (pool=14)
2026-08-14 23:54:33,262 [DEBUG] cnn_neat: Added edge 15→9 (from 61 candidates)
2026-08-14 23:54:33,274 [DEBUG] cnn_neat: Removed hidden node 9 (pool=11)
2026-08-14 23:54:33,280 [DEBUG] cnn_neat: Removed edge 12→7 (from 12 candidates)
2026-08-14 23:54:33,293 [DEBUG] cnn_neat: Removed 3 edges (requested 3)
2026-08-14 23:54:33,301 [DEBUG] cnn_neat: Split edge 5→6, new hidden node 18 (pool=9)
2026-08-14 23:54:33,309 [DEBUG] cnn_neat: Split edge 6→7, new hidden node 17 (pool=14)
2026-08-14 23:54:33,321 [DEBUG] cnn_neat: Split edge 9→5, new hidden node 17 (pool=9)
2026-08-14 23:54:33,329 [DEBUG] cnn_neat: Added edge 9→3 (from 59 candidates)
2026-08-14 23:54:33,349 [DEBUG] cnn_neat: Removed hidden node 12 (pool=11)
2026-08-14 23:54:33,355 [DEBUG] cnn_neat: Removed edge 12→16 (from 11 candidates)
2026-08-14 23:54:33,368 [DEBUG] cnn_neat: Removed 3 edges (requested 3)
2026-08-14 23:54:33,376 [DEBUG] cnn_neat: Split edge 7→2, new hidden node 18 (pool=7)
2026-08-14 23:54:33,388 [DEBUG] cnn_neat: Split edge 11→14, new hidden node 18 (pool=11)
2026-08-14 23:54:33,399 [DEBUG] cnn_neat: Added edge 17→5 (from 56 candidates)
2026-08-14 23:54:33,414 [DEBUG] cnn_neat: Removed hidden node 15 (pool=11)
2026-08-14 23:54:33,423 [DEBUG] cnn_neat: Removed edge 5→6 (from 14 candidates)
2026-08-14 23:54:33,439 [DEBUG] cnn_neat: Removed 3 edges (requested 3)
2026-08-14 23:54:33,448 [DEBUG] cnn_neat: Split edge 11→14, new hidden node 18 (pool=11)
2026-08-14 23:54:33,455 [DEBUG] cnn_neat: Split edge 5→6, new hidden node 18 (pool=11)
2026-08-14 23:54:33,556 [DEBUG] cnn_neat: Split edge 9→6, new hidden node 17 (pool=11)
2026-08-14 23:54:33,578 [DEBUG] cnn_neat: Added edge 3→15 (from 58 candidates)
2026-08-14 23:54:33,616 [DEBUG] cnn_neat: Removed hidden node 5 (pool=11)
2026-08-14 23:54:33,635 [DEBUG] cnn_neat: Removed edge 9→5 (from 15 candidates)
2026-08-14 23:54:33,667 [DEBUG] cnn_neat: Removed 3 edges (requested 3)
2026-08-14 23:54:33,685 [DEBUG] cnn_neat: Split edge 0→5, new hidden node 18 (pool=7)
2026-08-14 23:54:33,702 [DEBUG] cnn_neat: Split edge 6→2, new hidden node 17 (pool=9)
2026-08-14 23:54:33,720 [DEBUG] cnn_neat: Added edge 11→15 (from 63 candidates)
2026-08-14 23:54:34,126 [DEBUG] cnn_neat: Removed hidden node 9 (pool=11)
2026-08-14 23:54:34,142 [DEBUG] cnn_neat: Split edge 2→1, new hidden node 17 (pool=10)
2026-08-14 23:54:34,154 [DEBUG] cnn_neat: Added edge 15→1 (from 61 candidates)
2026-08-14 23:54:34,187 [DEBUG] cnn_neat: Removed hidden node 12 (pool=11)
2026-08-14 23:54:34,207 [DEBUG] cnn_neat: Removed edge 12→3 (from 9 candidates)
2026-08-14 23:54:34,238 [DEBUG] cnn_neat: Removed 3 edges (requested 3)
2026-08-14 23:54:34,255 [DEBUG] cnn_neat: Split edge 5→6, new hidden node 18 (pool=15)
2026-08-14 23:54:34,273 [DEBUG] cnn_neat: Split edge 5→6, new hidden node 17 (pool=10)
2026-08-14 23:54:34,291 [DEBUG] cnn_neat: Added edge 11→6 (from 72 candidates)
2026-08-14 23:54:34,309 [DEBUG] cnn_neat: Added edge 3→15 (from 60 candidates)
2026-08-14 23:54:34,332 [DEBUG] cnn_neat: Split edge 5→6, new hidden node 16 (pool=13)
2026-08-14 23:54:34,348 [DEBUG] cnn_neat: Added edge 15→1 (from 50 candidates)
2026-08-14 23:54:34,741 [DEBUG] cnn_neat: Removed hidden node 7 (pool=10)
2026-08-14 23:54:34,765 [DEBUG] cnn_neat: Split edge 12→10, new hidden node 17 (pool=16)
2026-08-14 23:54:34,784 [DEBUG] cnn_neat: Added edge 14→6 (from 50 candidates)
2026-08-14 23:54:34,824 [DEBUG] cnn_neat: Removed hidden node 5 (pool=11)
2026-08-14 23:54:34,844 [DEBUG] cnn_neat: Removed edge 12→10 (from 19 candidates)
2026-08-14 23:54:34,866 [DEBUG] cnn_neat: Removed 3 edges (requested 3)
2026-08-14 23:54:34,874 [DEBUG] cnn_neat: Split edge 9→5, new hidden node 18 (pool=10)
2026-08-14 23:54:34,887 [DEBUG] cnn_neat: Split edge 6→7, new hidden node 17 (pool=16)
2026-08-14 23:54:34,918 [DEBUG] cnn_neat: Split edge 11→14, new hidden node 18 (pool=12)
2026-08-14 23:54:34,941 [DEBUG] cnn_neat: Added edge 17→2 (from 58 candidates)
2026-08-14 23:54:35,389 [DEBUG] cnn_neat: Removed hidden node 9 (pool=12)
2026-08-14 23:54:35,410 [DEBUG] cnn_neat: Split edge 6→7, new hidden node 17 (pool=10)
2026-08-14 23:54:35,427 [DEBUG] cnn_neat: Added edge 11→16 (from 40 candidates)
2026-08-14 23:54:35,458 [DEBUG] cnn_neat: Removed hidden node 9 (pool=9)
2026-08-14 23:54:35,475 [DEBUG] cnn_neat: Removed edge 14→16 (from 10 candidates)
2026-08-14 23:54:35,502 [DEBUG] cnn_neat: Removed 3 edges (requested 3)
2026-08-14 23:54:35,516 [DEBUG] cnn_neat: Split edge 0→11, new hidden node 18 (pool=8)
2026-08-14 23:54:35,539 [DEBUG] cnn_neat: Split edge 6→7, new hidden node 16 (pool=9)
2026-08-14 23:54:35,546 [DEBUG] cnn_neat: Added edge 9→2 (from 43 candidates)
2026-08-14 23:54:35,922 [DEBUG] cnn_neat: Removed hidden node 10 (pool=9)
2026-08-14 23:54:35,945 [DEBUG] cnn_neat: Split edge 5→6, new hidden node 17 (pool=10)
2026-08-14 23:54:35,957 [DEBUG] cnn_neat: Added edge 9→1 (from 62 candidates)
2026-08-14 23:54:35,994 [DEBUG] cnn_neat: Removed hidden node 7 (pool=10)
2026-08-14 23:54:36,046 [DEBUG] cnn_neat: Removed edge 12→3 (from 8 candidates)
2026-08-14 23:54:36,116 [DEBUG] cnn_neat: Removed 3 edges (requested 3)
2026-08-14 23:54:36,121 [DEBUG] cnn_neat: Split edge 0→11, new hidden node 18 (pool=15)
2026-08-14 23:54:36,573 [DEBUG] cnn_neat: Split edge 5→6, new hidden node 17 (pool=10)
2026-08-14 23:54:36,584 [DEBUG] cnn_neat: Split edge 9→5, new hidden node 16 (pool=12)
2026-08-14 23:54:36,592 [DEBUG] cnn_neat: Added edge 9→10 (from 53 candidates)
2026-08-14 23:54:36,605 [DEBUG] cnn_neat: Removed hidden node 7 (pool=10)
2026-08-14 23:54:36,610 [DEBUG] cnn_neat: Removed edge 12→10 (from 11 candidates)
2026-08-14 23:54:36,622 [DEBUG] cnn_neat: Removed 3 edges (requested 3)
2026-08-14 23:54:36,628 [DEBUG] cnn_neat: Split edge 14→9, new hidden node 16 (pool=13)
2026-08-14 23:54:36,633 [DEBUG] cnn_neat: Split edge 14→9, new hidden node 16 (pool=10)
2026-08-14 23:54:36,643 [DEBUG] cnn_neat: Split edge 9→6, new hidden node 17 (pool=14)
2026-08-14 23:54:36,650 [DEBUG] cnn_neat: Added edge 0→9 (from 49 candidates)
2026-08-14 23:54:36,664 [DEBUG] cnn_neat: Removed hidden node 15 (pool=10)
2026-08-14 23:54:36,671 [DEBUG] cnn_neat: Removed edge 6→2 (from 11 candidates)
2026-08-14 23:54:36,687 [DEBUG] cnn_neat: Removed 3 edges (requested 3)
2026-08-14 23:54:36,694 [DEBUG] cnn_neat: Split edge 6→7, new hidden node 18 (pool=10)
2026-08-14 23:54:36,704 [DEBUG] cnn_neat: Split edge 0→11, new hidden node 17 (pool=16)
2026-08-14 23:54:36,711 [DEBUG] cnn_neat: Added edge 11→16 (from 52 candidates)
2026-08-14 23:54:36,721 [DEBUG] cnn_neat: Removed hidden node 14 (pool=10)
2026-08-14 23:54:36,726 [DEBUG] cnn_neat: Removed edge 6→2 (from 13 candidates)
2026-08-14 23:54:36,736 [DEBUG] cnn_neat: Removed 3 edges (requested 3)
2026-08-14 23:54:36,742 [DEBUG] cnn_neat: Split edge 10→16, new hidden node 18 (pool=13)
2026-08-14 23:54:36,752 [DEBUG] cnn_neat: Split edge 12→7, new hidden node 16 (pool=12)
2026-08-14 23:54:36,758 [DEBUG] cnn_neat: Added edge 7→1 (from 51 candidates)
2026-08-14 23:54:36,767 [DEBUG] cnn_neat: Removed hidden node 7 (pool=10)
2026-08-14 23:54:36,772 [DEBUG] cnn_neat: Removed edge 14→9 (from 11 candidates)
2026-08-14 23:54:36,784 [DEBUG] cnn_neat: Removed 3 edges (requested 3)
2026-08-14 23:54:36,790 [DEBUG] cnn_neat: Split edge 7→2, new hidden node 16 (pool=12)
2026-08-14 23:54:36,794 [DEBUG] cnn_neat: Split edge 9→5, new hidden node 16 (pool=9)
2026-08-14 23:54:36,799 [DEBUG] cnn_neat: Split edge 14→9, new hidden node 16 (pool=8)
2026-08-14 23:54:36,812 [DEBUG] cnn_neat: Split edge 0→5, new hidden node 17 (pool=10)
2026-08-14 23:54:36,820 [DEBUG] cnn_neat: Added edge 11→7 (from 61 candidates)
2026-08-14 23:54:36,836 [DEBUG] cnn_neat: Removed hidden node 3 (pool=10)
2026-08-14 23:54:36,842 [DEBUG] cnn_neat: Removed edge 6→2 (from 9 candidates)
2026-08-14 23:54:36,854 [DEBUG] cnn_neat: Removed 3 edges (requested 3)
2026-08-14 23:54:36,861 [DEBUG] cnn_neat: Split edge 2→1, new hidden node 18 (pool=9)
2026-08-14 23:54:36,874 [DEBUG] cnn_neat: Saved generation 34
2026-08-14 23:54:36,874 [DEBUG] cnn_neat: Split edge 9→6, new hidden node 16 (pool=13)
2026-08-14 23:54:36,969 [DEBUG] cnn_neat: Selected 25 elite individuals
2026-08-14 23:54:36,987 [DEBUG] cnn_neat: Added edge 9→10 (from 51 candidates)
2026-08-14 23:54:37,096 [DEBUG] cnn_neat: Removed hidden node 3 (pool=10)
2026-08-14 23:54:37,123 [DEBUG] cnn_neat: Removed edge 12→7 (from 12 candidates)
2026-08-14 23:54:37,151 [DEBUG] cnn_neat: Removed 3 edges (requested 3)
2026-08-14 23:54:37,171 [DEBUG] cnn_neat: Split edge 7→2, new hidden node 17 (pool=11)
2026-08-14 23:54:37,181 [DEBUG] cnn_neat: Split edge 9→6, new hidden node 16 (pool=14)
2026-08-14 23:54:37,190 [DEBUG] cnn_neat: Split edge 14→9, new hidden node 16 (pool=11)
2026-08-14 23:54:37,207 [DEBUG] cnn_neat: Split edge 9→6, new hidden node 15 (pool=19)
2026-08-14 23:54:37,218 [DEBUG] cnn_neat: Added edge 12→2 (from 42 candidates)
2026-08-14 23:54:37,237 [DEBUG] cnn_neat: Removed hidden node 5 (pool=9)
2026-08-14 23:54:37,247 [DEBUG] cnn_neat: Removed edge 9→6 (from 16 candidates)
2026-08-14 23:54:37,266 [DEBUG] cnn_neat: Removed 3 edges (requested 3)
2026-08-14 23:54:37,275 [DEBUG] cnn_neat: Trimmed elite queue to 128 entries
2026-08-14 23:54:38,058 [DEBUG] cnn_neat: Split edge 0→5, new hidden node 16 (pool=15)
2026-08-14 23:54:38,062 [DEBUG] cnn_neat: Split edge 6→2, new hidden node 17 (pool=11)
2026-08-14 23:54:38,067 [DEBUG] cnn_neat: Added edge 16→2 (from 40 candidates)
2026-08-14 23:54:38,073 [DEBUG] cnn_neat: Removed hidden node 15 (pool=9)
2026-08-14 23:54:38,077 [DEBUG] cnn_neat: Removed edge 5→6 (from 11 candidates)
2026-08-14 23:54:38,083 [DEBUG] cnn_neat: Removed 3 edges (requested 3)
2026-08-14 23:54:38,087 [DEBUG] cnn_neat: Crossover rejected: union topology invalid (edges=36 nodes=22)
2026-08-14 23:54:38,091 [DEBUG] cnn_neat: Split edge 5→6, new hidden node 17 (pool=11)
2026-08-14 23:54:38,095 [DEBUG] cnn_neat: Added edge 5→15 (from 40 candidates)
2026-08-14 23:54:38,100 [DEBUG] cnn_neat: Added edge 15→1 (from 40 candidates)
2026-08-14 23:54:38,105 [DEBUG] cnn_neat: Added edge 11→5 (from 38 candidates)
2026-08-14 23:54:38,110 [DEBUG] cnn_neat: Added edge 16→6 (from 37 candidates)
2026-08-14 23:54:38,114 [DEBUG] cnn_neat: Added edge 16→1 (from 35 candidates)
2026-08-14 23:54:38,118 [DEBUG] cnn_neat: Split edge 7→2, new hidden node 17 (pool=13)
2026-08-14 23:54:38,123 [DEBUG] cnn_neat: Added edge 11→6 (from 39 candidates)
2026-08-14 23:54:38,130 [DEBUG] cnn_neat: Removed hidden node 11 (pool=9)
2026-08-14 23:54:38,134 [DEBUG] cnn_neat: Removed edge 0→11 (from 13 candidates)
2026-08-14 23:54:38,140 [DEBUG] cnn_neat: Removed 3 edges (requested 3)
2026-08-14 23:54:38,145 [DEBUG] cnn_neat: Crossover rejected: union topology invalid (edges=33 nodes=23)
2026-08-14 23:54:38,150 [DEBUG] cnn_neat: Split edge 6→2, new hidden node 17 (pool=13)
2026-08-14 23:54:38,155 [DEBUG] cnn_neat: Added edge 16→2 (from 39 candidates)
2026-08-14 23:54:38,159 [DEBUG] cnn_neat: Added edge 11→16 (from 38 candidates)
2026-08-14 23:54:38,164 [DEBUG] cnn_neat: Added edge 15→1 (from 37 candidates)
2026-08-14 23:54:38,169 [DEBUG] cnn_neat: Added edge 9→10 (from 36 candidates)
2026-08-14 23:54:38,174 [DEBUG] cnn_neat: Added edge 11→6 (from 35 candidates)
2026-08-14 23:54:38,177 [DEBUG] cnn_neat: Split edge 9→6, new hidden node 16 (pool=11)
2026-08-14 23:54:38,182 [DEBUG] cnn_neat: Added edge 9→1 (from 46 candidates)
2026-08-14 23:54:38,187 [DEBUG] cnn_neat: Removed hidden node 7 (pool=9)
2026-08-14 23:54:38,192 [DEBUG] cnn_neat: Removed edge 0→5 (from 11 candidates)
2026-08-14 23:54:38,199 [DEBUG] cnn_neat: Removed 3 edges (requested 3)
2026-08-14 23:54:38,203 [DEBUG] cnn_neat: Crossover rejected: union topology invalid (edges=37 nodes=24)
2026-08-14 23:54:38,207 [DEBUG] cnn_neat: Split edge 6→7, new hidden node 16 (pool=11)
2026-08-14 23:54:38,211 [DEBUG] cnn_neat: Added edge 14→6 (from 46 candidates)
2026-08-14 23:54:38,215 [DEBUG] cnn_neat: Added edge 12→1 (from 45 candidates)
2026-08-14 23:54:38,219 [DEBUG] cnn_neat: Added edge 12→15 (from 42 candidates)
2026-08-14 23:54:38,224 [DEBUG] cnn_neat: Added edge 11→6 (from 41 candidates)
2026-08-14 23:54:38,229 [DEBUG] cnn_neat: Added edge 11→15 (from 40 candidates)
2026-08-14 23:54:38,232 [DEBUG] cnn_neat: Split edge 15→3, new hidden node 17 (pool=15)
2026-08-14 23:54:38,237 [DEBUG] cnn_neat: Added edge 10→6 (from 57 candidates)
2026-08-14 23:54:38,244 [DEBUG] cnn_neat: Removed hidden node 14 (pool=10)
2026-08-14 23:54:38,248 [DEBUG] cnn_neat: Removed edge 2→3 (from 12 candidates)
2026-08-14 23:54:38,254 [DEBUG] cnn_neat: Removed 3 edges (requested 3)
2026-08-14 23:54:38,259 [DEBUG] cnn_neat: Crossover rejected: union topology invalid (edges=33 nodes=23)
2026-08-14 23:54:38,263 [DEBUG] cnn_neat: Split edge 11→14, new hidden node 17 (pool=15)
2026-08-14 23:54:38,268 [DEBUG] cnn_neat: Added edge 11→6 (from 57 candidates)
2026-08-14 23:54:38,272 [DEBUG] cnn_neat: Added edge 7→1 (from 56 candidates)
2026-08-14 23:54:38,277 [DEBUG] cnn_neat: Added edge 15→6 (from 51 candidates)
2026-08-14 23:54:38,282 [DEBUG] cnn_neat: Added edge 9→1 (from 48 candidates)
2026-08-14 23:54:38,288 [DEBUG] cnn_neat: Added edge 16→6 (from 44 candidates)
2026-08-14 23:54:38,292 [DEBUG] cnn_neat: Split edge 11→14, new hidden node 17 (pool=13)
2026-08-14 23:54:38,296 [DEBUG] cnn_neat: Added edge 14→6 (from 50 candidates)
2026-08-14 23:54:38,302 [DEBUG] cnn_neat: Removed hidden node 9 (pool=9)
2026-08-14 23:54:38,305 [DEBUG] cnn_neat: Removed edge 6→2 (from 9 candidates)
2026-08-14 23:54:38,312 [DEBUG] cnn_neat: Removed 3 edges (requested 3)
2026-08-14 23:54:38,317 [DEBUG] cnn_neat: Crossover rejected: union topology invalid (edges=35 nodes=25)
2026-08-14 23:54:38,320 [DEBUG] cnn_neat: Split edge 14→9, new hidden node 17 (pool=13)
2026-08-14 23:54:38,325 [DEBUG] cnn_neat: Added edge 12→15 (from 50 candidates)
2026-08-14 23:54:38,330 [DEBUG] cnn_neat: Added edge 7→1 (from 48 candidates)
2026-08-14 23:54:38,335 [DEBUG] cnn_neat: Added edge 14→10 (from 45 candidates)
2026-08-14 23:54:38,340 [DEBUG] cnn_neat: Added edge 12→14 (from 44 candidates)
2026-08-14 23:54:38,345 [DEBUG] cnn_neat: Added edge 11→6 (from 43 candidates)
2026-08-14 23:54:38,348 [DEBUG] cnn_neat: Split edge 12→5, new hidden node 17 (pool=13)
2026-08-14 23:54:38,353 [DEBUG] cnn_neat: Added edge 12→7 (from 50 candidates)
2026-08-14 23:54:38,360 [DEBUG] cnn_neat: Removed hidden node 12 (pool=9)
2026-08-14 23:54:38,364 [DEBUG] cnn_neat: Removed edge 15→7 (from 9 candidates)
2026-08-14 23:54:38,370 [DEBUG] cnn_neat: Removed 3 edges (requested 3)
2026-08-14 23:54:38,375 [DEBUG] cnn_neat: Crossover rejected: union topology invalid (edges=34 nodes=24)
2026-08-14 23:54:38,379 [DEBUG] cnn_neat: Split edge 5→6, new hidden node 17 (pool=13)
2026-08-14 23:54:38,384 [DEBUG] cnn_neat: Added edge 10→2 (from 50 candidates)
2026-08-14 23:54:38,389 [DEBUG] cnn_neat: Added edge 14→10 (from 48 candidates)
2026-08-14 23:54:38,393 [DEBUG] cnn_neat: Added edge 16→2 (from 47 candidates)
2026-08-14 23:54:38,398 [DEBUG] cnn_neat: Added edge 14→2 (from 46 candidates)
2026-08-14 23:54:38,403 [DEBUG] cnn_neat: Added edge 9→7 (from 44 candidates)
2026-08-14 23:54:38,407 [DEBUG] cnn_neat: Split edge 7→2, new hidden node 17 (pool=13)
2026-08-14 23:54:38,413 [DEBUG] cnn_neat: Added edge 6→10 (from 50 candidates)
2026-08-14 23:54:38,419 [DEBUG] cnn_neat: Removed hidden node 7 (pool=10)
2026-08-14 23:54:38,423 [DEBUG] cnn_neat: Removed edge 9→6 (from 10 candidates)
2026-08-14 23:54:38,429 [DEBUG] cnn_neat: Removed 3 edges (requested 3)
2026-08-14 23:54:38,433 [DEBUG] cnn_neat: Split edge 5→6, new hidden node 17 (pool=14)
2026-08-14 23:54:38,438 [DEBUG] cnn_neat: Crossover rejected: union topology invalid (edges=36 nodes=24)
2026-08-14 23:54:38,441 [DEBUG] cnn_neat: Split edge 2→1, new hidden node 17 (pool=13)
2026-08-14 23:54:38,446 [DEBUG] cnn_neat: Added edge 16→6 (from 50 candidates)
2026-08-14 23:54:38,452 [DEBUG] cnn_neat: Added edge 9→10 (from 48 candidates)
2026-08-14 23:54:38,456 [DEBUG] cnn_neat: Added edge 12→10 (from 47 candidates)
2026-08-14 23:54:38,461 [DEBUG] cnn_neat: Added edge 5→10 (from 46 candidates)
2026-08-14 23:54:38,466 [DEBUG] cnn_neat: Added edge 11→10 (from 44 candidates)
2026-08-14 23:54:38,470 [DEBUG] cnn_neat: Split edge 10→16, new hidden node 17 (pool=15)
2026-08-14 23:54:38,476 [DEBUG] cnn_neat: Added edge 0→9 (from 56 candidates)
2026-08-14 23:54:38,485 [DEBUG] cnn_neat: Removed hidden node 10 (pool=10)
2026-08-14 23:54:38,488 [DEBUG] cnn_neat: Removed edge 14→9 (from 12 candidates)
2026-08-14 23:54:38,494 [DEBUG] cnn_neat: Removed 3 edges (requested 3)
2026-08-14 23:54:38,499 [DEBUG] cnn_neat: Crossover rejected: union topology invalid (edges=38 nodes=25)
2026-08-14 23:54:38,502 [DEBUG] cnn_neat: Split edge 6→2, new hidden node 17 (pool=15)
2026-08-14 23:54:38,507 [DEBUG] cnn_neat: Added edge 11→3 (from 56 candidates)
2026-08-14 23:54:38,511 [DEBUG] cnn_neat: Added edge 10→3 (from 48 candidates)
2026-08-14 23:54:38,516 [DEBUG] cnn_neat: Added edge 5→3 (from 47 candidates)
2026-08-14 23:54:38,520 [DEBUG] cnn_neat: Added edge 9→6 (from 46 candidates)
2026-08-14 23:54:38,524 [DEBUG] cnn_neat: Added edge 10→6 (from 45 candidates)
2026-08-14 23:54:38,528 [DEBUG] cnn_neat: Split edge 2→1, new hidden node 16 (pool=12)
2026-08-14 23:54:38,532 [DEBUG] cnn_neat: Added edge 12→11 (from 45 candidates)
2026-08-14 23:54:38,538 [DEBUG] cnn_neat: Removed hidden node 7 (pool=9)
2026-08-14 23:54:38,541 [DEBUG] cnn_neat: Split edge 14→9, new hidden node 16 (pool=9)
2026-08-14 23:54:38,545 [DEBUG] cnn_neat: Removed edge 12→10 (from 12 candidates)
2026-08-14 23:54:38,551 [DEBUG] cnn_neat: Removed 3 edges (requested 3)
2026-08-14 23:54:38,555 [DEBUG] cnn_neat: Crossover rejected: union topology invalid (edges=36 nodes=24)
2026-08-14 23:54:38,560 [DEBUG] cnn_neat: Split edge 12→5, new hidden node 16 (pool=12)
2026-08-14 23:54:38,722 [DEBUG] cnn_neat: Split edge 2→1, new hidden node 17 (pool=11)
2026-08-14 23:54:38,875 [DEBUG] cnn_neat: Added edge 5→15 (from 59 candidates)
2026-08-14 23:54:38,894 [DEBUG] cnn_neat: Removed hidden node 15 (pool=11)
2026-08-14 23:54:38,904 [DEBUG] cnn_neat: Removed edge 12→10 (from 14 candidates)
2026-08-14 23:54:38,921 [DEBUG] cnn_neat: Removed 3 edges (requested 3)
2026-08-14 23:54:38,933 [DEBUG] cnn_neat: Split edge 6→2, new hidden node 17 (pool=10)
2026-08-14 23:54:38,940 [DEBUG] cnn_neat: Split edge 2→1, new hidden node 17 (pool=11)
2026-08-14 23:54:38,956 [DEBUG] cnn_neat: Split edge 12→3, new hidden node 15 (pool=19)
2026-08-14 23:54:38,971 [DEBUG] cnn_neat: Added edge 9→3 (from 38 candidates)
2026-08-14 23:54:38,984 [DEBUG] cnn_neat: Removed hidden node 6 (pool=9)
2026-08-14 23:54:38,990 [DEBUG] cnn_neat: Removed edge 12→9 (from 18 candidates)
2026-08-14 23:54:39,012 [DEBUG] cnn_neat: Removed 3 edges (requested 3)
2026-08-14 23:54:39,022 [DEBUG] cnn_neat: Split edge 5→3, new hidden node 16 (pool=15)
2026-08-14 23:54:39,033 [DEBUG] cnn_neat: Split edge 0→5, new hidden node 15 (pool=20)
2026-08-14 23:54:39,594 [DEBUG] cnn_neat: Split edge 7→2, new hidden node 17 (pool=10)
2026-08-14 23:54:39,636 [DEBUG] cnn_neat: Split edge 9→5, new hidden node 16 (pool=14)
2026-08-14 23:54:39,673 [DEBUG] cnn_neat: Added edge 10→9 (from 49 candidates)
2026-08-14 23:54:39,726 [DEBUG] cnn_neat: Removed hidden node 9 (pool=10)
2026-08-14 23:54:39,747 [DEBUG] cnn_neat: Removed edge 12→3 (from 13 candidates)
2026-08-14 23:54:39,849 [DEBUG] cnn_neat: Removed 3 edges (requested 3)
2026-08-14 23:54:39,858 [DEBUG] cnn_neat: Split edge 6→2, new hidden node 17 (pool=12)
2026-08-14 23:54:39,872 [DEBUG] cnn_neat: Split edge 6→7, new hidden node 16 (pool=10)
2026-08-14 23:54:39,891 [DEBUG] cnn_neat: Split edge 2→1, new hidden node 16 (pool=9)
2026-08-14 23:54:39,920 [DEBUG] cnn_neat: Split edge 2→1, new hidden node 17 (pool=15)
2026-08-14 23:54:39,928 [DEBUG] cnn_neat: Added edge 9→2 (from 47 candidates)
2026-08-14 23:54:39,940 [DEBUG] cnn_neat: Removed hidden node 11 (pool=10)
2026-08-14 23:54:39,946 [DEBUG] cnn_neat: Removed edge 5→16 (from 16 candidates)
2026-08-14 23:54:39,959 [DEBUG] cnn_neat: Removed 3 edges (requested 3)
2026-08-14 23:54:39,967 [DEBUG] cnn_neat: Split edge 6→7, new hidden node 18 (pool=18)
2026-08-14 23:54:39,973 [DEBUG] cnn_neat: Split edge 12→5, new hidden node 17 (pool=16)
2026-08-14 23:54:39,988 [DEBUG] cnn_neat: Split edge 14→10, new hidden node 15 (pool=18)
2026-08-14 23:54:39,994 [DEBUG] cnn_neat: Added edge 6→10 (from 39 candidates)
2026-08-14 23:54:40,010 [DEBUG] cnn_neat: Removed hidden node 11 (pool=9)
2026-08-14 23:54:40,017 [DEBUG] cnn_neat: Removed edge 12→10 (from 17 candidates)
2026-08-14 23:54:40,030 [DEBUG] cnn_neat: Removed 3 edges (requested 3)
2026-08-14 23:54:40,038 [DEBUG] cnn_neat: Split edge 5→6, new hidden node 16 (pool=14)
2026-08-14 23:54:40,053 [DEBUG] cnn_neat: Split edge 16→7, new hidden node 17 (pool=14)
2026-08-14 23:54:40,063 [DEBUG] cnn_neat: Added edge 15→10 (from 61 candidates)
2026-08-14 23:54:40,079 [DEBUG] cnn_neat: Removed hidden node 3 (pool=11)
2026-08-14 23:54:40,086 [DEBUG] cnn_neat: Removed edge 15→3 (from 12 candidates)
2026-08-14 23:54:40,099 [DEBUG] cnn_neat: Removed 3 edges (requested 3)
2026-08-14 23:54:40,106 [DEBUG] cnn_neat: Split edge 6→7, new hidden node 18 (pool=11)
2026-08-14 23:54:40,113 [DEBUG] cnn_neat: Split edge 7→2, new hidden node 17 (pool=14)
2026-08-14 23:54:40,118 [DEBUG] cnn_neat: Split edge 5→6, new hidden node 17 (pool=7)
2026-08-14 23:54:40,128 [DEBUG] cnn_neat: Split edge 7→2, new hidden node 17 (pool=9)
2026-08-14 23:54:40,134 [DEBUG] cnn_neat: Added edge 3→1 (from 59 candidates)
2026-08-14 23:54:40,146 [DEBUG] cnn_neat: Removed hidden node 16 (pool=11)
2026-08-14 23:54:40,154 [DEBUG] cnn_neat: Removed edge 16→5 (from 11 candidates)
2026-08-14 23:54:40,167 [DEBUG] cnn_neat: Removed 3 edges (requested 3)
2026-08-14 23:54:40,177 [DEBUG] cnn_neat: Split edge 9→5, new hidden node 18 (pool=7)
2026-08-14 23:54:40,192 [DEBUG] cnn_neat: Split edge 0→11, new hidden node 18 (pool=11)
2026-08-14 23:54:40,201 [DEBUG] cnn_neat: Added edge 12→15 (from 56 candidates)
2026-08-14 23:54:40,215 [DEBUG] cnn_neat: Removed hidden node 15 (pool=11)
2026-08-14 23:54:40,221 [DEBUG] cnn_neat: Removed edge 7→2 (from 14 candidates)
2026-08-14 23:54:40,235 [DEBUG] cnn_neat: Removed 3 edges (requested 3)
2026-08-14 23:54:40,242 [DEBUG] cnn_neat: Split edge 0→5, new hidden node 19 (pool=7)
2026-08-14 23:54:40,249 [DEBUG] cnn_neat: Split edge 6→2, new hidden node 18 (pool=11)
2026-08-14 23:54:40,391 [DEBUG] cnn_neat: Split edge 5→6, new hidden node 17 (pool=10)
2026-08-14 23:54:40,411 [DEBUG] cnn_neat: Added edge 5→3 (from 62 candidates)
2026-08-14 23:54:40,443 [DEBUG] cnn_neat: Removed hidden node 7 (pool=10)
2026-08-14 23:54:40,453 [DEBUG] cnn_neat: Removed edge 12→9 (from 8 candidates)
2026-08-14 23:54:40,485 [DEBUG] cnn_neat: Removed 3 edges (requested 3)
2026-08-14 23:54:40,496 [DEBUG] cnn_neat: Split edge 0→5, new hidden node 17 (pool=14)
2026-08-14 23:54:40,509 [DEBUG] cnn_neat: Split edge 0→11, new hidden node 17 (pool=8)
2026-08-14 23:54:40,528 [DEBUG] cnn_neat: Split edge 14→9, new hidden node 17 (pool=11)
2026-08-14 23:54:40,546 [DEBUG] cnn_neat: Added edge 7→1 (from 58 candidates)
2026-08-14 23:54:40,952 [DEBUG] cnn_neat: Removed hidden node 7 (pool=11)
2026-08-14 23:54:40,973 [DEBUG] cnn_neat: Split edge 14→9, new hidden node 17 (pool=9)
2026-08-14 23:54:40,978 [DEBUG] cnn_neat: Added edge 14→2 (from 63 candidates)
2026-08-14 23:54:40,999 [DEBUG] cnn_neat: Removed hidden node 12 (pool=11)
2026-08-14 23:54:41,018 [DEBUG] cnn_neat: Removed edge 9→5 (from 8 candidates)
2026-08-14 23:54:41,041 [DEBUG] cnn_neat: Removed 3 edges (requested 3)
2026-08-14 23:54:41,059 [DEBUG] cnn_neat: Split edge 0→5, new hidden node 18 (pool=6)
2026-08-14 23:54:41,067 [DEBUG] cnn_neat: Split edge 9→5, new hidden node 17 (pool=8)
2026-08-14 23:54:41,095 [DEBUG] cnn_neat: Split edge 0→11, new hidden node 17 (pool=10)
2026-08-14 23:54:41,111 [DEBUG] cnn_neat: Added edge 16→2 (from 61 candidates)
2026-08-14 23:54:41,567 [DEBUG] cnn_neat: Removed hidden node 3 (pool=11)
2026-08-14 23:54:41,588 [DEBUG] cnn_neat: Split edge 7→2, new hidden node 16 (pool=13)
2026-08-14 23:54:41,606 [DEBUG] cnn_neat: Added edge 9→1 (from 50 candidates)
2026-08-14 23:54:41,633 [DEBUG] cnn_neat: Removed hidden node 7 (pool=10)
2026-08-14 23:54:41,652 [DEBUG] cnn_neat: Removed edge 15→7 (from 12 candidates)
2026-08-14 23:54:41,688 [DEBUG] cnn_neat: Removed 3 edges (requested 3)
2026-08-14 23:54:41,709 [DEBUG] cnn_neat: Split edge 6→2, new hidden node 17 (pool=11)
2026-08-14 23:54:41,725 [DEBUG] cnn_neat: Split edge 9→6, new hidden node 16 (pool=11)
2026-08-14 23:54:41,741 [DEBUG] cnn_neat: Split edge 5→6, new hidden node 16 (pool=11)
2026-08-14 23:54:41,764 [DEBUG] cnn_neat: Split edge 5→6, new hidden node 15 (pool=19)
2026-08-14 23:54:42,190 [DEBUG] cnn_neat: Added edge 5→10 (from 42 candidates)
2026-08-14 23:54:42,201 [DEBUG] cnn_neat: Split edge 9→5, new hidden node 17 (pool=14)
2026-08-14 23:54:42,219 [DEBUG] cnn_neat: Added edge 12→16 (from 65 candidates)
2026-08-14 23:54:42,264 [DEBUG] cnn_neat: Removed hidden node 15 (pool=11)
2026-08-14 23:54:42,286 [DEBUG] cnn_neat: Removed edge 16→7 (from 11 candidates)
2026-08-14 23:54:42,309 [DEBUG] cnn_neat: Removed 3 edges (requested 3)
2026-08-14 23:54:42,323 [DEBUG] cnn_neat: Split edge 5→10, new hidden node 18 (pool=10)
2026-08-14 23:54:42,338 [DEBUG] cnn_neat: Split edge 2→1, new hidden node 17 (pool=14)
2026-08-14 23:54:42,371 [DEBUG] cnn_neat: Split edge 7→2, new hidden node 17 (pool=9)
2026-08-14 23:54:42,391 [DEBUG] cnn_neat: Added edge 10→1 (from 60 candidates)
2026-08-14 23:54:42,775 [DEBUG] cnn_neat: Removed hidden node 12 (pool=11)
2026-08-14 23:54:42,792 [DEBUG] cnn_neat: Split edge 9→6, new hidden node 17 (pool=9)
2026-08-14 23:54:42,810 [DEBUG] cnn_neat: Added edge 10→7 (from 60 candidates)
2026-08-14 23:54:42,832 [DEBUG] cnn_neat: Removed hidden node 15 (pool=11)
2026-08-14 23:54:42,840 [DEBUG] cnn_neat: Removed edge 12→9 (from 10 candidates)
2026-08-14 23:54:42,902 [DEBUG] cnn_neat: Removed 3 edges (requested 3)
2026-08-14 23:54:42,915 [DEBUG] cnn_neat: Split edge 7→2, new hidden node 18 (pool=7)
2026-08-14 23:54:43,377 [DEBUG] cnn_neat: Split edge 9→6, new hidden node 16 (pool=14)
2026-08-14 23:54:43,389 [DEBUG] cnn_neat: Split edge 16→7, new hidden node 18 (pool=14)
2026-08-14 23:54:43,401 [DEBUG] cnn_neat: Added edge 17→5 (from 56 candidates)
2026-08-14 23:54:43,420 [DEBUG] cnn_neat: Removed hidden node 7 (pool=11)
2026-08-14 23:54:43,429 [DEBUG] cnn_neat: Removed edge 12→17 (from 12 candidates)
2026-08-14 23:54:43,445 [DEBUG] cnn_neat: Removed 3 edges (requested 3)
2026-08-14 23:54:43,452 [DEBUG] cnn_neat: Split edge 11→14, new hidden node 19 (pool=11)
2026-08-14 23:54:43,469 [DEBUG] cnn_neat: Split edge 12→3, new hidden node 16 (pool=14)
2026-08-14 23:54:43,477 [DEBUG] cnn_neat: Added edge 9→2 (from 46 candidates)
2026-08-14 23:54:43,495 [DEBUG] cnn_neat: Removed hidden node 9 (pool=10)
2026-08-14 23:54:43,503 [DEBUG] cnn_neat: Removed edge 5→6 (from 17 candidates)
2026-08-14 23:54:43,522 [DEBUG] cnn_neat: Removed 3 edges (requested 3)
2026-08-14 23:54:43,533 [DEBUG] cnn_neat: Split edge 12→9, new hidden node 16 (pool=15)
2026-08-14 23:54:43,543 [DEBUG] cnn_neat: Split edge 0→11, new hidden node 16 (pool=12)
2026-08-14 23:54:43,558 [DEBUG] cnn_neat: Split edge 12→7, new hidden node 17 (pool=16)
2026-08-14 23:54:43,570 [DEBUG] cnn_neat: Added edge 15→1 (from 45 candidates)
2026-08-14 23:54:43,586 [DEBUG] cnn_neat: Removed hidden node 5 (pool=10)
2026-08-14 23:54:43,588 [DEBUG] cnn_neat: Saved generation 35
2026-08-14 23:54:43,682 [DEBUG] cnn_neat: Selected 25 elite individuals
2026-08-14 23:54:43,695 [DEBUG] cnn_neat: Removed edge 12→15 (from 17 candidates)
2026-08-14 23:54:43,797 [DEBUG] cnn_neat: Removed 3 edges (requested 3)
2026-08-14 23:54:43,826 [DEBUG] cnn_neat: Split edge 5→6, new hidden node 18 (pool=11)
2026-08-14 23:54:43,846 [DEBUG] cnn_neat: Split edge 5→6, new hidden node 17 (pool=16)
2026-08-14 23:54:43,870 [DEBUG] cnn_neat: Split edge 9→5, new hidden node 17 (pool=11)
2026-08-14 23:54:43,887 [DEBUG] cnn_neat: Added edge 11→15 (from 59 candidates)
2026-08-14 23:54:43,917 [DEBUG] cnn_neat: Removed hidden node 5 (pool=11)
2026-08-14 23:54:43,930 [DEBUG] cnn_neat: Removed edge 12→10 (from 14 candidates)
2026-08-14 23:54:43,952 [DEBUG] cnn_neat: Removed 3 edges (requested 3)
2026-08-14 23:54:43,965 [DEBUG] cnn_neat: Split edge 7→2, new hidden node 18 (pool=7)
2026-08-14 23:54:43,982 [DEBUG] cnn_neat: Split edge 6→2, new hidden node 17 (pool=8)
2026-08-14 23:54:43,993 [DEBUG] cnn_neat: Added edge 14→6 (from 59 candidates)
2026-08-14 23:54:44,020 [DEBUG] cnn_neat: Trimmed elite queue to 128 entries
2026-08-14 23:54:44,793 [DEBUG] cnn_neat: Removed hidden node 16 (pool=11)
2026-08-14 23:54:44,798 [DEBUG] cnn_neat: Split edge 6→2, new hidden node 17 (pool=10)
2026-08-14 23:54:44,802 [DEBUG] cnn_neat: Added edge 14→2 (from 41 candidates)
2026-08-14 23:54:44,808 [DEBUG] cnn_neat: Removed hidden node 10 (pool=8)
2026-08-14 23:54:44,811 [DEBUG] cnn_neat: Removed edge 7→2 (from 9 candidates)
2026-08-14 23:54:44,818 [DEBUG] cnn_neat: Removed 3 edges (requested 3)
2026-08-14 23:54:44,823 [DEBUG] cnn_neat: Crossover rejected: union topology invalid (edges=34 nodes=23)
2026-08-14 23:54:44,826 [DEBUG] cnn_neat: Split edge 7→2, new hidden node 17 (pool=10)
2026-08-14 23:54:44,831 [DEBUG] cnn_neat: Added edge 10→2 (from 41 candidates)
2026-08-14 23:54:44,836 [DEBUG] cnn_neat: Added edge 14→5 (from 39 candidates)
2026-08-14 23:54:44,841 [DEBUG] cnn_neat: Added edge 9→7 (from 38 candidates)
2026-08-14 23:54:44,846 [DEBUG] cnn_neat: Added edge 14→6 (from 37 candidates)
2026-08-14 23:54:44,851 [DEBUG] cnn_neat: Added edge 10→7 (from 36 candidates)
2026-08-14 23:54:44,855 [DEBUG] cnn_neat: Split edge 0→5, new hidden node 17 (pool=10)
2026-08-14 23:54:44,860 [DEBUG] cnn_neat: Added edge 11→9 (from 57 candidates)
2026-08-14 23:54:44,867 [DEBUG] cnn_neat: Removed hidden node 3 (pool=10)
2026-08-14 23:54:44,870 [DEBUG] cnn_neat: Removed edge 10→15 (from 9 candidates)
2026-08-14 23:54:44,876 [DEBUG] cnn_neat: Removed 3 edges (requested 3)
2026-08-14 23:54:44,882 [DEBUG] cnn_neat: Crossover rejected: union topology invalid (edges=34 nodes=24)
2026-08-14 23:54:44,885 [DEBUG] cnn_neat: Split edge 9→5, new hidden node 17 (pool=10)
2026-08-14 23:54:44,890 [DEBUG] cnn_neat: Added edge 16→11 (from 57 candidates)
2026-08-14 23:54:44,894 [DEBUG] cnn_neat: Added edge 16→15 (from 53 candidates)
2026-08-14 23:54:44,899 [DEBUG] cnn_neat: Added edge 10→2 (from 52 candidates)
2026-08-14 23:54:44,904 [DEBUG] cnn_neat: Added edge 16→10 (from 51 candidates)
2026-08-14 23:54:44,908 [DEBUG] cnn_neat: Added edge 10→5 (from 50 candidates)
2026-08-14 23:54:44,912 [DEBUG] cnn_neat: Split edge 6→7, new hidden node 17 (pool=14)
2026-08-14 23:54:44,917 [DEBUG] cnn_neat: Added edge 5→2 (from 60 candidates)
2026-08-14 23:54:44,925 [DEBUG] cnn_neat: Removed hidden node 9 (pool=10)
2026-08-14 23:54:44,929 [DEBUG] cnn_neat: Removed edge 5→6 (from 11 candidates)
2026-08-14 23:54:44,936 [DEBUG] cnn_neat: Removed 3 edges (requested 3)
2026-08-14 23:54:44,940 [DEBUG] cnn_neat: Crossover rejected: union topology invalid (edges=37 nodes=25)
2026-08-14 23:54:44,945 [DEBUG] cnn_neat: Split edge 5→6, new hidden node 17 (pool=14)
2026-08-14 23:54:44,950 [DEBUG] cnn_neat: Added edge 14→2 (from 60 candidates)
2026-08-14 23:54:44,955 [DEBUG] cnn_neat: Added edge 3→11 (from 59 candidates)
2026-08-14 23:54:44,960 [DEBUG] cnn_neat: Added edge 3→7 (from 52 candidates)
2026-08-14 23:54:44,964 [DEBUG] cnn_neat: Added edge 9→2 (from 51 candidates)
2026-08-14 23:54:44,969 [DEBUG] cnn_neat: Added edge 10→2 (from 50 candidates)
2026-08-14 23:54:44,973 [DEBUG] cnn_neat: Split edge 2→1, new hidden node 17 (pool=12)
2026-08-14 23:54:44,979 [DEBUG] cnn_neat: Added edge 15→6 (from 51 candidates)
2026-08-14 23:54:44,986 [DEBUG] cnn_neat: Removed hidden node 12 (pool=9)
2026-08-14 23:54:44,989 [DEBUG] cnn_neat: Split edge 6→2, new hidden node 17 (pool=10)
2026-08-14 23:54:44,994 [DEBUG] cnn_neat: Added edge 15→6 (from 53 candidates)
2026-08-14 23:54:44,998 [DEBUG] cnn_neat: Removed edge 9→5 (from 8 candidates)
2026-08-14 23:54:45,005 [DEBUG] cnn_neat: Removed 3 edges (requested 3)
2026-08-14 23:54:45,009 [DEBUG] cnn_neat: Crossover rejected: union topology invalid (edges=37 nodes=25)
2026-08-14 23:54:45,013 [DEBUG] cnn_neat: Split edge 12→9, new hidden node 17 (pool=12)
2026-08-14 23:54:45,019 [DEBUG] cnn_neat: Added edge 10→7 (from 51 candidates)
2026-08-14 23:54:45,023 [DEBUG] cnn_neat: Added edge 11→10 (from 49 candidates)
2026-08-14 23:54:45,028 [DEBUG] cnn_neat: Added edge 15→1 (from 47 candidates)
2026-08-14 23:54:45,033 [DEBUG] cnn_neat: Added edge 9→6 (from 46 candidates)
2026-08-14 23:54:45,039 [DEBUG] cnn_neat: Added edge 0→9 (from 45 candidates)
2026-08-14 23:54:45,043 [DEBUG] cnn_neat: Split edge 14→9, new hidden node 16 (pool=11)
2026-08-14 23:54:45,047 [DEBUG] cnn_neat: Added edge 10→12 (from 47 candidates)
2026-08-14 23:54:45,057 [DEBUG] cnn_neat: Removed hidden node 9 (pool=9)
2026-08-14 23:54:45,061 [DEBUG] cnn_neat: Removed edge 0→5 (from 11 candidates)
2026-08-14 23:54:45,067 [DEBUG] cnn_neat: Removed 3 edges (requested 3)
2026-08-14 23:54:45,072 [DEBUG] cnn_neat: Crossover rejected: union topology invalid (edges=36 nodes=22)
2026-08-14 23:54:45,075 [DEBUG] cnn_neat: Split edge 6→7, new hidden node 16 (pool=11)
2026-08-14 23:54:45,080 [DEBUG] cnn_neat: Added edge 9→2 (from 47 candidates)
2026-08-14 23:54:45,085 [DEBUG] cnn_neat: Added edge 11→7 (from 45 candidates)
2026-08-14 23:54:45,089 [DEBUG] cnn_neat: Added edge 12→6 (from 46 candidates)
2026-08-14 23:54:45,094 [DEBUG] cnn_neat: Added edge 14→12 (from 45 candidates)
2026-08-14 23:54:45,099 [DEBUG] cnn_neat: Added edge 15→6 (from 40 candidates)
2026-08-14 23:54:45,104 [DEBUG] cnn_neat: Split edge 0→5, new hidden node 17 (pool=9)
2026-08-14 23:54:45,109 [DEBUG] cnn_neat: Added edge 14→2 (from 59 candidates)
2026-08-14 23:54:45,122 [DEBUG] cnn_neat: Removed hidden node 16 (pool=10)
2026-08-14 23:54:45,126 [DEBUG] cnn_neat: Removed edge 6→2 (from 9 candidates)
2026-08-14 23:54:45,132 [DEBUG] cnn_neat: Removed 3 edges (requested 3)
2026-08-14 23:54:45,138 [DEBUG] cnn_neat: Crossover rejected: union topology invalid (edges=35 nodes=25)
2026-08-14 23:54:45,141 [DEBUG] cnn_neat: Split edge 0→5, new hidden node 17 (pool=9)
2026-08-14 23:54:45,148 [DEBUG] cnn_neat: Added edge 15→9 (from 82 candidates)
2026-08-14 23:54:45,153 [DEBUG] cnn_neat: Added edge 6→10 (from 59 candidates)
2026-08-14 23:54:45,159 [DEBUG] cnn_neat: Added edge 11→10 (from 50 candidates)
2026-08-14 23:54:45,164 [DEBUG] cnn_neat: Added edge 12→7 (from 50 candidates)
2026-08-14 23:54:45,169 [DEBUG] cnn_neat: Added edge 16→2 (from 49 candidates)
2026-08-14 23:54:45,174 [DEBUG] cnn_neat: Added edge 15→2 (from 48 candidates)
2026-08-14 23:54:45,178 [DEBUG] cnn_neat: Split edge 7→2, new hidden node 18 (pool=14)
2026-08-14 23:54:45,183 [DEBUG] cnn_neat: Added edge 14→7 (from 61 candidates)
2026-08-14 23:54:45,194 [DEBUG] cnn_neat: Removed hidden node 9 (pool=11)
2026-08-14 23:54:45,199 [DEBUG] cnn_neat: Removed edge 14→10 (from 10 candidates)
2026-08-14 23:54:45,204 [DEBUG] cnn_neat: Removed 3 edges (requested 3)
2026-08-14 23:54:45,210 [DEBUG] cnn_neat: Crossover rejected: union topology invalid (edges=36 nodes=25)
2026-08-14 23:54:45,214 [DEBUG] cnn_neat: Split edge 7→2, new hidden node 18 (pool=14)
2026-08-14 23:54:45,220 [DEBUG] cnn_neat: Added edge 15→14 (from 68 candidates)
2026-08-14 23:54:45,225 [DEBUG] cnn_neat: Added edge 10→2 (from 61 candidates)
2026-08-14 23:54:45,231 [DEBUG] cnn_neat: Added edge 15→5 (from 60 candidates)
2026-08-14 23:54:45,236 [DEBUG] cnn_neat: Added edge 15→14 (from 59 candidates)
2026-08-14 23:54:45,241 [DEBUG] cnn_neat: Added edge 14→5 (from 58 candidates)
2026-08-14 23:54:45,246 [DEBUG] cnn_neat: Added edge 6→10 (from 57 candidates)
2026-08-14 23:54:45,251 [DEBUG] cnn_neat: Split edge 14→9, new hidden node 18 (pool=10)
2026-08-14 23:54:45,257 [DEBUG] cnn_neat: Added edge 6→10 (from 58 candidates)
2026-08-14 23:54:45,264 [DEBUG] cnn_neat: Removed hidden node 15 (pool=10)
2026-08-14 23:54:45,267 [DEBUG] cnn_neat: Removed edge 17→5 (from 8 candidates)
2026-08-14 23:54:45,276 [DEBUG] cnn_neat: Removed 3 edges (requested 3)
2026-08-14 23:54:45,279 [DEBUG] cnn_neat: Split edge 12→9, new hidden node 17 (pool=15)
2026-08-14 23:54:45,284 [DEBUG] cnn_neat: Crossover rejected: union topology invalid (edges=37 nodes=25)
2026-08-14 23:54:45,288 [DEBUG] cnn_neat: Split edge 11→14, new hidden node 18 (pool=10)
2026-08-14 23:54:45,294 [DEBUG] cnn_neat: Added edge 6→16 (from 58 candidates)
2026-08-14 23:54:45,299 [DEBUG] cnn_neat: Added edge 5→10 (from 54 candidates)
2026-08-14 23:54:45,303 [DEBUG] cnn_neat: Added edge 12→11 (from 53 candidates)
2026-08-14 23:54:45,308 [DEBUG] cnn_neat: Added edge 12→14 (from 52 candidates)
2026-08-14 23:54:45,314 [DEBUG] cnn_neat: Added edge 9→16 (from 51 candidates)
2026-08-14 23:54:45,318 [DEBUG] cnn_neat: Split edge 12→5, new hidden node 17 (pool=14)
2026-08-14 23:54:45,482 [DEBUG] cnn_neat: Split edge 9→6, new hidden node 17 (pool=11)
2026-08-14 23:54:45,634 [DEBUG] cnn_neat: Added edge 11→10 (from 59 candidates)
2026-08-14 23:54:45,667 [DEBUG] cnn_neat: Removed hidden node 16 (pool=11)
2026-08-14 23:54:45,679 [DEBUG] cnn_neat: Removed edge 6→2 (from 14 candidates)
2026-08-14 23:54:45,704 [DEBUG] cnn_neat: Removed 3 edges (requested 3)
2026-08-14 23:54:45,716 [DEBUG] cnn_neat: Split edge 0→5, new hidden node 17 (pool=14)
2026-08-14 23:54:45,728 [DEBUG] cnn_neat: Split edge 6→2, new hidden node 17 (pool=10)
2026-08-14 23:54:45,741 [DEBUG] cnn_neat: Added edge 12→16 (from 57 candidates)
2026-08-14 23:54:45,760 [DEBUG] cnn_neat: Split edge 6→7, new hidden node 15 (pool=19)
2026-08-14 23:54:45,773 [DEBUG] cnn_neat: Added edge 6→1 (from 38 candidates)
2026-08-14 23:54:45,793 [DEBUG] cnn_neat: Removed hidden node 11 (pool=9)
2026-08-14 23:54:46,367 [DEBUG] cnn_neat: Removed edge 0→5 (from 18 candidates)
2026-08-14 23:54:46,413 [DEBUG] cnn_neat: Split edge 14→9, new hidden node 17 (pool=10)
2026-08-14 23:54:46,445 [DEBUG] cnn_neat: Added edge 5→3 (from 62 candidates)
2026-08-14 23:54:46,505 [DEBUG] cnn_neat: Removed hidden node 12 (pool=10)
2026-08-14 23:54:46,529 [DEBUG] cnn_neat: Removed edge 12→10 (from 8 candidates)
2026-08-14 23:54:46,626 [DEBUG] cnn_neat: Removed 3 edges (requested 3)
2026-08-14 23:54:46,636 [DEBUG] cnn_neat: Split edge 2→1, new hidden node 18 (pool=6)
2026-08-14 23:54:46,659 [DEBUG] cnn_neat: Split edge 9→5, new hidden node 17 (pool=10)
2026-08-14 23:54:46,671 [DEBUG] cnn_neat: Split edge 0→5, new hidden node 17 (pool=9)
2026-08-14 23:54:46,698 [DEBUG] cnn_neat: Split edge 6→2, new hidden node 16 (pool=14)
2026-08-14 23:54:46,708 [DEBUG] cnn_neat: Added edge 9→2 (from 49 candidates)
2026-08-14 23:54:46,724 [DEBUG] cnn_neat: Removed hidden node 9 (pool=10)
2026-08-14 23:54:46,732 [DEBUG] cnn_neat: Removed edge 14→9 (from 13 candidates)
2026-08-14 23:54:46,749 [DEBUG] cnn_neat: Removed 3 edges (requested 3)
2026-08-14 23:54:46,758 [DEBUG] cnn_neat: Split edge 6→7, new hidden node 16 (pool=15)
2026-08-14 23:54:46,766 [DEBUG] cnn_neat: Split edge 6→2, new hidden node 16 (pool=6)
2026-08-14 23:54:46,774 [DEBUG] cnn_neat: Split edge 6→2, new hidden node 16 (pool=11)
2026-08-14 23:54:46,789 [DEBUG] cnn_neat: Split edge 12→10, new hidden node 17 (pool=15)
2026-08-14 23:54:46,800 [DEBUG] cnn_neat: Added edge 15→1 (from 47 candidates)
2026-08-14 23:54:46,825 [DEBUG] cnn_neat: Removed hidden node 7 (pool=10)
2026-08-14 23:54:46,833 [DEBUG] cnn_neat: Removed edge 0→5 (from 16 candidates)
2026-08-14 23:54:46,847 [DEBUG] cnn_neat: Removed 3 edges (requested 3)
2026-08-14 23:54:46,852 [DEBUG] cnn_neat: Split edge 0→11, new hidden node 17 (pool=15)
2026-08-14 23:54:46,858 [DEBUG] cnn_neat: Split edge 14→10, new hidden node 17 (pool=6)
2026-08-14 23:54:46,865 [DEBUG] cnn_neat: Added edge 11→15 (from 47 candidates)
2026-08-14 23:54:46,873 [DEBUG] cnn_neat: Added edge 14→12 (from 64 candidates)
2026-08-14 23:54:46,887 [DEBUG] cnn_neat: Split edge 0→5, new hidden node 15 (pool=18)
2026-08-14 23:54:46,895 [DEBUG] cnn_neat: Added edge 9→2 (from 39 candidates)
2026-08-14 23:54:46,909 [DEBUG] cnn_neat: Removed hidden node 12 (pool=9)
2026-08-14 23:54:46,918 [DEBUG] cnn_neat: Removed edge 9→5 (from 17 candidates)
2026-08-14 23:54:46,930 [DEBUG] cnn_neat: Removed 3 edges (requested 3)
2026-08-14 23:54:46,938 [DEBUG] cnn_neat: Split edge 0→11, new hidden node 15 (pool=15)
2026-08-14 23:54:46,944 [DEBUG] cnn_neat: Split edge 7→2, new hidden node 15 (pool=17)
2026-08-14 23:54:46,950 [DEBUG] cnn_neat: Split edge 14→10, new hidden node 15 (pool=14)
2026-08-14 23:54:46,964 [DEBUG] cnn_neat: Split edge 16→7, new hidden node 17 (pool=14)
2026-08-14 23:54:46,972 [DEBUG] cnn_neat: Added edge 5→3 (from 61 candidates)
2026-08-14 23:54:46,986 [DEBUG] cnn_neat: Removed hidden node 12 (pool=11)
2026-08-14 23:54:46,996 [DEBUG] cnn_neat: Removed edge 16→7 (from 12 candidates)
2026-08-14 23:54:47,014 [DEBUG] cnn_neat: Removed 3 edges (requested 3)
2026-08-14 23:54:47,024 [DEBUG] cnn_neat: Split edge 0→11, new hidden node 17 (pool=15)
2026-08-14 23:54:47,033 [DEBUG] cnn_neat: Split edge 5→10, new hidden node 17 (pool=13)
2026-08-14 23:54:47,041 [DEBUG] cnn_neat: Split edge 14→9, new hidden node 17 (pool=8)
2026-08-14 23:54:47,149 [DEBUG] cnn_neat: Split edge 9→6, new hidden node 17 (pool=9)
2026-08-14 23:54:47,169 [DEBUG] cnn_neat: Added edge 15→5 (from 59 candidates)
2026-08-14 23:54:47,208 [DEBUG] cnn_neat: Removed hidden node 12 (pool=11)
2026-08-14 23:54:47,230 [DEBUG] cnn_neat: Removed edge 12→7 (from 11 candidates)
2026-08-14 23:54:47,260 [DEBUG] cnn_neat: Removed 3 edges (requested 3)
2026-08-14 23:54:47,280 [DEBUG] cnn_neat: Split edge 7→2, new hidden node 17 (pool=9)
2026-08-14 23:54:47,292 [DEBUG] cnn_neat: Split edge 6→7, new hidden node 17 (pool=8)
2026-08-14 23:54:47,310 [DEBUG] cnn_neat: Added edge 11→10 (from 55 candidates)
2026-08-14 23:54:47,322 [DEBUG] cnn_neat: Added edge 12→14 (from 70 candidates)
2026-08-14 23:54:47,727 [DEBUG] cnn_neat: Split edge 5→6, new hidden node 18 (pool=11)
2026-08-14 23:54:47,756 [DEBUG] cnn_neat: Split edge 5→6, new hidden node 17 (pool=11)
2026-08-14 23:54:47,781 [DEBUG] cnn_neat: Added edge 3→16 (from 58 candidates)
2026-08-14 23:54:47,825 [DEBUG] cnn_neat: Removed hidden node 3 (pool=11)
2026-08-14 23:54:47,847 [DEBUG] cnn_neat: Removed edge 9→5 (from 15 candidates)
2026-08-14 23:54:47,882 [DEBUG] cnn_neat: Removed 3 edges (requested 3)
2026-08-14 23:54:47,904 [DEBUG] cnn_neat: Split edge 6→7, new hidden node 17 (pool=11)
2026-08-14 23:54:48,308 [DEBUG] cnn_neat: Split edge 5→6, new hidden node 17 (pool=14)
2026-08-14 23:54:48,338 [DEBUG] cnn_neat: Split edge 14→9, new hidden node 17 (pool=9)
2026-08-14 23:54:48,360 [DEBUG] cnn_neat: Added edge 7→1 (from 63 candidates)
2026-08-14 23:54:48,396 [DEBUG] cnn_neat: Removed hidden node 9 (pool=11)
2026-08-14 23:54:48,407 [DEBUG] cnn_neat: Removed edge 15→7 (from 8 candidates)
2026-08-14 23:54:48,443 [DEBUG] cnn_neat: Removed 3 edges (requested 3)
2026-08-14 23:54:48,466 [DEBUG] cnn_neat: Split edge 7→1, new hidden node 17 (pool=9)
2026-08-14 23:54:48,486 [DEBUG] cnn_neat: Split edge 14→9, new hidden node 17 (pool=9)
2026-08-14 23:54:48,496 [DEBUG] cnn_neat: Split edge 2→1, new hidden node 17 (pool=8)
2026-08-14 23:54:48,944 [DEBUG] cnn_neat: Split edge 2→1, new hidden node 18 (pool=11)
2026-08-14 23:54:48,962 [DEBUG] cnn_neat: Split edge 6→7, new hidden node 17 (pool=10)
2026-08-14 23:54:48,988 [DEBUG] cnn_neat: Added edge 11→15 (from 61 candidates)
2026-08-14 23:54:49,040 [DEBUG] cnn_neat: Removed hidden node 15 (pool=11)
2026-08-14 23:54:49,061 [DEBUG] cnn_neat: Removed edge 9→5 (from 9 candidates)
2026-08-14 23:54:49,099 [DEBUG] cnn_neat: Removed 3 edges (requested 3)
2026-08-14 23:54:49,121 [DEBUG] cnn_neat: Split edge 9→5, new hidden node 18 (pool=8)
2026-08-14 23:54:49,140 [DEBUG] cnn_neat: Split edge 0→11, new hidden node 17 (pool=12)
2026-08-14 23:54:49,549 [DEBUG] cnn_neat: Split edge 9→5, new hidden node 16 (pool=13)
2026-08-14 23:54:49,567 [DEBUG] cnn_neat: Split edge 14→9, new hidden node 17 (pool=8)
2026-08-14 23:54:49,587 [DEBUG] cnn_neat: Added edge 16→1 (from 59 candidates)
2026-08-14 23:54:49,615 [DEBUG] cnn_neat: Removed hidden node 9 (pool=11)
2026-08-14 23:54:49,619 [DEBUG] cnn_neat: Removed edge 12→9 (from 11 candidates)
2026-08-14 23:54:49,640 [DEBUG] cnn_neat: Removed 3 edges (requested 3)
2026-08-14 23:54:49,695 [DEBUG] cnn_neat: Split edge 6→2, new hidden node 18 (pool=6)
2026-08-14 23:54:49,713 [DEBUG] cnn_neat: Split edge 12→5, new hidden node 16 (pool=15)
2026-08-14 23:54:50,166 [DEBUG] cnn_neat: Added edge 0→15 (from 45 candidates)
2026-08-14 23:54:50,176 [DEBUG] cnn_neat: Split edge 6→7, new hidden node 15 (pool=18)
2026-08-14 23:54:50,185 [DEBUG] cnn_neat: Added edge 10→6 (from 37 candidates)
2026-08-14 23:54:50,199 [DEBUG] cnn_neat: Removed hidden node 12 (pool=9)
2026-08-14 23:54:50,206 [DEBUG] cnn_neat: Removed edge 14→9 (from 19 candidates)
2026-08-14 23:54:50,218 [DEBUG] cnn_neat: Removed 3 edges (requested 3)
2026-08-14 23:54:50,227 [DEBUG] cnn_neat: Split edge 12→9, new hidden node 16 (pool=16)
2026-08-14 23:54:50,239 [DEBUG] cnn_neat: Split edge 2→1, new hidden node 17 (pool=10)
2026-08-14 23:54:50,246 [DEBUG] cnn_neat: Added edge 12→14 (from 59 candidates)
2026-08-14 23:54:50,274 [DEBUG] cnn_neat: Removed hidden node 12 (pool=11)
2026-08-14 23:54:50,281 [DEBUG] cnn_neat: Removed edge 5→6 (from 15 candidates)
2026-08-14 23:54:50,295 [DEBUG] cnn_neat: Removed 3 edges (requested 3)
2026-08-14 23:54:50,303 [DEBUG] cnn_neat: Split edge 2→17, new hidden node 18 (pool=16)
2026-08-14 23:54:50,317 [DEBUG] cnn_neat: Split edge 14→10, new hidden node 17 (pool=11)
2026-08-14 23:54:50,328 [DEBUG] cnn_neat: Added edge 15→2 (from 61 candidates)
2026-08-14 23:54:50,342 [DEBUG] cnn_neat: Removed hidden node 12 (pool=11)
2026-08-14 23:54:50,350 [DEBUG] cnn_neat: Removed edge 5→10 (from 16 candidates)
2026-08-14 23:54:50,364 [DEBUG] cnn_neat: Removed 3 edges (requested 3)
2026-08-14 23:54:50,371 [DEBUG] cnn_neat: Split edge 6→2, new hidden node 18 (pool=7)
2026-08-14 23:54:50,384 [DEBUG] cnn_neat: Split edge 14→9, new hidden node 17 (pool=11)
2026-08-14 23:54:50,393 [DEBUG] cnn_neat: Added edge 6→10 (from 40 candidates)
2026-08-14 23:54:50,403 [DEBUG] cnn_neat: Removed hidden node 5 (pool=9)
2026-08-14 23:54:50,409 [DEBUG] cnn_neat: Removed edge 0→11 (from 11 candidates)
2026-08-14 23:54:50,421 [DEBUG] cnn_neat: Removed 3 edges (requested 3)
2026-08-14 23:54:50,429 [DEBUG] cnn_neat: Split edge 2→1, new hidden node 18 (pool=6)
2026-08-14 23:54:50,441 [DEBUG] cnn_neat: Split edge 7→2, new hidden node 17 (pool=13)
2026-08-14 23:54:50,448 [DEBUG] cnn_neat: Saved generation 36
2026-08-14 23:54:50,545 [DEBUG] cnn_neat: Selected 25 elite individuals
2026-08-14 23:54:50,548 [DEBUG] cnn_neat: Added edge 9→1 (from 39 candidates)
2026-08-14 23:54:50,663 [DEBUG] cnn_neat: Removed hidden node 9 (pool=9)
2026-08-14 23:54:50,694 [DEBUG] cnn_neat: Removed edge 6→2 (from 13 candidates)
2026-08-14 23:54:50,721 [DEBUG] cnn_neat: Removed 3 edges (requested 3)
2026-08-14 23:54:50,739 [DEBUG] cnn_neat: Split edge 15→7, new hidden node 17 (pool=14)
2026-08-14 23:54:50,758 [DEBUG] cnn_neat: Split edge 14→16, new hidden node 17 (pool=14)
2026-08-14 23:54:50,776 [DEBUG] cnn_neat: Split edge 9→5, new hidden node 16 (pool=11)
2026-08-14 23:54:50,787 [DEBUG] cnn_neat: Added edge 12→14 (from 46 candidates)
2026-08-14 23:54:50,808 [DEBUG] cnn_neat: Removed hidden node 12 (pool=9)
2026-08-14 23:54:50,818 [DEBUG] cnn_neat: Removed edge 15→7 (from 11 candidates)
2026-08-14 23:54:50,834 [DEBUG] cnn_neat: Removed 3 edges (requested 3)
2026-08-14 23:54:50,844 [DEBUG] cnn_neat: Split edge 7→2, new hidden node 17 (pool=9)
2026-08-14 23:54:50,861 [DEBUG] cnn_neat: Split edge 11→14, new hidden node 17 (pool=15)
2026-08-14 23:54:50,873 [DEBUG] cnn_neat: Added edge 14→6 (from 57 candidates)
2026-08-14 23:54:50,891 [DEBUG] cnn_neat: Trimmed elite queue to 128 entries
2026-08-14 23:54:51,683 [DEBUG] cnn_neat: Removed hidden node 7 (pool=10)
2026-08-14 23:54:51,693 [DEBUG] cnn_neat: Split edge 0→5, new hidden node 17 (pool=10)
2026-08-14 23:54:51,698 [DEBUG] cnn_neat: Added edge 14→5 (from 48 candidates)
2026-08-14 23:54:51,704 [DEBUG] cnn_neat: Removed hidden node 15 (pool=9)
2026-08-14 23:54:51,708 [DEBUG] cnn_neat: Removed edge 10→15 (from 10 candidates)
2026-08-14 23:54:51,715 [DEBUG] cnn_neat: Removed 3 edges (requested 3)
2026-08-14 23:54:51,720 [DEBUG] cnn_neat: Crossover rejected: union topology invalid (edges=32 nodes=24)
2026-08-14 23:54:51,724 [DEBUG] cnn_neat: Split edge 6→7, new hidden node 17 (pool=10)
2026-08-14 23:54:51,729 [DEBUG] cnn_neat: Added edge 16→6 (from 48 candidates)
2026-08-14 23:54:51,733 [DEBUG] cnn_neat: Added edge 9→10 (from 47 candidates)
2026-08-14 23:54:51,737 [DEBUG] cnn_neat: Added edge 9→2 (from 44 candidates)
2026-08-14 23:54:51,741 [DEBUG] cnn_neat: Added edge 5→10 (from 43 candidates)
2026-08-14 23:54:51,747 [DEBUG] cnn_neat: Added edge 11→10 (from 47 candidates)
2026-08-14 23:54:51,751 [DEBUG] cnn_neat: Split edge 14→9, new hidden node 16 (pool=10)
2026-08-14 23:54:51,755 [DEBUG] cnn_neat: Added edge 9→7 (from 47 candidates)
2026-08-14 23:54:51,764 [DEBUG] cnn_neat: Removed hidden node 12 (pool=9)
2026-08-14 23:54:51,768 [DEBUG] cnn_neat: Removed edge 14→9 (from 8 candidates)
2026-08-14 23:54:51,773 [DEBUG] cnn_neat: Removed 3 edges (requested 3)
2026-08-14 23:54:51,778 [DEBUG] cnn_neat: Crossover rejected: union topology invalid (edges=36 nodes=24)
2026-08-14 23:54:51,782 [DEBUG] cnn_neat: Split edge 9→5, new hidden node 16 (pool=10)
2026-08-14 23:54:51,787 [DEBUG] cnn_neat: Added edge 11→12 (from 47 candidates)
2026-08-14 23:54:51,791 [DEBUG] cnn_neat: Added edge 9→6 (from 44 candidates)
2026-08-14 23:54:51,795 [DEBUG] cnn_neat: Added edge 12→2 (from 43 candidates)
2026-08-14 23:54:51,800 [DEBUG] cnn_neat: Added edge 9→2 (from 42 candidates)
2026-08-14 23:54:51,806 [DEBUG] cnn_neat: Added edge 12→6 (from 40 candidates)
2026-08-14 23:54:51,810 [DEBUG] cnn_neat: Split edge 2→1, new hidden node 17 (pool=10)
2026-08-14 23:54:51,815 [DEBUG] cnn_neat: Added edge 7→3 (from 63 candidates)
2026-08-14 23:54:51,822 [DEBUG] cnn_neat: Removed hidden node 12 (pool=10)
2026-08-14 23:54:51,825 [DEBUG] cnn_neat: Split edge 7→2, new hidden node 17 (pool=10)
2026-08-14 23:54:51,831 [DEBUG] cnn_neat: Added edge 5→15 (from 49 candidates)
2026-08-14 23:54:51,834 [DEBUG] cnn_neat: Removed edge 15→7 (from 7 candidates)
2026-08-14 23:54:51,841 [DEBUG] cnn_neat: Removed 3 edges (requested 3)
2026-08-14 23:54:51,846 [DEBUG] cnn_neat: Crossover rejected: union topology invalid (edges=35 nodes=26)
2026-08-14 23:54:51,850 [DEBUG] cnn_neat: Split edge 9→5, new hidden node 17 (pool=10)
2026-08-14 23:54:51,856 [DEBUG] cnn_neat: Added edge 12→9 (from 63 candidates)
2026-08-14 23:54:51,860 [DEBUG] cnn_neat: Added edge 14→2 (from 62 candidates)
2026-08-14 23:54:51,866 [DEBUG] cnn_neat: Added edge 12→5 (from 61 candidates)
2026-08-14 23:54:51,872 [DEBUG] cnn_neat: Added edge 14→16 (from 60 candidates)
2026-08-14 23:54:51,877 [DEBUG] cnn_neat: Added edge 11→15 (from 59 candidates)
2026-08-14 23:54:51,881 [DEBUG] cnn_neat: Split edge 6→7, new hidden node 18 (pool=10)
2026-08-14 23:54:51,886 [DEBUG] cnn_neat: Added edge 11→9 (from 58 candidates)
2026-08-14 23:54:51,896 [DEBUG] cnn_neat: Removed hidden node 15 (pool=10)
2026-08-14 23:54:51,899 [DEBUG] cnn_neat: Removed edge 6→2 (from 7 candidates)
2026-08-14 23:54:51,905 [DEBUG] cnn_neat: Removed 3 edges (requested 3)
2026-08-14 23:54:51,910 [DEBUG] cnn_neat: Crossover rejected: union topology invalid (edges=36 nodes=26)
2026-08-14 23:54:51,914 [DEBUG] cnn_neat: Split edge 6→2, new hidden node 18 (pool=10)
2026-08-14 23:54:51,920 [DEBUG] cnn_neat: Added edge 16→6 (from 58 candidates)
2026-08-14 23:54:51,924 [DEBUG] cnn_neat: Added edge 17→16 (from 56 candidates)
2026-08-14 23:54:51,929 [DEBUG] cnn_neat: Added edge 12→9 (from 55 candidates)
2026-08-14 23:54:51,934 [DEBUG] cnn_neat: Added edge 10→7 (from 54 candidates)
2026-08-14 23:54:51,939 [DEBUG] cnn_neat: Added edge 14→10 (from 53 candidates)
2026-08-14 23:54:51,942 [DEBUG] cnn_neat: Split edge 2→1, new hidden node 18 (pool=14)
2026-08-14 23:54:51,949 [DEBUG] cnn_neat: Added edge 15→6 (from 62 candidates)
2026-08-14 23:54:51,955 [DEBUG] cnn_neat: Removed hidden node 17 (pool=11)
2026-08-14 23:54:51,959 [DEBUG] cnn_neat: Removed edge 9→6 (from 8 candidates)
2026-08-14 23:54:51,966 [DEBUG] cnn_neat: Removed 3 edges (requested 3)
2026-08-14 23:54:51,971 [DEBUG] cnn_neat: Crossover rejected: union topology invalid (edges=35 nodes=26)
2026-08-14 23:54:51,975 [DEBUG] cnn_neat: Split edge 9→6, new hidden node 18 (pool=14)
2026-08-14 23:54:51,980 [DEBUG] cnn_neat: Added edge 10→2 (from 62 candidates)
2026-08-14 23:54:51,986 [DEBUG] cnn_neat: Added edge 14→2 (from 61 candidates)
2026-08-14 23:54:51,992 [DEBUG] cnn_neat: Added edge 5→3 (from 60 candidates)
2026-08-14 23:54:51,998 [DEBUG] cnn_neat: Added edge 10→3 (from 58 candidates)
2026-08-14 23:54:52,003 [DEBUG] cnn_neat: Added edge 14→6 (from 57 candidates)
2026-08-14 23:54:52,007 [DEBUG] cnn_neat: Split edge 5→6, new hidden node 18 (pool=10)
2026-08-14 23:54:52,012 [DEBUG] cnn_neat: Added edge 11→6 (from 63 candidates)
2026-08-14 23:54:52,023 [DEBUG] cnn_neat: Removed hidden node 12 (pool=10)
2026-08-14 23:54:52,026 [DEBUG] cnn_neat: Split edge 5→6, new hidden node 17 (pool=10)
2026-08-14 23:54:52,029 [DEBUG] cnn_neat: Removed edge 7→2 (from 7 candidates)
2026-08-14 23:54:52,036 [DEBUG] cnn_neat: Removed 3 edges (requested 3)
2026-08-14 23:54:52,042 [DEBUG] cnn_neat: Crossover rejected: union topology invalid (edges=34 nodes=26)
2026-08-14 23:54:52,046 [DEBUG] cnn_neat: Split edge 5→6, new hidden node 18 (pool=10)
2026-08-14 23:54:52,051 [DEBUG] cnn_neat: Added edge 12→6 (from 88 candidates)
2026-08-14 23:54:52,056 [DEBUG] cnn_neat: Added edge 11→5 (from 63 candidates)
2026-08-14 23:54:52,061 [DEBUG] cnn_neat: Added edge 10→7 (from 62 candidates)
2026-08-14 23:54:52,067 [DEBUG] cnn_neat: Added edge 17→10 (from 61 candidates)
2026-08-14 23:54:52,072 [DEBUG] cnn_neat: Added edge 5→15 (from 57 candidates)
2026-08-14 23:54:52,078 [DEBUG] cnn_neat: Added edge 14→2 (from 54 candidates)
2026-08-14 23:54:52,082 [DEBUG] cnn_neat: Split edge 6→7, new hidden node 17 (pool=14)
2026-08-14 23:54:52,088 [DEBUG] cnn_neat: Added edge 3→7 (from 55 candidates)
2026-08-14 23:54:52,094 [DEBUG] cnn_neat: Removed hidden node 3 (pool=10)
2026-08-14 23:54:52,099 [DEBUG] cnn_neat: Split edge 0→5, new hidden node 17 (pool=13)
2026-08-14 23:54:52,102 [DEBUG] cnn_neat: Removed edge 12→7 (from 11 candidates)
2026-08-14 23:54:52,109 [DEBUG] cnn_neat: Removed 3 edges (requested 3)
2026-08-14 23:54:52,112 [DEBUG] cnn_neat: Split edge 16→10, new hidden node 17 (pool=12)
2026-08-14 23:54:52,117 [DEBUG] cnn_neat: Crossover rejected: union topology invalid (edges=34 nodes=24)
2026-08-14 23:54:52,121 [DEBUG] cnn_neat: Split edge 14→9, new hidden node 17 (pool=14)
2026-08-14 23:54:52,127 [DEBUG] cnn_neat: Added edge 15→3 (from 55 candidates)
2026-08-14 23:54:52,132 [DEBUG] cnn_neat: Added edge 15→1 (from 52 candidates)
2026-08-14 23:54:52,137 [DEBUG] cnn_neat: Added edge 9→6 (from 51 candidates)
2026-08-14 23:54:52,142 [DEBUG] cnn_neat: Added edge 12→15 (from 50 candidates)
2026-08-14 23:54:52,148 [DEBUG] cnn_neat: Added edge 14→7 (from 49 candidates)
2026-08-14 23:54:52,152 [DEBUG] cnn_neat: Split edge 9→6, new hidden node 16 (pool=13)
2026-08-14 23:54:52,157 [DEBUG] cnn_neat: Added edge 12→1 (from 50 candidates)
2026-08-14 23:54:52,163 [DEBUG] cnn_neat: Removed hidden node 12 (pool=10)
2026-08-14 23:54:52,167 [DEBUG] cnn_neat: Split edge 9→5, new hidden node 16 (pool=9)
2026-08-14 23:54:52,171 [DEBUG] cnn_neat: Removed edge 7→2 (from 12 candidates)
2026-08-14 23:54:52,178 [DEBUG] cnn_neat: Removed 3 edges (requested 3)
2026-08-14 23:54:52,183 [DEBUG] cnn_neat: Crossover rejected: union topology invalid (edges=34 nodes=23)
2026-08-14 23:54:52,187 [DEBUG] cnn_neat: Split edge 12→9, new hidden node 16 (pool=13)
2026-08-14 23:54:52,191 [DEBUG] cnn_neat: Added edge 12→15 (from 50 candidates)
2026-08-14 23:54:52,196 [DEBUG] cnn_neat: Added edge 11→15 (from 49 candidates)
2026-08-14 23:54:52,201 [DEBUG] cnn_neat: Added edge 5→15 (from 52 candidates)
2026-08-14 23:54:52,206 [DEBUG] cnn_neat: Added edge 5→10 (from 49 candidates)
2026-08-14 23:54:52,211 [DEBUG] cnn_neat: Added edge 0→14 (from 40 candidates)
2026-08-14 23:54:52,215 [DEBUG] cnn_neat: Split edge 9→6, new hidden node 15 (pool=17)
2026-08-14 23:54:52,221 [DEBUG] cnn_neat: Added edge 12→7 (from 40 candidates)
2026-08-14 23:54:52,227 [DEBUG] cnn_neat: Removed hidden node 11 (pool=9)
2026-08-14 23:54:52,231 [DEBUG] cnn_neat: Removed edge 12→3 (from 16 candidates)
2026-08-14 23:54:52,239 [DEBUG] cnn_neat: Removed 3 edges (requested 3)
2026-08-14 23:54:52,244 [DEBUG] cnn_neat: Crossover rejected: union topology invalid (edges=38 nodes=23)
2026-08-14 23:54:52,248 [DEBUG] cnn_neat: Split edge 6→7, new hidden node 15 (pool=17)
2026-08-14 23:54:52,253 [DEBUG] cnn_neat: Added edge 2→3 (from 40 candidates)
2026-08-14 23:54:52,257 [DEBUG] cnn_neat: Added edge 12→1 (from 35 candidates)
2026-08-14 23:54:52,263 [DEBUG] cnn_neat: Added edge 14→3 (from 34 candidates)
2026-08-14 23:54:52,267 [DEBUG] cnn_neat: Added edge 12→2 (from 33 candidates)
2026-08-14 23:54:52,271 [DEBUG] cnn_neat: Added edge 6→3 (from 32 candidates)
2026-08-14 23:54:52,275 [DEBUG] cnn_neat: Split edge 0→11, new hidden node 18 (pool=10)
2026-08-14 23:54:52,282 [DEBUG] cnn_neat: Added edge 5→15 (from 55 candidates)
2026-08-14 23:54:52,448 [DEBUG] cnn_neat: Split edge 0→5, new hidden node 17 (pool=11)
2026-08-14 23:54:52,601 [DEBUG] cnn_neat: Added edge 10→1 (from 59 candidates)
2026-08-14 23:54:52,631 [DEBUG] cnn_neat: Removed hidden node 15 (pool=11)
2026-08-14 23:54:52,646 [DEBUG] cnn_neat: Removed edge 9→5 (from 14 candidates)
2026-08-14 23:54:52,669 [DEBUG] cnn_neat: Removed 3 edges (requested 3)
2026-08-14 23:54:52,682 [DEBUG] cnn_neat: Split edge 14→9, new hidden node 17 (pool=12)
2026-08-14 23:54:52,694 [DEBUG] cnn_neat: Split edge 9→6, new hidden node 17 (pool=10)
2026-08-14 23:54:52,706 [DEBUG] cnn_neat: Split edge 5→6, new hidden node 17 (pool=9)
2026-08-14 23:54:52,723 [DEBUG] cnn_neat: Split edge 9→5, new hidden node 15 (pool=19)
2026-08-14 23:54:52,735 [DEBUG] cnn_neat: Added edge 10→1 (from 38 candidates)
2026-08-14 23:54:52,757 [DEBUG] cnn_neat: Removed hidden node 3 (pool=9)
2026-08-14 23:54:52,769 [DEBUG] cnn_neat: Removed edge 0→5 (from 18 candidates)
2026-08-14 23:54:53,378 [DEBUG] cnn_neat: Removed 3 edges (requested 3)
2026-08-14 23:54:53,426 [DEBUG] cnn_neat: Split edge 2→1, new hidden node 17 (pool=10)
2026-08-14 23:54:53,457 [DEBUG] cnn_neat: Added edge 14→5 (from 62 candidates)
2026-08-14 23:54:53,495 [DEBUG] cnn_neat: Removed hidden node 3 (pool=10)
2026-08-14 23:54:53,513 [DEBUG] cnn_neat: Removed edge 12→7 (from 8 candidates)
2026-08-14 23:54:53,606 [DEBUG] cnn_neat: Removed 3 edges (requested 3)
2026-08-14 23:54:53,624 [DEBUG] cnn_neat: Split edge 0→11, new hidden node 17 (pool=10)
2026-08-14 23:54:53,645 [DEBUG] cnn_neat: Split edge 2→1, new hidden node 17 (pool=10)
2026-08-14 23:54:53,659 [DEBUG] cnn_neat: Added edge 11→10 (from 61 candidates)
2026-08-14 23:54:53,683 [DEBUG] cnn_neat: Added edge 10→3 (from 63 candidates)
2026-08-14 23:54:53,697 [DEBUG] cnn_neat: Split edge 12→9, new hidden node 16 (pool=14)
2026-08-14 23:54:53,706 [DEBUG] cnn_neat: Added edge 12→1 (from 49 candidates)
2026-08-14 23:54:53,725 [DEBUG] cnn_neat: Removed hidden node 10 (pool=10)
2026-08-14 23:54:53,731 [DEBUG] cnn_neat: Removed edge 7→2 (from 13 candidates)
2026-08-14 23:54:53,743 [DEBUG] cnn_neat: Removed 3 edges (requested 3)
2026-08-14 23:54:53,750 [DEBUG] cnn_neat: Split edge 7→2, new hidden node 17 (pool=9)
2026-08-14 23:54:53,759 [DEBUG] cnn_neat: Split edge 6→7, new hidden node 16 (pool=15)
2026-08-14 23:54:53,771 [DEBUG] cnn_neat: Split edge 9→6, new hidden node 17 (pool=15)
2026-08-14 23:54:53,780 [DEBUG] cnn_neat: Added edge 12→14 (from 47 candidates)
2026-08-14 23:54:53,794 [DEBUG] cnn_neat: Removed hidden node 15 (pool=10)
2026-08-14 23:54:53,801 [DEBUG] cnn_neat: Removed edge 7→2 (from 16 candidates)
2026-08-14 23:54:53,817 [DEBUG] cnn_neat: Removed 3 edges (requested 3)
2026-08-14 23:54:53,824 [DEBUG] cnn_neat: Split edge 12→10, new hidden node 17 (pool=16)
2026-08-14 23:54:53,830 [DEBUG] cnn_neat: Split edge 7→2, new hidden node 17 (pool=15)
2026-08-14 23:54:53,842 [DEBUG] cnn_neat: Split edge 9→5, new hidden node 15 (pool=18)
2026-08-14 23:54:53,851 [DEBUG] cnn_neat: Added edge 3→10 (from 39 candidates)
2026-08-14 23:54:53,865 [DEBUG] cnn_neat: Removed hidden node 12 (pool=9)
2026-08-14 23:54:53,873 [DEBUG] cnn_neat: Removed edge 14→10 (from 17 candidates)
2026-08-14 23:54:53,888 [DEBUG] cnn_neat: Removed 3 edges (requested 3)
2026-08-14 23:54:53,896 [DEBUG] cnn_neat: Split edge 5→3, new hidden node 16 (pool=14)
2026-08-14 23:54:53,904 [DEBUG] cnn_neat: Split edge 5→3, new hidden node 15 (pool=17)
2026-08-14 23:54:53,912 [DEBUG] cnn_neat: Added edge 14→15 (from 44 candidates)
2026-08-14 23:54:53,921 [DEBUG] cnn_neat: Added edge 2→3 (from 46 candidates)
2026-08-14 23:54:53,934 [DEBUG] cnn_neat: Split edge 9→6, new hidden node 17 (pool=14)
2026-08-14 23:54:53,943 [DEBUG] cnn_neat: Added edge 15→14 (from 61 candidates)
2026-08-14 23:54:53,956 [DEBUG] cnn_neat: Removed hidden node 9 (pool=11)
2026-08-14 23:54:53,964 [DEBUG] cnn_neat: Removed edge 12→7 (from 12 candidates)
2026-08-14 23:54:53,979 [DEBUG] cnn_neat: Removed 3 edges (requested 3)
2026-08-14 23:54:53,987 [DEBUG] cnn_neat: Split edge 6→7, new hidden node 18 (pool=10)
2026-08-14 23:54:53,995 [DEBUG] cnn_neat: Split edge 6→7, new hidden node 17 (pool=14)
2026-08-14 23:54:54,003 [DEBUG] cnn_neat: Split edge 11→14, new hidden node 17 (pool=8)
2026-08-14 23:54:54,017 [DEBUG] cnn_neat: Split edge 6→7, new hidden node 17 (pool=9)
2026-08-14 23:54:54,026 [DEBUG] cnn_neat: Added edge 9→7 (from 59 candidates)
2026-08-14 23:54:54,048 [DEBUG] cnn_neat: Removed hidden node 7 (pool=11)
2026-08-14 23:54:54,056 [DEBUG] cnn_neat: Removed edge 7→2 (from 11 candidates)
2026-08-14 23:54:54,073 [DEBUG] cnn_neat: Removed 3 edges (requested 3)
2026-08-14 23:54:54,083 [DEBUG] cnn_neat: Split edge 6→2, new hidden node 18 (pool=7)
2026-08-14 23:54:54,092 [DEBUG] cnn_neat: Split edge 5→6, new hidden node 17 (pool=10)
2026-08-14 23:54:54,193 [DEBUG] cnn_neat: Split edge 14→9, new hidden node 18 (pool=11)
2026-08-14 23:54:54,211 [DEBUG] cnn_neat: Added edge 11→9 (from 56 candidates)
2026-08-14 23:54:54,245 [DEBUG] cnn_neat: Removed hidden node 15 (pool=11)
2026-08-14 23:54:54,264 [DEBUG] cnn_neat: Removed edge 12→7 (from 14 candidates)
2026-08-14 23:54:54,309 [DEBUG] cnn_neat: Removed 3 edges (requested 3)
2026-08-14 23:54:54,332 [DEBUG] cnn_neat: Split edge 0→5, new hidden node 19 (pool=6)
2026-08-14 23:54:54,353 [DEBUG] cnn_neat: Split edge 5→6, new hidden node 18 (pool=14)
2026-08-14 23:54:54,378 [DEBUG] cnn_neat: Split edge 11→14, new hidden node 17 (pool=11)
2026-08-14 23:54:54,786 [DEBUG] cnn_neat: Added edge 11→5 (from 58 candidates)
2026-08-14 23:54:54,810 [DEBUG] cnn_neat: Split edge 0→5, new hidden node 17 (pool=9)
2026-08-14 23:54:54,827 [DEBUG] cnn_neat: Added edge 15→2 (from 63 candidates)
2026-08-14 23:54:54,901 [DEBUG] cnn_neat: Removed hidden node 16 (pool=11)
2026-08-14 23:54:54,917 [DEBUG] cnn_neat: Removed edge 15→7 (from 8 candidates)
2026-08-14 23:54:54,951 [DEBUG] cnn_neat: Removed 3 edges (requested 3)
2026-08-14 23:54:54,973 [DEBUG] cnn_neat: Split edge 5→6, new hidden node 17 (pool=9)
2026-08-14 23:54:54,995 [DEBUG] cnn_neat: Split edge 14→9, new hidden node 16 (pool=10)
2026-08-14 23:54:55,010 [DEBUG] cnn_neat: Split edge 14→9, new hidden node 17 (pool=8)
2026-08-14 23:54:55,419 [DEBUG] cnn_neat: Split edge 2→1, new hidden node 17 (pool=10)
2026-08-14 23:54:55,440 [DEBUG] cnn_neat: Split edge 5→6, new hidden node 16 (pool=13)
2026-08-14 23:54:55,458 [DEBUG] cnn_neat: Added edge 12→1 (from 50 candidates)
2026-08-14 23:54:55,488 [DEBUG] cnn_neat: Removed hidden node 3 (pool=10)
2026-08-14 23:54:55,506 [DEBUG] cnn_neat: Removed edge 2→3 (from 12 candidates)
2026-08-14 23:54:55,535 [DEBUG] cnn_neat: Removed 3 edges (requested 3)
2026-08-14 23:54:55,557 [DEBUG] cnn_neat: Split edge 12→9, new hidden node 16 (pool=12)
2026-08-14 23:54:55,578 [DEBUG] cnn_neat: Split edge 5→6, new hidden node 16 (pool=9)
2026-08-14 23:54:55,586 [DEBUG] cnn_neat: Split edge 12→3, new hidden node 16 (pool=11)
2026-08-14 23:54:55,653 [DEBUG] cnn_neat: Split edge 6→7, new hidden node 17 (pool=15)
2026-08-14 23:54:56,055 [DEBUG] cnn_neat: Added edge 5→16 (from 57 candidates)
2026-08-14 23:54:56,078 [DEBUG] cnn_neat: Split edge 11→14, new hidden node 17 (pool=13)
2026-08-14 23:54:56,098 [DEBUG] cnn_neat: Added edge 9→16 (from 50 candidates)
2026-08-14 23:54:56,130 [DEBUG] cnn_neat: Removed hidden node 14 (pool=9)
2026-08-14 23:54:56,148 [DEBUG] cnn_neat: Removed edge 12→9 (from 9 candidates)
2026-08-14 23:54:56,174 [DEBUG] cnn_neat: Removed 3 edges (requested 3)
2026-08-14 23:54:56,197 [DEBUG] cnn_neat: Split edge 0→5, new hidden node 17 (pool=14)
2026-08-14 23:54:56,217 [DEBUG] cnn_neat: Split edge 6→7, new hidden node 17 (pool=7)
2026-08-14 23:54:56,249 [DEBUG] cnn_neat: Split edge 6→2, new hidden node 17 (pool=10)
2026-08-14 23:54:56,269 [DEBUG] cnn_neat: Added edge 11→15 (from 61 candidates)
2026-08-14 23:54:56,687 [DEBUG] cnn_neat: Removed hidden node 3 (pool=11)
2026-08-14 23:54:56,708 [DEBUG] cnn_neat: Split edge 14→9, new hidden node 17 (pool=13)
2026-08-14 23:54:56,735 [DEBUG] cnn_neat: Added edge 12→6 (from 50 candidates)
2026-08-14 23:54:56,749 [DEBUG] cnn_neat: Removed hidden node 9 (pool=9)
2026-08-14 23:54:56,760 [DEBUG] cnn_neat: Removed edge 6→2 (from 9 candidates)
2026-08-14 23:54:56,820 [DEBUG] cnn_neat: Removed 3 edges (requested 3)
2026-08-14 23:54:56,826 [DEBUG] cnn_neat: Split edge 0→5, new hidden node 18 (pool=9)
2026-08-14 23:54:56,897 [DEBUG] cnn_neat: Split edge 11→14, new hidden node 17 (pool=13)
2026-08-14 23:54:56,903 [DEBUG] cnn_neat: Added edge 0→14 (from 50 candidates)
2026-08-14 23:54:57,370 [DEBUG] cnn_neat: Removed hidden node 7 (pool=10)
2026-08-14 23:54:57,383 [DEBUG] cnn_neat: Split edge 5→6, new hidden node 17 (pool=15)
2026-08-14 23:54:57,394 [DEBUG] cnn_neat: Added edge 14→7 (from 56 candidates)
2026-08-14 23:54:57,413 [DEBUG] cnn_neat: Removed hidden node 14 (pool=10)
2026-08-14 23:54:57,423 [DEBUG] cnn_neat: Removed edge 5→10 (from 12 candidates)
2026-08-14 23:54:57,444 [DEBUG] cnn_neat: Removed 3 edges (requested 3)
2026-08-14 23:54:57,454 [DEBUG] cnn_neat: Split edge 12→7, new hidden node 18 (pool=13)
2026-08-14 23:54:57,472 [DEBUG] cnn_neat: Split edge 5→6, new hidden node 16 (pool=12)
2026-08-14 23:54:57,482 [DEBUG] cnn_neat: Added edge 15→5 (from 45 candidates)
2026-08-14 23:54:57,498 [DEBUG] cnn_neat: Removed hidden node 9 (pool=9)
2026-08-14 23:54:57,507 [DEBUG] cnn_neat: Removed edge 14→9 (from 12 candidates)
2026-08-14 23:54:57,527 [DEBUG] cnn_neat: Removed 3 edges (requested 3)
2026-08-14 23:54:57,536 [DEBUG] cnn_neat: Split edge 10→15, new hidden node 17 (pool=18)
2026-08-14 23:54:57,553 [DEBUG] cnn_neat: Saved generation 37
2026-08-14 23:54:57,609 [DEBUG] cnn_neat: Split edge 0→11, new hidden node 17 (pool=13)
2026-08-14 23:54:57,650 [DEBUG] cnn_neat: Selected 25 elite individuals
2026-08-14 23:54:57,677 [DEBUG] cnn_neat: Added edge 14→6 (from 49 candidates)
2026-08-14 23:54:57,791 [DEBUG] cnn_neat: Removed hidden node 10 (pool=10)
2026-08-14 23:54:57,811 [DEBUG] cnn_neat: Removed edge 14→9 (from 10 candidates)
2026-08-14 23:54:57,839 [DEBUG] cnn_neat: Removed 3 edges (requested 3)
2026-08-14 23:54:57,856 [DEBUG] cnn_neat: Split edge 12→9, new hidden node 18 (pool=10)
2026-08-14 23:54:57,881 [DEBUG] cnn_neat: Split edge 2→1, new hidden node 17 (pool=11)
2026-08-14 23:54:57,894 [DEBUG] cnn_neat: Added edge 3→14 (from 62 candidates)
2026-08-14 23:54:57,929 [DEBUG] cnn_neat: Removed hidden node 12 (pool=11)
2026-08-14 23:54:57,941 [DEBUG] cnn_neat: Removed edge 9→6 (from 11 candidates)
2026-08-14 23:54:57,964 [DEBUG] cnn_neat: Removed 3 edges (requested 3)
2026-08-14 23:54:57,979 [DEBUG] cnn_neat: Split edge 11→14, new hidden node 18 (pool=14)
2026-08-14 23:54:57,981 [DEBUG] cnn_neat: Trimmed elite queue to 128 entries
2026-08-14 23:54:58,786 [DEBUG] cnn_neat: Split edge 6→7, new hidden node 16 (pool=8)
2026-08-14 23:54:58,790 [DEBUG] cnn_neat: Added edge 14→6 (from 36 candidates)
2026-08-14 23:54:58,798 [DEBUG] cnn_neat: Removed hidden node 15 (pool=8)
2026-08-14 23:54:58,802 [DEBUG] cnn_neat: Removed edge 14→9 (from 7 candidates)
2026-08-14 23:54:58,807 [DEBUG] cnn_neat: Removed 3 edges (requested 3)
2026-08-14 23:54:58,812 [DEBUG] cnn_neat: Crossover rejected: union topology invalid (edges=31 nodes=23)
2026-08-14 23:54:58,815 [DEBUG] cnn_neat: Split edge 2→1, new hidden node 16 (pool=8)
2026-08-14 23:54:58,819 [DEBUG] cnn_neat: Added edge 10→5 (from 36 candidates)
2026-08-14 23:54:58,823 [DEBUG] cnn_neat: Added edge 9→15 (from 33 candidates)
2026-08-14 23:54:58,827 [DEBUG] cnn_neat: Added edge 0→9 (from 31 candidates)
2026-08-14 23:54:58,832 [DEBUG] cnn_neat: Added edge 0→7 (from 37 candidates)
2026-08-14 23:54:58,837 [DEBUG] cnn_neat: Added edge 6→1 (from 29 candidates)
2026-08-14 23:54:58,841 [DEBUG] cnn_neat: Split edge 16→7, new hidden node 17 (pool=14)
2026-08-14 23:54:58,845 [DEBUG] cnn_neat: Added edge 9→7 (from 43 candidates)
2026-08-14 23:54:58,851 [DEBUG] cnn_neat: Removed hidden node 11 (pool=9)
2026-08-14 23:54:58,854 [DEBUG] cnn_neat: Removed edge 6→7 (from 12 candidates)
2026-08-14 23:54:58,861 [DEBUG] cnn_neat: Removed 3 edges (requested 3)
2026-08-14 23:54:58,866 [DEBUG] cnn_neat: Crossover rejected: union topology invalid (edges=35 nodes=24)
2026-08-14 23:54:58,870 [DEBUG] cnn_neat: Split edge 9→5, new hidden node 17 (pool=14)
2026-08-14 23:54:58,874 [DEBUG] cnn_neat: Added edge 16→2 (from 43 candidates)
2026-08-14 23:54:58,879 [DEBUG] cnn_neat: Added edge 11→3 (from 41 candidates)
2026-08-14 23:54:58,884 [DEBUG] cnn_neat: Added edge 3→1 (from 37 candidates)
2026-08-14 23:54:58,888 [DEBUG] cnn_neat: Added edge 14→7 (from 35 candidates)
2026-08-14 23:54:58,893 [DEBUG] cnn_neat: Added edge 0→9 (from 33 candidates)
2026-08-14 23:54:58,898 [DEBUG] cnn_neat: Split edge 6→2, new hidden node 15 (pool=15)
2026-08-14 23:54:58,903 [DEBUG] cnn_neat: Added edge 3→10 (from 31 candidates)
2026-08-14 23:54:58,909 [DEBUG] cnn_neat: Removed hidden node 11 (pool=8)
2026-08-14 23:54:58,913 [DEBUG] cnn_neat: Removed edge 11→10 (from 16 candidates)
2026-08-14 23:54:58,921 [DEBUG] cnn_neat: Removed 3 edges (requested 3)
2026-08-14 23:54:58,926 [DEBUG] cnn_neat: Crossover rejected: union topology invalid (edges=38 nodes=23)
2026-08-14 23:54:58,930 [DEBUG] cnn_neat: Split edge 6→2, new hidden node 15 (pool=15)
2026-08-14 23:54:58,934 [DEBUG] cnn_neat: Added edge 15→7 (from 37 candidates)
2026-08-14 23:54:58,940 [DEBUG] cnn_neat: Added edge 0→9 (from 31 candidates)
2026-08-14 23:54:58,944 [DEBUG] cnn_neat: Added edge 0→3 (from 29 candidates)
2026-08-14 23:54:58,949 [DEBUG] cnn_neat: Added edge 11→2 (from 31 candidates)
2026-08-14 23:54:58,953 [DEBUG] cnn_neat: Added edge 7→1 (from 26 candidates)
2026-08-14 23:54:58,958 [DEBUG] cnn_neat: Added edge 2→3 (from 25 candidates)
2026-08-14 23:54:58,962 [DEBUG] cnn_neat: Split edge 0→11, new hidden node 17 (pool=10)
2026-08-14 23:54:58,967 [DEBUG] cnn_neat: Added edge 11→6 (from 63 candidates)
2026-08-14 23:54:58,974 [DEBUG] cnn_neat: Removed hidden node 7 (pool=10)
2026-08-14 23:54:59,138 [DEBUG] cnn_neat: Split edge 9→5, new hidden node 17 (pool=11)
2026-08-14 23:54:59,290 [DEBUG] cnn_neat: Added edge 3→2 (from 59 candidates)
2026-08-14 23:54:59,314 [DEBUG] cnn_neat: Removed hidden node 16 (pool=11)
2026-08-14 23:54:59,326 [DEBUG] cnn_neat: Removed edge 14→10 (from 14 candidates)
2026-08-14 23:54:59,349 [DEBUG] cnn_neat: Removed 3 edges (requested 3)
2026-08-14 23:54:59,360 [DEBUG] cnn_neat: Split edge 0→5, new hidden node 17 (pool=11)
2026-08-14 23:54:59,372 [DEBUG] cnn_neat: Split edge 5→6, new hidden node 17 (pool=11)
2026-08-14 23:54:59,380 [DEBUG] cnn_neat: Split edge 2→1, new hidden node 17 (pool=10)
2026-08-14 23:54:59,398 [DEBUG] cnn_neat: Split edge 2→1, new hidden node 15 (pool=19)
2026-08-14 23:54:59,411 [DEBUG] cnn_neat: Added edge 9→7 (from 38 candidates)
2026-08-14 23:54:59,432 [DEBUG] cnn_neat: Removed hidden node 5 (pool=9)
2026-08-14 23:54:59,443 [DEBUG] cnn_neat: Removed edge 12→10 (from 18 candidates)
2026-08-14 23:54:59,466 [DEBUG] cnn_neat: Removed 3 edges (requested 3)
2026-08-14 23:55:00,046 [DEBUG] cnn_neat: Split edge 2→1, new hidden node 15 (pool=20)
2026-08-14 23:55:00,100 [DEBUG] cnn_neat: Split edge 14→9, new hidden node 17 (pool=10)
2026-08-14 23:55:00,139 [DEBUG] cnn_neat: Added edge 3→15 (from 62 candidates)
2026-08-14 23:55:00,180 [DEBUG] cnn_neat: Removed hidden node 7 (pool=10)
2026-08-14 23:55:00,198 [DEBUG] cnn_neat: Removed edge 12→3 (from 8 candidates)
2026-08-14 23:55:00,227 [DEBUG] cnn_neat: Removed 3 edges (requested 3)
2026-08-14 23:55:00,310 [DEBUG] cnn_neat: Split edge 11→14, new hidden node 17 (pool=10)
2026-08-14 23:55:00,316 [DEBUG] cnn_neat: Split edge 6→7, new hidden node 17 (pool=12)
2026-08-14 23:55:00,326 [DEBUG] cnn_neat: Added edge 10→3 (from 57 candidates)
2026-08-14 23:55:00,340 [DEBUG] cnn_neat: Added edge 10→2 (from 80 candidates)
2026-08-14 23:55:00,367 [DEBUG] cnn_neat: Split edge 9→6, new hidden node 16 (pool=14)
2026-08-14 23:55:00,373 [DEBUG] cnn_neat: Added edge 10→5 (from 49 candidates)
2026-08-14 23:55:00,389 [DEBUG] cnn_neat: Removed hidden node 15 (pool=10)
2026-08-14 23:55:00,397 [DEBUG] cnn_neat: Removed edge 15→7 (from 13 candidates)
2026-08-14 23:55:00,409 [DEBUG] cnn_neat: Removed 3 edges (requested 3)
2026-08-14 23:55:00,415 [DEBUG] cnn_neat: Split edge 12→7, new hidden node 17 (pool=12)
2026-08-14 23:55:00,422 [DEBUG] cnn_neat: Split edge 9→6, new hidden node 16 (pool=15)
2026-08-14 23:55:00,434 [DEBUG] cnn_neat: Split edge 0→5, new hidden node 17 (pool=15)
2026-08-14 23:55:00,441 [DEBUG] cnn_neat: Added edge 12→15 (from 47 candidates)
2026-08-14 23:55:00,455 [DEBUG] cnn_neat: Removed hidden node 9 (pool=10)
2026-08-14 23:55:00,461 [DEBUG] cnn_neat: Removed edge 9→5 (from 16 candidates)
2026-08-14 23:55:00,474 [DEBUG] cnn_neat: Removed 3 edges (requested 3)
2026-08-14 23:55:00,483 [DEBUG] cnn_neat: Split edge 15→7, new hidden node 18 (pool=21)
2026-08-14 23:55:00,489 [DEBUG] cnn_neat: Split edge 12→5, new hidden node 17 (pool=14)
2026-08-14 23:55:00,501 [DEBUG] cnn_neat: Split edge 12→3, new hidden node 15 (pool=18)
2026-08-14 23:55:00,509 [DEBUG] cnn_neat: Added edge 9→10 (from 39 candidates)
2026-08-14 23:55:00,521 [DEBUG] cnn_neat: Removed hidden node 9 (pool=9)
2026-08-14 23:55:00,529 [DEBUG] cnn_neat: Removed edge 6→7 (from 17 candidates)
2026-08-14 23:55:00,544 [DEBUG] cnn_neat: Removed 3 edges (requested 3)
2026-08-14 23:55:00,553 [DEBUG] cnn_neat: Split edge 11→14, new hidden node 16 (pool=15)
2026-08-14 23:55:00,560 [DEBUG] cnn_neat: Split edge 6→7, new hidden node 15 (pool=19)
2026-08-14 23:55:00,574 [DEBUG] cnn_neat: Split edge 9→5, new hidden node 17 (pool=14)
2026-08-14 23:55:00,582 [DEBUG] cnn_neat: Added edge 15→16 (from 61 candidates)
2026-08-14 23:55:00,601 [DEBUG] cnn_neat: Removed hidden node 7 (pool=11)
2026-08-14 23:55:00,609 [DEBUG] cnn_neat: Removed edge 12→10 (from 12 candidates)
2026-08-14 23:55:00,623 [DEBUG] cnn_neat: Removed 3 edges (requested 3)
2026-08-14 23:55:00,633 [DEBUG] cnn_neat: Split edge 6→2, new hidden node 18 (pool=10)
2026-08-14 23:55:00,646 [DEBUG] cnn_neat: Split edge 6→2, new hidden node 17 (pool=9)
2026-08-14 23:55:00,656 [DEBUG] cnn_neat: Added edge 12→1 (from 59 candidates)
2026-08-14 23:55:00,685 [DEBUG] cnn_neat: Removed hidden node 16 (pool=11)
2026-08-14 23:55:00,692 [DEBUG] cnn_neat: Removed edge 7→2 (from 11 candidates)
2026-08-14 23:55:00,703 [DEBUG] cnn_neat: Removed 3 edges (requested 3)
2026-08-14 23:55:00,711 [DEBUG] cnn_neat: Split edge 17→2, new hidden node 18 (pool=13)
2026-08-14 23:55:00,718 [DEBUG] cnn_neat: Split edge 6→7, new hidden node 17 (pool=9)
2026-08-14 23:55:00,726 [DEBUG] cnn_neat: Split edge 9→6, new hidden node 17 (pool=8)
2026-08-14 23:55:00,850 [DEBUG] cnn_neat: Split edge 6→2, new hidden node 18 (pool=11)
2026-08-14 23:55:00,869 [DEBUG] cnn_neat: Added edge 11→6 (from 56 candidates)
2026-08-14 23:55:00,899 [DEBUG] cnn_neat: Removed hidden node 5 (pool=11)
2026-08-14 23:55:00,919 [DEBUG] cnn_neat: Removed edge 6→2 (from 14 candidates)
2026-08-14 23:55:00,948 [DEBUG] cnn_neat: Removed 3 edges (requested 3)
2026-08-14 23:55:00,968 [DEBUG] cnn_neat: Split edge 5→6, new hidden node 19 (pool=14)
2026-08-14 23:55:00,984 [DEBUG] cnn_neat: Split edge 11→6, new hidden node 18 (pool=11)
2026-08-14 23:55:01,009 [DEBUG] cnn_neat: Split edge 6→7, new hidden node 17 (pool=11)
2026-08-14 23:55:01,024 [DEBUG] cnn_neat: Added edge 11→9 (from 58 candidates)
2026-08-14 23:55:01,056 [DEBUG] cnn_neat: Removed hidden node 3 (pool=11)
2026-08-14 23:55:01,456 [DEBUG] cnn_neat: Removed edge 9→6 (from 15 candidates)
2026-08-14 23:55:01,473 [DEBUG] cnn_neat: Split edge 7→2, new hidden node 17 (pool=9)
2026-08-14 23:55:01,493 [DEBUG] cnn_neat: Added edge 7→1 (from 63 candidates)
2026-08-14 23:55:01,560 [DEBUG] cnn_neat: Removed hidden node 9 (pool=11)
2026-08-14 23:55:01,571 [DEBUG] cnn_neat: Removed edge 7→2 (from 8 candidates)
2026-08-14 23:55:01,605 [DEBUG] cnn_neat: Removed 3 edges (requested 3)
2026-08-14 23:55:01,627 [DEBUG] cnn_neat: Split edge 9→6, new hidden node 18 (pool=7)
2026-08-14 23:55:02,017 [DEBUG] cnn_neat: Split edge 9→6, new hidden node 17 (pool=7)
2026-08-14 23:55:02,041 [DEBUG] cnn_neat: Split edge 14→9, new hidden node 17 (pool=10)
2026-08-14 23:55:02,057 [DEBUG] cnn_neat: Added edge 5→10 (from 61 candidates)
2026-08-14 23:55:02,083 [DEBUG] cnn_neat: Removed hidden node 12 (pool=11)
2026-08-14 23:55:02,103 [DEBUG] cnn_neat: Removed edge 12→3 (from 9 candidates)
2026-08-14 23:55:02,130 [DEBUG] cnn_neat: Removed 3 edges (requested 3)
2026-08-14 23:55:02,148 [DEBUG] cnn_neat: Split edge 0→5, new hidden node 18 (pool=6)
2026-08-14 23:55:02,168 [DEBUG] cnn_neat: Split edge 10→15, new hidden node 17 (pool=13)
2026-08-14 23:55:02,178 [DEBUG] cnn_neat: Split edge 0→11, new hidden node 17 (pool=10)
2026-08-14 23:55:02,203 [DEBUG] cnn_neat: Split edge 9→6, new hidden node 16 (pool=13)
2026-08-14 23:55:02,649 [DEBUG] cnn_neat: Added edge 14→7 (from 50 candidates)
2026-08-14 23:55:02,671 [DEBUG] cnn_neat: Split edge 9→6, new hidden node 17 (pool=14)
2026-08-14 23:55:02,692 [DEBUG] cnn_neat: Added edge 15→6 (from 48 candidates)
2026-08-14 23:55:02,725 [DEBUG] cnn_neat: Removed hidden node 5 (pool=10)
2026-08-14 23:55:02,744 [DEBUG] cnn_neat: Removed edge 14→9 (from 15 candidates)
2026-08-14 23:55:02,782 [DEBUG] cnn_neat: Removed 3 edges (requested 3)
2026-08-14 23:55:02,804 [DEBUG] cnn_neat: Split edge 6→2, new hidden node 18 (pool=10)
2026-08-14 23:55:02,829 [DEBUG] cnn_neat: Split edge 0→11, new hidden node 17 (pool=17)
2026-08-14 23:55:02,852 [DEBUG] cnn_neat: Added edge 12→1 (from 51 candidates)
2026-08-14 23:55:02,880 [DEBUG] cnn_neat: Removed hidden node 3 (pool=10)
2026-08-14 23:55:03,273 [DEBUG] cnn_neat: Removed edge 9→5 (from 14 candidates)
2026-08-14 23:55:03,291 [DEBUG] cnn_neat: Split edge 7→2, new hidden node 17 (pool=13)
2026-08-14 23:55:03,309 [DEBUG] cnn_neat: Added edge 9→3 (from 62 candidates)
2026-08-14 23:55:03,319 [DEBUG] cnn_neat: Removed hidden node 7 (pool=11)
2026-08-14 23:55:03,333 [DEBUG] cnn_neat: Removed edge 12→7 (from 11 candidates)
2026-08-14 23:55:03,355 [DEBUG] cnn_neat: Removed 3 edges (requested 3)
2026-08-14 23:55:03,366 [DEBUG] cnn_neat: Split edge 14→9, new hidden node 17 (pool=15)
2026-08-14 23:55:03,377 [DEBUG] cnn_neat: Split edge 11→14, new hidden node 17 (pool=11)
2026-08-14 23:55:03,393 [DEBUG] cnn_neat: Split edge 6→7, new hidden node 17 (pool=11)
2026-08-14 23:55:03,398 [DEBUG] cnn_neat: Added edge 11→16 (from 60 candidates)
2026-08-14 23:55:03,405 [DEBUG] cnn_neat: Removed hidden node 3 (pool=11)
2026-08-14 23:55:03,409 [DEBUG] cnn_neat: Removed edge 12→5 (from 13 candidates)
2026-08-14 23:55:03,416 [DEBUG] cnn_neat: Removed 3 edges (requested 3)
2026-08-14 23:55:03,421 [DEBUG] cnn_neat: Split edge 5→16, new hidden node 17 (pool=13)
2026-08-14 23:55:03,424 [DEBUG] cnn_neat: Split edge 7→2, new hidden node 17 (pool=14)
2026-08-14 23:55:03,432 [DEBUG] cnn_neat: Split edge 6→7, new hidden node 17 (pool=8)
2026-08-14 23:55:03,436 [DEBUG] cnn_neat: Added edge 11→3 (from 60 candidates)
2026-08-14 23:55:03,442 [DEBUG] cnn_neat: Removed hidden node 7 (pool=11)
2026-08-14 23:55:03,445 [DEBUG] cnn_neat: Removed edge 7→2 (from 10 candidates)
2026-08-14 23:55:03,451 [DEBUG] cnn_neat: Removed 3 edges (requested 3)
2026-08-14 23:55:03,455 [DEBUG] cnn_neat: Split edge 6→2, new hidden node 17 (pool=9)
2026-08-14 23:55:03,458 [DEBUG] cnn_neat: Split edge 0→5, new hidden node 17 (pool=6)
2026-08-14 23:55:03,465 [DEBUG] cnn_neat: Split edge 5→6, new hidden node 17 (pool=17)
2026-08-14 23:55:03,470 [DEBUG] cnn_neat: Added edge 12→6 (from 46 candidates)
2026-08-14 23:55:03,476 [DEBUG] cnn_neat: Removed hidden node 15 (pool=10)
2026-08-14 23:55:03,480 [DEBUG] cnn_neat: Removed edge 14→9 (from 17 candidates)
2026-08-14 23:55:03,488 [DEBUG] cnn_neat: Removed 3 edges (requested 3)
2026-08-14 23:55:03,492 [DEBUG] cnn_neat: Split edge 7→2, new hidden node 18 (pool=22)
2026-08-14 23:55:03,500 [DEBUG] cnn_neat: Split edge 9→5, new hidden node 18 (pool=11)
2026-08-14 23:55:03,505 [DEBUG] cnn_neat: Added edge 12→11 (from 57 candidates)
2026-08-14 23:55:03,512 [DEBUG] cnn_neat: Removed hidden node 12 (pool=11)
2026-08-14 23:55:03,516 [DEBUG] cnn_neat: Removed edge 9→5 (from 14 candidates)
2026-08-14 23:55:03,523 [DEBUG] cnn_neat: Removed 3 edges (requested 3)
2026-08-14 23:55:03,528 [DEBUG] cnn_neat: Split edge 5→6, new hidden node 19 (pool=7)
2026-08-14 23:55:03,535 [DEBUG] cnn_neat: Split edge 2→1, new hidden node 17 (pool=8)
2026-08-14 23:55:03,539 [DEBUG] cnn_neat: Added edge 10→9 (from 64 candidates)
2026-08-14 23:55:03,548 [DEBUG] cnn_neat: Removed hidden node 12 (pool=11)
2026-08-14 23:55:03,551 [DEBUG] cnn_neat: Removed edge 16→5 (from 8 candidates)
2026-08-14 23:55:03,558 [DEBUG] cnn_neat: Removed 3 edges (requested 3)
2026-08-14 23:55:03,562 [DEBUG] cnn_neat: Split edge 14→10, new hidden node 18 (pool=15)
2026-08-14 23:55:03,569 [DEBUG] cnn_neat: Split edge 9→5, new hidden node 18 (pool=10)
2026-08-14 23:55:03,574 [DEBUG] cnn_neat: Added edge 10→1 (from 60 candidates)
2026-08-14 23:55:03,584 [DEBUG] cnn_neat: Removed hidden node 12 (pool=10)
2026-08-14 23:55:03,587 [DEBUG] cnn_neat: Removed edge 15→7 (from 8 candidates)
2026-08-14 23:55:03,593 [DEBUG] cnn_neat: Removed 3 edges (requested 3)
2026-08-14 23:55:03,597 [DEBUG] cnn_neat: Split edge 6→2, new hidden node 19 (pool=6)
2026-08-14 23:55:03,601 [DEBUG] cnn_neat: Split edge 2→1, new hidden node 18 (pool=11)
2026-08-14 23:55:03,608 [DEBUG] cnn_neat: Split edge 9→5, new hidden node 17 (pool=10)
2026-08-14 23:55:03,612 [DEBUG] cnn_neat: Added edge 14→6 (from 59 candidates)
2026-08-14 23:55:03,623 [DEBUG] cnn_neat: Removed hidden node 7 (pool=10)
2026-08-14 23:55:03,626 [DEBUG] cnn_neat: Removed edge 15→7 (from 9 candidates)
2026-08-14 23:55:03,633 [DEBUG] cnn_neat: Removed 3 edges (requested 3)
2026-08-14 23:55:03,637 [DEBUG] cnn_neat: Split edge 5→6, new hidden node 18 (pool=6)
2026-08-14 23:55:03,641 [DEBUG] cnn_neat: Split edge 7→2, new hidden node 17 (pool=10)
2026-08-14 23:55:03,648 [DEBUG] cnn_neat: Split edge 10→3, new hidden node 17 (pool=11)
2026-08-14 23:55:03,653 [DEBUG] cnn_neat: Added edge 5→3 (from 59 candidates)
2026-08-14 23:55:03,664 [DEBUG] cnn_neat: Removed hidden node 3 (pool=11)
2026-08-14 23:55:03,668 [DEBUG] cnn_neat: Removed edge 12→16 (from 12 candidates)
2026-08-14 23:55:03,675 [DEBUG] cnn_neat: Removed 3 edges (requested 3)
2026-08-14 23:55:03,679 [DEBUG] cnn_neat: Split edge 6→2, new hidden node 18 (pool=9)
2026-08-14 23:55:03,687 [DEBUG] cnn_neat: Split edge 11→16, new hidden node 17 (pool=12)
2026-08-14 23:55:03,691 [DEBUG] cnn_neat: Added edge 3→6 (from 61 candidates)
2026-08-14 23:55:03,701 [DEBUG] cnn_neat: Removed hidden node 3 (pool=11)
2026-08-14 23:55:03,705 [DEBUG] cnn_neat: Removed edge 11→16 (from 10 candidates)
2026-08-14 23:55:03,711 [DEBUG] cnn_neat: Removed 3 edges (requested 3)
2026-08-14 23:55:03,715 [DEBUG] cnn_neat: Split edge 14→9, new hidden node 18 (pool=9)
2026-08-14 23:55:03,719 [DEBUG] cnn_neat: Split edge 6→7, new hidden node 17 (pool=12)
2026-08-14 23:55:03,770 [DEBUG] cnn_neat: Split edge 6→7, new hidden node 16 (pool=14)
2026-08-14 23:55:03,785 [DEBUG] cnn_neat: Added edge 3→1 (from 50 candidates)
2026-08-14 23:55:04,247 [DEBUG] cnn_neat: Removed hidden node 10 (pool=10)
2026-08-14 23:55:04,260 [DEBUG] cnn_neat: Split edge 6→7, new hidden node 18 (pool=11)
2026-08-14 23:55:04,269 [DEBUG] cnn_neat: Added edge 11→10 (from 57 candidates)
2026-08-14 23:55:04,297 [DEBUG] cnn_neat: Removed hidden node 17 (pool=11)
2026-08-14 23:55:04,304 [DEBUG] cnn_neat: Removed edge 9→6 (from 10 candidates)
2026-08-14 23:55:04,317 [DEBUG] cnn_neat: Removed 3 edges (requested 3)
2026-08-14 23:55:04,324 [DEBUG] cnn_neat: Split edge 9→5, new hidden node 19 (pool=9)
2026-08-14 23:55:04,330 [DEBUG] cnn_neat: Split edge 0→11, new hidden node 18 (pool=14)
2026-08-14 23:55:04,341 [DEBUG] cnn_neat: Split edge 11→14, new hidden node 17 (pool=15)
2026-08-14 23:55:04,352 [DEBUG] cnn_neat: Added edge 6→16 (from 48 candidates)
2026-08-14 23:55:04,372 [DEBUG] cnn_neat: Removed hidden node 9 (pool=10)
2026-08-14 23:55:04,382 [DEBUG] cnn_neat: Removed edge 6→2 (from 12 candidates)
2026-08-14 23:55:04,399 [DEBUG] cnn_neat: Removed 3 edges (requested 3)
2026-08-14 23:55:04,409 [DEBUG] cnn_neat: Split edge 6→7, new hidden node 18 (pool=10)
2026-08-14 23:55:04,422 [DEBUG] cnn_neat: Split edge 6→2, new hidden node 17 (pool=17)
2026-08-14 23:55:04,430 [DEBUG] cnn_neat: Added edge 0→10 (from 50 candidates)
2026-08-14 23:55:04,448 [DEBUG] cnn_neat: Removed hidden node 7 (pool=10)
2026-08-14 23:55:04,455 [DEBUG] cnn_neat: Removed edge 14→9 (from 14 candidates)
2026-08-14 23:55:04,468 [DEBUG] cnn_neat: Saved generation 38
2026-08-14 23:55:04,563 [DEBUG] cnn_neat: Selected 25 elite individuals
2026-08-14 23:55:04,568 [DEBUG] cnn_neat: Removed 3 edges (requested 3)
2026-08-14 23:55:04,598 [DEBUG] cnn_neat: Split edge 17→2, new hidden node 18 (pool=16)
2026-08-14 23:55:04,700 [DEBUG] cnn_neat: Split edge 5→6, new hidden node 17 (pool=8)
2026-08-14 23:55:04,721 [DEBUG] cnn_neat: Added edge 16→1 (from 61 candidates)
2026-08-14 23:55:04,770 [DEBUG] cnn_neat: Removed hidden node 3 (pool=11)
2026-08-14 23:55:04,787 [DEBUG] cnn_neat: Removed edge 12→9 (from 9 candidates)
2026-08-14 23:55:04,804 [DEBUG] cnn_neat: Removed 3 edges (requested 3)
2026-08-14 23:55:04,816 [DEBUG] cnn_neat: Split edge 10→15, new hidden node 18 (pool=10)
2026-08-14 23:55:04,830 [DEBUG] cnn_neat: Split edge 6→2, new hidden node 16 (pool=13)
2026-08-14 23:55:04,841 [DEBUG] cnn_neat: Added edge 11→10 (from 50 candidates)
2026-08-14 23:55:04,859 [DEBUG] cnn_neat: Removed hidden node 9 (pool=10)
2026-08-14 23:55:04,869 [DEBUG] cnn_neat: Removed edge 6→2 (from 12 candidates)
2026-08-14 23:55:04,887 [DEBUG] cnn_neat: Removed 3 edges (requested 3)
2026-08-14 23:55:04,898 [DEBUG] cnn_neat: Trimmed elite queue to 128 entries
2026-08-14 23:55:05,679 [DEBUG] cnn_neat: Split edge 14→10, new hidden node 17 (pool=17)
2026-08-14 23:55:05,853 [DEBUG] cnn_neat: Split edge 6→2, new hidden node 17 (pool=11)
2026-08-14 23:55:05,994 [DEBUG] cnn_neat: Added edge 12→11 (from 59 candidates)
2026-08-14 23:55:06,020 [DEBUG] cnn_neat: Removed hidden node 7 (pool=11)
2026-08-14 23:55:06,032 [DEBUG] cnn_neat: Removed edge 9→6 (from 14 candidates)
2026-08-14 23:55:06,050 [DEBUG] cnn_neat: Removed 3 edges (requested 3)
2026-08-14 23:55:06,062 [DEBUG] cnn_neat: Split edge 10→15, new hidden node 18 (pool=14)
2026-08-14 23:55:06,073 [DEBUG] cnn_neat: Split edge 6→7, new hidden node 17 (pool=11)
2026-08-14 23:55:06,088 [DEBUG] cnn_neat: Split edge 11→14, new hidden node 15 (pool=19)
2026-08-14 23:55:06,099 [DEBUG] cnn_neat: Added edge 12→2 (from 38 candidates)
2026-08-14 23:55:06,116 [DEBUG] cnn_neat: Removed hidden node 14 (pool=9)
2026-08-14 23:55:06,128 [DEBUG] cnn_neat: Removed edge 12→5 (from 18 candidates)
2026-08-14 23:55:06,148 [DEBUG] cnn_neat: Removed 3 edges (requested 3)
2026-08-14 23:55:06,158 [DEBUG] cnn_neat: Split edge 12→2, new hidden node 15 (pool=20)
2026-08-14 23:55:06,168 [DEBUG] cnn_neat: Split edge 7→2, new hidden node 15 (pool=18)
2026-08-14 23:55:06,178 [DEBUG] cnn_neat: Added edge 9→1 (from 37 candidates)
2026-08-14 23:55:06,190 [DEBUG] cnn_neat: Added edge 3→2 (from 48 candidates)
2026-08-14 23:55:06,783 [DEBUG] cnn_neat: Split edge 11→14, new hidden node 17 (pool=10)
2026-08-14 23:55:06,822 [DEBUG] cnn_neat: Split edge 6→7, new hidden node 16 (pool=14)
2026-08-14 23:55:06,855 [DEBUG] cnn_neat: Added edge 0→3 (from 49 candidates)
2026-08-14 23:55:06,918 [DEBUG] cnn_neat: Removed hidden node 3 (pool=10)
2026-08-14 23:55:06,936 [DEBUG] cnn_neat: Removed edge 15→7 (from 13 candidates)
2026-08-14 23:55:07,031 [DEBUG] cnn_neat: Removed 3 edges (requested 3)
2026-08-14 23:55:07,041 [DEBUG] cnn_neat: Split edge 0→5, new hidden node 17 (pool=12)
2026-08-14 23:55:07,061 [DEBUG] cnn_neat: Split edge 0→3, new hidden node 16 (pool=11)
2026-08-14 23:55:07,074 [DEBUG] cnn_neat: Split edge 9→5, new hidden node 17 (pool=15)
2026-08-14 23:55:07,083 [DEBUG] cnn_neat: Added edge 16→6 (from 47 candidates)
2026-08-14 23:55:07,096 [DEBUG] cnn_neat: Removed hidden node 15 (pool=10)
2026-08-14 23:55:07,103 [DEBUG] cnn_neat: Removed edge 12→5 (from 16 candidates)
2026-08-14 23:55:07,118 [DEBUG] cnn_neat: Removed 3 edges (requested 3)
2026-08-14 23:55:07,126 [DEBUG] cnn_neat: Split edge 6→2, new hidden node 18 (pool=11)
2026-08-14 23:55:07,134 [DEBUG] cnn_neat: Split edge 2→1, new hidden node 17 (pool=14)
2026-08-14 23:55:07,141 [DEBUG] cnn_neat: Split edge 5→6, new hidden node 17 (pool=12)
2026-08-14 23:55:07,154 [DEBUG] cnn_neat: Split edge 11→14, new hidden node 15 (pool=18)
2026-08-14 23:55:07,162 [DEBUG] cnn_neat: Added edge 6→3 (from 39 candidates)
2026-08-14 23:55:07,173 [DEBUG] cnn_neat: Removed hidden node 14 (pool=9)
2026-08-14 23:55:07,181 [DEBUG] cnn_neat: Removed edge 9→6 (from 17 candidates)
2026-08-14 23:55:07,195 [DEBUG] cnn_neat: Removed 3 edges (requested 3)
2026-08-14 23:55:07,202 [DEBUG] cnn_neat: Split edge 14→9, new hidden node 15 (pool=19)
2026-08-14 23:55:07,208 [DEBUG] cnn_neat: Split edge 9→5, new hidden node 15 (pool=12)
2026-08-14 23:55:07,215 [DEBUG] cnn_neat: Added edge 12→5 (from 37 candidates)
2026-08-14 23:55:07,222 [DEBUG] cnn_neat: Added edge 6→3 (from 48 candidates)
2026-08-14 23:55:07,236 [DEBUG] cnn_neat: Split edge 11→14, new hidden node 17 (pool=14)
2026-08-14 23:55:07,245 [DEBUG] cnn_neat: Added edge 10→2 (from 61 candidates)
2026-08-14 23:55:07,276 [DEBUG] cnn_neat: Removed hidden node 16 (pool=11)
2026-08-14 23:55:07,284 [DEBUG] cnn_neat: Removed edge 12→9 (from 12 candidates)
2026-08-14 23:55:07,298 [DEBUG] cnn_neat: Removed 3 edges (requested 3)
2026-08-14 23:55:07,305 [DEBUG] cnn_neat: Split edge 6→7, new hidden node 17 (pool=13)
2026-08-14 23:55:07,313 [DEBUG] cnn_neat: Split edge 9→6, new hidden node 16 (pool=13)
2026-08-14 23:55:07,320 [DEBUG] cnn_neat: Split edge 5→10, new hidden node 17 (pool=13)
2026-08-14 23:55:07,333 [DEBUG] cnn_neat: Split edge 5→6, new hidden node 17 (pool=9)
2026-08-14 23:55:07,342 [DEBUG] cnn_neat: Added edge 11→16 (from 59 candidates)
2026-08-14 23:55:07,356 [DEBUG] cnn_neat: Removed hidden node 9 (pool=11)
2026-08-14 23:55:07,363 [DEBUG] cnn_neat: Removed edge 16→5 (from 11 candidates)
2026-08-14 23:55:07,376 [DEBUG] cnn_neat: Removed 3 edges (requested 3)
2026-08-14 23:55:07,385 [DEBUG] cnn_neat: Split edge 12→10, new hidden node 17 (pool=14)
2026-08-14 23:55:07,391 [DEBUG] cnn_neat: Split edge 6→2, new hidden node 17 (pool=8)
2026-08-14 23:55:07,401 [DEBUG] cnn_neat: Added edge 11→5 (from 61 candidates)
2026-08-14 23:55:07,408 [DEBUG] cnn_neat: Added edge 11→10 (from 70 candidates)
2026-08-14 23:55:07,508 [DEBUG] cnn_neat: Split edge 0→11, new hidden node 18 (pool=11)
2026-08-14 23:55:07,532 [DEBUG] cnn_neat: Added edge 17→15 (from 56 candidates)
2026-08-14 23:55:07,583 [DEBUG] cnn_neat: Removed hidden node 12 (pool=11)
2026-08-14 23:55:07,606 [DEBUG] cnn_neat: Removed edge 12→5 (from 14 candidates)
2026-08-14 23:55:07,642 [DEBUG] cnn_neat: Removed 3 edges (requested 3)
2026-08-14 23:55:07,666 [DEBUG] cnn_neat: Split edge 9→5, new hidden node 18 (pool=11)
2026-08-14 23:55:07,686 [DEBUG] cnn_neat: Split edge 9→6, new hidden node 18 (pool=12)
2026-08-14 23:55:07,715 [DEBUG] cnn_neat: Split edge 0→5, new hidden node 17 (pool=11)
2026-08-14 23:55:07,735 [DEBUG] cnn_neat: Added edge 10→3 (from 58 candidates)
2026-08-14 23:55:08,165 [DEBUG] cnn_neat: Removed hidden node 15 (pool=11)
2026-08-14 23:55:08,183 [DEBUG] cnn_neat: Split edge 2→1, new hidden node 17 (pool=9)
2026-08-14 23:55:08,201 [DEBUG] cnn_neat: Added edge 16→1 (from 63 candidates)
2026-08-14 23:55:08,225 [DEBUG] cnn_neat: Removed hidden node 15 (pool=11)
2026-08-14 23:55:08,237 [DEBUG] cnn_neat: Removed edge 9→5 (from 8 candidates)
2026-08-14 23:55:08,257 [DEBUG] cnn_neat: Removed 3 edges (requested 3)
2026-08-14 23:55:08,276 [DEBUG] cnn_neat: Split edge 14→10, new hidden node 18 (pool=16)
2026-08-14 23:55:08,294 [DEBUG] cnn_neat: Split edge 6→7, new hidden node 17 (pool=9)
2026-08-14 23:55:08,312 [DEBUG] cnn_neat: Added edge 12→15 (from 74 candidates)
2026-08-14 23:55:08,326 [DEBUG] cnn_neat: Added edge 15→2 (from 59 candidates)
2026-08-14 23:55:08,749 [DEBUG] cnn_neat: Split edge 0→11, new hidden node 17 (pool=10)
2026-08-14 23:55:08,770 [DEBUG] cnn_neat: Split edge 7→2, new hidden node 16 (pool=13)
2026-08-14 23:55:08,784 [DEBUG] cnn_neat: Added edge 15→2 (from 50 candidates)
2026-08-14 23:55:08,806 [DEBUG] cnn_neat: Removed hidden node 15 (pool=10)
2026-08-14 23:55:08,824 [DEBUG] cnn_neat: Removed edge 7→2 (from 12 candidates)
2026-08-14 23:55:08,850 [DEBUG] cnn_neat: Removed 3 edges (requested 3)
2026-08-14 23:55:08,869 [DEBUG] cnn_neat: Split edge 2→1, new hidden node 16 (pool=13)
2026-08-14 23:55:08,883 [DEBUG] cnn_neat: Split edge 2→1, new hidden node 15 (pool=16)
2026-08-14 23:55:09,345 [DEBUG] cnn_neat: Split edge 2→1, new hidden node 17 (pool=17)
2026-08-14 23:55:09,363 [DEBUG] cnn_neat: Split edge 9→5, new hidden node 17 (pool=8)
2026-08-14 23:55:09,378 [DEBUG] cnn_neat: Added edge 7→1 (from 62 candidates)
2026-08-14 23:55:09,406 [DEBUG] cnn_neat: Removed hidden node 9 (pool=11)
2026-08-14 23:55:09,420 [DEBUG] cnn_neat: Removed edge 9→5 (from 9 candidates)
2026-08-14 23:55:09,449 [DEBUG] cnn_neat: Removed 3 edges (requested 3)
2026-08-14 23:55:09,468 [DEBUG] cnn_neat: Split edge 2→1, new hidden node 18 (pool=6)
2026-08-14 23:55:09,500 [DEBUG] cnn_neat: Split edge 0→11, new hidden node 18 (pool=11)
2026-08-14 23:55:09,516 [DEBUG] cnn_neat: Added edge 9→10 (from 60 candidates)
2026-08-14 23:55:09,954 [DEBUG] cnn_neat: Removed hidden node 15 (pool=11)
2026-08-14 23:55:09,973 [DEBUG] cnn_neat: Split edge 7→2, new hidden node 17 (pool=10)
2026-08-14 23:55:09,991 [DEBUG] cnn_neat: Added edge 9→2 (from 61 candidates)
2026-08-14 23:55:10,033 [DEBUG] cnn_neat: Removed hidden node 7 (pool=11)
2026-08-14 23:55:10,049 [DEBUG] cnn_neat: Removed edge 12→3 (from 9 candidates)
2026-08-14 23:55:10,105 [DEBUG] cnn_neat: Removed 3 edges (requested 3)
2026-08-14 23:55:10,119 [DEBUG] cnn_neat: Split edge 11→14, new hidden node 17 (pool=11)
2026-08-14 23:55:10,588 [DEBUG] cnn_neat: Split edge 0→11, new hidden node 17 (pool=9)
2026-08-14 23:55:10,600 [DEBUG] cnn_neat: Split edge 12→5, new hidden node 16 (pool=14)
2026-08-14 23:55:10,607 [DEBUG] cnn_neat: Added edge 5→7 (from 49 candidates)
2026-08-14 23:55:10,639 [DEBUG] cnn_neat: Removed hidden node 3 (pool=10)
2026-08-14 23:55:10,645 [DEBUG] cnn_neat: Removed edge 10→15 (from 13 candidates)
2026-08-14 23:55:10,657 [DEBUG] cnn_neat: Removed 3 edges (requested 3)
2026-08-14 23:55:10,665 [DEBUG] cnn_neat: Split edge 9→6, new hidden node 17 (pool=9)
2026-08-14 23:55:10,677 [DEBUG] cnn_neat: Split edge 0→5, new hidden node 17 (pool=10)
2026-08-14 23:55:10,685 [DEBUG] cnn_neat: Added edge 15→2 (from 41 candidates)
2026-08-14 23:55:10,698 [DEBUG] cnn_neat: Removed hidden node 11 (pool=8)
2026-08-14 23:55:10,704 [DEBUG] cnn_neat: Removed edge 11→14 (from 9 candidates)
2026-08-14 23:55:10,714 [DEBUG] cnn_neat: Removed 3 edges (requested 3)
2026-08-14 23:55:10,722 [DEBUG] cnn_neat: Split edge 2→1, new hidden node 18 (pool=9)
2026-08-14 23:55:10,730 [DEBUG] cnn_neat: Split edge 6→7, new hidden node 17 (pool=10)
2026-08-14 23:55:10,738 [DEBUG] cnn_neat: Added edge 14→2 (from 57 candidates)
2026-08-14 23:55:10,747 [DEBUG] cnn_neat: Removed hidden node 7 (pool=10)
2026-08-14 23:55:10,753 [DEBUG] cnn_neat: Removed edge 16→5 (from 9 candidates)
2026-08-14 23:55:10,765 [DEBUG] cnn_neat: Removed 3 edges (requested 3)
2026-08-14 23:55:10,773 [DEBUG] cnn_neat: Split edge 5→6, new hidden node 18 (pool=8)
2026-08-14 23:55:10,780 [DEBUG] cnn_neat: Split edge 14→9, new hidden node 17 (pool=9)
2026-08-14 23:55:10,793 [DEBUG] cnn_neat: Split edge 5→6, new hidden node 17 (pool=14)
2026-08-14 23:55:10,801 [DEBUG] cnn_neat: Added edge 7→1 (from 60 candidates)
2026-08-14 23:55:10,822 [DEBUG] cnn_neat: Removed hidden node 15 (pool=10)
2026-08-14 23:55:10,829 [DEBUG] cnn_neat: Removed edge 0→5 (from 11 candidates)
2026-08-14 23:55:10,839 [DEBUG] cnn_neat: Removed 3 edges (requested 3)
2026-08-14 23:55:10,846 [DEBUG] cnn_neat: Split edge 5→6, new hidden node 17 (pool=15)
2026-08-14 23:55:10,853 [DEBUG] cnn_neat: Split edge 5→6, new hidden node 17 (pool=14)
2026-08-14 23:55:10,864 [DEBUG] cnn_neat: Saved generation 39
2026-08-14 23:55:10,959 [DEBUG] cnn_neat: Selected 25 elite individuals
2026-08-14 23:55:10,970 [DEBUG] cnn_neat: Split edge 12→9, new hidden node 17 (pool=12)
2026-08-14 23:55:10,997 [DEBUG] cnn_neat: Added edge 9→6 (from 51 candidates)
2026-08-14 23:55:11,095 [DEBUG] cnn_neat: Removed hidden node 12 (pool=9)
2026-08-14 23:55:11,116 [DEBUG] cnn_neat: Removed edge 10→15 (from 8 candidates)
2026-08-14 23:55:11,138 [DEBUG] cnn_neat: Removed 3 edges (requested 3)
2026-08-14 23:55:11,152 [DEBUG] cnn_neat: Split edge 9→5, new hidden node 17 (pool=12)
2026-08-14 23:55:11,160 [DEBUG] cnn_neat: Split edge 0→11, new hidden node 17 (pool=8)
2026-08-14 23:55:11,176 [DEBUG] cnn_neat: Added edge 0→15 (from 64 candidates)
2026-08-14 23:55:11,188 [DEBUG] cnn_neat: Added edge 14→10 (from 82 candidates)
2026-08-14 23:55:11,203 [DEBUG] cnn_neat: Split edge 12→7, new hidden node 16 (pool=11)
2026-08-14 23:55:11,213 [DEBUG] cnn_neat: Added edge 0→14 (from 47 candidates)
2026-08-14 23:55:11,233 [DEBUG] cnn_neat: Removed hidden node 15 (pool=9)
2026-08-14 23:55:11,243 [DEBUG] cnn_neat: Removed edge 5→6 (from 11 candidates)
2026-08-14 23:55:11,262 [DEBUG] cnn_neat: Removed 3 edges (requested 3)
2026-08-14 23:55:11,274 [DEBUG] cnn_neat: Split edge 9→5, new hidden node 17 (pool=9)
2026-08-14 23:55:11,290 [DEBUG] cnn_neat: Split edge 12→5, new hidden node 17 (pool=9)
2026-08-14 23:55:11,291 [DEBUG] cnn_neat: Trimmed elite queue to 128 entries
2026-08-14 23:55:12,149 [DEBUG] cnn_neat: Added edge 14→7 (from 59 candidates)
2026-08-14 23:55:12,150 [DEBUG] cnn_neat: Split edge 7→2, new hidden node 17 (pool=11)
2026-08-14 23:55:12,156 [DEBUG] cnn_neat: Added edge 12→6 (from 59 candidates)
2026-08-14 23:55:12,165 [DEBUG] cnn_neat: Removed hidden node 3 (pool=11)
2026-08-14 23:55:12,170 [DEBUG] cnn_neat: Split edge 7→2, new hidden node 17 (pool=15)
2026-08-14 23:55:12,176 [DEBUG] cnn_neat: Added edge 15→2 (from 56 candidates)
2026-08-14 23:55:12,180 [DEBUG] cnn_neat: Removed edge 0→5 (from 14 candidates)
2026-08-14 23:55:12,183 [DEBUG] cnn_neat: Split edge 12→10, new hidden node 17 (pool=10)
2026-08-14 23:55:12,191 [DEBUG] cnn_neat: Removed 3 edges (requested 3)
2026-08-14 23:55:12,196 [DEBUG] cnn_neat: Crossover rejected: union topology invalid (edges=41 nodes=25)
2026-08-14 23:55:12,200 [DEBUG] cnn_neat: Split edge 14→9, new hidden node 17 (pool=11)
2026-08-14 23:55:12,206 [DEBUG] cnn_neat: Added edge 12→2 (from 59 candidates)
2026-08-14 23:55:12,211 [DEBUG] cnn_neat: Added edge 16→7 (from 58 candidates)
2026-08-14 23:55:12,216 [DEBUG] cnn_neat: Added edge 10→6 (from 57 candidates)
2026-08-14 23:55:12,222 [DEBUG] cnn_neat: Added edge 0→3 (from 54 candidates)
2026-08-14 23:55:12,228 [DEBUG] cnn_neat: Added edge 11→12 (from 56 candidates)
2026-08-14 23:55:12,232 [DEBUG] cnn_neat: Split edge 6→7, new hidden node 15 (pool=19)
2026-08-14 23:55:12,236 [DEBUG] cnn_neat: Split edge 0→5, new hidden node 16 (pool=16)
2026-08-14 23:55:12,241 [DEBUG] cnn_neat: Added edge 3→6 (from 38 candidates)
2026-08-14 23:55:12,248 [DEBUG] cnn_neat: Removed hidden node 5 (pool=9)
2026-08-14 23:55:12,251 [DEBUG] cnn_neat: Split edge 6→7, new hidden node 15 (pool=15)
2026-08-14 23:55:12,256 [DEBUG] cnn_neat: Removed edge 6→7 (from 18 candidates)
2026-08-14 23:55:12,262 [DEBUG] cnn_neat: Removed 3 edges (requested 3)
2026-08-14 23:55:12,268 [DEBUG] cnn_neat: Crossover rejected: union topology invalid (edges=40 nodes=23)
2026-08-14 23:55:12,272 [DEBUG] cnn_neat: Split edge 12→5, new hidden node 15 (pool=19)
2026-08-14 23:55:12,277 [DEBUG] cnn_neat: Added edge 3→10 (from 38 candidates)
2026-08-14 23:55:12,281 [DEBUG] cnn_neat: Added edge 11→5 (from 34 candidates)
2026-08-14 23:55:12,286 [DEBUG] cnn_neat: Added edge 11→3 (from 33 candidates)
2026-08-14 23:55:12,292 [DEBUG] cnn_neat: Added edge 12→1 (from 32 candidates)
2026-08-14 23:55:12,297 [DEBUG] cnn_neat: Added edge 14→2 (from 31 candidates)
2026-08-14 23:55:12,301 [DEBUG] cnn_neat: Split edge 2→1, new hidden node 17 (pool=10)
2026-08-14 23:55:12,305 [DEBUG] cnn_neat: Split edge 11→14, new hidden node 18 (pool=15)
2026-08-14 23:55:12,309 [DEBUG] cnn_neat: Added edge 3→16 (from 62 candidates)
2026-08-14 23:55:12,315 [DEBUG] cnn_neat: Removed hidden node 9 (pool=10)
2026-08-14 23:55:12,318 [DEBUG] cnn_neat: Split edge 7→2, new hidden node 17 (pool=8)
2026-08-14 23:55:12,322 [DEBUG] cnn_neat: Removed edge 6→2 (from 8 candidates)
2026-08-14 23:55:12,326 [DEBUG] cnn_neat: Split edge 0→11, new hidden node 17 (pool=13)
2026-08-14 23:55:12,333 [DEBUG] cnn_neat: Removed 3 edges (requested 3)
2026-08-14 23:55:12,338 [DEBUG] cnn_neat: Crossover rejected: union topology invalid (edges=37 nodes=26)
2026-08-14 23:55:12,342 [DEBUG] cnn_neat: Split edge 7→2, new hidden node 17 (pool=10)
2026-08-14 23:55:12,348 [DEBUG] cnn_neat: Added edge 12→14 (from 71 candidates)
2026-08-14 23:55:12,353 [DEBUG] cnn_neat: Added edge 16→6 (from 62 candidates)
2026-08-14 23:55:12,358 [DEBUG] cnn_neat: Added edge 11→15 (from 60 candidates)
2026-08-14 23:55:12,364 [DEBUG] cnn_neat: Added edge 10→6 (from 58 candidates)
2026-08-14 23:55:12,369 [DEBUG] cnn_neat: Added edge 9→15 (from 56 candidates)
2026-08-14 23:55:12,374 [DEBUG] cnn_neat: Added edge 16→15 (from 55 candidates)
2026-08-14 23:55:12,378 [DEBUG] cnn_neat: Split edge 6→2, new hidden node 16 (pool=14)
2026-08-14 23:55:12,382 [DEBUG] cnn_neat: Split edge 12→3, new hidden node 17 (pool=18)
2026-08-14 23:55:12,388 [DEBUG] cnn_neat: Added edge 12→2 (from 49 candidates)
2026-08-14 23:55:12,399 [DEBUG] cnn_neat: Removed hidden node 15 (pool=10)
2026-08-14 23:55:12,402 [DEBUG] cnn_neat: Split edge 7→2, new hidden node 15 (pool=17)
2026-08-14 23:55:12,406 [DEBUG] cnn_neat: Removed edge 12→5 (from 13 candidates)
2026-08-14 23:55:12,410 [DEBUG] cnn_neat: Split edge 12→7, new hidden node 16 (pool=13)
2026-08-14 23:55:12,417 [DEBUG] cnn_neat: Removed 3 edges (requested 3)
2026-08-14 23:55:12,422 [DEBUG] cnn_neat: Crossover rejected: union topology invalid (edges=39 nodes=24)
2026-08-14 23:55:12,425 [DEBUG] cnn_neat: Split edge 0→5, new hidden node 16 (pool=14)
2026-08-14 23:55:12,430 [DEBUG] cnn_neat: Added edge 9→1 (from 49 candidates)
2026-08-14 23:55:12,434 [DEBUG] cnn_neat: Added edge 15→3 (from 45 candidates)
2026-08-14 23:55:12,440 [DEBUG] cnn_neat: Added edge 9→15 (from 42 candidates)
2026-08-14 23:55:12,445 [DEBUG] cnn_neat: Added edge 11→6 (from 40 candidates)
2026-08-14 23:55:12,449 [DEBUG] cnn_neat: Added edge 11→3 (from 39 candidates)
2026-08-14 23:55:12,454 [DEBUG] cnn_neat: Split edge 9→6, new hidden node 17 (pool=15)
2026-08-14 23:55:12,458 [DEBUG] cnn_neat: Split edge 0→5, new hidden node 18 (pool=11)
2026-08-14 23:55:12,464 [DEBUG] cnn_neat: Added edge 12→1 (from 67 candidates)
2026-08-14 23:55:12,469 [DEBUG] cnn_neat: Added edge 14→7 (from 47 candidates)
2026-08-14 23:55:12,475 [DEBUG] cnn_neat: Removed hidden node 5 (pool=10)
2026-08-14 23:55:12,479 [DEBUG] cnn_neat: Split edge 15→7, new hidden node 17 (pool=8)
2026-08-14 23:55:12,483 [DEBUG] cnn_neat: Removed edge 10→15 (from 16 candidates)
2026-08-14 23:55:12,489 [DEBUG] cnn_neat: Removed 3 edges (requested 3)
2026-08-14 23:55:12,495 [DEBUG] cnn_neat: Crossover rejected: union topology invalid (edges=38 nodes=25)
2026-08-14 23:55:12,499 [DEBUG] cnn_neat: Split edge 6→2, new hidden node 17 (pool=15)
2026-08-14 23:55:12,505 [DEBUG] cnn_neat: Added edge 9→16 (from 60 candidates)
2026-08-14 23:55:12,509 [DEBUG] cnn_neat: Added edge 12→16 (from 47 candidates)
2026-08-14 23:55:12,514 [DEBUG] cnn_neat: Added edge 14→5 (from 46 candidates)
2026-08-14 23:55:12,518 [DEBUG] cnn_neat: Added edge 5→15 (from 45 candidates)
2026-08-14 23:55:12,524 [DEBUG] cnn_neat: Added edge 12→15 (from 43 candidates)
2026-08-14 23:55:12,529 [DEBUG] cnn_neat: Added edge 9→7 (from 42 candidates)
2026-08-14 23:55:12,533 [DEBUG] cnn_neat: Split edge 0→5, new hidden node 15 (pool=18)
2026-08-14 23:55:12,537 [DEBUG] cnn_neat: Split edge 7→2, new hidden node 16 (pool=16)
2026-08-14 23:55:12,542 [DEBUG] cnn_neat: Added edge 9→10 (from 39 candidates)
2026-08-14 23:55:12,547 [DEBUG] cnn_neat: Split edge 9→6, new hidden node 15 (pool=19)
2026-08-14 23:55:12,553 [DEBUG] cnn_neat: Removed hidden node 7 (pool=9)
2026-08-14 23:55:12,557 [DEBUG] cnn_neat: Removed edge 5→10 (from 17 candidates)
2026-08-14 23:55:12,561 [DEBUG] cnn_neat: Split edge 12→3, new hidden node 15 (pool=19)
2026-08-14 23:55:12,568 [DEBUG] cnn_neat: Removed 3 edges (requested 3)
2026-08-14 23:55:12,574 [DEBUG] cnn_neat: Crossover rejected: union topology invalid (edges=42 nodes=24)
2026-08-14 23:55:12,578 [DEBUG] cnn_neat: Split edge 0→11, new hidden node 15 (pool=18)
2026-08-14 23:55:12,582 [DEBUG] cnn_neat: Added edge 9→7 (from 39 candidates)
2026-08-14 23:55:12,586 [DEBUG] cnn_neat: Added edge 12→5 (from 37 candidates)
2026-08-14 23:55:12,591 [DEBUG] cnn_neat: Added edge 10→1 (from 36 candidates)
2026-08-14 23:55:12,596 [DEBUG] cnn_neat: Added edge 3→10 (from 34 candidates)
2026-08-14 23:55:12,601 [DEBUG] cnn_neat: Added edge 6→1 (from 30 candidates)
2026-08-14 23:55:12,605 [DEBUG] cnn_neat: Split edge 9→6, new hidden node 17 (pool=14)
2026-08-14 23:55:12,609 [DEBUG] cnn_neat: Split edge 5→10, new hidden node 18 (pool=10)
2026-08-14 23:55:12,614 [DEBUG] cnn_neat: Added edge 10→7 (from 61 candidates)
2026-08-14 23:55:12,622 [DEBUG] cnn_neat: Removed hidden node 12 (pool=11)
2026-08-14 23:55:12,626 [DEBUG] cnn_neat: Split edge 11→14, new hidden node 17 (pool=15)
2026-08-14 23:55:12,630 [DEBUG] cnn_neat: Added edge 16→15 (from 64 candidates)
2026-08-14 23:55:12,634 [DEBUG] cnn_neat: Removed edge 12→10 (from 12 candidates)
2026-08-14 23:55:12,639 [DEBUG] cnn_neat: Split edge 0→5, new hidden node 17 (pool=14)
2026-08-14 23:55:12,646 [DEBUG] cnn_neat: Removed 3 edges (requested 3)
2026-08-14 23:55:12,804 [DEBUG] cnn_neat: Split edge 5→6, new hidden node 17 (pool=11)
2026-08-14 23:55:12,955 [DEBUG] cnn_neat: Added edge 11→16 (from 59 candidates)
2026-08-14 23:55:12,984 [DEBUG] cnn_neat: Removed hidden node 9 (pool=11)
2026-08-14 23:55:12,996 [DEBUG] cnn_neat: Removed edge 9→6 (from 14 candidates)
2026-08-14 23:55:13,019 [DEBUG] cnn_neat: Removed 3 edges (requested 3)
2026-08-14 23:55:13,030 [DEBUG] cnn_neat: Split edge 9→6, new hidden node 18 (pool=17)
2026-08-14 23:55:13,043 [DEBUG] cnn_neat: Split edge 6→2, new hidden node 17 (pool=13)
2026-08-14 23:55:13,053 [DEBUG] cnn_neat: Split edge 11→14, new hidden node 17 (pool=15)
2026-08-14 23:55:13,069 [DEBUG] cnn_neat: Split edge 5→6, new hidden node 15 (pool=19)
2026-08-14 23:55:13,082 [DEBUG] cnn_neat: Added edge 14→2 (from 38 candidates)
2026-08-14 23:55:13,097 [DEBUG] cnn_neat: Removed hidden node 7 (pool=9)
2026-08-14 23:55:13,108 [DEBUG] cnn_neat: Removed edge 12→9 (from 18 candidates)
2026-08-14 23:55:13,123 [DEBUG] cnn_neat: Removed 3 edges (requested 3)
2026-08-14 23:55:13,133 [DEBUG] cnn_neat: Split edge 14→10, new hidden node 15 (pool=19)
2026-08-14 23:55:13,278 [DEBUG] cnn_neat: Split edge 14→10, new hidden node 15 (pool=15)
2026-08-14 23:55:13,749 [DEBUG] cnn_neat: Split edge 11→14, new hidden node 15 (pool=16)
2026-08-14 23:55:13,800 [DEBUG] cnn_neat: Split edge 9→5, new hidden node 17 (pool=10)
2026-08-14 23:55:13,842 [DEBUG] cnn_neat: Added edge 15→2 (from 62 candidates)
2026-08-14 23:55:13,878 [DEBUG] cnn_neat: Removed hidden node 15 (pool=10)
2026-08-14 23:55:13,898 [DEBUG] cnn_neat: Removed edge 12→7 (from 8 candidates)
2026-08-14 23:55:14,009 [DEBUG] cnn_neat: Removed 3 edges (requested 3)
2026-08-14 23:55:14,030 [DEBUG] cnn_neat: Split edge 7→2, new hidden node 18 (pool=6)
2026-08-14 23:55:14,038 [DEBUG] cnn_neat: Split edge 0→11, new hidden node 17 (pool=10)
2026-08-14 23:55:14,045 [DEBUG] cnn_neat: Split edge 6→2, new hidden node 17 (pool=9)
2026-08-14 23:55:14,058 [DEBUG] cnn_neat: Split edge 9→5, new hidden node 16 (pool=14)
2026-08-14 23:55:14,066 [DEBUG] cnn_neat: Added edge 12→1 (from 49 candidates)
2026-08-14 23:55:14,079 [DEBUG] cnn_neat: Removed hidden node 9 (pool=10)
2026-08-14 23:55:14,085 [DEBUG] cnn_neat: Removed edge 7→2 (from 13 candidates)
2026-08-14 23:55:14,100 [DEBUG] cnn_neat: Removed 3 edges (requested 3)
2026-08-14 23:55:14,106 [DEBUG] cnn_neat: Split edge 0→5, new hidden node 16 (pool=12)
2026-08-14 23:55:14,114 [DEBUG] cnn_neat: Added edge 11→9 (from 59 candidates)
2026-08-14 23:55:14,120 [DEBUG] cnn_neat: Split edge 12→3, new hidden node 17 (pool=13)
2026-08-14 23:55:14,131 [DEBUG] cnn_neat: Removed hidden node 10 (pool=9)
2026-08-14 23:55:14,139 [DEBUG] cnn_neat: Added edge 6→15 (from 79 candidates)
2026-08-14 23:55:14,152 [DEBUG] cnn_neat: Split edge 9→6, new hidden node 17 (pool=15)
2026-08-14 23:55:14,161 [DEBUG] cnn_neat: Added edge 9→2 (from 47 candidates)
2026-08-14 23:55:14,174 [DEBUG] cnn_neat: Removed hidden node 15 (pool=10)
2026-08-14 23:55:14,181 [DEBUG] cnn_neat: Removed edge 10→15 (from 16 candidates)
2026-08-14 23:55:14,195 [DEBUG] cnn_neat: Removed 3 edges (requested 3)
2026-08-14 23:55:14,202 [DEBUG] cnn_neat: Split edge 6→7, new hidden node 17 (pool=13)
2026-08-14 23:55:14,209 [DEBUG] cnn_neat: Added edge 12→5 (from 56 candidates)
2026-08-14 23:55:14,214 [DEBUG] cnn_neat: Split edge 14→9, new hidden node 18 (pool=11)
2026-08-14 23:55:14,223 [DEBUG] cnn_neat: Removed hidden node 9 (pool=8)
2026-08-14 23:55:14,230 [DEBUG] cnn_neat: Added edge 11→6 (from 67 candidates)
2026-08-14 23:55:14,242 [DEBUG] cnn_neat: Split edge 11→14, new hidden node 15 (pool=18)
2026-08-14 23:55:14,251 [DEBUG] cnn_neat: Added edge 14→2 (from 39 candidates)
2026-08-14 23:55:14,265 [DEBUG] cnn_neat: Removed hidden node 5 (pool=9)
2026-08-14 23:55:14,273 [DEBUG] cnn_neat: Removed edge 6→7 (from 17 candidates)
2026-08-14 23:55:14,287 [DEBUG] cnn_neat: Removed 3 edges (requested 3)
2026-08-14 23:55:14,295 [DEBUG] cnn_neat: Split edge 9→5, new hidden node 15 (pool=18)
2026-08-14 23:55:14,302 [DEBUG] cnn_neat: Split edge 2→1, new hidden node 15 (pool=9)
2026-08-14 23:55:14,311 [DEBUG] cnn_neat: Added edge 6→10 (from 38 candidates)
2026-08-14 23:55:14,319 [DEBUG] cnn_neat: Added edge 3→10 (from 41 candidates)
2026-08-14 23:55:14,333 [DEBUG] cnn_neat: Split edge 14→9, new hidden node 17 (pool=14)
2026-08-14 23:55:14,344 [DEBUG] cnn_neat: Added edge 9→7 (from 61 candidates)
2026-08-14 23:55:14,367 [DEBUG] cnn_neat: Removed hidden node 15 (pool=11)
2026-08-14 23:55:14,376 [DEBUG] cnn_neat: Removed edge 12→7 (from 12 candidates)
2026-08-14 23:55:14,390 [DEBUG] cnn_neat: Removed 3 edges (requested 3)
2026-08-14 23:55:14,400 [DEBUG] cnn_neat: Split edge 6→2, new hidden node 17 (pool=15)
2026-08-14 23:55:14,406 [DEBUG] cnn_neat: Split edge 14→9, new hidden node 17 (pool=8)
2026-08-14 23:55:14,416 [DEBUG] cnn_neat: Added edge 7→3 (from 60 candidates)
2026-08-14 23:55:14,425 [DEBUG] cnn_neat: Added edge 11→12 (from 79 candidates)
2026-08-14 23:55:14,525 [DEBUG] cnn_neat: Split edge 0→5, new hidden node 17 (pool=9)
2026-08-14 23:55:14,544 [DEBUG] cnn_neat: Added edge 15→9 (from 59 candidates)
2026-08-14 23:55:14,564 [DEBUG] cnn_neat: Removed hidden node 7 (pool=11)
2026-08-14 23:55:14,580 [DEBUG] cnn_neat: Removed edge 9→5 (from 11 candidates)
2026-08-14 23:55:14,617 [DEBUG] cnn_neat: Removed 3 edges (requested 3)
2026-08-14 23:55:14,637 [DEBUG] cnn_neat: Split edge 0→11, new hidden node 18 (pool=11)
2026-08-14 23:55:14,657 [DEBUG] cnn_neat: Split edge 5→6, new hidden node 17 (pool=8)
2026-08-14 23:55:14,676 [DEBUG] cnn_neat: Split edge 9→6, new hidden node 17 (pool=9)
2026-08-14 23:55:14,701 [DEBUG] cnn_neat: Split edge 9→5, new hidden node 18 (pool=11)
2026-08-14 23:55:14,727 [DEBUG] cnn_neat: Added edge 14→7 (from 56 candidates)
2026-08-14 23:55:15,168 [DEBUG] cnn_neat: Removed hidden node 5 (pool=11)
2026-08-14 23:55:15,188 [DEBUG] cnn_neat: Split edge 5→6, new hidden node 17 (pool=11)
2026-08-14 23:55:15,201 [DEBUG] cnn_neat: Added edge 12→1 (from 58 candidates)
2026-08-14 23:55:15,220 [DEBUG] cnn_neat: Removed hidden node 12 (pool=11)
2026-08-14 23:55:15,236 [DEBUG] cnn_neat: Removed edge 12→9 (from 15 candidates)
2026-08-14 23:55:15,260 [DEBUG] cnn_neat: Removed 3 edges (requested 3)
2026-08-14 23:55:15,280 [DEBUG] cnn_neat: Split edge 0→5, new hidden node 17 (pool=11)
2026-08-14 23:55:15,300 [DEBUG] cnn_neat: Split edge 9→6, new hidden node 17 (pool=11)
2026-08-14 23:55:15,316 [DEBUG] cnn_neat: Split edge 12→10, new hidden node 17 (pool=15)
2026-08-14 23:55:15,334 [DEBUG] cnn_neat: Added edge 3→5 (from 57 candidates)
2026-08-14 23:55:15,364 [DEBUG] cnn_neat: Split edge 2→1, new hidden node 17 (pool=9)
2026-08-14 23:55:15,789 [DEBUG] cnn_neat: Added edge 12→6 (from 63 candidates)
2026-08-14 23:55:15,806 [DEBUG] cnn_neat: Split edge 6→2, new hidden node 17 (pool=10)
2026-08-14 23:55:15,824 [DEBUG] cnn_neat: Added edge 11→6 (from 61 candidates)
2026-08-14 23:55:15,842 [DEBUG] cnn_neat: Removed hidden node 9 (pool=11)
2026-08-14 23:55:15,862 [DEBUG] cnn_neat: Removed edge 6→2 (from 9 candidates)
2026-08-14 23:55:15,895 [DEBUG] cnn_neat: Removed 3 edges (requested 3)
2026-08-14 23:55:15,910 [DEBUG] cnn_neat: Split edge 0→11, new hidden node 17 (pool=10)
2026-08-14 23:55:15,926 [DEBUG] cnn_neat: Split edge 0→5, new hidden node 17 (pool=9)
2026-08-14 23:55:15,948 [DEBUG] cnn_neat: Split edge 12→5, new hidden node 16 (pool=13)
2026-08-14 23:55:15,960 [DEBUG] cnn_neat: Added edge 15→3 (from 50 candidates)
2026-08-14 23:55:16,038 [DEBUG] cnn_neat: Removed hidden node 9 (pool=10)
2026-08-14 23:55:16,053 [DEBUG] cnn_neat: Removed edge 6→2 (from 12 candidates)
2026-08-14 23:55:16,499 [DEBUG] cnn_neat: Removed 3 edges (requested 3)
2026-08-14 23:55:16,524 [DEBUG] cnn_neat: Split edge 9→5, new hidden node 17 (pool=14)
2026-08-14 23:55:16,540 [DEBUG] cnn_neat: Added edge 10→6 (from 48 candidates)
2026-08-14 23:55:16,560 [DEBUG] cnn_neat: Removed hidden node 5 (pool=10)
2026-08-14 23:55:16,579 [DEBUG] cnn_neat: Removed edge 12→7 (from 15 candidates)
2026-08-14 23:55:16,606 [DEBUG] cnn_neat: Removed 3 edges (requested 3)
2026-08-14 23:55:16,622 [DEBUG] cnn_neat: Split edge 12→9, new hidden node 18 (pool=10)
2026-08-14 23:55:16,635 [DEBUG] cnn_neat: Split edge 7→2, new hidden node 17 (pool=15)
2026-08-14 23:55:16,666 [DEBUG] cnn_neat: Split edge 16→7, new hidden node 17 (pool=17)
2026-08-14 23:55:16,684 [DEBUG] cnn_neat: Added edge 12→6 (from 51 candidates)
2026-08-14 23:55:16,707 [DEBUG] cnn_neat: Removed hidden node 14 (pool=10)
2026-08-14 23:55:16,720 [DEBUG] cnn_neat: Removed edge 5→10 (from 14 candidates)
2026-08-14 23:55:16,748 [DEBUG] cnn_neat: Removed 3 edges (requested 3)
2026-08-14 23:55:17,183 [DEBUG] cnn_neat: Split edge 12→10, new hidden node 18 (pool=14)
2026-08-14 23:55:17,209 [DEBUG] cnn_neat: Split edge 16→7, new hidden node 17 (pool=13)
2026-08-14 23:55:17,221 [DEBUG] cnn_neat: Added edge 12→2 (from 62 candidates)
2026-08-14 23:55:17,263 [DEBUG] cnn_neat: Removed hidden node 9 (pool=11)
2026-08-14 23:55:17,278 [DEBUG] cnn_neat: Removed edge 6→2 (from 11 candidates)
2026-08-14 23:55:17,290 [DEBUG] cnn_neat: Removed 3 edges (requested 3)
2026-08-14 23:55:17,300 [DEBUG] cnn_neat: Split edge 6→2, new hidden node 18 (pool=10)
2026-08-14 23:55:17,305 [DEBUG] cnn_neat: Split edge 0→11, new hidden node 17 (pool=13)
2026-08-14 23:55:17,315 [DEBUG] cnn_neat: Split edge 6→2, new hidden node 17 (pool=14)
2026-08-14 23:55:17,376 [DEBUG] cnn_neat: Split edge 14→9, new hidden node 17 (pool=11)
2026-08-14 23:55:17,443 [DEBUG] cnn_neat: Added edge 3→7 (from 60 candidates)
2026-08-14 23:55:17,452 [DEBUG] cnn_neat: Removed hidden node 9 (pool=11)
2026-08-14 23:55:17,937 [DEBUG] cnn_neat: Removed edge 12→3 (from 13 candidates)
2026-08-14 23:55:17,946 [DEBUG] cnn_neat: Split edge 5→6, new hidden node 17 (pool=8)
2026-08-14 23:55:17,953 [DEBUG] cnn_neat: Added edge 11→6 (from 60 candidates)
2026-08-14 23:55:17,964 [DEBUG] cnn_neat: Removed hidden node 3 (pool=11)
2026-08-14 23:55:17,969 [DEBUG] cnn_neat: Removed edge 12→10 (from 10 candidates)
2026-08-14 23:55:17,979 [DEBUG] cnn_neat: Removed 3 edges (requested 3)
2026-08-14 23:55:17,984 [DEBUG] cnn_neat: Split edge 9→5, new hidden node 17 (pool=9)
2026-08-14 23:55:17,990 [DEBUG] cnn_neat: Split edge 6→7, new hidden node 17 (pool=8)
2026-08-14 23:55:18,000 [DEBUG] cnn_neat: Split edge 12→7, new hidden node 17 (pool=17)
2026-08-14 23:55:18,008 [DEBUG] cnn_neat: Added edge 11→7 (from 46 candidates)
2026-08-14 23:55:18,018 [DEBUG] cnn_neat: Removed hidden node 7 (pool=10)
2026-08-14 23:55:18,023 [DEBUG] cnn_neat: Removed edge 7→2 (from 17 candidates)
2026-08-14 23:55:18,035 [DEBUG] cnn_neat: Removed 3 edges (requested 3)
2026-08-14 23:55:18,042 [DEBUG] cnn_neat: Split edge 11→14, new hidden node 18 (pool=13)
2026-08-14 23:55:18,053 [DEBUG] cnn_neat: Split edge 0→5, new hidden node 18 (pool=11)
2026-08-14 23:55:18,062 [DEBUG] cnn_neat: Added edge 11→9 (from 57 candidates)
2026-08-14 23:55:18,072 [DEBUG] cnn_neat: Removed hidden node 7 (pool=11)
2026-08-14 23:55:18,078 [DEBUG] cnn_neat: Removed edge 9→5 (from 14 candidates)
2026-08-14 23:55:18,090 [DEBUG] cnn_neat: Removed 3 edges (requested 3)
2026-08-14 23:55:18,097 [DEBUG] cnn_neat: Split edge 5→6, new hidden node 19 (pool=17)
2026-08-14 23:55:18,104 [DEBUG] cnn_neat: Split edge 5→16, new hidden node 18 (pool=14)
2026-08-14 23:55:18,109 [DEBUG] cnn_neat: Split edge 7→2, new hidden node 18 (pool=10)
2026-08-14 23:55:18,122 [DEBUG] cnn_neat: Split edge 6→7, new hidden node 16 (pool=15)
2026-08-14 23:55:18,129 [DEBUG] cnn_neat: Added edge 10→1 (from 51 candidates)
2026-08-14 23:55:18,140 [DEBUG] cnn_neat: Removed hidden node 10 (pool=10)
2026-08-14 23:55:18,146 [DEBUG] cnn_neat: Removed edge 9→5 (from 16 candidates)
2026-08-14 23:55:18,156 [DEBUG] cnn_neat: Removed 3 edges (requested 3)
2026-08-14 23:55:18,162 [DEBUG] cnn_neat: Split edge 5→3, new hidden node 16 (pool=6)
2026-08-14 23:55:18,167 [DEBUG] cnn_neat: Split edge 5→6, new hidden node 16 (pool=13)
2026-08-14 23:55:18,179 [DEBUG] cnn_neat: Split edge 0→5, new hidden node 17 (pool=11)
2026-08-14 23:55:18,187 [DEBUG] cnn_neat: Added edge 10→2 (from 52 candidates)
2026-08-14 23:55:18,214 [DEBUG] cnn_neat: Removed hidden node 16 (pool=11)
2026-08-14 23:55:18,220 [DEBUG] cnn_neat: Removed edge 16→10 (from 15 candidates)
2026-08-14 23:55:18,232 [DEBUG] cnn_neat: Removed 3 edges (requested 3)
2026-08-14 23:55:18,239 [DEBUG] cnn_neat: Split edge 14→9, new hidden node 18 (pool=17)
2026-08-14 23:55:18,251 [DEBUG] cnn_neat: Split edge 14→10, new hidden node 15 (pool=18)
2026-08-14 23:55:18,258 [DEBUG] cnn_neat: Added edge 3→6 (from 41 candidates)
2026-08-14 23:55:18,262 [DEBUG] cnn_neat: Saved generation 40
2026-08-14 23:55:18,377 [DEBUG] cnn_neat: Removed hidden node 9 (pool=9)
2026-08-14 23:55:18,396 [DEBUG] cnn_neat: Removed edge 12→3 (from 18 candidates)
2026-08-14 23:55:18,478 [DEBUG] cnn_neat: Removed 3 edges (requested 3)
2026-08-14 23:55:18,498 [DEBUG] cnn_neat: Split edge 7→2, new hidden node 16 (pool=16)
2026-08-14 23:55:18,514 [DEBUG] cnn_neat: Split edge 6→7, new hidden node 18 (pool=11)
2026-08-14 23:55:18,527 [DEBUG] cnn_neat: Added edge 12→10 (from 55 candidates)
2026-08-14 23:55:19,039 [DEBUG] cnn_neat: Removed hidden node 5 (pool=11)
2026-08-14 23:55:19,048 [DEBUG] cnn_neat: Split edge 9→5, new hidden node 19 (pool=7)
2026-08-14 23:55:19,058 [DEBUG] cnn_neat: Added edge 5→18 (from 70 candidates)
2026-08-14 23:55:19,070 [DEBUG] cnn_neat: Removed hidden node 15 (pool=12)
2026-08-14 23:55:19,077 [DEBUG] cnn_neat: Removed edge 6→2 (from 12 candidates)
2026-08-14 23:55:19,090 [DEBUG] cnn_neat: Removed 3 edges (requested 3)
2026-08-14 23:55:19,098 [DEBUG] cnn_neat: Split edge 6→7, new hidden node 20 (pool=4)
2026-08-14 23:55:19,109 [DEBUG] cnn_neat: Split edge 9→5, new hidden node 17 (pool=16)
2026-08-14 23:55:19,118 [DEBUG] cnn_neat: Added edge 14→3 (from 50 candidates)
2026-08-14 23:55:19,129 [DEBUG] cnn_neat: Removed hidden node 14 (pool=11)
2026-08-14 23:55:19,135 [DEBUG] cnn_neat: Removed edge 16→10 (from 19 candidates)
2026-08-14 23:55:19,149 [DEBUG] cnn_neat: Removed 3 edges (requested 3)
2026-08-14 23:55:19,157 [DEBUG] cnn_neat: Split edge 5→6, new hidden node 18 (pool=12)
2026-08-14 23:55:19,170 [DEBUG] cnn_neat: Split edge 0→5, new hidden node 17 (pool=9)
2026-08-14 23:55:19,178 [DEBUG] cnn_neat: Added edge 12→14 (from 59 candidates)
2026-08-14 23:55:19,192 [DEBUG] cnn_neat: Removed hidden node 16 (pool=10)
2026-08-14 23:55:19,198 [DEBUG] cnn_neat: Removed edge 9→5 (from 9 candidates)
2026-08-14 23:55:19,210 [DEBUG] cnn_neat: Removed 3 edges (requested 3)
2026-08-14 23:55:19,216 [DEBUG] cnn_neat: Split edge 0→5, new hidden node 17 (pool=10)
2026-08-14 23:55:19,222 [DEBUG] cnn_neat: Split edge 5→6, new hidden node 17 (pool=8)
2026-08-14 23:55:19,228 [DEBUG] cnn_neat: Split edge 0→5, new hidden node 17 (pool=7)
2026-08-14 23:55:19,239 [DEBUG] cnn_neat: Split edge 9→5, new hidden node 18 (pool=14)
2026-08-14 23:55:19,247 [DEBUG] cnn_neat: Added edge 17→14 (from 61 candidates)
2026-08-14 23:55:19,258 [DEBUG] cnn_neat: Removed hidden node 7 (pool=11)
2026-08-14 23:55:19,264 [DEBUG] cnn_neat: Removed edge 17→3 (from 10 candidates)
2026-08-14 23:55:19,276 [DEBUG] cnn_neat: Removed 3 edges (requested 3)
2026-08-14 23:55:19,283 [DEBUG] cnn_neat: Split edge 5→6, new hidden node 19 (pool=10)
2026-08-14 23:55:19,294 [DEBUG] cnn_neat: Split edge 0→11, new hidden node 18 (pool=10)
2026-08-14 23:55:19,302 [DEBUG] cnn_neat: Added edge 12→7 (from 58 candidates)
2026-08-14 23:55:19,318 [DEBUG] cnn_neat: Removed hidden node 15 (pool=10)
2026-08-14 23:55:19,323 [DEBUG] cnn_neat: Removed edge 7→2 (from 8 candidates)
2026-08-14 23:55:19,335 [DEBUG] cnn_neat: Removed 3 edges (requested 3)
2026-08-14 23:55:19,344 [DEBUG] cnn_neat: Split edge 7→2, new hidden node 19 (pool=6)
2026-08-14 23:55:19,348 [DEBUG] cnn_neat: Split edge 14→9, new hidden node 18 (pool=9)
2026-08-14 23:55:19,353 [DEBUG] cnn_neat: Split edge 5→16, new hidden node 18 (pool=12)
2026-08-14 23:55:19,365 [DEBUG] cnn_neat: Split edge 12→9, new hidden node 17 (pool=14)
2026-08-14 23:55:19,372 [DEBUG] cnn_neat: Added edge 0→14 (from 49 candidates)
2026-08-14 23:55:19,408 [DEBUG] cnn_neat: Removed hidden node 15 (pool=9)
2026-08-14 23:55:19,411 [DEBUG] cnn_neat: Removed edge 10→15 (from 10 candidates)
2026-08-14 23:55:19,417 [DEBUG] cnn_neat: Removed 3 edges (requested 3)
2026-08-14 23:55:19,421 [DEBUG] cnn_neat: Split edge 6→7, new hidden node 18 (pool=10)
2026-08-14 23:55:24,918 [DEBUG] cnn_neat: Split edge 0→1, new hidden node 2 (pool=1)
2026-08-14 23:55:24,923 [DEBUG] cnn_neat: Split edge 0→2, new hidden node 3 (pool=2)
2026-08-14 23:55:24,924 [DEBUG] cnn_neat: Split edge 2→1, new hidden node 3 (pool=2)
2026-08-14 23:55:24,927 [DEBUG] cnn_neat: Added edge 0→1 (from 1 candidates)
2026-08-14 23:55:24,930 [DEBUG] cnn_neat: Added edge 3→1 (from 2 candidates)
2026-08-14 23:55:24,931 [DEBUG] cnn_neat: Added edge 2→1 (from 2 candidates)
2026-08-14 23:55:24,933 [DEBUG] cnn_neat: Removed 2 edges (requested 3)
2026-08-14 23:55:24,935 [DEBUG] cnn_neat: Split edge 0→1, new hidden node 2 (pool=1)
2026-08-14 23:55:24,936 [DEBUG] cnn_neat: Removed edge 3→1 (from 3 candidates)
2026-08-14 23:55:24,938 [DEBUG] cnn_neat: Removed hidden node 3 (pool=1)
2026-08-14 23:55:24,939 [DEBUG] cnn_neat: Split edge 0→1, new hidden node 2 (pool=1)
2026-08-14 23:55:24,941 [DEBUG] cnn_neat: Removed hidden node 2 (pool=1)
2026-08-14 23:55:24,942 [DEBUG] cnn_neat: Removed 1 edges (requested 3)
2026-08-14 23:55:24,943 [DEBUG] cnn_neat: Removed 1 edges (requested 3)
2026-08-14 23:55:24,945 [DEBUG] cnn_neat: Split edge 0→2, new hidden node 4 (pool=2)
2026-08-14 23:55:24,947 [DEBUG] cnn_neat: Added edge 0→3 (from 2 candidates)
2026-08-14 23:55:24,949 [DEBUG] cnn_neat: Removed edge 2→3 (from 1 candidates)
2026-08-14 23:55:24,950 [DEBUG] cnn_neat: Added edge 4→1 (from 2 candidates)
2026-08-14 23:55:24,951 [DEBUG] cnn_neat: Removed edge 3→1 (from 3 candidates)
2026-08-14 23:55:24,953 [DEBUG] cnn_neat: Added edge 0→3 (from 2 candidates)
2026-08-14 23:55:24,956 [DEBUG] cnn_neat: Split edge 3→1, new hidden node 4 (pool=3)
2026-08-14 23:55:24,958 [DEBUG] cnn_neat: Removed 1 edges (requested 3)
2026-08-14 23:55:24,959 [DEBUG] cnn_neat: Split edge 0→2, new hidden node 3 (pool=2)
2026-08-14 23:55:24,961 [DEBUG] cnn_neat: Split edge 3→1, new hidden node 4 (pool=4)
2026-08-14 23:55:24,962 [DEBUG] cnn_neat: Added edge 0→3 (from 2 candidates)
2026-08-14 23:55:24,964 [DEBUG] cnn_neat: Added edge 2→1 (from 2 candidates)
2026-08-14 23:55:24,966 [DEBUG] cnn_neat: Split edge 2→3, new hidden node 4 (pool=3)
2026-08-14 23:55:24,967 [DEBUG] cnn_neat: Added edge 0→1 (from 1 candidates)
2026-08-14 23:55:24,968 [DEBUG] cnn_neat: Removed edge 2→1 (from 3 candidates)
2026-08-14 23:55:24,971 [DEBUG] cnn_neat: Removed 1 edges (requested 3)
2026-08-14 23:55:24,973 [DEBUG] cnn_neat: Split edge 0→2, new hidden node 3 (pool=2)
2026-08-14 23:55:24,974 [DEBUG] cnn_neat: Split edge 3→1, new hidden node 4 (pool=2)
2026-08-14 23:55:24,976 [DEBUG] cnn_neat: Split edge 4→1, new hidden node 5 (pool=2)
2026-08-14 23:55:24,978 [DEBUG] cnn_neat: Removed 2 edges (requested 3)
2026-08-14 23:55:24,980 [DEBUG] cnn_neat: Removed edge 2→3 (from 1 candidates)
2026-08-14 23:55:24,981 [DEBUG] cnn_neat: Split edge 3→2, new hidden node 4 (pool=3)
2026-08-14 23:55:24,983 [DEBUG] cnn_neat: Added edge 3→1 (from 2 candidates)
2026-08-14 23:55:24,986 [DEBUG] cnn_neat: Removed 2 edges (requested 3)
2026-08-14 23:55:24,987 [DEBUG] cnn_neat: Added edge 2→1 (from 2 candidates)
2026-08-14 23:55:24,989 [DEBUG] cnn_neat: Removed hidden node 3 (pool=1)
2026-08-14 23:55:24,993 [DEBUG] cnn_neat: Removed hidden node 2 (pool=1)
2026-08-14 23:55:24,994 [DEBUG] cnn_neat: Split edge 0→2, new hidden node 3 (pool=2)
2026-08-14 23:55:24,996 [DEBUG] cnn_neat: Split edge 3→1, new hidden node 5 (pool=4)
2026-08-14 23:55:24,997 [DEBUG] cnn_neat: Removed 1 edges (requested 3)
2026-08-14 23:55:25,002 [DEBUG] cnn_neat: Removed 1 edges (requested 3)
2026-08-14 23:55:25,004 [DEBUG] cnn_neat: Removed edge 2→1 (from 3 candidates)
2026-08-14 23:55:25,006 [DEBUG] cnn_neat: Added edge 2→1 (from 2 candidates)
2026-08-14 23:55:25,008 [DEBUG] cnn_neat: Added edge 0→3 (from 4 candidates)
2026-08-14 23:55:25,011 [DEBUG] cnn_neat: Removed edge 0→3 (from 5 candidates)
2026-08-14 23:55:25,012 [DEBUG] cnn_neat: Split edge 0→1, new hidden node 2 (pool=1)
2026-08-14 23:55:25,014 [DEBUG] cnn_neat: Removed hidden node 3 (pool=1)
2026-08-14 23:55:25,016 [DEBUG] cnn_neat: Removed hidden node 2 (pool=1)
2026-08-14 23:55:25,018 [DEBUG] cnn_neat: Split edge 2→3, new hidden node 4 (pool=5)
2026-08-14 23:55:25,020 [DEBUG] cnn_neat: Added edge 3→1 (from 2 candidates)
2026-08-14 23:55:25,022 [DEBUG] cnn_neat: Split edge 2→1, new hidden node 5 (pool=4)
2026-08-14 23:55:25,024 [DEBUG] cnn_neat: Removed edge 3→1 (from 3 candidates)
2026-08-14 23:55:25,025 [DEBUG] cnn_neat: Added edge 3→2 (from 4 candidates)
2026-08-14 23:55:25,027 [DEBUG] cnn_neat: Split edge 4→2, new hidden node 5 (pool=5)
2026-08-14 23:55:25,028 [DEBUG] cnn_neat: Removed edge 5→1 (from 4 candidates)
2026-08-14 23:55:25,030 [DEBUG] cnn_neat: Removed 2 edges (requested 3)
2026-08-14 23:55:25,032 [DEBUG] cnn_neat: Removed 2 edges (requested 3)
2026-08-14 23:55:25,033 [DEBUG] cnn_neat: Split edge 0→4, new hidden node 5 (pool=3)
2026-08-14 23:55:25,034 [DEBUG] cnn_neat: Removed edge 0→2 (from 3 candidates)
2026-08-14 23:55:25,036 [DEBUG] cnn_neat: Removed edge 4→2 (from 3 candidates)
2026-08-14 23:55:25,037 [DEBUG] cnn_neat: Split edge 4→2, new hidden node 5 (pool=3)
2026-08-14 23:55:25,039 [DEBUG] cnn_neat: Added edge 3→2 (from 6 candidates)
2026-08-14 23:55:25,040 [DEBUG] cnn_neat: Removed 1 edges (requested 3)
2026-08-14 23:55:25,042 [DEBUG] cnn_neat: Removed 2 edges (requested 3)
2026-08-14 23:55:25,042 [DEBUG] cnn_neat: Removed edge 2→1 (from 1 candidates)
2026-08-14 23:55:25,044 [DEBUG] cnn_neat: Removed edge 3→4 (from 3 candidates)
2026-08-14 23:55:25,047 [DEBUG] cnn_neat: Removed hidden node 2 (pool=1)
2026-08-14 23:55:25,050 [DEBUG] cnn_neat: Removed 2 edges (requested 3)
2026-08-14 23:55:25,052 [DEBUG] cnn_neat: Added edge 2→1 (from 2 candidates)
2026-08-14 23:55:25,054 [DEBUG] cnn_neat: Split edge 4→5, new hidden node 6 (pool=4)
2026-08-14 23:55:25,056 [DEBUG] cnn_neat: Removed 1 edges (requested 3)
2026-08-14 23:55:25,059 [DEBUG] cnn_neat: Added edge 2→1 (from 2 candidates)
2026-08-14 23:55:25,060 [DEBUG] cnn_neat: Split edge 4→2, new hidden node 6 (pool=4)
2026-08-14 23:55:25,062 [DEBUG] cnn_neat: Added edge 0→2 (from 6 candidates)
2026-08-14 23:55:25,064 [DEBUG] cnn_neat: Added edge 4→1 (from 5 candidates)
2026-08-14 23:55:25,067 [DEBUG] cnn_neat: Removed hidden node 3 (pool=1)
2026-08-14 23:55:25,068 [DEBUG] cnn_neat: Split edge 3→2, new hidden node 5 (pool=5)
2026-08-14 23:55:25,070 [DEBUG] cnn_neat: Split edge 4→2, new hidden node 6 (pool=4)
2026-08-14 23:55:25,071 [DEBUG] cnn_neat: Added edge 3→1 (from 4 candidates)
2026-08-14 23:55:25,073 [DEBUG] cnn_neat: Added edge 4→2 (from 4 candidates)
2026-08-14 23:55:25,074 [DEBUG] cnn_neat: Removed 2 edges (requested 3)
2026-08-14 23:55:25,075 [DEBUG] cnn_neat: Removed 1 edges (requested 3)
2026-08-14 23:55:25,076 [DEBUG] cnn_neat: Removed edge 2→1 (from 1 candidates)
2026-08-14 23:55:25,078 [DEBUG] cnn_neat: Split edge 4→1, new hidden node 5 (pool=2)
2026-08-14 23:55:25,080 [DEBUG] cnn_neat: Removed 1 edges (requested 3)
2026-08-14 23:55:25,081 [DEBUG] cnn_neat: Split edge 2→1, new hidden node 5 (pool=3)
2026-08-14 23:55:25,084 [DEBUG] cnn_neat: Removed hidden node 2 (pool=3)
2026-08-14 23:55:25,086 [DEBUG] cnn_neat: Added edge 4→1 (from 3 candidates)
2026-08-14 23:55:25,087 [DEBUG] cnn_neat: Removed 1 edges (requested 3)
2026-08-14 23:55:25,089 [DEBUG] cnn_neat: Split edge 4→1, new hidden node 5 (pool=5)
2026-08-14 23:55:25,091 [DEBUG] cnn_neat: Split edge 3→4, new hidden node 5 (pool=4)
2026-08-14 23:55:25,094 [DEBUG] cnn_neat: Removed hidden node 2 (pool=2)
2026-08-14 23:55:25,097 [DEBUG] cnn_neat: Removed hidden node 5 (pool=2)
2026-08-14 23:55:25,098 [DEBUG] cnn_neat: Split edge 4→1, new hidden node 5 (pool=2)
2026-08-14 23:55:25,100 [DEBUG] cnn_neat: Added edge 0→1 (from 1 candidates)
2026-08-14 23:55:25,101 [DEBUG] cnn_neat: Removed edge 2→3 (from 2 candidates)
2026-08-14 23:55:25,104 [DEBUG] cnn_neat: Removed 2 edges (requested 3)
2026-08-14 23:55:25,106 [DEBUG] cnn_neat: Removed hidden node 2 (pool=1)
2026-08-14 23:55:25,108 [DEBUG] cnn_neat: Split edge 3→4, new hidden node 5 (pool=4)
2026-08-14 23:55:25,111 [DEBUG] cnn_neat: Added edge 0→5 (from 4 candidates)
2026-08-14 23:55:25,114 [DEBUG] cnn_neat: Added edge 0→3 (from 1 candidates)
2026-08-14 23:55:25,116 [DEBUG] cnn_neat: Split edge 4→3, new hidden node 5 (pool=4)
2026-08-14 23:55:25,118 [DEBUG] cnn_neat: Split edge 2→1, new hidden node 6 (pool=5)
2026-08-14 23:55:25,120 [DEBUG] cnn_neat: Split edge 3→2, new hidden node 5 (pool=5)
2026-08-14 23:55:25,122 [DEBUG] cnn_neat: Added edge 3→1 (from 4 candidates)
2026-08-14 23:55:25,124 [DEBUG] cnn_neat: Removed 1 edges (requested 3)
2026-08-14 23:55:25,127 [DEBUG] cnn_neat: Removed 2 edges (requested 3)
2026-08-14 23:55:25,129 [DEBUG] cnn_neat: Added edge 0→3 (from 1 candidates)
2026-08-14 23:55:25,130 [DEBUG] cnn_neat: Split edge 0→2, new hidden node 4 (pool=4)
2026-08-14 23:55:25,132 [DEBUG] cnn_neat: Split edge 5→1, new hidden node 6 (pool=5)
2026-08-14 23:55:25,134 [DEBUG] cnn_neat: Added edge 4→1 (from 4 candidates)
2026-08-14 23:55:25,137 [DEBUG] cnn_neat: Removed 3 edges (requested 3)
2026-08-14 23:55:25,138 [DEBUG] cnn_neat: Removed edge 3→4 (from 4 candidates)
2026-08-14 23:55:25,140 [DEBUG] cnn_neat: Removed edge 4→1 (from 1 candidates)
2026-08-14 23:55:25,142 [DEBUG] cnn_neat: Removed hidden node 3 (pool=1)
2026-08-14 23:55:25,144 [DEBUG] cnn_neat: Split edge 2→3, new hidden node 4 (pool=3)
2026-08-14 23:55:25,145 [DEBUG] cnn_neat: Removed 1 edges (requested 3)
2026-08-14 23:55:25,149 [DEBUG] cnn_neat: Split edge 0→5, new hidden node 6 (pool=3)
2026-08-14 23:55:25,150 [DEBUG] cnn_neat: Added edge 2→1 (from 2 candidates)
2026-08-14 23:55:25,152 [DEBUG] cnn_neat: Removed hidden node 4 (pool=1)
2026-08-14 23:55:25,155 [DEBUG] cnn_neat: Removed 3 edges (requested 3)
2026-08-14 23:55:25,156 [DEBUG] cnn_neat: Split edge 4→2, new hidden node 6 (pool=4)
2026-08-14 23:55:25,158 [DEBUG] cnn_neat: Split edge 0→2, new hidden node 6 (pool=6)
2026-08-14 23:55:25,160 [DEBUG] cnn_neat: Removed hidden node 3 (pool=1)
2026-08-14 23:55:25,161 [DEBUG] cnn_neat: Removed edge 2→1 (from 1 candidates)
2026-08-14 23:55:25,163 [DEBUG] cnn_neat: Added edge 3→1 (from 4 candidates)
2026-08-14 23:55:25,165 [DEBUG] cnn_neat: Added edge 0→2 (from 2 candidates)
2026-08-14 23:55:25,166 [DEBUG] cnn_neat: Added edge 3→1 (from 4 candidates)
2026-08-14 23:55:25,168 [DEBUG] cnn_neat: Removed 1 edges (requested 3)
2026-08-14 23:55:25,171 [DEBUG] cnn_neat: Added edge 0→4 (from 5 candidates)
2026-08-14 23:55:25,175 [DEBUG] cnn_neat: Removed hidden node 2 (pool=1)
2026-08-14 23:55:25,177 [DEBUG] cnn_neat: Added edge 0→4 (from 3 candidates)
2026-08-14 23:55:25,180 [DEBUG] cnn_neat: Removed hidden node 2 (pool=2)
2026-08-14 23:55:25,182 [DEBUG] cnn_neat: Added edge 0→4 (from 4 candidates)
2026-08-14 23:55:25,185 [DEBUG] cnn_neat: Removed edge 2→1 (from 4 candidates)
2026-08-14 23:55:25,186 [DEBUG] cnn_neat: Removed edge 2→1 (from 3 candidates)
2026-08-14 23:55:25,188 [DEBUG] cnn_neat: Split edge 5→3, new hidden node 6 (pool=5)
2026-08-14 23:55:25,190 [DEBUG] cnn_neat: Split edge 3→1, new hidden node 5 (pool=3)
2026-08-14 23:55:25,192 [DEBUG] cnn_neat: Removed 2 edges (requested 3)
2026-08-14 23:55:25,194 [DEBUG] cnn_neat: Split edge 3→4, new hidden node 6 (pool=5)
2026-08-14 23:55:25,196 [DEBUG] cnn_neat: Split edge 3→1, new hidden node 4 (pool=3)
2026-08-14 23:55:25,198 [DEBUG] cnn_neat: Added edge 0→5 (from 1 candidates)
2026-08-14 23:55:25,200 [DEBUG] cnn_neat: Removed 1 edges (requested 3)
2026-08-14 23:55:25,202 [DEBUG] cnn_neat: Added edge 0→1 (from 2 candidates)
2026-08-14 23:55:25,204 [DEBUG] cnn_neat: Removed 3 edges (requested 3)
2026-08-14 23:55:25,206 [DEBUG] cnn_neat: Added edge 2→1 (from 7 candidates)
2026-08-14 23:55:25,207 [DEBUG] cnn_neat: Added edge 2→1 (from 2 candidates)
2026-08-14 23:55:25,210 [DEBUG] cnn_neat: Removed hidden node 5 (pool=1)
2026-08-14 23:55:25,211 [DEBUG] cnn_neat: Split edge 4→5, new hidden node 6 (pool=4)
2026-08-14 23:55:25,213 [DEBUG] cnn_neat: Removed 2 edges (requested 3)
2026-08-14 23:55:25,214 [DEBUG] cnn_neat: Added edge 2→4 (from 4 candidates)
2026-08-14 23:55:25,216 [DEBUG] cnn_neat: Split edge 4→3, new hidden node 5 (pool=4)
2026-08-14 23:55:25,218 [DEBUG] cnn_neat: Split edge 0→2, new hidden node 4 (pool=5)
2026-08-14 23:55:25,221 [DEBUG] cnn_neat: Removed 3 edges (requested 3)
2026-08-14 23:55:25,224 [DEBUG] cnn_neat: Split edge 3→4, new hidden node 6 (pool=6)
2026-08-14 23:55:25,226 [DEBUG] cnn_neat: Split edge 5→4, new hidden node 7 (pool=5)
2026-08-14 23:55:25,229 [DEBUG] cnn_neat: Removed hidden node 3 (pool=3)
2026-08-14 23:55:25,231 [DEBUG] cnn_neat: Split edge 3→1, new hidden node 5 (pool=4)
2026-08-14 23:55:25,235 [DEBUG] cnn_neat: Removed hidden node 2 (pool=3)
2026-08-14 23:55:25,238 [DEBUG] cnn_neat: Removed edge 5→1 (from 2 candidates)
2026-08-14 23:55:25,241 [DEBUG] cnn_neat: Removed 3 edges (requested 3)
2026-08-14 23:55:25,243 [DEBUG] cnn_neat: Removed 2 edges (requested 3)
2026-08-14 23:55:25,246 [DEBUG] cnn_neat: Removed hidden node 4 (pool=1)
2026-08-14 23:55:25,249 [DEBUG] cnn_neat: Removed hidden node 5 (pool=2)
2026-08-14 23:55:25,251 [DEBUG] cnn_neat: Split edge 2→4, new hidden node 6 (pool=5)
2026-08-14 23:55:25,253 [DEBUG] cnn_neat: Split edge 3→2, new hidden node 4 (pool=3)
2026-08-14 23:55:25,254 [DEBUG] cnn_neat: Split edge 4→2, new hidden node 5 (pool=5)
2026-08-14 23:55:25,257 [DEBUG] cnn_neat: Split edge 4→5, new hidden node 6 (pool=3)
2026-08-14 23:55:25,260 [DEBUG] cnn_neat: Removed 2 edges (requested 3)
2026-08-14 23:55:25,262 [DEBUG] cnn_neat: Split edge 3→4, new hidden node 7 (pool=7)
2026-08-14 23:55:25,265 [DEBUG] cnn_neat: Removed 3 edges (requested 3)
2026-08-14 23:55:25,268 [DEBUG] cnn_neat: Split edge 2→3, new hidden node 6 (pool=5)
2026-08-14 23:55:25,271 [DEBUG] cnn_neat: Removed 3 edges (requested 3)
2026-08-14 23:55:25,273 [DEBUG] cnn_neat: Split edge 4→1, new hidden node 5 (pool=2)
2026-08-14 23:55:25,277 [DEBUG] cnn_neat: Removed hidden node 2 (pool=1)
2026-08-14 23:55:25,279 [DEBUG] cnn_neat: Removed edge 4→1 (from 6 candidates)
2026-08-14 23:55:25,281 [DEBUG] cnn_neat: Added edge 2→4 (from 3 candidates)
2026-08-14 23:55:25,284 [DEBUG] cnn_neat: Removed 3 edges (requested 3)
2026-08-14 23:55:25,286 [DEBUG] cnn_neat: Split edge 0→2, new hidden node 6 (pool=4)
2026-08-14 23:55:25,288 [DEBUG] cnn_neat: Added edge 4→1 (from 3 candidates)
2026-08-14 23:55:25,291 [DEBUG] cnn_neat: Removed 3 edges (requested 3)
2026-08-14 23:55:25,293 [DEBUG] cnn_neat: Removed 2 edges (requested 3)
2026-08-14 23:55:25,295 [DEBUG] cnn_neat: Removed hidden node 3 (pool=3)
2026-08-14 23:55:25,297 [DEBUG] cnn_neat: Removed hidden node 2 (pool=1)
2026-08-14 23:55:25,299 [DEBUG] cnn_neat: Split edge 4→1, new hidden node 6 (pool=2)
2026-08-14 23:55:25,301 [DEBUG] cnn_neat: Split edge 3→1, new hidden node 5 (pool=3)
2026-08-14 23:55:25,304 [DEBUG] cnn_neat: Removed hidden node 2 (pool=2)
2026-08-14 23:55:25,306 [DEBUG] cnn_neat: Removed 2 edges (requested 3)
2026-08-14 23:55:25,308 [DEBUG] cnn_neat: Removed edge 4→1 (from 3 candidates)
2026-08-14 23:55:25,309 [DEBUG] cnn_neat: Added edge 5→3 (from 7 candidates)
2026-08-14 23:55:25,311 [DEBUG] cnn_neat: Removed edge 4→2 (from 1 candidates)
2026-08-14 23:55:25,314 [DEBUG] cnn_neat: Added edge 2→3 (from 3 candidates)
2026-08-14 23:55:25,315 [DEBUG] cnn_neat: Split edge 2→3, new hidden node 5 (pool=5)
2026-08-14 23:55:25,317 [DEBUG] cnn_neat: Removed hidden node 4 (pool=1)
2026-08-14 23:55:25,320 [DEBUG] cnn_neat: Removed 1 edges (requested 3)
2026-08-14 23:55:25,321 [DEBUG] cnn_neat: Removed edge 3→5 (from 4 candidates)
2026-08-14 23:55:25,324 [DEBUG] cnn_neat: Removed hidden node 6 (pool=2)
2026-08-14 23:55:25,326 [DEBUG] cnn_neat: Added edge 2→1 (from 2 candidates)
2026-08-14 23:55:25,328 [DEBUG] cnn_neat: Split edge 5→1, new hidden node 7 (pool=7)
2026-08-14 23:55:25,330 [DEBUG] cnn_neat: Removed 1 edges (requested 3)
2026-08-14 23:55:25,333 [DEBUG] cnn_neat: Removed hidden node 5 (pool=2)
2026-08-14 23:55:25,335 [DEBUG] cnn_neat: Split edge 2→1, new hidden node 5 (pool=4)
2026-08-14 23:55:25,336 [DEBUG] cnn_neat: Removed edge 3→2 (from 1 candidates)
2026-08-14 23:55:25,338 [DEBUG] cnn_neat: Removed hidden node 5 (pool=2)
2026-08-14 23:55:25,340 [DEBUG] cnn_neat: Removed edge 3→1 (from 3 candidates)
2026-08-14 23:55:25,341 [DEBUG] cnn_neat: Removed 1 edges (requested 3)
2026-08-14 23:55:25,343 [DEBUG] cnn_neat: Removed hidden node 3 (pool=1)
2026-08-14 23:55:25,344 [DEBUG] cnn_neat: Split edge 0→1, new hidden node 3 (pool=1)
2026-08-14 23:55:25,347 [DEBUG] cnn_neat: Split edge 3→2, new hidden node 6 (pool=5)
2026-08-14 23:55:25,348 [DEBUG] cnn_neat: Added edge 0→2 (from 2 candidates)
2026-08-14 23:55:25,350 [DEBUG] cnn_neat: Added edge 0→2 (from 4 candidates)
2026-08-14 23:55:25,351 [DEBUG] cnn_neat: Removed hidden node 4 (pool=1)
2026-08-14 23:55:25,352 [DEBUG] cnn_neat: Removed 2 edges (requested 3)
2026-08-14 23:55:25,354 [DEBUG] cnn_neat: Removed 2 edges (requested 3)
2026-08-14 23:55:25,355 [DEBUG] cnn_neat: Removed edge 2→1 (from 1 candidates)
2026-08-14 23:55:25,357 [DEBUG] cnn_neat: Removed 1 edges (requested 3)
2026-08-14 23:55:25,360 [DEBUG] cnn_neat: Removed hidden node 5 (pool=2)
2026-08-14 23:55:25,362 [DEBUG] cnn_neat: Removed edge 4→2 (from 6 candidates)
2026-08-14 23:55:25,363 [DEBUG] cnn_neat: Removed 1 edges (requested 3)
2026-08-14 23:55:25,365 [DEBUG] cnn_neat: Added edge 2→1 (from 6 candidates)
2026-08-14 23:55:25,367 [DEBUG] cnn_neat: Removed edge 2→3 (from 6 candidates)
2026-08-14 23:55:25,368 [DEBUG] cnn_neat: Split edge 3→1, new hidden node 5 (pool=2)
2026-08-14 23:55:25,370 [DEBUG] cnn_neat: Added edge 5→6 (from 10 candidates)
2026-08-14 23:55:25,374 [DEBUG] cnn_neat: Removed hidden node 2 (pool=1)
2026-08-14 23:55:25,376 [DEBUG] cnn_neat: Removed edge 0→3 (from 4 candidates)
2026-08-14 23:55:25,380 [DEBUG] cnn_neat: Removed 3 edges (requested 3)
2026-08-14 23:55:25,383 [DEBUG] cnn_neat: Added edge 6→4 (from 9 candidates)
2026-08-14 23:55:25,384 [DEBUG] cnn_neat: Added edge 2→5 (from 7 candidates)
2026-08-14 23:55:25,386 [DEBUG] cnn_neat: Removed edge 4→2 (from 6 candidates)
2026-08-14 23:55:25,388 [INFO] cnn_neat: CnnNeat started | run=run_0001 | population=128 | in=(32, 32) out=(1, 1)
2026-08-14 23:55:25,388 [INFO] cnn_neat: Compute: device=cuda | grid (32, 32)→(1, 1) | AMP=on (float16) | GPU=NVIDIA GeForce RTX 4060 Ti
