2026-08-18 19:29:21,133 [DEBUG] cnn_neat: Split edge 0→1, new hidden node 2 (pool=1)
2026-08-18 19:29:21,146 [DEBUG] cnn_neat: Split edge 0→2, new hidden node 3 (pool=2)
2026-08-18 19:29:21,150 [DEBUG] cnn_neat: Added edge 0→1 (from 1 candidates)
2026-08-18 19:29:21,163 [DEBUG] cnn_neat: Split edge 3→2, new hidden node 4 (pool=3)
2026-08-18 19:29:21,169 [DEBUG] cnn_neat: Added edge 3→1 (from 2 candidates)
2026-08-18 19:29:21,176 [DEBUG] cnn_neat: Split edge 0→2, new hidden node 4 (pool=3)
2026-08-18 19:29:21,184 [DEBUG] cnn_neat: Added edge 2→1 (from 2 candidates)
2026-08-18 19:29:21,190 [DEBUG] cnn_neat: Split edge 4→2, new hidden node 5 (pool=4)
2026-08-18 19:29:21,194 [DEBUG] cnn_neat: Added edge 0→2 (from 4 candidates)
2026-08-18 19:29:21,198 [DEBUG] cnn_neat: Split edge 3→1, new hidden node 6 (pool=5)
2026-08-18 19:29:21,202 [DEBUG] cnn_neat: Added edge 4→3 (from 6 candidates)
2026-08-18 19:29:21,205 [DEBUG] cnn_neat: Split edge 4→2, new hidden node 5 (pool=5)
2026-08-18 19:29:21,210 [DEBUG] cnn_neat: Split edge 0→1, new hidden node 3 (pool=1)
2026-08-18 19:29:21,214 [DEBUG] cnn_neat: Removed hidden node 2 (pool=1)
2026-08-18 19:29:21,215 [DEBUG] cnn_neat: Removed edge 0→2 (from 3 candidates)
2026-08-18 19:29:21,217 [DEBUG] cnn_neat: Removed 1 edges (requested 3)
2026-08-18 19:29:21,221 [DEBUG] cnn_neat: Split edge 3→1, new hidden node 4 (pool=2)
2026-08-18 19:29:21,224 [DEBUG] cnn_neat: Added edge 0→2 (from 1 candidates)
2026-08-18 19:29:21,228 [DEBUG] cnn_neat: Removed hidden node 2 (pool=1)
2026-08-18 19:29:21,230 [DEBUG] cnn_neat: Removed edge 2→1 (from 3 candidates)
2026-08-18 19:29:21,233 [DEBUG] cnn_neat: Removed 2 edges (requested 3)
2026-08-18 19:29:21,236 [DEBUG] cnn_neat: Split edge 3→1, new hidden node 4 (pool=5)
2026-08-18 19:29:21,239 [DEBUG] cnn_neat: Added edge 0→1 (from 1 candidates)
2026-08-18 19:29:21,243 [DEBUG] cnn_neat: Split edge 2→1, new hidden node 5 (pool=3)
2026-08-18 19:29:21,247 [DEBUG] cnn_neat: Removed hidden node 3 (pool=2)
2026-08-18 19:29:21,251 [DEBUG] cnn_neat: Added edge 3→1 (from 4 candidates)
2026-08-18 19:29:21,254 [DEBUG] cnn_neat: Split edge 0→1, new hidden node 4 (pool=1)
2026-08-18 19:29:21,260 [DEBUG] cnn_neat: Split edge 2→1, new hidden node 4 (pool=2)
2026-08-18 19:29:21,262 [DEBUG] cnn_neat: Added edge 0→3 (from 1 candidates)
2026-08-18 19:29:21,267 [DEBUG] cnn_neat: Removed hidden node 3 (pool=1)
2026-08-18 19:29:21,270 [DEBUG] cnn_neat: Removed edge 2→1 (from 3 candidates)
2026-08-18 19:29:21,274 [DEBUG] cnn_neat: Removed 2 edges (requested 3)
2026-08-18 19:29:21,278 [DEBUG] cnn_neat: Split edge 2→3, new hidden node 5 (pool=5)
2026-08-18 19:29:21,281 [DEBUG] cnn_neat: Added edge 0→4 (from 5 candidates)
2026-08-18 19:29:21,284 [DEBUG] cnn_neat: Split edge 0→2, new hidden node 6 (pool=3)
2026-08-18 19:29:21,290 [DEBUG] cnn_neat: Removed hidden node 3 (pool=2)
2026-08-18 19:29:21,294 [DEBUG] cnn_neat: Added edge 3→4 (from 8 candidates)
2026-08-18 19:29:21,298 [DEBUG] cnn_neat: Split edge 3→1, new hidden node 4 (pool=2)
2026-08-18 19:29:21,300 [DEBUG] cnn_neat: Added edge 0→1 (from 1 candidates)
2026-08-18 19:29:21,306 [DEBUG] cnn_neat: Split edge 2→1, new hidden node 4 (pool=2)
2026-08-18 19:29:21,308 [DEBUG] cnn_neat: Added edge 3→1 (from 2 candidates)
2026-08-18 19:29:21,313 [DEBUG] cnn_neat: Removed hidden node 3 (pool=1)
2026-08-18 19:29:21,315 [DEBUG] cnn_neat: Removed edge 2→3 (from 1 candidates)
2026-08-18 19:29:21,317 [DEBUG] cnn_neat: Removed 1 edges (requested 3)
2026-08-18 19:29:21,321 [DEBUG] cnn_neat: Split edge 0→2, new hidden node 5 (pool=4)
2026-08-18 19:29:21,324 [DEBUG] cnn_neat: Added edge 2→1 (from 6 candidates)
2026-08-18 19:29:21,327 [DEBUG] cnn_neat: Split edge 5→2, new hidden node 6 (pool=5)
2026-08-18 19:29:21,330 [DEBUG] cnn_neat: Removed hidden node 3 (pool=1)
2026-08-18 19:29:21,334 [DEBUG] cnn_neat: Added edge 4→3 (from 8 candidates)
2026-08-18 19:29:21,337 [DEBUG] cnn_neat: Split edge 2→1, new hidden node 5 (pool=2)
2026-08-18 19:29:21,365 [DEBUG] cnn_neat: Split edge 4→2, new hidden node 5 (pool=3)
2026-08-18 19:29:21,369 [DEBUG] cnn_neat: Added edge 3→1 (from 4 candidates)
2026-08-18 19:29:21,378 [DEBUG] cnn_neat: Removed hidden node 3 (pool=1)
2026-08-18 19:29:21,383 [DEBUG] cnn_neat: Removed edge 2→3 (from 1 candidates)
2026-08-18 19:29:21,387 [DEBUG] cnn_neat: Removed 1 edges (requested 3)
2026-08-18 19:29:21,393 [DEBUG] cnn_neat: Split edge 2→3, new hidden node 4 (pool=4)
2026-08-18 19:29:21,400 [DEBUG] cnn_neat: Added edge 0→1 (from 2 candidates)
2026-08-18 19:29:21,404 [DEBUG] cnn_neat: Removed hidden node 3 (pool=1)
2026-08-18 19:29:21,406 [DEBUG] cnn_neat: Removed edge 0→3 (from 2 candidates)
2026-08-18 19:29:21,442 [DEBUG] cnn_neat: Removed 2 edges (requested 3)
2026-08-18 19:29:21,446 [DEBUG] cnn_neat: Split edge 0→2, new hidden node 5 (pool=3)
2026-08-18 19:29:21,449 [DEBUG] cnn_neat: Split edge 0→1, new hidden node 4 (pool=1)
2026-08-18 19:29:21,452 [DEBUG] cnn_neat: Added edge 4→1 (from 4 candidates)
2026-08-18 19:29:21,455 [DEBUG] cnn_neat: Added edge 3→1 (from 1 candidates)
2026-08-18 19:29:21,460 [DEBUG] cnn_neat: Split edge 0→4, new hidden node 5 (pool=3)
2026-08-18 19:29:21,481 [DEBUG] cnn_neat: Added edge 4→1 (from 2 candidates)
2026-08-18 19:29:21,542 [DEBUG] cnn_neat: Split edge 4→1, new hidden node 5 (pool=2)
2026-08-18 19:29:21,546 [DEBUG] cnn_neat: Added edge 0→2 (from 1 candidates)
2026-08-18 19:29:21,552 [DEBUG] cnn_neat: Removed hidden node 2 (pool=1)
2026-08-18 19:29:21,586 [DEBUG] cnn_neat: Removed edge 2→1 (from 3 candidates)
2026-08-18 19:29:21,760 [DEBUG] cnn_neat: Removed 2 edges (requested 3)
2026-08-18 19:29:21,762 [DEBUG] cnn_neat: Split edge 0→2, new hidden node 5 (pool=5)
2026-08-18 19:29:21,764 [DEBUG] cnn_neat: Added edge 0→1 (from 1 candidates)
2026-08-18 19:29:21,766 [DEBUG] cnn_neat: Split edge 0→5, new hidden node 6 (pool=5)
2026-08-18 19:29:21,769 [DEBUG] cnn_neat: Removed hidden node 2 (pool=2)
2026-08-18 19:29:21,771 [DEBUG] cnn_neat: Added edge 5→4 (from 4 candidates)
2026-08-18 19:29:21,774 [DEBUG] cnn_neat: Split edge 0→1, new hidden node 5 (pool=1)
2026-08-18 19:29:21,780 [DEBUG] cnn_neat: Split edge 3→1, new hidden node 4 (pool=4)
2026-08-18 19:29:21,783 [DEBUG] cnn_neat: Added edge 2→1 (from 2 candidates)
2026-08-18 19:29:21,787 [DEBUG] cnn_neat: Removed hidden node 2 (pool=1)
2026-08-18 19:29:21,788 [DEBUG] cnn_neat: Removed edge 2→3 (from 3 candidates)
2026-08-18 19:29:21,790 [DEBUG] cnn_neat: Removed 1 edges (requested 3)
2026-08-18 19:29:21,792 [DEBUG] cnn_neat: Split edge 0→3, new hidden node 4 (pool=3)
2026-08-18 19:29:21,793 [DEBUG] cnn_neat: Added edge 0→1 (from 4 candidates)
2026-08-18 19:29:21,795 [DEBUG] cnn_neat: Split edge 3→1, new hidden node 5 (pool=4)
2026-08-18 19:29:21,797 [DEBUG] cnn_neat: Removed hidden node 2 (pool=1)
2026-08-18 19:29:21,799 [DEBUG] cnn_neat: Added edge 2→3 (from 7 candidates)
2026-08-18 19:29:21,801 [DEBUG] cnn_neat: Split edge 0→1, new hidden node 4 (pool=1)
2026-08-18 19:29:21,805 [DEBUG] cnn_neat: Split edge 0→2, new hidden node 5 (pool=4)
2026-08-18 19:29:21,809 [DEBUG] cnn_neat: Added edge 3→1 (from 4 candidates)
2026-08-18 19:29:21,826 [DEBUG] cnn_neat: Split edge 2→3, new hidden node 6 (pool=5)
2026-08-18 19:29:21,830 [DEBUG] cnn_neat: Split edge 0→2, new hidden node 5 (pool=3)
2026-08-18 19:29:21,835 [DEBUG] cnn_neat: Added edge 0→2 (from 6 candidates)
2026-08-18 19:29:21,836 [DEBUG] cnn_neat: Added edge 0→3 (from 3 candidates)
2026-08-18 19:29:21,842 [DEBUG] cnn_neat: Split edge 0→5, new hidden node 6 (pool=4)
2026-08-18 19:29:21,851 [DEBUG] cnn_neat: Split edge 4→1, new hidden node 5 (pool=5)
2026-08-18 19:29:21,858 [DEBUG] cnn_neat: Added edge 2→4 (from 4 candidates)
2026-08-18 19:29:21,868 [DEBUG] cnn_neat: Removed hidden node 2 (pool=1)
2026-08-18 19:29:21,873 [DEBUG] cnn_neat: Removed edge 0→3 (from 3 candidates)
2026-08-18 19:29:21,882 [DEBUG] cnn_neat: Removed 2 edges (requested 3)
2026-08-18 19:29:21,887 [DEBUG] cnn_neat: Split edge 0→2, new hidden node 5 (pool=6)
2026-08-18 19:29:21,891 [DEBUG] cnn_neat: Added edge 3→1 (from 3 candidates)
2026-08-18 19:29:21,895 [DEBUG] cnn_neat: Split edge 2→3, new hidden node 6 (pool=7)
2026-08-18 19:29:21,901 [DEBUG] cnn_neat: Removed hidden node 3 (pool=2)
2026-08-18 19:29:21,906 [DEBUG] cnn_neat: Added edge 0→2 (from 7 candidates)
2026-08-18 19:29:21,913 [DEBUG] cnn_neat: Split edge 0→3, new hidden node 7 (pool=4)
2026-08-18 19:29:21,917 [DEBUG] cnn_neat: Split edge 0→1, new hidden node 2 (pool=1)
2026-08-18 19:29:21,949 [DEBUG] cnn_neat: Split edge 0→2, new hidden node 3 (pool=2)
2026-08-18 19:29:21,953 [DEBUG] cnn_neat: Added edge 0→1 (from 1 candidates)
2026-08-18 19:29:22,035 [DEBUG] cnn_neat: Split edge 2→1, new hidden node 4 (pool=3)
2026-08-18 19:29:22,040 [DEBUG] cnn_neat: Added edge 3→1 (from 2 candidates)
2026-08-18 19:29:22,048 [DEBUG] cnn_neat: Split edge 2→4, new hidden node 5 (pool=4)
2026-08-18 19:29:22,051 [DEBUG] cnn_neat: Added edge 3→4 (from 4 candidates)
2026-08-18 19:29:22,052 [DEBUG] cnn_neat: Split edge 3→2, new hidden node 6 (pool=5)
2026-08-18 19:29:22,059 [DEBUG] cnn_neat: Added edge 2→4 (from 6 candidates)
2026-08-18 19:29:22,061 [DEBUG] cnn_neat: Split edge 4→1, new hidden node 5 (pool=5)
2026-08-18 19:29:22,095 [DEBUG] cnn_neat: Split edge 0→1, new hidden node 3 (pool=1)
2026-08-18 19:29:22,107 [DEBUG] cnn_neat: Removed hidden node 2 (pool=1)
2026-08-18 19:29:22,117 [DEBUG] cnn_neat: Removed edge 0→1 (from 3 candidates)
2026-08-18 19:29:22,127 [DEBUG] cnn_neat: Removed 1 edges (requested 3)
2026-08-18 19:29:22,138 [DEBUG] cnn_neat: Split edge 3→1, new hidden node 4 (pool=2)
2026-08-18 19:29:22,140 [DEBUG] cnn_neat: Added edge 0→1 (from 1 candidates)
2026-08-18 19:29:22,149 [DEBUG] cnn_neat: Split edge 4→2, new hidden node 5 (pool=3)
2026-08-18 19:29:22,155 [DEBUG] cnn_neat: Added edge 3→1 (from 4 candidates)
2026-08-18 19:29:22,184 [DEBUG] cnn_neat: Removed hidden node 3 (pool=1)
2026-08-18 19:29:22,189 [DEBUG] cnn_neat: Removed edge 2→3 (from 1 candidates)
2026-08-18 19:29:22,192 [DEBUG] cnn_neat: Removed 1 edges (requested 3)
2026-08-18 19:29:22,235 [DEBUG] cnn_neat: Split edge 0→3, new hidden node 4 (pool=5)
2026-08-18 19:29:22,242 [DEBUG] cnn_neat: Added edge 0→1 (from 1 candidates)
2026-08-18 19:29:22,249 [DEBUG] cnn_neat: Removed hidden node 3 (pool=2)
2026-08-18 19:29:22,256 [DEBUG] cnn_neat: Removed edge 2→1 (from 5 candidates)
2026-08-18 19:29:22,331 [DEBUG] cnn_neat: Removed 3 edges (requested 3)
2026-08-18 19:29:22,334 [DEBUG] cnn_neat: Split edge 2→1, new hidden node 5 (pool=5)
2026-08-18 19:29:22,339 [DEBUG] cnn_neat: Added edge 2→4 (from 4 candidates)
2026-08-18 19:29:22,346 [DEBUG] cnn_neat: Split edge 3→1, new hidden node 6 (pool=7)
2026-08-18 19:29:22,354 [DEBUG] cnn_neat: Removed hidden node 3 (pool=3)
2026-08-18 19:29:22,358 [DEBUG] cnn_neat: Added edge 4→1 (from 10 candidates)
2026-08-18 19:29:22,364 [DEBUG] cnn_neat: Split edge 2→1, new hidden node 5 (pool=3)
2026-08-18 19:29:22,368 [DEBUG] cnn_neat: Added edge 4→1 (from 2 candidates)
2026-08-18 19:29:22,397 [DEBUG] cnn_neat: Split edge 5→1, new hidden node 6 (pool=4)
2026-08-18 19:29:22,401 [DEBUG] cnn_neat: Added edge 0→2 (from 4 candidates)
2026-08-18 19:29:22,403 [DEBUG] cnn_neat: Split edge 5→6, new hidden node 7 (pool=5)
2026-08-18 19:29:22,405 [DEBUG] cnn_neat: Added edge 4→6 (from 6 candidates)
2026-08-18 19:29:22,407 [DEBUG] cnn_neat: Split edge 0→4, new hidden node 6 (pool=5)
2026-08-18 19:29:22,438 [DEBUG] cnn_neat: Split edge 3→1, new hidden node 5 (pool=4)
2026-08-18 19:29:22,470 [DEBUG] cnn_neat: Added edge 2→3 (from 4 candidates)
2026-08-18 19:29:22,482 [DEBUG] cnn_neat: Split edge 4→3, new hidden node 5 (pool=5)
2026-08-18 19:29:22,486 [DEBUG] cnn_neat: Added edge 2→1 (from 4 candidates)
2026-08-18 19:29:22,488 [DEBUG] cnn_neat: Split edge 0→2, new hidden node 6 (pool=3)
2026-08-18 19:29:22,490 [DEBUG] cnn_neat: Removed hidden node 4 (pool=1)
2026-08-18 19:29:22,495 [DEBUG] cnn_neat: Added edge 5→1 (from 6 candidates)
2026-08-18 19:29:22,499 [DEBUG] cnn_neat: Split edge 0→2, new hidden node 5 (pool=2)
2026-08-18 19:29:22,508 [DEBUG] cnn_neat: Split edge 0→1, new hidden node 4 (pool=1)
2026-08-18 19:29:22,582 [DEBUG] cnn_neat: Removed hidden node 3 (pool=1)
2026-08-18 19:29:22,586 [DEBUG] cnn_neat: Removed edge 0→3 (from 3 candidates)
2026-08-18 19:29:22,590 [DEBUG] cnn_neat: Removed 2 edges (requested 3)
2026-08-18 19:29:22,592 [DEBUG] cnn_neat: Split edge 0→4, new hidden node 5 (pool=4)
2026-08-18 19:29:22,593 [DEBUG] cnn_neat: Split edge 0→1, new hidden node 4 (pool=2)
2026-08-18 19:29:22,595 [DEBUG] cnn_neat: Added edge 3→4 (from 3 candidates)
2026-08-18 19:29:22,597 [DEBUG] cnn_neat: Added edge 0→3 (from 1 candidates)
2026-08-18 19:29:22,601 [DEBUG] cnn_neat: Split edge 3→1, new hidden node 6 (pool=2)
2026-08-18 19:29:22,612 [DEBUG] cnn_neat: Split edge 3→2, new hidden node 5 (pool=5)
2026-08-18 19:29:22,617 [DEBUG] cnn_neat: Added edge 2→4 (from 5 candidates)
2026-08-18 19:29:22,621 [DEBUG] cnn_neat: Removed hidden node 4 (pool=2)
2026-08-18 19:29:22,624 [DEBUG] cnn_neat: Removed edge 2→1 (from 4 candidates)
2026-08-18 19:29:22,627 [DEBUG] cnn_neat: Removed 2 edges (requested 3)
2026-08-18 19:29:22,629 [DEBUG] cnn_neat: Split edge 0→3, new hidden node 6 (pool=3)
2026-08-18 19:29:22,631 [DEBUG] cnn_neat: Split edge 2→4, new hidden node 5 (pool=6)
2026-08-18 19:29:22,635 [DEBUG] cnn_neat: Added edge 5→4 (from 8 candidates)
2026-08-18 19:29:22,641 [DEBUG] cnn_neat: Added edge 0→4 (from 3 candidates)
2026-08-18 19:29:22,651 [DEBUG] cnn_neat: Split edge 5→1, new hidden node 6 (pool=5)
2026-08-18 19:29:22,655 [DEBUG] cnn_neat: Added edge 0→5 (from 5 candidates)
2026-08-18 19:29:22,663 [DEBUG] cnn_neat: Removed hidden node 5 (pool=2)
2026-08-18 19:29:22,665 [DEBUG] cnn_neat: Removed edge 2→1 (from 4 candidates)
2026-08-18 19:29:22,676 [DEBUG] cnn_neat: Removed 2 edges (requested 3)
2026-08-18 19:29:22,681 [DEBUG] cnn_neat: Split edge 2→1, new hidden node 7 (pool=3)
2026-08-18 19:29:22,686 [DEBUG] cnn_neat: Split edge 5→1, new hidden node 6 (pool=3)
2026-08-18 19:29:22,690 [DEBUG] cnn_neat: Split edge 0→4, new hidden node 6 (pool=4)
2026-08-18 19:29:22,695 [DEBUG] cnn_neat: Split edge 0→1, new hidden node 2 (pool=1)
2026-08-18 19:29:22,703 [DEBUG] cnn_neat: Split edge 0→3, new hidden node 5 (pool=4)
2026-08-18 19:29:22,710 [DEBUG] cnn_neat: Added edge 3→2 (from 4 candidates)
2026-08-18 19:29:22,722 [DEBUG] cnn_neat: Split edge 5→3, new hidden node 6 (pool=5)
2026-08-18 19:29:22,728 [DEBUG] cnn_neat: Added edge 3→2 (from 6 candidates)
2026-08-18 19:29:22,749 [DEBUG] cnn_neat: Added edge 0→4 (from 9 candidates)
2026-08-18 19:29:22,753 [DEBUG] cnn_neat: Split edge 5→3, new hidden node 6 (pool=6)
2026-08-18 19:29:22,781 [DEBUG] cnn_neat: Added edge 0→4 (from 6 candidates)
2026-08-18 19:29:22,785 [DEBUG] cnn_neat: Split edge 0→2, new hidden node 3 (pool=2)
2026-08-18 19:29:22,787 [DEBUG] cnn_neat: Added edge 0→1 (from 1 candidates)
2026-08-18 19:29:22,794 [DEBUG] cnn_neat: Split edge 4→5, new hidden node 6 (pool=3)
2026-08-18 19:29:22,887 [DEBUG] cnn_neat: Added edge 4→1 (from 2 candidates)
2026-08-18 19:29:22,895 [DEBUG] cnn_neat: Split edge 0→1, new hidden node 3 (pool=1)
2026-08-18 19:29:22,899 [DEBUG] cnn_neat: Removed hidden node 2 (pool=1)
2026-08-18 19:29:22,901 [DEBUG] cnn_neat: Removed edge 0→1 (from 3 candidates)
2026-08-18 19:29:22,903 [DEBUG] cnn_neat: Removed 2 edges (requested 3)
2026-08-18 19:29:22,906 [DEBUG] cnn_neat: Split edge 0→3, new hidden node 4 (pool=2)
2026-08-18 19:29:22,908 [DEBUG] cnn_neat: Added edge 0→1 (from 1 candidates)
2026-08-18 19:29:22,913 [DEBUG] cnn_neat: Split edge 4→3, new hidden node 5 (pool=3)
2026-08-18 19:29:22,915 [DEBUG] cnn_neat: Added edge 4→1 (from 2 candidates)
2026-08-18 19:29:22,918 [DEBUG] cnn_neat: Split edge 3→1, new hidden node 6 (pool=4)
2026-08-18 19:29:22,922 [DEBUG] cnn_neat: Added edge 0→3 (from 4 candidates)
2026-08-18 19:29:22,925 [DEBUG] cnn_neat: Split edge 0→4, new hidden node 5 (pool=2)
2026-08-18 19:29:22,929 [DEBUG] cnn_neat: Split edge 4→1, new hidden node 5 (pool=3)
2026-08-18 19:29:22,932 [DEBUG] cnn_neat: Added edge 0→4 (from 2 candidates)
2026-08-18 19:29:22,938 [DEBUG] cnn_neat: Split edge 3→4, new hidden node 5 (pool=4)
2026-08-18 19:29:22,940 [DEBUG] cnn_neat: Added edge 3→1 (from 2 candidates)
2026-08-18 19:29:22,944 [DEBUG] cnn_neat: Split edge 0→4, new hidden node 6 (pool=2)
2026-08-18 19:29:22,948 [DEBUG] cnn_neat: Removed hidden node 3 (pool=1)
2026-08-18 19:29:22,951 [DEBUG] cnn_neat: Added edge 5→1 (from 4 candidates)
2026-08-18 19:29:22,955 [DEBUG] cnn_neat: Split edge 0→4, new hidden node 5 (pool=3)
2026-08-18 19:29:22,958 [DEBUG] cnn_neat: Added edge 0→2 (from 4 candidates)
2026-08-18 19:29:22,962 [DEBUG] cnn_neat: Removed hidden node 3 (pool=1)
2026-08-18 19:29:22,965 [DEBUG] cnn_neat: Removed edge 2→3 (from 1 candidates)
2026-08-18 19:29:22,967 [DEBUG] cnn_neat: Removed 1 edges (requested 3)
2026-08-18 19:29:22,969 [DEBUG] cnn_neat: Split edge 0→2, new hidden node 5 (pool=4)
2026-08-18 19:29:22,972 [DEBUG] cnn_neat: Added edge 3→1 (from 4 candidates)
2026-08-18 19:29:22,976 [DEBUG] cnn_neat: Split edge 0→4, new hidden node 6 (pool=5)
2026-08-18 19:29:22,979 [DEBUG] cnn_neat: Removed hidden node 4 (pool=2)
2026-08-18 19:29:22,983 [DEBUG] cnn_neat: Added edge 4→5 (from 7 candidates)
2026-08-18 19:29:22,984 [DEBUG] cnn_neat: Saved generation 0
2026-08-18 19:29:23,037 [DEBUG] cnn_neat: Selected 25 elite individuals
2026-08-18 19:29:23,037 [DEBUG] cnn_neat: Split edge 0→2, new hidden node 5 (pool=4)
2026-08-18 19:29:23,084 [DEBUG] cnn_neat: Split edge 0→2, new hidden node 6 (pool=5)
2026-08-18 19:29:23,096 [DEBUG] cnn_neat: Added edge 4→5 (from 6 candidates)
2026-08-18 19:29:23,124 [DEBUG] cnn_neat: Split edge 2→4, new hidden node 6 (pool=6)
2026-08-18 19:29:23,131 [DEBUG] cnn_neat: Added edge 2→5 (from 9 candidates)
2026-08-18 19:29:23,139 [DEBUG] cnn_neat: Added edge 2→3 (from 6 candidates)
2026-08-18 19:29:23,148 [DEBUG] cnn_neat: Split edge 0→2, new hidden node 7 (pool=7)
2026-08-18 19:29:23,305 [DEBUG] cnn_neat: Split edge 0→3, new hidden node 4 (pool=2)
2026-08-18 19:29:23,308 [DEBUG] cnn_neat: Added edge 2→1 (from 2 candidates)
2026-08-18 19:29:23,309 [DEBUG] cnn_neat: Split edge 2→1, new hidden node 5 (pool=3)
2026-08-18 19:29:23,314 [DEBUG] cnn_neat: Removed hidden node 2 (pool=1)
2026-08-18 19:29:23,315 [DEBUG] cnn_neat: Added edge 0→2 (from 3 candidates)
2026-08-18 19:29:23,317 [DEBUG] cnn_neat: Removed edge 3→2 (from 1 candidates)
2026-08-18 19:29:23,320 [DEBUG] cnn_neat: Removed 1 edges (requested 3)
2026-08-18 19:29:23,323 [DEBUG] cnn_neat: Removed hidden node 3 (pool=1)
2026-08-18 19:29:23,324 [DEBUG] cnn_neat: Split edge 4→3, new hidden node 5 (pool=3)
2026-08-18 19:29:23,327 [DEBUG] cnn_neat: Added edge 4→2 (from 4 candidates)
2026-08-18 19:29:23,328 [DEBUG] cnn_neat: Split edge 2→1, new hidden node 5 (pool=3)
2026-08-18 19:29:23,332 [DEBUG] cnn_neat: Split edge 3→1, new hidden node 6 (pool=4)
2026-08-18 19:29:23,332 [DEBUG] cnn_neat: Added edge 0→5 (from 4 candidates)
2026-08-18 19:29:23,337 [DEBUG] cnn_neat: Removed edge 3→1 (from 3 candidates)
2026-08-18 19:29:23,339 [DEBUG] cnn_neat: Removed hidden node 2 (pool=1)
2026-08-18 19:29:23,341 [DEBUG] cnn_neat: Split edge 0→4, new hidden node 5 (pool=3)
2026-08-18 19:29:23,343 [DEBUG] cnn_neat: Added edge 0→2 (from 7 candidates)
2026-08-18 19:29:23,346 [DEBUG] cnn_neat: Added edge 0→2 (from 7 candidates)
2026-08-18 19:29:23,347 [DEBUG] cnn_neat: Split edge 3→2, new hidden node 5 (pool=5)
2026-08-18 19:29:23,348 [DEBUG] cnn_neat: Removed 1 edges (requested 3)
2026-08-18 19:29:23,351 [DEBUG] cnn_neat: Crossover union: A_edges=5 B_added=3 dup_skipped=0 child_edges=8 nodes=7
2026-08-18 19:29:23,353 [DEBUG] cnn_neat: Added edge 4→3 (from 3 candidates)
2026-08-18 19:29:23,354 [DEBUG] cnn_neat: Added edge 0→2 (from 3 candidates)
2026-08-18 19:29:23,356 [DEBUG] cnn_neat: Added edge 4→1 (from 2 candidates)
2026-08-18 19:29:23,359 [DEBUG] cnn_neat: Added edge 0→3 (from 1 candidates)
2026-08-18 19:29:23,360 [DEBUG] cnn_neat: Added edge 0→1 (from 1 candidates)
2026-08-18 19:29:23,362 [DEBUG] cnn_neat: Split edge 0→2, new hidden node 6 (pool=3)
2026-08-18 19:29:23,363 [DEBUG] cnn_neat: Added edge 0→5 (from 2 candidates)
2026-08-18 19:29:23,365 [DEBUG] cnn_neat: Split edge 2→5, new hidden node 6 (pool=3)
2026-08-18 19:29:23,367 [DEBUG] cnn_neat: Split edge 2→5, new hidden node 6 (pool=3)
2026-08-18 19:29:23,368 [DEBUG] cnn_neat: Added edge 0→6 (from 4 candidates)
2026-08-18 19:29:23,369 [DEBUG] cnn_neat: Split edge 2→5, new hidden node 6 (pool=3)
2026-08-18 19:29:23,372 [DEBUG] cnn_neat: Added edge 6→1 (from 4 candidates)
2026-08-18 19:29:23,374 [DEBUG] cnn_neat: Crossover rejected: union topology invalid (edges=6 nodes=5)
2026-08-18 19:29:23,375 [DEBUG] cnn_neat: Split edge 0→2, new hidden node 6 (pool=3)
2026-08-18 19:29:23,376 [DEBUG] cnn_neat: Added edge 0→2 (from 4 candidates)
2026-08-18 19:29:23,378 [DEBUG] cnn_neat: Added edge 2→1 (from 2 candidates)
2026-08-18 19:29:23,379 [DEBUG] cnn_neat: Added edge 0→5 (from 1 candidates)
2026-08-18 19:29:23,380 [DEBUG] cnn_neat: Added edge 0→1 (from 1 candidates)
2026-08-18 19:29:23,383 [DEBUG] cnn_neat: Split edge 0→2, new hidden node 6 (pool=4)
2026-08-18 19:29:23,384 [DEBUG] cnn_neat: Added edge 0→5 (from 5 candidates)
2026-08-18 19:29:23,386 [DEBUG] cnn_neat: Removed hidden node 4 (pool=1)
2026-08-18 19:29:23,387 [DEBUG] cnn_neat: Split edge 0→2, new hidden node 6 (pool=3)
2026-08-18 19:29:23,389 [DEBUG] cnn_neat: Added edge 0→2 (from 4 candidates)
2026-08-18 19:29:23,392 [DEBUG] cnn_neat: Removed hidden node 6 (pool=1)
2026-08-18 19:29:23,395 [DEBUG] cnn_neat: Split edge 5→1, new hidden node 6 (pool=3)
2026-08-18 19:29:23,396 [DEBUG] cnn_neat: Removed edge 4→2 (from 1 candidates)
2026-08-18 19:29:23,397 [DEBUG] cnn_neat: Split edge 2→5, new hidden node 6 (pool=3)
2026-08-18 19:29:23,398 [DEBUG] cnn_neat: Added edge 2→5 (from 4 candidates)
2026-08-18 19:29:23,400 [DEBUG] cnn_neat: Removed 1 edges (requested 3)
2026-08-18 19:29:23,401 [DEBUG] cnn_neat: Split edge 2→5, new hidden node 6 (pool=3)
2026-08-18 19:29:23,402 [DEBUG] cnn_neat: Added edge 6→1 (from 4 candidates)
2026-08-18 19:29:23,404 [DEBUG] cnn_neat: Removed hidden node 5 (pool=1)
2026-08-18 19:29:23,406 [DEBUG] cnn_neat: Crossover rejected: copied edge has no live Conv2d
2026-08-18 19:29:23,407 [DEBUG] cnn_neat: Split edge 5→1, new hidden node 6 (pool=4)
2026-08-18 19:29:23,409 [DEBUG] cnn_neat: Added edge 0→5 (from 5 candidates)
2026-08-18 19:29:23,410 [DEBUG] cnn_neat: Added edge 4→1 (from 5 candidates)
2026-08-18 19:29:23,411 [DEBUG] cnn_neat: Added edge 0→4 (from 4 candidates)
2026-08-18 19:29:23,414 [DEBUG] cnn_neat: Added edge 2→1 (from 3 candidates)
2026-08-18 19:29:23,416 [DEBUG] cnn_neat: Added edge 0→1 (from 2 candidates)
2026-08-18 19:29:23,417 [DEBUG] cnn_neat: Split edge 0→2, new hidden node 7 (pool=5)
2026-08-18 19:29:23,419 [DEBUG] cnn_neat: Added edge 0→4 (from 9 candidates)
2026-08-18 19:29:23,421 [DEBUG] cnn_neat: Removed hidden node 4 (pool=2)
2026-08-18 19:29:23,422 [DEBUG] cnn_neat: Split edge 2→5, new hidden node 6 (pool=3)
2026-08-18 19:29:23,424 [DEBUG] cnn_neat: Added edge 0→5 (from 4 candidates)
2026-08-18 19:29:23,425 [DEBUG] cnn_neat: Removed edge 4→2 (from 2 candidates)
2026-08-18 19:29:23,427 [DEBUG] cnn_neat: Removed 2 edges (requested 3)
2026-08-18 19:29:23,428 [DEBUG] cnn_neat: Split edge 2→5, new hidden node 6 (pool=3)
2026-08-18 19:29:23,429 [DEBUG] cnn_neat: Added edge 2→5 (from 4 candidates)
2026-08-18 19:29:23,432 [DEBUG] cnn_neat: Removed hidden node 6 (pool=1)
2026-08-18 19:29:23,435 [DEBUG] cnn_neat: Split edge 5→1, new hidden node 6 (pool=3)
2026-08-18 19:29:23,436 [DEBUG] cnn_neat: Split edge 5→6, new hidden node 7 (pool=4)
2026-08-18 19:29:23,438 [DEBUG] cnn_neat: Crossover rejected: copied edge has no live Conv2d
2026-08-18 19:29:23,439 [DEBUG] cnn_neat: Split edge 0→2, new hidden node 7 (pool=5)
2026-08-18 19:29:23,441 [DEBUG] cnn_neat: Added edge 7→4 (from 15 candidates)
2026-08-18 19:29:23,442 [DEBUG] cnn_neat: Added edge 2→1 (from 9 candidates)
2026-08-18 19:29:23,444 [DEBUG] cnn_neat: Added edge 4→1 (from 8 candidates)
2026-08-18 19:29:23,445 [DEBUG] cnn_neat: Added edge 6→1 (from 7 candidates)
2026-08-18 19:29:23,447 [DEBUG] cnn_neat: Added edge 0→4 (from 6 candidates)
2026-08-18 19:29:23,449 [DEBUG] cnn_neat: Added edge 6→5 (from 5 candidates)
2026-08-18 19:29:23,450 [DEBUG] cnn_neat: Split edge 3→4, new hidden node 6 (pool=5)
2026-08-18 19:29:23,451 [DEBUG] cnn_neat: Added edge 0→5 (from 9 candidates)
2026-08-18 19:29:23,453 [DEBUG] cnn_neat: Removed hidden node 3 (pool=2)
2026-08-18 19:29:23,454 [DEBUG] cnn_neat: Split edge 4→2, new hidden node 6 (pool=4)
2026-08-18 19:29:23,456 [DEBUG] cnn_neat: Removed edge 4→2 (from 2 candidates)
2026-08-18 19:29:23,458 [DEBUG] cnn_neat: Removed 2 edges (requested 3)
2026-08-18 19:29:23,459 [DEBUG] cnn_neat: Split edge 5→1, new hidden node 6 (pool=3)
2026-08-18 19:29:23,461 [DEBUG] cnn_neat: Added edge 5→1 (from 4 candidates)
2026-08-18 19:29:23,462 [DEBUG] cnn_neat: Crossover rejected: union topology invalid (edges=12 nodes=11)
2026-08-18 19:29:23,463 [DEBUG] cnn_neat: Split edge 2→5, new hidden node 6 (pool=5)
2026-08-18 19:29:23,466 [DEBUG] cnn_neat: Added edge 3→1 (from 9 candidates)
2026-08-18 19:29:23,466 [DEBUG] cnn_neat: Added edge 4→1 (from 8 candidates)
2026-08-18 19:29:23,468 [DEBUG] cnn_neat: Added edge 0→3 (from 7 candidates)
2026-08-18 19:29:23,470 [DEBUG] cnn_neat: Added edge 3→5 (from 6 candidates)
2026-08-18 19:29:23,473 [DEBUG] cnn_neat: Added edge 3→2 (from 5 candidates)
2026-08-18 19:29:23,473 [DEBUG] cnn_neat: Split edge 0→1, new hidden node 5 (pool=1)
2026-08-18 19:29:23,475 [DEBUG] cnn_neat: Added edge 4→1 (from 1 candidates)
2026-08-18 19:29:23,476 [DEBUG] cnn_neat: Split edge 0→1, new hidden node 5 (pool=1)
2026-08-18 19:29:23,477 [DEBUG] cnn_neat: Removed hidden node 4 (pool=1)
2026-08-18 19:29:23,478 [DEBUG] cnn_neat: Split edge 0→1, new hidden node 2 (pool=1)
2026-08-18 19:29:23,479 [DEBUG] cnn_neat: Added edge 0→1 (from 1 candidates)
2026-08-18 19:29:23,481 [DEBUG] cnn_neat: Removed hidden node 2 (pool=1)
2026-08-18 19:29:23,482 [DEBUG] cnn_neat: Split edge 0→1, new hidden node 2 (pool=1)
2026-08-18 19:29:23,483 [DEBUG] cnn_neat: Split edge 0→2, new hidden node 3 (pool=2)
2026-08-18 19:29:23,484 [DEBUG] cnn_neat: Added edge 0→1 (from 1 candidates)
2026-08-18 19:29:23,484 [DEBUG] cnn_neat: Weight mutation: 2 conv modules updated (direct tensor perturbation)
2026-08-18 19:29:23,485 [DEBUG] cnn_neat: Removed edge 0→4 (from 1 candidates)
2026-08-18 19:29:23,485 [DEBUG] cnn_neat: Split edge 0→1, new hidden node 2 (pool=1)
2026-08-18 19:29:23,488 [DEBUG] cnn_neat: Added edge 0→1 (from 1 candidates)
2026-08-18 19:29:23,489 [DEBUG] cnn_neat: Removed hidden node 2 (pool=1)
2026-08-18 19:29:23,491 [DEBUG] cnn_neat: Split edge 0→1, new hidden node 2 (pool=1)
2026-08-18 19:29:23,492 [DEBUG] cnn_neat: Split edge 2→1, new hidden node 3 (pool=2)
2026-08-18 19:29:23,493 [DEBUG] cnn_neat: Added edge 0→1 (from 1 candidates)
2026-08-18 19:29:23,494 [DEBUG] cnn_neat: Weight mutation: 2 conv modules updated (direct tensor perturbation)
2026-08-18 19:29:23,494 [DEBUG] cnn_neat: Removed 1 edges (requested 3)
2026-08-18 19:29:23,495 [DEBUG] cnn_neat: Split edge 0→1, new hidden node 2 (pool=1)
2026-08-18 19:29:23,496 [DEBUG] cnn_neat: Added edge 0→1 (from 1 candidates)
2026-08-18 19:29:23,497 [DEBUG] cnn_neat: Removed hidden node 2 (pool=1)
2026-08-18 19:29:23,498 [DEBUG] cnn_neat: Split edge 0→1, new hidden node 2 (pool=1)
2026-08-18 19:29:23,499 [DEBUG] cnn_neat: Split edge 0→2, new hidden node 3 (pool=2)
2026-08-18 19:29:23,500 [DEBUG] cnn_neat: Added edge 0→1 (from 1 candidates)
2026-08-18 19:29:23,501 [DEBUG] cnn_neat: Weight mutation: 2 conv modules updated (direct tensor perturbation)
2026-08-18 19:29:23,502 [DEBUG] cnn_neat: Crossover rejected: union topology invalid (edges=7 nodes=7)
2026-08-18 19:29:23,503 [DEBUG] cnn_neat: Split edge 0→1, new hidden node 5 (pool=1)
2026-08-18 19:29:23,504 [DEBUG] cnn_neat: Added edge 0→1 (from 4 candidates)
2026-08-18 19:29:23,505 [DEBUG] cnn_neat: Added edge 4→1 (from 1 candidates)
2026-08-18 19:29:23,509 [DEBUG] cnn_neat: Split edge 0→1, new hidden node 5 (pool=1)
2026-08-18 19:29:23,510 [DEBUG] cnn_neat: Added edge 0→1 (from 3 candidates)
2026-08-18 19:29:23,512 [DEBUG] cnn_neat: Split edge 0→1, new hidden node 5 (pool=1)
2026-08-18 19:29:23,513 [DEBUG] cnn_neat: Split edge 4→1, new hidden node 6 (pool=4)
2026-08-18 19:29:23,515 [DEBUG] cnn_neat: Split edge 0→1, new hidden node 5 (pool=1)
2026-08-18 19:29:23,516 [DEBUG] cnn_neat: Added edge 0→1 (from 3 candidates)
2026-08-18 19:29:23,518 [DEBUG] cnn_neat: Removed hidden node 5 (pool=2)
2026-08-18 19:29:23,519 [DEBUG] cnn_neat: Removed edge 4→1 (from 3 candidates)
2026-08-18 19:29:23,520 [DEBUG] cnn_neat: Removed 1 edges (requested 3)
2026-08-18 19:29:23,521 [DEBUG] cnn_neat: Split edge 0→1, new hidden node 2 (pool=1)
2026-08-18 19:29:23,522 [DEBUG] cnn_neat: Split edge 2→1, new hidden node 3 (pool=2)
2026-08-18 19:29:23,523 [DEBUG] cnn_neat: Added edge 0→1 (from 1 candidates)
2026-08-18 19:29:23,524 [DEBUG] cnn_neat: Weight mutation: 2 conv modules updated (direct tensor perturbation)
2026-08-18 19:29:23,525 [DEBUG] cnn_neat: Removed hidden node 4 (pool=1)
2026-08-18 19:29:23,526 [DEBUG] cnn_neat: Split edge 0→1, new hidden node 2 (pool=1)
2026-08-18 19:29:23,528 [DEBUG] cnn_neat: Added edge 0→1 (from 1 candidates)
2026-08-18 19:29:23,529 [DEBUG] cnn_neat: Removed hidden node 2 (pool=1)
2026-08-18 19:29:23,531 [DEBUG] cnn_neat: Split edge 0→1, new hidden node 2 (pool=1)
2026-08-18 19:29:23,532 [DEBUG] cnn_neat: Split edge 2→1, new hidden node 3 (pool=2)
2026-08-18 19:29:23,533 [DEBUG] cnn_neat: Added edge 0→1 (from 1 candidates)
2026-08-18 19:29:23,533 [DEBUG] cnn_neat: Weight mutation: 2 conv modules updated (direct tensor perturbation)
2026-08-18 19:29:23,534 [DEBUG] cnn_neat: Removed edge 4→1 (from 3 candidates)
2026-08-18 19:29:23,535 [DEBUG] cnn_neat: Split edge 0→1, new hidden node 5 (pool=1)
2026-08-18 19:29:23,536 [DEBUG] cnn_neat: Added edge 5→4 (from 4 candidates)
2026-08-18 19:29:23,537 [DEBUG] cnn_neat: Removed 1 edges (requested 3)
2026-08-18 19:29:23,538 [DEBUG] cnn_neat: Split edge 0→4, new hidden node 5 (pool=2)
2026-08-18 19:29:23,539 [DEBUG] cnn_neat: Added edge 5→1 (from 2 candidates)
2026-08-18 19:29:23,541 [DEBUG] cnn_neat: Crossover union: A_edges=3 B_added=2 dup_skipped=0 child_edges=5 nodes=4
2026-08-18 19:29:23,545 [DEBUG] cnn_neat: Split edge 0→1, new hidden node 5 (pool=1)
2026-08-18 19:29:23,546 [DEBUG] cnn_neat: Added edge 4→5 (from 3 candidates)
2026-08-18 19:29:23,547 [DEBUG] cnn_neat: Split edge 2→4, new hidden node 5 (pool=4)
2026-08-18 19:29:23,550 [DEBUG] cnn_neat: Added edge 0→4 (from 4 candidates)
2026-08-18 19:29:23,552 [DEBUG] cnn_neat: Split edge 2→4, new hidden node 5 (pool=4)
2026-08-18 19:29:23,554 [DEBUG] cnn_neat: Added edge 2→4 (from 6 candidates)
2026-08-18 19:29:23,556 [DEBUG] cnn_neat: Split edge 2→4, new hidden node 5 (pool=4)
2026-08-18 19:29:23,558 [DEBUG] cnn_neat: Added edge 2→3 (from 6 candidates)
2026-08-18 19:29:23,560 [DEBUG] cnn_neat: Split edge 4→3, new hidden node 5 (pool=4)
2026-08-18 19:29:23,562 [DEBUG] cnn_neat: Added edge 5→1 (from 6 candidates)
2026-08-18 19:29:23,563 [DEBUG] cnn_neat: Crossover union: A_edges=4 B_added=3 dup_skipped=0 child_edges=7 nodes=7
2026-08-18 19:29:23,565 [DEBUG] cnn_neat: Added edge 2→3 (from 4 candidates)
2026-08-18 19:29:23,567 [DEBUG] cnn_neat: Added edge 4→1 (from 4 candidates)
2026-08-18 19:29:23,568 [DEBUG] cnn_neat: Added edge 2→1 (from 3 candidates)
2026-08-18 19:29:23,571 [DEBUG] cnn_neat: Added edge 0→3 (from 2 candidates)
2026-08-18 19:29:23,573 [DEBUG] cnn_neat: Added edge 0→4 (from 1 candidates)
2026-08-18 19:29:23,575 [DEBUG] cnn_neat: Split edge 0→5, new hidden node 6 (pool=4)
2026-08-18 19:29:23,577 [DEBUG] cnn_neat: Added edge 4→1 (from 4 candidates)
2026-08-18 19:29:23,578 [DEBUG] cnn_neat: Split edge 5→4, new hidden node 6 (pool=3)
2026-08-18 19:29:23,581 [DEBUG] cnn_neat: Split edge 5→4, new hidden node 6 (pool=4)
2026-08-18 19:29:23,583 [DEBUG] cnn_neat: Split edge 0→5, new hidden node 6 (pool=4)
2026-08-18 19:29:23,585 [DEBUG] cnn_neat: Added edge 4→1 (from 6 candidates)
2026-08-18 19:29:23,588 [DEBUG] cnn_neat: Removed hidden node 2 (pool=1)
2026-08-18 19:29:23,590 [DEBUG] cnn_neat: Split edge 5→4, new hidden node 7 (pool=4)
2026-08-18 19:29:23,592 [DEBUG] cnn_neat: Split edge 0→5, new hidden node 6 (pool=4)
2026-08-18 19:29:23,594 [DEBUG] cnn_neat: Added edge 6→4 (from 6 candidates)
2026-08-18 19:29:23,596 [DEBUG] cnn_neat: Crossover rejected: union topology invalid (edges=6 nodes=6)
2026-08-18 19:29:23,597 [DEBUG] cnn_neat: Split edge 2→1, new hidden node 6 (pool=4)
2026-08-18 19:29:23,598 [DEBUG] cnn_neat: Added edge 0→4 (from 4 candidates)
2026-08-18 19:29:23,599 [DEBUG] cnn_neat: Added edge 4→1 (from 4 candidates)
2026-08-18 19:29:23,602 [DEBUG] cnn_neat: Added edge 5→2 (from 3 candidates)
2026-08-18 19:29:23,604 [DEBUG] cnn_neat: Added edge 5→1 (from 2 candidates)
2026-08-18 19:29:23,606 [DEBUG] cnn_neat: Added edge 0→2 (from 1 candidates)
2026-08-18 19:29:23,608 [DEBUG] cnn_neat: Split edge 5→4, new hidden node 6 (pool=4)
2026-08-18 19:29:23,609 [DEBUG] cnn_neat: Added edge 0→3 (from 7 candidates)
2026-08-18 19:29:23,612 [DEBUG] cnn_neat: Removed hidden node 3 (pool=1)
2026-08-18 19:29:23,613 [DEBUG] cnn_neat: Split edge 2→1, new hidden node 6 (pool=4)
2026-08-18 19:29:23,614 [DEBUG] cnn_neat: Added edge 5→6 (from 6 candidates)
2026-08-18 19:29:23,616 [DEBUG] cnn_neat: Removed edge 2→3 (from 1 candidates)
2026-08-18 19:29:23,617 [DEBUG] cnn_neat: Split edge 2→1, new hidden node 6 (pool=4)
2026-08-18 19:29:23,619 [DEBUG] cnn_neat: Added edge 5→6 (from 6 candidates)
2026-08-18 19:29:23,622 [DEBUG] cnn_neat: Removed hidden node 4 (pool=2)
2026-08-18 19:29:23,624 [DEBUG] cnn_neat: Removed 1 edges (requested 3)
2026-08-18 19:29:23,625 [DEBUG] cnn_neat: Split edge 4→2, new hidden node 6 (pool=4)
2026-08-18 19:29:23,627 [DEBUG] cnn_neat: Added edge 5→2 (from 6 candidates)
2026-08-18 19:29:23,629 [DEBUG] cnn_neat: Crossover rejected: union topology invalid (edges=9 nodes=9)
2026-08-18 19:29:23,630 [DEBUG] cnn_neat: Split edge 5→4, new hidden node 6 (pool=4)
2026-08-18 19:29:23,632 [DEBUG] cnn_neat: Added edge 6→2 (from 10 candidates)
2026-08-18 19:29:23,633 [DEBUG] cnn_neat: Added edge 0→2 (from 7 candidates)
2026-08-18 19:29:23,635 [DEBUG] cnn_neat: Added edge 5→3 (from 8 candidates)
2026-08-18 19:29:23,636 [DEBUG] cnn_neat: Added edge 0→3 (from 7 candidates)
2026-08-18 19:29:23,638 [DEBUG] cnn_neat: Added edge 5→1 (from 6 candidates)
2026-08-18 19:29:23,640 [DEBUG] cnn_neat: Added edge 0→4 (from 5 candidates)
2026-08-18 19:29:23,642 [DEBUG] cnn_neat: Split edge 0→5, new hidden node 6 (pool=6)
2026-08-18 19:29:23,643 [DEBUG] cnn_neat: Added edge 0→3 (from 7 candidates)
2026-08-18 19:29:23,646 [DEBUG] cnn_neat: Removed hidden node 3 (pool=1)
2026-08-18 19:29:23,647 [DEBUG] cnn_neat: Split edge 4→2, new hidden node 6 (pool=4)
2026-08-18 19:29:23,649 [DEBUG] cnn_neat: Added edge 5→6 (from 6 candidates)
2026-08-18 19:29:23,650 [DEBUG] cnn_neat: Removed edge 5→3 (from 2 candidates)
2026-08-18 19:29:23,652 [DEBUG] cnn_neat: Split edge 5→4, new hidden node 6 (pool=4)
2026-08-18 19:29:23,653 [DEBUG] cnn_neat: Added edge 5→3 (from 10 candidates)
2026-08-18 19:29:23,655 [DEBUG] cnn_neat: Removed 2 edges (requested 3)
2026-08-18 19:29:23,657 [DEBUG] cnn_neat: Split edge 4→2, new hidden node 6 (pool=4)
2026-08-18 19:29:23,659 [DEBUG] cnn_neat: Added edge 6→1 (from 6 candidates)
2026-08-18 19:29:23,660 [DEBUG] cnn_neat: Crossover rejected: copied edge has no live Conv2d
2026-08-18 19:29:23,662 [DEBUG] cnn_neat: Split edge 2→1, new hidden node 6 (pool=6)
2026-08-18 19:29:23,664 [DEBUG] cnn_neat: Added edge 0→2 (from 7 candidates)
2026-08-18 19:29:23,666 [DEBUG] cnn_neat: Added edge 5→1 (from 7 candidates)
2026-08-18 19:29:23,668 [DEBUG] cnn_neat: Added edge 4→1 (from 6 candidates)
2026-08-18 19:29:23,670 [DEBUG] cnn_neat: Added edge 3→1 (from 5 candidates)
2026-08-18 19:29:23,672 [DEBUG] cnn_neat: Added edge 0→3 (from 4 candidates)
2026-08-18 19:29:23,673 [DEBUG] cnn_neat: Split edge 0→3, new hidden node 4 (pool=2)
2026-08-18 19:29:23,674 [DEBUG] cnn_neat: Added edge 0→1 (from 1 candidates)
2026-08-18 19:29:23,676 [DEBUG] cnn_neat: Split edge 3→1, new hidden node 4 (pool=2)
2026-08-18 19:29:23,677 [DEBUG] cnn_neat: Added edge 0→4 (from 2 candidates)
2026-08-18 19:29:23,679 [DEBUG] cnn_neat: Split edge 3→1, new hidden node 4 (pool=2)
2026-08-18 19:29:23,680 [DEBUG] cnn_neat: Added edge 0→4 (from 2 candidates)
2026-08-18 19:29:23,682 [DEBUG] cnn_neat: Removed hidden node 3 (pool=1)
2026-08-18 19:29:23,683 [DEBUG] cnn_neat: Split edge 3→1, new hidden node 4 (pool=2)
2026-08-18 19:29:23,684 [DEBUG] cnn_neat: Added edge 0→4 (from 2 candidates)
2026-08-18 19:29:23,686 [DEBUG] cnn_neat: Removed hidden node 3 (pool=1)
2026-08-18 19:29:23,688 [DEBUG] cnn_neat: Split edge 4→1, new hidden node 5 (pool=2)
2026-08-18 19:29:23,690 [DEBUG] cnn_neat: Crossover rejected: union topology invalid (edges=7 nodes=7)
2026-08-18 19:29:23,691 [DEBUG] cnn_neat: Split edge 0→3, new hidden node 4 (pool=2)
2026-08-18 19:29:23,692 [DEBUG] cnn_neat: Added edge 4→1 (from 2 candidates)
2026-08-18 19:29:23,693 [DEBUG] cnn_neat: Added edge 0→1 (from 1 candidates)
2026-08-18 19:29:23,696 [DEBUG] cnn_neat: Split edge 0→1, new hidden node 4 (pool=1)
2026-08-18 19:29:23,697 [DEBUG] cnn_neat: Split edge 0→3, new hidden node 5 (pool=3)
2026-08-18 19:29:23,698 [DEBUG] cnn_neat: Added edge 4→1 (from 3 candidates)
2026-08-18 19:29:23,700 [DEBUG] cnn_neat: Removed hidden node 4 (pool=1)
2026-08-18 19:29:23,701 [DEBUG] cnn_neat: Split edge 3→1, new hidden node 4 (pool=2)
2026-08-18 19:29:23,702 [DEBUG] cnn_neat: Added edge 3→1 (from 2 candidates)
2026-08-18 19:29:23,705 [DEBUG] cnn_neat: Removed hidden node 4 (pool=1)
2026-08-18 19:29:23,707 [DEBUG] cnn_neat: Split edge 0→3, new hidden node 4 (pool=2)
2026-08-18 19:29:23,708 [DEBUG] cnn_neat: Split edge 3→1, new hidden node 5 (pool=3)
2026-08-18 19:29:23,709 [DEBUG] cnn_neat: Removed edge 4→3 (from 1 candidates)
2026-08-18 19:29:23,710 [DEBUG] cnn_neat: Split edge 0→3, new hidden node 4 (pool=2)
2026-08-18 19:29:23,711 [DEBUG] cnn_neat: Added edge 4→1 (from 2 candidates)
2026-08-18 19:29:23,713 [DEBUG] cnn_neat: Removed hidden node 3 (pool=1)
2026-08-18 19:29:23,714 [DEBUG] cnn_neat: Removed 1 edges (requested 3)
2026-08-18 19:29:23,715 [DEBUG] cnn_neat: Split edge 3→1, new hidden node 4 (pool=2)
2026-08-18 19:29:23,716 [DEBUG] cnn_neat: Added edge 3→1 (from 2 candidates)
2026-08-18 19:29:23,718 [DEBUG] cnn_neat: Removed hidden node 4 (pool=1)
2026-08-18 19:29:23,720 [DEBUG] cnn_neat: Split edge 0→3, new hidden node 4 (pool=2)
2026-08-18 19:29:23,721 [DEBUG] cnn_neat: Split edge 4→3, new hidden node 5 (pool=3)
2026-08-18 19:29:23,723 [DEBUG] cnn_neat: Crossover rejected: copied edge has no live Conv2d
2026-08-18 19:29:23,724 [DEBUG] cnn_neat: Split edge 4→3, new hidden node 5 (pool=3)
2026-08-18 19:29:23,725 [DEBUG] cnn_neat: Added edge 4→1 (from 3 candidates)
2026-08-18 19:29:23,726 [DEBUG] cnn_neat: Added edge 0→4 (from 2 candidates)
2026-08-18 19:29:23,728 [DEBUG] cnn_neat: Added edge 0→1 (from 1 candidates)
2026-08-18 19:29:23,730 [DEBUG] cnn_neat: Split edge 2→4, new hidden node 5 (pool=4)
2026-08-18 19:29:23,732 [DEBUG] cnn_neat: Added edge 0→4 (from 6 candidates)
2026-08-18 19:29:23,733 [DEBUG] cnn_neat: Removed hidden node 4 (pool=2)
2026-08-18 19:29:23,734 [DEBUG] cnn_neat: Split edge 0→3, new hidden node 4 (pool=2)
2026-08-18 19:29:23,736 [DEBUG] cnn_neat: Added edge 4→1 (from 2 candidates)
2026-08-18 19:29:23,738 [DEBUG] cnn_neat: Removed hidden node 3 (pool=1)
2026-08-18 19:29:23,740 [DEBUG] cnn_neat: Split edge 4→1, new hidden node 5 (pool=2)
2026-08-18 19:29:23,741 [DEBUG] cnn_neat: Removed edge 2→4 (from 2 candidates)
2026-08-18 19:29:23,742 [DEBUG] cnn_neat: Split edge 3→1, new hidden node 5 (pool=3)
2026-08-18 19:29:23,743 [DEBUG] cnn_neat: Added edge 0→4 (from 5 candidates)
2026-08-18 19:29:23,745 [DEBUG] cnn_neat: Removed 2 edges (requested 3)
2026-08-18 19:29:23,746 [DEBUG] cnn_neat: Split edge 0→3, new hidden node 4 (pool=2)
2026-08-18 19:29:23,747 [DEBUG] cnn_neat: Added edge 0→3 (from 2 candidates)
2026-08-18 19:29:23,748 [DEBUG] cnn_neat: Crossover rejected: union topology invalid (edges=9 nodes=9)
2026-08-18 19:29:23,750 [DEBUG] cnn_neat: Split edge 0→3, new hidden node 5 (pool=4)
2026-08-18 19:29:23,751 [DEBUG] cnn_neat: Added edge 0→4 (from 6 candidates)
2026-08-18 19:29:23,753 [DEBUG] cnn_neat: Added edge 0→1 (from 5 candidates)
2026-08-18 19:29:23,754 [DEBUG] cnn_neat: Added edge 2→1 (from 4 candidates)
2026-08-18 19:29:23,755 [DEBUG] cnn_neat: Added edge 2→3 (from 3 candidates)
2026-08-18 19:29:23,757 [DEBUG] cnn_neat: Added edge 4→1 (from 2 candidates)
2026-08-18 19:29:23,758 [DEBUG] cnn_neat: Split edge 5→1, new hidden node 6 (pool=4)
2026-08-18 19:29:23,760 [DEBUG] cnn_neat: Added edge 4→1 (from 4 candidates)
2026-08-18 19:29:23,762 [DEBUG] cnn_neat: Split edge 4→5, new hidden node 6 (pool=4)
2026-08-18 19:29:23,764 [DEBUG] cnn_neat: Split edge 5→1, new hidden node 6 (pool=4)
2026-08-18 19:29:23,767 [DEBUG] cnn_neat: Added edge 3→6 (from 6 candidates)
2026-08-18 19:29:23,769 [DEBUG] cnn_neat: Split edge 0→3, new hidden node 6 (pool=4)
2026-08-18 19:29:23,771 [DEBUG] cnn_neat: Crossover rejected: copied edge has no live Conv2d
2026-08-18 19:29:23,772 [DEBUG] cnn_neat: Split edge 0→3, new hidden node 6 (pool=4)
2026-08-18 19:29:23,774 [DEBUG] cnn_neat: Added edge 6→5 (from 6 candidates)
2026-08-18 19:29:23,775 [DEBUG] cnn_neat: Added edge 3→5 (from 4 candidates)
2026-08-18 19:29:23,777 [DEBUG] cnn_neat: Added edge 4→1 (from 4 candidates)
2026-08-18 19:29:23,779 [DEBUG] cnn_neat: Added edge 0→5 (from 3 candidates)
2026-08-18 19:29:23,781 [DEBUG] cnn_neat: Added edge 3→1 (from 2 candidates)
2026-08-18 19:29:23,783 [DEBUG] cnn_neat: Added edge 0→4 (from 1 candidates)
2026-08-18 19:29:23,785 [DEBUG] cnn_neat: Split edge 0→2, new hidden node 7 (pool=3)
2026-08-18 19:29:23,788 [DEBUG] cnn_neat: Added edge 6→5 (from 10 candidates)
2026-08-18 19:29:23,791 [DEBUG] cnn_neat: Removed hidden node 4 (pool=3)
2026-08-18 19:29:23,793 [DEBUG] cnn_neat: Removed edge 6→4 (from 5 candidates)
2026-08-18 19:29:23,795 [DEBUG] cnn_neat: Removed 1 edges (requested 3)
2026-08-18 19:29:23,797 [DEBUG] cnn_neat: Added edge 6→2 (from 9 candidates)
2026-08-18 19:29:23,800 [DEBUG] cnn_neat: Crossover rejected: union topology invalid (edges=10 nodes=8)
2026-08-18 19:29:23,802 [DEBUG] cnn_neat: Split edge 0→2, new hidden node 7 (pool=3)
2026-08-18 19:29:23,804 [DEBUG] cnn_neat: Added edge 0→6 (from 19 candidates)
2026-08-18 19:29:23,806 [DEBUG] cnn_neat: Added edge 4→5 (from 10 candidates)
2026-08-18 19:29:23,809 [DEBUG] cnn_neat: Added edge 3→2 (from 9 candidates)
2026-08-18 19:29:23,812 [DEBUG] cnn_neat: Added edge 4→1 (from 8 candidates)
2026-08-18 19:29:23,815 [DEBUG] cnn_neat: Added edge 6→2 (from 7 candidates)
2026-08-18 19:29:23,817 [DEBUG] cnn_neat: Added edge 3→5 (from 6 candidates)
2026-08-18 19:29:23,818 [DEBUG] cnn_neat: Split edge 5→2, new hidden node 6 (pool=4)
2026-08-18 19:29:23,820 [DEBUG] cnn_neat: Added edge 5→1 (from 4 candidates)
2026-08-18 19:29:23,822 [DEBUG] cnn_neat: Split edge 0→4, new hidden node 6 (pool=4)
2026-08-18 19:29:23,864 [DEBUG] cnn_neat: Split edge 4→2, new hidden node 5 (pool=3)
2026-08-18 19:29:23,891 [DEBUG] cnn_neat: Added edge 4→3 (from 3 candidates)
2026-08-18 19:29:23,905 [DEBUG] cnn_neat: Removed hidden node 3 (pool=1)
2026-08-18 19:29:23,909 [DEBUG] cnn_neat: Removed edge 3→1 (from 3 candidates)
2026-08-18 19:29:23,914 [DEBUG] cnn_neat: Removed 2 edges (requested 3)
2026-08-18 19:29:23,919 [DEBUG] cnn_neat: Split edge 5→2, new hidden node 6 (pool=4)
2026-08-18 19:29:23,925 [DEBUG] cnn_neat: Split edge 2→1, new hidden node 5 (pool=6)
2026-08-18 19:29:23,930 [DEBUG] cnn_neat: Added edge 5→3 (from 5 candidates)
2026-08-18 19:29:23,935 [DEBUG] cnn_neat: Added edge 0→2 (from 3 candidates)
2026-08-18 19:29:23,942 [DEBUG] cnn_neat: Split edge 5→1, new hidden node 6 (pool=3)
2026-08-18 19:29:24,070 [DEBUG] cnn_neat: Added edge 2→1 (from 2 candidates)
2026-08-18 19:29:24,108 [DEBUG] cnn_neat: Split edge 0→2, new hidden node 6 (pool=2)
2026-08-18 19:29:24,113 [DEBUG] cnn_neat: Added edge 0→5 (from 1 candidates)
2026-08-18 19:29:24,119 [DEBUG] cnn_neat: Split edge 0→6, new hidden node 7 (pool=3)
2026-08-18 19:29:24,126 [DEBUG] cnn_neat: Removed hidden node 5 (pool=1)
2026-08-18 19:29:24,133 [DEBUG] cnn_neat: Added edge 0→5 (from 3 candidates)
2026-08-18 19:29:24,141 [DEBUG] cnn_neat: Split edge 0→2, new hidden node 6 (pool=5)
2026-08-18 19:29:24,150 [DEBUG] cnn_neat: Split edge 0→7, new hidden node 8 (pool=4)
2026-08-18 19:29:24,155 [DEBUG] cnn_neat: Split edge 2→5, new hidden node 6 (pool=4)
2026-08-18 19:29:24,158 [DEBUG] cnn_neat: Added edge 0→5 (from 5 candidates)
2026-08-18 19:29:24,168 [DEBUG] cnn_neat: Removed hidden node 4 (pool=1)
2026-08-18 19:29:24,170 [DEBUG] cnn_neat: Removed edge 4→2 (from 1 candidates)
2026-08-18 19:29:24,172 [DEBUG] cnn_neat: Removed 1 edges (requested 3)
2026-08-18 19:29:24,176 [DEBUG] cnn_neat: Split edge 0→2, new hidden node 7 (pool=5)
2026-08-18 19:29:24,179 [DEBUG] cnn_neat: Added edge 2→5 (from 8 candidates)
2026-08-18 19:29:24,182 [DEBUG] cnn_neat: Split edge 4→2, new hidden node 8 (pool=6)
2026-08-18 19:29:24,188 [DEBUG] cnn_neat: Removed hidden node 4 (pool=1)
2026-08-18 19:29:24,191 [DEBUG] cnn_neat: Added edge 7→6 (from 12 candidates)
2026-08-18 19:29:24,194 [DEBUG] cnn_neat: Split edge 2→5, new hidden node 7 (pool=6)
2026-08-18 19:29:24,198 [DEBUG] cnn_neat: Split edge 6→4, new hidden node 7 (pool=5)
2026-08-18 19:29:24,201 [DEBUG] cnn_neat: Added edge 6→5 (from 9 candidates)
2026-08-18 19:29:24,206 [DEBUG] cnn_neat: Removed hidden node 4 (pool=2)
2026-08-18 19:29:24,208 [DEBUG] cnn_neat: Removed edge 4→2 (from 2 candidates)
2026-08-18 19:29:24,211 [DEBUG] cnn_neat: Removed 2 edges (requested 3)
2026-08-18 19:29:24,214 [DEBUG] cnn_neat: Split edge 0→2, new hidden node 8 (pool=3)
2026-08-18 19:29:24,217 [DEBUG] cnn_neat: Split edge 0→2, new hidden node 7 (pool=6)
2026-08-18 19:29:24,219 [DEBUG] cnn_neat: Added edge 4→5 (from 13 candidates)
2026-08-18 19:29:24,221 [DEBUG] cnn_neat: Added edge 6→2 (from 8 candidates)
2026-08-18 19:29:24,225 [DEBUG] cnn_neat: Split edge 3→4, new hidden node 6 (pool=5)
2026-08-18 19:29:24,227 [DEBUG] cnn_neat: Added edge 2→1 (from 9 candidates)
2026-08-18 19:29:24,232 [DEBUG] cnn_neat: Removed hidden node 3 (pool=2)
2026-08-18 19:29:24,234 [DEBUG] cnn_neat: Removed edge 3→4 (from 2 candidates)
2026-08-18 19:29:24,237 [DEBUG] cnn_neat: Removed 2 edges (requested 3)
2026-08-18 19:29:24,240 [DEBUG] cnn_neat: Split edge 0→2, new hidden node 6 (pool=4)
2026-08-18 19:29:24,243 [DEBUG] cnn_neat: Added edge 0→5 (from 8 candidates)
2026-08-18 19:29:24,246 [DEBUG] cnn_neat: Split edge 4→2, new hidden node 7 (pool=5)
2026-08-18 19:29:24,251 [DEBUG] cnn_neat: Removed hidden node 3 (pool=3)
2026-08-18 19:29:24,255 [DEBUG] cnn_neat: Added edge 0→4 (from 14 candidates)
2026-08-18 19:29:24,258 [DEBUG] cnn_neat: Split edge 0→1, new hidden node 5 (pool=1)
2026-08-18 19:29:24,260 [DEBUG] cnn_neat: Added edge 4→1 (from 1 candidates)
2026-08-18 19:29:24,262 [DEBUG] cnn_neat: Removed hidden node 4 (pool=1)
2026-08-18 19:29:24,263 [DEBUG] cnn_neat: Removed edge 0→4 (from 1 candidates)
2026-08-18 19:29:24,264 [DEBUG] cnn_neat: Removed 1 edges (requested 3)
2026-08-18 19:29:24,268 [DEBUG] cnn_neat: Split edge 0→1, new hidden node 5 (pool=1)
2026-08-18 19:29:24,272 [DEBUG] cnn_neat: Removed hidden node 4 (pool=1)
2026-08-18 19:29:24,273 [DEBUG] cnn_neat: Removed edge 0→4 (from 3 candidates)
2026-08-18 19:29:24,275 [DEBUG] cnn_neat: Removed 2 edges (requested 3)
2026-08-18 19:29:24,276 [DEBUG] cnn_neat: Split edge 0→1, new hidden node 5 (pool=2)
2026-08-18 19:29:24,278 [DEBUG] cnn_neat: Added edge 0→4 (from 1 candidates)
2026-08-18 19:29:24,279 [DEBUG] cnn_neat: Split edge 4→1, new hidden node 6 (pool=3)
2026-08-18 19:29:24,281 [DEBUG] cnn_neat: Removed hidden node 4 (pool=1)
2026-08-18 19:29:24,283 [DEBUG] cnn_neat: Added edge 0→1 (from 4 candidates)
2026-08-18 19:29:24,285 [DEBUG] cnn_neat: Split edge 4→6, new hidden node 7 (pool=4)
2026-08-18 19:29:24,286 [DEBUG] cnn_neat: Removed edge 4→1 (from 1 candidates)
2026-08-18 19:29:24,289 [DEBUG] cnn_neat: Removed hidden node 4 (pool=1)
2026-08-18 19:29:24,330 [DEBUG] cnn_neat: Split edge 0→2, new hidden node 5 (pool=4)
2026-08-18 19:29:24,333 [DEBUG] cnn_neat: Added edge 0→3 (from 4 candidates)
2026-08-18 19:29:24,342 [DEBUG] cnn_neat: Split edge 2→4, new hidden node 6 (pool=5)
2026-08-18 19:29:24,348 [DEBUG] cnn_neat: Split edge 3→1, new hidden node 5 (pool=2)
2026-08-18 19:29:24,353 [DEBUG] cnn_neat: Added edge 4→1 (from 6 candidates)
2026-08-18 19:29:24,356 [DEBUG] cnn_neat: Added edge 2→1 (from 4 candidates)
2026-08-18 19:29:24,359 [DEBUG] cnn_neat: Split edge 3→5, new hidden node 6 (pool=6)
2026-08-18 19:29:24,361 [DEBUG] cnn_neat: Split edge 0→5, new hidden node 6 (pool=4)
2026-08-18 19:29:24,363 [DEBUG] cnn_neat: Added edge 0→4 (from 4 candidates)
2026-08-18 19:29:24,368 [DEBUG] cnn_neat: Split edge 2→1, new hidden node 6 (pool=4)
2026-08-18 19:29:24,369 [DEBUG] cnn_neat: Added edge 4→3 (from 7 candidates)
2026-08-18 19:29:24,373 [DEBUG] cnn_neat: Removed hidden node 3 (pool=1)
2026-08-18 19:29:24,374 [DEBUG] cnn_neat: Removed edge 2→3 (from 1 candidates)
2026-08-18 19:29:24,376 [DEBUG] cnn_neat: Removed 1 edges (requested 3)
2026-08-18 19:29:24,377 [DEBUG] cnn_neat: Split edge 5→4, new hidden node 7 (pool=6)
2026-08-18 19:29:24,381 [DEBUG] cnn_neat: Split edge 2→1, new hidden node 6 (pool=6)
2026-08-18 19:29:24,386 [DEBUG] cnn_neat: Added edge 3→1 (from 11 candidates)
2026-08-18 19:29:24,390 [DEBUG] cnn_neat: Added edge 4→1 (from 7 candidates)
2026-08-18 19:29:24,393 [DEBUG] cnn_neat: Split edge 4→2, new hidden node 6 (pool=6)
2026-08-18 19:29:24,395 [DEBUG] cnn_neat: Added edge 5→2 (from 7 candidates)
2026-08-18 19:29:24,401 [DEBUG] cnn_neat: Removed hidden node 3 (pool=1)
2026-08-18 19:29:24,408 [DEBUG] cnn_neat: Removed edge 2→3 (from 2 candidates)
2026-08-18 19:29:24,415 [DEBUG] cnn_neat: Removed 2 edges (requested 3)
2026-08-18 19:29:24,422 [DEBUG] cnn_neat: Split edge 6→2, new hidden node 7 (pool=7)
2026-08-18 19:29:24,424 [DEBUG] cnn_neat: Split edge 5→2, new hidden node 6 (pool=7)
2026-08-18 19:29:24,428 [DEBUG] cnn_neat: Split edge 5→3, new hidden node 6 (pool=5)
2026-08-18 19:29:24,432 [DEBUG] cnn_neat: Split edge 3→1, new hidden node 4 (pool=2)
2026-08-18 19:29:24,433 [DEBUG] cnn_neat: Added edge 0→1 (from 1 candidates)
2026-08-18 19:29:24,436 [DEBUG] cnn_neat: Split edge 4→3, new hidden node 5 (pool=3)
2026-08-18 19:29:24,437 [DEBUG] cnn_neat: Added edge 4→1 (from 3 candidates)
2026-08-18 19:29:24,439 [DEBUG] cnn_neat: Removed hidden node 4 (pool=1)
2026-08-18 19:29:24,440 [DEBUG] cnn_neat: Removed edge 4→3 (from 1 candidates)
2026-08-18 19:29:24,441 [DEBUG] cnn_neat: Removed 1 edges (requested 3)
2026-08-18 19:29:24,444 [DEBUG] cnn_neat: Split edge 4→3, new hidden node 5 (pool=4)
2026-08-18 19:29:24,445 [DEBUG] cnn_neat: Added edge 2→1 (from 6 candidates)
2026-08-18 19:29:24,447 [DEBUG] cnn_neat: Removed hidden node 2 (pool=2)
2026-08-18 19:29:24,448 [DEBUG] cnn_neat: Removed edge 4→3 (from 2 candidates)
2026-08-18 19:29:24,450 [DEBUG] cnn_neat: Removed 2 edges (requested 3)
2026-08-18 19:29:24,451 [DEBUG] cnn_neat: Split edge 3→1, new hidden node 6 (pool=2)
2026-08-18 19:29:24,453 [DEBUG] cnn_neat: Split edge 2→4, new hidden node 5 (pool=5)
2026-08-18 19:29:24,458 [DEBUG] cnn_neat: Split edge 3→1, new hidden node 5 (pool=3)
2026-08-18 19:29:24,461 [DEBUG] cnn_neat: Split edge 0→3, new hidden node 6 (pool=4)
2026-08-18 19:29:24,462 [DEBUG] cnn_neat: Added edge 4→1 (from 4 candidates)
2026-08-18 19:29:24,473 [DEBUG] cnn_neat: Split edge 2→5, new hidden node 7 (pool=3)
2026-08-18 19:29:24,476 [DEBUG] cnn_neat: Added edge 3→5 (from 10 candidates)
2026-08-18 19:29:24,482 [DEBUG] cnn_neat: Removed hidden node 6 (pool=3)
2026-08-18 19:29:24,484 [DEBUG] cnn_neat: Removed edge 4→2 (from 5 candidates)
2026-08-18 19:29:24,486 [DEBUG] cnn_neat: Removed 3 edges (requested 3)
2026-08-18 19:29:24,489 [DEBUG] cnn_neat: Split edge 3→6, new hidden node 8 (pool=8)
2026-08-18 19:29:24,492 [DEBUG] cnn_neat: Split edge 4→5, new hidden node 6 (pool=4)
2026-08-18 19:29:24,493 [DEBUG] cnn_neat: Added edge 0→5 (from 4 candidates)
2026-08-18 19:29:24,497 [DEBUG] cnn_neat: Split edge 4→5, new hidden node 6 (pool=5)
2026-08-18 19:29:24,498 [DEBUG] cnn_neat: Added edge 5→1 (from 4 candidates)
2026-08-18 19:29:24,500 [DEBUG] cnn_neat: Split edge 5→2, new hidden node 7 (pool=6)
2026-08-18 19:29:24,503 [DEBUG] cnn_neat: Removed hidden node 4 (pool=1)
2026-08-18 19:29:24,505 [DEBUG] cnn_neat: Added edge 0→6 (from 8 candidates)
2026-08-18 19:29:24,507 [DEBUG] cnn_neat: Split edge 4→5, new hidden node 6 (pool=5)
2026-08-18 19:29:24,509 [DEBUG] cnn_neat: Added edge 2→3 (from 10 candidates)
2026-08-18 19:29:24,511 [DEBUG] cnn_neat: Removed hidden node 3 (pool=1)
2026-08-18 19:29:24,513 [DEBUG] cnn_neat: Removed edge 0→3 (from 1 candidates)
2026-08-18 19:29:24,516 [DEBUG] cnn_neat: Removed 1 edges (requested 3)
2026-08-18 19:29:24,521 [DEBUG] cnn_neat: Split edge 0→4, new hidden node 7 (pool=6)
2026-08-18 19:29:24,523 [DEBUG] cnn_neat: Added edge 5→3 (from 14 candidates)
2026-08-18 19:29:24,524 [DEBUG] cnn_neat: Split edge 0→3, new hidden node 8 (pool=1)
2026-08-18 19:29:24,530 [DEBUG] cnn_neat: Removed hidden node 3 (pool=1)
2026-08-18 19:29:24,537 [DEBUG] cnn_neat: Added edge 6→2 (from 18 candidates)
2026-08-18 19:29:24,538 [DEBUG] cnn_neat: Split edge 6→5, new hidden node 7 (pool=7)
2026-08-18 19:29:24,541 [DEBUG] cnn_neat: Split edge 4→5, new hidden node 6 (pool=6)
2026-08-18 19:29:24,543 [DEBUG] cnn_neat: Added edge 5→3 (from 6 candidates)
2026-08-18 19:29:24,545 [DEBUG] cnn_neat: Removed hidden node 3 (pool=1)
2026-08-18 19:29:24,547 [DEBUG] cnn_neat: Removed edge 0→3 (from 2 candidates)
2026-08-18 19:29:24,549 [DEBUG] cnn_neat: Removed 2 edges (requested 3)
2026-08-18 19:29:24,550 [DEBUG] cnn_neat: Split edge 2→1, new hidden node 7 (pool=7)
2026-08-18 19:29:24,552 [DEBUG] cnn_neat: Split edge 5→2, new hidden node 6 (pool=7)
2026-08-18 19:29:24,554 [DEBUG] cnn_neat: Added edge 0→6 (from 9 candidates)
2026-08-18 19:29:24,555 [DEBUG] cnn_neat: Added edge 0→2 (from 5 candidates)
2026-08-18 19:29:24,558 [DEBUG] cnn_neat: Split edge 0→5, new hidden node 6 (pool=5)
2026-08-18 19:29:24,560 [DEBUG] cnn_neat: Added edge 5→2 (from 4 candidates)
2026-08-18 19:29:24,562 [DEBUG] cnn_neat: Removed hidden node 5 (pool=1)
2026-08-18 19:29:24,564 [DEBUG] cnn_neat: Removed edge 5→4 (from 3 candidates)
2026-08-18 19:29:24,565 [DEBUG] cnn_neat: Removed 1 edges (requested 3)
2026-08-18 19:29:24,567 [DEBUG] cnn_neat: Split edge 0→4, new hidden node 7 (pool=6)
2026-08-18 19:29:24,569 [DEBUG] cnn_neat: Split edge 0→5, new hidden node 6 (pool=6)
2026-08-18 19:29:24,570 [DEBUG] cnn_neat: Split edge 2→1, new hidden node 6 (pool=4)
2026-08-18 19:29:24,572 [DEBUG] cnn_neat: Split edge 3→5, new hidden node 6 (pool=3)
2026-08-18 19:29:24,574 [DEBUG] cnn_neat: Added edge 3→1 (from 2 candidates)
2026-08-18 19:29:24,580 [DEBUG] cnn_neat: Split edge 5→1, new hidden node 7 (pool=4)
2026-08-18 19:29:24,582 [DEBUG] cnn_neat: Split edge 0→3, new hidden node 6 (pool=2)
2026-08-18 19:29:24,586 [DEBUG] cnn_neat: Added edge 6→1 (from 4 candidates)
2026-08-18 19:29:24,587 [DEBUG] cnn_neat: Added edge 0→5 (from 1 candidates)
2026-08-18 19:29:24,590 [DEBUG] cnn_neat: Split edge 0→3, new hidden node 6 (pool=4)
2026-08-18 19:29:24,591 [DEBUG] cnn_neat: Added edge 0→5 (from 7 candidates)
2026-08-18 19:29:24,594 [DEBUG] cnn_neat: Removed hidden node 2 (pool=1)
2026-08-18 19:29:24,595 [DEBUG] cnn_neat: Removed edge 0→2 (from 1 candidates)
2026-08-18 19:29:24,596 [DEBUG] cnn_neat: Removed 1 edges (requested 3)
2026-08-18 19:29:24,598 [DEBUG] cnn_neat: Split edge 5→1, new hidden node 7 (pool=5)
2026-08-18 19:29:24,599 [DEBUG] cnn_neat: Split edge 3→5, new hidden node 6 (pool=5)
2026-08-18 19:29:24,600 [DEBUG] cnn_neat: Added edge 6→2 (from 10 candidates)
2026-08-18 19:29:24,602 [DEBUG] cnn_neat: Added edge 5→2 (from 7 candidates)
2026-08-18 19:29:24,605 [DEBUG] cnn_neat: Split edge 0→6, new hidden node 7 (pool=5)
2026-08-18 19:29:24,606 [DEBUG] cnn_neat: Added edge 0→5 (from 13 candidates)
2026-08-18 19:29:24,608 [DEBUG] cnn_neat: Removed hidden node 6 (pool=2)
2026-08-18 19:29:24,610 [DEBUG] cnn_neat: Removed edge 6→2 (from 2 candidates)
2026-08-18 19:29:24,611 [DEBUG] cnn_neat: Removed 2 edges (requested 3)
2026-08-18 19:29:24,613 [DEBUG] cnn_neat: Split edge 3→5, new hidden node 8 (pool=3)
2026-08-18 19:29:24,614 [DEBUG] cnn_neat: Split edge 0→5, new hidden node 7 (pool=4)
2026-08-18 19:29:24,618 [DEBUG] cnn_neat: Split edge 5→1, new hidden node 7 (pool=4)
2026-08-18 19:29:24,625 [DEBUG] cnn_neat: Split edge 0→4, new hidden node 6 (pool=5)
2026-08-18 19:29:24,626 [DEBUG] cnn_neat: Added edge 5→2 (from 5 candidates)
2026-08-18 19:29:24,716 [DEBUG] cnn_neat: Removed hidden node 5 (pool=2)
2026-08-18 19:29:24,718 [DEBUG] cnn_neat: Removed edge 4→2 (from 4 candidates)
2026-08-18 19:29:24,720 [DEBUG] cnn_neat: Removed 2 edges (requested 3)
2026-08-18 19:29:24,725 [DEBUG] cnn_neat: Split edge 0→6, new hidden node 7 (pool=6)
2026-08-18 19:29:24,727 [DEBUG] cnn_neat: Split edge 4→2, new hidden node 6 (pool=6)
2026-08-18 19:29:24,728 [DEBUG] cnn_neat: Split edge 5→1, new hidden node 6 (pool=4)
2026-08-18 19:29:24,731 [DEBUG] cnn_neat: Split edge 0→4, new hidden node 5 (pool=3)
2026-08-18 19:29:24,732 [DEBUG] cnn_neat: Added edge 0→2 (from 2 candidates)
2026-08-18 19:29:24,763 [DEBUG] cnn_neat: Split edge 4→3, new hidden node 5 (pool=5)
2026-08-18 19:29:24,772 [DEBUG] cnn_neat: Added edge 2→1 (from 4 candidates)
2026-08-18 19:29:24,804 [DEBUG] cnn_neat: Removed hidden node 4 (pool=1)
2026-08-18 19:29:24,812 [DEBUG] cnn_neat: Removed edge 2→4 (from 3 candidates)
2026-08-18 19:29:24,817 [DEBUG] cnn_neat: Removed 1 edges (requested 3)
2026-08-18 19:29:24,821 [DEBUG] cnn_neat: Split edge 3→1, new hidden node 5 (pool=4)
2026-08-18 19:29:24,823 [DEBUG] cnn_neat: Added edge 4→1 (from 6 candidates)
2026-08-18 19:29:24,825 [DEBUG] cnn_neat: Split edge 0→2, new hidden node 6 (pool=5)
2026-08-18 19:29:24,827 [DEBUG] cnn_neat: Removed hidden node 4 (pool=1)
2026-08-18 19:29:24,829 [DEBUG] cnn_neat: Added edge 4→2 (from 9 candidates)
2026-08-18 19:29:24,830 [DEBUG] cnn_neat: Split edge 4→3, new hidden node 5 (pool=5)
2026-08-18 19:29:24,914 [DEBUG] cnn_neat: Split edge 0→4, new hidden node 7 (pool=3)
2026-08-18 19:29:24,921 [DEBUG] cnn_neat: Added edge 0→5 (from 8 candidates)
2026-08-18 19:29:24,985 [DEBUG] cnn_neat: Removed hidden node 6 (pool=3)
2026-08-18 19:29:25,020 [DEBUG] cnn_neat: Removed edge 4→5 (from 5 candidates)
2026-08-18 19:29:25,035 [DEBUG] cnn_neat: Removed 2 edges (requested 3)
2026-08-18 19:29:25,037 [DEBUG] cnn_neat: Split edge 2→1, new hidden node 8 (pool=4)
2026-08-18 19:29:25,039 [DEBUG] cnn_neat: Split edge 6→1, new hidden node 7 (pool=5)
2026-08-18 19:29:25,040 [DEBUG] cnn_neat: Split edge 0→4, new hidden node 7 (pool=4)
2026-08-18 19:29:25,043 [DEBUG] cnn_neat: Split edge 0→1, new hidden node 5 (pool=1)
2026-08-18 19:29:25,044 [DEBUG] cnn_neat: Added edge 4→1 (from 1 candidates)
2026-08-18 19:29:25,045 [DEBUG] cnn_neat: Removed hidden node 4 (pool=1)
2026-08-18 19:29:25,046 [DEBUG] cnn_neat: Removed edge 0→4 (from 1 candidates)
2026-08-18 19:29:25,046 [DEBUG] cnn_neat: Removed 1 edges (requested 3)
2026-08-18 19:29:25,094 [DEBUG] cnn_neat: Split edge 2→5, new hidden node 6 (pool=4)
2026-08-18 19:29:25,129 [DEBUG] cnn_neat: Added edge 2→1 (from 4 candidates)
2026-08-18 19:29:25,142 [DEBUG] cnn_neat: Split edge 0→4, new hidden node 7 (pool=5)
2026-08-18 19:29:25,144 [DEBUG] cnn_neat: Split edge 4→2, new hidden node 6 (pool=3)
2026-08-18 19:29:25,145 [DEBUG] cnn_neat: Added edge 0→6 (from 6 candidates)
2026-08-18 19:29:25,147 [DEBUG] cnn_neat: Added edge 4→5 (from 3 candidates)
2026-08-18 19:29:25,150 [DEBUG] cnn_neat: Split edge 0→5, new hidden node 6 (pool=4)
2026-08-18 19:29:25,151 [DEBUG] cnn_neat: Added edge 5→2 (from 4 candidates)
2026-08-18 19:29:25,160 [DEBUG] cnn_neat: Split edge 2→1, new hidden node 6 (pool=5)
2026-08-18 19:29:25,162 [DEBUG] cnn_neat: Added edge 0→2 (from 4 candidates)
2026-08-18 19:29:25,164 [DEBUG] cnn_neat: Split edge 2→6, new hidden node 7 (pool=6)
2026-08-18 19:29:25,168 [DEBUG] cnn_neat: Removed hidden node 4 (pool=1)
2026-08-18 19:29:25,170 [DEBUG] cnn_neat: Added edge 5→6 (from 7 candidates)
2026-08-18 19:29:25,187 [DEBUG] cnn_neat: Split edge 2→3, new hidden node 6 (pool=3)
2026-08-18 19:29:25,212 [DEBUG] cnn_neat: Added edge 4→1 (from 6 candidates)
2026-08-18 19:29:25,302 [DEBUG] cnn_neat: Removed hidden node 4 (pool=2)
2026-08-18 19:29:25,305 [DEBUG] cnn_neat: Removed edge 4→5 (from 4 candidates)
2026-08-18 19:29:25,314 [DEBUG] cnn_neat: Removed 3 edges (requested 3)
2026-08-18 19:29:25,316 [DEBUG] cnn_neat: Split edge 2→4, new hidden node 7 (pool=7)
2026-08-18 19:29:25,318 [DEBUG] cnn_neat: Split edge 4→1, new hidden node 6 (pool=4)
2026-08-18 19:29:25,341 [DEBUG] cnn_neat: Split edge 0→3, new hidden node 4 (pool=2)
2026-08-18 19:29:25,342 [DEBUG] cnn_neat: Added edge 0→1 (from 1 candidates)
2026-08-18 19:29:25,349 [DEBUG] cnn_neat: Split edge 4→3, new hidden node 5 (pool=3)
2026-08-18 19:29:25,353 [DEBUG] cnn_neat: Added edge 0→4 (from 3 candidates)
2026-08-18 19:29:25,355 [DEBUG] cnn_neat: Removed hidden node 4 (pool=1)
2026-08-18 19:29:25,359 [DEBUG] cnn_neat: Removed edge 4→3 (from 1 candidates)
2026-08-18 19:29:25,362 [DEBUG] cnn_neat: Removed 1 edges (requested 3)
2026-08-18 19:29:25,367 [DEBUG] cnn_neat: Split edge 4→3, new hidden node 5 (pool=4)
2026-08-18 19:29:25,372 [DEBUG] cnn_neat: Added edge 0→1 (from 2 candidates)
2026-08-18 19:29:25,377 [DEBUG] cnn_neat: Split edge 3→1, new hidden node 6 (pool=2)
2026-08-18 19:29:25,379 [DEBUG] cnn_neat: Removed hidden node 4 (pool=1)
2026-08-18 19:29:25,381 [DEBUG] cnn_neat: Added edge 5→1 (from 4 candidates)
2026-08-18 19:29:25,382 [DEBUG] cnn_neat: Split edge 0→1, new hidden node 5 (pool=1)
2026-08-18 19:29:25,385 [DEBUG] cnn_neat: Split edge 0→3, new hidden node 6 (pool=4)
2026-08-18 19:29:25,386 [DEBUG] cnn_neat: Added edge 4→1 (from 4 candidates)
2026-08-18 19:29:25,417 [DEBUG] cnn_neat: Split edge 4→5, new hidden node 6 (pool=3)
2026-08-18 19:29:25,425 [DEBUG] cnn_neat: Added edge 2→5 (from 4 candidates)
2026-08-18 19:29:25,436 [DEBUG] cnn_neat: Removed hidden node 2 (pool=3)
2026-08-18 19:29:25,447 [DEBUG] cnn_neat: Removed edge 4→5 (from 6 candidates)
2026-08-18 19:29:25,459 [DEBUG] cnn_neat: Removed 3 edges (requested 3)
2026-08-18 19:29:25,461 [DEBUG] cnn_neat: Split edge 5→1, new hidden node 7 (pool=2)
2026-08-18 19:29:25,507 [DEBUG] cnn_neat: Split edge 4→2, new hidden node 7 (pool=5)
2026-08-18 19:29:25,513 [DEBUG] cnn_neat: Added edge 0→5 (from 6 candidates)
2026-08-18 19:29:25,564 [DEBUG] cnn_neat: Split edge 5→6, new hidden node 7 (pool=6)
2026-08-18 19:29:25,566 [DEBUG] cnn_neat: Added edge 4→5 (from 9 candidates)
2026-08-18 19:29:25,568 [DEBUG] cnn_neat: Added edge 5→1 (from 8 candidates)
2026-08-18 19:29:25,570 [DEBUG] cnn_neat: Split edge 0→4, new hidden node 8 (pool=7)
2026-08-18 19:29:25,574 [DEBUG] cnn_neat: Split edge 4→2, new hidden node 5 (pool=3)
2026-08-18 19:29:25,577 [DEBUG] cnn_neat: Added edge 4→1 (from 2 candidates)
2026-08-18 19:29:25,596 [DEBUG] cnn_neat: Split edge 0→2, new hidden node 5 (pool=2)
2026-08-18 19:29:25,607 [DEBUG] cnn_neat: Added edge 4→1 (from 3 candidates)
2026-08-18 19:29:25,622 [DEBUG] cnn_neat: Removed hidden node 4 (pool=2)
2026-08-18 19:29:25,632 [DEBUG] cnn_neat: Removed edge 2→1 (from 4 candidates)
2026-08-18 19:29:25,638 [DEBUG] cnn_neat: Removed 3 edges (requested 3)
2026-08-18 19:29:25,640 [DEBUG] cnn_neat: Split edge 2→1, new hidden node 5 (pool=2)
2026-08-18 19:29:25,642 [DEBUG] cnn_neat: Added edge 0→3 (from 2 candidates)
2026-08-18 19:29:25,644 [DEBUG] cnn_neat: Split edge 0→2, new hidden node 6 (pool=8)
2026-08-18 19:29:25,647 [DEBUG] cnn_neat: Removed hidden node 3 (pool=2)
2026-08-18 19:29:25,649 [DEBUG] cnn_neat: Added edge 0→3 (from 8 candidates)
2026-08-18 19:29:25,756 [DEBUG] cnn_neat: Split edge 4→2, new hidden node 6 (pool=4)
2026-08-18 19:29:25,760 [DEBUG] cnn_neat: Added edge 0→5 (from 6 candidates)
2026-08-18 19:29:25,830 [DEBUG] cnn_neat: Removed hidden node 2 (pool=1)
2026-08-18 19:29:25,845 [DEBUG] cnn_neat: Removed edge 4→2 (from 1 candidates)
2026-08-18 19:29:25,857 [DEBUG] cnn_neat: Removed 1 edges (requested 3)
2026-08-18 19:29:25,858 [DEBUG] cnn_neat: Split edge 5→1, new hidden node 7 (pool=3)
2026-08-18 19:29:25,860 [DEBUG] cnn_neat: Split edge 5→1, new hidden node 6 (pool=3)
2026-08-18 19:29:25,861 [DEBUG] cnn_neat: Added edge 0→2 (from 9 candidates)
2026-08-18 19:29:25,863 [DEBUG] cnn_neat: Added edge 5→2 (from 5 candidates)
2026-08-18 19:29:25,864 [DEBUG] cnn_neat: Split edge 0→1, new hidden node 5 (pool=1)
2026-08-18 19:29:25,865 [DEBUG] cnn_neat: Added edge 4→1 (from 1 candidates)
2026-08-18 19:29:25,866 [DEBUG] cnn_neat: Removed hidden node 4 (pool=1)
2026-08-18 19:29:25,868 [DEBUG] cnn_neat: Removed edge 0→4 (from 1 candidates)
2026-08-18 19:29:25,870 [DEBUG] cnn_neat: Removed 1 edges (requested 3)
2026-08-18 19:29:25,934 [DEBUG] cnn_neat: Split edge 0→4, new hidden node 6 (pool=5)
2026-08-18 19:29:25,942 [DEBUG] cnn_neat: Added edge 2→1 (from 4 candidates)
2026-08-18 19:29:26,006 [DEBUG] cnn_neat: Removed hidden node 4 (pool=1)
2026-08-18 19:29:26,066 [DEBUG] cnn_neat: Removed edge 0→2 (from 3 candidates)
2026-08-18 19:29:26,129 [DEBUG] cnn_neat: Removed 2 edges (requested 3)
2026-08-18 19:29:26,133 [DEBUG] cnn_neat: Split edge 4→2, new hidden node 6 (pool=4)
2026-08-18 19:29:26,135 [DEBUG] cnn_neat: Added edge 4→1 (from 3 candidates)
2026-08-18 19:29:26,137 [DEBUG] cnn_neat: Split edge 2→1, new hidden node 7 (pool=2)
2026-08-18 19:29:26,141 [DEBUG] cnn_neat: Removed hidden node 4 (pool=2)
2026-08-18 19:29:26,142 [DEBUG] cnn_neat: Added edge 6→5 (from 7 candidates)
2026-08-18 19:29:26,144 [DEBUG] cnn_neat: Split edge 2→1, new hidden node 6 (pool=4)
2026-08-18 19:29:26,147 [DEBUG] cnn_neat: Split edge 3→1, new hidden node 4 (pool=2)
2026-08-18 19:29:26,148 [DEBUG] cnn_neat: Added edge 0→1 (from 1 candidates)
2026-08-18 19:29:26,152 [DEBUG] cnn_neat: Split edge 0→3, new hidden node 6 (pool=4)
2026-08-18 19:29:26,154 [DEBUG] cnn_neat: Added edge 0→4 (from 4 candidates)
2026-08-18 19:29:26,157 [DEBUG] cnn_neat: Split edge 3→4, new hidden node 6 (pool=5)
2026-08-18 19:29:26,159 [DEBUG] cnn_neat: Added edge 3→5 (from 4 candidates)
2026-08-18 19:29:26,161 [DEBUG] cnn_neat: Split edge 5→1, new hidden node 7 (pool=6)
2026-08-18 19:29:26,164 [DEBUG] cnn_neat: Removed hidden node 3 (pool=1)
2026-08-18 19:29:26,165 [DEBUG] cnn_neat: Added edge 0→6 (from 8 candidates)
2026-08-18 19:29:26,167 [DEBUG] cnn_neat: Split edge 5→1, new hidden node 6 (pool=6)
2026-08-18 19:29:26,189 [DEBUG] cnn_neat: Split edge 3→1, new hidden node 7 (pool=4)
2026-08-18 19:29:26,230 [DEBUG] cnn_neat: Added edge 4→3 (from 9 candidates)
2026-08-18 19:29:26,268 [DEBUG] cnn_neat: Removed hidden node 4 (pool=2)
2026-08-18 19:29:26,337 [DEBUG] cnn_neat: Removed edge 2→3 (from 4 candidates)
2026-08-18 19:29:26,370 [DEBUG] cnn_neat: Removed 1 edges (requested 3)
2026-08-18 19:29:26,373 [DEBUG] cnn_neat: Split edge 7→1, new hidden node 8 (pool=8)
2026-08-18 19:29:26,375 [DEBUG] cnn_neat: Split edge 6→2, new hidden node 7 (pool=5)
2026-08-18 19:29:26,378 [DEBUG] cnn_neat: Split edge 0→4, new hidden node 5 (pool=3)
2026-08-18 19:29:26,379 [DEBUG] cnn_neat: Added edge 0→2 (from 2 candidates)
2026-08-18 19:29:26,464 [DEBUG] cnn_neat: Split edge 5→6, new hidden node 8 (pool=7)
2026-08-18 19:29:26,526 [DEBUG] cnn_neat: Added edge 0→5 (from 14 candidates)
2026-08-18 19:29:26,573 [DEBUG] cnn_neat: Removed hidden node 5 (pool=4)
2026-08-18 19:29:26,579 [DEBUG] cnn_neat: Removed edge 2→7 (from 6 candidates)
2026-08-18 19:29:26,644 [DEBUG] cnn_neat: Removed 3 edges (requested 3)
2026-08-18 19:29:26,646 [DEBUG] cnn_neat: Split edge 2→7, new hidden node 9 (pool=4)
2026-08-18 19:29:26,648 [DEBUG] cnn_neat: Split edge 5→6, new hidden node 8 (pool=4)
2026-08-18 19:29:26,651 [DEBUG] cnn_neat: Split edge 0→1, new hidden node 5 (pool=1)
2026-08-18 19:29:26,652 [DEBUG] cnn_neat: Added edge 4→1 (from 1 candidates)
2026-08-18 19:29:26,653 [DEBUG] cnn_neat: Removed hidden node 4 (pool=1)
2026-08-18 19:29:26,654 [DEBUG] cnn_neat: Removed edge 0→4 (from 1 candidates)
2026-08-18 19:29:26,654 [DEBUG] cnn_neat: Removed 1 edges (requested 3)
2026-08-18 19:29:26,721 [DEBUG] cnn_neat: Added edge 2→7 (from 9 candidates)
2026-08-18 19:29:26,836 [DEBUG] cnn_neat: Split edge 4→2, new hidden node 8 (pool=7)
2026-08-18 19:29:26,839 [DEBUG] cnn_neat: Added edge 4→7 (from 10 candidates)
2026-08-18 19:29:26,841 [DEBUG] cnn_neat: Split edge 2→5, new hidden node 9 (pool=2)
2026-08-18 19:29:26,844 [DEBUG] cnn_neat: Removed hidden node 5 (pool=1)
2026-08-18 19:29:26,847 [DEBUG] cnn_neat: Added edge 0→2 (from 13 candidates)
2026-08-18 19:29:26,892 [DEBUG] cnn_neat: Split edge 2→3, new hidden node 6 (pool=3)
2026-08-18 19:29:26,917 [DEBUG] cnn_neat: Added edge 0→4 (from 5 candidates)
2026-08-18 19:29:26,925 [DEBUG] cnn_neat: Removed hidden node 5 (pool=3)
2026-08-18 19:29:26,929 [DEBUG] cnn_neat: Removed edge 4→5 (from 6 candidates)
2026-08-18 19:29:26,936 [DEBUG] cnn_neat: Removed 3 edges (requested 3)
2026-08-18 19:29:26,939 [DEBUG] cnn_neat: Split edge 0→2, new hidden node 7 (pool=8)
2026-08-18 19:29:26,941 [DEBUG] cnn_neat: Split edge 5→3, new hidden node 6 (pool=8)
2026-08-18 19:29:26,947 [DEBUG] cnn_neat: Split edge 0→3, new hidden node 4 (pool=2)
2026-08-18 19:29:26,949 [DEBUG] cnn_neat: Added edge 0→1 (from 1 candidates)
2026-08-18 19:29:26,963 [DEBUG] cnn_neat: Split edge 0→4, new hidden node 7 (pool=7)
2026-08-18 19:29:26,970 [DEBUG] cnn_neat: Added edge 5→1 (from 9 candidates)
2026-08-18 19:29:27,011 [DEBUG] cnn_neat: Removed hidden node 2 (pool=4)
2026-08-18 19:29:27,018 [DEBUG] cnn_neat: Removed edge 0→5 (from 7 candidates)
2026-08-18 19:29:27,028 [DEBUG] cnn_neat: Removed 3 edges (requested 3)
2026-08-18 19:29:27,032 [DEBUG] cnn_neat: Split edge 5→6, new hidden node 8 (pool=4)
2026-08-18 19:29:27,034 [DEBUG] cnn_neat: Split edge 5→1, new hidden node 7 (pool=3)
2026-08-18 19:29:27,044 [DEBUG] cnn_neat: Split edge 4→6, new hidden node 7 (pool=3)
2026-08-18 19:29:27,049 [DEBUG] cnn_neat: Added edge 0→5 (from 6 candidates)
2026-08-18 19:29:27,061 [DEBUG] cnn_neat: Removed hidden node 5 (pool=2)
2026-08-18 19:29:27,066 [DEBUG] cnn_neat: Removed edge 2→5 (from 4 candidates)
2026-08-18 19:29:27,085 [DEBUG] cnn_neat: Removed 3 edges (requested 3)
2026-08-18 19:29:27,088 [DEBUG] cnn_neat: Split edge 0→4, new hidden node 8 (pool=7)
2026-08-18 19:29:27,117 [DEBUG] cnn_neat: Split edge 0→5, new hidden node 6 (pool=3)
2026-08-18 19:29:27,122 [DEBUG] cnn_neat: Added edge 5→4 (from 5 candidates)
2026-08-18 19:29:27,128 [DEBUG] cnn_neat: Removed hidden node 3 (pool=2)
2026-08-18 19:29:27,231 [DEBUG] cnn_neat: Removed edge 2→4 (from 4 candidates)
2026-08-18 19:29:27,238 [DEBUG] cnn_neat: Removed 3 edges (requested 3)
2026-08-18 19:29:27,242 [DEBUG] cnn_neat: Split edge 0→6, new hidden node 7 (pool=4)
2026-08-18 19:29:27,247 [DEBUG] cnn_neat: Split edge 0→4, new hidden node 5 (pool=3)
2026-08-18 19:29:27,250 [DEBUG] cnn_neat: Added edge 0→2 (from 2 candidates)
2026-08-18 19:29:27,258 [DEBUG] cnn_neat: Split edge 4→2, new hidden node 7 (pool=5)
2026-08-18 19:29:27,261 [DEBUG] cnn_neat: Added edge 6→5 (from 8 candidates)
2026-08-18 19:29:27,267 [DEBUG] cnn_neat: Removed hidden node 2 (pool=1)
2026-08-18 19:29:27,269 [DEBUG] cnn_neat: Removed edge 4→2 (from 1 candidates)
2026-08-18 19:29:27,273 [DEBUG] cnn_neat: Removed 1 edges (requested 3)
2026-08-18 19:29:27,275 [DEBUG] cnn_neat: Split edge 4→5, new hidden node 8 (pool=4)
2026-08-18 19:29:27,281 [DEBUG] cnn_neat: Split edge 0→6, new hidden node 7 (pool=4)
2026-08-18 19:29:27,284 [DEBUG] cnn_neat: Split edge 5→1, new hidden node 7 (pool=4)
2026-08-18 19:29:27,289 [DEBUG] cnn_neat: Split edge 6→4, new hidden node 7 (pool=6)
2026-08-18 19:29:27,294 [DEBUG] cnn_neat: Added edge 4→5 (from 8 candidates)
2026-08-18 19:29:27,299 [DEBUG] cnn_neat: Removed hidden node 4 (pool=2)
2026-08-18 19:29:27,302 [DEBUG] cnn_neat: Removed edge 0→2 (from 4 candidates)
2026-08-18 19:29:27,308 [DEBUG] cnn_neat: Removed 3 edges (requested 3)
2026-08-18 19:29:27,313 [DEBUG] cnn_neat: Split edge 0→2, new hidden node 8 (pool=3)
2026-08-18 19:29:27,317 [DEBUG] cnn_neat: Split edge 6→4, new hidden node 7 (pool=7)
2026-08-18 19:29:27,324 [DEBUG] cnn_neat: Split edge 0→4, new hidden node 6 (pool=6)
2026-08-18 19:29:27,328 [DEBUG] cnn_neat: Added edge 5→3 (from 6 candidates)
2026-08-18 19:29:27,331 [DEBUG] cnn_neat: Saved generation 1
2026-08-18 19:29:27,387 [DEBUG] cnn_neat: Selected 25 elite individuals
2026-08-18 19:29:27,390 [DEBUG] cnn_neat: Removed hidden node 5 (pool=2)
2026-08-18 19:29:27,402 [DEBUG] cnn_neat: Removed edge 2→3 (from 4 candidates)
2026-08-18 19:29:27,444 [DEBUG] cnn_neat: Removed 2 edges (requested 3)
2026-08-18 19:29:27,459 [DEBUG] cnn_neat: Split edge 3→1, new hidden node 7 (pool=7)
2026-08-18 19:29:27,472 [DEBUG] cnn_neat: Split edge 2→3, new hidden node 6 (pool=7)
2026-08-18 19:29:27,478 [DEBUG] cnn_neat: Split edge 3→1, new hidden node 6 (pool=5)
2026-08-18 19:29:27,488 [DEBUG] cnn_neat: Split edge 0→1, new hidden node 5 (pool=1)
2026-08-18 19:29:27,490 [DEBUG] cnn_neat: Added edge 4→1 (from 1 candidates)
2026-08-18 19:29:27,494 [DEBUG] cnn_neat: Removed hidden node 4 (pool=1)
2026-08-18 19:29:27,496 [DEBUG] cnn_neat: Removed edge 0→4 (from 1 candidates)
2026-08-18 19:29:27,498 [DEBUG] cnn_neat: Removed 1 edges (requested 3)
2026-08-18 19:29:27,509 [DEBUG] cnn_neat: Split edge 0→4, new hidden node 5 (pool=4)
2026-08-18 19:29:27,684 [DEBUG] cnn_neat: Added edge 4→1 (from 3 candidates)
2026-08-18 19:29:27,694 [DEBUG] cnn_neat: Split edge 6→1, new hidden node 7 (pool=4)
2026-08-18 19:29:27,698 [DEBUG] cnn_neat: Added edge 5→1 (from 4 candidates)
2026-08-18 19:29:27,700 [DEBUG] cnn_neat: Removed hidden node 3 (pool=2)
2026-08-18 19:29:27,702 [DEBUG] cnn_neat: Split edge 2→5, new hidden node 7 (pool=3)
2026-08-18 19:29:27,707 [DEBUG] cnn_neat: Removed edge 3→1 (from 6 candidates)
2026-08-18 19:29:27,708 [DEBUG] cnn_neat: Split edge 5→6, new hidden node 7 (pool=4)
2026-08-18 19:29:27,712 [DEBUG] cnn_neat: Added edge 5→6 (from 6 candidates)
2026-08-18 19:29:27,716 [DEBUG] cnn_neat: Removed 2 edges (requested 3)
2026-08-18 19:29:27,718 [DEBUG] cnn_neat: Split edge 0→2, new hidden node 7 (pool=4)
2026-08-18 19:29:27,723 [DEBUG] cnn_neat: Split edge 0→2, new hidden node 6 (pool=2)
2026-08-18 19:29:27,725 [DEBUG] cnn_neat: Split edge 0→2, new hidden node 7 (pool=4)
2026-08-18 19:29:27,730 [DEBUG] cnn_neat: Added edge 0→2 (from 6 candidates)
2026-08-18 19:29:27,730 [DEBUG] cnn_neat: Split edge 2→1, new hidden node 5 (pool=4)
2026-08-18 19:29:27,734 [DEBUG] cnn_neat: Crossover rejected: copied edge has no live Conv2d
2026-08-18 19:29:27,738 [DEBUG] cnn_neat: Added edge 5→2 (from 7 candidates)
2026-08-18 19:29:27,738 [DEBUG] cnn_neat: Split edge 0→2, new hidden node 7 (pool=4)
2026-08-18 19:29:27,744 [DEBUG] cnn_neat: Added edge 0→2 (from 6 candidates)
2026-08-18 19:29:27,744 [DEBUG] cnn_neat: Added edge 4→3 (from 2 candidates)
2026-08-18 19:29:27,747 [DEBUG] cnn_neat: Removed hidden node 7 (pool=1)
2026-08-18 19:29:27,750 [DEBUG] cnn_neat: Split edge 0→2, new hidden node 7 (pool=4)
2026-08-18 19:29:27,751 [DEBUG] cnn_neat: Split edge 5→6, new hidden node 8 (pool=5)
2026-08-18 19:29:27,753 [DEBUG] cnn_neat: Added edge 0→6 (from 4 candidates)
2026-08-18 19:29:27,754 [DEBUG] cnn_neat: Added edge 5→1 (from 4 candidates)
2026-08-18 19:29:27,757 [DEBUG] cnn_neat: Added edge 2→6 (from 3 candidates)
2026-08-18 19:29:27,759 [DEBUG] cnn_neat: Added edge 0→5 (from 2 candidates)
2026-08-18 19:29:27,761 [DEBUG] cnn_neat: Added edge 2→1 (from 2 candidates)
2026-08-18 19:29:27,762 [DEBUG] cnn_neat: Split edge 0→3, new hidden node 6 (pool=3)
2026-08-18 19:29:27,764 [DEBUG] cnn_neat: Added edge 0→5 (from 3 candidates)
2026-08-18 19:29:27,767 [DEBUG] cnn_neat: Removed hidden node 5 (pool=1)
2026-08-18 19:29:27,768 [DEBUG] cnn_neat: Split edge 3→4, new hidden node 5 (pool=3)
2026-08-18 19:29:27,769 [DEBUG] cnn_neat: Removed edge 5→1 (from 3 candidates)
2026-08-18 19:29:27,771 [DEBUG] cnn_neat: Removed 1 edges (requested 3)
2026-08-18 19:29:27,773 [DEBUG] cnn_neat: Split edge 0→3, new hidden node 6 (pool=4)
2026-08-18 19:29:27,774 [DEBUG] cnn_neat: Added edge 0→4 (from 6 candidates)
2026-08-18 19:29:27,776 [DEBUG] cnn_neat: Crossover rejected: union topology invalid (edges=7 nodes=6)
2026-08-18 19:29:27,778 [DEBUG] cnn_neat: Split edge 4→1, new hidden node 6 (pool=3)
2026-08-18 19:29:27,781 [DEBUG] cnn_neat: Added edge 0→4 (from 3 candidates)
2026-08-18 19:29:27,782 [DEBUG] cnn_neat: Added edge 3→5 (from 3 candidates)
2026-08-18 19:29:27,784 [DEBUG] cnn_neat: Added edge 0→5 (from 2 candidates)
2026-08-18 19:29:27,786 [DEBUG] cnn_neat: Added edge 3→1 (from 2 candidates)
2026-08-18 19:29:27,788 [DEBUG] cnn_neat: Added edge 0→1 (from 1 candidates)
2026-08-18 19:29:27,791 [DEBUG] cnn_neat: Split edge 2→3, new hidden node 6 (pool=6)
2026-08-18 19:29:27,793 [DEBUG] cnn_neat: Added edge 3→5 (from 6 candidates)
2026-08-18 19:29:27,796 [DEBUG] cnn_neat: Removed hidden node 3 (pool=2)
2026-08-18 19:29:27,797 [DEBUG] cnn_neat: Split edge 2→5, new hidden node 6 (pool=4)
2026-08-18 19:29:27,799 [DEBUG] cnn_neat: Removed edge 2→3 (from 4 candidates)
2026-08-18 19:29:27,801 [DEBUG] cnn_neat: Split edge 5→1, new hidden node 6 (pool=5)
2026-08-18 19:29:27,803 [DEBUG] cnn_neat: Removed 2 edges (requested 3)
2026-08-18 19:29:27,804 [DEBUG] cnn_neat: Split edge 0→4, new hidden node 5 (pool=4)
2026-08-18 19:29:27,807 [DEBUG] cnn_neat: Crossover union: A_edges=6 B_added=6 dup_skipped=0 child_edges=12 nodes=10
2026-08-18 19:29:27,809 [DEBUG] cnn_neat: Added edge 3→5 (from 6 candidates)
2026-08-18 19:29:27,812 [DEBUG] cnn_neat: Added edge 4→5 (from 5 candidates)
2026-08-18 19:29:27,814 [DEBUG] cnn_neat: Added edge 4→3 (from 4 candidates)
2026-08-18 19:29:27,816 [DEBUG] cnn_neat: Added edge 0→3 (from 5 candidates)
2026-08-18 19:29:27,819 [DEBUG] cnn_neat: Added edge 4→1 (from 4 candidates)
2026-08-18 19:29:27,821 [DEBUG] cnn_neat: Split edge 7→10, new hidden node 11 (pool=4)
2026-08-18 19:29:27,824 [DEBUG] cnn_neat: Added edge 3→7 (from 15 candidates)
2026-08-18 19:29:27,827 [DEBUG] cnn_neat: Removed hidden node 4 (pool=5)
2026-08-18 19:29:27,829 [DEBUG] cnn_neat: Removed edge 0→4 (from 8 candidates)
2026-08-18 19:29:27,833 [DEBUG] cnn_neat: Removed 3 edges (requested 3)
2026-08-18 19:29:27,835 [DEBUG] cnn_neat: Split edge 2→1, new hidden node 5 (pool=3)
2026-08-18 19:29:27,837 [DEBUG] cnn_neat: Added edge 0→2 (from 6 candidates)
2026-08-18 19:29:27,839 [DEBUG] cnn_neat: Crossover rejected: union topology invalid (edges=10 nodes=8)
2026-08-18 19:29:27,841 [DEBUG] cnn_neat: Split edge 10→1, new hidden node 11 (pool=4)
2026-08-18 19:29:27,844 [DEBUG] cnn_neat: Added edge 4→10 (from 15 candidates)
2026-08-18 19:29:27,846 [DEBUG] cnn_neat: Added edge 7→4 (from 13 candidates)
2026-08-18 19:29:27,849 [DEBUG] cnn_neat: Added edge 3→10 (from 9 candidates)
2026-08-18 19:29:27,852 [DEBUG] cnn_neat: Added edge 2→10 (from 6 candidates)
2026-08-18 19:29:27,855 [DEBUG] cnn_neat: Added edge 0→2 (from 5 candidates)
2026-08-18 19:29:27,856 [DEBUG] cnn_neat: Split edge 0→1, new hidden node 4 (pool=1)
2026-08-18 19:29:27,858 [DEBUG] cnn_neat: Split edge 4→1, new hidden node 5 (pool=4)
2026-08-18 19:29:27,860 [DEBUG] cnn_neat: Split edge 0→1, new hidden node 4 (pool=1)
2026-08-18 19:29:27,861 [DEBUG] cnn_neat: Added edge 4→3 (from 3 candidates)
2026-08-18 19:29:27,863 [DEBUG] cnn_neat: Removed hidden node 3 (pool=1)
2026-08-18 19:29:27,864 [DEBUG] cnn_neat: Split edge 0→1, new hidden node 2 (pool=1)
2026-08-18 19:29:27,865 [DEBUG] cnn_neat: Added edge 0→1 (from 1 candidates)
2026-08-18 19:29:27,866 [DEBUG] cnn_neat: Removed hidden node 2 (pool=1)
2026-08-18 19:29:27,868 [DEBUG] cnn_neat: Split edge 0→1, new hidden node 2 (pool=1)
2026-08-18 19:29:27,869 [DEBUG] cnn_neat: Split edge 2→1, new hidden node 3 (pool=2)
2026-08-18 19:29:27,870 [DEBUG] cnn_neat: Added edge 0→1 (from 1 candidates)
2026-08-18 19:29:27,870 [DEBUG] cnn_neat: Weight mutation: 1 conv modules updated (direct tensor perturbation)
2026-08-18 19:29:27,871 [DEBUG] cnn_neat: Removed edge 3→1 (from 3 candidates)
2026-08-18 19:29:27,872 [DEBUG] cnn_neat: Removed 1 edges (requested 3)
2026-08-18 19:29:27,873 [DEBUG] cnn_neat: Split edge 0→3, new hidden node 4 (pool=2)
2026-08-18 19:29:27,874 [DEBUG] cnn_neat: Added edge 0→3 (from 2 candidates)
2026-08-18 19:29:27,876 [DEBUG] cnn_neat: Removed hidden node 4 (pool=1)
2026-08-18 19:29:27,878 [DEBUG] cnn_neat: Split edge 0→3, new hidden node 4 (pool=2)
2026-08-18 19:29:27,879 [DEBUG] cnn_neat: Split edge 0→4, new hidden node 5 (pool=3)
2026-08-18 19:29:27,881 [DEBUG] cnn_neat: Crossover rejected: union topology invalid (edges=9 nodes=7)
2026-08-18 19:29:27,882 [DEBUG] cnn_neat: Split edge 0→1, new hidden node 4 (pool=1)
2026-08-18 19:29:27,884 [DEBUG] cnn_neat: Added edge 0→1 (from 3 candidates)
2026-08-18 19:29:27,888 [DEBUG] cnn_neat: Split edge 0→1, new hidden node 4 (pool=1)
2026-08-18 19:29:27,889 [DEBUG] cnn_neat: Added edge 4→3 (from 3 candidates)
2026-08-18 19:29:27,892 [DEBUG] cnn_neat: Removed hidden node 4 (pool=2)
2026-08-18 19:29:27,893 [DEBUG] cnn_neat: Split edge 0→3, new hidden node 4 (pool=2)
2026-08-18 19:29:27,895 [DEBUG] cnn_neat: Split edge 0→4, new hidden node 5 (pool=3)
2026-08-18 19:29:27,896 [DEBUG] cnn_neat: Added edge 0→3 (from 2 candidates)
2026-08-18 19:29:27,896 [DEBUG] cnn_neat: Weight mutation: 3 conv modules updated (direct tensor perturbation)
2026-08-18 19:29:27,899 [DEBUG] cnn_neat: Split edge 2→1, new hidden node 6 (pool=7)
2026-08-18 19:29:27,902 [DEBUG] cnn_neat: Added edge 4→3 (from 3 candidates)
2026-08-18 19:29:27,907 [DEBUG] cnn_neat: Removed hidden node 4 (pool=4)
2026-08-18 19:29:27,910 [DEBUG] cnn_neat: Removed edge 3→1 (from 10 candidates)
2026-08-18 19:29:27,915 [DEBUG] cnn_neat: Removed 3 edges (requested 3)
2026-08-18 19:29:27,918 [DEBUG] cnn_neat: Crossover rejected: union topology invalid (edges=19 nodes=11)
2026-08-18 19:29:27,921 [DEBUG] cnn_neat: Split edge 5→1, new hidden node 6 (pool=7)
2026-08-18 19:29:27,924 [DEBUG] cnn_neat: Added edge 5→2 (from 3 candidates)
2026-08-18 19:29:27,927 [DEBUG] cnn_neat: Added edge 4→3 (from 2 candidates)
2026-08-18 19:29:27,930 [DEBUG] cnn_neat: Added edge 0→4 (from 1 candidates)
2026-08-18 19:29:27,933 [DEBUG] cnn_neat: Added edge 0→1 (from 1 candidates)
2026-08-18 19:29:27,937 [DEBUG] cnn_neat: Split edge 3→1, new hidden node 5 (pool=4)
2026-08-18 19:29:27,938 [DEBUG] cnn_neat: Added edge 4→3 (from 4 candidates)
2026-08-18 19:29:27,941 [DEBUG] cnn_neat: Split edge 0→4, new hidden node 5 (pool=4)
2026-08-18 19:29:27,943 [DEBUG] cnn_neat: Added edge 5→2 (from 6 candidates)
2026-08-18 19:29:27,944 [DEBUG] cnn_neat: Split edge 3→1, new hidden node 5 (pool=4)
2026-08-18 19:29:27,946 [DEBUG] cnn_neat: Added edge 0→2 (from 6 candidates)
2026-08-18 19:29:27,948 [DEBUG] cnn_neat: Split edge 0→4, new hidden node 5 (pool=4)
2026-08-18 19:29:27,950 [DEBUG] cnn_neat: Added edge 2→1 (from 6 candidates)
2026-08-18 19:29:27,952 [DEBUG] cnn_neat: Crossover union: A_edges=4 B_added=5 dup_skipped=0 child_edges=9 nodes=8
2026-08-18 19:29:27,954 [DEBUG] cnn_neat: Added edge 0→2 (from 4 candidates)
2026-08-18 19:29:27,954 [DEBUG] cnn_neat: Added edge 2→1 (from 4 candidates)
2026-08-18 19:29:27,957 [DEBUG] cnn_neat: Added edge 4→1 (from 3 candidates)
2026-08-18 19:29:27,959 [DEBUG] cnn_neat: Added edge 4→3 (from 2 candidates)
2026-08-18 19:29:27,961 [DEBUG] cnn_neat: Added edge 0→3 (from 1 candidates)
2026-08-18 19:29:27,963 [DEBUG] cnn_neat: Split edge 6→1, new hidden node 7 (pool=3)
2026-08-18 19:29:27,965 [DEBUG] cnn_neat: Added edge 5→1 (from 6 candidates)
2026-08-18 19:29:27,968 [DEBUG] cnn_neat: Removed hidden node 5 (pool=2)
2026-08-18 19:29:27,969 [DEBUG] cnn_neat: Removed edge 5→6 (from 4 candidates)
2026-08-18 19:29:27,972 [DEBUG] cnn_neat: Removed 3 edges (requested 3)
2026-08-18 19:29:27,974 [DEBUG] cnn_neat: Crossover rejected: union topology invalid (edges=8 nodes=7)
2026-08-18 19:29:27,976 [DEBUG] cnn_neat: Split edge 3→6, new hidden node 7 (pool=3)
2026-08-18 19:29:27,978 [DEBUG] cnn_neat: Added edge 0→5 (from 6 candidates)
2026-08-18 19:29:27,980 [DEBUG] cnn_neat: Added edge 3→5 (from 7 candidates)
2026-08-18 19:29:27,982 [DEBUG] cnn_neat: Added edge 3→1 (from 6 candidates)
2026-08-18 19:29:27,985 [DEBUG] cnn_neat: Added edge 4→6 (from 5 candidates)
2026-08-18 19:29:27,988 [DEBUG] cnn_neat: Added edge 5→1 (from 4 candidates)
2026-08-18 19:29:27,990 [DEBUG] cnn_neat: Split edge 0→4, new hidden node 6 (pool=5)
2026-08-18 19:29:27,992 [DEBUG] cnn_neat: Added edge 0→5 (from 4 candidates)
2026-08-18 19:29:28,014 [DEBUG] cnn_neat: Split edge 0→4, new hidden node 5 (pool=3)
2026-08-18 19:29:28,044 [DEBUG] cnn_neat: Added edge 4→3 (from 3 candidates)
2026-08-18 19:29:28,062 [DEBUG] cnn_neat: Removed hidden node 3 (pool=1)
2026-08-18 19:29:28,090 [DEBUG] cnn_neat: Removed edge 3→1 (from 3 candidates)
2026-08-18 19:29:28,096 [DEBUG] cnn_neat: Removed 2 edges (requested 3)
2026-08-18 19:29:28,101 [DEBUG] cnn_neat: Split edge 5→1, new hidden node 6 (pool=3)
2026-08-18 19:29:28,105 [DEBUG] cnn_neat: Added edge 0→5 (from 2 candidates)
2026-08-18 19:29:28,113 [DEBUG] cnn_neat: Split edge 0→2, new hidden node 6 (pool=4)
2026-08-18 19:29:28,116 [DEBUG] cnn_neat: Added edge 4→1 (from 5 candidates)
2026-08-18 19:29:28,122 [DEBUG] cnn_neat: Removed hidden node 4 (pool=1)
2026-08-18 19:29:28,125 [DEBUG] cnn_neat: Removed edge 4→2 (from 1 candidates)
2026-08-18 19:29:28,128 [DEBUG] cnn_neat: Removed 1 edges (requested 3)
2026-08-18 19:29:28,130 [DEBUG] cnn_neat: Split edge 4→2, new hidden node 6 (pool=5)
2026-08-18 19:29:28,134 [DEBUG] cnn_neat: Added edge 2→1 (from 4 candidates)
2026-08-18 19:29:28,283 [DEBUG] cnn_neat: Split edge 5→1, new hidden node 7 (pool=6)
2026-08-18 19:29:28,299 [DEBUG] cnn_neat: Removed hidden node 4 (pool=1)
2026-08-18 19:29:28,308 [DEBUG] cnn_neat: Added edge 6→1 (from 8 candidates)
2026-08-18 19:29:28,318 [DEBUG] cnn_neat: Split edge 2→1, new hidden node 6 (pool=4)
2026-08-18 19:29:28,344 [DEBUG] cnn_neat: Split edge 4→2, new hidden node 7 (pool=5)
2026-08-18 19:29:28,348 [DEBUG] cnn_neat: Added edge 4→5 (from 9 candidates)
2026-08-18 19:29:28,354 [DEBUG] cnn_neat: Removed hidden node 4 (pool=2)
2026-08-18 19:29:28,361 [DEBUG] cnn_neat: Removed edge 4→2 (from 2 candidates)
2026-08-18 19:29:28,368 [DEBUG] cnn_neat: Removed 2 edges (requested 3)
2026-08-18 19:29:28,374 [DEBUG] cnn_neat: Split edge 5→1, new hidden node 8 (pool=3)
2026-08-18 19:29:28,376 [DEBUG] cnn_neat: Split edge 2→5, new hidden node 7 (pool=6)
2026-08-18 19:29:28,380 [DEBUG] cnn_neat: Added edge 0→6 (from 13 candidates)
2026-08-18 19:29:28,390 [DEBUG] cnn_neat: Added edge 0→4 (from 8 candidates)
2026-08-18 19:29:28,394 [DEBUG] cnn_neat: Split edge 3→4, new hidden node 6 (pool=5)
2026-08-18 19:29:28,396 [DEBUG] cnn_neat: Added edge 3→1 (from 9 candidates)
2026-08-18 19:29:28,401 [DEBUG] cnn_neat: Removed hidden node 4 (pool=2)
2026-08-18 19:29:28,403 [DEBUG] cnn_neat: Removed edge 4→2 (from 2 candidates)
2026-08-18 19:29:28,406 [DEBUG] cnn_neat: Removed 2 edges (requested 3)
2026-08-18 19:29:28,409 [DEBUG] cnn_neat: Split edge 3→1, new hidden node 6 (pool=6)
2026-08-18 19:29:28,411 [DEBUG] cnn_neat: Added edge 3→5 (from 8 candidates)
2026-08-18 19:29:28,414 [DEBUG] cnn_neat: Split edge 2→5, new hidden node 7 (pool=3)
2026-08-18 19:29:28,418 [DEBUG] cnn_neat: Removed hidden node 4 (pool=2)
2026-08-18 19:29:28,421 [DEBUG] cnn_neat: Added edge 0→3 (from 15 candidates)
2026-08-18 19:29:28,425 [DEBUG] cnn_neat: Split edge 0→1, new hidden node 5 (pool=1)
2026-08-18 19:29:28,426 [DEBUG] cnn_neat: Added edge 4→1 (from 1 candidates)
2026-08-18 19:29:28,429 [DEBUG] cnn_neat: Removed hidden node 4 (pool=1)
2026-08-18 19:29:28,430 [DEBUG] cnn_neat: Removed edge 0→4 (from 1 candidates)
2026-08-18 19:29:28,431 [DEBUG] cnn_neat: Removed 1 edges (requested 3)
2026-08-18 19:29:28,435 [DEBUG] cnn_neat: Split edge 0→1, new hidden node 5 (pool=1)
2026-08-18 19:29:28,439 [DEBUG] cnn_neat: Removed hidden node 4 (pool=1)
2026-08-18 19:29:28,441 [DEBUG] cnn_neat: Removed edge 0→1 (from 3 candidates)
2026-08-18 19:29:28,443 [DEBUG] cnn_neat: Removed 2 edges (requested 3)
2026-08-18 19:29:28,447 [DEBUG] cnn_neat: Split edge 2→4, new hidden node 5 (pool=4)
2026-08-18 19:29:28,451 [DEBUG] cnn_neat: Added edge 0→4 (from 4 candidates)
2026-08-18 19:29:28,459 [DEBUG] cnn_neat: Split edge 0→5, new hidden node 6 (pool=4)
2026-08-18 19:29:28,462 [DEBUG] cnn_neat: Added edge 0→4 (from 4 candidates)
2026-08-18 19:29:28,470 [DEBUG] cnn_neat: Split edge 5→4, new hidden node 6 (pool=4)
2026-08-18 19:29:28,473 [DEBUG] cnn_neat: Added edge 5→2 (from 7 candidates)
2026-08-18 19:29:28,478 [DEBUG] cnn_neat: Removed hidden node 3 (pool=1)
2026-08-18 19:29:28,480 [DEBUG] cnn_neat: Removed edge 2→3 (from 1 candidates)
2026-08-18 19:29:28,483 [DEBUG] cnn_neat: Removed 1 edges (requested 3)
2026-08-18 19:29:28,486 [DEBUG] cnn_neat: Split edge 0→5, new hidden node 6 (pool=5)
2026-08-18 19:29:28,489 [DEBUG] cnn_neat: Added edge 0→2 (from 7 candidates)
2026-08-18 19:29:28,493 [DEBUG] cnn_neat: Split edge 4→2, new hidden node 7 (pool=6)
2026-08-18 19:29:28,498 [DEBUG] cnn_neat: Removed hidden node 4 (pool=2)
2026-08-18 19:29:28,501 [DEBUG] cnn_neat: Added edge 0→5 (from 10 candidates)
2026-08-18 19:29:28,506 [DEBUG] cnn_neat: Split edge 5→3, new hidden node 6 (pool=6)
2026-08-18 19:29:28,509 [DEBUG] cnn_neat: Added edge 4→1 (from 7 candidates)
2026-08-18 19:29:28,515 [DEBUG] cnn_neat: Removed hidden node 3 (pool=1)
2026-08-18 19:29:28,518 [DEBUG] cnn_neat: Removed edge 2→3 (from 2 candidates)
2026-08-18 19:29:28,522 [DEBUG] cnn_neat: Removed 2 edges (requested 3)
2026-08-18 19:29:28,526 [DEBUG] cnn_neat: Split edge 5→6, new hidden node 7 (pool=7)
2026-08-18 19:29:28,530 [DEBUG] cnn_neat: Split edge 0→5, new hidden node 6 (pool=4)
2026-08-18 19:29:28,533 [DEBUG] cnn_neat: Added edge 4→6 (from 14 candidates)
2026-08-18 19:29:28,536 [DEBUG] cnn_neat: Added edge 0→3 (from 6 candidates)
2026-08-18 19:29:28,577 [DEBUG] cnn_neat: Split edge 3→1, new hidden node 4 (pool=2)
2026-08-18 19:29:28,578 [DEBUG] cnn_neat: Added edge 0→1 (from 1 candidates)
2026-08-18 19:29:28,588 [DEBUG] cnn_neat: Split edge 0→3, new hidden node 5 (pool=3)
2026-08-18 19:29:28,591 [DEBUG] cnn_neat: Added edge 4→1 (from 3 candidates)
2026-08-18 19:29:28,598 [DEBUG] cnn_neat: Removed hidden node 4 (pool=1)
2026-08-18 19:29:28,600 [DEBUG] cnn_neat: Removed edge 4→3 (from 1 candidates)
2026-08-18 19:29:28,600 [DEBUG] cnn_neat: Removed 1 edges (requested 3)
2026-08-18 19:29:28,605 [DEBUG] cnn_neat: Split edge 2→1, new hidden node 5 (pool=3)
2026-08-18 19:29:28,606 [DEBUG] cnn_neat: Added edge 4→1 (from 2 candidates)
2026-08-18 19:29:28,611 [DEBUG] cnn_neat: Split edge 6→1, new hidden node 7 (pool=4)
2026-08-18 19:29:28,612 [DEBUG] cnn_neat: Added edge 0→5 (from 4 candidates)
2026-08-18 19:29:28,616 [DEBUG] cnn_neat: Split edge 5→6, new hidden node 7 (pool=5)
2026-08-18 19:29:28,618 [DEBUG] cnn_neat: Added edge 2→1 (from 4 candidates)
2026-08-18 19:29:28,620 [DEBUG] cnn_neat: Split edge 5→7, new hidden node 8 (pool=6)
2026-08-18 19:29:28,623 [DEBUG] cnn_neat: Removed hidden node 2 (pool=1)
2026-08-18 19:29:28,625 [DEBUG] cnn_neat: Added edge 5→6 (from 6 candidates)
2026-08-18 19:29:28,627 [DEBUG] cnn_neat: Split edge 4→1, new hidden node 6 (pool=3)
2026-08-18 19:29:28,629 [DEBUG] cnn_neat: Added edge 0→4 (from 3 candidates)
2026-08-18 19:29:28,631 [DEBUG] cnn_neat: Removed hidden node 5 (pool=1)
2026-08-18 19:29:28,633 [DEBUG] cnn_neat: Removed edge 5→1 (from 3 candidates)
2026-08-18 19:29:28,635 [DEBUG] cnn_neat: Removed 2 edges (requested 3)
2026-08-18 19:29:28,637 [DEBUG] cnn_neat: Split edge 4→1, new hidden node 6 (pool=4)
2026-08-18 19:29:28,640 [DEBUG] cnn_neat: Added edge 0→5 (from 3 candidates)
2026-08-18 19:29:28,649 [DEBUG] cnn_neat: Split edge 0→4, new hidden node 7 (pool=7)
2026-08-18 19:29:28,651 [DEBUG] cnn_neat: Removed hidden node 3 (pool=2)
2026-08-18 19:29:28,654 [DEBUG] cnn_neat: Added edge 3→5 (from 8 candidates)
2026-08-18 19:29:28,657 [DEBUG] cnn_neat: Split edge 3→1, new hidden node 6 (pool=6)
2026-08-18 19:29:28,659 [DEBUG] cnn_neat: Added edge 2→1 (from 6 candidates)
2026-08-18 19:29:28,662 [DEBUG] cnn_neat: Removed hidden node 5 (pool=2)
2026-08-18 19:29:28,663 [DEBUG] cnn_neat: Removed edge 3→1 (from 4 candidates)
2026-08-18 19:29:28,665 [DEBUG] cnn_neat: Removed 2 edges (requested 3)
2026-08-18 19:29:28,667 [DEBUG] cnn_neat: Split edge 2→5, new hidden node 7 (pool=4)
2026-08-18 19:29:28,669 [DEBUG] cnn_neat: Split edge 4→2, new hidden node 6 (pool=3)
2026-08-18 19:29:28,671 [DEBUG] cnn_neat: Split edge 2→5, new hidden node 6 (pool=5)
2026-08-18 19:29:28,675 [DEBUG] cnn_neat: Split edge 10→1, new hidden node 11 (pool=4)
2026-08-18 19:29:28,677 [DEBUG] cnn_neat: Added edge 7→2 (from 15 candidates)
2026-08-18 19:29:28,680 [DEBUG] cnn_neat: Removed hidden node 2 (pool=5)
2026-08-18 19:29:28,684 [DEBUG] cnn_neat: Removed edge 2→3 (from 8 candidates)
2026-08-18 19:29:28,694 [DEBUG] cnn_neat: Removed 3 edges (requested 3)
2026-08-18 19:29:28,697 [DEBUG] cnn_neat: Split edge 10→1, new hidden node 11 (pool=7)
2026-08-18 19:29:28,701 [DEBUG] cnn_neat: Split edge 0→4, new hidden node 11 (pool=5)
2026-08-18 19:29:28,705 [DEBUG] cnn_neat: Split edge 0→1, new hidden node 4 (pool=1)
2026-08-18 19:29:28,711 [DEBUG] cnn_neat: Removed hidden node 3 (pool=1)
2026-08-18 19:29:28,712 [DEBUG] cnn_neat: Removed edge 0→3 (from 3 candidates)
2026-08-18 19:29:28,715 [DEBUG] cnn_neat: Removed 2 edges (requested 3)
2026-08-18 19:29:28,716 [DEBUG] cnn_neat: Split edge 3→1, new hidden node 4 (pool=2)
2026-08-18 19:29:28,719 [DEBUG] cnn_neat: Added edge 0→3 (from 1 candidates)
2026-08-18 19:29:28,720 [DEBUG] cnn_neat: Split edge 3→4, new hidden node 5 (pool=3)
2026-08-18 19:29:28,724 [DEBUG] cnn_neat: Removed hidden node 3 (pool=1)
2026-08-18 19:29:28,724 [DEBUG] cnn_neat: Added edge 3→1 (from 2 candidates)
2026-08-18 19:29:28,726 [DEBUG] cnn_neat: Split edge 3→5, new hidden node 6 (pool=4)
2026-08-18 19:29:28,726 [DEBUG] cnn_neat: Removed edge 3→1 (from 1 candidates)
2026-08-18 19:29:28,728 [DEBUG] cnn_neat: Removed hidden node 4 (pool=2)
2026-08-18 19:29:28,728 [DEBUG] cnn_neat: Added edge 3→4 (from 4 candidates)
2026-08-18 19:29:28,732 [DEBUG] cnn_neat: Split edge 2→3, new hidden node 6 (pool=7)
2026-08-18 19:29:28,735 [DEBUG] cnn_neat: Added edge 0→4 (from 3 candidates)
2026-08-18 19:29:28,740 [DEBUG] cnn_neat: Removed hidden node 3 (pool=4)
2026-08-18 19:29:28,743 [DEBUG] cnn_neat: Removed edge 2→3 (from 10 candidates)
2026-08-18 19:29:28,747 [DEBUG] cnn_neat: Removed 3 edges (requested 3)
2026-08-18 19:29:28,752 [DEBUG] cnn_neat: Split edge 5→3, new hidden node 7 (pool=5)
2026-08-18 19:29:28,763 [DEBUG] cnn_neat: Split edge 0→4, new hidden node 5 (pool=4)
2026-08-18 19:29:28,764 [DEBUG] cnn_neat: Added edge 4→3 (from 4 candidates)
2026-08-18 19:29:28,769 [DEBUG] cnn_neat: Split edge 6→1, new hidden node 7 (pool=3)
2026-08-18 19:29:28,771 [DEBUG] cnn_neat: Added edge 5→1 (from 6 candidates)
2026-08-18 19:29:28,775 [DEBUG] cnn_neat: Removed hidden node 4 (pool=2)
2026-08-18 19:29:28,776 [DEBUG] cnn_neat: Removed edge 3→4 (from 4 candidates)
2026-08-18 19:29:28,779 [DEBUG] cnn_neat: Removed 3 edges (requested 3)
2026-08-18 19:29:28,780 [DEBUG] cnn_neat: Split edge 6→1, new hidden node 7 (pool=4)
2026-08-18 19:29:28,781 [DEBUG] cnn_neat: Split edge 0→3, new hidden node 7 (pool=5)
2026-08-18 19:29:28,782 [DEBUG] cnn_neat: Added edge 3→5 (from 6 candidates)
2026-08-18 19:29:28,784 [DEBUG] cnn_neat: Added edge 0→4 (from 11 candidates)
2026-08-18 19:29:28,787 [DEBUG] cnn_neat: Split edge 4→3, new hidden node 6 (pool=5)
2026-08-18 19:29:28,788 [DEBUG] cnn_neat: Added edge 0→5 (from 4 candidates)
2026-08-18 19:29:28,791 [DEBUG] cnn_neat: Removed hidden node 4 (pool=1)
2026-08-18 19:29:28,792 [DEBUG] cnn_neat: Removed edge 0→3 (from 3 candidates)
2026-08-18 19:29:28,794 [DEBUG] cnn_neat: Removed 2 edges (requested 3)
2026-08-18 19:29:28,796 [DEBUG] cnn_neat: Split edge 0→4, new hidden node 7 (pool=6)
2026-08-18 19:29:28,798 [DEBUG] cnn_neat: Split edge 5→1, new hidden node 6 (pool=4)
2026-08-18 19:29:28,802 [DEBUG] cnn_neat: Added edge 3→1 (from 8 candidates)
2026-08-18 19:29:28,804 [DEBUG] cnn_neat: Added edge 4→5 (from 4 candidates)
2026-08-18 19:29:28,807 [DEBUG] cnn_neat: Split edge 0→4, new hidden node 7 (pool=5)
2026-08-18 19:29:28,809 [DEBUG] cnn_neat: Added edge 6→1 (from 6 candidates)
2026-08-18 19:29:28,813 [DEBUG] cnn_neat: Split edge 4→5, new hidden node 7 (pool=4)
2026-08-18 19:29:28,815 [DEBUG] cnn_neat: Added edge 0→4 (from 9 candidates)
2026-08-18 19:29:28,817 [DEBUG] cnn_neat: Added edge 5→2 (from 5 candidates)
2026-08-18 19:29:28,819 [DEBUG] cnn_neat: Split edge 6→1, new hidden node 8 (pool=1)
2026-08-18 19:29:28,822 [DEBUG] cnn_neat: Split edge 2→4, new hidden node 5 (pool=5)
2026-08-18 19:29:28,824 [DEBUG] cnn_neat: Added edge 2→3 (from 4 candidates)
2026-08-18 19:29:28,826 [DEBUG] cnn_neat: Removed hidden node 2 (pool=1)
2026-08-18 19:29:28,828 [DEBUG] cnn_neat: Removed edge 0→2 (from 3 candidates)
2026-08-18 19:29:28,830 [DEBUG] cnn_neat: Removed 2 edges (requested 3)
2026-08-18 19:29:28,836 [DEBUG] cnn_neat: Split edge 0→2, new hidden node 6 (pool=6)
2026-08-18 19:29:28,842 [DEBUG] cnn_neat: Split edge 2→4, new hidden node 5 (pool=6)
2026-08-18 19:29:28,847 [DEBUG] cnn_neat: Split edge 10→1, new hidden node 11 (pool=3)
2026-08-18 19:29:28,849 [DEBUG] cnn_neat: Added edge 4→7 (from 16 candidates)
2026-08-18 19:29:28,852 [DEBUG] cnn_neat: Removed hidden node 2 (pool=5)
2026-08-18 19:29:28,854 [DEBUG] cnn_neat: Removed edge 3→1 (from 7 candidates)
2026-08-18 19:29:28,858 [DEBUG] cnn_neat: Removed 3 edges (requested 3)
2026-08-18 19:29:28,860 [DEBUG] cnn_neat: Split edge 7→10, new hidden node 12 (pool=8)
2026-08-18 19:29:28,862 [DEBUG] cnn_neat: Split edge 7→10, new hidden node 11 (pool=4)
2026-08-18 19:29:28,865 [DEBUG] cnn_neat: Split edge 2→1, new hidden node 5 (pool=3)
2026-08-18 19:29:28,866 [DEBUG] cnn_neat: Added edge 0→2 (from 3 candidates)
2026-08-18 19:29:28,869 [DEBUG] cnn_neat: Removed hidden node 3 (pool=1)
2026-08-18 19:29:28,870 [DEBUG] cnn_neat: Removed edge 2→1 (from 3 candidates)
2026-08-18 19:29:28,872 [DEBUG] cnn_neat: Removed 2 edges (requested 3)
2026-08-18 19:29:28,877 [DEBUG] cnn_neat: Split edge 5→1, new hidden node 6 (pool=3)
2026-08-18 19:29:28,881 [DEBUG] cnn_neat: Added edge 2→1 (from 2 candidates)
2026-08-18 19:29:28,887 [DEBUG] cnn_neat: Split edge 4→2, new hidden node 8 (pool=6)
2026-08-18 19:29:28,888 [DEBUG] cnn_neat: Added edge 2→1 (from 15 candidates)
2026-08-18 19:29:28,891 [DEBUG] cnn_neat: Removed hidden node 4 (pool=2)
2026-08-18 19:29:28,893 [DEBUG] cnn_neat: Removed edge 4→2 (from 2 candidates)
2026-08-18 19:29:28,895 [DEBUG] cnn_neat: Removed 2 edges (requested 3)
2026-08-18 19:29:28,896 [DEBUG] cnn_neat: Split edge 5→1, new hidden node 9 (pool=4)
2026-08-18 19:29:28,898 [DEBUG] cnn_neat: Split edge 4→2, new hidden node 8 (pool=5)
2026-08-18 19:29:28,902 [DEBUG] cnn_neat: Split edge 0→3, new hidden node 6 (pool=9)
2026-08-18 19:29:28,904 [DEBUG] cnn_neat: Added edge 0→1 (from 1 candidates)
2026-08-18 19:29:28,908 [DEBUG] cnn_neat: Removed hidden node 3 (pool=3)
2026-08-18 19:29:28,910 [DEBUG] cnn_neat: Removed edge 3→4 (from 9 candidates)
2026-08-18 19:29:28,913 [DEBUG] cnn_neat: Removed 3 edges (requested 3)
2026-08-18 19:29:28,916 [DEBUG] cnn_neat: Split edge 4→5, new hidden node 7 (pool=5)
2026-08-18 19:29:28,917 [DEBUG] cnn_neat: Split edge 0→5, new hidden node 6 (pool=5)
2026-08-18 19:29:29,024 [DEBUG] cnn_neat: Split edge 0→2, new hidden node 6 (pool=6)
2026-08-18 19:29:29,027 [DEBUG] cnn_neat: Added edge 0→4 (from 4 candidates)
2026-08-18 19:29:29,031 [DEBUG] cnn_neat: Removed hidden node 3 (pool=4)
2026-08-18 19:29:29,033 [DEBUG] cnn_neat: Removed edge 2→5 (from 10 candidates)
2026-08-18 19:29:29,036 [DEBUG] cnn_neat: Removed 3 edges (requested 3)
2026-08-18 19:29:29,039 [DEBUG] cnn_neat: Split edge 3→2, new hidden node 7 (pool=5)
2026-08-18 19:29:29,042 [DEBUG] cnn_neat: Split edge 4→1, new hidden node 6 (pool=10)
2026-08-18 19:29:29,045 [DEBUG] cnn_neat: Split edge 0→4, new hidden node 5 (pool=2)
2026-08-18 19:29:29,046 [DEBUG] cnn_neat: Added edge 0→1 (from 1 candidates)
2026-08-18 19:29:29,049 [DEBUG] cnn_neat: Split edge 5→4, new hidden node 6 (pool=3)
2026-08-18 19:29:29,050 [DEBUG] cnn_neat: Split edge 0→1, new hidden node 5 (pool=1)
2026-08-18 19:29:29,051 [DEBUG] cnn_neat: Added edge 0→4 (from 2 candidates)
2026-08-18 19:29:29,053 [DEBUG] cnn_neat: Split edge 4→1, new hidden node 7 (pool=4)
2026-08-18 19:29:29,056 [DEBUG] cnn_neat: Split edge 2→5, new hidden node 7 (pool=4)
2026-08-18 19:29:29,056 [DEBUG] cnn_neat: Added edge 0→6 (from 13 candidates)
2026-08-18 19:29:29,059 [DEBUG] cnn_neat: Removed hidden node 6 (pool=2)
2026-08-18 19:29:29,060 [DEBUG] cnn_neat: Removed edge 6→4 (from 1 candidates)
2026-08-18 19:29:29,062 [DEBUG] cnn_neat: Removed 1 edges (requested 3)
2026-08-18 19:29:29,063 [DEBUG] cnn_neat: Split edge 2→7, new hidden node 8 (pool=5)
2026-08-18 19:29:29,068 [DEBUG] cnn_neat: Split edge 0→6, new hidden node 7 (pool=5)
2026-08-18 19:29:29,072 [DEBUG] cnn_neat: Added edge 6→7 (from 19 candidates)
2026-08-18 19:29:29,075 [DEBUG] cnn_neat: Added edge 4→5 (from 13 candidates)
2026-08-18 19:29:29,083 [DEBUG] cnn_neat: Split edge 0→2, new hidden node 6 (pool=4)
2026-08-18 19:29:29,088 [DEBUG] cnn_neat: Added edge 0→3 (from 13 candidates)
2026-08-18 19:29:29,090 [DEBUG] cnn_neat: Removed hidden node 4 (pool=2)
2026-08-18 19:29:29,093 [DEBUG] cnn_neat: Removed edge 3→4 (from 1 candidates)
2026-08-18 19:29:29,097 [DEBUG] cnn_neat: Removed 1 edges (requested 3)
2026-08-18 19:29:29,099 [DEBUG] cnn_neat: Split edge 0→6, new hidden node 7 (pool=5)
2026-08-18 19:29:29,101 [DEBUG] cnn_neat: Split edge 0→3, new hidden node 6 (pool=5)
2026-08-18 19:29:29,103 [DEBUG] cnn_neat: Added edge 3→5 (from 19 candidates)
2026-08-18 19:29:29,106 [DEBUG] cnn_neat: Added edge 2→3 (from 13 candidates)
2026-08-18 19:29:29,112 [DEBUG] cnn_neat: Split edge 2→5, new hidden node 7 (pool=5)
2026-08-18 19:29:29,118 [DEBUG] cnn_neat: Added edge 0→6 (from 9 candidates)
2026-08-18 19:29:29,127 [DEBUG] cnn_neat: Removed hidden node 6 (pool=2)
2026-08-18 19:29:29,132 [DEBUG] cnn_neat: Removed edge 6→2 (from 2 candidates)
2026-08-18 19:29:29,134 [DEBUG] cnn_neat: Removed 2 edges (requested 3)
2026-08-18 19:29:29,136 [DEBUG] cnn_neat: Split edge 4→6, new hidden node 8 (pool=6)
2026-08-18 19:29:29,138 [DEBUG] cnn_neat: Split edge 6→2, new hidden node 7 (pool=6)
2026-08-18 19:29:29,139 [DEBUG] cnn_neat: Split edge 5→1, new hidden node 7 (pool=4)
2026-08-18 19:29:29,145 [DEBUG] cnn_neat: Split edge 0→3, new hidden node 7 (pool=5)
2026-08-18 19:29:29,147 [DEBUG] cnn_neat: Added edge 6→1 (from 13 candidates)
2026-08-18 19:29:29,149 [DEBUG] cnn_neat: Removed hidden node 6 (pool=2)
2026-08-18 19:29:29,150 [DEBUG] cnn_neat: Removed edge 3→6 (from 2 candidates)
2026-08-18 19:29:29,152 [DEBUG] cnn_neat: Removed 2 edges (requested 3)
2026-08-18 19:29:29,153 [DEBUG] cnn_neat: Split edge 5→1, new hidden node 8 (pool=3)
2026-08-18 19:29:29,155 [DEBUG] cnn_neat: Split edge 0→3, new hidden node 7 (pool=6)
2026-08-18 19:29:29,156 [DEBUG] cnn_neat: Split edge 5→1, new hidden node 6 (pool=4)
2026-08-18 19:29:29,159 [DEBUG] cnn_neat: Split edge 5→1, new hidden node 7 (pool=3)
2026-08-18 19:29:29,160 [DEBUG] cnn_neat: Added edge 4→1 (from 13 candidates)
2026-08-18 19:29:29,163 [DEBUG] cnn_neat: Removed hidden node 4 (pool=3)
2026-08-18 19:29:29,164 [DEBUG] cnn_neat: Removed edge 6→4 (from 3 candidates)
2026-08-18 19:29:29,166 [DEBUG] cnn_neat: Removed 3 edges (requested 3)
2026-08-18 19:29:29,167 [DEBUG] cnn_neat: Split edge 5→7, new hidden node 8 (pool=4)
2026-08-18 19:29:29,169 [DEBUG] cnn_neat: Split edge 0→2, new hidden node 7 (pool=3)
2026-08-18 19:29:29,170 [DEBUG] cnn_neat: Split edge 5→1, new hidden node 7 (pool=3)
2026-08-18 19:29:29,173 [DEBUG] cnn_neat: Split edge 0→2, new hidden node 7 (pool=6)
2026-08-18 19:29:29,174 [DEBUG] cnn_neat: Added edge 4→5 (from 20 candidates)
2026-08-18 19:29:29,176 [DEBUG] cnn_neat: Removed hidden node 3 (pool=3)
2026-08-18 19:29:29,177 [DEBUG] cnn_neat: Removed edge 0→3 (from 3 candidates)
2026-08-18 19:29:29,183 [DEBUG] cnn_neat: Removed 3 edges (requested 3)
2026-08-18 19:29:29,184 [DEBUG] cnn_neat: Split edge 4→2, new hidden node 8 (pool=7)
2026-08-18 19:29:29,186 [DEBUG] cnn_neat: Split edge 5→1, new hidden node 7 (pool=7)
2026-08-18 19:29:29,187 [DEBUG] cnn_neat: Added edge 5→3 (from 27 candidates)
2026-08-18 19:29:29,189 [DEBUG] cnn_neat: Added edge 4→1 (from 19 candidates)
2026-08-18 19:29:29,191 [DEBUG] cnn_neat: Split edge 0→1, new hidden node 5 (pool=1)
2026-08-18 19:29:29,192 [DEBUG] cnn_neat: Added edge 4→1 (from 1 candidates)
2026-08-18 19:29:29,194 [DEBUG] cnn_neat: Removed hidden node 4 (pool=1)
2026-08-18 19:29:29,194 [DEBUG] cnn_neat: Removed edge 0→4 (from 1 candidates)
2026-08-18 19:29:29,195 [DEBUG] cnn_neat: Removed 1 edges (requested 3)
2026-08-18 19:29:29,198 [DEBUG] cnn_neat: Split edge 0→1, new hidden node 5 (pool=1)
2026-08-18 19:29:29,202 [DEBUG] cnn_neat: Removed hidden node 4 (pool=1)
2026-08-18 19:29:29,206 [DEBUG] cnn_neat: Removed edge 0→4 (from 3 candidates)
2026-08-18 19:29:29,209 [DEBUG] cnn_neat: Removed 2 edges (requested 3)
2026-08-18 19:29:29,215 [DEBUG] cnn_neat: Split edge 2→4, new hidden node 5 (pool=4)
2026-08-18 19:29:29,217 [DEBUG] cnn_neat: Added edge 0→3 (from 4 candidates)
2026-08-18 19:29:29,221 [DEBUG] cnn_neat: Split edge 2→1, new hidden node 6 (pool=4)
2026-08-18 19:29:29,222 [DEBUG] cnn_neat: Added edge 0→2 (from 4 candidates)
2026-08-18 19:29:29,226 [DEBUG] cnn_neat: Split edge 2→1, new hidden node 6 (pool=2)
2026-08-18 19:29:29,228 [DEBUG] cnn_neat: Added edge 5→2 (from 4 candidates)
2026-08-18 19:29:29,229 [DEBUG] cnn_neat: Split edge 4→2, new hidden node 7 (pool=6)
2026-08-18 19:29:29,232 [DEBUG] cnn_neat: Removed hidden node 5 (pool=2)
2026-08-18 19:29:29,234 [DEBUG] cnn_neat: Added edge 2→1 (from 8 candidates)
2026-08-18 19:29:29,236 [DEBUG] cnn_neat: Split edge 2→6, new hidden node 8 (pool=3)
2026-08-18 19:29:29,238 [DEBUG] cnn_neat: Split edge 0→1, new hidden node 9 (pool=1)
2026-08-18 19:29:29,240 [DEBUG] cnn_neat: Added edge 4→8 (from 2 candidates)
2026-08-18 19:29:29,243 [DEBUG] cnn_neat: Removed hidden node 4 (pool=2)
2026-08-18 19:29:29,244 [DEBUG] cnn_neat: Removed edge 8→1 (from 5 candidates)
2026-08-18 19:29:29,248 [DEBUG] cnn_neat: Removed 3 edges (requested 3)
2026-08-18 19:29:29,254 [DEBUG] cnn_neat: Split edge 9→1, new hidden node 10 (pool=6)
2026-08-18 19:29:29,256 [DEBUG] cnn_neat: Split edge 0→1, new hidden node 9 (pool=1)
2026-08-18 19:29:29,355 [DEBUG] cnn_neat: Split edge 2→3, new hidden node 7 (pool=7)
2026-08-18 19:29:29,372 [DEBUG] cnn_neat: Added edge 3→5 (from 8 candidates)
2026-08-18 19:29:29,387 [DEBUG] cnn_neat: Removed hidden node 3 (pool=2)
2026-08-18 19:29:29,450 [DEBUG] cnn_neat: Removed edge 2→3 (from 4 candidates)
2026-08-18 19:29:29,458 [DEBUG] cnn_neat: Removed 2 edges (requested 3)
2026-08-18 19:29:29,466 [DEBUG] cnn_neat: Split edge 2→5, new hidden node 8 (pool=2)
2026-08-18 19:29:29,477 [DEBUG] cnn_neat: Split edge 2→5, new hidden node 7 (pool=8)
2026-08-18 19:29:29,483 [DEBUG] cnn_neat: Split edge 3→1, new hidden node 4 (pool=2)
2026-08-18 19:29:29,485 [DEBUG] cnn_neat: Added edge 0→1 (from 1 candidates)
2026-08-18 19:29:29,489 [DEBUG] cnn_neat: Split edge 3→1, new hidden node 5 (pool=3)
2026-08-18 19:29:29,494 [DEBUG] cnn_neat: Added edge 0→4 (from 3 candidates)
2026-08-18 19:29:29,497 [DEBUG] cnn_neat: Removed hidden node 4 (pool=1)
2026-08-18 19:29:29,499 [DEBUG] cnn_neat: Removed edge 4→3 (from 1 candidates)
2026-08-18 19:29:29,501 [DEBUG] cnn_neat: Removed 1 edges (requested 3)
2026-08-18 19:29:29,503 [DEBUG] cnn_neat: Split edge 0→4, new hidden node 5 (pool=3)
2026-08-18 19:29:29,504 [DEBUG] cnn_neat: Added edge 4→1 (from 2 candidates)
2026-08-18 19:29:29,550 [DEBUG] cnn_neat: Split edge 5→2, new hidden node 6 (pool=4)
2026-08-18 19:29:29,610 [DEBUG] cnn_neat: Added edge 4→3 (from 5 candidates)
2026-08-18 19:29:29,622 [DEBUG] cnn_neat: Removed hidden node 3 (pool=1)
2026-08-18 19:29:29,697 [DEBUG] cnn_neat: Removed edge 3→1 (from 3 candidates)
2026-08-18 19:29:29,722 [DEBUG] cnn_neat: Removed 2 edges (requested 3)
2026-08-18 19:29:29,728 [DEBUG] cnn_neat: Split edge 0→4, new hidden node 6 (pool=3)
2026-08-18 19:29:29,822 [DEBUG] cnn_neat: Added edge 0→2 (from 5 candidates)
2026-08-18 19:29:29,828 [DEBUG] cnn_neat: Split edge 3→1, new hidden node 7 (pool=4)
2026-08-18 19:29:29,834 [DEBUG] cnn_neat: Removed hidden node 5 (pool=3)
2026-08-18 19:29:29,840 [DEBUG] cnn_neat: Added edge 4→2 (from 7 candidates)
2026-08-18 19:29:29,844 [DEBUG] cnn_neat: Split edge 4→2, new hidden node 5 (pool=3)
2026-08-18 19:29:29,846 [DEBUG] cnn_neat: Added edge 0→3 (from 3 candidates)
2026-08-18 19:29:29,848 [DEBUG] cnn_neat: Removed hidden node 3 (pool=1)
2026-08-18 19:29:29,849 [DEBUG] cnn_neat: Removed edge 3→1 (from 3 candidates)
2026-08-18 19:29:29,851 [DEBUG] cnn_neat: Removed 2 edges (requested 3)
2026-08-18 19:29:29,853 [DEBUG] cnn_neat: Split edge 5→1, new hidden node 6 (pool=3)
2026-08-18 19:29:29,855 [DEBUG] cnn_neat: Added edge 0→5 (from 2 candidates)
2026-08-18 19:29:29,859 [DEBUG] cnn_neat: Split edge 3→1, new hidden node 5 (pool=4)
2026-08-18 19:29:29,861 [DEBUG] cnn_neat: Added edge 2→1 (from 4 candidates)
2026-08-18 19:29:29,882 [DEBUG] cnn_neat: Split edge 2→1, new hidden node 6 (pool=2)
2026-08-18 19:29:29,887 [DEBUG] cnn_neat: Added edge 0→5 (from 1 candidates)
2026-08-18 19:29:29,894 [DEBUG] cnn_neat: Removed hidden node 5 (pool=1)
2026-08-18 19:29:29,904 [DEBUG] cnn_neat: Removed edge 5→1 (from 3 candidates)
2026-08-18 19:29:29,910 [DEBUG] cnn_neat: Removed 2 edges (requested 3)
2026-08-18 19:29:29,912 [DEBUG] cnn_neat: Split edge 2→6, new hidden node 7 (pool=5)
2026-08-18 19:29:29,913 [DEBUG] cnn_neat: Split edge 0→2, new hidden node 6 (pool=2)
2026-08-18 19:29:29,915 [DEBUG] cnn_neat: Added edge 6→5 (from 5 candidates)
2026-08-18 19:29:29,916 [DEBUG] cnn_neat: Added edge 5→1 (from 2 candidates)
2026-08-18 19:29:29,918 [DEBUG] cnn_neat: Split edge 0→2, new hidden node 8 (pool=3)
2026-08-18 19:29:29,923 [DEBUG] cnn_neat: Split edge 5→1, new hidden node 7 (pool=5)
2026-08-18 19:29:29,928 [DEBUG] cnn_neat: Added edge 0→4 (from 8 candidates)
2026-08-18 19:29:29,969 [DEBUG] cnn_neat: Removed hidden node 4 (pool=1)
2026-08-18 19:29:29,983 [DEBUG] cnn_neat: Removed edge 4→2 (from 1 candidates)
2026-08-18 19:29:29,990 [DEBUG] cnn_neat: Removed 1 edges (requested 3)
2026-08-18 19:29:29,995 [DEBUG] cnn_neat: Split edge 2→6, new hidden node 8 (pool=6)
2026-08-18 19:29:29,997 [DEBUG] cnn_neat: Split edge 6→5, new hidden node 7 (pool=6)
2026-08-18 19:29:29,999 [DEBUG] cnn_neat: Added edge 2→7 (from 11 candidates)
2026-08-18 19:29:30,001 [DEBUG] cnn_neat: Added edge 2→5 (from 6 candidates)
2026-08-18 19:29:30,003 [DEBUG] cnn_neat: Split edge 0→1, new hidden node 5 (pool=1)
2026-08-18 19:29:30,004 [DEBUG] cnn_neat: Added edge 4→1 (from 1 candidates)
2026-08-18 19:29:30,005 [DEBUG] cnn_neat: Removed hidden node 4 (pool=1)
2026-08-18 19:29:30,006 [DEBUG] cnn_neat: Removed edge 0→4 (from 1 candidates)
2026-08-18 19:29:30,007 [DEBUG] cnn_neat: Removed 1 edges (requested 3)
2026-08-18 19:29:30,010 [DEBUG] cnn_neat: Split edge 0→1, new hidden node 5 (pool=1)
2026-08-18 19:29:30,012 [DEBUG] cnn_neat: Removed hidden node 4 (pool=1)
2026-08-18 19:29:30,013 [DEBUG] cnn_neat: Removed edge 0→4 (from 3 candidates)
2026-08-18 19:29:30,014 [DEBUG] cnn_neat: Removed 1 edges (requested 3)
2026-08-18 19:29:30,016 [DEBUG] cnn_neat: Split edge 0→2, new hidden node 5 (pool=4)
2026-08-18 19:29:30,017 [DEBUG] cnn_neat: Added edge 4→1 (from 4 candidates)
2026-08-18 19:29:30,021 [DEBUG] cnn_neat: Split edge 2→4, new hidden node 5 (pool=3)
2026-08-18 19:29:30,023 [DEBUG] cnn_neat: Added edge 2→3 (from 3 candidates)
2026-08-18 19:29:30,025 [DEBUG] cnn_neat: Split edge 2→5, new hidden node 6 (pool=4)
2026-08-18 19:29:30,027 [DEBUG] cnn_neat: Removed hidden node 3 (pool=1)
2026-08-18 19:29:30,029 [DEBUG] cnn_neat: Added edge 5→3 (from 5 candidates)
2026-08-18 19:29:30,036 [DEBUG] cnn_neat: Split edge 5→1, new hidden node 8 (pool=3)
2026-08-18 19:29:30,075 [DEBUG] cnn_neat: Added edge 7→2 (from 13 candidates)
2026-08-18 19:29:30,083 [DEBUG] cnn_neat: Removed hidden node 6 (pool=3)
2026-08-18 19:29:30,121 [DEBUG] cnn_neat: Removed edge 6→7 (from 3 candidates)
2026-08-18 19:29:30,202 [DEBUG] cnn_neat: Removed 3 edges (requested 3)
2026-08-18 19:29:30,205 [DEBUG] cnn_neat: Split edge 0→2, new hidden node 9 (pool=4)
2026-08-18 19:29:30,209 [DEBUG] cnn_neat: Split edge 2→5, new hidden node 8 (pool=3)
2026-08-18 19:29:30,214 [DEBUG] cnn_neat: Split edge 2→5, new hidden node 8 (pool=5)
2026-08-18 19:29:30,261 [DEBUG] cnn_neat: Split edge 4→2, new hidden node 6 (pool=4)
2026-08-18 19:29:30,268 [DEBUG] cnn_neat: Added edge 3→5 (from 8 candidates)
2026-08-18 19:29:30,279 [DEBUG] cnn_neat: Removed hidden node 3 (pool=3)
2026-08-18 19:29:30,412 [DEBUG] cnn_neat: Removed edge 2→1 (from 5 candidates)
2026-08-18 19:29:30,437 [DEBUG] cnn_neat: Removed 3 edges (requested 3)
2026-08-18 19:29:30,445 [DEBUG] cnn_neat: Split edge 2→1, new hidden node 7 (pool=2)
2026-08-18 19:29:30,447 [DEBUG] cnn_neat: Split edge 0→2, new hidden node 6 (pool=5)
2026-08-18 19:29:30,451 [DEBUG] cnn_neat: Split edge 0→2, new hidden node 5 (pool=3)
2026-08-18 19:29:30,453 [DEBUG] cnn_neat: Split edge 3→1, new hidden node 4 (pool=2)
2026-08-18 19:29:30,454 [DEBUG] cnn_neat: Added edge 0→1 (from 1 candidates)
2026-08-18 19:29:30,458 [DEBUG] cnn_neat: Split edge 3→1, new hidden node 5 (pool=3)
2026-08-18 19:29:30,459 [DEBUG] cnn_neat: Added edge 0→1 (from 3 candidates)
2026-08-18 19:29:30,461 [DEBUG] cnn_neat: Removed hidden node 4 (pool=1)
2026-08-18 19:29:30,462 [DEBUG] cnn_neat: Removed edge 4→3 (from 1 candidates)
2026-08-18 19:29:30,462 [DEBUG] cnn_neat: Removed 1 edges (requested 3)
2026-08-18 19:29:30,464 [DEBUG] cnn_neat: Split edge 0→1, new hidden node 5 (pool=2)
2026-08-18 19:29:30,465 [DEBUG] cnn_neat: Added edge 4→1 (from 2 candidates)
2026-08-18 19:29:30,466 [DEBUG] cnn_neat: Split edge 4→3, new hidden node 6 (pool=5)
2026-08-18 19:29:30,468 [DEBUG] cnn_neat: Removed hidden node 3 (pool=2)
2026-08-18 19:29:30,469 [DEBUG] cnn_neat: Added edge 5→3 (from 7 candidates)
2026-08-18 19:29:30,470 [DEBUG] cnn_neat: Split edge 0→1, new hidden node 5 (pool=3)
2026-08-18 19:29:30,473 [DEBUG] cnn_neat: Split edge 2→1, new hidden node 5 (pool=3)
2026-08-18 19:29:30,474 [DEBUG] cnn_neat: Added edge 4→1 (from 2 candidates)
2026-08-18 19:29:30,543 [DEBUG] cnn_neat: Split edge 4→1, new hidden node 5 (pool=2)
2026-08-18 19:29:30,557 [DEBUG] cnn_neat: Added edge 0→4 (from 1 candidates)
2026-08-18 19:29:30,560 [DEBUG] cnn_neat: Removed hidden node 4 (pool=1)
2026-08-18 19:29:30,561 [DEBUG] cnn_neat: Removed edge 4→1 (from 1 candidates)
2026-08-18 19:29:30,562 [DEBUG] cnn_neat: Removed 1 edges (requested 3)
2026-08-18 19:29:30,564 [DEBUG] cnn_neat: Split edge 4→5, new hidden node 6 (pool=3)
2026-08-18 19:29:30,565 [DEBUG] cnn_neat: Added edge 0→5 (from 2 candidates)
2026-08-18 19:29:30,567 [DEBUG] cnn_neat: Split edge 5→1, new hidden node 7 (pool=4)
2026-08-18 19:29:30,568 [DEBUG] cnn_neat: Removed hidden node 4 (pool=2)
2026-08-18 19:29:30,569 [DEBUG] cnn_neat: Added edge 0→5 (from 4 candidates)
2026-08-18 19:29:30,605 [DEBUG] cnn_neat: Split edge 4→3, new hidden node 6 (pool=5)
2026-08-18 19:29:30,612 [DEBUG] cnn_neat: Added edge 0→4 (from 6 candidates)
2026-08-18 19:29:30,627 [DEBUG] cnn_neat: Split edge 0→4, new hidden node 6 (pool=6)
2026-08-18 19:29:30,632 [DEBUG] cnn_neat: Added edge 4→3 (from 9 candidates)
2026-08-18 19:29:30,636 [DEBUG] cnn_neat: Added edge 5→1 (from 8 candidates)
2026-08-18 19:29:30,638 [DEBUG] cnn_neat: Split edge 2→4, new hidden node 7 (pool=7)
2026-08-18 19:29:30,641 [DEBUG] cnn_neat: Split edge 2→1, new hidden node 5 (pool=3)
2026-08-18 19:29:30,643 [DEBUG] cnn_neat: Added edge 4→3 (from 3 candidates)
2026-08-18 19:29:30,649 [DEBUG] cnn_neat: Removed hidden node 3 (pool=1)
2026-08-18 19:29:30,652 [DEBUG] cnn_neat: Removed edge 2→3 (from 3 candidates)
2026-08-18 19:29:30,657 [DEBUG] cnn_neat: Removed 2 edges (requested 3)
2026-08-18 19:29:30,660 [DEBUG] cnn_neat: Split edge 3→1, new hidden node 5 (pool=4)
2026-08-18 19:29:30,664 [DEBUG] cnn_neat: Added edge 2→3 (from 7 candidates)
2026-08-18 19:29:30,667 [DEBUG] cnn_neat: Split edge 0→4, new hidden node 6 (pool=5)
2026-08-18 19:29:30,673 [DEBUG] cnn_neat: Removed hidden node 3 (pool=1)
2026-08-18 19:29:30,677 [DEBUG] cnn_neat: Added edge 4→1 (from 12 candidates)
2026-08-18 19:29:30,681 [DEBUG] cnn_neat: Split edge 3→5, new hidden node 7 (pool=6)
2026-08-18 19:29:30,682 [DEBUG] cnn_neat: Removed edge 3→1 (from 1 candidates)
2026-08-18 19:29:30,684 [DEBUG] cnn_neat: Removed hidden node 5 (pool=2)
2026-08-18 19:29:30,686 [DEBUG] cnn_neat: Added edge 0→2 (from 17 candidates)
2026-08-18 19:29:30,688 [DEBUG] cnn_neat: Split edge 0→2, new hidden node 6 (pool=3)
2026-08-18 19:29:30,690 [DEBUG] cnn_neat: Added edge 2→1 (from 2 candidates)
2026-08-18 19:29:30,694 [DEBUG] cnn_neat: Split edge 0→4, new hidden node 5 (pool=4)
2026-08-18 19:29:30,695 [DEBUG] cnn_neat: Added edge 4→3 (from 4 candidates)
2026-08-18 19:29:30,722 [DEBUG] cnn_neat: Split edge 5→4, new hidden node 6 (pool=5)
2026-08-18 19:29:30,727 [DEBUG] cnn_neat: Added edge 4→1 (from 4 candidates)
2026-08-18 19:29:30,734 [DEBUG] cnn_neat: Removed hidden node 4 (pool=1)
2026-08-18 19:29:30,738 [DEBUG] cnn_neat: Removed edge 5→2 (from 3 candidates)
2026-08-18 19:29:30,744 [DEBUG] cnn_neat: Removed 1 edges (requested 3)
2026-08-18 19:29:30,748 [DEBUG] cnn_neat: Split edge 2→1, new hidden node 7 (pool=3)
2026-08-18 19:29:30,772 [DEBUG] cnn_neat: Split edge 0→5, new hidden node 6 (pool=6)
2026-08-18 19:29:30,775 [DEBUG] cnn_neat: Added edge 6→1 (from 6 candidates)
2026-08-18 19:29:30,778 [DEBUG] cnn_neat: Added edge 5→1 (from 3 candidates)
2026-08-18 19:29:30,801 [DEBUG] cnn_neat: Split edge 0→1, new hidden node 5 (pool=1)
2026-08-18 19:29:30,804 [DEBUG] cnn_neat: Added edge 4→1 (from 1 candidates)
2026-08-18 19:29:30,805 [DEBUG] cnn_neat: Removed hidden node 4 (pool=1)
2026-08-18 19:29:30,810 [DEBUG] cnn_neat: Removed edge 0→4 (from 1 candidates)
2026-08-18 19:29:30,811 [DEBUG] cnn_neat: Removed 1 edges (requested 3)
2026-08-18 19:29:30,814 [DEBUG] cnn_neat: Split edge 0→1, new hidden node 5 (pool=1)
2026-08-18 19:29:30,818 [DEBUG] cnn_neat: Removed hidden node 4 (pool=1)
2026-08-18 19:29:30,819 [DEBUG] cnn_neat: Removed edge 0→4 (from 3 candidates)
2026-08-18 19:29:30,822 [DEBUG] cnn_neat: Removed 2 edges (requested 3)
2026-08-18 19:29:30,940 [DEBUG] cnn_neat: Split edge 4→2, new hidden node 7 (pool=6)
2026-08-18 19:29:30,943 [DEBUG] cnn_neat: Added edge 4→6 (from 11 candidates)
2026-08-18 19:29:30,948 [DEBUG] cnn_neat: Removed hidden node 3 (pool=1)
2026-08-18 19:29:30,951 [DEBUG] cnn_neat: Removed edge 2→3 (from 1 candidates)
2026-08-18 19:29:30,953 [DEBUG] cnn_neat: Removed 1 edges (requested 3)
2026-08-18 19:29:30,958 [DEBUG] cnn_neat: Split edge 4→6, new hidden node 7 (pool=5)
2026-08-18 19:29:30,961 [DEBUG] cnn_neat: Added edge 7→3 (from 15 candidates)
2026-08-18 19:29:30,964 [DEBUG] cnn_neat: Added edge 0→4 (from 10 candidates)
2026-08-18 19:29:30,967 [DEBUG] cnn_neat: Split edge 4→2, new hidden node 8 (pool=8)
2026-08-18 19:29:30,973 [DEBUG] cnn_neat: Split edge 2→3, new hidden node 7 (pool=7)
2026-08-18 19:29:30,977 [DEBUG] cnn_neat: Added edge 6→1 (from 9 candidates)
2026-08-18 19:29:30,986 [DEBUG] cnn_neat: Removed hidden node 3 (pool=1)
2026-08-18 19:29:30,988 [DEBUG] cnn_neat: Removed edge 2→3 (from 2 candidates)
2026-08-18 19:29:30,993 [DEBUG] cnn_neat: Removed 2 edges (requested 3)
2026-08-18 19:29:30,996 [DEBUG] cnn_neat: Split edge 5→3, new hidden node 8 (pool=2)
2026-08-18 19:29:30,999 [DEBUG] cnn_neat: Split edge 0→5, new hidden node 7 (pool=5)
2026-08-18 19:29:31,001 [DEBUG] cnn_neat: Split edge 5→3, new hidden node 7 (pool=6)
2026-08-18 19:29:31,007 [DEBUG] cnn_neat: Split edge 4→3, new hidden node 5 (pool=4)
2026-08-18 19:29:31,010 [DEBUG] cnn_neat: Added edge 0→1 (from 2 candidates)
2026-08-18 19:29:31,013 [DEBUG] cnn_neat: Removed hidden node 4 (pool=1)
2026-08-18 19:29:31,015 [DEBUG] cnn_neat: Removed edge 0→3 (from 3 candidates)
2026-08-18 19:29:31,017 [DEBUG] cnn_neat: Removed 1 edges (requested 3)
2026-08-18 19:29:31,022 [DEBUG] cnn_neat: Split edge 2→5, new hidden node 6 (pool=7)
2026-08-18 19:29:31,027 [DEBUG] cnn_neat: Added edge 4→3 (from 5 candidates)
2026-08-18 19:29:31,032 [DEBUG] cnn_neat: Removed hidden node 5 (pool=2)
2026-08-18 19:29:31,035 [DEBUG] cnn_neat: Removed edge 2→3 (from 5 candidates)
2026-08-18 19:29:31,043 [DEBUG] cnn_neat: Removed 3 edges (requested 3)
2026-08-18 19:29:31,046 [DEBUG] cnn_neat: Split edge 0→4, new hidden node 7 (pool=4)
2026-08-18 19:29:31,050 [DEBUG] cnn_neat: Split edge 4→3, new hidden node 6 (pool=4)
2026-08-18 19:29:31,053 [DEBUG] cnn_neat: Split edge 2→5, new hidden node 6 (pool=4)
2026-08-18 19:29:31,059 [DEBUG] cnn_neat: Split edge 0→4, new hidden node 5 (pool=6)
2026-08-18 19:29:31,062 [DEBUG] cnn_neat: Added edge 4→1 (from 3 candidates)
2026-08-18 19:29:31,067 [DEBUG] cnn_neat: Removed hidden node 2 (pool=2)
2026-08-18 19:29:31,069 [DEBUG] cnn_neat: Removed edge 3→1 (from 5 candidates)
2026-08-18 19:29:31,073 [DEBUG] cnn_neat: Removed 3 edges (requested 3)
2026-08-18 19:29:31,076 [DEBUG] cnn_neat: Split edge 3→1, new hidden node 6 (pool=7)
2026-08-18 19:29:31,080 [DEBUG] cnn_neat: Split edge 0→4, new hidden node 5 (pool=2)
2026-08-18 19:29:31,085 [DEBUG] cnn_neat: Split edge 6→2, new hidden node 7 (pool=3)
2026-08-18 19:29:31,088 [DEBUG] cnn_neat: Added edge 6→5 (from 3 candidates)
2026-08-18 19:29:31,090 [DEBUG] cnn_neat: Saved generation 2
2026-08-18 19:29:31,148 [DEBUG] cnn_neat: Selected 25 elite individuals
2026-08-18 19:29:31,153 [DEBUG] cnn_neat: Removed hidden node 5 (pool=1)
2026-08-18 19:29:31,163 [DEBUG] cnn_neat: Removed edge 5→1 (from 3 candidates)
2026-08-18 19:29:31,204 [DEBUG] cnn_neat: Removed 2 edges (requested 3)
2026-08-18 19:29:31,217 [DEBUG] cnn_neat: Split edge 7→2, new hidden node 8 (pool=4)
2026-08-18 19:29:31,229 [DEBUG] cnn_neat: Split edge 0→6, new hidden node 7 (pool=6)
2026-08-18 19:29:31,236 [DEBUG] cnn_neat: Split edge 2→1, new hidden node 7 (pool=3)
2026-08-18 19:29:31,246 [DEBUG] cnn_neat: Split edge 0→3, new hidden node 4 (pool=2)
2026-08-18 19:29:31,249 [DEBUG] cnn_neat: Added edge 0→1 (from 1 candidates)
2026-08-18 19:29:31,259 [DEBUG] cnn_neat: Split edge 0→4, new hidden node 5 (pool=3)
2026-08-18 19:29:31,267 [DEBUG] cnn_neat: Added edge 0→2 (from 2 candidates)
2026-08-18 19:29:31,277 [DEBUG] cnn_neat: Split edge 2→6, new hidden node 8 (pool=6)
2026-08-18 19:29:31,282 [DEBUG] cnn_neat: Added edge 0→6 (from 12 candidates)
2026-08-18 19:29:31,290 [DEBUG] cnn_neat: Removed hidden node 4 (pool=1)
2026-08-18 19:29:31,295 [DEBUG] cnn_neat: Removed edge 4→2 (from 1 candidates)
2026-08-18 19:29:31,300 [DEBUG] cnn_neat: Removed 1 edges (requested 3)
2026-08-18 19:29:31,305 [DEBUG] cnn_neat: Split edge 4→2, new hidden node 9 (pool=1)
2026-08-18 19:29:31,403 [DEBUG] cnn_neat: Split edge 5→1, new hidden node 8 (pool=7)
2026-08-18 19:29:31,509 [DEBUG] cnn_neat: Split edge 6→5, new hidden node 8 (pool=5)
2026-08-18 19:29:31,510 [DEBUG] cnn_neat: Split edge 0→3, new hidden node 6 (pool=2)
2026-08-18 19:29:31,512 [DEBUG] cnn_neat: Added edge 5→1 (from 4 candidates)
2026-08-18 19:29:31,514 [DEBUG] cnn_neat: Split edge 3→1, new hidden node 6 (pool=2)
2026-08-18 19:29:31,516 [DEBUG] cnn_neat: Removed hidden node 5 (pool=2)
2026-08-18 19:29:31,518 [DEBUG] cnn_neat: Removed edge 0→3 (from 4 candidates)
2026-08-18 19:29:31,519 [DEBUG] cnn_neat: Removed 1 edges (requested 3)
2026-08-18 19:29:31,521 [DEBUG] cnn_neat: Split edge 3→1, new hidden node 6 (pool=4)
2026-08-18 19:29:31,524 [DEBUG] cnn_neat: Crossover union: A_edges=5 B_added=6 dup_skipped=0 child_edges=11 nodes=8
2026-08-18 19:29:31,526 [DEBUG] cnn_neat: Added edge 5→1 (from 4 candidates)
2026-08-18 19:29:31,528 [DEBUG] cnn_neat: Added edge 0→5 (from 3 candidates)
2026-08-18 19:29:31,530 [DEBUG] cnn_neat: Added edge 4→3 (from 3 candidates)
2026-08-18 19:29:31,532 [DEBUG] cnn_neat: Added edge 4→1 (from 2 candidates)
2026-08-18 19:29:31,534 [DEBUG] cnn_neat: Added edge 0→1 (from 1 candidates)
2026-08-18 19:29:31,536 [DEBUG] cnn_neat: Split edge 0→7, new hidden node 11 (pool=4)
2026-08-18 19:29:31,539 [DEBUG] cnn_neat: Added edge 3→10 (from 8 candidates)
2026-08-18 19:29:31,543 [DEBUG] cnn_neat: Removed hidden node 10 (pool=5)
2026-08-18 19:29:31,545 [DEBUG] cnn_neat: Removed edge 10→1 (from 8 candidates)
2026-08-18 19:29:31,549 [DEBUG] cnn_neat: Removed 3 edges (requested 3)
2026-08-18 19:29:31,552 [DEBUG] cnn_neat: Crossover rejected: union topology invalid (edges=20 nodes=11)
2026-08-18 19:29:31,554 [DEBUG] cnn_neat: Split edge 2→1, new hidden node 11 (pool=4)
2026-08-18 19:29:31,558 [DEBUG] cnn_neat: Added edge 4→3 (from 8 candidates)
2026-08-18 19:29:31,560 [DEBUG] cnn_neat: Added edge 4→1 (from 10 candidates)
2026-08-18 19:29:31,563 [DEBUG] cnn_neat: Added edge 0→10 (from 9 candidates)
2026-08-18 19:29:31,566 [DEBUG] cnn_neat: Added edge 4→10 (from 8 candidates)
2026-08-18 19:29:31,569 [DEBUG] cnn_neat: Added edge 4→7 (from 7 candidates)
2026-08-18 19:29:31,572 [DEBUG] cnn_neat: Split edge 0→8, new hidden node 11 (pool=3)
2026-08-18 19:29:31,575 [DEBUG] cnn_neat: Added edge 4→9 (from 22 candidates)
2026-08-18 19:29:31,578 [DEBUG] cnn_neat: Removed hidden node 2 (pool=6)
2026-08-18 19:29:31,581 [DEBUG] cnn_neat: Removed edge 8→9 (from 9 candidates)
2026-08-18 19:29:31,585 [DEBUG] cnn_neat: Removed 3 edges (requested 3)
2026-08-18 19:29:31,587 [DEBUG] cnn_neat: Crossover union: A_edges=9 B_added=4 dup_skipped=0 child_edges=13 nodes=11
2026-08-18 19:29:31,591 [DEBUG] cnn_neat: Added edge 9→3 (from 22 candidates)
2026-08-18 19:29:31,593 [DEBUG] cnn_neat: Added edge 4→8 (from 20 candidates)
2026-08-18 19:29:31,596 [DEBUG] cnn_neat: Added edge 10→2 (from 16 candidates)
2026-08-18 19:29:31,599 [DEBUG] cnn_neat: Added edge 8→2 (from 11 candidates)
2026-08-18 19:29:31,602 [DEBUG] cnn_neat: Added edge 0→2 (from 10 candidates)
2026-08-18 19:29:31,603 [DEBUG] cnn_neat: Split edge 0→5, new hidden node 6 (pool=2)
2026-08-18 19:29:31,607 [DEBUG] cnn_neat: Added edge 3→1 (from 3 candidates)
2026-08-18 19:29:31,610 [DEBUG] cnn_neat: Removed hidden node 5 (pool=3)
2026-08-18 19:29:31,612 [DEBUG] cnn_neat: Split edge 3→4, new hidden node 5 (pool=3)
2026-08-18 19:29:31,613 [DEBUG] cnn_neat: Added edge 0→4 (from 4 candidates)
2026-08-18 19:29:31,614 [DEBUG] cnn_neat: Removed edge 0→5 (from 6 candidates)
2026-08-18 19:29:31,616 [DEBUG] cnn_neat: Split edge 4→1, new hidden node 6 (pool=3)
2026-08-18 19:29:31,618 [DEBUG] cnn_neat: Added edge 4→1 (from 6 candidates)
2026-08-18 19:29:31,620 [DEBUG] cnn_neat: Removed 3 edges (requested 3)
2026-08-18 19:29:31,623 [DEBUG] cnn_neat: Crossover rejected: union topology invalid (edges=16 nodes=9)
2026-08-18 19:29:31,624 [DEBUG] cnn_neat: Split edge 5→1, new hidden node 6 (pool=2)
2026-08-18 19:29:31,628 [DEBUG] cnn_neat: Added edge 0→4 (from 3 candidates)
2026-08-18 19:29:31,630 [DEBUG] cnn_neat: Added edge 3→1 (from 3 candidates)
2026-08-18 19:29:31,632 [DEBUG] cnn_neat: Added edge 0→1 (from 2 candidates)
2026-08-18 19:29:31,634 [DEBUG] cnn_neat: Added edge 3→5 (from 1 candidates)
2026-08-18 19:29:31,637 [DEBUG] cnn_neat: Split edge 0→1, new hidden node 6 (pool=1)
2026-08-18 19:29:31,641 [DEBUG] cnn_neat: Split edge 9→12, new hidden node 13 (pool=3)
2026-08-18 19:29:31,645 [DEBUG] cnn_neat: Added edge 3→11 (from 44 candidates)
2026-08-18 19:29:31,650 [DEBUG] cnn_neat: Removed hidden node 5 (pool=8)
2026-08-18 19:29:31,653 [DEBUG] cnn_neat: Removed edge 3→1 (from 9 candidates)
2026-08-18 19:29:31,659 [DEBUG] cnn_neat: Removed 3 edges (requested 3)
2026-08-18 19:29:31,662 [DEBUG] cnn_neat: Crossover rejected: union topology invalid (edges=19 nodes=14)
2026-08-18 19:29:31,665 [DEBUG] cnn_neat: Split edge 0→9, new hidden node 13 (pool=3)
2026-08-18 19:29:31,669 [DEBUG] cnn_neat: Added edge 2→12 (from 44 candidates)
2026-08-18 19:29:31,673 [DEBUG] cnn_neat: Added edge 4→9 (from 41 candidates)
2026-08-18 19:29:31,677 [DEBUG] cnn_neat: Added edge 0→2 (from 37 candidates)
2026-08-18 19:29:31,680 [DEBUG] cnn_neat: Added edge 10→5 (from 32 candidates)
2026-08-18 19:29:31,684 [DEBUG] cnn_neat: Added edge 9→2 (from 29 candidates)
2026-08-18 19:29:31,686 [DEBUG] cnn_neat: Split edge 3→4, new hidden node 6 (pool=3)
2026-08-18 19:29:31,687 [DEBUG] cnn_neat: Added edge 0→5 (from 4 candidates)
2026-08-18 19:29:31,690 [DEBUG] cnn_neat: Removed hidden node 5 (pool=1)
2026-08-18 19:29:31,691 [DEBUG] cnn_neat: Split edge 0→3, new hidden node 5 (pool=3)
2026-08-18 19:29:31,692 [DEBUG] cnn_neat: Removed edge 4→5 (from 1 candidates)
2026-08-18 19:29:31,694 [DEBUG] cnn_neat: Split edge 4→1, new hidden node 5 (pool=3)
2026-08-18 19:29:31,695 [DEBUG] cnn_neat: Added edge 4→1 (from 4 candidates)
2026-08-18 19:29:31,697 [DEBUG] cnn_neat: Removed hidden node 5 (pool=1)
2026-08-18 19:29:31,700 [DEBUG] cnn_neat: Split edge 3→4, new hidden node 5 (pool=3)
2026-08-18 19:29:31,702 [DEBUG] cnn_neat: Split edge 4→1, new hidden node 6 (pool=4)
2026-08-18 19:29:31,703 [DEBUG] cnn_neat: Removed 1 edges (requested 3)
2026-08-18 19:29:31,704 [DEBUG] cnn_neat: Split edge 4→1, new hidden node 5 (pool=3)
2026-08-18 19:29:31,706 [DEBUG] cnn_neat: Added edge 0→5 (from 4 candidates)
2026-08-18 19:29:31,708 [DEBUG] cnn_neat: Crossover rejected: copied edge has no live Conv2d
2026-08-18 19:29:31,709 [DEBUG] cnn_neat: Split edge 3→4, new hidden node 6 (pool=3)
2026-08-18 19:29:31,710 [DEBUG] cnn_neat: Added edge 5→1 (from 7 candidates)
2026-08-18 19:29:31,712 [DEBUG] cnn_neat: Added edge 0→5 (from 4 candidates)
2026-08-18 19:29:31,713 [DEBUG] cnn_neat: Added edge 3→5 (from 4 candidates)
2026-08-18 19:29:31,714 [DEBUG] cnn_neat: Added edge 3→1 (from 3 candidates)
2026-08-18 19:29:31,715 [DEBUG] cnn_neat: Added edge 0→4 (from 2 candidates)
2026-08-18 19:29:31,717 [DEBUG] cnn_neat: Added edge 5→1 (from 2 candidates)
2026-08-18 19:29:31,719 [DEBUG] cnn_neat: Split edge 5→1, new hidden node 6 (pool=9)
2026-08-18 19:29:31,722 [DEBUG] cnn_neat: Split edge 0→4, new hidden node 5 (pool=6)
2026-08-18 19:29:31,725 [DEBUG] cnn_neat: Split edge 3→1, new hidden node 6 (pool=7)
2026-08-18 19:29:31,727 [DEBUG] cnn_neat: Added edge 0→3 (from 7 candidates)
2026-08-18 19:29:31,729 [DEBUG] cnn_neat: Added edge 4→1 (from 3 candidates)
2026-08-18 19:29:31,730 [DEBUG] cnn_neat: Split edge 0→4, new hidden node 5 (pool=2)
2026-08-18 19:29:31,732 [DEBUG] cnn_neat: Added edge 0→2 (from 4 candidates)
2026-08-18 19:29:31,735 [DEBUG] cnn_neat: Removed hidden node 2 (pool=2)
2026-08-18 19:29:31,737 [DEBUG] cnn_neat: Split edge 0→4, new hidden node 5 (pool=3)
2026-08-18 19:29:31,738 [DEBUG] cnn_neat: Removed edge 2→3 (from 5 candidates)
2026-08-18 19:29:31,741 [DEBUG] cnn_neat: Removed 2 edges (requested 3)
2026-08-18 19:29:31,743 [DEBUG] cnn_neat: Split edge 2→3, new hidden node 5 (pool=4)
2026-08-18 19:29:31,745 [DEBUG] cnn_neat: Crossover union: A_edges=6 B_added=4 dup_skipped=0 child_edges=10 nodes=8
2026-08-18 19:29:31,747 [DEBUG] cnn_neat: Added edge 4→1 (from 3 candidates)
2026-08-18 19:29:31,749 [DEBUG] cnn_neat: Added edge 0→2 (from 2 candidates)
2026-08-18 19:29:31,751 [DEBUG] cnn_neat: Added edge 0→3 (from 1 candidates)
2026-08-18 19:29:31,754 [DEBUG] cnn_neat: Added edge 0→1 (from 1 candidates)
2026-08-18 19:29:31,758 [DEBUG] cnn_neat: Split edge 0→1, new hidden node 5 (pool=1)
2026-08-18 19:29:31,761 [DEBUG] cnn_neat: Split edge 5→3, new hidden node 6 (pool=7)
2026-08-18 19:29:31,792 [DEBUG] cnn_neat: Split edge 0→4, new hidden node 5 (pool=3)
2026-08-18 19:29:31,825 [DEBUG] cnn_neat: Added edge 0→3 (from 3 candidates)
2026-08-18 19:29:31,878 [DEBUG] cnn_neat: Removed hidden node 3 (pool=1)
2026-08-18 19:29:31,882 [DEBUG] cnn_neat: Removed edge 3→1 (from 3 candidates)
2026-08-18 19:29:31,887 [DEBUG] cnn_neat: Removed 2 edges (requested 3)
2026-08-18 19:29:31,893 [DEBUG] cnn_neat: Split edge 5→1, new hidden node 6 (pool=3)
2026-08-18 19:29:31,896 [DEBUG] cnn_neat: Added edge 2→1 (from 2 candidates)
2026-08-18 19:29:31,903 [DEBUG] cnn_neat: Split edge 0→1, new hidden node 5 (pool=1)
2026-08-18 19:29:31,906 [DEBUG] cnn_neat: Added edge 4→1 (from 1 candidates)
2026-08-18 19:29:31,909 [DEBUG] cnn_neat: Removed hidden node 4 (pool=1)
2026-08-18 19:29:31,911 [DEBUG] cnn_neat: Removed edge 0→4 (from 1 candidates)
2026-08-18 19:29:31,912 [DEBUG] cnn_neat: Removed 1 edges (requested 3)
2026-08-18 19:29:31,918 [DEBUG] cnn_neat: Split edge 0→1, new hidden node 5 (pool=1)
2026-08-18 19:29:31,924 [DEBUG] cnn_neat: Removed hidden node 4 (pool=1)
2026-08-18 19:29:32,083 [DEBUG] cnn_neat: Removed edge 4→1 (from 3 candidates)
2026-08-18 19:29:32,092 [DEBUG] cnn_neat: Removed 2 edges (requested 3)
2026-08-18 19:29:32,100 [DEBUG] cnn_neat: Split edge 0→3, new hidden node 4 (pool=2)
2026-08-18 19:29:32,105 [DEBUG] cnn_neat: Added edge 0→1 (from 1 candidates)
2026-08-18 19:29:32,155 [DEBUG] cnn_neat: Split edge 0→4, new hidden node 5 (pool=3)
2026-08-18 19:29:32,162 [DEBUG] cnn_neat: Added edge 4→1 (from 2 candidates)
2026-08-18 19:29:32,180 [DEBUG] cnn_neat: Split edge 2→5, new hidden node 7 (pool=4)
2026-08-18 19:29:32,186 [DEBUG] cnn_neat: Added edge 2→6 (from 4 candidates)
2026-08-18 19:29:32,197 [DEBUG] cnn_neat: Split edge 0→2, new hidden node 8 (pool=5)
2026-08-18 19:29:32,208 [DEBUG] cnn_neat: Split edge 2→6, new hidden node 7 (pool=5)
2026-08-18 19:29:32,211 [DEBUG] cnn_neat: Added edge 2→5 (from 6 candidates)
2026-08-18 19:29:32,213 [DEBUG] cnn_neat: Added edge 5→1 (from 4 candidates)
2026-08-18 19:29:32,218 [DEBUG] cnn_neat: Split edge 3→4, new hidden node 6 (pool=3)
2026-08-18 19:29:32,221 [DEBUG] cnn_neat: Added edge 0→5 (from 3 candidates)
2026-08-18 19:29:32,227 [DEBUG] cnn_neat: Removed hidden node 5 (pool=1)
2026-08-18 19:29:32,230 [DEBUG] cnn_neat: Removed edge 5→1 (from 3 candidates)
2026-08-18 19:29:32,234 [DEBUG] cnn_neat: Removed 2 edges (requested 3)
2026-08-18 19:29:32,239 [DEBUG] cnn_neat: Split edge 2→3, new hidden node 6 (pool=6)
2026-08-18 19:29:32,242 [DEBUG] cnn_neat: Added edge 3→5 (from 6 candidates)
2026-08-18 19:29:32,246 [DEBUG] cnn_neat: Removed hidden node 5 (pool=2)
2026-08-18 19:29:32,249 [DEBUG] cnn_neat: Removed edge 3→1 (from 4 candidates)
2026-08-18 19:29:32,252 [DEBUG] cnn_neat: Removed 2 edges (requested 3)
2026-08-18 19:29:32,258 [DEBUG] cnn_neat: Split edge 7→10, new hidden node 11 (pool=4)
2026-08-18 19:29:32,262 [DEBUG] cnn_neat: Added edge 10→4 (from 15 candidates)
2026-08-18 19:29:32,266 [DEBUG] cnn_neat: Removed hidden node 4 (pool=5)
2026-08-18 19:29:32,268 [DEBUG] cnn_neat: Removed edge 2→3 (from 8 candidates)
2026-08-18 19:29:32,272 [DEBUG] cnn_neat: Removed 3 edges (requested 3)
2026-08-18 19:29:32,277 [DEBUG] cnn_neat: Split edge 10→4, new hidden node 11 (pool=5)
2026-08-18 19:29:32,279 [DEBUG] cnn_neat: Split edge 7→10, new hidden node 11 (pool=5)
2026-08-18 19:29:32,283 [DEBUG] cnn_neat: Added edge 0→2 (from 8 candidates)
2026-08-18 19:29:32,285 [DEBUG] cnn_neat: Added edge 7→2 (from 12 candidates)
2026-08-18 19:29:32,290 [DEBUG] cnn_neat: Split edge 0→1, new hidden node 4 (pool=1)
2026-08-18 19:29:32,294 [DEBUG] cnn_neat: Removed hidden node 3 (pool=1)
2026-08-18 19:29:32,295 [DEBUG] cnn_neat: Removed edge 0→3 (from 3 candidates)
2026-08-18 19:29:32,297 [DEBUG] cnn_neat: Removed 1 edges (requested 3)
2026-08-18 19:29:32,303 [DEBUG] cnn_neat: Split edge 2→3, new hidden node 6 (pool=7)
2026-08-18 19:29:32,307 [DEBUG] cnn_neat: Added edge 4→3 (from 3 candidates)
2026-08-18 19:29:32,315 [DEBUG] cnn_neat: Removed hidden node 2 (pool=4)
2026-08-18 19:29:32,319 [DEBUG] cnn_neat: Removed edge 4→2 (from 10 candidates)
2026-08-18 19:29:32,327 [DEBUG] cnn_neat: Removed 3 edges (requested 3)
2026-08-18 19:29:32,331 [DEBUG] cnn_neat: Split edge 0→3, new hidden node 6 (pool=4)
2026-08-18 19:29:32,335 [DEBUG] cnn_neat: Split edge 2→1, new hidden node 6 (pool=7)
2026-08-18 19:29:32,338 [DEBUG] cnn_neat: Split edge 0→3, new hidden node 6 (pool=5)
2026-08-18 19:29:32,344 [DEBUG] cnn_neat: Split edge 4→2, new hidden node 5 (pool=4)
2026-08-18 19:29:32,346 [DEBUG] cnn_neat: Added edge 0→2 (from 4 candidates)
2026-08-18 19:29:32,355 [DEBUG] cnn_neat: Split edge 0→3, new hidden node 7 (pool=3)
2026-08-18 19:29:32,358 [DEBUG] cnn_neat: Added edge 4→1 (from 6 candidates)
2026-08-18 19:29:32,363 [DEBUG] cnn_neat: Removed hidden node 5 (pool=2)
2026-08-18 19:29:32,365 [DEBUG] cnn_neat: Removed edge 3→4 (from 4 candidates)
2026-08-18 19:29:32,369 [DEBUG] cnn_neat: Removed 1 edges (requested 3)
2026-08-18 19:29:32,372 [DEBUG] cnn_neat: Split edge 3→6, new hidden node 8 (pool=4)
2026-08-18 19:29:32,376 [DEBUG] cnn_neat: Split edge 4→1, new hidden node 7 (pool=4)
2026-08-18 19:29:32,379 [DEBUG] cnn_neat: Added edge 7→5 (from 9 candidates)
2026-08-18 19:29:32,383 [DEBUG] cnn_neat: Added edge 0→4 (from 5 candidates)
2026-08-18 19:29:32,388 [DEBUG] cnn_neat: Split edge 0→3, new hidden node 6 (pool=5)
2026-08-18 19:29:32,392 [DEBUG] cnn_neat: Added edge 4→5 (from 4 candidates)
2026-08-18 19:29:32,397 [DEBUG] cnn_neat: Removed hidden node 4 (pool=1)
2026-08-18 19:29:32,400 [DEBUG] cnn_neat: Removed edge 0→3 (from 3 candidates)
2026-08-18 19:29:32,403 [DEBUG] cnn_neat: Removed 2 edges (requested 3)
2026-08-18 19:29:32,407 [DEBUG] cnn_neat: Split edge 3→5, new hidden node 7 (pool=6)
2026-08-18 19:29:32,410 [DEBUG] cnn_neat: Split edge 0→3, new hidden node 6 (pool=6)
2026-08-18 19:29:32,414 [DEBUG] cnn_neat: Added edge 0→3 (from 7 candidates)
2026-08-18 19:29:32,418 [DEBUG] cnn_neat: Added edge 0→5 (from 3 candidates)
2026-08-18 19:29:32,475 [DEBUG] cnn_neat: Split edge 4→5, new hidden node 7 (pool=5)
2026-08-18 19:29:32,476 [DEBUG] cnn_neat: Added edge 6→1 (from 6 candidates)
2026-08-18 19:29:32,484 [DEBUG] cnn_neat: Added edge 0→7 (from 9 candidates)
2026-08-18 19:29:32,487 [DEBUG] cnn_neat: Split edge 4→7, new hidden node 8 (pool=7)
2026-08-18 19:29:32,492 [DEBUG] cnn_neat: Added edge 6→1 (from 9 candidates)
2026-08-18 19:29:32,494 [DEBUG] cnn_neat: Split edge 8→7, new hidden node 9 (pool=8)
2026-08-18 19:29:32,498 [DEBUG] cnn_neat: Removed hidden node 4 (pool=1)
2026-08-18 19:29:32,502 [DEBUG] cnn_neat: Split edge 4→3, new hidden node 5 (pool=5)
2026-08-18 19:29:32,503 [DEBUG] cnn_neat: Added edge 0→3 (from 4 candidates)
2026-08-18 19:29:32,506 [DEBUG] cnn_neat: Removed hidden node 2 (pool=1)
2026-08-18 19:29:32,507 [DEBUG] cnn_neat: Removed edge 2→4 (from 3 candidates)
2026-08-18 19:29:32,508 [DEBUG] cnn_neat: Removed 1 edges (requested 3)
2026-08-18 19:29:32,510 [DEBUG] cnn_neat: Split edge 5→3, new hidden node 6 (pool=6)
2026-08-18 19:29:32,512 [DEBUG] cnn_neat: Split edge 4→3, new hidden node 5 (pool=6)
2026-08-18 19:29:32,513 [DEBUG] cnn_neat: Split edge 3→1, new hidden node 5 (pool=4)
2026-08-18 19:29:32,522 [DEBUG] cnn_neat: Split edge 10→1, new hidden node 11 (pool=3)
2026-08-18 19:29:32,524 [DEBUG] cnn_neat: Added edge 10→4 (from 16 candidates)
2026-08-18 19:29:32,528 [DEBUG] cnn_neat: Removed hidden node 3 (pool=5)
2026-08-18 19:29:32,529 [DEBUG] cnn_neat: Removed edge 3→1 (from 7 candidates)
2026-08-18 19:29:32,534 [DEBUG] cnn_neat: Removed 3 edges (requested 3)
2026-08-18 19:29:32,541 [DEBUG] cnn_neat: Split edge 7→10, new hidden node 11 (pool=4)
2026-08-18 19:29:32,545 [DEBUG] cnn_neat: Split edge 2→4, new hidden node 11 (pool=5)
2026-08-18 19:29:32,549 [DEBUG] cnn_neat: Added edge 10→2 (from 11 candidates)
2026-08-18 19:29:32,551 [DEBUG] cnn_neat: Added edge 0→10 (from 13 candidates)
2026-08-18 19:29:32,554 [DEBUG] cnn_neat: Split edge 3→1, new hidden node 6 (pool=2)
2026-08-18 19:29:32,555 [DEBUG] cnn_neat: Added edge 4→1 (from 4 candidates)
2026-08-18 19:29:32,558 [DEBUG] cnn_neat: Removed hidden node 5 (pool=2)
2026-08-18 19:29:32,559 [DEBUG] cnn_neat: Removed edge 5→3 (from 4 candidates)
2026-08-18 19:29:32,561 [DEBUG] cnn_neat: Removed 3 edges (requested 3)
2026-08-18 19:29:32,563 [DEBUG] cnn_neat: Split edge 3→1, new hidden node 6 (pool=3)
2026-08-18 19:29:32,564 [DEBUG] cnn_neat: Split edge 3→1, new hidden node 6 (pool=2)
2026-08-18 19:29:32,566 [DEBUG] cnn_neat: Added edge 4→3 (from 3 candidates)
2026-08-18 19:29:32,567 [DEBUG] cnn_neat: Added edge 5→3 (from 7 candidates)
2026-08-18 19:29:32,569 [DEBUG] cnn_neat: Split edge 0→4, new hidden node 7 (pool=2)
2026-08-18 19:29:32,573 [DEBUG] cnn_neat: Split edge 10→1, new hidden node 11 (pool=4)
2026-08-18 19:29:32,575 [DEBUG] cnn_neat: Added edge 4→7 (from 8 candidates)
2026-08-18 19:29:32,579 [DEBUG] cnn_neat: Removed hidden node 10 (pool=5)
2026-08-18 19:29:32,581 [DEBUG] cnn_neat: Removed edge 3→7 (from 8 candidates)
2026-08-18 19:29:32,587 [DEBUG] cnn_neat: Removed 3 edges (requested 3)
2026-08-18 19:29:32,596 [DEBUG] cnn_neat: Split edge 2→1, new hidden node 12 (pool=3)
2026-08-18 19:29:32,598 [DEBUG] cnn_neat: Split edge 2→1, new hidden node 11 (pool=5)
2026-08-18 19:29:32,600 [DEBUG] cnn_neat: Split edge 2→1, new hidden node 11 (pool=6)
2026-08-18 19:29:32,604 [DEBUG] cnn_neat: Split edge 8→9, new hidden node 11 (pool=3)
2026-08-18 19:29:32,606 [DEBUG] cnn_neat: Added edge 10→3 (from 22 candidates)
2026-08-18 19:29:32,611 [DEBUG] cnn_neat: Removed hidden node 4 (pool=6)
2026-08-18 19:29:32,613 [DEBUG] cnn_neat: Removed edge 8→9 (from 9 candidates)
2026-08-18 19:29:32,616 [DEBUG] cnn_neat: Removed 3 edges (requested 3)
2026-08-18 19:29:32,618 [DEBUG] cnn_neat: Split edge 3→1, new hidden node 12 (pool=5)
2026-08-18 19:29:32,621 [DEBUG] cnn_neat: Split edge 0→8, new hidden node 11 (pool=3)
2026-08-18 19:29:32,628 [DEBUG] cnn_neat: Split edge 0→5, new hidden node 6 (pool=2)
2026-08-18 19:29:32,631 [DEBUG] cnn_neat: Added edge 3→1 (from 3 candidates)
2026-08-18 19:29:32,637 [DEBUG] cnn_neat: Removed hidden node 5 (pool=3)
2026-08-18 19:29:32,640 [DEBUG] cnn_neat: Removed edge 3→4 (from 6 candidates)
2026-08-18 19:29:32,648 [DEBUG] cnn_neat: Removed 3 edges (requested 3)
2026-08-18 19:29:32,651 [DEBUG] cnn_neat: Split edge 4→1, new hidden node 6 (pool=5)
2026-08-18 19:29:32,653 [DEBUG] cnn_neat: Split edge 0→3, new hidden node 6 (pool=3)
2026-08-18 19:29:32,657 [DEBUG] cnn_neat: Added edge 3→5 (from 7 candidates)
2026-08-18 19:29:32,659 [DEBUG] cnn_neat: Added edge 5→3 (from 4 candidates)
2026-08-18 19:29:32,667 [DEBUG] cnn_neat: Split edge 4→2, new hidden node 5 (pool=3)
2026-08-18 19:29:32,672 [DEBUG] cnn_neat: Added edge 0→3 (from 3 candidates)
2026-08-18 19:29:32,676 [DEBUG] cnn_neat: Removed hidden node 3 (pool=1)
2026-08-18 19:29:32,677 [DEBUG] cnn_neat: Removed edge 3→1 (from 3 candidates)
2026-08-18 19:29:32,679 [DEBUG] cnn_neat: Removed 2 edges (requested 3)
2026-08-18 19:29:32,682 [DEBUG] cnn_neat: Split edge 5→1, new hidden node 6 (pool=3)
2026-08-18 19:29:32,683 [DEBUG] cnn_neat: Added edge 2→1 (from 2 candidates)
2026-08-18 19:29:32,687 [DEBUG] cnn_neat: Split edge 0→1, new hidden node 5 (pool=1)
2026-08-18 19:29:32,688 [DEBUG] cnn_neat: Added edge 4→1 (from 1 candidates)
2026-08-18 19:29:32,689 [DEBUG] cnn_neat: Removed hidden node 4 (pool=1)
2026-08-18 19:29:32,690 [DEBUG] cnn_neat: Removed edge 0→4 (from 1 candidates)
2026-08-18 19:29:32,690 [DEBUG] cnn_neat: Removed 1 edges (requested 3)
2026-08-18 19:29:32,695 [DEBUG] cnn_neat: Split edge 9→12, new hidden node 13 (pool=3)
2026-08-18 19:29:32,699 [DEBUG] cnn_neat: Added edge 9→2 (from 44 candidates)
2026-08-18 19:29:32,704 [DEBUG] cnn_neat: Removed hidden node 5 (pool=8)
2026-08-18 19:29:32,707 [DEBUG] cnn_neat: Removed edge 3→1 (from 9 candidates)
2026-08-18 19:29:32,711 [DEBUG] cnn_neat: Removed 3 edges (requested 3)
2026-08-18 19:29:32,714 [DEBUG] cnn_neat: Split edge 0→4, new hidden node 13 (pool=6)
2026-08-18 19:29:32,716 [DEBUG] cnn_neat: Split edge 9→12, new hidden node 13 (pool=9)
2026-08-18 19:29:32,727 [DEBUG] cnn_neat: Added edge 11→2 (from 40 candidates)
2026-08-18 19:29:32,731 [DEBUG] cnn_neat: Added edge 5→1 (from 52 candidates)
2026-08-18 19:29:32,739 [DEBUG] cnn_neat: Split edge 0→3, new hidden node 6 (pool=3)
2026-08-18 19:29:32,743 [DEBUG] cnn_neat: Added edge 0→5 (from 4 candidates)
2026-08-18 19:29:32,749 [DEBUG] cnn_neat: Removed hidden node 5 (pool=1)
2026-08-18 19:29:32,751 [DEBUG] cnn_neat: Removed edge 4→5 (from 1 candidates)
2026-08-18 19:29:32,752 [DEBUG] cnn_neat: Removed 1 edges (requested 3)
2026-08-18 19:29:32,755 [DEBUG] cnn_neat: Split edge 6→3, new hidden node 7 (pool=4)
2026-08-18 19:29:32,758 [DEBUG] cnn_neat: Added edge 6→4 (from 7 candidates)
2026-08-18 19:29:32,859 [DEBUG] cnn_neat: Split edge 4→1, new hidden node 8 (pool=1)
2026-08-18 19:29:32,866 [DEBUG] cnn_neat: Removed hidden node 5 (pool=1)
2026-08-18 19:29:32,870 [DEBUG] cnn_neat: Added edge 5→1 (from 10 candidates)
2026-08-18 19:29:32,878 [DEBUG] cnn_neat: Split edge 0→1, new hidden node 5 (pool=1)
2026-08-18 19:29:32,881 [DEBUG] cnn_neat: Removed hidden node 4 (pool=1)
2026-08-18 19:29:32,882 [DEBUG] cnn_neat: Removed edge 4→1 (from 3 candidates)
2026-08-18 19:29:32,883 [DEBUG] cnn_neat: Removed 1 edges (requested 3)
2026-08-18 19:29:32,886 [DEBUG] cnn_neat: Split edge 3→1, new hidden node 4 (pool=2)
2026-08-18 19:29:32,887 [DEBUG] cnn_neat: Added edge 0→1 (from 1 candidates)
2026-08-18 19:29:32,892 [DEBUG] cnn_neat: Split edge 4→2, new hidden node 5 (pool=6)
2026-08-18 19:29:32,893 [DEBUG] cnn_neat: Added edge 0→2 (from 3 candidates)
2026-08-18 19:29:32,896 [DEBUG] cnn_neat: Removed hidden node 2 (pool=2)
2026-08-18 19:29:32,897 [DEBUG] cnn_neat: Removed edge 2→3 (from 5 candidates)
2026-08-18 19:29:32,900 [DEBUG] cnn_neat: Removed 3 edges (requested 3)
2026-08-18 19:29:32,904 [DEBUG] cnn_neat: Split edge 3→1, new hidden node 6 (pool=7)
2026-08-18 19:29:32,907 [DEBUG] cnn_neat: Added edge 0→4 (from 2 candidates)
2026-08-18 19:29:32,911 [DEBUG] cnn_neat: Removed hidden node 3 (pool=4)
2026-08-18 19:29:32,914 [DEBUG] cnn_neat: Removed edge 0→5 (from 11 candidates)
2026-08-18 19:29:32,918 [DEBUG] cnn_neat: Removed 3 edges (requested 3)
2026-08-18 19:29:32,921 [DEBUG] cnn_neat: Split edge 5→3, new hidden node 7 (pool=5)
2026-08-18 19:29:32,925 [DEBUG] cnn_neat: Split edge 5→1, new hidden node 6 (pool=13)
2026-08-18 19:29:32,928 [DEBUG] cnn_neat: Split edge 0→4, new hidden node 5 (pool=3)
2026-08-18 19:29:32,929 [DEBUG] cnn_neat: Added edge 0→2 (from 2 candidates)
2026-08-18 19:29:32,935 [DEBUG] cnn_neat: Split edge 0→2, new hidden node 6 (pool=4)
2026-08-18 19:29:32,937 [DEBUG] cnn_neat: Added edge 3→2 (from 8 candidates)
2026-08-18 19:29:32,940 [DEBUG] cnn_neat: Removed hidden node 4 (pool=4)
2026-08-18 19:29:32,942 [DEBUG] cnn_neat: Removed edge 2→1 (from 7 candidates)
2026-08-18 19:29:32,945 [DEBUG] cnn_neat: Removed 3 edges (requested 3)
2026-08-18 19:29:32,947 [DEBUG] cnn_neat: Split edge 3→1, new hidden node 7 (pool=3)
2026-08-18 19:29:32,951 [DEBUG] cnn_neat: Split edge 2→1, new hidden node 6 (pool=6)
2026-08-18 19:29:32,953 [DEBUG] cnn_neat: Added edge 4→3 (from 4 candidates)
2026-08-18 19:29:32,956 [DEBUG] cnn_neat: Removed hidden node 4 (pool=4)
2026-08-18 19:29:32,958 [DEBUG] cnn_neat: Removed edge 5→3 (from 9 candidates)
2026-08-18 19:29:32,961 [DEBUG] cnn_neat: Removed 3 edges (requested 3)
2026-08-18 19:29:32,963 [DEBUG] cnn_neat: Split edge 5→3, new hidden node 7 (pool=5)
2026-08-18 19:29:32,965 [DEBUG] cnn_neat: Split edge 0→3, new hidden node 6 (pool=6)
2026-08-18 19:29:32,975 [DEBUG] cnn_neat: Split edge 5→1, new hidden node 7 (pool=5)
2026-08-18 19:29:32,979 [DEBUG] cnn_neat: Added edge 6→3 (from 9 candidates)
2026-08-18 19:29:32,988 [DEBUG] cnn_neat: Removed hidden node 3 (pool=5)
2026-08-18 19:29:32,998 [DEBUG] cnn_neat: Removed edge 0→3 (from 11 candidates)
2026-08-18 19:29:33,006 [DEBUG] cnn_neat: Removed 3 edges (requested 3)
2026-08-18 19:29:33,009 [DEBUG] cnn_neat: Split edge 3→1, new hidden node 8 (pool=4)
2026-08-18 19:29:33,013 [DEBUG] cnn_neat: Split edge 0→3, new hidden node 6 (pool=3)
2026-08-18 19:29:33,015 [DEBUG] cnn_neat: Added edge 0→5 (from 3 candidates)
2026-08-18 19:29:33,017 [DEBUG] cnn_neat: Removed hidden node 5 (pool=1)
2026-08-18 19:29:33,018 [DEBUG] cnn_neat: Removed edge 4→5 (from 3 candidates)
2026-08-18 19:29:33,020 [DEBUG] cnn_neat: Removed 2 edges (requested 3)
2026-08-18 19:29:33,021 [DEBUG] cnn_neat: Split edge 5→1, new hidden node 6 (pool=4)
2026-08-18 19:29:33,023 [DEBUG] cnn_neat: Added edge 5→3 (from 7 candidates)
2026-08-18 19:29:33,024 [DEBUG] cnn_neat: Split edge 6→1, new hidden node 7 (pool=5)
2026-08-18 19:29:33,026 [DEBUG] cnn_neat: Removed hidden node 5 (pool=1)
2026-08-18 19:29:33,027 [DEBUG] cnn_neat: Added edge 0→5 (from 12 candidates)
2026-08-18 19:29:33,029 [DEBUG] cnn_neat: Split edge 5→1, new hidden node 6 (pool=5)
2026-08-18 19:29:33,032 [DEBUG] cnn_neat: Split edge 2→3, new hidden node 6 (pool=6)
2026-08-18 19:29:33,034 [DEBUG] cnn_neat: Added edge 0→2 (from 6 candidates)
2026-08-18 19:29:33,037 [DEBUG] cnn_neat: Removed hidden node 5 (pool=2)
2026-08-18 19:29:33,038 [DEBUG] cnn_neat: Removed edge 3→1 (from 4 candidates)
2026-08-18 19:29:33,041 [DEBUG] cnn_neat: Removed 2 edges (requested 3)
2026-08-18 19:29:33,044 [DEBUG] cnn_neat: Split edge 2→3, new hidden node 6 (pool=7)
2026-08-18 19:29:33,046 [DEBUG] cnn_neat: Added edge 4→5 (from 5 candidates)
2026-08-18 19:29:33,050 [DEBUG] cnn_neat: Removed hidden node 5 (pool=2)
2026-08-18 19:29:33,051 [DEBUG] cnn_neat: Removed edge 2→5 (from 5 candidates)
2026-08-18 19:29:33,054 [DEBUG] cnn_neat: Removed 3 edges (requested 3)
2026-08-18 19:29:33,056 [DEBUG] cnn_neat: Split edge 0→4, new hidden node 7 (pool=4)
2026-08-18 19:29:33,059 [DEBUG] cnn_neat: Split edge 4→5, new hidden node 6 (pool=4)
2026-08-18 19:29:33,067 [DEBUG] cnn_neat: Split edge 3→1, new hidden node 6 (pool=4)
2026-08-18 19:29:33,072 [DEBUG] cnn_neat: Split edge 0→1, new hidden node 4 (pool=1)
2026-08-18 19:29:33,076 [DEBUG] cnn_neat: Removed hidden node 3 (pool=1)
2026-08-18 19:29:33,077 [DEBUG] cnn_neat: Removed edge 0→1 (from 3 candidates)
2026-08-18 19:29:33,078 [DEBUG] cnn_neat: Removed 2 edges (requested 3)
2026-08-18 19:29:33,082 [DEBUG] cnn_neat: Split edge 3→6, new hidden node 7 (pool=3)
2026-08-18 19:29:33,084 [DEBUG] cnn_neat: Added edge 0→5 (from 5 candidates)
2026-08-18 19:29:33,087 [DEBUG] cnn_neat: Removed hidden node 4 (pool=3)
2026-08-18 19:29:33,088 [DEBUG] cnn_neat: Removed edge 3→6 (from 6 candidates)
2026-08-18 19:29:33,091 [DEBUG] cnn_neat: Removed 2 edges (requested 3)
2026-08-18 19:29:33,093 [DEBUG] cnn_neat: Split edge 6→1, new hidden node 8 (pool=8)
2026-08-18 19:29:33,095 [DEBUG] cnn_neat: Split edge 5→1, new hidden node 7 (pool=4)
2026-08-18 19:29:33,115 [DEBUG] cnn_neat: Removed hidden node 5 (pool=4)
2026-08-18 19:29:33,118 [DEBUG] cnn_neat: Removed edge 0→5 (from 12 candidates)
2026-08-18 19:29:33,125 [DEBUG] cnn_neat: Removed 3 edges (requested 3)
2026-08-18 19:29:33,130 [DEBUG] cnn_neat: Added edge 0→5 (from 1 candidates)
2026-08-18 19:29:33,133 [DEBUG] cnn_neat: Added edge 2→3 (from 6 candidates)
2026-08-18 19:29:33,137 [DEBUG] cnn_neat: Removed hidden node 2 (pool=4)
2026-08-18 19:29:33,142 [DEBUG] cnn_neat: Removed hidden node 5 (pool=4)
2026-08-18 19:29:33,146 [DEBUG] cnn_neat: Removed edge 5→2 (from 12 candidates)
2026-08-18 19:29:33,149 [DEBUG] cnn_neat: Split edge 2→3, new hidden node 5 (pool=4)
2026-08-18 19:29:33,150 [DEBUG] cnn_neat: Added edge 4→3 (from 4 candidates)
2026-08-18 19:29:33,156 [DEBUG] cnn_neat: Split edge 5→1, new hidden node 6 (pool=8)
2026-08-18 19:29:33,158 [DEBUG] cnn_neat: Added edge 5→2 (from 3 candidates)
2026-08-18 19:29:33,162 [DEBUG] cnn_neat: Removed hidden node 2 (pool=3)
2026-08-18 19:29:33,163 [DEBUG] cnn_neat: Removed edge 3→1 (from 8 candidates)
2026-08-18 19:29:33,167 [DEBUG] cnn_neat: Removed 3 edges (requested 3)
2026-08-18 19:29:33,169 [DEBUG] cnn_neat: Split edge 0→3, new hidden node 7 (pool=6)
2026-08-18 19:29:33,172 [DEBUG] cnn_neat: Split edge 0→5, new hidden node 6 (pool=9)
2026-08-18 19:29:33,184 [DEBUG] cnn_neat: Added edge 0→5 (from 9 candidates)
2026-08-18 19:29:33,191 [DEBUG] cnn_neat: Split edge 6→1, new hidden node 9 (pool=7)
2026-08-18 19:29:33,200 [DEBUG] cnn_neat: Added edge 7→6 (from 11 candidates)
2026-08-18 19:29:33,202 [DEBUG] cnn_neat: Split edge 2→5, new hidden node 10 (pool=8)
2026-08-18 19:29:33,205 [DEBUG] cnn_neat: Removed hidden node 2 (pool=2)
2026-08-18 19:29:33,208 [DEBUG] cnn_neat: Added edge 2→8 (from 14 candidates)
2026-08-18 19:29:33,211 [DEBUG] cnn_neat: Split edge 2→3, new hidden node 6 (pool=4)
2026-08-18 19:29:33,213 [DEBUG] cnn_neat: Added edge 3→5 (from 6 candidates)
2026-08-18 19:29:33,216 [DEBUG] cnn_neat: Removed hidden node 3 (pool=3)
2026-08-18 19:29:33,218 [DEBUG] cnn_neat: Removed edge 5→1 (from 6 candidates)
2026-08-18 19:29:33,221 [DEBUG] cnn_neat: Removed 3 edges (requested 3)
2026-08-18 19:29:33,223 [DEBUG] cnn_neat: Split edge 4→3, new hidden node 7 (pool=3)
2026-08-18 19:29:33,225 [DEBUG] cnn_neat: Split edge 3→5, new hidden node 6 (pool=7)
2026-08-18 19:29:33,227 [DEBUG] cnn_neat: Split edge 0→4, new hidden node 6 (pool=4)
2026-08-18 19:29:33,233 [DEBUG] cnn_neat: Split edge 5→4, new hidden node 6 (pool=3)
2026-08-18 19:29:33,237 [DEBUG] cnn_neat: Added edge 0→4 (from 6 candidates)
2026-08-18 19:29:33,240 [DEBUG] cnn_neat: Removed hidden node 3 (pool=2)
2026-08-18 19:29:33,241 [DEBUG] cnn_neat: Removed edge 4→2 (from 4 candidates)
2026-08-18 19:29:33,244 [DEBUG] cnn_neat: Removed 3 edges (requested 3)
2026-08-18 19:29:33,249 [DEBUG] cnn_neat: Split edge 5→6, new hidden node 7 (pool=4)
2026-08-18 19:29:33,254 [DEBUG] cnn_neat: Split edge 0→4, new hidden node 6 (pool=4)
2026-08-18 19:29:33,257 [DEBUG] cnn_neat: Split edge 4→1, new hidden node 6 (pool=5)
2026-08-18 19:29:33,263 [DEBUG] cnn_neat: Split edge 3→1, new hidden node 5 (pool=5)
2026-08-18 19:29:33,267 [DEBUG] cnn_neat: Added edge 0→2 (from 4 candidates)
2026-08-18 19:29:33,372 [DEBUG] cnn_neat: Removed hidden node 2 (pool=1)
2026-08-18 19:29:33,374 [DEBUG] cnn_neat: Removed edge 2→3 (from 3 candidates)
2026-08-18 19:29:33,379 [DEBUG] cnn_neat: Removed 2 edges (requested 3)
2026-08-18 19:29:33,384 [DEBUG] cnn_neat: Split edge 3→5, new hidden node 6 (pool=6)
2026-08-18 19:29:33,389 [DEBUG] cnn_neat: Split edge 0→4, new hidden node 5 (pool=6)
2026-08-18 19:29:33,390 [DEBUG] cnn_neat: Split edge 3→1, new hidden node 5 (pool=4)
2026-08-18 19:29:33,398 [DEBUG] cnn_neat: Split edge 0→5, new hidden node 7 (pool=9)
2026-08-18 19:29:33,401 [DEBUG] cnn_neat: Added edge 0→1 (from 1 candidates)
2026-08-18 19:29:33,408 [DEBUG] cnn_neat: Removed hidden node 2 (pool=3)
2026-08-18 19:29:33,414 [DEBUG] cnn_neat: Removed edge 6→1 (from 9 candidates)
2026-08-18 19:29:33,417 [DEBUG] cnn_neat: Removed 3 edges (requested 3)
2026-08-18 19:29:33,422 [DEBUG] cnn_neat: Split edge 0→7, new hidden node 8 (pool=8)
2026-08-18 19:29:33,430 [DEBUG] cnn_neat: Split edge 6→7, new hidden node 8 (pool=7)
2026-08-18 19:29:33,434 [DEBUG] cnn_neat: Added edge 0→4 (from 11 candidates)
2026-08-18 19:29:33,442 [DEBUG] cnn_neat: Removed hidden node 5 (pool=2)
2026-08-18 19:29:33,446 [DEBUG] cnn_neat: Removed edge 3→4 (from 4 candidates)
2026-08-18 19:29:33,450 [DEBUG] cnn_neat: Removed 1 edges (requested 3)
2026-08-18 19:29:33,453 [DEBUG] cnn_neat: Split edge 6→8, new hidden node 9 (pool=8)
2026-08-18 19:29:33,457 [DEBUG] cnn_neat: Split edge 0→4, new hidden node 5 (pool=3)
2026-08-18 19:29:33,458 [DEBUG] cnn_neat: Added edge 0→2 (from 3 candidates)
2026-08-18 19:29:33,461 [DEBUG] cnn_neat: Removed hidden node 3 (pool=1)
2026-08-18 19:29:33,462 [DEBUG] cnn_neat: Removed edge 3→1 (from 3 candidates)
2026-08-18 19:29:33,464 [DEBUG] cnn_neat: Removed 2 edges (requested 3)
2026-08-18 19:29:33,466 [DEBUG] cnn_neat: Split edge 2→5, new hidden node 6 (pool=3)
2026-08-18 19:29:33,467 [DEBUG] cnn_neat: Added edge 0→5 (from 2 candidates)
2026-08-18 19:29:33,472 [DEBUG] cnn_neat: Split edge 0→1, new hidden node 5 (pool=1)
2026-08-18 19:29:33,472 [DEBUG] cnn_neat: Added edge 4→1 (from 1 candidates)
2026-08-18 19:29:33,474 [DEBUG] cnn_neat: Removed hidden node 4 (pool=1)
2026-08-18 19:29:33,475 [DEBUG] cnn_neat: Removed edge 0→4 (from 1 candidates)
2026-08-18 19:29:33,475 [DEBUG] cnn_neat: Removed 1 edges (requested 3)
2026-08-18 19:29:33,479 [DEBUG] cnn_neat: Split edge 0→2, new hidden node 8 (pool=6)
2026-08-18 19:29:33,481 [DEBUG] cnn_neat: Added edge 0→5 (from 6 candidates)
2026-08-18 19:29:33,484 [DEBUG] cnn_neat: Removed hidden node 7 (pool=1)
2026-08-18 19:29:33,485 [DEBUG] cnn_neat: Removed edge 5→7 (from 3 candidates)
2026-08-18 19:29:33,487 [DEBUG] cnn_neat: Removed 2 edges (requested 3)
2026-08-18 19:29:33,489 [DEBUG] cnn_neat: Split edge 5→7, new hidden node 9 (pool=7)
2026-08-18 19:29:33,491 [DEBUG] cnn_neat: Split edge 6→1, new hidden node 8 (pool=5)
2026-08-18 19:29:33,493 [DEBUG] cnn_neat: Added edge 8→5 (from 9 candidates)
2026-08-18 19:29:33,494 [DEBUG] cnn_neat: Added edge 2→6 (from 10 candidates)
2026-08-18 19:29:33,497 [DEBUG] cnn_neat: Split edge 0→3, new hidden node 5 (pool=2)
2026-08-18 19:29:33,499 [DEBUG] cnn_neat: Added edge 0→4 (from 4 candidates)
2026-08-18 19:29:33,501 [DEBUG] cnn_neat: Removed hidden node 2 (pool=2)
2026-08-18 19:29:33,503 [DEBUG] cnn_neat: Removed edge 2→4 (from 4 candidates)
2026-08-18 19:29:33,505 [DEBUG] cnn_neat: Removed 3 edges (requested 3)
2026-08-18 19:29:33,506 [DEBUG] cnn_neat: Split edge 2→4, new hidden node 6 (pool=6)
2026-08-18 19:29:33,507 [DEBUG] cnn_neat: Split edge 4→3, new hidden node 5 (pool=4)
2026-08-18 19:29:33,509 [DEBUG] cnn_neat: Added edge 0→3 (from 10 candidates)
2026-08-18 19:29:33,511 [DEBUG] cnn_neat: Added edge 0→1 (from 8 candidates)
2026-08-18 19:29:33,523 [DEBUG] cnn_neat: Split edge 2→1, new hidden node 6 (pool=7)
2026-08-18 19:29:33,537 [DEBUG] cnn_neat: Added edge 5→3 (from 5 candidates)
2026-08-18 19:29:33,546 [DEBUG] cnn_neat: Removed hidden node 2 (pool=2)
2026-08-18 19:29:33,554 [DEBUG] cnn_neat: Removed edge 3→1 (from 5 candidates)
2026-08-18 19:29:33,626 [DEBUG] cnn_neat: Removed 3 edges (requested 3)
2026-08-18 19:29:33,631 [DEBUG] cnn_neat: Split edge 4→3, new hidden node 7 (pool=5)
2026-08-18 19:29:33,638 [DEBUG] cnn_neat: Split edge 0→5, new hidden node 6 (pool=4)
2026-08-18 19:29:33,645 [DEBUG] cnn_neat: Added edge 4→6 (from 8 candidates)
2026-08-18 19:29:33,647 [DEBUG] cnn_neat: Added edge 0→2 (from 4 candidates)
2026-08-18 19:29:33,650 [DEBUG] cnn_neat: Split edge 0→1, new hidden node 5 (pool=1)
2026-08-18 19:29:33,652 [DEBUG] cnn_neat: Removed hidden node 4 (pool=1)
2026-08-18 19:29:33,653 [DEBUG] cnn_neat: Removed edge 0→4 (from 3 candidates)
2026-08-18 19:29:33,654 [DEBUG] cnn_neat: Removed 1 edges (requested 3)
2026-08-18 19:29:33,657 [DEBUG] cnn_neat: Split edge 3→1, new hidden node 4 (pool=2)
2026-08-18 19:29:33,658 [DEBUG] cnn_neat: Added edge 0→1 (from 1 candidates)
2026-08-18 19:29:33,662 [DEBUG] cnn_neat: Split edge 4→2, new hidden node 5 (pool=6)
2026-08-18 19:29:33,664 [DEBUG] cnn_neat: Added edge 4→1 (from 3 candidates)
2026-08-18 19:29:33,667 [DEBUG] cnn_neat: Removed hidden node 2 (pool=2)
2026-08-18 19:29:33,669 [DEBUG] cnn_neat: Removed edge 2→1 (from 5 candidates)
2026-08-18 19:29:33,671 [DEBUG] cnn_neat: Removed 3 edges (requested 3)
2026-08-18 19:29:33,722 [DEBUG] cnn_neat: Split edge 0→5, new hidden node 7 (pool=5)
2026-08-18 19:29:33,729 [DEBUG] cnn_neat: Added edge 2→1 (from 4 candidates)
2026-08-18 19:29:33,736 [DEBUG] cnn_neat: Removed hidden node 2 (pool=1)
2026-08-18 19:29:33,739 [DEBUG] cnn_neat: Removed edge 2→5 (from 3 candidates)
2026-08-18 19:29:33,843 [DEBUG] cnn_neat: Removed 2 edges (requested 3)
2026-08-18 19:29:33,849 [DEBUG] cnn_neat: Split edge 0→2, new hidden node 8 (pool=6)
2026-08-18 19:29:33,852 [DEBUG] cnn_neat: Split edge 6→1, new hidden node 7 (pool=4)
2026-08-18 19:29:33,854 [DEBUG] cnn_neat: Added edge 7→6 (from 7 candidates)
2026-08-18 19:29:33,855 [DEBUG] cnn_neat: Added edge 2→6 (from 7 candidates)
2026-08-18 19:29:33,858 [DEBUG] cnn_neat: Split edge 2→1, new hidden node 5 (pool=3)
2026-08-18 19:29:33,859 [DEBUG] cnn_neat: Added edge 0→2 (from 2 candidates)
2026-08-18 19:29:33,864 [DEBUG] cnn_neat: Split edge 3→1, new hidden node 6 (pool=6)
2026-08-18 19:29:33,865 [DEBUG] cnn_neat: Added edge 4→3 (from 6 candidates)
2026-08-18 19:29:33,868 [DEBUG] cnn_neat: Removed hidden node 3 (pool=2)
2026-08-18 19:29:33,870 [DEBUG] cnn_neat: Removed edge 2→3 (from 4 candidates)
2026-08-18 19:29:33,872 [DEBUG] cnn_neat: Removed 2 edges (requested 3)
2026-08-18 19:29:33,874 [DEBUG] cnn_neat: Split edge 0→1, new hidden node 4 (pool=1)
2026-08-18 19:29:33,876 [DEBUG] cnn_neat: Removed hidden node 3 (pool=1)
2026-08-18 19:29:33,877 [DEBUG] cnn_neat: Removed edge 0→3 (from 3 candidates)
2026-08-18 19:29:33,878 [DEBUG] cnn_neat: Removed 1 edges (requested 3)
2026-08-18 19:29:33,897 [DEBUG] cnn_neat: Split edge 3→1, new hidden node 5 (pool=4)
2026-08-18 19:29:33,959 [DEBUG] cnn_neat: Added edge 4→3 (from 7 candidates)
2026-08-18 19:29:33,965 [DEBUG] cnn_neat: Removed hidden node 3 (pool=1)
2026-08-18 19:29:33,968 [DEBUG] cnn_neat: Removed edge 3→1 (from 1 candidates)
2026-08-18 19:29:33,971 [DEBUG] cnn_neat: Removed 1 edges (requested 3)
2026-08-18 19:29:33,978 [DEBUG] cnn_neat: Split edge 0→4, new hidden node 5 (pool=4)
2026-08-18 19:29:33,979 [DEBUG] cnn_neat: Added edge 0→3 (from 4 candidates)
2026-08-18 19:29:33,983 [DEBUG] cnn_neat: Split edge 3→1, new hidden node 5 (pool=2)
2026-08-18 19:29:33,984 [DEBUG] cnn_neat: Added edge 2→1 (from 4 candidates)
2026-08-18 19:29:33,986 [DEBUG] cnn_neat: Split edge 4→2, new hidden node 6 (pool=6)
2026-08-18 19:29:33,989 [DEBUG] cnn_neat: Removed hidden node 4 (pool=2)
2026-08-18 19:29:33,991 [DEBUG] cnn_neat: Added edge 4→3 (from 8 candidates)
2026-08-18 19:29:33,993 [DEBUG] cnn_neat: Split edge 5→1, new hidden node 7 (pool=3)
2026-08-18 19:29:34,016 [DEBUG] cnn_neat: Split edge 3→4, new hidden node 6 (pool=4)
2026-08-18 19:29:34,022 [DEBUG] cnn_neat: Added edge 3→5 (from 3 candidates)
2026-08-18 19:29:34,029 [DEBUG] cnn_neat: Removed hidden node 5 (pool=2)
2026-08-18 19:29:34,040 [DEBUG] cnn_neat: Removed edge 0→3 (from 6 candidates)
2026-08-18 19:29:34,045 [DEBUG] cnn_neat: Removed 3 edges (requested 3)
2026-08-18 19:29:34,050 [DEBUG] cnn_neat: Split edge 0→4, new hidden node 7 (pool=2)
2026-08-18 19:29:34,057 [DEBUG] cnn_neat: Split edge 3→5, new hidden node 6 (pool=6)
2026-08-18 19:29:34,078 [DEBUG] cnn_neat: Split edge 2→5, new hidden node 7 (pool=4)
2026-08-18 19:29:34,083 [DEBUG] cnn_neat: Added edge 4→6 (from 10 candidates)
2026-08-18 19:29:34,093 [DEBUG] cnn_neat: Removed hidden node 5 (pool=3)
2026-08-18 19:29:34,102 [DEBUG] cnn_neat: Removed edge 6→1 (from 5 candidates)
2026-08-18 19:29:34,188 [DEBUG] cnn_neat: Removed 2 edges (requested 3)
2026-08-18 19:29:34,192 [DEBUG] cnn_neat: Split edge 6→1, new hidden node 7 (pool=3)
2026-08-18 19:29:34,193 [DEBUG] cnn_neat: Split edge 3→6, new hidden node 7 (pool=5)
2026-08-18 19:29:34,195 [DEBUG] cnn_neat: Split edge 5→1, new hidden node 7 (pool=4)
2026-08-18 19:29:34,233 [DEBUG] cnn_neat: Split edge 4→2, new hidden node 11 (pool=7)
2026-08-18 19:29:34,300 [DEBUG] cnn_neat: Added edge 3→10 (from 12 candidates)
2026-08-18 19:29:34,314 [DEBUG] cnn_neat: Removed hidden node 4 (pool=5)
2026-08-18 19:29:34,435 [DEBUG] cnn_neat: Removed edge 0→4 (from 9 candidates)
2026-08-18 19:29:34,448 [DEBUG] cnn_neat: Removed 3 edges (requested 3)
2026-08-18 19:29:34,458 [DEBUG] cnn_neat: Split edge 2→1, new hidden node 12 (pool=7)
2026-08-18 19:29:34,461 [DEBUG] cnn_neat: Split edge 0→4, new hidden node 5 (pool=3)
2026-08-18 19:29:34,463 [DEBUG] cnn_neat: Added edge 0→2 (from 3 candidates)
2026-08-18 19:29:34,465 [DEBUG] cnn_neat: Removed hidden node 3 (pool=1)
2026-08-18 19:29:34,467 [DEBUG] cnn_neat: Removed edge 2→1 (from 3 candidates)
2026-08-18 19:29:34,468 [DEBUG] cnn_neat: Removed 1 edges (requested 3)
2026-08-18 19:29:34,471 [DEBUG] cnn_neat: Split edge 5→1, new hidden node 6 (pool=3)
2026-08-18 19:29:34,472 [DEBUG] cnn_neat: Added edge 0→5 (from 2 candidates)
2026-08-18 19:29:34,479 [DEBUG] cnn_neat: Split edge 0→1, new hidden node 5 (pool=1)
2026-08-18 19:29:34,480 [DEBUG] cnn_neat: Added edge 4→1 (from 1 candidates)
2026-08-18 19:29:34,481 [DEBUG] cnn_neat: Removed hidden node 4 (pool=1)
2026-08-18 19:29:34,482 [DEBUG] cnn_neat: Removed edge 0→4 (from 1 candidates)
2026-08-18 19:29:34,482 [DEBUG] cnn_neat: Removed 1 edges (requested 3)
2026-08-18 19:29:34,485 [DEBUG] cnn_neat: Split edge 0→1, new hidden node 5 (pool=1)
2026-08-18 19:29:34,490 [DEBUG] cnn_neat: Removed hidden node 4 (pool=1)
2026-08-18 19:29:34,491 [DEBUG] cnn_neat: Removed edge 0→4 (from 3 candidates)
2026-08-18 19:29:34,493 [DEBUG] cnn_neat: Removed 1 edges (requested 3)
2026-08-18 19:29:34,498 [DEBUG] cnn_neat: Split edge 0→3, new hidden node 4 (pool=2)
2026-08-18 19:29:34,501 [DEBUG] cnn_neat: Added edge 0→1 (from 1 candidates)
2026-08-18 19:29:34,510 [DEBUG] cnn_neat: Split edge 0→4, new hidden node 5 (pool=6)
2026-08-18 19:29:34,513 [DEBUG] cnn_neat: Added edge 0→2 (from 3 candidates)
2026-08-18 19:29:34,516 [DEBUG] cnn_neat: Removed hidden node 2 (pool=2)
2026-08-18 19:29:34,517 [DEBUG] cnn_neat: Removed edge 2→3 (from 5 candidates)
2026-08-18 19:29:34,520 [DEBUG] cnn_neat: Removed 3 edges (requested 3)
2026-08-18 19:29:34,552 [DEBUG] cnn_neat: Split edge 0→1, new hidden node 4 (pool=2)
2026-08-18 19:29:34,626 [DEBUG] cnn_neat: Added edge 0→3 (from 1 candidates)
2026-08-18 19:29:34,629 [DEBUG] cnn_neat: Removed hidden node 3 (pool=1)
2026-08-18 19:29:34,630 [DEBUG] cnn_neat: Removed edge 3→1 (from 1 candidates)
2026-08-18 19:29:34,632 [DEBUG] cnn_neat: Removed 1 edges (requested 3)
2026-08-18 19:29:34,634 [DEBUG] cnn_neat: Split edge 4→1, new hidden node 5 (pool=3)
2026-08-18 19:29:34,636 [DEBUG] cnn_neat: Added edge 0→1 (from 4 candidates)
2026-08-18 19:29:34,638 [DEBUG] cnn_neat: Split edge 0→4, new hidden node 6 (pool=4)
2026-08-18 19:29:34,641 [DEBUG] cnn_neat: Removed hidden node 3 (pool=1)
2026-08-18 19:29:34,643 [DEBUG] cnn_neat: Added edge 3→5 (from 7 candidates)
2026-08-18 19:29:34,645 [DEBUG] cnn_neat: Split edge 4→2, new hidden node 5 (pool=3)
2026-08-18 19:29:34,646 [DEBUG] cnn_neat: Added edge 0→2 (from 2 candidates)
2026-08-18 19:29:34,651 [DEBUG] cnn_neat: Split edge 3→1, new hidden node 6 (pool=6)
2026-08-18 19:29:34,653 [DEBUG] cnn_neat: Added edge 4→5 (from 6 candidates)
2026-08-18 19:29:34,656 [DEBUG] cnn_neat: Removed hidden node 5 (pool=2)
2026-08-18 19:29:34,658 [DEBUG] cnn_neat: Removed edge 5→1 (from 4 candidates)
2026-08-18 19:29:34,660 [DEBUG] cnn_neat: Removed 2 edges (requested 3)
2026-08-18 19:29:34,661 [DEBUG] cnn_neat: Split edge 4→5, new hidden node 6 (pool=4)
2026-08-18 19:29:34,663 [DEBUG] cnn_neat: Split edge 2→3, new hidden node 6 (pool=5)
2026-08-18 19:29:34,665 [DEBUG] cnn_neat: Added edge 4→3 (from 6 candidates)
2026-08-18 19:29:34,666 [DEBUG] cnn_neat: Added edge 0→2 (from 8 candidates)
2026-08-18 19:29:34,669 [DEBUG] cnn_neat: Split edge 0→1, new hidden node 4 (pool=1)
2026-08-18 19:29:34,672 [DEBUG] cnn_neat: Removed hidden node 3 (pool=1)
2026-08-18 19:29:34,673 [DEBUG] cnn_neat: Removed edge 0→1 (from 3 candidates)
2026-08-18 19:29:34,674 [DEBUG] cnn_neat: Removed 1 edges (requested 3)
2026-08-18 19:29:34,685 [DEBUG] cnn_neat: Split edge 0→3, new hidden node 7 (pool=5)
2026-08-18 19:29:34,694 [DEBUG] cnn_neat: Added edge 0→6 (from 8 candidates)
2026-08-18 19:29:34,707 [DEBUG] cnn_neat: Removed hidden node 6 (pool=5)
2026-08-18 19:29:34,716 [DEBUG] cnn_neat: Removed edge 4→1 (from 11 candidates)
2026-08-18 19:29:34,727 [DEBUG] cnn_neat: Removed 3 edges (requested 3)
2026-08-18 19:29:34,736 [DEBUG] cnn_neat: Split edge 0→7, new hidden node 8 (pool=5)
2026-08-18 19:29:34,745 [DEBUG] cnn_neat: Split edge 2→6, new hidden node 7 (pool=9)
2026-08-18 19:29:34,753 [DEBUG] cnn_neat: Split edge 4→2, new hidden node 5 (pool=4)
2026-08-18 19:29:34,756 [DEBUG] cnn_neat: Added edge 4→1 (from 7 candidates)
2026-08-18 19:29:34,763 [DEBUG] cnn_neat: Removed hidden node 3 (pool=1)
2026-08-18 19:29:34,831 [DEBUG] cnn_neat: Removed edge 3→1 (from 1 candidates)
2026-08-18 19:29:34,837 [DEBUG] cnn_neat: Removed 1 edges (requested 3)
2026-08-18 19:29:34,841 [DEBUG] cnn_neat: Split edge 4→5, new hidden node 6 (pool=5)
2026-08-18 19:29:34,845 [DEBUG] cnn_neat: Split edge 3→1, new hidden node 5 (pool=3)
2026-08-18 19:29:34,850 [DEBUG] cnn_neat: Added edge 0→5 (from 10 candidates)
2026-08-18 19:29:34,854 [DEBUG] cnn_neat: Added edge 3→2 (from 5 candidates)
2026-08-18 19:29:34,858 [DEBUG] cnn_neat: Split edge 0→4, new hidden node 7 (pool=6)
2026-08-18 19:29:34,865 [DEBUG] cnn_neat: Split edge 5→6, new hidden node 7 (pool=4)
2026-08-18 19:29:34,892 [DEBUG] cnn_neat: Added edge 0→6 (from 6 candidates)
2026-08-18 19:29:34,896 [DEBUG] cnn_neat: Removed hidden node 5 (pool=1)
2026-08-18 19:29:34,898 [DEBUG] cnn_neat: Removed edge 5→6 (from 1 candidates)
2026-08-18 19:29:34,900 [DEBUG] cnn_neat: Removed 1 edges (requested 3)
2026-08-18 19:29:35,020 [DEBUG] cnn_neat: Split edge 7→6, new hidden node 8 (pool=5)
2026-08-18 19:29:35,039 [DEBUG] cnn_neat: Split edge 3→6, new hidden node 7 (pool=5)
2026-08-18 19:29:35,041 [DEBUG] cnn_neat: Added edge 3→5 (from 11 candidates)
2026-08-18 19:29:35,043 [DEBUG] cnn_neat: Added edge 3→5 (from 6 candidates)
2026-08-18 19:29:35,046 [DEBUG] cnn_neat: Split edge 6→3, new hidden node 7 (pool=6)
2026-08-18 19:29:35,049 [DEBUG] cnn_neat: Added edge 0→6 (from 8 candidates)
2026-08-18 19:29:35,052 [DEBUG] cnn_neat: Removed hidden node 4 (pool=2)
2026-08-18 19:29:35,055 [DEBUG] cnn_neat: Removed edge 6→3 (from 4 candidates)
2026-08-18 19:29:35,059 [DEBUG] cnn_neat: Removed 3 edges (requested 3)
2026-08-18 19:29:35,064 [DEBUG] cnn_neat: Split edge 5→1, new hidden node 8 (pool=3)
2026-08-18 19:29:35,071 [DEBUG] cnn_neat: Split edge 6→3, new hidden node 7 (pool=7)
2026-08-18 19:29:35,081 [DEBUG] cnn_neat: Added edge 0→6 (from 9 candidates)
2026-08-18 19:29:35,216 [DEBUG] cnn_neat: Split edge 6→2, new hidden node 8 (pool=3)
2026-08-18 19:29:35,220 [DEBUG] cnn_neat: Added edge 7→5 (from 10 candidates)
2026-08-18 19:29:35,224 [DEBUG] cnn_neat: Split edge 6→8, new hidden node 9 (pool=8)
2026-08-18 19:29:35,230 [DEBUG] cnn_neat: Removed hidden node 7 (pool=3)
2026-08-18 19:29:35,234 [DEBUG] cnn_neat: Added edge 7→6 (from 16 candidates)
2026-08-18 19:29:35,239 [DEBUG] cnn_neat: Split edge 2→1, new hidden node 5 (pool=3)
2026-08-18 19:29:35,243 [DEBUG] cnn_neat: Added edge 4→3 (from 3 candidates)
2026-08-18 19:29:35,248 [DEBUG] cnn_neat: Removed hidden node 3 (pool=1)
2026-08-18 19:29:35,251 [DEBUG] cnn_neat: Removed edge 3→1 (from 3 candidates)
2026-08-18 19:29:35,254 [DEBUG] cnn_neat: Removed 2 edges (requested 3)
2026-08-18 19:29:35,257 [DEBUG] cnn_neat: Split edge 5→1, new hidden node 6 (pool=3)
2026-08-18 19:29:35,259 [DEBUG] cnn_neat: Added edge 2→1 (from 2 candidates)
2026-08-18 19:29:35,264 [DEBUG] cnn_neat: Split edge 0→1, new hidden node 5 (pool=1)
2026-08-18 19:29:35,265 [DEBUG] cnn_neat: Added edge 4→1 (from 1 candidates)
2026-08-18 19:29:35,267 [DEBUG] cnn_neat: Removed hidden node 4 (pool=1)
2026-08-18 19:29:35,268 [DEBUG] cnn_neat: Removed edge 0→4 (from 1 candidates)
2026-08-18 19:29:35,269 [DEBUG] cnn_neat: Removed 1 edges (requested 3)
2026-08-18 19:29:35,271 [DEBUG] cnn_neat: Split edge 0→1, new hidden node 5 (pool=1)
2026-08-18 19:29:35,275 [DEBUG] cnn_neat: Removed hidden node 4 (pool=1)
2026-08-18 19:29:35,277 [DEBUG] cnn_neat: Removed edge 0→1 (from 3 candidates)
2026-08-18 19:29:35,279 [DEBUG] cnn_neat: Removed 1 edges (requested 3)
2026-08-18 19:29:35,282 [DEBUG] cnn_neat: Split edge 3→1, new hidden node 4 (pool=2)
2026-08-18 19:29:35,284 [DEBUG] cnn_neat: Added edge 0→1 (from 1 candidates)
2026-08-18 19:29:35,291 [DEBUG] cnn_neat: Split edge 4→3, new hidden node 5 (pool=6)
2026-08-18 19:29:35,296 [DEBUG] cnn_neat: Added edge 4→1 (from 3 candidates)
2026-08-18 19:29:35,301 [DEBUG] cnn_neat: Removed hidden node 3 (pool=2)
2026-08-18 19:29:35,304 [DEBUG] cnn_neat: Removed edge 2→3 (from 5 candidates)
2026-08-18 19:29:35,310 [DEBUG] cnn_neat: Removed 3 edges (requested 3)
2026-08-18 19:29:35,313 [DEBUG] cnn_neat: Split edge 2→1, new hidden node 6 (pool=6)
2026-08-18 19:29:35,316 [DEBUG] cnn_neat: Added edge 0→3 (from 7 candidates)
2026-08-18 19:29:35,319 [DEBUG] cnn_neat: Split edge 6→1, new hidden node 7 (pool=8)
2026-08-18 19:29:35,324 [DEBUG] cnn_neat: Removed hidden node 5 (pool=3)
2026-08-18 19:29:35,328 [DEBUG] cnn_neat: Added edge 0→5 (from 12 candidates)
2026-08-18 19:29:35,332 [DEBUG] cnn_neat: Split edge 3→1, new hidden node 6 (pool=2)
2026-08-18 19:29:35,340 [DEBUG] cnn_neat: Split edge 5→4, new hidden node 6 (pool=6)
2026-08-18 19:29:35,343 [DEBUG] cnn_neat: Added edge 4→1 (from 8 candidates)
2026-08-18 19:29:35,348 [DEBUG] cnn_neat: Removed hidden node 2 (pool=2)
2026-08-18 19:29:35,349 [DEBUG] cnn_neat: Saved generation 3
2026-08-18 19:29:35,411 [DEBUG] cnn_neat: Selected 25 elite individuals
2026-08-18 19:29:35,411 [DEBUG] cnn_neat: Removed edge 5→4 (from 4 candidates)
2026-08-18 19:29:35,429 [DEBUG] cnn_neat: Removed 3 edges (requested 3)
2026-08-18 19:29:35,473 [DEBUG] cnn_neat: Split edge 0→4, new hidden node 7 (pool=3)
2026-08-18 19:29:35,488 [DEBUG] cnn_neat: Split edge 4→1, new hidden node 6 (pool=2)
2026-08-18 19:29:35,506 [DEBUG] cnn_neat: Split edge 0→4, new hidden node 5 (pool=3)
2026-08-18 19:29:35,511 [DEBUG] cnn_neat: Added edge 4→1 (from 2 candidates)
2026-08-18 19:29:35,524 [DEBUG] cnn_neat: Split edge 0→1, new hidden node 4 (pool=1)
2026-08-18 19:29:35,531 [DEBUG] cnn_neat: Removed hidden node 3 (pool=1)
2026-08-18 19:29:35,535 [DEBUG] cnn_neat: Removed edge 3→1 (from 3 candidates)
2026-08-18 19:29:35,538 [DEBUG] cnn_neat: Removed 1 edges (requested 3)
2026-08-18 19:29:35,550 [DEBUG] cnn_neat: Split edge 2→4, new hidden node 12 (pool=8)
2026-08-18 19:29:35,557 [DEBUG] cnn_neat: Added edge 10→1 (from 24 candidates)
2026-08-18 19:29:35,566 [DEBUG] cnn_neat: Removed hidden node 4 (pool=6)
2026-08-18 19:29:35,571 [DEBUG] cnn_neat: Removed edge 7→10 (from 8 candidates)
2026-08-18 19:29:35,579 [DEBUG] cnn_neat: Removed 3 edges (requested 3)
2026-08-18 19:29:35,695 [DEBUG] cnn_neat: Split edge 10→11, new hidden node 13 (pool=4)
2026-08-18 19:29:35,813 [DEBUG] cnn_neat: Split edge 9→1, new hidden node 18 (pool=3)
2026-08-18 19:29:35,818 [DEBUG] cnn_neat: Added edge 8→2 (from 61 candidates)
2026-08-18 19:29:35,823 [DEBUG] cnn_neat: Removed hidden node 2 (pool=9)
2026-08-18 19:29:35,826 [DEBUG] cnn_neat: Removed edge 3→1 (from 7 candidates)
2026-08-18 19:29:35,832 [DEBUG] cnn_neat: Removed 3 edges (requested 3)
2026-08-18 19:29:35,836 [DEBUG] cnn_neat: Crossover rejected: union topology invalid (edges=21 nodes=16)
2026-08-18 19:29:35,840 [DEBUG] cnn_neat: Split edge 9→1, new hidden node 18 (pool=3)
2026-08-18 19:29:35,844 [DEBUG] cnn_neat: Added edge 18→16 (from 78 candidates)
2026-08-18 19:29:35,848 [DEBUG] cnn_neat: Added edge 3→16 (from 61 candidates)
2026-08-18 19:29:35,853 [DEBUG] cnn_neat: Added edge 9→17 (from 54 candidates)
2026-08-18 19:29:35,857 [DEBUG] cnn_neat: Added edge 2→9 (from 51 candidates)
2026-08-18 19:29:35,861 [DEBUG] cnn_neat: Added edge 13→8 (from 46 candidates)
2026-08-18 19:29:35,865 [DEBUG] cnn_neat: Added edge 2→13 (from 42 candidates)
2026-08-18 19:29:35,868 [DEBUG] cnn_neat: Split edge 10→1, new hidden node 11 (pool=4)
2026-08-18 19:29:35,871 [DEBUG] cnn_neat: Added edge 4→7 (from 7 candidates)
2026-08-18 19:29:35,876 [DEBUG] cnn_neat: Removed hidden node 4 (pool=5)
2026-08-18 19:29:35,879 [DEBUG] cnn_neat: Removed edge 3→1 (from 8 candidates)
2026-08-18 19:29:35,883 [DEBUG] cnn_neat: Removed 3 edges (requested 3)
2026-08-18 19:29:35,886 [DEBUG] cnn_neat: Crossover rejected: union topology invalid (edges=20 nodes=14)
2026-08-18 19:29:35,889 [DEBUG] cnn_neat: Split edge 2→1, new hidden node 11 (pool=4)
2026-08-18 19:29:35,892 [DEBUG] cnn_neat: Added edge 4→10 (from 7 candidates)
2026-08-18 19:29:35,895 [DEBUG] cnn_neat: Added edge 2→7 (from 6 candidates)
2026-08-18 19:29:35,898 [DEBUG] cnn_neat: Added edge 4→3 (from 5 candidates)
2026-08-18 19:29:35,901 [DEBUG] cnn_neat: Added edge 4→7 (from 7 candidates)
2026-08-18 19:29:35,903 [DEBUG] cnn_neat: Added edge 2→10 (from 6 candidates)
2026-08-18 19:29:35,907 [DEBUG] cnn_neat: Split edge 0→11, new hidden node 12 (pool=4)
2026-08-18 19:29:35,910 [DEBUG] cnn_neat: Added edge 9→5 (from 23 candidates)
2026-08-18 19:29:35,915 [DEBUG] cnn_neat: Removed hidden node 11 (pool=6)
2026-08-18 19:29:35,918 [DEBUG] cnn_neat: Removed edge 11→1 (from 5 candidates)
2026-08-18 19:29:35,923 [DEBUG] cnn_neat: Removed 3 edges (requested 3)
2026-08-18 19:29:35,926 [DEBUG] cnn_neat: Crossover rejected: union topology invalid (edges=17 nodes=11)
2026-08-18 19:29:35,929 [DEBUG] cnn_neat: Split edge 11→1, new hidden node 12 (pool=4)
2026-08-18 19:29:35,932 [DEBUG] cnn_neat: Added edge 4→9 (from 23 candidates)
2026-08-18 19:29:35,936 [DEBUG] cnn_neat: Added edge 4→3 (from 19 candidates)
2026-08-18 19:29:35,939 [DEBUG] cnn_neat: Added edge 4→10 (from 18 candidates)
2026-08-18 19:29:35,942 [DEBUG] cnn_neat: Added edge 3→10 (from 17 candidates)
2026-08-18 19:29:35,946 [DEBUG] cnn_neat: Added edge 5→10 (from 12 candidates)
2026-08-18 19:29:35,948 [DEBUG] cnn_neat: Split edge 0→5, new hidden node 8 (pool=6)
2026-08-18 19:29:35,950 [DEBUG] cnn_neat: Added edge 7→1 (from 6 candidates)
2026-08-18 19:29:35,953 [DEBUG] cnn_neat: Removed hidden node 2 (pool=1)
2026-08-18 19:29:35,955 [DEBUG] cnn_neat: Removed edge 0→2 (from 3 candidates)
2026-08-18 19:29:35,957 [DEBUG] cnn_neat: Removed 1 edges (requested 3)
2026-08-18 19:29:35,958 [DEBUG] cnn_neat: Split edge 0→2, new hidden node 8 (pool=5)
2026-08-18 19:29:35,961 [DEBUG] cnn_neat: Crossover union: A_edges=6 B_added=6 dup_skipped=0 child_edges=12 nodes=9
2026-08-18 19:29:35,963 [DEBUG] cnn_neat: Added edge 7→1 (from 6 candidates)
2026-08-18 19:29:35,965 [DEBUG] cnn_neat: Added edge 5→6 (from 5 candidates)
2026-08-18 19:29:35,967 [DEBUG] cnn_neat: Added edge 2→7 (from 6 candidates)
2026-08-18 19:29:35,969 [DEBUG] cnn_neat: Added edge 0→7 (from 5 candidates)
2026-08-18 19:29:35,971 [DEBUG] cnn_neat: Added edge 2→6 (from 4 candidates)
2026-08-18 19:29:35,974 [DEBUG] cnn_neat: Split edge 0→8, new hidden node 11 (pool=4)
2026-08-18 19:29:35,978 [DEBUG] cnn_neat: Added edge 3→8 (from 19 candidates)
2026-08-18 19:29:35,983 [DEBUG] cnn_neat: Removed hidden node 8 (pool=6)
2026-08-18 19:29:35,985 [DEBUG] cnn_neat: Removed edge 9→1 (from 10 candidates)
2026-08-18 19:29:35,989 [DEBUG] cnn_neat: Removed 3 edges (requested 3)
2026-08-18 19:29:35,992 [DEBUG] cnn_neat: Crossover rejected: union topology invalid (edges=16 nodes=11)
2026-08-18 19:29:35,995 [DEBUG] cnn_neat: Split edge 4→9, new hidden node 11 (pool=4)
2026-08-18 19:29:35,999 [DEBUG] cnn_neat: Added edge 8→2 (from 19 candidates)
2026-08-18 19:29:36,001 [DEBUG] cnn_neat: Added edge 10→2 (from 16 candidates)
2026-08-18 19:29:36,004 [DEBUG] cnn_neat: Added edge 9→3 (from 11 candidates)
2026-08-18 19:29:36,007 [DEBUG] cnn_neat: Added edge 4→10 (from 11 candidates)
2026-08-18 19:29:36,011 [DEBUG] cnn_neat: Added edge 4→3 (from 11 candidates)
2026-08-18 19:29:36,013 [DEBUG] cnn_neat: Split edge 3→4, new hidden node 6 (pool=4)
2026-08-18 19:29:36,015 [DEBUG] cnn_neat: Split edge 0→4, new hidden node 7 (pool=2)
2026-08-18 19:29:36,017 [DEBUG] cnn_neat: Added edge 3→5 (from 12 candidates)
2026-08-18 19:29:36,019 [DEBUG] cnn_neat: Added edge 0→5 (from 3 candidates)
2026-08-18 19:29:36,021 [DEBUG] cnn_neat: Split edge 4→1, new hidden node 6 (pool=7)
2026-08-18 19:29:36,024 [DEBUG] cnn_neat: Removed hidden node 5 (pool=2)
2026-08-18 19:29:36,026 [DEBUG] cnn_neat: Split edge 0→4, new hidden node 5 (pool=4)
2026-08-18 19:29:36,027 [DEBUG] cnn_neat: Removed edge 5→1 (from 6 candidates)
2026-08-18 19:29:36,030 [DEBUG] cnn_neat: Removed 3 edges (requested 3)
2026-08-18 19:29:36,032 [DEBUG] cnn_neat: Crossover rejected: union topology invalid (edges=12 nodes=9)
2026-08-18 19:29:36,034 [DEBUG] cnn_neat: Split edge 3→4, new hidden node 6 (pool=4)
2026-08-18 19:29:36,036 [DEBUG] cnn_neat: Added edge 0→5 (from 7 candidates)
2026-08-18 19:29:36,038 [DEBUG] cnn_neat: Added edge 0→5 (from 3 candidates)
2026-08-18 19:29:36,040 [DEBUG] cnn_neat: Added edge 0→1 (from 3 candidates)
2026-08-18 19:29:36,042 [DEBUG] cnn_neat: Added edge 3→1 (from 2 candidates)
2026-08-18 19:29:36,044 [DEBUG] cnn_neat: Added edge 3→5 (from 1 candidates)
2026-08-18 19:29:36,047 [DEBUG] cnn_neat: Split edge 0→1, new hidden node 6 (pool=1)
2026-08-18 19:29:36,051 [DEBUG] cnn_neat: Added edge 3→6 (from 7 candidates)
2026-08-18 19:29:36,053 [DEBUG] cnn_neat: Split edge 5→3, new hidden node 7 (pool=6)
2026-08-18 19:29:36,055 [DEBUG] cnn_neat: Added edge 6→5 (from 10 candidates)
2026-08-18 19:29:36,093 [DEBUG] cnn_neat: Split edge 0→4, new hidden node 5 (pool=3)
2026-08-18 19:29:36,127 [DEBUG] cnn_neat: Added edge 4→3 (from 3 candidates)
2026-08-18 19:29:36,190 [DEBUG] cnn_neat: Removed hidden node 3 (pool=1)
2026-08-18 19:29:36,194 [DEBUG] cnn_neat: Removed edge 3→1 (from 3 candidates)
2026-08-18 19:29:36,197 [DEBUG] cnn_neat: Removed 1 edges (requested 3)
2026-08-18 19:29:36,203 [DEBUG] cnn_neat: Split edge 2→5, new hidden node 6 (pool=3)
2026-08-18 19:29:36,207 [DEBUG] cnn_neat: Added edge 0→5 (from 2 candidates)
2026-08-18 19:29:36,214 [DEBUG] cnn_neat: Split edge 0→1, new hidden node 5 (pool=1)
2026-08-18 19:29:36,216 [DEBUG] cnn_neat: Added edge 4→1 (from 1 candidates)
2026-08-18 19:29:36,219 [DEBUG] cnn_neat: Removed hidden node 4 (pool=1)
2026-08-18 19:29:36,220 [DEBUG] cnn_neat: Removed edge 0→4 (from 1 candidates)
2026-08-18 19:29:36,222 [DEBUG] cnn_neat: Removed 1 edges (requested 3)
2026-08-18 19:29:36,226 [DEBUG] cnn_neat: Split edge 0→1, new hidden node 5 (pool=1)
2026-08-18 19:29:36,419 [DEBUG] cnn_neat: Removed hidden node 4 (pool=1)
2026-08-18 19:29:36,426 [DEBUG] cnn_neat: Removed edge 0→1 (from 3 candidates)
2026-08-18 19:29:36,434 [DEBUG] cnn_neat: Removed 2 edges (requested 3)
2026-08-18 19:29:36,442 [DEBUG] cnn_neat: Split edge 0→3, new hidden node 4 (pool=2)
2026-08-18 19:29:36,448 [DEBUG] cnn_neat: Added edge 0→1 (from 1 candidates)
2026-08-18 19:29:36,509 [DEBUG] cnn_neat: Split edge 4→2, new hidden node 5 (pool=3)
2026-08-18 19:29:36,515 [DEBUG] cnn_neat: Added edge 4→1 (from 2 candidates)
2026-08-18 19:29:36,534 [DEBUG] cnn_neat: Split edge 6→1, new hidden node 7 (pool=4)
2026-08-18 19:29:36,539 [DEBUG] cnn_neat: Added edge 0→6 (from 4 candidates)
2026-08-18 19:29:36,555 [DEBUG] cnn_neat: Split edge 6→1, new hidden node 7 (pool=2)
2026-08-18 19:29:36,563 [DEBUG] cnn_neat: Added edge 0→5 (from 4 candidates)
2026-08-18 19:29:36,566 [DEBUG] cnn_neat: Split edge 6→7, new hidden node 8 (pool=6)
2026-08-18 19:29:36,579 [DEBUG] cnn_neat: Removed hidden node 2 (pool=2)
2026-08-18 19:29:36,583 [DEBUG] cnn_neat: Added edge 6→1 (from 8 candidates)
2026-08-18 19:29:36,589 [DEBUG] cnn_neat: Split edge 4→1, new hidden node 6 (pool=3)
2026-08-18 19:29:36,593 [DEBUG] cnn_neat: Added edge 0→5 (from 3 candidates)
2026-08-18 19:29:36,599 [DEBUG] cnn_neat: Removed hidden node 5 (pool=1)
2026-08-18 19:29:36,601 [DEBUG] cnn_neat: Removed edge 4→1 (from 3 candidates)
2026-08-18 19:29:36,605 [DEBUG] cnn_neat: Removed 2 edges (requested 3)
2026-08-18 19:29:36,611 [DEBUG] cnn_neat: Split edge 5→1, new hidden node 6 (pool=6)
2026-08-18 19:29:36,615 [DEBUG] cnn_neat: Added edge 4→5 (from 6 candidates)
2026-08-18 19:29:36,622 [DEBUG] cnn_neat: Removed hidden node 5 (pool=2)
2026-08-18 19:29:36,624 [DEBUG] cnn_neat: Removed edge 2→3 (from 4 candidates)
2026-08-18 19:29:36,630 [DEBUG] cnn_neat: Removed 2 edges (requested 3)
2026-08-18 19:29:36,635 [DEBUG] cnn_neat: Split edge 0→4, new hidden node 7 (pool=4)
2026-08-18 19:29:36,638 [DEBUG] cnn_neat: Added edge 2→6 (from 10 candidates)
2026-08-18 19:29:36,642 [DEBUG] cnn_neat: Split edge 3→1, new hidden node 8 (pool=2)
2026-08-18 19:29:36,650 [DEBUG] cnn_neat: Removed hidden node 3 (pool=3)
2026-08-18 19:29:36,656 [DEBUG] cnn_neat: Added edge 0→4 (from 12 candidates)
2026-08-18 19:29:36,659 [DEBUG] cnn_neat: Split edge 2→3, new hidden node 7 (pool=8)
2026-08-18 19:29:36,666 [DEBUG] cnn_neat: Split edge 2→1, new hidden node 11 (pool=4)
2026-08-18 19:29:36,669 [DEBUG] cnn_neat: Added edge 4→3 (from 15 candidates)
2026-08-18 19:29:36,677 [DEBUG] cnn_neat: Removed hidden node 7 (pool=5)
2026-08-18 19:29:36,681 [DEBUG] cnn_neat: Removed edge 2→3 (from 8 candidates)
2026-08-18 19:29:36,687 [DEBUG] cnn_neat: Removed 3 edges (requested 3)
2026-08-18 19:29:36,692 [DEBUG] cnn_neat: Split edge 10→1, new hidden node 12 (pool=3)
2026-08-18 19:29:36,698 [DEBUG] cnn_neat: Split edge 4→3, new hidden node 11 (pool=9)
2026-08-18 19:29:36,702 [DEBUG] cnn_neat: Split edge 0→1, new hidden node 4 (pool=1)
2026-08-18 19:29:36,707 [DEBUG] cnn_neat: Removed hidden node 3 (pool=1)
2026-08-18 19:29:36,708 [DEBUG] cnn_neat: Removed edge 0→3 (from 3 candidates)
2026-08-18 19:29:36,710 [DEBUG] cnn_neat: Removed 2 edges (requested 3)
2026-08-18 19:29:36,714 [DEBUG] cnn_neat: Split edge 3→1, new hidden node 6 (pool=2)
2026-08-18 19:29:36,718 [DEBUG] cnn_neat: Added edge 0→5 (from 4 candidates)
2026-08-18 19:29:36,723 [DEBUG] cnn_neat: Removed hidden node 4 (pool=2)
2026-08-18 19:29:36,725 [DEBUG] cnn_neat: Removed edge 5→3 (from 4 candidates)
2026-08-18 19:29:36,729 [DEBUG] cnn_neat: Removed 3 edges (requested 3)
2026-08-18 19:29:36,733 [DEBUG] cnn_neat: Split edge 3→1, new hidden node 6 (pool=6)
2026-08-18 19:29:36,736 [DEBUG] cnn_neat: Split edge 0→3, new hidden node 6 (pool=3)
2026-08-18 19:29:36,740 [DEBUG] cnn_neat: Added edge 0→1 (from 4 candidates)
2026-08-18 19:29:36,742 [DEBUG] cnn_neat: Added edge 0→5 (from 3 candidates)
2026-08-18 19:29:36,749 [DEBUG] cnn_neat: Split edge 10→1, new hidden node 11 (pool=4)
2026-08-18 19:29:36,753 [DEBUG] cnn_neat: Added edge 4→7 (from 8 candidates)
2026-08-18 19:29:36,761 [DEBUG] cnn_neat: Removed hidden node 4 (pool=5)
2026-08-18 19:29:36,766 [DEBUG] cnn_neat: Removed edge 0→4 (from 8 candidates)
2026-08-18 19:29:36,774 [DEBUG] cnn_neat: Removed 3 edges (requested 3)
2026-08-18 19:29:36,777 [DEBUG] cnn_neat: Split edge 3→7, new hidden node 11 (pool=7)
2026-08-18 19:29:36,780 [DEBUG] cnn_neat: Split edge 0→7, new hidden node 11 (pool=3)
2026-08-18 19:29:36,782 [DEBUG] cnn_neat: Split edge 0→7, new hidden node 11 (pool=4)
2026-08-18 19:29:36,840 [DEBUG] cnn_neat: Split edge 0→8, new hidden node 11 (pool=3)
2026-08-18 19:29:36,842 [DEBUG] cnn_neat: Added edge 4→10 (from 22 candidates)
2026-08-18 19:29:36,846 [DEBUG] cnn_neat: Removed hidden node 3 (pool=6)
2026-08-18 19:29:36,852 [DEBUG] cnn_neat: Removed edge 4→2 (from 9 candidates)
2026-08-18 19:29:36,856 [DEBUG] cnn_neat: Removed 3 edges (requested 3)
2026-08-18 19:29:36,859 [DEBUG] cnn_neat: Split edge 9→10, new hidden node 11 (pool=6)
2026-08-18 19:29:36,860 [DEBUG] cnn_neat: Split edge 9→1, new hidden node 11 (pool=5)
2026-08-18 19:29:36,864 [DEBUG] cnn_neat: Split edge 0→5, new hidden node 6 (pool=2)
2026-08-18 19:29:36,866 [DEBUG] cnn_neat: Added edge 3→1 (from 3 candidates)
2026-08-18 19:29:36,868 [DEBUG] cnn_neat: Removed hidden node 4 (pool=3)
2026-08-18 19:29:36,870 [DEBUG] cnn_neat: Removed edge 0→5 (from 6 candidates)
2026-08-18 19:29:36,872 [DEBUG] cnn_neat: Removed 3 edges (requested 3)
2026-08-18 19:29:36,877 [DEBUG] cnn_neat: Split edge 9→12, new hidden node 13 (pool=3)
2026-08-18 19:29:36,881 [DEBUG] cnn_neat: Added edge 5→9 (from 44 candidates)
2026-08-18 19:29:36,886 [DEBUG] cnn_neat: Removed hidden node 10 (pool=8)
2026-08-18 19:29:36,888 [DEBUG] cnn_neat: Removed edge 2→3 (from 9 candidates)
2026-08-18 19:29:36,893 [DEBUG] cnn_neat: Removed 3 edges (requested 3)
2026-08-18 19:29:36,897 [DEBUG] cnn_neat: Split edge 0→9, new hidden node 13 (pool=3)
2026-08-18 19:29:36,899 [DEBUG] cnn_neat: Split edge 11→12, new hidden node 13 (pool=4)
2026-08-18 19:29:36,902 [DEBUG] cnn_neat: Split edge 0→3, new hidden node 6 (pool=3)
2026-08-18 19:29:36,903 [DEBUG] cnn_neat: Added edge 3→5 (from 4 candidates)
2026-08-18 19:29:36,905 [DEBUG] cnn_neat: Removed hidden node 5 (pool=1)
2026-08-18 19:29:36,906 [DEBUG] cnn_neat: Removed edge 4→5 (from 1 candidates)
2026-08-18 19:29:36,907 [DEBUG] cnn_neat: Removed 1 edges (requested 3)
2026-08-18 19:29:36,909 [DEBUG] cnn_neat: Split edge 3→4, new hidden node 6 (pool=5)
2026-08-18 19:29:36,910 [DEBUG] cnn_neat: Added edge 0→4 (from 4 candidates)
2026-08-18 19:29:36,914 [DEBUG] cnn_neat: Split edge 6→4, new hidden node 7 (pool=6)
2026-08-18 19:29:36,921 [DEBUG] cnn_neat: Removed hidden node 5 (pool=1)
2026-08-18 19:29:36,926 [DEBUG] cnn_neat: Added edge 5→1 (from 7 candidates)
2026-08-18 19:29:36,930 [DEBUG] cnn_neat: Split edge 4→5, new hidden node 6 (pool=6)
2026-08-18 19:29:36,937 [DEBUG] cnn_neat: Split edge 3→1, new hidden node 5 (pool=6)
2026-08-18 19:29:36,940 [DEBUG] cnn_neat: Added edge 4→1 (from 3 candidates)
2026-08-18 19:29:36,946 [DEBUG] cnn_neat: Removed hidden node 2 (pool=2)
2026-08-18 19:29:36,947 [DEBUG] cnn_neat: Removed edge 3→1 (from 5 candidates)
2026-08-18 19:29:36,950 [DEBUG] cnn_neat: Removed 3 edges (requested 3)
2026-08-18 19:29:36,951 [DEBUG] cnn_neat: Split edge 2→3, new hidden node 6 (pool=4)
2026-08-18 19:29:36,953 [DEBUG] cnn_neat: Added edge 0→5 (from 5 candidates)
2026-08-18 19:29:36,956 [DEBUG] cnn_neat: Split edge 2→1, new hidden node 7 (pool=3)
2026-08-18 19:29:36,959 [DEBUG] cnn_neat: Removed hidden node 2 (pool=3)
2026-08-18 19:29:36,961 [DEBUG] cnn_neat: Added edge 0→3 (from 9 candidates)
2026-08-18 19:29:36,965 [DEBUG] cnn_neat: Split edge 2→1, new hidden node 5 (pool=3)
2026-08-18 19:29:36,966 [DEBUG] cnn_neat: Added edge 0→2 (from 3 candidates)
2026-08-18 19:29:36,969 [DEBUG] cnn_neat: Removed hidden node 3 (pool=1)
2026-08-18 19:29:36,970 [DEBUG] cnn_neat: Removed edge 3→1 (from 3 candidates)
2026-08-18 19:29:36,972 [DEBUG] cnn_neat: Removed 2 edges (requested 3)
2026-08-18 19:29:36,975 [DEBUG] cnn_neat: Split edge 0→2, new hidden node 6 (pool=3)
2026-08-18 19:29:36,976 [DEBUG] cnn_neat: Added edge 0→5 (from 2 candidates)
2026-08-18 19:29:36,980 [DEBUG] cnn_neat: Split edge 0→1, new hidden node 5 (pool=1)
2026-08-18 19:29:36,981 [DEBUG] cnn_neat: Added edge 4→1 (from 1 candidates)
2026-08-18 19:29:36,982 [DEBUG] cnn_neat: Removed hidden node 4 (pool=1)
2026-08-18 19:29:36,983 [DEBUG] cnn_neat: Removed edge 0→4 (from 1 candidates)
2026-08-18 19:29:36,983 [DEBUG] cnn_neat: Removed 1 edges (requested 3)
2026-08-18 19:29:36,988 [DEBUG] cnn_neat: Split edge 0→3, new hidden node 6 (pool=7)
2026-08-18 19:29:36,991 [DEBUG] cnn_neat: Added edge 0→4 (from 2 candidates)
2026-08-18 19:29:36,995 [DEBUG] cnn_neat: Removed hidden node 2 (pool=4)
2026-08-18 19:29:36,998 [DEBUG] cnn_neat: Removed edge 4→1 (from 11 candidates)
2026-08-18 19:29:37,004 [DEBUG] cnn_neat: Removed 3 edges (requested 3)
2026-08-18 19:29:37,010 [DEBUG] cnn_neat: Split edge 2→3, new hidden node 7 (pool=7)
2026-08-18 19:29:37,013 [DEBUG] cnn_neat: Split edge 5→1, new hidden node 6 (pool=4)
2026-08-18 19:29:37,026 [DEBUG] cnn_neat: Split edge 9→1, new hidden node 18 (pool=3)
2026-08-18 19:29:37,035 [DEBUG] cnn_neat: Added edge 2→8 (from 61 candidates)
2026-08-18 19:29:37,046 [DEBUG] cnn_neat: Removed hidden node 16 (pool=9)
2026-08-18 19:29:37,049 [DEBUG] cnn_neat: Removed edge 9→10 (from 7 candidates)
2026-08-18 19:29:37,055 [DEBUG] cnn_neat: Removed 3 edges (requested 3)
2026-08-18 19:29:37,059 [DEBUG] cnn_neat: Split edge 2→8, new hidden node 18 (pool=4)
2026-08-18 19:29:37,061 [DEBUG] cnn_neat: Split edge 0→13, new hidden node 18 (pool=4)
2026-08-18 19:29:37,066 [DEBUG] cnn_neat: Split edge 0→7, new hidden node 11 (pool=4)
2026-08-18 19:29:37,069 [DEBUG] cnn_neat: Added edge 2→7 (from 7 candidates)
2026-08-18 19:29:37,073 [DEBUG] cnn_neat: Removed hidden node 3 (pool=5)
2026-08-18 19:29:37,075 [DEBUG] cnn_neat: Removed edge 3→7 (from 8 candidates)
2026-08-18 19:29:37,084 [DEBUG] cnn_neat: Removed 3 edges (requested 3)
2026-08-18 19:29:37,090 [DEBUG] cnn_neat: Split edge 0→4, new hidden node 12 (pool=3)
2026-08-18 19:29:37,102 [DEBUG] cnn_neat: Split edge 3→1, new hidden node 12 (pool=4)
2026-08-18 19:29:37,112 [DEBUG] cnn_neat: Added edge 3→10 (from 23 candidates)
2026-08-18 19:29:37,124 [DEBUG] cnn_neat: Removed hidden node 10 (pool=6)
2026-08-18 19:29:37,127 [DEBUG] cnn_neat: Removed edge 10→11 (from 5 candidates)
2026-08-18 19:29:37,132 [DEBUG] cnn_neat: Removed 3 edges (requested 3)
2026-08-18 19:29:37,135 [DEBUG] cnn_neat: Split edge 11→1, new hidden node 13 (pool=2)
2026-08-18 19:29:37,139 [DEBUG] cnn_neat: Split edge 2→5, new hidden node 8 (pool=6)
2026-08-18 19:29:37,141 [DEBUG] cnn_neat: Added edge 7→1 (from 6 candidates)
2026-08-18 19:29:37,144 [DEBUG] cnn_neat: Removed hidden node 2 (pool=1)
2026-08-18 19:29:37,146 [DEBUG] cnn_neat: Removed edge 0→2 (from 3 candidates)
2026-08-18 19:29:37,147 [DEBUG] cnn_neat: Removed 1 edges (requested 3)
2026-08-18 19:29:37,149 [DEBUG] cnn_neat: Split edge 0→2, new hidden node 9 (pool=7)
2026-08-18 19:29:37,151 [DEBUG] cnn_neat: Added edge 2→7 (from 11 candidates)
2026-08-18 19:29:37,153 [DEBUG] cnn_neat: Split edge 5→7, new hidden node 10 (pool=8)
2026-08-18 19:29:37,157 [DEBUG] cnn_neat: Removed hidden node 2 (pool=2)
2026-08-18 19:29:37,159 [DEBUG] cnn_neat: Added edge 8→1 (from 16 candidates)
2026-08-18 19:29:37,164 [DEBUG] cnn_neat: Split edge 9→1, new hidden node 11 (pool=4)
2026-08-18 19:29:37,171 [DEBUG] cnn_neat: Added edge 3→8 (from 19 candidates)
2026-08-18 19:29:37,174 [DEBUG] cnn_neat: Removed hidden node 9 (pool=6)
2026-08-18 19:29:37,177 [DEBUG] cnn_neat: Removed edge 0→4 (from 10 candidates)
2026-08-18 19:29:37,185 [DEBUG] cnn_neat: Removed 3 edges (requested 3)
2026-08-18 19:29:37,188 [DEBUG] cnn_neat: Split edge 3→1, new hidden node 12 (pool=11)
2026-08-18 19:29:37,190 [DEBUG] cnn_neat: Split edge 0→4, new hidden node 11 (pool=6)
2026-08-18 19:29:37,193 [DEBUG] cnn_neat: Split edge 0→1, new hidden node 5 (pool=1)
2026-08-18 19:29:37,303 [DEBUG] cnn_neat: Removed hidden node 4 (pool=1)
2026-08-18 19:29:37,304 [DEBUG] cnn_neat: Removed edge 0→1 (from 3 candidates)
2026-08-18 19:29:37,308 [DEBUG] cnn_neat: Removed 2 edges (requested 3)
2026-08-18 19:29:37,312 [DEBUG] cnn_neat: Split edge 0→3, new hidden node 4 (pool=2)
2026-08-18 19:29:37,315 [DEBUG] cnn_neat: Added edge 0→1 (from 1 candidates)
2026-08-18 19:29:37,322 [DEBUG] cnn_neat: Split edge 2→1, new hidden node 5 (pool=3)
2026-08-18 19:29:37,326 [DEBUG] cnn_neat: Added edge 0→2 (from 2 candidates)
2026-08-18 19:29:37,338 [DEBUG] cnn_neat: Split edge 3→4, new hidden node 6 (pool=4)
2026-08-18 19:29:37,340 [DEBUG] cnn_neat: Added edge 3→5 (from 3 candidates)
2026-08-18 19:29:37,349 [DEBUG] cnn_neat: Removed hidden node 3 (pool=2)
2026-08-18 19:29:37,353 [DEBUG] cnn_neat: Removed edge 4→1 (from 6 candidates)
2026-08-18 19:29:37,356 [DEBUG] cnn_neat: Removed 3 edges (requested 3)
2026-08-18 19:29:37,360 [DEBUG] cnn_neat: Split edge 4→1, new hidden node 6 (pool=3)
2026-08-18 19:29:37,362 [DEBUG] cnn_neat: Added edge 0→5 (from 3 candidates)
2026-08-18 19:29:37,364 [DEBUG] cnn_neat: Removed hidden node 5 (pool=1)
2026-08-18 19:29:37,366 [DEBUG] cnn_neat: Removed edge 4→1 (from 3 candidates)
2026-08-18 19:29:37,367 [DEBUG] cnn_neat: Removed 1 edges (requested 3)
2026-08-18 19:29:37,370 [DEBUG] cnn_neat: Split edge 3→1, new hidden node 7 (pool=6)
2026-08-18 19:29:37,371 [DEBUG] cnn_neat: Added edge 6→5 (from 10 candidates)
2026-08-18 19:29:37,374 [DEBUG] cnn_neat: Removed hidden node 5 (pool=3)
2026-08-18 19:29:37,376 [DEBUG] cnn_neat: Removed edge 0→4 (from 5 candidates)
2026-08-18 19:29:37,378 [DEBUG] cnn_neat: Removed 2 edges (requested 3)
2026-08-18 19:29:37,380 [DEBUG] cnn_neat: Split edge 0→6, new hidden node 8 (pool=7)
2026-08-18 19:29:37,382 [DEBUG] cnn_neat: Split edge 0→6, new hidden node 7 (pool=4)
2026-08-18 19:29:37,383 [DEBUG] cnn_neat: Split edge 5→3, new hidden node 7 (pool=5)
2026-08-18 19:29:37,391 [DEBUG] cnn_neat: Split edge 2→5, new hidden node 7 (pool=5)
2026-08-18 19:29:37,393 [DEBUG] cnn_neat: Added edge 2→1 (from 4 candidates)
2026-08-18 19:29:37,399 [DEBUG] cnn_neat: Removed hidden node 2 (pool=1)
2026-08-18 19:29:37,401 [DEBUG] cnn_neat: Removed edge 2→5 (from 3 candidates)
2026-08-18 19:29:37,402 [DEBUG] cnn_neat: Removed 2 edges (requested 3)
2026-08-18 19:29:37,404 [DEBUG] cnn_neat: Split edge 2→7, new hidden node 8 (pool=6)
2026-08-18 19:29:37,406 [DEBUG] cnn_neat: Added edge 2→6 (from 8 candidates)
2026-08-18 19:29:37,408 [DEBUG] cnn_neat: Split edge 0→5, new hidden node 9 (pool=3)
2026-08-18 19:29:37,411 [DEBUG] cnn_neat: Removed hidden node 7 (pool=2)
2026-08-18 19:29:37,413 [DEBUG] cnn_neat: Added edge 0→7 (from 10 candidates)
2026-08-18 19:29:37,415 [DEBUG] cnn_neat: Split edge 2→6, new hidden node 8 (pool=7)
2026-08-18 19:29:37,419 [DEBUG] cnn_neat: Split edge 0→4, new hidden node 10 (pool=6)
2026-08-18 19:29:37,422 [DEBUG] cnn_neat: Added edge 4→9 (from 22 candidates)
2026-08-18 19:29:37,427 [DEBUG] cnn_neat: Removed hidden node 2 (pool=6)
2026-08-18 19:29:37,432 [DEBUG] cnn_neat: Removed edge 8→1 (from 10 candidates)
2026-08-18 19:29:37,445 [DEBUG] cnn_neat: Removed 3 edges (requested 3)
2026-08-18 19:29:37,455 [DEBUG] cnn_neat: Split edge 4→3, new hidden node 11 (pool=11)
2026-08-18 19:29:37,462 [DEBUG] cnn_neat: Split edge 0→1, new hidden node 4 (pool=1)
2026-08-18 19:29:37,470 [DEBUG] cnn_neat: Removed hidden node 3 (pool=1)
2026-08-18 19:29:37,474 [DEBUG] cnn_neat: Removed edge 3→1 (from 3 candidates)
2026-08-18 19:29:37,478 [DEBUG] cnn_neat: Removed 2 edges (requested 3)
2026-08-18 19:29:37,486 [DEBUG] cnn_neat: Split edge 7→10, new hidden node 12 (pool=3)
2026-08-18 19:29:37,488 [DEBUG] cnn_neat: Added edge 3→10 (from 15 candidates)
2026-08-18 19:29:37,493 [DEBUG] cnn_neat: Removed hidden node 3 (pool=6)
2026-08-18 19:29:37,495 [DEBUG] cnn_neat: Removed edge 7→10 (from 7 candidates)
2026-08-18 19:29:37,499 [DEBUG] cnn_neat: Removed 3 edges (requested 3)
2026-08-18 19:29:37,502 [DEBUG] cnn_neat: Split edge 3→7, new hidden node 13 (pool=11)
2026-08-18 19:29:37,504 [DEBUG] cnn_neat: Split edge 0→7, new hidden node 12 (pool=3)
2026-08-18 19:29:37,508 [DEBUG] cnn_neat: Split edge 0→9, new hidden node 13 (pool=3)
2026-08-18 19:29:37,511 [DEBUG] cnn_neat: Added edge 3→11 (from 33 candidates)
2026-08-18 19:29:37,516 [DEBUG] cnn_neat: Removed hidden node 11 (pool=7)
2026-08-18 19:29:37,518 [DEBUG] cnn_neat: Removed edge 4→2 (from 9 candidates)
2026-08-18 19:29:37,523 [DEBUG] cnn_neat: Removed 3 edges (requested 3)
2026-08-18 19:29:37,526 [DEBUG] cnn_neat: Split edge 12→1, new hidden node 14 (pool=6)
2026-08-18 19:29:37,529 [DEBUG] cnn_neat: Split edge 4→5, new hidden node 6 (pool=4)
2026-08-18 19:29:37,530 [DEBUG] cnn_neat: Added edge 5→1 (from 4 candidates)
2026-08-18 19:29:37,533 [DEBUG] cnn_neat: Split edge 5→3, new hidden node 7 (pool=5)
2026-08-18 19:29:37,535 [DEBUG] cnn_neat: Split edge 5→1, new hidden node 6 (pool=3)
2026-08-18 19:29:37,537 [DEBUG] cnn_neat: Added edge 6→3 (from 6 candidates)
2026-08-18 19:29:37,539 [DEBUG] cnn_neat: Added edge 0→5 (from 3 candidates)
2026-08-18 19:29:37,547 [DEBUG] cnn_neat: Split edge 4→5, new hidden node 6 (pool=5)
2026-08-18 19:29:37,551 [DEBUG] cnn_neat: Added edge 3→1 (from 4 candidates)
2026-08-18 19:29:37,557 [DEBUG] cnn_neat: Removed hidden node 5 (pool=1)
2026-08-18 19:29:37,558 [DEBUG] cnn_neat: Removed edge 0→5 (from 2 candidates)
2026-08-18 19:29:37,560 [DEBUG] cnn_neat: Removed 2 edges (requested 3)
2026-08-18 19:29:37,561 [DEBUG] cnn_neat: Split edge 3→4, new hidden node 7 (pool=4)
2026-08-18 19:29:37,563 [DEBUG] cnn_neat: Split edge 0→5, new hidden node 6 (pool=3)
2026-08-18 19:29:37,564 [DEBUG] cnn_neat: Added edge 6→1 (from 6 candidates)
2026-08-18 19:29:37,566 [DEBUG] cnn_neat: Added edge 3→5 (from 3 candidates)
2026-08-18 19:29:37,568 [DEBUG] cnn_neat: Split edge 8→9, new hidden node 11 (pool=6)
2026-08-18 19:29:37,570 [DEBUG] cnn_neat: Added edge 10→9 (from 22 candidates)
2026-08-18 19:29:37,572 [DEBUG] cnn_neat: Removed hidden node 2 (pool=3)
2026-08-18 19:29:37,574 [DEBUG] cnn_neat: Removed edge 10→1 (from 3 candidates)
2026-08-18 19:29:37,576 [DEBUG] cnn_neat: Removed 3 edges (requested 3)
2026-08-18 19:29:37,577 [DEBUG] cnn_neat: Split edge 0→8, new hidden node 12 (pool=7)
2026-08-18 19:29:37,580 [DEBUG] cnn_neat: Split edge 3→4, new hidden node 7 (pool=7)
2026-08-18 19:29:37,582 [DEBUG] cnn_neat: Added edge 6→1 (from 9 candidates)
2026-08-18 19:29:37,699 [DEBUG] cnn_neat: Removed hidden node 4 (pool=4)
2026-08-18 19:29:37,705 [DEBUG] cnn_neat: Removed edge 6→5 (from 7 candidates)
2026-08-18 19:29:37,711 [DEBUG] cnn_neat: Removed 3 edges (requested 3)
2026-08-18 19:29:37,713 [DEBUG] cnn_neat: Split edge 0→6, new hidden node 8 (pool=3)
2026-08-18 19:29:37,715 [DEBUG] cnn_neat: Split edge 0→6, new hidden node 7 (pool=2)
2026-08-18 19:29:37,718 [DEBUG] cnn_neat: Split edge 0→5, new hidden node 6 (pool=2)
2026-08-18 19:29:37,720 [DEBUG] cnn_neat: Added edge 3→1 (from 3 candidates)
2026-08-18 19:29:37,723 [DEBUG] cnn_neat: Removed hidden node 3 (pool=3)
2026-08-18 19:29:37,725 [DEBUG] cnn_neat: Removed edge 0→5 (from 6 candidates)
2026-08-18 19:29:37,727 [DEBUG] cnn_neat: Removed 3 edges (requested 3)
2026-08-18 19:29:37,728 [DEBUG] cnn_neat: Split edge 5→1, new hidden node 6 (pool=4)
2026-08-18 19:29:37,729 [DEBUG] cnn_neat: Added edge 0→4 (from 2 candidates)
2026-08-18 19:29:37,730 [DEBUG] cnn_neat: Split edge 0→5, new hidden node 7 (pool=5)
2026-08-18 19:29:37,732 [DEBUG] cnn_neat: Removed hidden node 4 (pool=1)
2026-08-18 19:29:37,733 [DEBUG] cnn_neat: Added edge 0→6 (from 4 candidates)
2026-08-18 19:29:37,735 [DEBUG] cnn_neat: Split edge 7→5, new hidden node 8 (pool=6)
2026-08-18 19:29:37,738 [DEBUG] cnn_neat: Split edge 0→4, new hidden node 5 (pool=3)
2026-08-18 19:29:37,739 [DEBUG] cnn_neat: Added edge 4→3 (from 3 candidates)
2026-08-18 19:29:37,743 [DEBUG] cnn_neat: Removed hidden node 3 (pool=1)
2026-08-18 19:29:37,750 [DEBUG] cnn_neat: Removed edge 2→3 (from 3 candidates)
2026-08-18 19:29:37,753 [DEBUG] cnn_neat: Removed 2 edges (requested 3)
2026-08-18 19:29:37,758 [DEBUG] cnn_neat: Split edge 0→2, new hidden node 6 (pool=3)
2026-08-18 19:29:37,759 [DEBUG] cnn_neat: Added edge 2→1 (from 2 candidates)
2026-08-18 19:29:37,769 [DEBUG] cnn_neat: Split edge 0→1, new hidden node 5 (pool=1)
2026-08-18 19:29:37,771 [DEBUG] cnn_neat: Added edge 4→1 (from 1 candidates)
2026-08-18 19:29:37,772 [DEBUG] cnn_neat: Removed hidden node 4 (pool=1)
2026-08-18 19:29:37,775 [DEBUG] cnn_neat: Removed edge 0→4 (from 1 candidates)
2026-08-18 19:29:37,777 [DEBUG] cnn_neat: Removed 1 edges (requested 3)
2026-08-18 19:29:37,781 [DEBUG] cnn_neat: Split edge 4→2, new hidden node 8 (pool=4)
2026-08-18 19:29:37,782 [DEBUG] cnn_neat: Added edge 0→2 (from 5 candidates)
2026-08-18 19:29:37,785 [DEBUG] cnn_neat: Removed hidden node 3 (pool=2)
2026-08-18 19:29:37,787 [DEBUG] cnn_neat: Removed edge 3→7 (from 4 candidates)
2026-08-18 19:29:37,789 [DEBUG] cnn_neat: Removed 3 edges (requested 3)
2026-08-18 19:29:37,791 [DEBUG] cnn_neat: Split edge 0→4, new hidden node 9 (pool=5)
2026-08-18 19:29:37,793 [DEBUG] cnn_neat: Split edge 0→7, new hidden node 8 (pool=5)
2026-08-18 19:29:37,796 [DEBUG] cnn_neat: Split edge 7→10, new hidden node 11 (pool=5)
2026-08-18 19:29:37,798 [DEBUG] cnn_neat: Added edge 2→10 (from 10 candidates)
2026-08-18 19:29:37,800 [DEBUG] cnn_neat: Removed hidden node 3 (pool=3)
2026-08-18 19:29:37,802 [DEBUG] cnn_neat: Removed edge 7→10 (from 5 candidates)
2026-08-18 19:29:37,804 [DEBUG] cnn_neat: Removed 3 edges (requested 3)
2026-08-18 19:29:37,806 [DEBUG] cnn_neat: Split edge 0→4, new hidden node 12 (pool=3)
2026-08-18 19:29:37,808 [DEBUG] cnn_neat: Split edge 0→4, new hidden node 11 (pool=6)
2026-08-18 19:29:37,811 [DEBUG] cnn_neat: Split edge 5→1, new hidden node 6 (pool=3)
2026-08-18 19:29:37,813 [DEBUG] cnn_neat: Added edge 0→4 (from 2 candidates)
2026-08-18 19:29:37,816 [DEBUG] cnn_neat: Removed hidden node 3 (pool=3)
2026-08-18 19:29:37,818 [DEBUG] cnn_neat: Removed edge 5→1 (from 6 candidates)
2026-08-18 19:29:37,820 [DEBUG] cnn_neat: Removed 3 edges (requested 3)
2026-08-18 19:29:37,823 [DEBUG] cnn_neat: Split edge 3→1, new hidden node 7 (pool=2)
2026-08-18 19:29:37,825 [DEBUG] cnn_neat: Split edge 0→3, new hidden node 6 (pool=8)
2026-08-18 19:29:37,826 [DEBUG] cnn_neat: Split edge 0→3, new hidden node 6 (pool=3)
2026-08-18 19:29:37,829 [DEBUG] cnn_neat: Split edge 0→8, new hidden node 11 (pool=5)
2026-08-18 19:29:37,831 [DEBUG] cnn_neat: Added edge 4→8 (from 16 candidates)
2026-08-18 19:29:37,834 [DEBUG] cnn_neat: Removed hidden node 4 (pool=3)
2026-08-18 19:29:37,835 [DEBUG] cnn_neat: Removed edge 0→4 (from 5 candidates)
2026-08-18 19:29:37,838 [DEBUG] cnn_neat: Removed 3 edges (requested 3)
2026-08-18 19:29:37,840 [DEBUG] cnn_neat: Split edge 3→1, new hidden node 12 (pool=6)
2026-08-18 19:29:37,842 [DEBUG] cnn_neat: Split edge 0→8, new hidden node 11 (pool=6)
2026-08-18 19:29:37,846 [DEBUG] cnn_neat: Split edge 0→2, new hidden node 8 (pool=7)
2026-08-18 19:29:37,847 [DEBUG] cnn_neat: Added edge 0→6 (from 7 candidates)
2026-08-18 19:29:37,852 [DEBUG] cnn_neat: Removed hidden node 2 (pool=2)
2026-08-18 19:29:37,860 [DEBUG] cnn_neat: Removed edge 0→5 (from 6 candidates)
2026-08-18 19:29:37,866 [DEBUG] cnn_neat: Removed 3 edges (requested 3)
2026-08-18 19:29:37,872 [DEBUG] cnn_neat: Split edge 5→6, new hidden node 9 (pool=8)
2026-08-18 19:29:37,874 [DEBUG] cnn_neat: Split edge 2→5, new hidden node 8 (pool=5)
2026-08-18 19:29:37,876 [DEBUG] cnn_neat: Split edge 0→5, new hidden node 8 (pool=5)
2026-08-18 19:29:37,881 [DEBUG] cnn_neat: Split edge 0→2, new hidden node 7 (pool=6)
2026-08-18 19:29:37,884 [DEBUG] cnn_neat: Added edge 5→2 (from 9 candidates)
2026-08-18 19:29:37,889 [DEBUG] cnn_neat: Removed hidden node 6 (pool=5)
2026-08-18 19:29:37,892 [DEBUG] cnn_neat: Removed edge 4→3 (from 11 candidates)
2026-08-18 19:29:37,897 [DEBUG] cnn_neat: Removed 3 edges (requested 3)
2026-08-18 19:29:37,900 [DEBUG] cnn_neat: Split edge 5→1, new hidden node 8 (pool=3)
2026-08-18 19:29:37,905 [DEBUG] cnn_neat: Split edge 0→9, new hidden node 13 (pool=3)
2026-08-18 19:29:37,908 [DEBUG] cnn_neat: Added edge 12→3 (from 46 candidates)
2026-08-18 19:29:37,912 [DEBUG] cnn_neat: Removed hidden node 4 (pool=8)
2026-08-18 19:29:37,915 [DEBUG] cnn_neat: Removed edge 9→12 (from 8 candidates)
2026-08-18 19:29:37,919 [DEBUG] cnn_neat: Removed 3 edges (requested 3)
2026-08-18 19:29:37,922 [DEBUG] cnn_neat: Split edge 12→1, new hidden node 14 (pool=7)
2026-08-18 19:29:37,925 [DEBUG] cnn_neat: Split edge 2→1, new hidden node 6 (pool=3)
2026-08-18 19:29:37,927 [DEBUG] cnn_neat: Added edge 5→2 (from 2 candidates)
2026-08-18 19:29:37,930 [DEBUG] cnn_neat: Removed hidden node 5 (pool=3)
2026-08-18 19:29:37,932 [DEBUG] cnn_neat: Removed edge 4→2 (from 6 candidates)
2026-08-18 19:29:37,935 [DEBUG] cnn_neat: Removed 3 edges (requested 3)
2026-08-18 19:29:37,937 [DEBUG] cnn_neat: Split edge 5→2, new hidden node 6 (pool=4)
2026-08-18 19:29:37,938 [DEBUG] cnn_neat: Split edge 2→1, new hidden node 5 (pool=4)
2026-08-18 19:29:37,941 [DEBUG] cnn_neat: Split edge 3→4, new hidden node 7 (pool=7)
2026-08-18 19:29:37,943 [DEBUG] cnn_neat: Added edge 6→5 (from 8 candidates)
2026-08-18 19:29:37,946 [DEBUG] cnn_neat: Removed hidden node 5 (pool=3)
2026-08-18 19:29:37,948 [DEBUG] cnn_neat: Removed edge 6→1 (from 7 candidates)
2026-08-18 19:29:37,951 [DEBUG] cnn_neat: Removed 3 edges (requested 3)
2026-08-18 19:29:37,953 [DEBUG] cnn_neat: Split edge 5→1, new hidden node 8 (pool=8)
2026-08-18 19:29:37,962 [DEBUG] cnn_neat: Split edge 2→1, new hidden node 6 (pool=6)
2026-08-18 19:29:37,968 [DEBUG] cnn_neat: Added edge 3→2 (from 6 candidates)
2026-08-18 19:29:37,971 [DEBUG] cnn_neat: Removed hidden node 5 (pool=4)
2026-08-18 19:29:37,974 [DEBUG] cnn_neat: Removed edge 3→1 (from 9 candidates)
2026-08-18 19:29:37,977 [DEBUG] cnn_neat: Removed 3 edges (requested 3)
2026-08-18 19:29:37,980 [DEBUG] cnn_neat: Split edge 5→3, new hidden node 7 (pool=4)
2026-08-18 19:29:38,029 [DEBUG] cnn_neat: Split edge 0→4, new hidden node 7 (pool=2)
2026-08-18 19:29:38,039 [DEBUG] cnn_neat: Added edge 6→1 (from 7 candidates)
2026-08-18 19:29:38,049 [DEBUG] cnn_neat: Removed hidden node 6 (pool=3)
2026-08-18 19:29:38,057 [DEBUG] cnn_neat: Removed edge 4→1 (from 7 candidates)
2026-08-18 19:29:38,102 [DEBUG] cnn_neat: Removed 3 edges (requested 3)
2026-08-18 19:29:38,110 [DEBUG] cnn_neat: Split edge 0→4, new hidden node 7 (pool=2)
2026-08-18 19:29:38,115 [DEBUG] cnn_neat: Split edge 0→3, new hidden node 6 (pool=3)
2026-08-18 19:29:38,231 [DEBUG] cnn_neat: Split edge 0→3, new hidden node 6 (pool=3)
2026-08-18 19:29:38,239 [DEBUG] cnn_neat: Split edge 0→1, new hidden node 5 (pool=1)
2026-08-18 19:29:38,242 [DEBUG] cnn_neat: Removed hidden node 4 (pool=1)
2026-08-18 19:29:38,243 [DEBUG] cnn_neat: Removed edge 0→1 (from 3 candidates)
2026-08-18 19:29:38,244 [DEBUG] cnn_neat: Removed 2 edges (requested 3)
2026-08-18 19:29:38,246 [DEBUG] cnn_neat: Split edge 0→3, new hidden node 4 (pool=2)
2026-08-18 19:29:38,247 [DEBUG] cnn_neat: Added edge 0→1 (from 1 candidates)
2026-08-18 19:29:38,251 [DEBUG] cnn_neat: Split edge 4→2, new hidden node 5 (pool=3)
2026-08-18 19:29:38,252 [DEBUG] cnn_neat: Added edge 0→2 (from 2 candidates)
2026-08-18 19:29:38,257 [DEBUG] cnn_neat: Split edge 3→4, new hidden node 6 (pool=3)
2026-08-18 19:29:38,258 [DEBUG] cnn_neat: Added edge 0→4 (from 3 candidates)
2026-08-18 19:29:38,261 [DEBUG] cnn_neat: Removed hidden node 5 (pool=1)
2026-08-18 19:29:38,262 [DEBUG] cnn_neat: Removed edge 5→1 (from 3 candidates)
2026-08-18 19:29:38,264 [DEBUG] cnn_neat: Removed 2 edges (requested 3)
2026-08-18 19:29:38,267 [DEBUG] cnn_neat: Split edge 0→1, new hidden node 4 (pool=1)
2026-08-18 19:29:38,270 [DEBUG] cnn_neat: Removed hidden node 3 (pool=1)
2026-08-18 19:29:38,274 [DEBUG] cnn_neat: Removed edge 0→3 (from 3 candidates)
2026-08-18 19:29:38,279 [DEBUG] cnn_neat: Removed 2 edges (requested 3)
2026-08-18 19:29:38,284 [DEBUG] cnn_neat: Split edge 0→4, new hidden node 6 (pool=4)
2026-08-18 19:29:38,290 [DEBUG] cnn_neat: Added edge 3→5 (from 3 candidates)
2026-08-18 19:29:38,302 [DEBUG] cnn_neat: Removed hidden node 5 (pool=2)
2026-08-18 19:29:38,304 [DEBUG] cnn_neat: Removed edge 0→4 (from 6 candidates)
2026-08-18 19:29:38,307 [DEBUG] cnn_neat: Removed 3 edges (requested 3)
2026-08-18 19:29:38,313 [DEBUG] cnn_neat: Split edge 0→3, new hidden node 7 (pool=5)
2026-08-18 19:29:38,319 [DEBUG] cnn_neat: Added edge 6→5 (from 6 candidates)
2026-08-18 19:29:38,322 [DEBUG] cnn_neat: Split edge 0→7, new hidden node 8 (pool=6)
2026-08-18 19:29:38,325 [DEBUG] cnn_neat: Removed hidden node 5 (pool=3)
2026-08-18 19:29:38,327 [DEBUG] cnn_neat: Added edge 6→7 (from 12 candidates)
2026-08-18 19:29:38,356 [DEBUG] cnn_neat: Split edge 6→1, new hidden node 8 (pool=6)
2026-08-18 19:29:38,365 [DEBUG] cnn_neat: Added edge 7→6 (from 7 candidates)
2026-08-18 19:29:38,432 [DEBUG] cnn_neat: Removed hidden node 7 (pool=2)
2026-08-18 19:29:38,437 [DEBUG] cnn_neat: Removed edge 0→2 (from 4 candidates)
2026-08-18 19:29:38,535 [DEBUG] cnn_neat: Removed 2 edges (requested 3)
2026-08-18 19:29:38,545 [DEBUG] cnn_neat: Split edge 2→5, new hidden node 9 (pool=7)
2026-08-18 19:29:38,547 [DEBUG] cnn_neat: Split edge 5→6, new hidden node 8 (pool=5)
2026-08-18 19:29:38,555 [DEBUG] cnn_neat: Added edge 0→6 (from 10 candidates)
2026-08-18 19:29:38,558 [DEBUG] cnn_neat: Added edge 0→2 (from 9 candidates)
2026-08-18 19:29:38,560 [DEBUG] cnn_neat: Split edge 0→2, new hidden node 10 (pool=8)
2026-08-18 19:29:38,563 [DEBUG] cnn_neat: Split edge 0→4, new hidden node 5 (pool=3)
2026-08-18 19:29:38,564 [DEBUG] cnn_neat: Added edge 4→3 (from 3 candidates)
2026-08-18 19:29:38,567 [DEBUG] cnn_neat: Removed hidden node 3 (pool=1)
2026-08-18 19:29:38,569 [DEBUG] cnn_neat: Removed edge 2→1 (from 3 candidates)
2026-08-18 19:29:38,570 [DEBUG] cnn_neat: Removed 2 edges (requested 3)
2026-08-18 19:29:38,574 [DEBUG] cnn_neat: Split edge 0→2, new hidden node 6 (pool=3)
2026-08-18 19:29:38,575 [DEBUG] cnn_neat: Added edge 2→1 (from 2 candidates)
2026-08-18 19:29:38,579 [DEBUG] cnn_neat: Split edge 0→1, new hidden node 5 (pool=1)
2026-08-18 19:29:38,581 [DEBUG] cnn_neat: Added edge 4→1 (from 1 candidates)
2026-08-18 19:29:38,585 [DEBUG] cnn_neat: Removed hidden node 4 (pool=1)
2026-08-18 19:29:38,586 [DEBUG] cnn_neat: Removed edge 0→4 (from 1 candidates)
2026-08-18 19:29:38,587 [DEBUG] cnn_neat: Removed 1 edges (requested 3)
2026-08-18 19:29:38,648 [DEBUG] cnn_neat: Split edge 6→1, new hidden node 8 (pool=5)
2026-08-18 19:29:38,683 [DEBUG] cnn_neat: Added edge 5→1 (from 6 candidates)
2026-08-18 19:29:38,727 [DEBUG] cnn_neat: Added edge 6→1 (from 9 candidates)
2026-08-18 19:29:38,730 [DEBUG] cnn_neat: Split edge 6→1, new hidden node 9 (pool=1)
2026-08-18 19:29:38,733 [DEBUG] cnn_neat: Added edge 5→8 (from 7 candidates)
2026-08-18 19:29:38,738 [DEBUG] cnn_neat: Removed hidden node 8 (pool=1)
2026-08-18 19:29:38,741 [DEBUG] cnn_neat: Added edge 2→6 (from 11 candidates)
2026-08-18 19:29:38,743 [DEBUG] cnn_neat: Split edge 5→6, new hidden node 9 (pool=8)
2026-08-18 19:29:38,901 [DEBUG] cnn_neat: Split edge 3→1, new hidden node 6 (pool=3)
2026-08-18 19:29:38,906 [DEBUG] cnn_neat: Added edge 5→1 (from 3 candidates)
2026-08-18 19:29:38,913 [DEBUG] cnn_neat: Removed hidden node 4 (pool=3)
2026-08-18 19:29:38,973 [DEBUG] cnn_neat: Removed edge 0→4 (from 5 candidates)
2026-08-18 19:29:38,980 [DEBUG] cnn_neat: Removed 3 edges (requested 3)
2026-08-18 19:29:38,982 [DEBUG] cnn_neat: Split edge 0→3, new hidden node 6 (pool=3)
2026-08-18 19:29:38,983 [DEBUG] cnn_neat: Split edge 5→3, new hidden node 6 (pool=5)
2026-08-18 19:29:38,984 [DEBUG] cnn_neat: Split edge 0→3, new hidden node 5 (pool=3)
2026-08-18 19:29:39,008 [DEBUG] cnn_neat: Split edge 0→4, new hidden node 12 (pool=3)
2026-08-18 19:29:39,020 [DEBUG] cnn_neat: Added edge 3→11 (from 12 candidates)
2026-08-18 19:29:39,043 [DEBUG] cnn_neat: Removed hidden node 4 (pool=6)
2026-08-18 19:29:39,048 [DEBUG] cnn_neat: Removed edge 2→1 (from 9 candidates)
2026-08-18 19:29:39,098 [DEBUG] cnn_neat: Removed 3 edges (requested 3)
2026-08-18 19:29:39,108 [DEBUG] cnn_neat: Split edge 11→1, new hidden node 13 (pool=5)
2026-08-18 19:29:39,117 [DEBUG] cnn_neat: Split edge 0→1, new hidden node 5 (pool=1)
2026-08-18 19:29:39,121 [DEBUG] cnn_neat: Removed hidden node 4 (pool=1)
2026-08-18 19:29:39,122 [DEBUG] cnn_neat: Removed edge 0→1 (from 3 candidates)
2026-08-18 19:29:39,123 [DEBUG] cnn_neat: Removed 2 edges (requested 3)
2026-08-18 19:29:39,126 [DEBUG] cnn_neat: Split edge 3→1, new hidden node 4 (pool=2)
2026-08-18 19:29:39,127 [DEBUG] cnn_neat: Added edge 0→1 (from 1 candidates)
2026-08-18 19:29:39,131 [DEBUG] cnn_neat: Split edge 2→1, new hidden node 5 (pool=3)
2026-08-18 19:29:39,132 [DEBUG] cnn_neat: Added edge 0→2 (from 2 candidates)
2026-08-18 19:29:39,136 [DEBUG] cnn_neat: Split edge 4→1, new hidden node 6 (pool=3)
2026-08-18 19:29:39,138 [DEBUG] cnn_neat: Added edge 3→5 (from 3 candidates)
2026-08-18 19:29:39,141 [DEBUG] cnn_neat: Removed hidden node 5 (pool=1)
2026-08-18 19:29:39,142 [DEBUG] cnn_neat: Removed edge 5→1 (from 3 candidates)
2026-08-18 19:29:39,144 [DEBUG] cnn_neat: Removed 2 edges (requested 3)
2026-08-18 19:29:39,146 [DEBUG] cnn_neat: Split edge 4→1, new hidden node 6 (pool=6)
2026-08-18 19:29:39,147 [DEBUG] cnn_neat: Added edge 0→5 (from 3 candidates)
2026-08-18 19:29:39,149 [DEBUG] cnn_neat: Split edge 0→3, new hidden node 7 (pool=4)
2026-08-18 19:29:39,152 [DEBUG] cnn_neat: Removed hidden node 5 (pool=2)
2026-08-18 19:29:39,154 [DEBUG] cnn_neat: Added edge 6→5 (from 6 candidates)
2026-08-18 19:29:39,156 [DEBUG] cnn_neat: Split edge 5→1, new hidden node 6 (pool=3)
2026-08-18 19:29:39,159 [DEBUG] cnn_neat: Split edge 0→1, new hidden node 4 (pool=1)
2026-08-18 19:29:39,165 [DEBUG] cnn_neat: Removed hidden node 3 (pool=1)
2026-08-18 19:29:39,167 [DEBUG] cnn_neat: Removed edge 0→3 (from 3 candidates)
2026-08-18 19:29:39,170 [DEBUG] cnn_neat: Removed 1 edges (requested 3)
2026-08-18 19:29:39,182 [DEBUG] cnn_neat: Split edge 9→1, new hidden node 12 (pool=5)
2026-08-18 19:29:39,191 [DEBUG] cnn_neat: Added edge 8→10 (from 27 candidates)
2026-08-18 19:29:39,279 [DEBUG] cnn_neat: Removed hidden node 4 (pool=7)
2026-08-18 19:29:39,286 [DEBUG] cnn_neat: Removed edge 3→1 (from 8 candidates)
2026-08-18 19:29:39,325 [DEBUG] cnn_neat: Removed 3 edges (requested 3)
2026-08-18 19:29:39,330 [DEBUG] cnn_neat: Split edge 3→1, new hidden node 13 (pool=4)
2026-08-18 19:29:39,358 [DEBUG] cnn_neat: Split edge 4→2, new hidden node 5 (pool=3)
2026-08-18 19:29:39,363 [DEBUG] cnn_neat: Added edge 0→2 (from 3 candidates)
2026-08-18 19:29:39,369 [DEBUG] cnn_neat: Removed hidden node 3 (pool=1)
2026-08-18 19:29:39,372 [DEBUG] cnn_neat: Removed edge 2→3 (from 3 candidates)
2026-08-18 19:29:39,377 [DEBUG] cnn_neat: Removed 2 edges (requested 3)
2026-08-18 19:29:39,380 [DEBUG] cnn_neat: Split edge 5→1, new hidden node 6 (pool=3)
2026-08-18 19:29:39,520 [DEBUG] cnn_neat: Added edge 2→1 (from 2 candidates)
2026-08-18 19:29:39,528 [DEBUG] cnn_neat: Split edge 0→1, new hidden node 5 (pool=1)
2026-08-18 19:29:39,530 [DEBUG] cnn_neat: Added edge 4→1 (from 1 candidates)
2026-08-18 19:29:39,532 [DEBUG] cnn_neat: Removed hidden node 4 (pool=1)
2026-08-18 19:29:39,534 [DEBUG] cnn_neat: Removed edge 0→4 (from 1 candidates)
2026-08-18 19:29:39,535 [DEBUG] cnn_neat: Removed 1 edges (requested 3)
2026-08-18 19:29:39,540 [DEBUG] cnn_neat: Split edge 0→5, new hidden node 6 (pool=5)
2026-08-18 19:29:39,544 [DEBUG] cnn_neat: Added edge 0→4 (from 7 candidates)
2026-08-18 19:29:39,548 [DEBUG] cnn_neat: Removed hidden node 3 (pool=2)
2026-08-18 19:29:39,550 [DEBUG] cnn_neat: Removed edge 4→5 (from 3 candidates)
2026-08-18 19:29:39,554 [DEBUG] cnn_neat: Removed 3 edges (requested 3)
2026-08-18 19:29:39,556 [DEBUG] cnn_neat: Split edge 5→1, new hidden node 7 (pool=6)
2026-08-18 19:29:39,559 [DEBUG] cnn_neat: Split edge 0→3, new hidden node 6 (pool=6)
2026-08-18 19:29:39,561 [DEBUG] cnn_neat: Split edge 4→1, new hidden node 6 (pool=4)
2026-08-18 19:29:39,570 [DEBUG] cnn_neat: Split edge 0→4, new hidden node 13 (pool=6)
2026-08-18 19:29:39,579 [DEBUG] cnn_neat: Added edge 5→3 (from 40 candidates)
2026-08-18 19:29:39,594 [DEBUG] cnn_neat: Removed hidden node 4 (pool=8)
2026-08-18 19:29:39,603 [DEBUG] cnn_neat: Removed edge 9→12 (from 12 candidates)
2026-08-18 19:29:39,619 [DEBUG] cnn_neat: Removed 3 edges (requested 3)
2026-08-18 19:29:39,625 [DEBUG] cnn_neat: Split edge 4→2, new hidden node 13 (pool=6)
2026-08-18 19:29:39,633 [DEBUG] cnn_neat: Saved generation 4
2026-08-18 19:29:39,667 [DEBUG] cnn_neat: Split edge 0→9, new hidden node 13 (pool=3)
2026-08-18 19:29:39,699 [DEBUG] cnn_neat: Selected 25 elite individuals
2026-08-18 19:29:39,714 [DEBUG] cnn_neat: Split edge 0→6, new hidden node 7 (pool=4)
2026-08-18 19:29:39,723 [DEBUG] cnn_neat: Added edge 0→4 (from 7 candidates)
2026-08-18 19:29:39,773 [DEBUG] cnn_neat: Removed hidden node 5 (pool=1)
2026-08-18 19:29:39,782 [DEBUG] cnn_neat: Removed edge 4→5 (from 1 candidates)
2026-08-18 19:29:39,791 [DEBUG] cnn_neat: Removed 1 edges (requested 3)
2026-08-18 19:29:39,802 [DEBUG] cnn_neat: Split edge 4→1, new hidden node 8 (pool=1)
2026-08-18 19:29:39,813 [DEBUG] cnn_neat: Split edge 4→1, new hidden node 7 (pool=2)
2026-08-18 19:29:39,820 [DEBUG] cnn_neat: Added edge 7→5 (from 10 candidates)
2026-08-18 19:29:39,826 [DEBUG] cnn_neat: Added edge 3→1 (from 8 candidates)
2026-08-18 19:29:39,836 [DEBUG] cnn_neat: Split edge 4→1, new hidden node 6 (pool=4)
2026-08-18 19:29:39,841 [DEBUG] cnn_neat: Added edge 3→1 (from 7 candidates)
2026-08-18 19:29:39,850 [DEBUG] cnn_neat: Removed hidden node 5 (pool=1)
2026-08-18 19:29:39,857 [DEBUG] cnn_neat: Removed edge 5→1 (from 1 candidates)
2026-08-18 19:29:39,860 [DEBUG] cnn_neat: Removed 1 edges (requested 3)
2026-08-18 19:29:39,865 [DEBUG] cnn_neat: Split edge 6→1, new hidden node 7 (pool=5)
2026-08-18 19:29:39,867 [DEBUG] cnn_neat: Split edge 0→3, new hidden node 6 (pool=3)
2026-08-18 19:29:39,873 [DEBUG] cnn_neat: Added edge 5→3 (from 10 candidates)
2026-08-18 19:29:39,876 [DEBUG] cnn_neat: Added edge 0→5 (from 5 candidates)
2026-08-18 19:29:39,881 [DEBUG] cnn_neat: Split edge 0→1, new hidden node 5 (pool=1)
2026-08-18 19:29:39,887 [DEBUG] cnn_neat: Removed hidden node 4 (pool=1)
2026-08-18 19:29:39,889 [DEBUG] cnn_neat: Removed edge 0→4 (from 3 candidates)
2026-08-18 19:29:39,891 [DEBUG] cnn_neat: Removed 1 edges (requested 3)
2026-08-18 19:29:39,897 [DEBUG] cnn_neat: Split edge 3→1, new hidden node 4 (pool=2)
2026-08-18 19:29:39,899 [DEBUG] cnn_neat: Added edge 0→1 (from 1 candidates)
2026-08-18 19:29:39,905 [DEBUG] cnn_neat: Split edge 2→1, new hidden node 5 (pool=3)
2026-08-18 19:29:39,909 [DEBUG] cnn_neat: Added edge 4→1 (from 2 candidates)
2026-08-18 19:29:40,156 [DEBUG] cnn_neat: Split edge 0→1, new hidden node 4 (pool=1)
2026-08-18 19:29:40,163 [DEBUG] cnn_neat: Removed hidden node 3 (pool=1)
2026-08-18 19:29:40,166 [DEBUG] cnn_neat: Removed edge 3→1 (from 3 candidates)
2026-08-18 19:29:40,168 [DEBUG] cnn_neat: Removed 2 edges (requested 3)
2026-08-18 19:29:40,169 [DEBUG] cnn_neat: Split edge 9→10, new hidden node 19 (pool=14)
2026-08-18 19:29:40,173 [DEBUG] cnn_neat: Added edge 13→4 (from 78 candidates)
2026-08-18 19:29:40,182 [DEBUG] cnn_neat: Removed hidden node 4 (pool=10)
2026-08-18 19:29:40,186 [DEBUG] cnn_neat: Removed edge 17→1 (from 8 candidates)
2026-08-18 19:29:40,191 [DEBUG] cnn_neat: Removed 3 edges (requested 3)
2026-08-18 19:29:40,196 [DEBUG] cnn_neat: Crossover rejected: union topology invalid (edges=26 nodes=19)
2026-08-18 19:29:40,199 [DEBUG] cnn_neat: Split edge 18→1, new hidden node 19 (pool=14)
2026-08-18 19:29:40,203 [DEBUG] cnn_neat: Added edge 9→13 (from 78 candidates)
2026-08-18 19:29:40,208 [DEBUG] cnn_neat: Added edge 8→4 (from 71 candidates)
2026-08-18 19:29:40,213 [DEBUG] cnn_neat: Added edge 18→10 (from 67 candidates)
2026-08-18 19:29:40,217 [DEBUG] cnn_neat: Added edge 2→9 (from 65 candidates)
2026-08-18 19:29:40,222 [DEBUG] cnn_neat: Added edge 17→3 (from 52 candidates)
2026-08-18 19:29:40,226 [DEBUG] cnn_neat: Split edge 0→12, new hidden node 13 (pool=8)
2026-08-18 19:29:40,229 [DEBUG] cnn_neat: Added edge 2→12 (from 30 candidates)
2026-08-18 19:29:40,234 [DEBUG] cnn_neat: Removed hidden node 7 (pool=7)
2026-08-18 19:29:40,237 [DEBUG] cnn_neat: Removed edge 2→5 (from 9 candidates)
2026-08-18 19:29:40,242 [DEBUG] cnn_neat: Removed 3 edges (requested 3)
2026-08-18 19:29:40,245 [DEBUG] cnn_neat: Crossover rejected: union topology invalid (edges=24 nodes=15)
2026-08-18 19:29:40,248 [DEBUG] cnn_neat: Split edge 12→11, new hidden node 13 (pool=8)
2026-08-18 19:29:40,252 [DEBUG] cnn_neat: Added edge 6→12 (from 30 candidates)
2026-08-18 19:29:40,255 [DEBUG] cnn_neat: Added edge 0→7 (from 17 candidates)
2026-08-18 19:29:40,259 [DEBUG] cnn_neat: Added edge 5→12 (from 18 candidates)
2026-08-18 19:29:40,263 [DEBUG] cnn_neat: Added edge 7→10 (from 17 candidates)
2026-08-18 19:29:40,266 [DEBUG] cnn_neat: Added edge 7→12 (from 16 candidates)
2026-08-18 19:29:40,270 [DEBUG] cnn_neat: Split edge 0→3, new hidden node 13 (pool=2)
2026-08-18 19:29:40,273 [DEBUG] cnn_neat: Added edge 5→12 (from 34 candidates)
2026-08-18 19:29:40,279 [DEBUG] cnn_neat: Removed hidden node 11 (pool=7)
2026-08-18 19:29:40,282 [DEBUG] cnn_neat: Removed edge 0→3 (from 6 candidates)
2026-08-18 19:29:40,286 [DEBUG] cnn_neat: Removed 3 edges (requested 3)
2026-08-18 19:29:40,290 [DEBUG] cnn_neat: Crossover rejected: union topology invalid (edges=26 nodes=19)
2026-08-18 19:29:40,293 [DEBUG] cnn_neat: Split edge 0→3, new hidden node 13 (pool=2)
2026-08-18 19:29:40,298 [DEBUG] cnn_neat: Added edge 10→12 (from 47 candidates)
2026-08-18 19:29:40,301 [DEBUG] cnn_neat: Added edge 9→1 (from 34 candidates)
2026-08-18 19:29:40,304 [DEBUG] cnn_neat: Added edge 10→4 (from 33 candidates)
2026-08-18 19:29:40,307 [DEBUG] cnn_neat: Added edge 12→1 (from 26 candidates)
2026-08-18 19:29:40,311 [DEBUG] cnn_neat: Added edge 3→11 (from 25 candidates)
2026-08-18 19:29:40,315 [DEBUG] cnn_neat: Added edge 3→12 (from 21 candidates)
2026-08-18 19:29:40,320 [DEBUG] cnn_neat: Split edge 2→13, new hidden node 18 (pool=10)
2026-08-18 19:29:40,325 [DEBUG] cnn_neat: Added edge 4→10 (from 37 candidates)
2026-08-18 19:29:40,332 [DEBUG] cnn_neat: Removed hidden node 17 (pool=9)
2026-08-18 19:29:40,336 [DEBUG] cnn_neat: Removed edge 2→3 (from 14 candidates)
2026-08-18 19:29:40,345 [DEBUG] cnn_neat: Removed 3 edges (requested 3)
2026-08-18 19:29:40,350 [DEBUG] cnn_neat: Crossover rejected: union topology invalid (edges=30 nodes=18)
2026-08-18 19:29:40,354 [DEBUG] cnn_neat: Split edge 8→9, new hidden node 18 (pool=10)
2026-08-18 19:29:40,360 [DEBUG] cnn_neat: Added edge 16→10 (from 37 candidates)
2026-08-18 19:29:40,364 [DEBUG] cnn_neat: Added edge 9→16 (from 34 candidates)
2026-08-18 19:29:40,369 [DEBUG] cnn_neat: Added edge 8→3 (from 31 candidates)
2026-08-18 19:29:40,373 [DEBUG] cnn_neat: Added edge 3→10 (from 21 candidates)
2026-08-18 19:29:40,379 [DEBUG] cnn_neat: Added edge 17→10 (from 20 candidates)
2026-08-18 19:29:40,382 [DEBUG] cnn_neat: Split edge 5→6, new hidden node 8 (pool=7)
2026-08-18 19:29:40,384 [DEBUG] cnn_neat: Added edge 5→1 (from 8 candidates)
2026-08-18 19:29:40,387 [DEBUG] cnn_neat: Removed hidden node 5 (pool=3)
2026-08-18 19:29:40,388 [DEBUG] cnn_neat: Removed edge 0→2 (from 6 candidates)
2026-08-18 19:29:40,392 [DEBUG] cnn_neat: Removed 3 edges (requested 3)
2026-08-18 19:29:40,394 [DEBUG] cnn_neat: Crossover union: A_edges=7 B_added=5 dup_skipped=0 child_edges=12 nodes=9
2026-08-18 19:29:40,396 [DEBUG] cnn_neat: Added edge 0→6 (from 8 candidates)
2026-08-18 19:29:40,398 [DEBUG] cnn_neat: Added edge 7→2 (from 7 candidates)
2026-08-18 19:29:40,400 [DEBUG] cnn_neat: Added edge 7→1 (from 5 candidates)
2026-08-18 19:29:40,403 [DEBUG] cnn_neat: Added edge 2→6 (from 4 candidates)
2026-08-18 19:29:40,406 [DEBUG] cnn_neat: Added edge 2→1 (from 3 candidates)
2026-08-18 19:29:40,409 [DEBUG] cnn_neat: Split edge 8→5, new hidden node 9 (pool=7)
2026-08-18 19:29:40,411 [DEBUG] cnn_neat: Added edge 0→5 (from 10 candidates)
2026-08-18 19:29:40,414 [DEBUG] cnn_neat: Removed hidden node 8 (pool=2)
2026-08-18 19:29:40,415 [DEBUG] cnn_neat: Split edge 0→2, new hidden node 8 (pool=5)
2026-08-18 19:29:40,417 [DEBUG] cnn_neat: Added edge 8→7 (from 9 candidates)
2026-08-18 19:29:40,419 [DEBUG] cnn_neat: Removed edge 2→5 (from 4 candidates)
2026-08-18 19:29:40,421 [DEBUG] cnn_neat: Removed 2 edges (requested 3)
2026-08-18 19:29:40,424 [DEBUG] cnn_neat: Split edge 0→2, new hidden node 8 (pool=5)
2026-08-18 19:29:40,426 [DEBUG] cnn_neat: Added edge 8→7 (from 9 candidates)
2026-08-18 19:29:40,429 [DEBUG] cnn_neat: Removed hidden node 5 (pool=2)
2026-08-18 19:29:40,432 [DEBUG] cnn_neat: Crossover rejected: union topology invalid (edges=19 nodes=14)
2026-08-18 19:29:40,433 [DEBUG] cnn_neat: Split edge 5→7, new hidden node 9 (pool=7)
2026-08-18 19:29:40,436 [DEBUG] cnn_neat: Added edge 2→7 (from 10 candidates)
2026-08-18 19:29:40,438 [DEBUG] cnn_neat: Added edge 2→6 (from 11 candidates)
2026-08-18 19:29:40,440 [DEBUG] cnn_neat: Added edge 5→1 (from 12 candidates)
2026-08-18 19:29:40,442 [DEBUG] cnn_neat: Added edge 2→1 (from 11 candidates)
2026-08-18 19:29:40,446 [DEBUG] cnn_neat: Added edge 8→2 (from 10 candidates)
2026-08-18 19:29:40,449 [DEBUG] cnn_neat: Split edge 0→4, new hidden node 18 (pool=4)
2026-08-18 19:29:40,452 [DEBUG] cnn_neat: Added edge 16→3 (from 45 candidates)
2026-08-18 19:29:40,460 [DEBUG] cnn_neat: Removed hidden node 17 (pool=8)
2026-08-18 19:29:40,462 [DEBUG] cnn_neat: Removed edge 10→1 (from 5 candidates)
2026-08-18 19:29:40,467 [DEBUG] cnn_neat: Removed 3 edges (requested 3)
2026-08-18 19:29:40,470 [DEBUG] cnn_neat: Crossover rejected: union topology invalid (edges=16 nodes=13)
2026-08-18 19:29:40,472 [DEBUG] cnn_neat: Split edge 8→9, new hidden node 18 (pool=4)
2026-08-18 19:29:40,476 [DEBUG] cnn_neat: Added edge 9→4 (from 45 candidates)
2026-08-18 19:29:40,479 [DEBUG] cnn_neat: Added edge 10→16 (from 42 candidates)
2026-08-18 19:29:40,482 [DEBUG] cnn_neat: Added edge 4→17 (from 35 candidates)
2026-08-18 19:29:40,485 [DEBUG] cnn_neat: Added edge 3→4 (from 34 candidates)
2026-08-18 19:29:40,489 [DEBUG] cnn_neat: Added edge 3→10 (from 31 candidates)
2026-08-18 19:29:40,492 [DEBUG] cnn_neat: Split edge 8→9, new hidden node 18 (pool=3)
2026-08-18 19:29:40,540 [DEBUG] cnn_neat: Split edge 4→2, new hidden node 5 (pool=3)
2026-08-18 19:29:40,551 [DEBUG] cnn_neat: Added edge 0→3 (from 3 candidates)
2026-08-18 19:29:40,619 [DEBUG] cnn_neat: Removed hidden node 3 (pool=1)
2026-08-18 19:29:40,653 [DEBUG] cnn_neat: Removed edge 2→1 (from 3 candidates)
2026-08-18 19:29:40,657 [DEBUG] cnn_neat: Removed 1 edges (requested 3)
2026-08-18 19:29:40,663 [DEBUG] cnn_neat: Split edge 5→1, new hidden node 6 (pool=3)
2026-08-18 19:29:40,666 [DEBUG] cnn_neat: Added edge 2→1 (from 2 candidates)
2026-08-18 19:29:40,672 [DEBUG] cnn_neat: Split edge 0→1, new hidden node 5 (pool=1)
2026-08-18 19:29:40,674 [DEBUG] cnn_neat: Added edge 4→1 (from 1 candidates)
2026-08-18 19:29:40,677 [DEBUG] cnn_neat: Removed hidden node 4 (pool=1)
2026-08-18 19:29:40,678 [DEBUG] cnn_neat: Removed edge 0→4 (from 1 candidates)
2026-08-18 19:29:40,680 [DEBUG] cnn_neat: Removed 1 edges (requested 3)
2026-08-18 19:29:40,686 [DEBUG] cnn_neat: Split edge 0→1, new hidden node 5 (pool=1)
2026-08-18 19:29:40,692 [DEBUG] cnn_neat: Removed hidden node 4 (pool=1)
2026-08-18 19:29:40,695 [DEBUG] cnn_neat: Removed edge 0→1 (from 3 candidates)
2026-08-18 19:29:40,698 [DEBUG] cnn_neat: Removed 2 edges (requested 3)
2026-08-18 19:29:40,701 [DEBUG] cnn_neat: Split edge 0→3, new hidden node 4 (pool=2)
2026-08-18 19:29:40,705 [DEBUG] cnn_neat: Added edge 0→1 (from 1 candidates)
2026-08-18 19:29:40,713 [DEBUG] cnn_neat: Split edge 4→2, new hidden node 5 (pool=3)
2026-08-18 19:29:40,716 [DEBUG] cnn_neat: Added edge 0→2 (from 2 candidates)
2026-08-18 19:29:40,941 [DEBUG] cnn_neat: Split edge 6→1, new hidden node 7 (pool=4)
2026-08-18 19:29:40,951 [DEBUG] cnn_neat: Added edge 2→6 (from 4 candidates)
2026-08-18 19:29:40,976 [DEBUG] cnn_neat: Split edge 0→1, new hidden node 4 (pool=1)
2026-08-18 19:29:40,992 [DEBUG] cnn_neat: Removed hidden node 3 (pool=1)
2026-08-18 19:29:40,997 [DEBUG] cnn_neat: Removed edge 0→3 (from 3 candidates)
2026-08-18 19:29:41,005 [DEBUG] cnn_neat: Removed 2 edges (requested 3)
2026-08-18 19:29:41,069 [DEBUG] cnn_neat: Split edge 0→3, new hidden node 6 (pool=2)
2026-08-18 19:29:41,074 [DEBUG] cnn_neat: Added edge 4→1 (from 4 candidates)
2026-08-18 19:29:41,086 [DEBUG] cnn_neat: Removed hidden node 5 (pool=2)
2026-08-18 19:29:41,092 [DEBUG] cnn_neat: Removed edge 5→3 (from 4 candidates)
2026-08-18 19:29:41,102 [DEBUG] cnn_neat: Removed 3 edges (requested 3)
2026-08-18 19:29:41,112 [DEBUG] cnn_neat: Split edge 10→1, new hidden node 11 (pool=4)
2026-08-18 19:29:41,123 [DEBUG] cnn_neat: Added edge 3→10 (from 8 candidates)
2026-08-18 19:29:41,139 [DEBUG] cnn_neat: Removed hidden node 10 (pool=5)
2026-08-18 19:29:41,142 [DEBUG] cnn_neat: Removed edge 0→4 (from 8 candidates)
2026-08-18 19:29:41,149 [DEBUG] cnn_neat: Removed 3 edges (requested 3)
2026-08-18 19:29:41,152 [DEBUG] cnn_neat: Split edge 0→7, new hidden node 11 (pool=4)
2026-08-18 19:29:41,155 [DEBUG] cnn_neat: Added edge 4→7 (from 20 candidates)
2026-08-18 19:29:41,159 [DEBUG] cnn_neat: Split edge 0→4, new hidden node 12 (pool=5)
2026-08-18 19:29:41,164 [DEBUG] cnn_neat: Removed hidden node 2 (pool=3)
2026-08-18 19:29:41,167 [DEBUG] cnn_neat: Added edge 7→2 (from 25 candidates)
2026-08-18 19:29:41,170 [DEBUG] cnn_neat: Split edge 0→4, new hidden node 11 (pool=5)
2026-08-18 19:29:41,182 [DEBUG] cnn_neat: Split edge 8→9, new hidden node 18 (pool=3)
2026-08-18 19:29:41,190 [DEBUG] cnn_neat: Added edge 17→4 (from 61 candidates)
2026-08-18 19:29:41,200 [DEBUG] cnn_neat: Removed hidden node 16 (pool=9)
2026-08-18 19:29:41,206 [DEBUG] cnn_neat: Removed edge 17→1 (from 7 candidates)
2026-08-18 19:29:41,216 [DEBUG] cnn_neat: Removed 3 edges (requested 3)
2026-08-18 19:29:41,223 [DEBUG] cnn_neat: Split edge 0→13, new hidden node 19 (pool=9)
2026-08-18 19:29:41,230 [DEBUG] cnn_neat: Split edge 9→1, new hidden node 18 (pool=3)
2026-08-18 19:29:41,240 [DEBUG] cnn_neat: Split edge 2→1, new hidden node 11 (pool=4)
2026-08-18 19:29:41,245 [DEBUG] cnn_neat: Added edge 2→10 (from 7 candidates)
2026-08-18 19:29:41,253 [DEBUG] cnn_neat: Removed hidden node 2 (pool=5)
2026-08-18 19:29:41,258 [DEBUG] cnn_neat: Removed edge 2→1 (from 8 candidates)
2026-08-18 19:29:41,265 [DEBUG] cnn_neat: Removed 3 edges (requested 3)
2026-08-18 19:29:41,272 [DEBUG] cnn_neat: Split edge 2→10, new hidden node 11 (pool=5)
2026-08-18 19:29:41,277 [DEBUG] cnn_neat: Split edge 7→10, new hidden node 11 (pool=3)
2026-08-18 19:29:41,279 [DEBUG] cnn_neat: Split edge 7→10, new hidden node 11 (pool=3)
2026-08-18 19:29:41,288 [DEBUG] cnn_neat: Split edge 0→3, new hidden node 12 (pool=4)
2026-08-18 19:29:41,293 [DEBUG] cnn_neat: Added edge 11→4 (from 23 candidates)
2026-08-18 19:29:41,303 [DEBUG] cnn_neat: Removed hidden node 9 (pool=6)
2026-08-18 19:29:41,308 [DEBUG] cnn_neat: Removed edge 11→1 (from 5 candidates)
2026-08-18 19:29:41,316 [DEBUG] cnn_neat: Removed 3 edges (requested 3)
2026-08-18 19:29:41,323 [DEBUG] cnn_neat: Split edge 11→1, new hidden node 13 (pool=2)
2026-08-18 19:29:41,329 [DEBUG] cnn_neat: Split edge 0→3, new hidden node 12 (pool=5)
2026-08-18 19:29:41,335 [DEBUG] cnn_neat: Split edge 7→6, new hidden node 8 (pool=6)
2026-08-18 19:29:41,339 [DEBUG] cnn_neat: Added edge 0→7 (from 6 candidates)
2026-08-18 19:29:41,344 [DEBUG] cnn_neat: Removed hidden node 2 (pool=1)
2026-08-18 19:29:41,347 [DEBUG] cnn_neat: Removed edge 0→5 (from 3 candidates)
2026-08-18 19:29:41,351 [DEBUG] cnn_neat: Removed 1 edges (requested 3)
2026-08-18 19:29:41,355 [DEBUG] cnn_neat: Split edge 6→1, new hidden node 9 (pool=7)
2026-08-18 19:29:41,360 [DEBUG] cnn_neat: Split edge 0→2, new hidden node 8 (pool=7)
2026-08-18 19:29:41,364 [DEBUG] cnn_neat: Added edge 0→7 (from 9 candidates)
2026-08-18 19:29:41,368 [DEBUG] cnn_neat: Added edge 5→1 (from 7 candidates)
2026-08-18 19:29:41,439 [DEBUG] cnn_neat: Split edge 4→2, new hidden node 5 (pool=3)
2026-08-18 19:29:41,441 [DEBUG] cnn_neat: Added edge 0→2 (from 3 candidates)
2026-08-18 19:29:41,443 [DEBUG] cnn_neat: Removed hidden node 3 (pool=1)
2026-08-18 19:29:41,444 [DEBUG] cnn_neat: Removed edge 2→3 (from 3 candidates)
2026-08-18 19:29:41,446 [DEBUG] cnn_neat: Removed 2 edges (requested 3)
2026-08-18 19:29:41,448 [DEBUG] cnn_neat: Split edge 5→1, new hidden node 6 (pool=3)
2026-08-18 19:29:41,449 [DEBUG] cnn_neat: Added edge 2→1 (from 2 candidates)
2026-08-18 19:29:41,454 [DEBUG] cnn_neat: Split edge 0→1, new hidden node 5 (pool=1)
2026-08-18 19:29:41,455 [DEBUG] cnn_neat: Added edge 4→1 (from 1 candidates)
2026-08-18 19:29:41,456 [DEBUG] cnn_neat: Removed hidden node 4 (pool=1)
2026-08-18 19:29:41,457 [DEBUG] cnn_neat: Removed edge 0→4 (from 1 candidates)
2026-08-18 19:29:41,458 [DEBUG] cnn_neat: Removed 1 edges (requested 3)
2026-08-18 19:29:41,461 [DEBUG] cnn_neat: Split edge 0→1, new hidden node 5 (pool=1)
2026-08-18 19:29:41,463 [DEBUG] cnn_neat: Removed hidden node 4 (pool=1)
2026-08-18 19:29:41,464 [DEBUG] cnn_neat: Removed edge 0→1 (from 3 candidates)
2026-08-18 19:29:41,465 [DEBUG] cnn_neat: Removed 2 edges (requested 3)
2026-08-18 19:29:41,471 [DEBUG] cnn_neat: Split edge 3→1, new hidden node 4 (pool=2)
2026-08-18 19:29:41,473 [DEBUG] cnn_neat: Added edge 0→1 (from 1 candidates)
2026-08-18 19:29:41,479 [DEBUG] cnn_neat: Split edge 4→2, new hidden node 5 (pool=3)
2026-08-18 19:29:41,484 [DEBUG] cnn_neat: Added edge 0→2 (from 2 candidates)
2026-08-18 19:29:41,490 [DEBUG] cnn_neat: Split edge 0→8, new hidden node 11 (pool=4)
2026-08-18 19:29:41,493 [DEBUG] cnn_neat: Added edge 4→8 (from 19 candidates)
2026-08-18 19:29:41,497 [DEBUG] cnn_neat: Removed hidden node 4 (pool=6)
2026-08-18 19:29:41,499 [DEBUG] cnn_neat: Removed edge 2→3 (from 10 candidates)
2026-08-18 19:29:41,503 [DEBUG] cnn_neat: Removed 3 edges (requested 3)
2026-08-18 19:29:41,506 [DEBUG] cnn_neat: Split edge 8→9, new hidden node 11 (pool=5)
2026-08-18 19:29:41,508 [DEBUG] cnn_neat: Split edge 3→1, new hidden node 11 (pool=7)
2026-08-18 19:29:41,509 [DEBUG] cnn_neat: Split edge 3→1, new hidden node 11 (pool=5)
2026-08-18 19:29:41,514 [DEBUG] cnn_neat: Split edge 4→1, new hidden node 6 (pool=4)
2026-08-18 19:29:41,518 [DEBUG] cnn_neat: Added edge 0→5 (from 3 candidates)
2026-08-18 19:29:41,521 [DEBUG] cnn_neat: Removed hidden node 5 (pool=2)
2026-08-18 19:29:41,523 [DEBUG] cnn_neat: Removed edge 4→1 (from 6 candidates)
2026-08-18 19:29:41,526 [DEBUG] cnn_neat: Removed 3 edges (requested 3)
2026-08-18 19:29:41,535 [DEBUG] cnn_neat: Split edge 0→4, new hidden node 7 (pool=6)
2026-08-18 19:29:41,539 [DEBUG] cnn_neat: Added edge 6→1 (from 10 candidates)
2026-08-18 19:29:41,542 [DEBUG] cnn_neat: Removed hidden node 5 (pool=3)
2026-08-18 19:29:41,544 [DEBUG] cnn_neat: Removed edge 0→6 (from 5 candidates)
2026-08-18 19:29:41,547 [DEBUG] cnn_neat: Removed 3 edges (requested 3)
2026-08-18 19:29:41,549 [DEBUG] cnn_neat: Split edge 3→1, new hidden node 8 (pool=3)
2026-08-18 19:29:41,551 [DEBUG] cnn_neat: Split edge 0→6, new hidden node 7 (pool=2)
2026-08-18 19:29:41,554 [DEBUG] cnn_neat: Split edge 2→5, new hidden node 7 (pool=5)
2026-08-18 19:29:41,556 [DEBUG] cnn_neat: Added edge 5→1 (from 4 candidates)
2026-08-18 19:29:41,559 [DEBUG] cnn_neat: Removed hidden node 2 (pool=1)
2026-08-18 19:29:41,561 [DEBUG] cnn_neat: Removed edge 2→5 (from 3 candidates)
2026-08-18 19:29:41,563 [DEBUG] cnn_neat: Removed 1 edges (requested 3)
2026-08-18 19:29:41,565 [DEBUG] cnn_neat: Split edge 0→5, new hidden node 7 (pool=4)
2026-08-18 19:29:41,566 [DEBUG] cnn_neat: Added edge 0→6 (from 3 candidates)
2026-08-18 19:29:41,568 [DEBUG] cnn_neat: Split edge 5→1, new hidden node 8 (pool=5)
2026-08-18 19:29:41,571 [DEBUG] cnn_neat: Removed hidden node 6 (pool=2)
2026-08-18 19:29:41,574 [DEBUG] cnn_neat: Added edge 2→7 (from 6 candidates)
2026-08-18 19:29:41,576 [DEBUG] cnn_neat: Split edge 0→6, new hidden node 7 (pool=7)
2026-08-18 19:29:41,580 [DEBUG] cnn_neat: Split edge 0→4, new hidden node 10 (pool=6)
2026-08-18 19:29:41,583 [DEBUG] cnn_neat: Added edge 2→7 (from 22 candidates)
2026-08-18 19:29:41,587 [DEBUG] cnn_neat: Removed hidden node 9 (pool=6)
2026-08-18 19:29:41,589 [DEBUG] cnn_neat: Removed edge 3→1 (from 10 candidates)
2026-08-18 19:29:41,592 [DEBUG] cnn_neat: Removed 3 edges (requested 3)
2026-08-18 19:29:41,598 [DEBUG] cnn_neat: Split edge 3→1, new hidden node 10 (pool=7)
2026-08-18 19:29:41,601 [DEBUG] cnn_neat: Split edge 2→3, new hidden node 9 (pool=8)
2026-08-18 19:29:41,605 [DEBUG] cnn_neat: Split edge 0→7, new hidden node 12 (pool=3)
2026-08-18 19:29:41,608 [DEBUG] cnn_neat: Added edge 2→1 (from 15 candidates)
2026-08-18 19:29:41,612 [DEBUG] cnn_neat: Removed hidden node 11 (pool=6)
2026-08-18 19:29:41,615 [DEBUG] cnn_neat: Removed edge 3→1 (from 7 candidates)
2026-08-18 19:29:41,619 [DEBUG] cnn_neat: Removed 3 edges (requested 3)
2026-08-18 19:29:41,621 [DEBUG] cnn_neat: Split edge 11→1, new hidden node 13 (pool=11)
2026-08-18 19:29:41,627 [DEBUG] cnn_neat: Split edge 13→16, new hidden node 19 (pool=14)
2026-08-18 19:29:41,632 [DEBUG] cnn_neat: Added edge 17→4 (from 78 candidates)
2026-08-18 19:29:41,640 [DEBUG] cnn_neat: Removed hidden node 4 (pool=10)
2026-08-18 19:29:41,643 [DEBUG] cnn_neat: Removed edge 10→1 (from 8 candidates)
2026-08-18 19:29:41,649 [DEBUG] cnn_neat: Removed 3 edges (requested 3)
2026-08-18 19:29:41,653 [DEBUG] cnn_neat: Split edge 9→18, new hidden node 20 (pool=10)
2026-08-18 19:29:41,657 [DEBUG] cnn_neat: Split edge 18→1, new hidden node 19 (pool=13)
2026-08-18 19:29:41,659 [DEBUG] cnn_neat: Split edge 0→8, new hidden node 19 (pool=11)
2026-08-18 19:29:41,665 [DEBUG] cnn_neat: Split edge 0→12, new hidden node 13 (pool=8)
2026-08-18 19:29:41,668 [DEBUG] cnn_neat: Added edge 5→10 (from 30 candidates)
2026-08-18 19:29:41,682 [DEBUG] cnn_neat: Removed hidden node 10 (pool=7)
2026-08-18 19:29:41,687 [DEBUG] cnn_neat: Removed edge 11→1 (from 9 candidates)
2026-08-18 19:29:41,693 [DEBUG] cnn_neat: Removed 3 edges (requested 3)
2026-08-18 19:29:41,696 [DEBUG] cnn_neat: Split edge 10→1, new hidden node 13 (pool=9)
2026-08-18 19:29:41,699 [DEBUG] cnn_neat: Split edge 12→11, new hidden node 13 (pool=5)
2026-08-18 19:29:41,704 [DEBUG] cnn_neat: Split edge 3→1, new hidden node 13 (pool=2)
2026-08-18 19:29:41,708 [DEBUG] cnn_neat: Added edge 5→12 (from 34 candidates)
2026-08-18 19:29:41,712 [DEBUG] cnn_neat: Removed hidden node 10 (pool=7)
2026-08-18 19:29:41,715 [DEBUG] cnn_neat: Removed edge 5→3 (from 6 candidates)
2026-08-18 19:29:41,725 [DEBUG] cnn_neat: Removed 3 edges (requested 3)
2026-08-18 19:29:41,732 [DEBUG] cnn_neat: Split edge 0→9, new hidden node 14 (pool=13)
2026-08-18 19:29:41,739 [DEBUG] cnn_neat: Split edge 3→1, new hidden node 13 (pool=3)
2026-08-18 19:29:41,748 [DEBUG] cnn_neat: Split edge 6→1, new hidden node 7 (pool=4)
2026-08-18 19:29:41,749 [DEBUG] cnn_neat: Added edge 0→5 (from 4 candidates)
2026-08-18 19:29:41,760 [DEBUG] cnn_neat: Split edge 0→1, new hidden node 4 (pool=1)
2026-08-18 19:29:41,762 [DEBUG] cnn_neat: Removed hidden node 3 (pool=1)
2026-08-18 19:29:41,763 [DEBUG] cnn_neat: Removed edge 0→3 (from 3 candidates)
2026-08-18 19:29:41,765 [DEBUG] cnn_neat: Removed 2 edges (requested 3)
2026-08-18 19:29:41,771 [DEBUG] cnn_neat: Split edge 2→9, new hidden node 18 (pool=10)
2026-08-18 19:29:41,776 [DEBUG] cnn_neat: Added edge 4→9 (from 37 candidates)
2026-08-18 19:29:41,782 [DEBUG] cnn_neat: Removed hidden node 4 (pool=9)
2026-08-18 19:29:41,786 [DEBUG] cnn_neat: Removed edge 8→9 (from 14 candidates)
2026-08-18 19:29:41,803 [DEBUG] cnn_neat: Removed 3 edges (requested 3)
2026-08-18 19:29:41,807 [DEBUG] cnn_neat: Split edge 8→9, new hidden node 19 (pool=3)
2026-08-18 19:29:41,812 [DEBUG] cnn_neat: Split edge 6→1, new hidden node 8 (pool=7)
2026-08-18 19:29:41,815 [DEBUG] cnn_neat: Added edge 7→2 (from 8 candidates)
2026-08-18 19:29:41,818 [DEBUG] cnn_neat: Removed hidden node 5 (pool=3)
2026-08-18 19:29:41,820 [DEBUG] cnn_neat: Removed edge 2→5 (from 6 candidates)
2026-08-18 19:29:41,822 [DEBUG] cnn_neat: Removed 3 edges (requested 3)
2026-08-18 19:29:41,825 [DEBUG] cnn_neat: Split edge 0→2, new hidden node 9 (pool=8)
2026-08-18 19:29:41,827 [DEBUG] cnn_neat: Split edge 0→2, new hidden node 8 (pool=8)
2026-08-18 19:29:41,829 [DEBUG] cnn_neat: Split edge 6→1, new hidden node 8 (pool=6)
2026-08-18 19:29:41,833 [DEBUG] cnn_neat: Split edge 8→5, new hidden node 9 (pool=7)
2026-08-18 19:29:41,835 [DEBUG] cnn_neat: Added edge 8→2 (from 10 candidates)
2026-08-18 19:29:41,838 [DEBUG] cnn_neat: Removed hidden node 2 (pool=2)
2026-08-18 19:29:41,840 [DEBUG] cnn_neat: Removed edge 8→5 (from 4 candidates)
2026-08-18 19:29:41,842 [DEBUG] cnn_neat: Removed 2 edges (requested 3)
2026-08-18 19:29:41,845 [DEBUG] cnn_neat: Split edge 7→6, new hidden node 9 (pool=8)
2026-08-18 19:29:41,846 [DEBUG] cnn_neat: Split edge 6→1, new hidden node 9 (pool=5)
2026-08-18 19:29:41,848 [DEBUG] cnn_neat: Split edge 0→2, new hidden node 9 (pool=6)
2026-08-18 19:29:41,853 [DEBUG] cnn_neat: Split edge 8→9, new hidden node 18 (pool=4)
2026-08-18 19:29:41,856 [DEBUG] cnn_neat: Added edge 4→3 (from 45 candidates)
2026-08-18 19:29:41,860 [DEBUG] cnn_neat: Removed hidden node 3 (pool=8)
2026-08-18 19:29:41,863 [DEBUG] cnn_neat: Removed edge 9→1 (from 5 candidates)
2026-08-18 19:29:41,873 [DEBUG] cnn_neat: Removed 3 edges (requested 3)
2026-08-18 19:29:41,876 [DEBUG] cnn_neat: Split edge 3→1, new hidden node 18 (pool=4)
2026-08-18 19:29:41,883 [DEBUG] cnn_neat: Split edge 8→9, new hidden node 18 (pool=4)
2026-08-18 19:29:41,889 [DEBUG] cnn_neat: Split edge 0→3, new hidden node 6 (pool=2)
2026-08-18 19:29:41,891 [DEBUG] cnn_neat: Added edge 5→1 (from 4 candidates)
2026-08-18 19:29:41,893 [DEBUG] cnn_neat: Removed hidden node 5 (pool=2)
2026-08-18 19:29:41,894 [DEBUG] cnn_neat: Removed edge 4→5 (from 4 candidates)
2026-08-18 19:29:41,896 [DEBUG] cnn_neat: Removed 3 edges (requested 3)
2026-08-18 19:29:41,897 [DEBUG] cnn_neat: Split edge 0→4, new hidden node 6 (pool=4)
2026-08-18 19:29:41,898 [DEBUG] cnn_neat: Added edge 0→5 (from 8 candidates)
2026-08-18 19:29:41,899 [DEBUG] cnn_neat: Split edge 5→3, new hidden node 7 (pool=3)
2026-08-18 19:29:41,901 [DEBUG] cnn_neat: Removed hidden node 4 (pool=2)
2026-08-18 19:29:41,902 [DEBUG] cnn_neat: Added edge 4→1 (from 12 candidates)
2026-08-18 19:29:41,904 [DEBUG] cnn_neat: Split edge 3→1, new hidden node 6 (pool=5)
2026-08-18 19:29:41,908 [DEBUG] cnn_neat: Split edge 8→9, new hidden node 18 (pool=3)
2026-08-18 19:29:41,911 [DEBUG] cnn_neat: Added edge 9→17 (from 63 candidates)
2026-08-18 19:29:41,920 [DEBUG] cnn_neat: Removed hidden node 2 (pool=9)
2026-08-18 19:29:41,925 [DEBUG] cnn_neat: Removed edge 2→3 (from 6 candidates)
2026-08-18 19:29:41,937 [DEBUG] cnn_neat: Removed 3 edges (requested 3)
2026-08-18 19:29:42,065 [DEBUG] cnn_neat: Split edge 16→17, new hidden node 18 (pool=7)
2026-08-18 19:29:42,072 [DEBUG] cnn_neat: Split edge 0→8, new hidden node 18 (pool=5)
2026-08-18 19:29:42,074 [DEBUG] cnn_neat: Split edge 10→1, new hidden node 17 (pool=9)
2026-08-18 19:29:42,079 [DEBUG] cnn_neat: Split edge 9→5, new hidden node 12 (pool=7)
2026-08-18 19:29:42,088 [DEBUG] cnn_neat: Added edge 11→5 (from 20 candidates)
2026-08-18 19:29:42,093 [DEBUG] cnn_neat: Removed hidden node 5 (pool=6)
2026-08-18 19:29:42,096 [DEBUG] cnn_neat: Removed edge 11→1 (from 8 candidates)
2026-08-18 19:29:42,101 [DEBUG] cnn_neat: Removed 3 edges (requested 3)
2026-08-18 19:29:42,104 [DEBUG] cnn_neat: Split edge 0→3, new hidden node 13 (pool=4)
2026-08-18 19:29:42,109 [DEBUG] cnn_neat: Split edge 4→1, new hidden node 7 (pool=3)
2026-08-18 19:29:42,111 [DEBUG] cnn_neat: Added edge 3→1 (from 7 candidates)
2026-08-18 19:29:42,114 [DEBUG] cnn_neat: Removed hidden node 4 (pool=4)
2026-08-18 19:29:42,120 [DEBUG] cnn_neat: Removed edge 0→3 (from 7 candidates)
2026-08-18 19:29:42,128 [DEBUG] cnn_neat: Removed 3 edges (requested 3)
2026-08-18 19:29:42,137 [DEBUG] cnn_neat: Split edge 0→3, new hidden node 8 (pool=9)
2026-08-18 19:29:42,148 [DEBUG] cnn_neat: Split edge 0→2, new hidden node 8 (pool=6)
2026-08-18 19:29:42,155 [DEBUG] cnn_neat: Added edge 0→5 (from 8 candidates)
2026-08-18 19:29:42,170 [DEBUG] cnn_neat: Removed hidden node 5 (pool=2)
2026-08-18 19:29:42,172 [DEBUG] cnn_neat: Removed edge 2→5 (from 4 candidates)
2026-08-18 19:29:42,175 [DEBUG] cnn_neat: Removed 2 edges (requested 3)
2026-08-18 19:29:42,177 [DEBUG] cnn_neat: Split edge 7→6, new hidden node 9 (pool=7)
2026-08-18 19:29:42,179 [DEBUG] cnn_neat: Split edge 0→2, new hidden node 8 (pool=7)
2026-08-18 19:29:42,186 [DEBUG] cnn_neat: Split edge 10→1, new hidden node 11 (pool=5)
2026-08-18 19:29:42,190 [DEBUG] cnn_neat: Added edge 2→7 (from 6 candidates)
2026-08-18 19:29:42,194 [DEBUG] cnn_neat: Removed hidden node 10 (pool=5)
2026-08-18 19:29:42,196 [DEBUG] cnn_neat: Removed edge 10→1 (from 10 candidates)
2026-08-18 19:29:42,201 [DEBUG] cnn_neat: Removed 3 edges (requested 3)
2026-08-18 19:29:42,204 [DEBUG] cnn_neat: Split edge 4→2, new hidden node 12 (pool=4)
2026-08-18 19:29:42,207 [DEBUG] cnn_neat: Split edge 4→2, new hidden node 5 (pool=3)
2026-08-18 19:29:42,209 [DEBUG] cnn_neat: Added edge 4→3 (from 3 candidates)
2026-08-18 19:29:42,211 [DEBUG] cnn_neat: Removed hidden node 3 (pool=1)
2026-08-18 19:29:42,212 [DEBUG] cnn_neat: Removed edge 3→1 (from 3 candidates)
2026-08-18 19:29:42,214 [DEBUG] cnn_neat: Removed 2 edges (requested 3)
2026-08-18 19:29:42,217 [DEBUG] cnn_neat: Split edge 5→1, new hidden node 6 (pool=3)
2026-08-18 19:29:42,218 [DEBUG] cnn_neat: Added edge 2→1 (from 2 candidates)
2026-08-18 19:29:42,222 [DEBUG] cnn_neat: Split edge 0→1, new hidden node 5 (pool=1)
2026-08-18 19:29:42,223 [DEBUG] cnn_neat: Added edge 4→1 (from 1 candidates)
2026-08-18 19:29:42,224 [DEBUG] cnn_neat: Removed hidden node 4 (pool=1)
2026-08-18 19:29:42,225 [DEBUG] cnn_neat: Removed edge 0→4 (from 1 candidates)
2026-08-18 19:29:42,225 [DEBUG] cnn_neat: Removed 1 edges (requested 3)
2026-08-18 19:29:42,228 [DEBUG] cnn_neat: Split edge 0→1, new hidden node 5 (pool=1)
2026-08-18 19:29:42,230 [DEBUG] cnn_neat: Removed hidden node 4 (pool=1)
2026-08-18 19:29:42,231 [DEBUG] cnn_neat: Removed edge 4→1 (from 3 candidates)
2026-08-18 19:29:42,232 [DEBUG] cnn_neat: Removed 1 edges (requested 3)
2026-08-18 19:29:42,235 [DEBUG] cnn_neat: Split edge 0→3, new hidden node 4 (pool=2)
2026-08-18 19:29:42,236 [DEBUG] cnn_neat: Added edge 0→1 (from 1 candidates)
2026-08-18 19:29:42,239 [DEBUG] cnn_neat: Split edge 4→2, new hidden node 5 (pool=3)
2026-08-18 19:29:42,241 [DEBUG] cnn_neat: Added edge 0→2 (from 2 candidates)
2026-08-18 19:29:42,251 [DEBUG] cnn_neat: Split edge 0→3, new hidden node 11 (pool=2)
2026-08-18 19:29:42,253 [DEBUG] cnn_neat: Added edge 5→10 (from 18 candidates)
2026-08-18 19:29:42,257 [DEBUG] cnn_neat: Removed hidden node 3 (pool=5)
2026-08-18 19:29:42,259 [DEBUG] cnn_neat: Removed edge 10→1 (from 8 candidates)
2026-08-18 19:29:42,268 [DEBUG] cnn_neat: Removed 3 edges (requested 3)
2026-08-18 19:29:42,270 [DEBUG] cnn_neat: Split edge 5→3, new hidden node 12 (pool=9)
2026-08-18 19:29:42,274 [DEBUG] cnn_neat: Split edge 3→1, new hidden node 12 (pool=3)
2026-08-18 19:29:42,277 [DEBUG] cnn_neat: Added edge 10→3 (from 24 candidates)
2026-08-18 19:29:42,281 [DEBUG] cnn_neat: Removed hidden node 5 (pool=6)
2026-08-18 19:29:42,282 [DEBUG] cnn_neat: Removed edge 5→3 (from 5 candidates)
2026-08-18 19:29:42,286 [DEBUG] cnn_neat: Removed 3 edges (requested 3)
2026-08-18 19:29:42,288 [DEBUG] cnn_neat: Split edge 0→11, new hidden node 13 (pool=11)
2026-08-18 19:29:42,292 [DEBUG] cnn_neat: Split edge 0→3, new hidden node 6 (pool=4)
2026-08-18 19:29:42,294 [DEBUG] cnn_neat: Added edge 3→1 (from 3 candidates)
2026-08-18 19:29:42,297 [DEBUG] cnn_neat: Removed hidden node 5 (pool=2)
2026-08-18 19:29:42,298 [DEBUG] cnn_neat: Removed edge 5→1 (from 6 candidates)
2026-08-18 19:29:42,301 [DEBUG] cnn_neat: Removed 3 edges (requested 3)
2026-08-18 19:29:42,303 [DEBUG] cnn_neat: Split edge 0→4, new hidden node 7 (pool=2)
2026-08-18 19:29:42,305 [DEBUG] cnn_neat: Split edge 3→4, new hidden node 6 (pool=4)
2026-08-18 19:29:42,307 [DEBUG] cnn_neat: Added edge 3→1 (from 7 candidates)
2026-08-18 19:29:42,309 [DEBUG] cnn_neat: Added edge 0→5 (from 2 candidates)
2026-08-18 19:29:42,311 [DEBUG] cnn_neat: Split edge 0→7, new hidden node 8 (pool=6)
2026-08-18 19:29:42,316 [DEBUG] cnn_neat: Split edge 10→1, new hidden node 12 (pool=3)
2026-08-18 19:29:42,319 [DEBUG] cnn_neat: Added edge 11→10 (from 14 candidates)
2026-08-18 19:29:42,323 [DEBUG] cnn_neat: Removed hidden node 2 (pool=6)
2026-08-18 19:29:42,325 [DEBUG] cnn_neat: Removed edge 2→3 (from 9 candidates)
2026-08-18 19:29:42,338 [DEBUG] cnn_neat: Removed 3 edges (requested 3)
2026-08-18 19:29:42,342 [DEBUG] cnn_neat: Split edge 0→4, new hidden node 13 (pool=12)
2026-08-18 19:29:42,347 [DEBUG] cnn_neat: Split edge 3→1, new hidden node 13 (pool=2)
2026-08-18 19:29:42,350 [DEBUG] cnn_neat: Added edge 12→4 (from 32 candidates)
2026-08-18 19:29:42,355 [DEBUG] cnn_neat: Removed hidden node 10 (pool=7)
2026-08-18 19:29:42,358 [DEBUG] cnn_neat: Removed edge 5→3 (from 6 candidates)
2026-08-18 19:29:42,363 [DEBUG] cnn_neat: Removed 3 edges (requested 3)
2026-08-18 19:29:42,366 [DEBUG] cnn_neat: Split edge 12→1, new hidden node 14 (pool=13)
2026-08-18 19:29:42,380 [DEBUG] cnn_neat: Split edge 4→2, new hidden node 18 (pool=6)
2026-08-18 19:29:42,384 [DEBUG] cnn_neat: Added edge 16→3 (from 58 candidates)
2026-08-18 19:29:42,391 [DEBUG] cnn_neat: Removed hidden node 13 (pool=9)
2026-08-18 19:29:42,394 [DEBUG] cnn_neat: Removed edge 4→2 (from 10 candidates)
2026-08-18 19:29:42,399 [DEBUG] cnn_neat: Removed 3 edges (requested 3)
2026-08-18 19:29:42,403 [DEBUG] cnn_neat: Split edge 8→9, new hidden node 19 (pool=6)
2026-08-18 19:29:42,411 [DEBUG] cnn_neat: Split edge 4→7, new hidden node 11 (pool=5)
2026-08-18 19:29:42,414 [DEBUG] cnn_neat: Added edge 2→10 (from 7 candidates)
2026-08-18 19:29:42,417 [DEBUG] cnn_neat: Removed hidden node 2 (pool=5)
2026-08-18 19:29:42,421 [DEBUG] cnn_neat: Removed edge 2→3 (from 10 candidates)
2026-08-18 19:29:42,432 [DEBUG] cnn_neat: Removed 3 edges (requested 3)
2026-08-18 19:29:42,568 [DEBUG] cnn_neat: Split edge 0→7, new hidden node 12 (pool=6)
2026-08-18 19:29:42,571 [DEBUG] cnn_neat: Split edge 7→10, new hidden node 11 (pool=6)
2026-08-18 19:29:42,576 [DEBUG] cnn_neat: Split edge 2→5, new hidden node 7 (pool=4)
2026-08-18 19:29:42,579 [DEBUG] cnn_neat: Added edge 5→1 (from 4 candidates)
2026-08-18 19:29:42,588 [DEBUG] cnn_neat: Split edge 0→1, new hidden node 4 (pool=1)
2026-08-18 19:29:42,592 [DEBUG] cnn_neat: Removed hidden node 3 (pool=1)
2026-08-18 19:29:42,593 [DEBUG] cnn_neat: Removed edge 0→1 (from 3 candidates)
2026-08-18 19:29:42,594 [DEBUG] cnn_neat: Removed 1 edges (requested 3)
2026-08-18 19:29:42,598 [DEBUG] cnn_neat: Split edge 4→7, new hidden node 11 (pool=15)
2026-08-18 19:29:42,602 [DEBUG] cnn_neat: Added edge 0→3 (from 5 candidates)
2026-08-18 19:29:42,607 [DEBUG] cnn_neat: Removed hidden node 7 (pool=5)
2026-08-18 19:29:42,611 [DEBUG] cnn_neat: Removed edge 2→1 (from 15 candidates)
2026-08-18 19:29:42,616 [DEBUG] cnn_neat: Removed 3 edges (requested 3)
2026-08-18 19:29:42,619 [DEBUG] cnn_neat: Split edge 11→7, new hidden node 12 (pool=13)
2026-08-18 19:29:42,628 [DEBUG] cnn_neat: Split edge 3→4, new hidden node 6 (pool=4)
2026-08-18 19:29:42,632 [DEBUG] cnn_neat: Added edge 0→5 (from 4 candidates)
2026-08-18 19:29:42,637 [DEBUG] cnn_neat: Removed hidden node 5 (pool=2)
2026-08-18 19:29:42,643 [DEBUG] cnn_neat: Removed edge 4→5 (from 4 candidates)
2026-08-18 19:29:42,645 [DEBUG] cnn_neat: Removed 2 edges (requested 3)
2026-08-18 19:29:42,648 [DEBUG] cnn_neat: Split edge 4→1, new hidden node 7 (pool=2)
2026-08-18 19:29:42,652 [DEBUG] cnn_neat: Split edge 4→5, new hidden node 6 (pool=6)
2026-08-18 19:29:42,657 [DEBUG] cnn_neat: Added edge 0→5 (from 8 candidates)
2026-08-18 19:29:42,662 [DEBUG] cnn_neat: Added edge 3→1 (from 4 candidates)
2026-08-18 19:29:42,669 [DEBUG] cnn_neat: Split edge 5→3, new hidden node 7 (pool=7)
2026-08-18 19:29:42,673 [DEBUG] cnn_neat: Added edge 4→6 (from 8 candidates)
2026-08-18 19:29:42,676 [DEBUG] cnn_neat: Removed hidden node 4 (pool=3)
2026-08-18 19:29:42,678 [DEBUG] cnn_neat: Removed edge 0→4 (from 6 candidates)
2026-08-18 19:29:42,681 [DEBUG] cnn_neat: Removed 3 edges (requested 3)
2026-08-18 19:29:42,683 [DEBUG] cnn_neat: Split edge 4→5, new hidden node 8 (pool=6)
2026-08-18 19:29:42,686 [DEBUG] cnn_neat: Split edge 4→5, new hidden node 7 (pool=8)
2026-08-18 19:29:42,691 [DEBUG] cnn_neat: Split edge 0→7, new hidden node 12 (pool=4)
2026-08-18 19:29:42,693 [DEBUG] cnn_neat: Added edge 10→11 (from 14 candidates)
2026-08-18 19:29:42,697 [DEBUG] cnn_neat: Removed hidden node 4 (pool=6)
2026-08-18 19:29:42,700 [DEBUG] cnn_neat: Removed edge 4→7 (from 9 candidates)
2026-08-18 19:29:42,705 [DEBUG] cnn_neat: Removed 3 edges (requested 3)
2026-08-18 19:29:42,708 [DEBUG] cnn_neat: Split edge 4→2, new hidden node 13 (pool=12)
2026-08-18 19:29:42,711 [DEBUG] cnn_neat: Split edge 2→11, new hidden node 12 (pool=6)
2026-08-18 19:29:42,717 [DEBUG] cnn_neat: Split edge 9→18, new hidden node 19 (pool=15)
2026-08-18 19:29:42,722 [DEBUG] cnn_neat: Added edge 3→9 (from 71 candidates)
2026-08-18 19:29:42,728 [DEBUG] cnn_neat: Removed hidden node 17 (pool=10)
2026-08-18 19:29:42,733 [DEBUG] cnn_neat: Removed edge 16→17 (from 9 candidates)
2026-08-18 19:29:42,741 [DEBUG] cnn_neat: Removed 3 edges (requested 3)
2026-08-18 19:29:42,745 [DEBUG] cnn_neat: Split edge 3→1, new hidden node 20 (pool=10)
2026-08-18 19:29:42,749 [DEBUG] cnn_neat: Split edge 0→3, new hidden node 12 (pool=2)
2026-08-18 19:29:42,751 [DEBUG] cnn_neat: Added edge 9→3 (from 26 candidates)
2026-08-18 19:29:42,754 [DEBUG] cnn_neat: Removed hidden node 4 (pool=5)
2026-08-18 19:29:42,756 [DEBUG] cnn_neat: Removed edge 11→1 (from 3 candidates)
2026-08-18 19:29:42,758 [DEBUG] cnn_neat: Removed 3 edges (requested 3)
2026-08-18 19:29:42,760 [DEBUG] cnn_neat: Split edge 0→9, new hidden node 13 (pool=8)
2026-08-18 19:29:42,762 [DEBUG] cnn_neat: Split edge 0→3, new hidden node 12 (pool=3)
2026-08-18 19:29:42,766 [DEBUG] cnn_neat: Split edge 11→9, new hidden node 12 (pool=5)
2026-08-18 19:29:42,769 [DEBUG] cnn_neat: Added edge 3→10 (from 29 candidates)
2026-08-18 19:29:42,775 [DEBUG] cnn_neat: Removed hidden node 10 (pool=7)
2026-08-18 19:29:42,778 [DEBUG] cnn_neat: Removed edge 4→11 (from 10 candidates)
2026-08-18 19:29:42,782 [DEBUG] cnn_neat: Removed 3 edges (requested 3)
2026-08-18 19:29:42,785 [DEBUG] cnn_neat: Split edge 9→1, new hidden node 13 (pool=3)
2026-08-18 19:29:42,815 [DEBUG] cnn_neat: Split edge 2→8, new hidden node 18 (pool=4)
2026-08-18 19:29:42,830 [DEBUG] cnn_neat: Added edge 16→10 (from 54 candidates)
2026-08-18 19:29:42,848 [DEBUG] cnn_neat: Removed hidden node 10 (pool=9)
2026-08-18 19:29:42,856 [DEBUG] cnn_neat: Removed edge 16→17 (from 8 candidates)
2026-08-18 19:29:42,874 [DEBUG] cnn_neat: Removed 3 edges (requested 3)
2026-08-18 19:29:42,883 [DEBUG] cnn_neat: Split edge 9→1, new hidden node 18 (pool=6)
2026-08-18 19:29:42,888 [DEBUG] cnn_neat: Split edge 9→1, new hidden node 18 (pool=4)
2026-08-18 19:29:42,907 [DEBUG] cnn_neat: Split edge 4→2, new hidden node 12 (pool=3)
2026-08-18 19:29:43,043 [DEBUG] cnn_neat: Added edge 2→11 (from 15 candidates)
2026-08-18 19:29:43,125 [DEBUG] cnn_neat: Removed hidden node 4 (pool=6)
2026-08-18 19:29:43,190 [DEBUG] cnn_neat: Removed edge 2→1 (from 8 candidates)
2026-08-18 19:29:43,207 [DEBUG] cnn_neat: Removed 3 edges (requested 3)
2026-08-18 19:29:43,210 [DEBUG] cnn_neat: Split edge 0→11, new hidden node 13 (pool=5)
2026-08-18 19:29:43,214 [DEBUG] cnn_neat: Split edge 4→2, new hidden node 5 (pool=3)
2026-08-18 19:29:43,216 [DEBUG] cnn_neat: Added edge 4→3 (from 3 candidates)
2026-08-18 19:29:43,218 [DEBUG] cnn_neat: Removed hidden node 3 (pool=1)
2026-08-18 19:29:43,219 [DEBUG] cnn_neat: Removed edge 2→3 (from 3 candidates)
2026-08-18 19:29:43,221 [DEBUG] cnn_neat: Removed 1 edges (requested 3)
2026-08-18 19:29:43,224 [DEBUG] cnn_neat: Split edge 5→1, new hidden node 6 (pool=3)
2026-08-18 19:29:43,226 [DEBUG] cnn_neat: Added edge 0→5 (from 2 candidates)
2026-08-18 19:29:43,229 [DEBUG] cnn_neat: Split edge 0→1, new hidden node 5 (pool=1)
2026-08-18 19:29:43,230 [DEBUG] cnn_neat: Added edge 4→1 (from 1 candidates)
2026-08-18 19:29:43,231 [DEBUG] cnn_neat: Removed hidden node 4 (pool=1)
2026-08-18 19:29:43,232 [DEBUG] cnn_neat: Removed edge 0→4 (from 1 candidates)
2026-08-18 19:29:43,233 [DEBUG] cnn_neat: Removed 1 edges (requested 3)
2026-08-18 19:29:43,236 [DEBUG] cnn_neat: Split edge 0→1, new hidden node 5 (pool=1)
2026-08-18 19:29:43,238 [DEBUG] cnn_neat: Removed hidden node 4 (pool=1)
2026-08-18 19:29:43,239 [DEBUG] cnn_neat: Removed edge 4→1 (from 3 candidates)
2026-08-18 19:29:43,241 [DEBUG] cnn_neat: Removed 2 edges (requested 3)
2026-08-18 19:29:43,243 [DEBUG] cnn_neat: Split edge 3→1, new hidden node 4 (pool=2)
2026-08-18 19:29:43,244 [DEBUG] cnn_neat: Added edge 0→1 (from 1 candidates)
2026-08-18 19:29:43,248 [DEBUG] cnn_neat: Split edge 2→1, new hidden node 5 (pool=3)
2026-08-18 19:29:43,249 [DEBUG] cnn_neat: Added edge 4→1 (from 2 candidates)
2026-08-18 19:29:43,282 [DEBUG] cnn_neat: Split edge 11→1, new hidden node 13 (pool=2)
2026-08-18 19:29:43,324 [DEBUG] cnn_neat: Added edge 11→12 (from 32 candidates)
2026-08-18 19:29:43,377 [DEBUG] cnn_neat: Removed hidden node 12 (pool=7)
2026-08-18 19:29:43,419 [DEBUG] cnn_neat: Removed edge 5→3 (from 6 candidates)
2026-08-18 19:29:43,436 [DEBUG] cnn_neat: Removed 3 edges (requested 3)
2026-08-18 19:29:43,446 [DEBUG] cnn_neat: Split edge 0→3, new hidden node 13 (pool=5)
2026-08-18 19:29:43,448 [DEBUG] cnn_neat: Split edge 11→1, new hidden node 12 (pool=3)
2026-08-18 19:29:43,452 [DEBUG] cnn_neat: Split edge 6→1, new hidden node 7 (pool=4)
2026-08-18 19:29:43,454 [DEBUG] cnn_neat: Added edge 5→1 (from 4 candidates)
2026-08-18 19:29:43,467 [DEBUG] cnn_neat: Split edge 0→1, new hidden node 4 (pool=1)
2026-08-18 19:29:43,469 [DEBUG] cnn_neat: Removed hidden node 3 (pool=1)
2026-08-18 19:29:43,470 [DEBUG] cnn_neat: Removed edge 0→3 (from 3 candidates)
2026-08-18 19:29:43,471 [DEBUG] cnn_neat: Removed 1 edges (requested 3)
2026-08-18 19:29:43,503 [DEBUG] cnn_neat: Split edge 6→1, new hidden node 9 (pool=7)
2026-08-18 19:29:43,549 [DEBUG] cnn_neat: Added edge 0→6 (from 11 candidates)
2026-08-18 19:29:43,564 [DEBUG] cnn_neat: Removed hidden node 2 (pool=2)
2026-08-18 19:29:43,574 [DEBUG] cnn_neat: Removed edge 0→2 (from 4 candidates)
2026-08-18 19:29:43,586 [DEBUG] cnn_neat: Removed 1 edges (requested 3)
2026-08-18 19:29:43,592 [DEBUG] cnn_neat: Split edge 2→8, new hidden node 10 (pool=8)
2026-08-18 19:29:43,594 [DEBUG] cnn_neat: Split edge 6→1, new hidden node 9 (pool=2)
2026-08-18 19:29:43,741 [DEBUG] cnn_neat: Split edge 6→1, new hidden node 7 (pool=2)
2026-08-18 19:29:43,746 [DEBUG] cnn_neat: Added edge 2→1 (from 4 candidates)
2026-08-18 19:29:43,754 [DEBUG] cnn_neat: Removed hidden node 5 (pool=2)
2026-08-18 19:29:43,760 [DEBUG] cnn_neat: Removed edge 2→5 (from 4 candidates)
2026-08-18 19:29:43,766 [DEBUG] cnn_neat: Removed 3 edges (requested 3)
2026-08-18 19:29:43,772 [DEBUG] cnn_neat: Split edge 6→1, new hidden node 7 (pool=3)
2026-08-18 19:29:43,773 [DEBUG] cnn_neat: Split edge 0→6, new hidden node 7 (pool=3)
2026-08-18 19:29:43,781 [DEBUG] cnn_neat: Split edge 10→1, new hidden node 12 (pool=11)
2026-08-18 19:29:43,788 [DEBUG] cnn_neat: Added edge 3→9 (from 29 candidates)
2026-08-18 19:29:43,845 [DEBUG] cnn_neat: Removed hidden node 10 (pool=7)
2026-08-18 19:29:43,854 [DEBUG] cnn_neat: Removed edge 9→10 (from 11 candidates)
2026-08-18 19:29:43,864 [DEBUG] cnn_neat: Removed 3 edges (requested 3)
2026-08-18 19:29:43,867 [DEBUG] cnn_neat: Split edge 0→4, new hidden node 13 (pool=9)
2026-08-18 19:29:43,907 [DEBUG] cnn_neat: Split edge 0→3, new hidden node 7 (pool=5)
2026-08-18 19:29:43,913 [DEBUG] cnn_neat: Added edge 0→5 (from 6 candidates)
2026-08-18 19:29:43,922 [DEBUG] cnn_neat: Removed hidden node 5 (pool=3)
2026-08-18 19:29:43,927 [DEBUG] cnn_neat: Removed edge 0→3 (from 7 candidates)
2026-08-18 19:29:43,934 [DEBUG] cnn_neat: Removed 3 edges (requested 3)
2026-08-18 19:29:43,937 [DEBUG] cnn_neat: Split edge 0→3, new hidden node 7 (pool=6)
2026-08-18 19:29:43,938 [DEBUG] cnn_neat: Split edge 0→6, new hidden node 7 (pool=4)
2026-08-18 19:29:43,940 [DEBUG] cnn_neat: Split edge 4→1, new hidden node 7 (pool=3)
2026-08-18 19:29:43,971 [DEBUG] cnn_neat: Split edge 0→3, new hidden node 6 (pool=6)
2026-08-18 19:29:43,977 [DEBUG] cnn_neat: Added edge 4→3 (from 4 candidates)
2026-08-18 19:29:44,027 [DEBUG] cnn_neat: Removed hidden node 4 (pool=2)
2026-08-18 19:29:44,030 [DEBUG] cnn_neat: Removed edge 0→4 (from 5 candidates)
2026-08-18 19:29:44,053 [DEBUG] cnn_neat: Removed 3 edges (requested 3)
2026-08-18 19:29:44,062 [DEBUG] cnn_neat: Split edge 6→3, new hidden node 7 (pool=7)
2026-08-18 19:29:44,066 [DEBUG] cnn_neat: Split edge 4→5, new hidden node 6 (pool=7)
2026-08-18 19:29:44,068 [DEBUG] cnn_neat: Split edge 3→1, new hidden node 6 (pool=5)
2026-08-18 19:29:44,074 [DEBUG] cnn_neat: Split edge 0→4, new hidden node 5 (pool=3)
2026-08-18 19:29:44,078 [DEBUG] cnn_neat: Added edge 0→2 (from 3 candidates)
2026-08-18 19:29:44,085 [DEBUG] cnn_neat: Removed hidden node 3 (pool=1)
2026-08-18 19:29:44,087 [DEBUG] cnn_neat: Removed edge 2→3 (from 3 candidates)
2026-08-18 19:29:44,245 [DEBUG] cnn_neat: Removed 2 edges (requested 3)
2026-08-18 19:29:44,249 [DEBUG] cnn_neat: Split edge 0→2, new hidden node 6 (pool=3)
2026-08-18 19:29:44,251 [DEBUG] cnn_neat: Added edge 2→1 (from 2 candidates)
2026-08-18 19:29:44,256 [DEBUG] cnn_neat: Split edge 0→1, new hidden node 5 (pool=1)
2026-08-18 19:29:44,258 [DEBUG] cnn_neat: Added edge 4→1 (from 1 candidates)
2026-08-18 19:29:44,261 [DEBUG] cnn_neat: Removed hidden node 4 (pool=1)
2026-08-18 19:29:44,263 [DEBUG] cnn_neat: Removed edge 0→4 (from 1 candidates)
2026-08-18 19:29:44,265 [DEBUG] cnn_neat: Removed 1 edges (requested 3)
2026-08-18 19:29:44,269 [DEBUG] cnn_neat: Split edge 0→1, new hidden node 5 (pool=1)
2026-08-18 19:29:44,272 [DEBUG] cnn_neat: Removed hidden node 4 (pool=1)
2026-08-18 19:29:44,274 [DEBUG] cnn_neat: Removed edge 4→1 (from 3 candidates)
2026-08-18 19:29:44,275 [DEBUG] cnn_neat: Removed 1 edges (requested 3)
2026-08-18 19:29:44,279 [DEBUG] cnn_neat: Split edge 0→3, new hidden node 4 (pool=2)
2026-08-18 19:29:44,281 [DEBUG] cnn_neat: Added edge 0→1 (from 1 candidates)
2026-08-18 19:29:44,286 [DEBUG] cnn_neat: Split edge 4→2, new hidden node 5 (pool=3)
2026-08-18 19:29:44,288 [DEBUG] cnn_neat: Added edge 0→2 (from 2 candidates)
2026-08-18 19:29:44,295 [DEBUG] cnn_neat: Split edge 0→2, new hidden node 7 (pool=4)
2026-08-18 19:29:44,299 [DEBUG] cnn_neat: Added edge 0→5 (from 4 candidates)
2026-08-18 19:29:44,304 [DEBUG] cnn_neat: Split edge 0→1, new hidden node 4 (pool=1)
2026-08-18 19:29:44,308 [DEBUG] cnn_neat: Removed hidden node 3 (pool=1)
2026-08-18 19:29:44,309 [DEBUG] cnn_neat: Removed edge 3→1 (from 3 candidates)
2026-08-18 19:29:44,311 [DEBUG] cnn_neat: Removed 2 edges (requested 3)
2026-08-18 19:29:44,317 [DEBUG] cnn_neat: Split edge 7→1, new hidden node 8 (pool=7)
2026-08-18 19:29:44,321 [DEBUG] cnn_neat: Added edge 3→1 (from 13 candidates)
2026-08-18 19:29:44,326 [DEBUG] cnn_neat: Removed hidden node 5 (pool=3)
2026-08-18 19:29:44,330 [DEBUG] cnn_neat: Removed edge 6→3 (from 5 candidates)
2026-08-18 19:29:44,336 [DEBUG] cnn_neat: Removed 2 edges (requested 3)
2026-08-18 19:29:44,340 [DEBUG] cnn_neat: Split edge 3→7, new hidden node 9 (pool=8)
2026-08-18 19:29:44,345 [DEBUG] cnn_neat: Split edge 10→1, new hidden node 11 (pool=7)
2026-08-18 19:29:44,347 [DEBUG] cnn_neat: Added edge 0→10 (from 7 candidates)
2026-08-18 19:29:44,351 [DEBUG] cnn_neat: Removed hidden node 2 (pool=2)
2026-08-18 19:29:44,354 [DEBUG] cnn_neat: Removed edge 2→1 (from 4 candidates)
2026-08-18 19:29:44,359 [DEBUG] cnn_neat: Removed 3 edges (requested 3)
2026-08-18 19:29:44,361 [DEBUG] cnn_neat: Split edge 0→10, new hidden node 11 (pool=4)
2026-08-18 19:29:44,363 [DEBUG] cnn_neat: Split edge 10→1, new hidden node 11 (pool=5)
2026-08-18 19:29:44,368 [DEBUG] cnn_neat: Split edge 7→5, new hidden node 8 (pool=6)
2026-08-18 19:29:44,372 [DEBUG] cnn_neat: Added edge 0→6 (from 8 candidates)
2026-08-18 19:29:44,377 [DEBUG] cnn_neat: Removed hidden node 7 (pool=2)
2026-08-18 19:29:44,379 [DEBUG] cnn_neat: Removed edge 2→7 (from 4 candidates)
2026-08-18 19:29:44,383 [DEBUG] cnn_neat: Removed 1 edges (requested 3)
2026-08-18 19:29:44,386 [DEBUG] cnn_neat: Split edge 0→5, new hidden node 9 (pool=3)
2026-08-18 19:29:44,392 [DEBUG] cnn_neat: Split edge 0→6, new hidden node 8 (pool=4)
2026-08-18 19:29:44,394 [DEBUG] cnn_neat: Split edge 7→5, new hidden node 8 (pool=5)
2026-08-18 19:29:44,402 [DEBUG] cnn_neat: Split edge 4→3, new hidden node 11 (pool=11)
2026-08-18 19:29:44,405 [DEBUG] cnn_neat: Saved generation 5
2026-08-18 19:29:44,473 [DEBUG] cnn_neat: Selected 25 elite individuals
2026-08-18 19:29:44,477 [DEBUG] cnn_neat: Added edge 3→7 (from 31 candidates)
2026-08-18 19:29:44,550 [DEBUG] cnn_neat: Removed hidden node 8 (pool=7)
2026-08-18 19:29:44,571 [DEBUG] cnn_neat: Removed edge 4→3 (from 9 candidates)
2026-08-18 19:29:44,600 [DEBUG] cnn_neat: Removed 3 edges (requested 3)
2026-08-18 19:29:44,614 [DEBUG] cnn_neat: Split edge 7→8, new hidden node 11 (pool=12)
2026-08-18 19:29:44,620 [DEBUG] cnn_neat: Split edge 3→1, new hidden node 11 (pool=9)
2026-08-18 19:29:44,643 [DEBUG] cnn_neat: Split edge 2→11, new hidden node 13 (pool=11)
2026-08-18 19:29:44,651 [DEBUG] cnn_neat: Added edge 0→2 (from 23 candidates)
2026-08-18 19:29:44,665 [DEBUG] cnn_neat: Removed hidden node 3 (pool=7)
2026-08-18 19:29:44,674 [DEBUG] cnn_neat: Removed edge 12→10 (from 8 candidates)
2026-08-18 19:29:44,685 [DEBUG] cnn_neat: Removed 3 edges (requested 3)
2026-08-18 19:29:44,694 [DEBUG] cnn_neat: Trimmed elite queue to 128 entries
2026-08-18 19:29:44,694 [DEBUG] cnn_neat: Split edge 3→7, new hidden node 14 (pool=7)
2026-08-18 19:29:44,979 [DEBUG] cnn_neat: Split edge 3→1, new hidden node 20 (pool=10)
2026-08-18 19:29:44,984 [DEBUG] cnn_neat: Added edge 8→19 (from 79 candidates)
2026-08-18 19:29:44,993 [DEBUG] cnn_neat: Removed hidden node 2 (pool=11)
2026-08-18 19:29:44,997 [DEBUG] cnn_neat: Removed edge 19→10 (from 8 candidates)
2026-08-18 19:29:45,003 [DEBUG] cnn_neat: Removed 3 edges (requested 3)
2026-08-18 19:29:45,007 [DEBUG] cnn_neat: Crossover rejected: union topology invalid (edges=29 nodes=22)
2026-08-18 19:29:45,011 [DEBUG] cnn_neat: Split edge 17→1, new hidden node 20 (pool=10)
2026-08-18 19:29:45,017 [DEBUG] cnn_neat: Added edge 4→19 (from 79 candidates)
2026-08-18 19:29:45,022 [DEBUG] cnn_neat: Added edge 10→17 (from 81 candidates)
2026-08-18 19:29:45,027 [DEBUG] cnn_neat: Added edge 16→10 (from 75 candidates)
2026-08-18 19:29:45,032 [DEBUG] cnn_neat: Added edge 10→3 (from 71 candidates)
2026-08-18 19:29:45,038 [DEBUG] cnn_neat: Added edge 13→9 (from 64 candidates)
2026-08-18 19:29:45,043 [DEBUG] cnn_neat: Split edge 3→1, new hidden node 19 (pool=15)
2026-08-18 19:29:45,048 [DEBUG] cnn_neat: Added edge 17→3 (from 74 candidates)
2026-08-18 19:29:45,055 [DEBUG] cnn_neat: Removed hidden node 16 (pool=10)
2026-08-18 19:29:45,059 [DEBUG] cnn_neat: Removed edge 16→17 (from 10 candidates)
2026-08-18 19:29:45,065 [DEBUG] cnn_neat: Removed 3 edges (requested 3)
2026-08-18 19:29:45,071 [DEBUG] cnn_neat: Crossover rejected: union topology invalid (edges=27 nodes=19)
2026-08-18 19:29:45,075 [DEBUG] cnn_neat: Split edge 0→4, new hidden node 19 (pool=15)
2026-08-18 19:29:45,079 [DEBUG] cnn_neat: Added edge 16→2 (from 74 candidates)
2026-08-18 19:29:45,084 [DEBUG] cnn_neat: Added edge 8→18 (from 71 candidates)
2026-08-18 19:29:45,090 [DEBUG] cnn_neat: Added edge 4→9 (from 61 candidates)
2026-08-18 19:29:45,094 [DEBUG] cnn_neat: Added edge 3→18 (from 54 candidates)
2026-08-18 19:29:45,100 [DEBUG] cnn_neat: Added edge 0→9 (from 50 candidates)
2026-08-18 19:29:45,103 [DEBUG] cnn_neat: Split edge 16→17, new hidden node 19 (pool=10)
2026-08-18 19:29:45,106 [DEBUG] cnn_neat: Added edge 18→10 (from 58 candidates)
2026-08-18 19:29:45,111 [DEBUG] cnn_neat: Removed hidden node 17 (pool=9)
2026-08-18 19:29:45,113 [DEBUG] cnn_neat: Removed edge 17→1 (from 5 candidates)
2026-08-18 19:29:45,118 [DEBUG] cnn_neat: Removed 3 edges (requested 3)
2026-08-18 19:29:45,123 [DEBUG] cnn_neat: Crossover rejected: union topology invalid (edges=27 nodes=19)
2026-08-18 19:29:45,126 [DEBUG] cnn_neat: Split edge 9→10, new hidden node 19 (pool=10)
2026-08-18 19:29:45,129 [DEBUG] cnn_neat: Added edge 3→18 (from 58 candidates)
2026-08-18 19:29:45,132 [DEBUG] cnn_neat: Added edge 13→9 (from 56 candidates)
2026-08-18 19:29:45,135 [DEBUG] cnn_neat: Added edge 9→17 (from 52 candidates)
2026-08-18 19:29:45,139 [DEBUG] cnn_neat: Added edge 3→10 (from 49 candidates)
2026-08-18 19:29:45,143 [DEBUG] cnn_neat: Added edge 2→18 (from 47 candidates)
2026-08-18 19:29:45,147 [DEBUG] cnn_neat: Split edge 0→8, new hidden node 19 (pool=2)
2026-08-18 19:29:45,152 [DEBUG] cnn_neat: Added edge 13→10 (from 68 candidates)
2026-08-18 19:29:45,158 [DEBUG] cnn_neat: Removed hidden node 8 (pool=10)
2026-08-18 19:29:45,161 [DEBUG] cnn_neat: Removed edge 2→3 (from 9 candidates)
2026-08-18 19:29:45,167 [DEBUG] cnn_neat: Removed 3 edges (requested 3)
2026-08-18 19:29:45,170 [DEBUG] cnn_neat: Split edge 0→8, new hidden node 18 (pool=3)
2026-08-18 19:29:45,176 [DEBUG] cnn_neat: Crossover rejected: union topology invalid (edges=33 nodes=21)
2026-08-18 19:29:45,180 [DEBUG] cnn_neat: Split edge 0→8, new hidden node 19 (pool=2)
2026-08-18 19:29:45,184 [DEBUG] cnn_neat: Added edge 17→10 (from 72 candidates)
2026-08-18 19:29:45,190 [DEBUG] cnn_neat: Added edge 10→3 (from 68 candidates)
2026-08-18 19:29:45,195 [DEBUG] cnn_neat: Added edge 13→2 (from 63 candidates)
2026-08-18 19:29:45,200 [DEBUG] cnn_neat: Added edge 2→17 (from 56 candidates)
2026-08-18 19:29:45,204 [DEBUG] cnn_neat: Added edge 10→17 (from 52 candidates)
2026-08-18 19:29:45,209 [DEBUG] cnn_neat: Added edge 4→16 (from 47 candidates)
2026-08-18 19:29:45,213 [DEBUG] cnn_neat: Split edge 2→8, new hidden node 18 (pool=4)
2026-08-18 19:29:45,218 [DEBUG] cnn_neat: Split edge 0→8, new hidden node 19 (pool=2)
2026-08-18 19:29:45,223 [DEBUG] cnn_neat: Added edge 4→18 (from 72 candidates)
2026-08-18 19:29:45,226 [DEBUG] cnn_neat: Added edge 8→13 (from 54 candidates)
2026-08-18 19:29:45,232 [DEBUG] cnn_neat: Removed hidden node 16 (pool=9)
2026-08-18 19:29:45,236 [DEBUG] cnn_neat: Removed edge 2→3 (from 8 candidates)
2026-08-18 19:29:45,242 [DEBUG] cnn_neat: Removed 3 edges (requested 3)
2026-08-18 19:29:45,245 [DEBUG] cnn_neat: Crossover rejected: union topology invalid (edges=21 nodes=15)
2026-08-18 19:29:45,249 [DEBUG] cnn_neat: Split edge 8→9, new hidden node 18 (pool=4)
2026-08-18 19:29:45,253 [DEBUG] cnn_neat: Added edge 17→2 (from 54 candidates)
2026-08-18 19:29:45,257 [DEBUG] cnn_neat: Added edge 4→13 (from 38 candidates)
2026-08-18 19:29:45,261 [DEBUG] cnn_neat: Added edge 2→1 (from 34 candidates)
2026-08-18 19:29:45,265 [DEBUG] cnn_neat: Added edge 3→10 (from 32 candidates)
2026-08-18 19:29:45,269 [DEBUG] cnn_neat: Added edge 13→10 (from 30 candidates)
2026-08-18 19:29:45,272 [DEBUG] cnn_neat: Split edge 9→1, new hidden node 18 (pool=3)
2026-08-18 19:29:45,276 [DEBUG] cnn_neat: Added edge 2→16 (from 60 candidates)
2026-08-18 19:29:45,282 [DEBUG] cnn_neat: Removed hidden node 17 (pool=9)
2026-08-18 19:29:45,284 [DEBUG] cnn_neat: Split edge 0→13, new hidden node 17 (pool=5)
2026-08-18 19:29:45,287 [DEBUG] cnn_neat: Removed edge 3→1 (from 4 candidates)
2026-08-18 19:29:45,291 [DEBUG] cnn_neat: Removed 3 edges (requested 3)
2026-08-18 19:29:45,295 [DEBUG] cnn_neat: Crossover rejected: union topology invalid (edges=24 nodes=18)
2026-08-18 19:29:45,297 [DEBUG] cnn_neat: Split edge 8→9, new hidden node 18 (pool=3)
2026-08-18 19:29:45,302 [DEBUG] cnn_neat: Added edge 3→13 (from 60 candidates)
2026-08-18 19:29:45,306 [DEBUG] cnn_neat: Added edge 2→16 (from 50 candidates)
2026-08-18 19:29:45,309 [DEBUG] cnn_neat: Added edge 2→17 (from 49 candidates)
2026-08-18 19:29:45,313 [DEBUG] cnn_neat: Added edge 4→16 (from 48 candidates)
2026-08-18 19:29:45,317 [DEBUG] cnn_neat: Added edge 16→9 (from 47 candidates)
2026-08-18 19:29:45,322 [DEBUG] cnn_neat: Split edge 8→9, new hidden node 19 (pool=3)
2026-08-18 19:29:45,328 [DEBUG] cnn_neat: Added edge 13→3 (from 48 candidates)
2026-08-18 19:29:45,464 [DEBUG] cnn_neat: Split edge 2→3, new hidden node 20 (pool=10)
2026-08-18 19:29:45,519 [DEBUG] cnn_neat: Added edge 16→3 (from 79 candidates)
2026-08-18 19:29:45,540 [DEBUG] cnn_neat: Removed hidden node 17 (pool=11)
2026-08-18 19:29:45,550 [DEBUG] cnn_neat: Removed edge 17→1 (from 8 candidates)
2026-08-18 19:29:45,567 [DEBUG] cnn_neat: Removed 3 edges (requested 3)
2026-08-18 19:29:45,577 [DEBUG] cnn_neat: Split edge 9→18, new hidden node 21 (pool=6)
2026-08-18 19:29:45,596 [DEBUG] cnn_neat: Split edge 9→18, new hidden node 19 (pool=15)
2026-08-18 19:29:45,606 [DEBUG] cnn_neat: Added edge 9→16 (from 74 candidates)
2026-08-18 19:29:45,885 [DEBUG] cnn_neat: Removed hidden node 2 (pool=10)
2026-08-18 19:29:45,919 [DEBUG] cnn_neat: Removed edge 17→1 (from 10 candidates)
2026-08-18 19:29:45,987 [DEBUG] cnn_neat: Removed 3 edges (requested 3)
2026-08-18 19:29:46,056 [DEBUG] cnn_neat: Split edge 0→8, new hidden node 19 (pool=14)
2026-08-18 19:29:46,074 [DEBUG] cnn_neat: Added edge 8→4 (from 78 candidates)
2026-08-18 19:29:46,103 [DEBUG] cnn_neat: Removed hidden node 17 (pool=10)
2026-08-18 19:29:46,109 [DEBUG] cnn_neat: Removed edge 9→10 (from 8 candidates)
2026-08-18 19:29:46,119 [DEBUG] cnn_neat: Removed 3 edges (requested 3)
2026-08-18 19:29:46,127 [DEBUG] cnn_neat: Split edge 0→13, new hidden node 20 (pool=8)
2026-08-18 19:29:46,135 [DEBUG] cnn_neat: Split edge 8→4, new hidden node 19 (pool=15)
2026-08-18 19:29:46,145 [DEBUG] cnn_neat: Split edge 0→13, new hidden node 19 (pool=10)
2026-08-18 19:29:46,151 [DEBUG] cnn_neat: Added edge 17→3 (from 58 candidates)
2026-08-18 19:29:46,168 [DEBUG] cnn_neat: Removed hidden node 17 (pool=9)
2026-08-18 19:29:46,173 [DEBUG] cnn_neat: Removed edge 17→1 (from 5 candidates)
2026-08-18 19:29:46,183 [DEBUG] cnn_neat: Removed 3 edges (requested 3)
2026-08-18 19:29:46,188 [DEBUG] cnn_neat: Split edge 0→8, new hidden node 20 (pool=6)
2026-08-18 19:29:46,193 [DEBUG] cnn_neat: Split edge 0→8, new hidden node 19 (pool=8)
2026-08-18 19:29:46,196 [DEBUG] cnn_neat: Split edge 3→1, new hidden node 19 (pool=9)
2026-08-18 19:29:46,206 [DEBUG] cnn_neat: Split edge 11→1, new hidden node 13 (pool=8)
2026-08-18 19:29:46,213 [DEBUG] cnn_neat: Added edge 12→6 (from 30 candidates)
2026-08-18 19:29:46,222 [DEBUG] cnn_neat: Removed hidden node 11 (pool=7)
2026-08-18 19:29:46,227 [DEBUG] cnn_neat: Removed edge 10→1 (from 9 candidates)
2026-08-18 19:29:46,236 [DEBUG] cnn_neat: Removed 3 edges (requested 3)
2026-08-18 19:29:46,243 [DEBUG] cnn_neat: Split edge 0→12, new hidden node 14 (pool=6)
2026-08-18 19:29:46,255 [DEBUG] cnn_neat: Split edge 8→9, new hidden node 19 (pool=2)
2026-08-18 19:29:46,262 [DEBUG] cnn_neat: Added edge 4→13 (from 68 candidates)
2026-08-18 19:29:46,274 [DEBUG] cnn_neat: Removed hidden node 16 (pool=10)
2026-08-18 19:29:46,280 [DEBUG] cnn_neat: Removed edge 2→3 (from 9 candidates)
2026-08-18 19:29:46,291 [DEBUG] cnn_neat: Removed 3 edges (requested 3)
2026-08-18 19:29:46,297 [DEBUG] cnn_neat: Split edge 2→3, new hidden node 20 (pool=11)
2026-08-18 19:29:46,307 [DEBUG] cnn_neat: Split edge 4→13, new hidden node 19 (pool=3)
2026-08-18 19:29:46,318 [DEBUG] cnn_neat: Split edge 8→9, new hidden node 18 (pool=3)
2026-08-18 19:29:46,325 [DEBUG] cnn_neat: Added edge 8→4 (from 61 candidates)
2026-08-18 19:29:46,334 [DEBUG] cnn_neat: Removed hidden node 3 (pool=9)
2026-08-18 19:29:46,339 [DEBUG] cnn_neat: Removed edge 16→17 (from 7 candidates)
2026-08-18 19:29:46,348 [DEBUG] cnn_neat: Removed 3 edges (requested 3)
2026-08-18 19:29:46,355 [DEBUG] cnn_neat: Split edge 8→9, new hidden node 18 (pool=4)
2026-08-18 19:29:46,359 [DEBUG] cnn_neat: Split edge 0→13, new hidden node 18 (pool=5)
2026-08-18 19:29:46,362 [DEBUG] cnn_neat: Split edge 0→4, new hidden node 18 (pool=5)
2026-08-18 19:29:46,373 [DEBUG] cnn_neat: Split edge 9→1, new hidden node 18 (pool=4)
2026-08-18 19:29:46,380 [DEBUG] cnn_neat: Added edge 9→17 (from 54 candidates)
2026-08-18 19:29:46,392 [DEBUG] cnn_neat: Removed hidden node 16 (pool=9)
2026-08-18 19:29:46,398 [DEBUG] cnn_neat: Removed edge 10→1 (from 8 candidates)
2026-08-18 19:29:46,411 [DEBUG] cnn_neat: Removed 3 edges (requested 3)
2026-08-18 19:29:46,419 [DEBUG] cnn_neat: Split edge 3→1, new hidden node 19 (pool=14)
2026-08-18 19:29:46,428 [DEBUG] cnn_neat: Split edge 0→8, new hidden node 18 (pool=8)
2026-08-18 19:29:46,519 [DEBUG] cnn_neat: Split edge 0→8, new hidden node 18 (pool=3)
2026-08-18 19:29:46,525 [DEBUG] cnn_neat: Added edge 10→17 (from 60 candidates)
2026-08-18 19:29:46,549 [DEBUG] cnn_neat: Removed hidden node 10 (pool=9)
2026-08-18 19:29:46,554 [DEBUG] cnn_neat: Removed edge 9→1 (from 4 candidates)
2026-08-18 19:29:46,558 [DEBUG] cnn_neat: Removed 3 edges (requested 3)
2026-08-18 19:29:46,564 [DEBUG] cnn_neat: Split edge 17→1, new hidden node 19 (pool=12)
2026-08-18 19:29:46,578 [DEBUG] cnn_neat: Split edge 0→3, new hidden node 13 (pool=2)
2026-08-18 19:29:46,581 [DEBUG] cnn_neat: Added edge 4→3 (from 34 candidates)
2026-08-18 19:29:46,588 [DEBUG] cnn_neat: Removed hidden node 10 (pool=7)
2026-08-18 19:29:46,591 [DEBUG] cnn_neat: Removed edge 0→3 (from 6 candidates)
2026-08-18 19:29:46,597 [DEBUG] cnn_neat: Removed 3 edges (requested 3)
2026-08-18 19:29:46,600 [DEBUG] cnn_neat: Split edge 0→3, new hidden node 13 (pool=3)
2026-08-18 19:29:46,603 [DEBUG] cnn_neat: Split edge 0→12, new hidden node 13 (pool=4)
2026-08-18 19:29:46,605 [DEBUG] cnn_neat: Added edge 5→1 (from 33 candidates)
2026-08-18 19:29:46,608 [DEBUG] cnn_neat: Added edge 4→10 (from 35 candidates)
2026-08-18 19:29:46,615 [DEBUG] cnn_neat: Split edge 0→13, new hidden node 18 (pool=10)
2026-08-18 19:29:46,619 [DEBUG] cnn_neat: Added edge 9→3 (from 37 candidates)
2026-08-18 19:29:46,626 [DEBUG] cnn_neat: Removed hidden node 4 (pool=9)
2026-08-18 19:29:46,630 [DEBUG] cnn_neat: Removed edge 9→17 (from 14 candidates)
2026-08-18 19:29:46,642 [DEBUG] cnn_neat: Removed 3 edges (requested 3)
2026-08-18 19:29:46,654 [DEBUG] cnn_neat: Split edge 0→8, new hidden node 19 (pool=2)
2026-08-18 19:29:46,659 [DEBUG] cnn_neat: Split edge 9→17, new hidden node 18 (pool=14)
2026-08-18 19:29:46,667 [DEBUG] cnn_neat: Split edge 13→8, new hidden node 19 (pool=3)
2026-08-18 19:29:46,672 [DEBUG] cnn_neat: Added edge 18→17 (from 48 candidates)
2026-08-18 19:29:46,683 [DEBUG] cnn_neat: Removed hidden node 17 (pool=10)
2026-08-18 19:29:46,696 [DEBUG] cnn_neat: Removed edge 3→1 (from 15 candidates)
2026-08-18 19:29:46,717 [DEBUG] cnn_neat: Removed 3 edges (requested 3)
2026-08-18 19:29:46,730 [DEBUG] cnn_neat: Split edge 0→8, new hidden node 20 (pool=2)
2026-08-18 19:29:46,735 [DEBUG] cnn_neat: Split edge 0→5, new hidden node 7 (pool=6)
2026-08-18 19:29:46,737 [DEBUG] cnn_neat: Added edge 0→1 (from 4 candidates)
2026-08-18 19:29:46,743 [DEBUG] cnn_neat: Removed hidden node 2 (pool=2)
2026-08-18 19:29:46,745 [DEBUG] cnn_neat: Removed edge 0→5 (from 5 candidates)
2026-08-18 19:29:46,747 [DEBUG] cnn_neat: Removed 3 edges (requested 3)
2026-08-18 19:29:46,754 [DEBUG] cnn_neat: Split edge 6→1, new hidden node 8 (pool=6)
2026-08-18 19:29:46,758 [DEBUG] cnn_neat: Split edge 0→1, new hidden node 7 (pool=1)
2026-08-18 19:29:46,760 [DEBUG] cnn_neat: Split edge 0→5, new hidden node 7 (pool=4)
2026-08-18 19:29:46,762 [DEBUG] cnn_neat: Added edge 5→1 (from 8 candidates)
2026-08-18 19:29:46,766 [DEBUG] cnn_neat: Split edge 0→2, new hidden node 10 (pool=8)
2026-08-18 19:29:46,769 [DEBUG] cnn_neat: Added edge 7→1 (from 16 candidates)
2026-08-18 19:29:46,773 [DEBUG] cnn_neat: Removed hidden node 8 (pool=3)
2026-08-18 19:29:46,775 [DEBUG] cnn_neat: Removed edge 9→5 (from 5 candidates)
2026-08-18 19:29:46,778 [DEBUG] cnn_neat: Removed 3 edges (requested 3)
2026-08-18 19:29:46,781 [DEBUG] cnn_neat: Split edge 0→8, new hidden node 11 (pool=6)
2026-08-18 19:29:46,783 [DEBUG] cnn_neat: Split edge 7→1, new hidden node 10 (pool=7)
2026-08-18 19:29:46,787 [DEBUG] cnn_neat: Split edge 0→7, new hidden node 8 (pool=7)
2026-08-18 19:29:46,789 [DEBUG] cnn_neat: Added edge 2→6 (from 8 candidates)
2026-08-18 19:29:46,801 [DEBUG] cnn_neat: Removed hidden node 7 (pool=3)
2026-08-18 19:29:46,803 [DEBUG] cnn_neat: Removed edge 5→6 (from 6 candidates)
2026-08-18 19:29:46,806 [DEBUG] cnn_neat: Removed 3 edges (requested 3)
2026-08-18 19:29:46,808 [DEBUG] cnn_neat: Split edge 8→7, new hidden node 9 (pool=8)
2026-08-18 19:29:46,810 [DEBUG] cnn_neat: Split edge 7→6, new hidden node 8 (pool=8)
2026-08-18 19:29:46,814 [DEBUG] cnn_neat: Split edge 5→7, new hidden node 9 (pool=7)
2026-08-18 19:29:46,816 [DEBUG] cnn_neat: Added edge 7→1 (from 10 candidates)
2026-08-18 19:29:46,820 [DEBUG] cnn_neat: Removed hidden node 2 (pool=2)
2026-08-18 19:29:46,822 [DEBUG] cnn_neat: Removed edge 2→5 (from 4 candidates)
2026-08-18 19:29:46,824 [DEBUG] cnn_neat: Removed 2 edges (requested 3)
2026-08-18 19:29:46,827 [DEBUG] cnn_neat: Split edge 8→5, new hidden node 9 (pool=6)
2026-08-18 19:29:46,829 [DEBUG] cnn_neat: Added edge 8→6 (from 9 candidates)
2026-08-18 19:29:46,836 [DEBUG] cnn_neat: Removed hidden node 2 (pool=3)
2026-08-18 19:29:46,984 [DEBUG] cnn_neat: Split edge 6→1, new hidden node 9 (pool=6)
2026-08-18 19:29:46,989 [DEBUG] cnn_neat: Removed edge 7→1 (from 7 candidates)
2026-08-18 19:29:46,997 [DEBUG] cnn_neat: Added edge 0→5 (from 9 candidates)
2026-08-18 19:29:47,004 [DEBUG] cnn_neat: Split edge 8→5, new hidden node 9 (pool=4)
2026-08-18 19:29:47,012 [DEBUG] cnn_neat: Split edge 8→9, new hidden node 18 (pool=4)
2026-08-18 19:29:47,015 [DEBUG] cnn_neat: Added edge 0→16 (from 25 candidates)
2026-08-18 19:29:47,025 [DEBUG] cnn_neat: Removed hidden node 17 (pool=6)
2026-08-18 19:29:47,030 [DEBUG] cnn_neat: Removed edge 9→1 (from 6 candidates)
2026-08-18 19:29:47,041 [DEBUG] cnn_neat: Removed 3 edges (requested 3)
2026-08-18 19:29:47,049 [DEBUG] cnn_neat: Split edge 9→1, new hidden node 19 (pool=9)
2026-08-18 19:29:47,060 [DEBUG] cnn_neat: Split edge 0→8, new hidden node 18 (pool=4)
2026-08-18 19:29:47,069 [DEBUG] cnn_neat: Added edge 3→4 (from 46 candidates)
2026-08-18 19:29:47,082 [DEBUG] cnn_neat: Removed hidden node 10 (pool=8)
2026-08-18 19:29:47,084 [DEBUG] cnn_neat: Removed edge 3→1 (from 4 candidates)
2026-08-18 19:29:47,087 [DEBUG] cnn_neat: Removed 3 edges (requested 3)
2026-08-18 19:29:47,090 [DEBUG] cnn_neat: Split edge 17→1, new hidden node 19 (pool=6)
2026-08-18 19:29:47,110 [DEBUG] cnn_neat: Split edge 16→17, new hidden node 18 (pool=12)
2026-08-18 19:29:47,122 [DEBUG] cnn_neat: Added edge 13→10 (from 30 candidates)
2026-08-18 19:29:47,129 [DEBUG] cnn_neat: Removed hidden node 17 (pool=9)
2026-08-18 19:29:47,147 [DEBUG] cnn_neat: Removed edge 9→17 (from 15 candidates)
2026-08-18 19:29:47,303 [DEBUG] cnn_neat: Removed 3 edges (requested 3)
2026-08-18 19:29:47,309 [DEBUG] cnn_neat: Split edge 10→1, new hidden node 19 (pool=6)
2026-08-18 19:29:47,316 [DEBUG] cnn_neat: Split edge 9→1, new hidden node 18 (pool=9)
2026-08-18 19:29:47,320 [DEBUG] cnn_neat: Added edge 0→2 (from 32 candidates)
2026-08-18 19:29:47,326 [DEBUG] cnn_neat: Removed hidden node 4 (pool=8)
2026-08-18 19:29:47,329 [DEBUG] cnn_neat: Removed edge 8→9 (from 11 candidates)
2026-08-18 19:29:47,336 [DEBUG] cnn_neat: Removed 3 edges (requested 3)
2026-08-18 19:29:47,339 [DEBUG] cnn_neat: Split edge 13→8, new hidden node 19 (pool=16)
2026-08-18 19:29:47,345 [DEBUG] cnn_neat: Split edge 7→10, new hidden node 11 (pool=4)
2026-08-18 19:29:47,347 [DEBUG] cnn_neat: Added edge 4→7 (from 7 candidates)
2026-08-18 19:29:47,351 [DEBUG] cnn_neat: Removed hidden node 4 (pool=5)
2026-08-18 19:29:47,353 [DEBUG] cnn_neat: Removed edge 2→3 (from 8 candidates)
2026-08-18 19:29:47,356 [DEBUG] cnn_neat: Removed 3 edges (requested 3)
2026-08-18 19:29:47,361 [DEBUG] cnn_neat: Split edge 4→2, new hidden node 12 (pool=3)
2026-08-18 19:29:47,365 [DEBUG] cnn_neat: Split edge 3→1, new hidden node 11 (pool=9)
2026-08-18 19:29:47,370 [DEBUG] cnn_neat: Split edge 3→7, new hidden node 11 (pool=7)
2026-08-18 19:29:47,378 [DEBUG] cnn_neat: Split edge 11→1, new hidden node 12 (pool=4)
2026-08-18 19:29:47,381 [DEBUG] cnn_neat: Added edge 9→3 (from 23 candidates)
2026-08-18 19:29:47,385 [DEBUG] cnn_neat: Removed hidden node 3 (pool=6)
2026-08-18 19:29:47,394 [DEBUG] cnn_neat: Removed edge 11→1 (from 5 candidates)
2026-08-18 19:29:47,410 [DEBUG] cnn_neat: Removed 3 edges (requested 3)
2026-08-18 19:29:47,412 [DEBUG] cnn_neat: Split edge 0→3, new hidden node 12 (pool=5)
2026-08-18 19:29:47,414 [DEBUG] cnn_neat: Split edge 0→11, new hidden node 12 (pool=2)
2026-08-18 19:29:47,416 [DEBUG] cnn_neat: Split edge 0→3, new hidden node 12 (pool=3)
2026-08-18 19:29:47,420 [DEBUG] cnn_neat: Split edge 9→1, new hidden node 18 (pool=4)
2026-08-18 19:29:47,424 [DEBUG] cnn_neat: Added edge 16→9 (from 45 candidates)
2026-08-18 19:29:47,428 [DEBUG] cnn_neat: Removed hidden node 10 (pool=8)
2026-08-18 19:29:47,430 [DEBUG] cnn_neat: Removed edge 10→1 (from 5 candidates)
2026-08-18 19:29:47,435 [DEBUG] cnn_neat: Removed 3 edges (requested 3)
2026-08-18 19:29:47,437 [DEBUG] cnn_neat: Split edge 13→16, new hidden node 19 (pool=11)
2026-08-18 19:29:47,441 [DEBUG] cnn_neat: Split edge 8→9, new hidden node 18 (pool=5)
2026-08-18 19:29:47,442 [DEBUG] cnn_neat: Split edge 16→17, new hidden node 18 (pool=7)
2026-08-18 19:29:47,447 [DEBUG] cnn_neat: Split edge 8→9, new hidden node 18 (pool=3)
2026-08-18 19:29:47,450 [DEBUG] cnn_neat: Added edge 16→10 (from 63 candidates)
2026-08-18 19:29:47,454 [DEBUG] cnn_neat: Removed hidden node 4 (pool=9)
2026-08-18 19:29:47,457 [DEBUG] cnn_neat: Removed edge 2→3 (from 6 candidates)
2026-08-18 19:29:47,461 [DEBUG] cnn_neat: Removed 3 edges (requested 3)
2026-08-18 19:29:47,464 [DEBUG] cnn_neat: Split edge 8→9, new hidden node 18 (pool=5)
2026-08-18 19:29:47,472 [DEBUG] cnn_neat: Split edge 8→9, new hidden node 18 (pool=3)
2026-08-18 19:29:47,480 [DEBUG] cnn_neat: Split edge 0→8, new hidden node 18 (pool=3)
2026-08-18 19:29:47,484 [DEBUG] cnn_neat: Split edge 0→8, new hidden node 19 (pool=5)
2026-08-18 19:29:47,488 [DEBUG] cnn_neat: Added edge 10→4 (from 60 candidates)
2026-08-18 19:29:47,495 [DEBUG] cnn_neat: Removed hidden node 4 (pool=9)
2026-08-18 19:29:47,497 [DEBUG] cnn_neat: Removed edge 3→1 (from 4 candidates)
2026-08-18 19:29:47,501 [DEBUG] cnn_neat: Removed 3 edges (requested 3)
2026-08-18 19:29:47,504 [DEBUG] cnn_neat: Split edge 18→4, new hidden node 20 (pool=7)
2026-08-18 19:29:47,509 [DEBUG] cnn_neat: Split edge 8→5, new hidden node 9 (pool=8)
2026-08-18 19:29:47,511 [DEBUG] cnn_neat: Added edge 8→6 (from 10 candidates)
2026-08-18 19:29:47,514 [DEBUG] cnn_neat: Removed hidden node 2 (pool=2)
2026-08-18 19:29:47,516 [DEBUG] cnn_neat: Removed edge 8→5 (from 5 candidates)
2026-08-18 19:29:47,520 [DEBUG] cnn_neat: Removed 3 edges (requested 3)
2026-08-18 19:29:47,523 [DEBUG] cnn_neat: Split edge 2→5, new hidden node 10 (pool=9)
2026-08-18 19:29:47,526 [DEBUG] cnn_neat: Split edge 5→6, new hidden node 9 (pool=3)
2026-08-18 19:29:47,529 [DEBUG] cnn_neat: Added edge 0→8 (from 10 candidates)
2026-08-18 19:29:47,531 [DEBUG] cnn_neat: Removed hidden node 2 (pool=3)
2026-08-18 19:29:47,533 [DEBUG] cnn_neat: Removed edge 7→5 (from 5 candidates)
2026-08-18 19:29:47,536 [DEBUG] cnn_neat: Removed 3 edges (requested 3)
2026-08-18 19:29:47,544 [DEBUG] cnn_neat: Split edge 2→8, new hidden node 10 (pool=8)
2026-08-18 19:29:47,561 [DEBUG] cnn_neat: Split edge 3→1, new hidden node 13 (pool=2)
2026-08-18 19:29:47,573 [DEBUG] cnn_neat: Added edge 4→12 (from 29 candidates)
2026-08-18 19:29:47,582 [DEBUG] cnn_neat: Removed hidden node 10 (pool=7)
2026-08-18 19:29:47,585 [DEBUG] cnn_neat: Removed edge 5→3 (from 7 candidates)
2026-08-18 19:29:47,590 [DEBUG] cnn_neat: Removed 3 edges (requested 3)
2026-08-18 19:29:47,593 [DEBUG] cnn_neat: Split edge 0→12, new hidden node 14 (pool=14)
2026-08-18 19:29:47,598 [DEBUG] cnn_neat: Split edge 0→4, new hidden node 12 (pool=7)
2026-08-18 19:29:47,601 [DEBUG] cnn_neat: Added edge 9→3 (from 20 candidates)
2026-08-18 19:29:47,606 [DEBUG] cnn_neat: Removed hidden node 5 (pool=6)
2026-08-18 19:29:47,609 [DEBUG] cnn_neat: Removed edge 10→1 (from 8 candidates)
2026-08-18 19:29:47,614 [DEBUG] cnn_neat: Removed 3 edges (requested 3)
2026-08-18 19:29:47,618 [DEBUG] cnn_neat: Split edge 3→1, new hidden node 13 (pool=4)
2026-08-18 19:29:47,621 [DEBUG] cnn_neat: Split edge 0→4, new hidden node 12 (pool=8)
2026-08-18 19:29:47,626 [DEBUG] cnn_neat: Split edge 0→4, new hidden node 7 (pool=3)
2026-08-18 19:29:47,628 [DEBUG] cnn_neat: Added edge 3→1 (from 7 candidates)
2026-08-18 19:29:47,631 [DEBUG] cnn_neat: Removed hidden node 4 (pool=4)
2026-08-18 19:29:47,633 [DEBUG] cnn_neat: Removed edge 5→1 (from 7 candidates)
2026-08-18 19:29:47,645 [DEBUG] cnn_neat: Removed 3 edges (requested 3)
2026-08-18 19:29:47,649 [DEBUG] cnn_neat: Split edge 0→3, new hidden node 8 (pool=8)
2026-08-18 19:29:47,651 [DEBUG] cnn_neat: Split edge 3→4, new hidden node 7 (pool=3)
2026-08-18 19:29:47,652 [DEBUG] cnn_neat: Split edge 3→4, new hidden node 6 (pool=5)
2026-08-18 19:29:47,657 [DEBUG] cnn_neat: Split edge 7→10, new hidden node 11 (pool=5)
2026-08-18 19:29:47,660 [DEBUG] cnn_neat: Added edge 4→7 (from 6 candidates)
2026-08-18 19:29:47,666 [DEBUG] cnn_neat: Removed hidden node 10 (pool=5)
2026-08-18 19:29:47,668 [DEBUG] cnn_neat: Removed edge 0→4 (from 9 candidates)
2026-08-18 19:29:47,672 [DEBUG] cnn_neat: Removed 3 edges (requested 3)
2026-08-18 19:29:47,675 [DEBUG] cnn_neat: Split edge 0→4, new hidden node 12 (pool=4)
2026-08-18 19:29:47,677 [DEBUG] cnn_neat: Split edge 0→4, new hidden node 8 (pool=5)
2026-08-18 19:29:47,682 [DEBUG] cnn_neat: Split edge 0→13, new hidden node 14 (pool=13)
2026-08-18 19:29:47,686 [DEBUG] cnn_neat: Added edge 13→9 (from 47 candidates)
2026-08-18 19:29:47,691 [DEBUG] cnn_neat: Removed hidden node 10 (pool=8)
2026-08-18 19:29:47,694 [DEBUG] cnn_neat: Removed edge 5→3 (from 9 candidates)
2026-08-18 19:29:47,699 [DEBUG] cnn_neat: Removed 3 edges (requested 3)
2026-08-18 19:29:47,702 [DEBUG] cnn_neat: Split edge 5→3, new hidden node 15 (pool=13)
2026-08-18 19:29:47,714 [DEBUG] cnn_neat: Split edge 3→10, new hidden node 12 (pool=7)
2026-08-18 19:29:47,716 [DEBUG] cnn_neat: Added edge 9→5 (from 16 candidates)
2026-08-18 19:29:47,722 [DEBUG] cnn_neat: Removed hidden node 4 (pool=6)
2026-08-18 19:29:47,725 [DEBUG] cnn_neat: Removed edge 0→9 (from 8 candidates)
2026-08-18 19:29:47,730 [DEBUG] cnn_neat: Removed 3 edges (requested 3)
2026-08-18 19:29:47,733 [DEBUG] cnn_neat: Split edge 11→1, new hidden node 13 (pool=3)
2026-08-18 19:29:47,737 [DEBUG] cnn_neat: Split edge 5→6, new hidden node 10 (pool=8)
2026-08-18 19:29:47,740 [DEBUG] cnn_neat: Added edge 9→2 (from 19 candidates)
2026-08-18 19:29:47,744 [DEBUG] cnn_neat: Removed hidden node 2 (pool=4)
2026-08-18 19:29:47,745 [DEBUG] cnn_neat: Removed edge 9→5 (from 6 candidates)
2026-08-18 19:29:47,748 [DEBUG] cnn_neat: Removed 3 edges (requested 3)
2026-08-18 19:29:47,751 [DEBUG] cnn_neat: Split edge 8→7, new hidden node 11 (pool=9)
2026-08-18 19:29:47,755 [DEBUG] cnn_neat: Split edge 0→12, new hidden node 13 (pool=3)
2026-08-18 19:29:47,758 [DEBUG] cnn_neat: Added edge 12→1 (from 27 candidates)
2026-08-18 19:29:47,763 [DEBUG] cnn_neat: Removed hidden node 12 (pool=6)
2026-08-18 19:29:47,764 [DEBUG] cnn_neat: Removed edge 5→3 (from 5 candidates)
2026-08-18 19:29:47,768 [DEBUG] cnn_neat: Removed 3 edges (requested 3)
2026-08-18 19:29:47,770 [DEBUG] cnn_neat: Split edge 0→3, new hidden node 14 (pool=2)
2026-08-18 19:29:47,774 [DEBUG] cnn_neat: Split edge 0→3, new hidden node 13 (pool=4)
2026-08-18 19:29:47,782 [DEBUG] cnn_neat: Split edge 0→5, new hidden node 14 (pool=13)
2026-08-18 19:29:47,795 [DEBUG] cnn_neat: Added edge 12→1 (from 41 candidates)
2026-08-18 19:29:47,960 [DEBUG] cnn_neat: Removed hidden node 7 (pool=8)
2026-08-18 19:29:47,970 [DEBUG] cnn_neat: Removed edge 12→11 (from 10 candidates)
2026-08-18 19:29:47,990 [DEBUG] cnn_neat: Removed 3 edges (requested 3)
2026-08-18 19:29:47,994 [DEBUG] cnn_neat: Split edge 10→11, new hidden node 15 (pool=11)
2026-08-18 19:29:48,005 [DEBUG] cnn_neat: Split edge 5→6, new hidden node 7 (pool=4)
2026-08-18 19:29:48,007 [DEBUG] cnn_neat: Added edge 0→6 (from 4 candidates)
2026-08-18 19:29:48,012 [DEBUG] cnn_neat: Split edge 7→6, new hidden node 8 (pool=6)
2026-08-18 19:29:48,016 [DEBUG] cnn_neat: Added edge 0→5 (from 9 candidates)
2026-08-18 19:29:48,025 [DEBUG] cnn_neat: Removed hidden node 5 (pool=2)
2026-08-18 19:29:48,029 [DEBUG] cnn_neat: Removed edge 2→5 (from 4 candidates)
2026-08-18 19:29:48,036 [DEBUG] cnn_neat: Removed 2 edges (requested 3)
2026-08-18 19:29:48,086 [DEBUG] cnn_neat: Split edge 6→1, new hidden node 9 (pool=7)
2026-08-18 19:29:48,092 [DEBUG] cnn_neat: Split edge 6→1, new hidden node 8 (pool=7)
2026-08-18 19:29:48,097 [DEBUG] cnn_neat: Split edge 7→5, new hidden node 15 (pool=12)
2026-08-18 19:29:48,100 [DEBUG] cnn_neat: Added edge 5→1 (from 33 candidates)
2026-08-18 19:29:48,106 [DEBUG] cnn_neat: Removed hidden node 7 (pool=7)
2026-08-18 19:29:48,109 [DEBUG] cnn_neat: Removed edge 7→5 (from 11 candidates)
2026-08-18 19:29:48,113 [DEBUG] cnn_neat: Removed 3 edges (requested 3)
2026-08-18 19:29:48,116 [DEBUG] cnn_neat: Split edge 13→14, new hidden node 16 (pool=11)
2026-08-18 19:29:48,120 [DEBUG] cnn_neat: Split edge 4→2, new hidden node 5 (pool=3)
2026-08-18 19:29:48,122 [DEBUG] cnn_neat: Added edge 0→2 (from 3 candidates)
2026-08-18 19:29:48,124 [DEBUG] cnn_neat: Removed hidden node 3 (pool=1)
2026-08-18 19:29:48,126 [DEBUG] cnn_neat: Removed edge 3→1 (from 3 candidates)
2026-08-18 19:29:48,128 [DEBUG] cnn_neat: Removed 2 edges (requested 3)
2026-08-18 19:29:48,130 [DEBUG] cnn_neat: Split edge 0→1, new hidden node 4 (pool=1)
2026-08-18 19:29:48,132 [DEBUG] cnn_neat: Removed hidden node 3 (pool=1)
2026-08-18 19:29:48,133 [DEBUG] cnn_neat: Removed edge 0→1 (from 3 candidates)
2026-08-18 19:29:48,134 [DEBUG] cnn_neat: Removed 1 edges (requested 3)
2026-08-18 19:29:48,137 [DEBUG] cnn_neat: Split edge 0→2, new hidden node 6 (pool=3)
2026-08-18 19:29:48,138 [DEBUG] cnn_neat: Added edge 2→1 (from 2 candidates)
2026-08-18 19:29:48,146 [DEBUG] cnn_neat: Split edge 17→1, new hidden node 19 (pool=15)
2026-08-18 19:29:48,163 [DEBUG] cnn_neat: Split edge 9→10, new hidden node 18 (pool=6)
2026-08-18 19:29:48,173 [DEBUG] cnn_neat: Added edge 4→9 (from 51 candidates)
2026-08-18 19:29:48,308 [DEBUG] cnn_neat: Removed hidden node 9 (pool=9)
2026-08-18 19:29:48,351 [DEBUG] cnn_neat: Removed edge 8→9 (from 11 candidates)
2026-08-18 19:29:48,456 [DEBUG] cnn_neat: Removed 3 edges (requested 3)
2026-08-18 19:29:48,460 [DEBUG] cnn_neat: Split edge 8→9, new hidden node 19 (pool=2)
2026-08-18 19:29:48,656 [DEBUG] cnn_neat: Split edge 10→1, new hidden node 20 (pool=10)
2026-08-18 19:29:48,669 [DEBUG] cnn_neat: Added edge 9→19 (from 79 candidates)
2026-08-18 19:29:48,692 [DEBUG] cnn_neat: Removed hidden node 18 (pool=11)
2026-08-18 19:29:48,701 [DEBUG] cnn_neat: Removed edge 2→3 (from 8 candidates)
2026-08-18 19:29:48,713 [DEBUG] cnn_neat: Removed 3 edges (requested 3)
2026-08-18 19:29:48,718 [DEBUG] cnn_neat: Split edge 0→4, new hidden node 21 (pool=6)
2026-08-18 19:29:48,758 [DEBUG] cnn_neat: Split edge 5→10, new hidden node 13 (pool=9)
2026-08-18 19:29:48,770 [DEBUG] cnn_neat: Added edge 2→7 (from 25 candidates)
2026-08-18 19:29:48,831 [DEBUG] cnn_neat: Removed hidden node 2 (pool=7)
2026-08-18 19:29:48,840 [DEBUG] cnn_neat: Removed edge 0→2 (from 11 candidates)
2026-08-18 19:29:48,895 [DEBUG] cnn_neat: Removed 3 edges (requested 3)
2026-08-18 19:29:48,904 [DEBUG] cnn_neat: Split edge 5→13, new hidden node 14 (pool=8)
2026-08-18 19:29:48,914 [DEBUG] cnn_neat: Split edge 2→5, new hidden node 7 (pool=4)
2026-08-18 19:29:48,917 [DEBUG] cnn_neat: Added edge 2→6 (from 4 candidates)
2026-08-18 19:29:48,967 [DEBUG] cnn_neat: Split edge 4→2, new hidden node 5 (pool=3)
2026-08-18 19:29:48,989 [DEBUG] cnn_neat: Added edge 0→2 (from 3 candidates)
2026-08-18 19:29:49,002 [DEBUG] cnn_neat: Removed hidden node 3 (pool=1)
2026-08-18 19:29:49,004 [DEBUG] cnn_neat: Removed edge 3→1 (from 3 candidates)
2026-08-18 19:29:49,007 [DEBUG] cnn_neat: Removed 2 edges (requested 3)
2026-08-18 19:29:49,011 [DEBUG] cnn_neat: Split edge 0→1, new hidden node 4 (pool=1)
2026-08-18 19:29:49,016 [DEBUG] cnn_neat: Removed hidden node 3 (pool=1)
2026-08-18 19:29:49,018 [DEBUG] cnn_neat: Removed edge 0→3 (from 3 candidates)
2026-08-18 19:29:49,020 [DEBUG] cnn_neat: Removed 1 edges (requested 3)
2026-08-18 19:29:49,199 [DEBUG] cnn_neat: Split edge 5→1, new hidden node 6 (pool=3)
2026-08-18 19:29:49,200 [DEBUG] cnn_neat: Added edge 0→5 (from 2 candidates)
2026-08-18 19:29:49,214 [DEBUG] cnn_neat: Split edge 2→3, new hidden node 19 (pool=9)
2026-08-18 19:29:49,229 [DEBUG] cnn_neat: Added edge 9→16 (from 66 candidates)
2026-08-18 19:29:49,246 [DEBUG] cnn_neat: Removed hidden node 17 (pool=10)
2026-08-18 19:29:49,260 [DEBUG] cnn_neat: Removed edge 3→1 (from 7 candidates)
2026-08-18 19:29:49,269 [DEBUG] cnn_neat: Removed 3 edges (requested 3)
2026-08-18 19:29:49,275 [DEBUG] cnn_neat: Split edge 17→1, new hidden node 20 (pool=5)
2026-08-18 19:29:49,282 [DEBUG] cnn_neat: Split edge 9→16, new hidden node 19 (pool=10)
2026-08-18 19:29:49,297 [DEBUG] cnn_neat: Split edge 9→10, new hidden node 14 (pool=13)
2026-08-18 19:29:49,304 [DEBUG] cnn_neat: Added edge 9→13 (from 45 candidates)
2026-08-18 19:29:49,317 [DEBUG] cnn_neat: Removed hidden node 10 (pool=8)
2026-08-18 19:29:49,327 [DEBUG] cnn_neat: Removed edge 12→11 (from 7 candidates)
2026-08-18 19:29:49,337 [DEBUG] cnn_neat: Removed 3 edges (requested 3)
2026-08-18 19:29:49,344 [DEBUG] cnn_neat: Saved generation 6
2026-08-18 19:29:49,419 [DEBUG] cnn_neat: Split edge 12→11, new hidden node 15 (pool=9)
2026-08-18 19:29:49,419 [DEBUG] cnn_neat: Selected 25 elite individuals
2026-08-18 19:29:49,447 [DEBUG] cnn_neat: Split edge 10→1, new hidden node 14 (pool=11)
2026-08-18 19:29:49,540 [DEBUG] cnn_neat: Split edge 0→8, new hidden node 19 (pool=3)
2026-08-18 19:29:49,568 [DEBUG] cnn_neat: Added edge 18→8 (from 51 candidates)
2026-08-18 19:29:49,602 [DEBUG] cnn_neat: Removed hidden node 16 (pool=10)
2026-08-18 19:29:49,614 [DEBUG] cnn_neat: Removed edge 2→18 (from 14 candidates)
2026-08-18 19:29:49,639 [DEBUG] cnn_neat: Removed 3 edges (requested 3)
2026-08-18 19:29:49,652 [DEBUG] cnn_neat: Split edge 19→8, new hidden node 20 (pool=16)
2026-08-18 19:29:49,667 [DEBUG] cnn_neat: Split edge 8→1, new hidden node 9 (pool=8)
2026-08-18 19:29:49,675 [DEBUG] cnn_neat: Added edge 5→8 (from 11 candidates)
2026-08-18 19:29:49,676 [DEBUG] cnn_neat: Trimmed elite queue to 128 entries
2026-08-18 19:29:49,993 [DEBUG] cnn_neat: Split edge 0→13, new hidden node 19 (pool=6)
2026-08-18 19:29:49,996 [DEBUG] cnn_neat: Removed hidden node 2 (pool=3)
2026-08-18 19:29:50,001 [DEBUG] cnn_neat: Added edge 4→16 (from 40 candidates)
2026-08-18 19:29:50,005 [DEBUG] cnn_neat: Removed edge 7→5 (from 6 candidates)
2026-08-18 19:29:50,013 [DEBUG] cnn_neat: Removed hidden node 17 (pool=8)
2026-08-18 19:29:50,018 [DEBUG] cnn_neat: Removed 3 edges (requested 3)
2026-08-18 19:29:50,020 [DEBUG] cnn_neat: Removed edge 17→1 (from 6 candidates)
2026-08-18 19:29:50,025 [DEBUG] cnn_neat: Removed 3 edges (requested 3)
2026-08-18 19:29:50,030 [DEBUG] cnn_neat: Crossover rejected: union topology invalid (edges=30 nodes=19)
2026-08-18 19:29:50,032 [DEBUG] cnn_neat: Split edge 16→17, new hidden node 19 (pool=6)
2026-08-18 19:29:50,036 [DEBUG] cnn_neat: Added edge 4→9 (from 40 candidates)
2026-08-18 19:29:50,040 [DEBUG] cnn_neat: Added edge 9→13 (from 43 candidates)
2026-08-18 19:29:50,043 [DEBUG] cnn_neat: Added edge 16→10 (from 30 candidates)
2026-08-18 19:29:50,047 [DEBUG] cnn_neat: Added edge 8→4 (from 27 candidates)
2026-08-18 19:29:50,051 [DEBUG] cnn_neat: Added edge 8→17 (from 25 candidates)
2026-08-18 19:29:50,055 [DEBUG] cnn_neat: Split edge 16→17, new hidden node 21 (pool=6)
2026-08-18 19:29:50,062 [DEBUG] cnn_neat: Added edge 17→2 (from 91 candidates)
2026-08-18 19:29:50,070 [DEBUG] cnn_neat: Removed hidden node 20 (pool=12)
2026-08-18 19:29:50,075 [DEBUG] cnn_neat: Removed edge 18→1 (from 8 candidates)
2026-08-18 19:29:50,081 [DEBUG] cnn_neat: Removed 3 edges (requested 3)
2026-08-18 19:29:50,087 [DEBUG] cnn_neat: Crossover rejected: union topology invalid (edges=30 nodes=23)
2026-08-18 19:29:50,091 [DEBUG] cnn_neat: Split edge 0→13, new hidden node 21 (pool=6)
2026-08-18 19:29:50,096 [DEBUG] cnn_neat: Added edge 10→4 (from 91 candidates)
2026-08-18 19:29:50,102 [DEBUG] cnn_neat: Added edge 9→3 (from 76 candidates)
2026-08-18 19:29:50,108 [DEBUG] cnn_neat: Added edge 16→2 (from 75 candidates)
2026-08-18 19:29:50,114 [DEBUG] cnn_neat: Added edge 3→1 (from 68 candidates)
2026-08-18 19:29:50,119 [DEBUG] cnn_neat: Added edge 8→2 (from 63 candidates)
2026-08-18 19:29:50,123 [DEBUG] cnn_neat: Split edge 4→2, new hidden node 20 (pool=15)
2026-08-18 19:29:50,129 [DEBUG] cnn_neat: Added edge 8→13 (from 83 candidates)
2026-08-18 19:29:50,136 [DEBUG] cnn_neat: Removed hidden node 10 (pool=11)
2026-08-18 19:29:50,140 [DEBUG] cnn_neat: Removed edge 9→18 (from 10 candidates)
2026-08-18 19:29:50,147 [DEBUG] cnn_neat: Removed 3 edges (requested 3)
2026-08-18 19:29:50,150 [DEBUG] cnn_neat: Split edge 3→1, new hidden node 20 (pool=8)
2026-08-18 19:29:50,155 [DEBUG] cnn_neat: Crossover rejected: union topology invalid (edges=29 nodes=23)
2026-08-18 19:29:50,159 [DEBUG] cnn_neat: Split edge 18→1, new hidden node 20 (pool=15)
2026-08-18 19:29:50,164 [DEBUG] cnn_neat: Added edge 16→18 (from 83 candidates)
2026-08-18 19:29:50,170 [DEBUG] cnn_neat: Added edge 9→1 (from 79 candidates)
2026-08-18 19:29:50,175 [DEBUG] cnn_neat: Added edge 19→4 (from 77 candidates)
2026-08-18 19:29:50,180 [DEBUG] cnn_neat: Added edge 8→4 (from 67 candidates)
2026-08-18 19:29:50,185 [DEBUG] cnn_neat: Added edge 10→18 (from 66 candidates)
2026-08-18 19:29:50,189 [DEBUG] cnn_neat: Split edge 8→9, new hidden node 20 (pool=11)
2026-08-18 19:29:50,195 [DEBUG] cnn_neat: Added edge 18→13 (from 74 candidates)
2026-08-18 19:29:50,201 [DEBUG] cnn_neat: Removed hidden node 13 (pool=11)
2026-08-18 19:29:50,205 [DEBUG] cnn_neat: Removed edge 19→1 (from 9 candidates)
2026-08-18 19:29:50,212 [DEBUG] cnn_neat: Removed 3 edges (requested 3)
2026-08-18 19:29:50,216 [DEBUG] cnn_neat: Crossover rejected: union topology invalid (edges=30 nodes=24)
2026-08-18 19:29:50,220 [DEBUG] cnn_neat: Split edge 18→1, new hidden node 20 (pool=11)
2026-08-18 19:29:50,226 [DEBUG] cnn_neat: Added edge 19→16 (from 74 candidates)
2026-08-18 19:29:50,230 [DEBUG] cnn_neat: Added edge 10→17 (from 66 candidates)
2026-08-18 19:29:50,235 [DEBUG] cnn_neat: Added edge 19→8 (from 62 candidates)
2026-08-18 19:29:50,240 [DEBUG] cnn_neat: Added edge 9→16 (from 42 candidates)
2026-08-18 19:29:50,246 [DEBUG] cnn_neat: Added edge 2→17 (from 39 candidates)
2026-08-18 19:29:50,249 [DEBUG] cnn_neat: Split edge 9→18, new hidden node 19 (pool=13)
2026-08-18 19:29:50,253 [DEBUG] cnn_neat: Added edge 18→4 (from 80 candidates)
2026-08-18 19:29:50,258 [DEBUG] cnn_neat: Removed hidden node 13 (pool=10)
2026-08-18 19:29:50,261 [DEBUG] cnn_neat: Removed edge 16→17 (from 7 candidates)
2026-08-18 19:29:50,267 [DEBUG] cnn_neat: Removed 3 edges (requested 3)
2026-08-18 19:29:50,270 [DEBUG] cnn_neat: Crossover rejected: union topology invalid (edges=25 nodes=19)
2026-08-18 19:29:50,274 [DEBUG] cnn_neat: Split edge 0→13, new hidden node 19 (pool=13)
2026-08-18 19:29:50,278 [DEBUG] cnn_neat: Added edge 4→10 (from 80 candidates)
2026-08-18 19:29:50,281 [DEBUG] cnn_neat: Added edge 2→8 (from 69 candidates)
2026-08-18 19:29:50,285 [DEBUG] cnn_neat: Added edge 16→10 (from 61 candidates)
2026-08-18 19:29:50,289 [DEBUG] cnn_neat: Added edge 17→2 (from 58 candidates)
2026-08-18 19:29:50,293 [DEBUG] cnn_neat: Added edge 16→18 (from 42 candidates)
2026-08-18 19:29:50,297 [DEBUG] cnn_neat: Split edge 16→17, new hidden node 20 (pool=13)
2026-08-18 19:29:50,301 [DEBUG] cnn_neat: Added edge 9→3 (from 93 candidates)
2026-08-18 19:29:50,308 [DEBUG] cnn_neat: Removed hidden node 19 (pool=11)
2026-08-18 19:29:50,312 [DEBUG] cnn_neat: Split edge 8→9, new hidden node 19 (pool=12)
2026-08-18 19:29:50,315 [DEBUG] cnn_neat: Removed edge 18→1 (from 4 candidates)
2026-08-18 19:29:50,320 [DEBUG] cnn_neat: Removed 3 edges (requested 3)
2026-08-18 19:29:50,324 [DEBUG] cnn_neat: Crossover rejected: union topology invalid (edges=28 nodes=23)
2026-08-18 19:29:50,327 [DEBUG] cnn_neat: Split edge 9→19, new hidden node 20 (pool=13)
2026-08-18 19:29:50,332 [DEBUG] cnn_neat: Added edge 3→10 (from 93 candidates)
2026-08-18 19:29:50,337 [DEBUG] cnn_neat: Added edge 8→16 (from 82 candidates)
2026-08-18 19:29:50,342 [DEBUG] cnn_neat: Added edge 10→19 (from 79 candidates)
2026-08-18 19:29:50,347 [DEBUG] cnn_neat: Added edge 13→3 (from 74 candidates)
2026-08-18 19:29:50,352 [DEBUG] cnn_neat: Added edge 18→17 (from 71 candidates)
2026-08-18 19:29:50,355 [DEBUG] cnn_neat: Split edge 17→1, new hidden node 20 (pool=7)
2026-08-18 19:29:50,359 [DEBUG] cnn_neat: Added edge 16→10 (from 64 candidates)
2026-08-18 19:29:50,443 [DEBUG] cnn_neat: Split edge 9→1, new hidden node 19 (pool=6)
2026-08-18 19:29:50,567 [DEBUG] cnn_neat: Added edge 9→16 (from 40 candidates)
2026-08-18 19:29:50,584 [DEBUG] cnn_neat: Removed hidden node 4 (pool=8)
2026-08-18 19:29:50,593 [DEBUG] cnn_neat: Removed edge 9→10 (from 6 candidates)
2026-08-18 19:29:50,606 [DEBUG] cnn_neat: Removed 3 edges (requested 3)
2026-08-18 19:29:50,615 [DEBUG] cnn_neat: Split edge 13→16, new hidden node 20 (pool=5)
2026-08-18 19:29:50,625 [DEBUG] cnn_neat: Split edge 0→13, new hidden node 19 (pool=7)
2026-08-18 19:29:50,643 [DEBUG] cnn_neat: Split edge 0→13, new hidden node 21 (pool=6)
2026-08-18 19:29:50,658 [DEBUG] cnn_neat: Added edge 20→9 (from 91 candidates)
2026-08-18 19:29:50,975 [DEBUG] cnn_neat: Removed hidden node 3 (pool=12)
2026-08-18 19:29:51,008 [DEBUG] cnn_neat: Removed edge 18→1 (from 8 candidates)
2026-08-18 19:29:51,055 [DEBUG] cnn_neat: Split edge 9→18, new hidden node 20 (pool=15)
2026-08-18 19:29:51,090 [DEBUG] cnn_neat: Added edge 10→18 (from 83 candidates)
2026-08-18 19:29:51,183 [DEBUG] cnn_neat: Removed hidden node 9 (pool=11)
2026-08-18 19:29:51,192 [DEBUG] cnn_neat: Removed edge 18→1 (from 10 candidates)
2026-08-18 19:29:51,219 [DEBUG] cnn_neat: Removed 3 edges (requested 3)
2026-08-18 19:29:51,230 [DEBUG] cnn_neat: Split edge 4→2, new hidden node 21 (pool=11)
2026-08-18 19:29:51,257 [DEBUG] cnn_neat: Split edge 0→13, new hidden node 20 (pool=10)
2026-08-18 19:29:51,270 [DEBUG] cnn_neat: Added edge 3→17 (from 79 candidates)
2026-08-18 19:29:51,283 [DEBUG] cnn_neat: Removed hidden node 16 (pool=11)
2026-08-18 19:29:51,289 [DEBUG] cnn_neat: Removed edge 9→18 (from 8 candidates)
2026-08-18 19:29:51,304 [DEBUG] cnn_neat: Removed 3 edges (requested 3)
2026-08-18 19:29:51,314 [DEBUG] cnn_neat: Split edge 4→2, new hidden node 21 (pool=6)
2026-08-18 19:29:51,327 [DEBUG] cnn_neat: Split edge 10→1, new hidden node 19 (pool=15)
2026-08-18 19:29:51,335 [DEBUG] cnn_neat: Added edge 18→2 (from 74 candidates)
2026-08-18 19:29:51,349 [DEBUG] cnn_neat: Removed hidden node 18 (pool=10)
2026-08-18 19:29:51,356 [DEBUG] cnn_neat: Removed edge 2→3 (from 10 candidates)
2026-08-18 19:29:51,369 [DEBUG] cnn_neat: Removed 3 edges (requested 3)
2026-08-18 19:29:51,377 [DEBUG] cnn_neat: Split edge 3→1, new hidden node 20 (pool=11)
2026-08-18 19:29:51,388 [DEBUG] cnn_neat: Split edge 10→1, new hidden node 19 (pool=14)
2026-08-18 19:29:51,397 [DEBUG] cnn_neat: Added edge 16→3 (from 78 candidates)
2026-08-18 19:29:51,411 [DEBUG] cnn_neat: Removed hidden node 18 (pool=10)
2026-08-18 19:29:51,419 [DEBUG] cnn_neat: Removed edge 18→1 (from 8 candidates)
2026-08-18 19:29:51,431 [DEBUG] cnn_neat: Removed 3 edges (requested 3)
2026-08-18 19:29:51,440 [DEBUG] cnn_neat: Split edge 0→4, new hidden node 20 (pool=10)
2026-08-18 19:29:51,454 [DEBUG] cnn_neat: Split edge 8→9, new hidden node 20 (pool=11)
2026-08-18 19:29:51,463 [DEBUG] cnn_neat: Added edge 8→3 (from 74 candidates)
2026-08-18 19:29:51,478 [DEBUG] cnn_neat: Removed hidden node 13 (pool=11)
2026-08-18 19:29:51,485 [DEBUG] cnn_neat: Removed edge 9→10 (from 9 candidates)
2026-08-18 19:29:51,497 [DEBUG] cnn_neat: Removed 3 edges (requested 3)
2026-08-18 19:29:51,506 [DEBUG] cnn_neat: Split edge 18→1, new hidden node 20 (pool=13)
2026-08-18 19:29:51,513 [DEBUG] cnn_neat: Split edge 0→8, new hidden node 20 (pool=9)
2026-08-18 19:29:51,518 [DEBUG] cnn_neat: Split edge 8→9, new hidden node 20 (pool=12)
2026-08-18 19:29:51,529 [DEBUG] cnn_neat: Split edge 9→18, new hidden node 19 (pool=10)
2026-08-18 19:29:51,537 [DEBUG] cnn_neat: Added edge 10→18 (from 58 candidates)
2026-08-18 19:29:51,548 [DEBUG] cnn_neat: Removed hidden node 17 (pool=9)
2026-08-18 19:29:51,554 [DEBUG] cnn_neat: Removed edge 10→1 (from 5 candidates)
2026-08-18 19:29:51,564 [DEBUG] cnn_neat: Removed 3 edges (requested 3)
2026-08-18 19:29:51,572 [DEBUG] cnn_neat: Split edge 0→13, new hidden node 20 (pool=6)
2026-08-18 19:29:51,578 [DEBUG] cnn_neat: Split edge 18→1, new hidden node 19 (pool=11)
2026-08-18 19:29:51,668 [DEBUG] cnn_neat: Split edge 3→1, new hidden node 19 (pool=13)
2026-08-18 19:29:51,672 [DEBUG] cnn_neat: Added edge 10→1 (from 80 candidates)
2026-08-18 19:29:51,678 [DEBUG] cnn_neat: Removed hidden node 10 (pool=10)
2026-08-18 19:29:51,681 [DEBUG] cnn_neat: Removed edge 3→1 (from 7 candidates)
2026-08-18 19:29:51,686 [DEBUG] cnn_neat: Removed 3 edges (requested 3)
2026-08-18 19:29:51,690 [DEBUG] cnn_neat: Split edge 9→18, new hidden node 20 (pool=9)
2026-08-18 19:29:51,693 [DEBUG] cnn_neat: Split edge 2→3, new hidden node 19 (pool=12)
2026-08-18 19:29:51,699 [DEBUG] cnn_neat: Split edge 0→8, new hidden node 20 (pool=13)
2026-08-18 19:29:51,704 [DEBUG] cnn_neat: Added edge 16→1 (from 93 candidates)
2026-08-18 19:29:51,709 [DEBUG] cnn_neat: Removed hidden node 17 (pool=11)
2026-08-18 19:29:51,712 [DEBUG] cnn_neat: Removed edge 3→1 (from 4 candidates)
2026-08-18 19:29:51,718 [DEBUG] cnn_neat: Removed 3 edges (requested 3)
2026-08-18 19:29:51,721 [DEBUG] cnn_neat: Split edge 2→3, new hidden node 21 (pool=8)
2026-08-18 19:29:51,726 [DEBUG] cnn_neat: Split edge 18→1, new hidden node 20 (pool=7)
2026-08-18 19:29:51,742 [DEBUG] cnn_neat: Added edge 18→19 (from 64 candidates)
2026-08-18 19:29:51,749 [DEBUG] cnn_neat: Removed hidden node 17 (pool=10)
2026-08-18 19:29:51,751 [DEBUG] cnn_neat: Removed edge 10→1 (from 5 candidates)
2026-08-18 19:29:51,756 [DEBUG] cnn_neat: Removed 3 edges (requested 3)
2026-08-18 19:29:51,760 [DEBUG] cnn_neat: Split edge 0→4, new hidden node 21 (pool=5)
2026-08-18 19:29:51,765 [DEBUG] cnn_neat: Split edge 18→1, new hidden node 20 (pool=13)
2026-08-18 19:29:51,770 [DEBUG] cnn_neat: Added edge 18→10 (from 75 candidates)
2026-08-18 19:29:51,778 [DEBUG] cnn_neat: Removed hidden node 16 (pool=11)
2026-08-18 19:29:51,781 [DEBUG] cnn_neat: Removed edge 16→17 (from 11 candidates)
2026-08-18 19:29:51,788 [DEBUG] cnn_neat: Removed 3 edges (requested 3)
2026-08-18 19:29:51,792 [DEBUG] cnn_neat: Split edge 0→13, new hidden node 21 (pool=9)
2026-08-18 19:29:51,798 [DEBUG] cnn_neat: Split edge 10→11, new hidden node 13 (pool=8)
2026-08-18 19:29:51,806 [DEBUG] cnn_neat: Added edge 2→10 (from 30 candidates)
2026-08-18 19:29:51,821 [DEBUG] cnn_neat: Removed hidden node 5 (pool=7)
2026-08-18 19:29:51,825 [DEBUG] cnn_neat: Removed edge 10→11 (from 9 candidates)
2026-08-18 19:29:51,838 [DEBUG] cnn_neat: Removed 3 edges (requested 3)
2026-08-18 19:29:51,841 [DEBUG] cnn_neat: Split edge 0→12, new hidden node 14 (pool=6)
2026-08-18 19:29:51,848 [DEBUG] cnn_neat: Split edge 8→9, new hidden node 18 (pool=11)
2026-08-18 19:29:51,853 [DEBUG] cnn_neat: Added edge 16→8 (from 36 candidates)
2026-08-18 19:29:51,864 [DEBUG] cnn_neat: Removed hidden node 17 (pool=9)
2026-08-18 19:29:51,868 [DEBUG] cnn_neat: Removed edge 2→9 (from 15 candidates)
2026-08-18 19:29:51,875 [DEBUG] cnn_neat: Removed 3 edges (requested 3)
2026-08-18 19:29:51,880 [DEBUG] cnn_neat: Split edge 2→13, new hidden node 19 (pool=12)
2026-08-18 19:29:51,886 [DEBUG] cnn_neat: Split edge 8→9, new hidden node 19 (pool=2)
2026-08-18 19:29:51,891 [DEBUG] cnn_neat: Added edge 3→9 (from 68 candidates)
2026-08-18 19:29:51,897 [DEBUG] cnn_neat: Removed hidden node 8 (pool=10)
2026-08-18 19:29:51,904 [DEBUG] cnn_neat: Removed edge 9→10 (from 9 candidates)
2026-08-18 19:29:51,911 [DEBUG] cnn_neat: Removed 3 edges (requested 3)
2026-08-18 19:29:51,915 [DEBUG] cnn_neat: Split edge 0→8, new hidden node 19 (pool=2)
2026-08-18 19:29:51,918 [DEBUG] cnn_neat: Split edge 0→8, new hidden node 19 (pool=3)
2026-08-18 19:29:51,920 [DEBUG] cnn_neat: Split edge 0→8, new hidden node 19 (pool=11)
2026-08-18 19:29:51,926 [DEBUG] cnn_neat: Split edge 17→1, new hidden node 19 (pool=12)
2026-08-18 19:29:51,930 [DEBUG] cnn_neat: Added edge 18→10 (from 78 candidates)
2026-08-18 19:29:51,945 [DEBUG] cnn_neat: Removed hidden node 9 (pool=10)
2026-08-18 19:29:51,948 [DEBUG] cnn_neat: Removed edge 3→1 (from 4 candidates)
2026-08-18 19:29:51,953 [DEBUG] cnn_neat: Removed 3 edges (requested 3)
2026-08-18 19:29:51,957 [DEBUG] cnn_neat: Split edge 8→18, new hidden node 20 (pool=8)
2026-08-18 19:29:51,963 [DEBUG] cnn_neat: Split edge 0→8, new hidden node 18 (pool=5)
2026-08-18 19:29:51,967 [DEBUG] cnn_neat: Added edge 2→1 (from 44 candidates)
2026-08-18 19:29:51,973 [DEBUG] cnn_neat: Removed hidden node 16 (pool=9)
2026-08-18 19:29:51,982 [DEBUG] cnn_neat: Removed edge 16→17 (from 9 candidates)
2026-08-18 19:29:51,989 [DEBUG] cnn_neat: Removed 3 edges (requested 3)
2026-08-18 19:29:51,994 [DEBUG] cnn_neat: Split edge 0→13, new hidden node 19 (pool=11)
2026-08-18 19:29:52,000 [DEBUG] cnn_neat: Split edge 9→1, new hidden node 18 (pool=3)
2026-08-18 19:29:52,004 [DEBUG] cnn_neat: Added edge 8→3 (from 61 candidates)
2026-08-18 19:29:52,009 [DEBUG] cnn_neat: Removed hidden node 8 (pool=9)
2026-08-18 19:29:52,017 [DEBUG] cnn_neat: Removed edge 17→1 (from 7 candidates)
2026-08-18 19:29:52,022 [DEBUG] cnn_neat: Removed 3 edges (requested 3)
2026-08-18 19:29:52,026 [DEBUG] cnn_neat: Split edge 4→2, new hidden node 18 (pool=7)
2026-08-18 19:29:52,028 [DEBUG] cnn_neat: Split edge 0→13, new hidden node 18 (pool=8)
2026-08-18 19:29:52,030 [DEBUG] cnn_neat: Split edge 0→8, new hidden node 18 (pool=9)
2026-08-18 19:29:52,037 [DEBUG] cnn_neat: Split edge 13→8, new hidden node 19 (pool=3)
2026-08-18 19:29:52,042 [DEBUG] cnn_neat: Added edge 3→10 (from 51 candidates)
2026-08-18 19:29:52,050 [DEBUG] cnn_neat: Removed hidden node 18 (pool=10)
2026-08-18 19:29:52,054 [DEBUG] cnn_neat: Removed edge 0→8 (from 14 candidates)
2026-08-18 19:29:52,061 [DEBUG] cnn_neat: Removed 3 edges (requested 3)
2026-08-18 19:29:52,066 [DEBUG] cnn_neat: Split edge 0→8, new hidden node 20 (pool=2)
2026-08-18 19:29:52,074 [DEBUG] cnn_neat: Split edge 0→8, new hidden node 18 (pool=4)
2026-08-18 19:29:52,079 [DEBUG] cnn_neat: Added edge 16→8 (from 54 candidates)
2026-08-18 19:29:52,084 [DEBUG] cnn_neat: Removed hidden node 2 (pool=9)
2026-08-18 19:29:52,094 [DEBUG] cnn_neat: Removed edge 17→1 (from 8 candidates)
2026-08-18 19:29:52,099 [DEBUG] cnn_neat: Removed 3 edges (requested 3)
2026-08-18 19:29:52,103 [DEBUG] cnn_neat: Split edge 17→1, new hidden node 19 (pool=10)
2026-08-18 19:29:52,106 [DEBUG] cnn_neat: Split edge 8→9, new hidden node 18 (pool=5)
2026-08-18 19:29:52,112 [DEBUG] cnn_neat: Split edge 8→9, new hidden node 19 (pool=11)
2026-08-18 19:29:52,115 [DEBUG] cnn_neat: Added edge 8→10 (from 56 candidates)
2026-08-18 19:29:52,135 [DEBUG] cnn_neat: Removed hidden node 18 (pool=9)
2026-08-18 19:29:52,143 [DEBUG] cnn_neat: Removed edge 10→1 (from 7 candidates)
2026-08-18 19:29:52,154 [DEBUG] cnn_neat: Removed 3 edges (requested 3)
2026-08-18 19:29:52,167 [DEBUG] cnn_neat: Split edge 17→1, new hidden node 20 (pool=4)
2026-08-18 19:29:52,181 [DEBUG] cnn_neat: Split edge 8→2, new hidden node 9 (pool=8)
2026-08-18 19:29:52,190 [DEBUG] cnn_neat: Added edge 8→6 (from 8 candidates)
2026-08-18 19:29:52,362 [DEBUG] cnn_neat: Removed hidden node 8 (pool=2)
2026-08-18 19:29:52,367 [DEBUG] cnn_neat: Removed edge 0→8 (from 5 candidates)
2026-08-18 19:29:52,383 [DEBUG] cnn_neat: Removed 3 edges (requested 3)
2026-08-18 19:29:52,386 [DEBUG] cnn_neat: Split edge 2→5, new hidden node 10 (pool=9)
2026-08-18 19:29:52,390 [DEBUG] cnn_neat: Split edge 6→1, new hidden node 9 (pool=7)
2026-08-18 19:29:52,391 [DEBUG] cnn_neat: Split edge 0→2, new hidden node 9 (pool=7)
2026-08-18 19:29:52,396 [DEBUG] cnn_neat: Split edge 0→8, new hidden node 18 (pool=3)
2026-08-18 19:29:52,400 [DEBUG] cnn_neat: Added edge 17→2 (from 60 candidates)
2026-08-18 19:29:52,407 [DEBUG] cnn_neat: Removed hidden node 8 (pool=9)
2026-08-18 19:29:52,410 [DEBUG] cnn_neat: Removed edge 10→1 (from 4 candidates)
2026-08-18 19:29:52,414 [DEBUG] cnn_neat: Removed 3 edges (requested 3)
2026-08-18 19:29:52,417 [DEBUG] cnn_neat: Split edge 9→1, new hidden node 18 (pool=3)
2026-08-18 19:29:52,420 [DEBUG] cnn_neat: Split edge 0→4, new hidden node 18 (pool=8)
2026-08-18 19:29:52,424 [DEBUG] cnn_neat: Added edge 2→9 (from 53 candidates)
2026-08-18 19:29:52,426 [DEBUG] cnn_neat: Added edge 10→3 (from 48 candidates)
2026-08-18 19:29:52,431 [DEBUG] cnn_neat: Split edge 0→3, new hidden node 13 (pool=2)
2026-08-18 19:29:52,435 [DEBUG] cnn_neat: Added edge 4→11 (from 34 candidates)
2026-08-18 19:29:52,440 [DEBUG] cnn_neat: Removed hidden node 3 (pool=7)
2026-08-18 19:29:52,443 [DEBUG] cnn_neat: Removed edge 11→1 (from 6 candidates)
2026-08-18 19:29:52,458 [DEBUG] cnn_neat: Removed 3 edges (requested 3)
2026-08-18 19:29:52,461 [DEBUG] cnn_neat: Split edge 12→11, new hidden node 13 (pool=5)
2026-08-18 19:29:52,464 [DEBUG] cnn_neat: Split edge 0→3, new hidden node 13 (pool=2)
2026-08-18 19:29:52,466 [DEBUG] cnn_neat: Split edge 0→12, new hidden node 13 (pool=4)
2026-08-18 19:29:52,473 [DEBUG] cnn_neat: Split edge 8→9, new hidden node 18 (pool=10)
2026-08-18 19:29:52,478 [DEBUG] cnn_neat: Added edge 8→3 (from 37 candidates)
2026-08-18 19:29:52,484 [DEBUG] cnn_neat: Removed hidden node 9 (pool=9)
2026-08-18 19:29:52,489 [DEBUG] cnn_neat: Removed edge 9→1 (from 14 candidates)
2026-08-18 19:29:52,506 [DEBUG] cnn_neat: Removed 3 edges (requested 3)
2026-08-18 19:29:52,518 [DEBUG] cnn_neat: Split edge 8→3, new hidden node 18 (pool=14)
2026-08-18 19:29:52,521 [DEBUG] cnn_neat: Split edge 0→4, new hidden node 18 (pool=12)
2026-08-18 19:29:52,528 [DEBUG] cnn_neat: Split edge 17→1, new hidden node 20 (pool=6)
2026-08-18 19:29:52,532 [DEBUG] cnn_neat: Added edge 16→3 (from 62 candidates)
2026-08-18 19:29:52,537 [DEBUG] cnn_neat: Removed hidden node 18 (pool=10)
2026-08-18 19:29:52,540 [DEBUG] cnn_neat: Removed edge 10→1 (from 5 candidates)
2026-08-18 19:29:52,544 [DEBUG] cnn_neat: Removed 3 edges (requested 3)
2026-08-18 19:29:52,547 [DEBUG] cnn_neat: Split edge 0→8, new hidden node 21 (pool=4)
2026-08-18 19:29:52,554 [DEBUG] cnn_neat: Split edge 8→9, new hidden node 19 (pool=3)
2026-08-18 19:29:52,559 [DEBUG] cnn_neat: Added edge 4→8 (from 48 candidates)
2026-08-18 19:29:52,571 [DEBUG] cnn_neat: Removed hidden node 8 (pool=10)
2026-08-18 19:29:52,582 [DEBUG] cnn_neat: Removed edge 9→1 (from 15 candidates)
2026-08-18 19:29:52,617 [DEBUG] cnn_neat: Removed 3 edges (requested 3)
2026-08-18 19:29:52,798 [DEBUG] cnn_neat: Split edge 8→9, new hidden node 19 (pool=4)
2026-08-18 19:29:52,803 [DEBUG] cnn_neat: Split edge 13→16, new hidden node 19 (pool=11)
2026-08-18 19:29:52,809 [DEBUG] cnn_neat: Split edge 9→18, new hidden node 19 (pool=11)
2026-08-18 19:29:52,813 [DEBUG] cnn_neat: Added edge 4→9 (from 65 candidates)
2026-08-18 19:29:52,817 [DEBUG] cnn_neat: Removed hidden node 2 (pool=9)
2026-08-18 19:29:52,819 [DEBUG] cnn_neat: Removed edge 2→3 (from 5 candidates)
2026-08-18 19:29:52,824 [DEBUG] cnn_neat: Removed 3 edges (requested 3)
2026-08-18 19:29:52,826 [DEBUG] cnn_neat: Split edge 2→3, new hidden node 20 (pool=7)
2026-08-18 19:29:52,831 [DEBUG] cnn_neat: Split edge 9→18, new hidden node 20 (pool=8)
2026-08-18 19:29:52,834 [DEBUG] cnn_neat: Added edge 4→8 (from 71 candidates)
2026-08-18 19:29:52,842 [DEBUG] cnn_neat: Removed hidden node 10 (pool=10)
2026-08-18 19:29:52,845 [DEBUG] cnn_neat: Removed edge 9→18 (from 7 candidates)
2026-08-18 19:29:52,848 [DEBUG] cnn_neat: Removed 3 edges (requested 3)
2026-08-18 19:29:52,851 [DEBUG] cnn_neat: Split edge 17→1, new hidden node 21 (pool=6)
2026-08-18 19:29:52,855 [DEBUG] cnn_neat: Split edge 8→9, new hidden node 18 (pool=7)
2026-08-18 19:29:52,859 [DEBUG] cnn_neat: Added edge 3→1 (from 60 candidates)
2026-08-18 19:29:52,869 [DEBUG] cnn_neat: Removed hidden node 13 (pool=9)
2026-08-18 19:29:52,871 [DEBUG] cnn_neat: Removed edge 9→1 (from 9 candidates)
2026-08-18 19:29:52,876 [DEBUG] cnn_neat: Removed 3 edges (requested 3)
2026-08-18 19:29:52,879 [DEBUG] cnn_neat: Split edge 16→17, new hidden node 19 (pool=9)
2026-08-18 19:29:52,884 [DEBUG] cnn_neat: Split edge 8→9, new hidden node 19 (pool=3)
2026-08-18 19:29:52,889 [DEBUG] cnn_neat: Added edge 17→10 (from 61 candidates)
2026-08-18 19:29:52,894 [DEBUG] cnn_neat: Removed hidden node 4 (pool=9)
2026-08-18 19:29:52,906 [DEBUG] cnn_neat: Removed edge 3→18 (from 7 candidates)
2026-08-18 19:29:52,922 [DEBUG] cnn_neat: Removed 3 edges (requested 3)
2026-08-18 19:29:52,926 [DEBUG] cnn_neat: Split edge 0→13, new hidden node 20 (pool=9)
2026-08-18 19:29:52,930 [DEBUG] cnn_neat: Split edge 8→9, new hidden node 19 (pool=3)
2026-08-18 19:29:52,934 [DEBUG] cnn_neat: Split edge 6→1, new hidden node 7 (pool=6)
2026-08-18 19:29:52,936 [DEBUG] cnn_neat: Added edge 5→1 (from 4 candidates)
2026-08-18 19:29:52,938 [DEBUG] cnn_neat: Removed hidden node 2 (pool=2)
2026-08-18 19:29:52,940 [DEBUG] cnn_neat: Removed edge 0→2 (from 5 candidates)
2026-08-18 19:29:52,943 [DEBUG] cnn_neat: Removed 3 edges (requested 3)
2026-08-18 19:29:52,945 [DEBUG] cnn_neat: Split edge 6→7, new hidden node 8 (pool=7)
2026-08-18 19:29:52,946 [DEBUG] cnn_neat: Split edge 6→1, new hidden node 7 (pool=5)
2026-08-18 19:29:52,947 [DEBUG] cnn_neat: Split edge 0→6, new hidden node 7 (pool=3)
2026-08-18 19:29:52,953 [DEBUG] cnn_neat: Split edge 2→3, new hidden node 20 (pool=12)
2026-08-18 19:29:52,959 [DEBUG] cnn_neat: Added edge 2→10 (from 67 candidates)
2026-08-18 19:29:52,966 [DEBUG] cnn_neat: Removed hidden node 16 (pool=11)
2026-08-18 19:29:52,970 [DEBUG] cnn_neat: Removed edge 10→1 (from 10 candidates)
2026-08-18 19:29:52,979 [DEBUG] cnn_neat: Removed 3 edges (requested 3)
2026-08-18 19:29:52,993 [DEBUG] cnn_neat: Split edge 18→8, new hidden node 21 (pool=8)
2026-08-18 19:29:52,999 [DEBUG] cnn_neat: Split edge 8→9, new hidden node 18 (pool=4)
2026-08-18 19:29:53,003 [DEBUG] cnn_neat: Added edge 4→8 (from 43 candidates)
2026-08-18 19:29:53,008 [DEBUG] cnn_neat: Removed hidden node 13 (pool=8)
2026-08-18 19:29:53,011 [DEBUG] cnn_neat: Removed edge 2→8 (from 8 candidates)
2026-08-18 19:29:53,016 [DEBUG] cnn_neat: Removed 3 edges (requested 3)
2026-08-18 19:29:53,019 [DEBUG] cnn_neat: Split edge 4→2, new hidden node 19 (pool=13)
2026-08-18 19:29:53,023 [DEBUG] cnn_neat: Split edge 9→1, new hidden node 18 (pool=5)
2026-08-18 19:29:53,029 [DEBUG] cnn_neat: Split edge 7→10, new hidden node 12 (pool=4)
2026-08-18 19:29:53,032 [DEBUG] cnn_neat: Added edge 11→3 (from 13 candidates)
2026-08-18 19:29:53,036 [DEBUG] cnn_neat: Removed hidden node 2 (pool=6)
2026-08-18 19:29:53,039 [DEBUG] cnn_neat: Removed edge 2→1 (from 8 candidates)
2026-08-18 19:29:53,043 [DEBUG] cnn_neat: Removed 3 edges (requested 3)
2026-08-18 19:29:53,046 [DEBUG] cnn_neat: Split edge 4→2, new hidden node 13 (pool=3)
2026-08-18 19:29:53,050 [DEBUG] cnn_neat: Split edge 0→9, new hidden node 13 (pool=3)
2026-08-18 19:29:53,053 [DEBUG] cnn_neat: Added edge 5→1 (from 27 candidates)
2026-08-18 19:29:53,056 [DEBUG] cnn_neat: Removed hidden node 5 (pool=6)
2026-08-18 19:29:53,058 [DEBUG] cnn_neat: Removed edge 11→1 (from 5 candidates)
2026-08-18 19:29:53,074 [DEBUG] cnn_neat: Removed 3 edges (requested 3)
2026-08-18 19:29:53,083 [DEBUG] cnn_neat: Split edge 3→1, new hidden node 14 (pool=2)
2026-08-18 19:29:53,097 [DEBUG] cnn_neat: Split edge 13→3, new hidden node 19 (pool=9)
2026-08-18 19:29:53,114 [DEBUG] cnn_neat: Added edge 2→10 (from 38 candidates)
2026-08-18 19:29:53,129 [DEBUG] cnn_neat: Removed hidden node 17 (pool=10)
2026-08-18 19:29:53,133 [DEBUG] cnn_neat: Removed edge 17→1 (from 15 candidates)
2026-08-18 19:29:53,142 [DEBUG] cnn_neat: Removed 3 edges (requested 3)
2026-08-18 19:29:53,147 [DEBUG] cnn_neat: Split edge 8→9, new hidden node 20 (pool=2)
2026-08-18 19:29:53,154 [DEBUG] cnn_neat: Split edge 9→1, new hidden node 19 (pool=6)
2026-08-18 19:29:53,160 [DEBUG] cnn_neat: Added edge 16→3 (from 57 candidates)
2026-08-18 19:29:53,167 [DEBUG] cnn_neat: Removed hidden node 3 (pool=10)
2026-08-18 19:29:53,174 [DEBUG] cnn_neat: Removed edge 18→8 (from 11 candidates)
2026-08-18 19:29:53,241 [DEBUG] cnn_neat: Removed 3 edges (requested 3)
2026-08-18 19:29:53,248 [DEBUG] cnn_neat: Split edge 10→1, new hidden node 19 (pool=8)
2026-08-18 19:29:53,252 [DEBUG] cnn_neat: Split edge 0→2, new hidden node 7 (pool=4)
2026-08-18 19:29:53,253 [DEBUG] cnn_neat: Added edge 2→6 (from 4 candidates)
2026-08-18 19:29:53,259 [DEBUG] cnn_neat: Split edge 0→4, new hidden node 5 (pool=3)
2026-08-18 19:29:53,261 [DEBUG] cnn_neat: Added edge 4→3 (from 3 candidates)
2026-08-18 19:29:53,263 [DEBUG] cnn_neat: Removed hidden node 3 (pool=1)
2026-08-18 19:29:53,264 [DEBUG] cnn_neat: Removed edge 2→3 (from 3 candidates)
2026-08-18 19:29:53,266 [DEBUG] cnn_neat: Removed 2 edges (requested 3)
2026-08-18 19:29:53,269 [DEBUG] cnn_neat: Split edge 0→1, new hidden node 4 (pool=1)
2026-08-18 19:29:53,272 [DEBUG] cnn_neat: Removed hidden node 3 (pool=1)
2026-08-18 19:29:53,273 [DEBUG] cnn_neat: Removed edge 0→1 (from 3 candidates)
2026-08-18 19:29:53,274 [DEBUG] cnn_neat: Removed 2 edges (requested 3)
2026-08-18 19:29:53,280 [DEBUG] cnn_neat: Split edge 18→1, new hidden node 21 (pool=6)
2026-08-18 19:29:53,286 [DEBUG] cnn_neat: Added edge 16→19 (from 91 candidates)
2026-08-18 19:29:53,293 [DEBUG] cnn_neat: Removed hidden node 18 (pool=12)
2026-08-18 19:29:53,297 [DEBUG] cnn_neat: Removed edge 19→10 (from 8 candidates)
2026-08-18 19:29:53,321 [DEBUG] cnn_neat: Split edge 2→18, new hidden node 20 (pool=16)
2026-08-18 19:29:53,502 [DEBUG] cnn_neat: Added edge 13→19 (from 54 candidates)
2026-08-18 19:29:53,557 [DEBUG] cnn_neat: Removed hidden node 16 (pool=11)
2026-08-18 19:29:53,582 [DEBUG] cnn_neat: Removed edge 3→16 (from 17 candidates)
2026-08-18 19:29:53,612 [DEBUG] cnn_neat: Removed 3 edges (requested 3)
2026-08-18 19:29:53,625 [DEBUG] cnn_neat: Split edge 9→1, new hidden node 21 (pool=12)
2026-08-18 19:29:53,650 [DEBUG] cnn_neat: Split edge 18→1, new hidden node 21 (pool=6)
2026-08-18 19:29:53,693 [DEBUG] cnn_neat: Added edge 8→16 (from 91 candidates)
2026-08-18 19:29:53,721 [DEBUG] cnn_neat: Removed hidden node 3 (pool=12)
2026-08-18 19:29:53,920 [DEBUG] cnn_neat: Removed edge 17→1 (from 8 candidates)
2026-08-18 19:29:53,945 [DEBUG] cnn_neat: Removed 3 edges (requested 3)
2026-08-18 19:29:53,956 [DEBUG] cnn_neat: Split edge 13→16, new hidden node 22 (pool=4)
2026-08-18 19:29:53,967 [DEBUG] cnn_neat: Split edge 4→2, new hidden node 20 (pool=11)
2026-08-18 19:29:54,017 [DEBUG] cnn_neat: Added edge 16→8 (from 75 candidates)
2026-08-18 19:29:54,038 [DEBUG] cnn_neat: Removed hidden node 3 (pool=11)
2026-08-18 19:29:54,116 [DEBUG] cnn_neat: Removed edge 16→17 (from 10 candidates)
2026-08-18 19:29:54,135 [DEBUG] cnn_neat: Removed 3 edges (requested 3)
2026-08-18 19:29:54,142 [DEBUG] cnn_neat: Split edge 13→16, new hidden node 21 (pool=7)
2026-08-18 19:29:54,146 [DEBUG] cnn_neat: Split edge 0→2, new hidden node 7 (pool=4)
2026-08-18 19:29:54,148 [DEBUG] cnn_neat: Added edge 2→6 (from 4 candidates)
2026-08-18 19:29:54,154 [DEBUG] cnn_neat: Split edge 0→4, new hidden node 5 (pool=3)
2026-08-18 19:29:54,155 [DEBUG] cnn_neat: Added edge 4→3 (from 3 candidates)
2026-08-18 19:29:54,157 [DEBUG] cnn_neat: Removed hidden node 3 (pool=1)
2026-08-18 19:29:54,159 [DEBUG] cnn_neat: Removed edge 2→3 (from 3 candidates)
2026-08-18 19:29:54,160 [DEBUG] cnn_neat: Removed 2 edges (requested 3)
2026-08-18 19:29:54,163 [DEBUG] cnn_neat: Split edge 0→1, new hidden node 4 (pool=1)
2026-08-18 19:29:54,165 [DEBUG] cnn_neat: Removed hidden node 3 (pool=1)
2026-08-18 19:29:54,166 [DEBUG] cnn_neat: Removed edge 0→1 (from 3 candidates)
2026-08-18 19:29:54,167 [DEBUG] cnn_neat: Removed 1 edges (requested 3)
2026-08-18 19:29:54,191 [DEBUG] cnn_neat: Split edge 0→13, new hidden node 20 (pool=8)
2026-08-18 19:29:54,208 [DEBUG] cnn_neat: Added edge 9→4 (from 77 candidates)
2026-08-18 19:29:54,398 [DEBUG] cnn_neat: Removed hidden node 17 (pool=11)
2026-08-18 19:29:54,402 [DEBUG] cnn_neat: Removed edge 17→1 (from 8 candidates)
2026-08-18 19:29:54,410 [DEBUG] cnn_neat: Removed 3 edges (requested 3)
2026-08-18 19:29:54,415 [DEBUG] cnn_neat: Split edge 2→3, new hidden node 20 (pool=9)
2026-08-18 19:29:54,418 [DEBUG] cnn_neat: Split edge 0→4, new hidden node 20 (pool=6)
2026-08-18 19:29:54,435 [DEBUG] cnn_neat: Split edge 8→9, new hidden node 20 (pool=6)
2026-08-18 19:29:54,442 [DEBUG] cnn_neat: Added edge 17→10 (from 62 candidates)
2026-08-18 19:29:54,667 [DEBUG] cnn_neat: Removed hidden node 2 (pool=10)
2026-08-18 19:29:54,675 [DEBUG] cnn_neat: Removed edge 17→1 (from 5 candidates)
2026-08-18 19:29:54,689 [DEBUG] cnn_neat: Removed 3 edges (requested 3)
2026-08-18 19:29:54,698 [DEBUG] cnn_neat: Split edge 13→16, new hidden node 21 (pool=12)
2026-08-18 19:29:54,709 [DEBUG] cnn_neat: Split edge 0→2, new hidden node 14 (pool=6)
2026-08-18 19:29:54,717 [DEBUG] cnn_neat: Added edge 5→13 (from 41 candidates)
2026-08-18 19:29:54,734 [DEBUG] cnn_neat: Removed hidden node 7 (pool=8)
2026-08-18 19:29:54,745 [DEBUG] cnn_neat: Removed edge 10→1 (from 9 candidates)
2026-08-18 19:29:54,759 [DEBUG] cnn_neat: Removed 3 edges (requested 3)
2026-08-18 19:29:54,767 [DEBUG] cnn_neat: Split edge 0→14, new hidden node 15 (pool=7)
2026-08-18 19:29:54,782 [DEBUG] cnn_neat: Split edge 2→18, new hidden node 20 (pool=11)
2026-08-18 19:29:54,791 [DEBUG] cnn_neat: Added edge 9→3 (from 69 candidates)
2026-08-18 19:29:54,805 [DEBUG] cnn_neat: Removed hidden node 17 (pool=11)
2026-08-18 19:29:54,813 [DEBUG] cnn_neat: Removed edge 17→1 (from 9 candidates)
2026-08-18 19:29:54,815 [DEBUG] cnn_neat: Saved generation 7
2026-08-18 19:29:54,900 [DEBUG] cnn_neat: Selected 25 elite individuals
2026-08-18 19:29:54,936 [DEBUG] cnn_neat: Removed 3 edges (requested 3)
2026-08-18 19:29:55,017 [DEBUG] cnn_neat: Split edge 13→16, new hidden node 21 (pool=7)
2026-08-18 19:29:55,045 [DEBUG] cnn_neat: Split edge 6→1, new hidden node 7 (pool=4)
2026-08-18 19:29:55,055 [DEBUG] cnn_neat: Added edge 0→6 (from 4 candidates)
2026-08-18 19:29:55,074 [DEBUG] cnn_neat: Split edge 2→1, new hidden node 5 (pool=3)
2026-08-18 19:29:55,080 [DEBUG] cnn_neat: Added edge 0→3 (from 3 candidates)
2026-08-18 19:29:55,091 [DEBUG] cnn_neat: Removed hidden node 3 (pool=1)
2026-08-18 19:29:55,096 [DEBUG] cnn_neat: Removed edge 2→1 (from 3 candidates)
2026-08-18 19:29:55,101 [DEBUG] cnn_neat: Removed 1 edges (requested 3)
2026-08-18 19:29:55,108 [DEBUG] cnn_neat: Split edge 0→1, new hidden node 4 (pool=1)
2026-08-18 19:29:55,117 [DEBUG] cnn_neat: Removed hidden node 3 (pool=1)
2026-08-18 19:29:55,119 [DEBUG] cnn_neat: Removed edge 3→1 (from 3 candidates)
2026-08-18 19:29:55,122 [DEBUG] cnn_neat: Removed 2 edges (requested 3)
2026-08-18 19:29:55,137 [DEBUG] cnn_neat: Split edge 9→1, new hidden node 18 (pool=4)
2026-08-18 19:29:55,151 [DEBUG] cnn_neat: Added edge 17→2 (from 57 candidates)
2026-08-18 19:29:55,168 [DEBUG] cnn_neat: Removed hidden node 9 (pool=9)
2026-08-18 19:29:55,179 [DEBUG] cnn_neat: Removed edge 9→10 (from 8 candidates)
2026-08-18 19:29:55,193 [DEBUG] cnn_neat: Trimmed elite queue to 128 entries
2026-08-18 19:29:55,356 [DEBUG] cnn_neat: Removed 3 edges (requested 3)
2026-08-18 19:29:55,551 [DEBUG] cnn_neat: Split edge 9→1, new hidden node 18 (pool=4)
2026-08-18 19:29:55,551 [DEBUG] cnn_neat: Split edge 9→1, new hidden node 19 (pool=7)
2026-08-18 19:29:55,555 [DEBUG] cnn_neat: Added edge 0→18 (from 37 candidates)
2026-08-18 19:29:55,560 [DEBUG] cnn_neat: Removed hidden node 17 (pool=8)
2026-08-18 19:29:55,563 [DEBUG] cnn_neat: Removed edge 0→13 (from 9 candidates)
2026-08-18 19:29:55,569 [DEBUG] cnn_neat: Removed 3 edges (requested 3)
2026-08-18 19:29:55,573 [DEBUG] cnn_neat: Crossover rejected: union topology invalid (edges=25 nodes=20)
2026-08-18 19:29:55,576 [DEBUG] cnn_neat: Split edge 4→16, new hidden node 19 (pool=7)
2026-08-18 19:29:55,579 [DEBUG] cnn_neat: Added edge 8→9 (from 37 candidates)
2026-08-18 19:29:55,583 [DEBUG] cnn_neat: Added edge 8→13 (from 42 candidates)
2026-08-18 19:29:55,587 [DEBUG] cnn_neat: Added edge 9→13 (from 38 candidates)
2026-08-18 19:29:55,591 [DEBUG] cnn_neat: Added edge 13→10 (from 31 candidates)
2026-08-18 19:29:55,595 [DEBUG] cnn_neat: Added edge 18→17 (from 27 candidates)
2026-08-18 19:29:55,600 [DEBUG] cnn_neat: Split edge 0→13, new hidden node 20 (pool=8)
2026-08-18 19:29:55,604 [DEBUG] cnn_neat: Split edge 4→2, new hidden node 21 (pool=4)
2026-08-18 19:29:55,609 [DEBUG] cnn_neat: Added edge 19→16 (from 77 candidates)
2026-08-18 19:29:55,616 [DEBUG] cnn_neat: Removed hidden node 10 (pool=11)
2026-08-18 19:29:55,620 [DEBUG] cnn_neat: Removed edge 18→1 (from 8 candidates)
2026-08-18 19:29:55,626 [DEBUG] cnn_neat: Removed 3 edges (requested 3)
2026-08-18 19:29:55,631 [DEBUG] cnn_neat: Crossover rejected: union topology invalid (edges=31 nodes=24)
2026-08-18 19:29:55,635 [DEBUG] cnn_neat: Split edge 13→16, new hidden node 20 (pool=8)
2026-08-18 19:29:55,640 [DEBUG] cnn_neat: Added edge 9→3 (from 77 candidates)
2026-08-18 19:29:55,645 [DEBUG] cnn_neat: Added edge 19→4 (from 73 candidates)
2026-08-18 19:29:55,651 [DEBUG] cnn_neat: Added edge 3→18 (from 70 candidates)
2026-08-18 19:29:55,657 [DEBUG] cnn_neat: Added edge 9→2 (from 66 candidates)
2026-08-18 19:29:55,662 [DEBUG] cnn_neat: Added edge 10→17 (from 63 candidates)
2026-08-18 19:29:55,666 [DEBUG] cnn_neat: Split edge 2→3, new hidden node 20 (pool=15)
2026-08-18 19:29:55,673 [DEBUG] cnn_neat: Added edge 17→9 (from 79 candidates)
2026-08-18 19:29:55,680 [DEBUG] cnn_neat: Removed hidden node 10 (pool=11)
2026-08-18 19:29:55,683 [DEBUG] cnn_neat: Removed edge 8→13 (from 12 candidates)
2026-08-18 19:29:55,687 [DEBUG] cnn_neat: Split edge 13→16, new hidden node 20 (pool=15)
2026-08-18 19:29:55,695 [DEBUG] cnn_neat: Removed 3 edges (requested 3)
2026-08-18 19:29:55,700 [DEBUG] cnn_neat: Crossover rejected: union topology invalid (edges=33 nodes=23)
2026-08-18 19:29:55,704 [DEBUG] cnn_neat: Split edge 9→18, new hidden node 20 (pool=15)
2026-08-18 19:29:55,710 [DEBUG] cnn_neat: Added edge 4→13 (from 79 candidates)
2026-08-18 19:29:55,716 [DEBUG] cnn_neat: Added edge 18→10 (from 75 candidates)
2026-08-18 19:29:55,721 [DEBUG] cnn_neat: Added edge 18→2 (from 73 candidates)
2026-08-18 19:29:55,726 [DEBUG] cnn_neat: Added edge 16→10 (from 66 candidates)
2026-08-18 19:29:55,732 [DEBUG] cnn_neat: Added edge 4→16 (from 61 candidates)
2026-08-18 19:29:55,737 [DEBUG] cnn_neat: Split edge 17→1, new hidden node 20 (pool=12)
2026-08-18 19:29:55,743 [DEBUG] cnn_neat: Added edge 9→16 (from 54 candidates)
2026-08-18 19:29:55,749 [DEBUG] cnn_neat: Removed hidden node 19 (pool=11)
2026-08-18 19:29:55,753 [DEBUG] cnn_neat: Removed edge 9→10 (from 10 candidates)
2026-08-18 19:29:55,761 [DEBUG] cnn_neat: Removed 3 edges (requested 3)
2026-08-18 19:29:55,766 [DEBUG] cnn_neat: Crossover rejected: union topology invalid (edges=33 nodes=24)
2026-08-18 19:29:55,771 [DEBUG] cnn_neat: Split edge 9→10, new hidden node 20 (pool=12)
2026-08-18 19:29:55,776 [DEBUG] cnn_neat: Added edge 4→16 (from 54 candidates)
2026-08-18 19:29:55,781 [DEBUG] cnn_neat: Added edge 17→10 (from 51 candidates)
2026-08-18 19:29:55,787 [DEBUG] cnn_neat: Added edge 4→3 (from 45 candidates)
2026-08-18 19:29:55,792 [DEBUG] cnn_neat: Added edge 18→3 (from 48 candidates)
2026-08-18 19:29:55,797 [DEBUG] cnn_neat: Added edge 8→2 (from 47 candidates)
2026-08-18 19:29:55,809 [DEBUG] cnn_neat: Added edge 19→17 (from 63 candidates)
2026-08-18 19:29:55,816 [DEBUG] cnn_neat: Added edge 10→2 (from 63 candidates)
2026-08-18 19:29:55,824 [DEBUG] cnn_neat: Removed hidden node 9 (pool=11)
2026-08-18 19:29:55,830 [DEBUG] cnn_neat: Removed edge 16→18 (from 15 candidates)
2026-08-18 19:29:55,839 [DEBUG] cnn_neat: Removed 3 edges (requested 3)
2026-08-18 19:29:55,845 [DEBUG] cnn_neat: Crossover rejected: union topology invalid (edges=35 nodes=23)
2026-08-18 19:29:55,853 [DEBUG] cnn_neat: Added edge 19→13 (from 63 candidates)
2026-08-18 19:29:55,860 [DEBUG] cnn_neat: Added edge 16→3 (from 63 candidates)
2026-08-18 19:29:55,866 [DEBUG] cnn_neat: Added edge 2→10 (from 60 candidates)
2026-08-18 19:29:55,872 [DEBUG] cnn_neat: Added edge 3→18 (from 54 candidates)
2026-08-18 19:29:55,878 [DEBUG] cnn_neat: Added edge 8→2 (from 52 candidates)
2026-08-18 19:29:55,885 [DEBUG] cnn_neat: Added edge 9→10 (from 51 candidates)
2026-08-18 19:29:55,888 [DEBUG] cnn_neat: Split edge 0→13, new hidden node 19 (pool=12)
2026-08-18 19:29:55,892 [DEBUG] cnn_neat: Added edge 3→18 (from 59 candidates)
2026-08-18 19:29:55,901 [DEBUG] cnn_neat: Removed hidden node 3 (pool=9)
2026-08-18 19:29:55,904 [DEBUG] cnn_neat: Removed edge 18→1 (from 6 candidates)
2026-08-18 19:29:55,909 [DEBUG] cnn_neat: Removed 3 edges (requested 3)
2026-08-18 19:29:55,913 [DEBUG] cnn_neat: Crossover rejected: union topology invalid (edges=25 nodes=18)
2026-08-18 19:29:55,916 [DEBUG] cnn_neat: Split edge 0→8, new hidden node 19 (pool=12)
2026-08-18 19:29:55,920 [DEBUG] cnn_neat: Added edge 17→4 (from 59 candidates)
2026-08-18 19:29:55,923 [DEBUG] cnn_neat: Added edge 9→3 (from 56 candidates)
2026-08-18 19:29:55,926 [DEBUG] cnn_neat: Added edge 3→4 (from 55 candidates)
2026-08-18 19:29:55,930 [DEBUG] cnn_neat: Added edge 9→1 (from 51 candidates)
2026-08-18 19:29:55,934 [DEBUG] cnn_neat: Added edge 4→18 (from 49 candidates)
2026-08-18 19:29:55,938 [DEBUG] cnn_neat: Split edge 8→9, new hidden node 19 (pool=9)
2026-08-18 19:29:55,942 [DEBUG] cnn_neat: Added edge 16→8 (from 64 candidates)
2026-08-18 19:29:56,027 [DEBUG] cnn_neat: Split edge 0→13, new hidden node 19 (pool=6)
2026-08-18 19:29:56,122 [DEBUG] cnn_neat: Added edge 10→13 (from 40 candidates)
2026-08-18 19:29:56,185 [DEBUG] cnn_neat: Removed hidden node 4 (pool=8)
2026-08-18 19:29:56,193 [DEBUG] cnn_neat: Removed edge 9→10 (from 6 candidates)
2026-08-18 19:29:56,207 [DEBUG] cnn_neat: Removed 3 edges (requested 3)
2026-08-18 19:29:56,214 [DEBUG] cnn_neat: Split edge 0→4, new hidden node 19 (pool=6)
2026-08-18 19:29:56,224 [DEBUG] cnn_neat: Added edge 9→13 (from 27 candidates)
2026-08-18 19:29:56,232 [DEBUG] cnn_neat: Split edge 19→4, new hidden node 20 (pool=7)
2026-08-18 19:29:56,248 [DEBUG] cnn_neat: Removed hidden node 9 (pool=8)
2026-08-18 19:29:56,258 [DEBUG] cnn_neat: Added edge 10→19 (from 42 candidates)
2026-08-18 19:29:56,273 [DEBUG] cnn_neat: Split edge 9→1, new hidden node 19 (pool=7)
2026-08-18 19:29:56,282 [DEBUG] cnn_neat: Added edge 17→8 (from 37 candidates)
2026-08-18 19:29:56,302 [DEBUG] cnn_neat: Removed hidden node 9 (pool=8)
2026-08-18 19:29:56,310 [DEBUG] cnn_neat: Removed edge 0→4 (from 9 candidates)
2026-08-18 19:29:56,632 [DEBUG] cnn_neat: Removed 3 edges (requested 3)
2026-08-18 19:29:56,674 [DEBUG] cnn_neat: Split edge 9→18, new hidden node 21 (pool=6)
2026-08-18 19:29:56,717 [DEBUG] cnn_neat: Added edge 13→3 (from 91 candidates)
2026-08-18 19:29:56,775 [DEBUG] cnn_neat: Removed hidden node 19 (pool=12)
2026-08-18 19:29:56,796 [DEBUG] cnn_neat: Removed edge 3→20 (from 8 candidates)
2026-08-18 19:29:56,861 [DEBUG] cnn_neat: Removed 3 edges (requested 3)
2026-08-18 19:29:56,874 [DEBUG] cnn_neat: Split edge 17→1, new hidden node 22 (pool=4)
2026-08-18 19:29:56,908 [DEBUG] cnn_neat: Split edge 17→1, new hidden node 20 (pool=8)
2026-08-18 19:29:56,915 [DEBUG] cnn_neat: Added edge 17→18 (from 77 candidates)
2026-08-18 19:29:56,926 [DEBUG] cnn_neat: Removed hidden node 3 (pool=11)
2026-08-18 19:29:56,932 [DEBUG] cnn_neat: Removed edge 17→1 (from 8 candidates)
2026-08-18 19:29:56,943 [DEBUG] cnn_neat: Removed 3 edges (requested 3)
2026-08-18 19:29:56,949 [DEBUG] cnn_neat: Split edge 2→3, new hidden node 21 (pool=4)
2026-08-18 19:29:56,955 [DEBUG] cnn_neat: Split edge 3→1, new hidden node 20 (pool=10)
2026-08-18 19:29:56,966 [DEBUG] cnn_neat: Split edge 9→18, new hidden node 20 (pool=15)
2026-08-18 19:29:56,974 [DEBUG] cnn_neat: Added edge 2→17 (from 83 candidates)
2026-08-18 19:29:56,985 [DEBUG] cnn_neat: Removed hidden node 13 (pool=11)
2026-08-18 19:29:56,991 [DEBUG] cnn_neat: Removed edge 16→17 (from 10 candidates)
2026-08-18 19:29:57,001 [DEBUG] cnn_neat: Removed 3 edges (requested 3)
2026-08-18 19:29:57,007 [DEBUG] cnn_neat: Split edge 8→9, new hidden node 20 (pool=12)
2026-08-18 19:29:57,012 [DEBUG] cnn_neat: Split edge 2→3, new hidden node 20 (pool=12)
2026-08-18 19:29:57,023 [DEBUG] cnn_neat: Split edge 8→19, new hidden node 20 (pool=15)
2026-08-18 19:29:57,031 [DEBUG] cnn_neat: Added edge 19→4 (from 79 candidates)
2026-08-18 19:29:57,045 [DEBUG] cnn_neat: Removed hidden node 18 (pool=11)
2026-08-18 19:29:57,053 [DEBUG] cnn_neat: Removed edge 18→1 (from 12 candidates)
2026-08-18 19:29:57,065 [DEBUG] cnn_neat: Removed 3 edges (requested 3)
2026-08-18 19:29:57,072 [DEBUG] cnn_neat: Split edge 0→13, new hidden node 21 (pool=11)
2026-08-18 19:29:57,083 [DEBUG] cnn_neat: Split edge 0→13, new hidden node 20 (pool=10)
2026-08-18 19:29:57,090 [DEBUG] cnn_neat: Added edge 2→9 (from 79 candidates)
2026-08-18 19:29:57,102 [DEBUG] cnn_neat: Removed hidden node 2 (pool=11)
2026-08-18 19:29:57,108 [DEBUG] cnn_neat: Removed edge 9→18 (from 8 candidates)
2026-08-18 19:29:57,118 [DEBUG] cnn_neat: Removed 3 edges (requested 3)
2026-08-18 19:29:57,124 [DEBUG] cnn_neat: Split edge 0→4, new hidden node 20 (pool=10)
2026-08-18 19:29:57,127 [DEBUG] cnn_neat: Split edge 10→1, new hidden node 20 (pool=11)
2026-08-18 19:29:57,135 [DEBUG] cnn_neat: Added edge 3→16 (from 70 candidates)
2026-08-18 19:29:57,139 [DEBUG] cnn_neat: Added edge 17→19 (from 91 candidates)
2026-08-18 19:29:57,151 [DEBUG] cnn_neat: Split edge 3→1, new hidden node 19 (pool=15)
2026-08-18 19:29:57,157 [DEBUG] cnn_neat: Added edge 17→8 (from 74 candidates)
2026-08-18 19:29:57,168 [DEBUG] cnn_neat: Removed hidden node 16 (pool=10)
2026-08-18 19:29:57,174 [DEBUG] cnn_neat: Removed edge 18→1 (from 10 candidates)
2026-08-18 19:29:57,186 [DEBUG] cnn_neat: Removed 3 edges (requested 3)
2026-08-18 19:29:57,192 [DEBUG] cnn_neat: Split edge 0→8, new hidden node 19 (pool=16)
2026-08-18 19:29:57,198 [DEBUG] cnn_neat: Split edge 0→8, new hidden node 19 (pool=14)
2026-08-18 19:29:57,207 [DEBUG] cnn_neat: Added edge 16→3 (from 61 candidates)
2026-08-18 19:29:57,214 [DEBUG] cnn_neat: Added edge 4→17 (from 76 candidates)
2026-08-18 19:29:57,226 [DEBUG] cnn_neat: Split edge 0→13, new hidden node 20 (pool=12)
2026-08-18 19:29:57,234 [DEBUG] cnn_neat: Added edge 4→16 (from 54 candidates)
2026-08-18 19:29:57,245 [DEBUG] cnn_neat: Removed hidden node 17 (pool=11)
2026-08-18 19:29:57,251 [DEBUG] cnn_neat: Removed edge 19→1 (from 10 candidates)
2026-08-18 19:29:57,268 [DEBUG] cnn_neat: Removed 3 edges (requested 3)
2026-08-18 19:29:57,278 [DEBUG] cnn_neat: Split edge 18→13, new hidden node 21 (pool=7)
2026-08-18 19:29:57,397 [DEBUG] cnn_neat: Added edge 2→10 (from 63 candidates)
2026-08-18 19:29:57,416 [DEBUG] cnn_neat: Removed hidden node 19 (pool=11)
2026-08-18 19:29:57,428 [DEBUG] cnn_neat: Removed edge 10→1 (from 15 candidates)
2026-08-18 19:29:57,442 [DEBUG] cnn_neat: Removed 3 edges (requested 3)
2026-08-18 19:29:57,448 [DEBUG] cnn_neat: Split edge 0→8, new hidden node 19 (pool=6)
2026-08-18 19:29:57,455 [DEBUG] cnn_neat: Split edge 13→16, new hidden node 20 (pool=8)
2026-08-18 19:29:57,462 [DEBUG] cnn_neat: Split edge 8→9, new hidden node 19 (pool=14)
2026-08-18 19:29:57,466 [DEBUG] cnn_neat: Added edge 17→9 (from 78 candidates)
2026-08-18 19:29:57,472 [DEBUG] cnn_neat: Removed hidden node 3 (pool=10)
2026-08-18 19:29:57,475 [DEBUG] cnn_neat: Removed edge 17→1 (from 8 candidates)
2026-08-18 19:29:57,480 [DEBUG] cnn_neat: Removed 3 edges (requested 3)
2026-08-18 19:29:57,484 [DEBUG] cnn_neat: Split edge 13→16, new hidden node 20 (pool=8)
2026-08-18 19:29:57,488 [DEBUG] cnn_neat: Split edge 0→13, new hidden node 19 (pool=15)
2026-08-18 19:29:57,494 [DEBUG] cnn_neat: Split edge 9→18, new hidden node 20 (pool=11)
2026-08-18 19:29:57,506 [DEBUG] cnn_neat: Added edge 10→4 (from 74 candidates)
2026-08-18 19:29:57,525 [DEBUG] cnn_neat: Removed hidden node 10 (pool=11)
2026-08-18 19:29:57,538 [DEBUG] cnn_neat: Removed edge 13→4 (from 9 candidates)
2026-08-18 19:29:57,561 [DEBUG] cnn_neat: Removed 3 edges (requested 3)
2026-08-18 19:29:57,579 [DEBUG] cnn_neat: Split edge 16→17, new hidden node 21 (pool=7)
2026-08-18 19:29:57,761 [DEBUG] cnn_neat: Split edge 0→8, new hidden node 19 (pool=10)
2026-08-18 19:29:57,770 [DEBUG] cnn_neat: Added edge 8→10 (from 58 candidates)
2026-08-18 19:29:57,794 [DEBUG] cnn_neat: Removed hidden node 18 (pool=9)
2026-08-18 19:29:57,805 [DEBUG] cnn_neat: Removed edge 3→1 (from 5 candidates)
2026-08-18 19:29:57,822 [DEBUG] cnn_neat: Removed 3 edges (requested 3)
2026-08-18 19:29:57,834 [DEBUG] cnn_neat: Split edge 13→16, new hidden node 20 (pool=4)
2026-08-18 19:29:57,844 [DEBUG] cnn_neat: Split edge 9→10, new hidden node 19 (pool=4)
2026-08-18 19:29:57,857 [DEBUG] cnn_neat: Split edge 16→17, new hidden node 19 (pool=13)
2026-08-18 19:29:57,867 [DEBUG] cnn_neat: Added edge 9→16 (from 80 candidates)
2026-08-18 19:29:58,052 [DEBUG] cnn_neat: Removed hidden node 18 (pool=10)
2026-08-18 19:29:58,063 [DEBUG] cnn_neat: Removed edge 9→18 (from 7 candidates)
2026-08-18 19:29:58,074 [DEBUG] cnn_neat: Removed 3 edges (requested 3)
2026-08-18 19:29:58,078 [DEBUG] cnn_neat: Split edge 3→1, new hidden node 20 (pool=9)
2026-08-18 19:29:58,081 [DEBUG] cnn_neat: Split edge 8→9, new hidden node 19 (pool=13)
2026-08-18 19:29:58,087 [DEBUG] cnn_neat: Split edge 3→1, new hidden node 20 (pool=13)
2026-08-18 19:29:58,091 [DEBUG] cnn_neat: Added edge 3→17 (from 93 candidates)
2026-08-18 19:29:58,096 [DEBUG] cnn_neat: Removed hidden node 3 (pool=11)
2026-08-18 19:29:58,099 [DEBUG] cnn_neat: Removed edge 3→1 (from 4 candidates)
2026-08-18 19:29:58,104 [DEBUG] cnn_neat: Removed 3 edges (requested 3)
2026-08-18 19:29:58,107 [DEBUG] cnn_neat: Split edge 2→3, new hidden node 20 (pool=14)
2026-08-18 19:29:58,110 [DEBUG] cnn_neat: Split edge 0→4, new hidden node 20 (pool=11)
2026-08-18 19:29:58,111 [DEBUG] cnn_neat: Split edge 17→1, new hidden node 20 (pool=11)
2026-08-18 19:29:58,116 [DEBUG] cnn_neat: Split edge 0→4, new hidden node 19 (pool=12)
2026-08-18 19:29:58,119 [DEBUG] cnn_neat: Added edge 8→18 (from 59 candidates)
2026-08-18 19:29:58,126 [DEBUG] cnn_neat: Removed hidden node 17 (pool=9)
2026-08-18 19:29:58,128 [DEBUG] cnn_neat: Removed edge 18→1 (from 6 candidates)
2026-08-18 19:29:58,135 [DEBUG] cnn_neat: Removed 3 edges (requested 3)
2026-08-18 19:29:58,147 [DEBUG] cnn_neat: Split edge 18→1, new hidden node 20 (pool=13)
2026-08-18 19:29:58,156 [DEBUG] cnn_neat: Split edge 0→4, new hidden node 19 (pool=6)
2026-08-18 19:29:58,166 [DEBUG] cnn_neat: Split edge 13→16, new hidden node 19 (pool=9)
2026-08-18 19:29:58,169 [DEBUG] cnn_neat: Added edge 4→10 (from 64 candidates)
2026-08-18 19:29:58,174 [DEBUG] cnn_neat: Removed hidden node 9 (pool=10)
2026-08-18 19:29:58,177 [DEBUG] cnn_neat: Removed edge 9→18 (from 9 candidates)
2026-08-18 19:29:58,181 [DEBUG] cnn_neat: Removed 3 edges (requested 3)
2026-08-18 19:29:58,184 [DEBUG] cnn_neat: Split edge 8→9, new hidden node 20 (pool=6)
2026-08-18 19:29:58,190 [DEBUG] cnn_neat: Split edge 0→13, new hidden node 20 (pool=14)
2026-08-18 19:29:58,204 [DEBUG] cnn_neat: Added edge 16→1 (from 70 candidates)
2026-08-18 19:29:58,220 [DEBUG] cnn_neat: Removed hidden node 16 (pool=10)
2026-08-18 19:29:58,232 [DEBUG] cnn_neat: Removed edge 16→17 (from 8 candidates)
2026-08-18 19:29:58,247 [DEBUG] cnn_neat: Removed 3 edges (requested 3)
2026-08-18 19:29:58,259 [DEBUG] cnn_neat: Split edge 0→4, new hidden node 21 (pool=10)
2026-08-18 19:29:58,273 [DEBUG] cnn_neat: Split edge 13→16, new hidden node 20 (pool=11)
2026-08-18 19:29:58,282 [DEBUG] cnn_neat: Added edge 0→19 (from 76 candidates)
2026-08-18 19:29:58,295 [DEBUG] cnn_neat: Removed hidden node 19 (pool=11)
2026-08-18 19:29:58,298 [DEBUG] cnn_neat: Removed edge 18→1 (from 8 candidates)
2026-08-18 19:29:58,302 [DEBUG] cnn_neat: Removed 3 edges (requested 3)
2026-08-18 19:29:58,306 [DEBUG] cnn_neat: Split edge 13→4, new hidden node 21 (pool=7)
2026-08-18 19:29:58,316 [DEBUG] cnn_neat: Split edge 18→1, new hidden node 21 (pool=10)
2026-08-18 19:29:58,509 [DEBUG] cnn_neat: Added edge 13→4 (from 93 candidates)
2026-08-18 19:29:58,523 [DEBUG] cnn_neat: Removed hidden node 18 (pool=12)
2026-08-18 19:29:58,527 [DEBUG] cnn_neat: Removed edge 17→1 (from 4 candidates)
2026-08-18 19:29:58,542 [DEBUG] cnn_neat: Removed 3 edges (requested 3)
2026-08-18 19:29:58,546 [DEBUG] cnn_neat: Split edge 17→1, new hidden node 22 (pool=8)
2026-08-18 19:29:58,557 [DEBUG] cnn_neat: Split edge 16→17, new hidden node 20 (pool=7)
2026-08-18 19:29:58,568 [DEBUG] cnn_neat: Added edge 19→13 (from 64 candidates)
2026-08-18 19:29:58,605 [DEBUG] cnn_neat: Removed hidden node 4 (pool=10)
2026-08-18 19:29:58,615 [DEBUG] cnn_neat: Removed edge 3→1 (from 5 candidates)
2026-08-18 19:29:58,623 [DEBUG] cnn_neat: Removed 3 edges (requested 3)
2026-08-18 19:29:58,633 [DEBUG] cnn_neat: Split edge 18→1, new hidden node 21 (pool=5)
2026-08-18 19:29:58,648 [DEBUG] cnn_neat: Split edge 18→1, new hidden node 20 (pool=9)
2026-08-18 19:29:58,661 [DEBUG] cnn_neat: Added edge 4→9 (from 85 candidates)
2026-08-18 19:29:58,677 [DEBUG] cnn_neat: Removed hidden node 17 (pool=11)
2026-08-18 19:29:58,683 [DEBUG] cnn_neat: Removed edge 19→10 (from 7 candidates)
2026-08-18 19:29:58,696 [DEBUG] cnn_neat: Removed 3 edges (requested 3)
2026-08-18 19:29:58,707 [DEBUG] cnn_neat: Split edge 0→4, new hidden node 21 (pool=7)
2026-08-18 19:29:58,938 [DEBUG] cnn_neat: Split edge 16→17, new hidden node 20 (pool=12)
2026-08-18 19:29:58,954 [DEBUG] cnn_neat: Split edge 0→8, new hidden node 20 (pool=13)
2026-08-18 19:29:58,964 [DEBUG] cnn_neat: Added edge 2→17 (from 75 candidates)
2026-08-18 19:29:58,974 [DEBUG] cnn_neat: Removed hidden node 18 (pool=11)
2026-08-18 19:29:58,978 [DEBUG] cnn_neat: Removed edge 3→1 (from 11 candidates)
2026-08-18 19:29:58,985 [DEBUG] cnn_neat: Removed 3 edges (requested 3)
2026-08-18 19:29:58,989 [DEBUG] cnn_neat: Split edge 0→13, new hidden node 21 (pool=7)
2026-08-18 19:29:58,996 [DEBUG] cnn_neat: Split edge 0→8, new hidden node 18 (pool=6)
2026-08-18 19:29:59,000 [DEBUG] cnn_neat: Added edge 4→10 (from 40 candidates)
2026-08-18 19:29:59,006 [DEBUG] cnn_neat: Removed hidden node 4 (pool=9)
2026-08-18 19:29:59,010 [DEBUG] cnn_neat: Removed edge 9→10 (from 13 candidates)
2026-08-18 19:29:59,017 [DEBUG] cnn_neat: Removed 3 edges (requested 3)
2026-08-18 19:29:59,027 [DEBUG] cnn_neat: Split edge 3→1, new hidden node 19 (pool=16)
2026-08-18 19:29:59,030 [DEBUG] cnn_neat: Split edge 0→8, new hidden node 18 (pool=4)
2026-08-18 19:29:59,048 [DEBUG] cnn_neat: Split edge 0→8, new hidden node 19 (pool=3)
2026-08-18 19:29:59,053 [DEBUG] cnn_neat: Added edge 18→16 (from 64 candidates)
2026-08-18 19:29:59,058 [DEBUG] cnn_neat: Removed hidden node 13 (pool=10)
2026-08-18 19:29:59,061 [DEBUG] cnn_neat: Removed edge 16→17 (from 10 candidates)
2026-08-18 19:29:59,068 [DEBUG] cnn_neat: Removed 3 edges (requested 3)
2026-08-18 19:29:59,074 [DEBUG] cnn_neat: Split edge 0→13, new hidden node 20 (pool=12)
2026-08-18 19:29:59,083 [DEBUG] cnn_neat: Split edge 11→1, new hidden node 13 (pool=8)
2026-08-18 19:29:59,088 [DEBUG] cnn_neat: Added edge 0→6 (from 30 candidates)
2026-08-18 19:29:59,093 [DEBUG] cnn_neat: Removed hidden node 10 (pool=7)
2026-08-18 19:29:59,095 [DEBUG] cnn_neat: Removed edge 12→10 (from 9 candidates)
2026-08-18 19:29:59,099 [DEBUG] cnn_neat: Removed 3 edges (requested 3)
2026-08-18 19:29:59,103 [DEBUG] cnn_neat: Split edge 2→5, new hidden node 13 (pool=4)
2026-08-18 19:29:59,105 [DEBUG] cnn_neat: Split edge 0→12, new hidden node 13 (pool=5)
2026-08-18 19:29:59,106 [DEBUG] cnn_neat: Split edge 2→5, new hidden node 13 (pool=5)
2026-08-18 19:29:59,112 [DEBUG] cnn_neat: Split edge 3→1, new hidden node 20 (pool=10)
2026-08-18 19:29:59,117 [DEBUG] cnn_neat: Added edge 10→3 (from 90 candidates)
2026-08-18 19:29:59,133 [DEBUG] cnn_neat: Removed hidden node 2 (pool=11)
2026-08-18 19:29:59,143 [DEBUG] cnn_neat: Removed edge 9→3 (from 6 candidates)
2026-08-18 19:29:59,152 [DEBUG] cnn_neat: Removed 3 edges (requested 3)
2026-08-18 19:29:59,155 [DEBUG] cnn_neat: Split edge 9→19, new hidden node 21 (pool=9)
2026-08-18 19:29:59,159 [DEBUG] cnn_neat: Split edge 3→1, new hidden node 20 (pool=10)
2026-08-18 19:29:59,166 [DEBUG] cnn_neat: Split edge 8→19, new hidden node 21 (pool=11)
2026-08-18 19:29:59,171 [DEBUG] cnn_neat: Added edge 3→10 (from 88 candidates)
2026-08-18 19:29:59,179 [DEBUG] cnn_neat: Removed hidden node 13 (pool=12)
2026-08-18 19:29:59,186 [DEBUG] cnn_neat: Removed edge 16→17 (from 10 candidates)
2026-08-18 19:29:59,207 [DEBUG] cnn_neat: Removed 3 edges (requested 3)
2026-08-18 19:29:59,215 [DEBUG] cnn_neat: Split edge 17→1, new hidden node 22 (pool=7)
2026-08-18 19:29:59,221 [DEBUG] cnn_neat: Split edge 10→1, new hidden node 13 (pool=11)
2026-08-18 19:29:59,225 [DEBUG] cnn_neat: Added edge 5→10 (from 33 candidates)
2026-08-18 19:29:59,231 [DEBUG] cnn_neat: Removed hidden node 5 (pool=7)
2026-08-18 19:29:59,234 [DEBUG] cnn_neat: Removed edge 12→6 (from 12 candidates)
2026-08-18 19:29:59,239 [DEBUG] cnn_neat: Removed 3 edges (requested 3)
2026-08-18 19:29:59,244 [DEBUG] cnn_neat: Split edge 12→11, new hidden node 14 (pool=9)
2026-08-18 19:29:59,250 [DEBUG] cnn_neat: Split edge 11→1, new hidden node 13 (pool=10)
2026-08-18 19:29:59,270 [DEBUG] cnn_neat: Split edge 0→8, new hidden node 20 (pool=2)
2026-08-18 19:29:59,329 [DEBUG] cnn_neat: Added edge 3→10 (from 69 candidates)
2026-08-18 19:29:59,360 [DEBUG] cnn_neat: Removed hidden node 13 (pool=11)
2026-08-18 19:29:59,373 [DEBUG] cnn_neat: Removed edge 3→1 (from 11 candidates)
2026-08-18 19:29:59,386 [DEBUG] cnn_neat: Removed 3 edges (requested 3)
2026-08-18 19:29:59,571 [DEBUG] cnn_neat: Split edge 9→1, new hidden node 21 (pool=11)
2026-08-18 19:29:59,620 [DEBUG] cnn_neat: Split edge 13→8, new hidden node 19 (pool=3)
2026-08-18 19:29:59,628 [DEBUG] cnn_neat: Added edge 18→17 (from 49 candidates)
2026-08-18 19:29:59,653 [DEBUG] cnn_neat: Removed hidden node 17 (pool=10)
2026-08-18 19:29:59,660 [DEBUG] cnn_neat: Removed edge 0→8 (from 15 candidates)
2026-08-18 19:29:59,674 [DEBUG] cnn_neat: Removed 3 edges (requested 3)
2026-08-18 19:29:59,682 [DEBUG] cnn_neat: Split edge 8→9, new hidden node 20 (pool=2)
2026-08-18 19:29:59,693 [DEBUG] cnn_neat: Split edge 13→16, new hidden node 19 (pool=14)
2026-08-18 19:29:59,699 [DEBUG] cnn_neat: Added edge 16→2 (from 70 candidates)
2026-08-18 19:29:59,710 [DEBUG] cnn_neat: Removed hidden node 10 (pool=10)
2026-08-18 19:29:59,714 [DEBUG] cnn_neat: Removed edge 2→3 (from 8 candidates)
2026-08-18 19:29:59,722 [DEBUG] cnn_neat: Removed 3 edges (requested 3)
2026-08-18 19:29:59,728 [DEBUG] cnn_neat: Split edge 4→2, new hidden node 20 (pool=10)
2026-08-18 19:29:59,737 [DEBUG] cnn_neat: Split edge 0→8, new hidden node 20 (pool=13)
2026-08-18 19:29:59,743 [DEBUG] cnn_neat: Added edge 9→1 (from 71 candidates)
2026-08-18 19:29:59,752 [DEBUG] cnn_neat: Removed hidden node 4 (pool=10)
2026-08-18 19:29:59,757 [DEBUG] cnn_neat: Removed edge 17→1 (from 7 candidates)
2026-08-18 19:29:59,766 [DEBUG] cnn_neat: Removed 3 edges (requested 3)
2026-08-18 19:29:59,771 [DEBUG] cnn_neat: Split edge 16→10, new hidden node 21 (pool=7)
2026-08-18 19:29:59,782 [DEBUG] cnn_neat: Split edge 0→13, new hidden node 20 (pool=14)
2026-08-18 19:29:59,790 [DEBUG] cnn_neat: Added edge 18→3 (from 82 candidates)
2026-08-18 19:29:59,800 [DEBUG] cnn_neat: Removed hidden node 10 (pool=11)
2026-08-18 19:29:59,808 [DEBUG] cnn_neat: Removed edge 8→19 (from 6 candidates)
2026-08-18 19:29:59,819 [DEBUG] cnn_neat: Removed 3 edges (requested 3)
2026-08-18 19:29:59,826 [DEBUG] cnn_neat: Split edge 8→19, new hidden node 21 (pool=10)
2026-08-18 19:29:59,831 [DEBUG] cnn_neat: Split edge 2→3, new hidden node 20 (pool=14)
2026-08-18 19:29:59,842 [DEBUG] cnn_neat: Split edge 4→2, new hidden node 19 (pool=15)
2026-08-18 19:29:59,849 [DEBUG] cnn_neat: Added edge 10→3 (from 69 candidates)
2026-08-18 19:29:59,859 [DEBUG] cnn_neat: Removed hidden node 13 (pool=10)
2026-08-18 19:29:59,865 [DEBUG] cnn_neat: Removed edge 0→4 (from 13 candidates)
2026-08-18 19:29:59,876 [DEBUG] cnn_neat: Removed 3 edges (requested 3)
2026-08-18 19:29:59,882 [DEBUG] cnn_neat: Split edge 17→1, new hidden node 20 (pool=11)
2026-08-18 19:29:59,890 [DEBUG] cnn_neat: Saved generation 8
2026-08-18 19:29:59,977 [DEBUG] cnn_neat: Selected 25 elite individuals
2026-08-18 19:29:59,988 [DEBUG] cnn_neat: Split edge 18→1, new hidden node 21 (pool=7)
2026-08-18 19:30:00,022 [DEBUG] cnn_neat: Added edge 19→18 (from 81 candidates)
2026-08-18 19:30:00,168 [DEBUG] cnn_neat: Removed hidden node 18 (pool=12)
2026-08-18 19:30:00,182 [DEBUG] cnn_neat: Removed edge 3→20 (from 9 candidates)
2026-08-18 19:30:00,205 [DEBUG] cnn_neat: Removed 3 edges (requested 3)
2026-08-18 19:30:00,217 [DEBUG] cnn_neat: Split edge 16→17, new hidden node 22 (pool=5)
2026-08-18 19:30:00,232 [DEBUG] cnn_neat: Split edge 12→11, new hidden node 13 (pool=7)
2026-08-18 19:30:00,239 [DEBUG] cnn_neat: Added edge 6→10 (from 32 candidates)
2026-08-18 19:30:00,253 [DEBUG] cnn_neat: Removed hidden node 10 (pool=7)
2026-08-18 19:30:00,259 [DEBUG] cnn_neat: Removed edge 0→2 (from 8 candidates)
2026-08-18 19:30:00,271 [DEBUG] cnn_neat: Removed 3 edges (requested 3)
2026-08-18 19:30:00,276 [DEBUG] cnn_neat: Trimmed elite queue to 128 entries
2026-08-18 19:30:00,667 [DEBUG] cnn_neat: Split edge 5→7, new hidden node 14 (pool=12)
2026-08-18 19:30:00,669 [DEBUG] cnn_neat: Split edge 0→13, new hidden node 19 (pool=5)
2026-08-18 19:30:00,673 [DEBUG] cnn_neat: Added edge 17→9 (from 27 candidates)
2026-08-18 19:30:00,678 [DEBUG] cnn_neat: Removed hidden node 8 (pool=7)
2026-08-18 19:30:00,680 [DEBUG] cnn_neat: Removed edge 13→16 (from 8 candidates)
2026-08-18 19:30:00,684 [DEBUG] cnn_neat: Removed 3 edges (requested 3)
2026-08-18 19:30:00,688 [DEBUG] cnn_neat: Crossover rejected: union topology invalid (edges=31 nodes=20)
2026-08-18 19:30:00,691 [DEBUG] cnn_neat: Split edge 9→1, new hidden node 19 (pool=5)
2026-08-18 19:30:00,694 [DEBUG] cnn_neat: Added edge 10→13 (from 27 candidates)
2026-08-18 19:30:00,697 [DEBUG] cnn_neat: Added edge 9→13 (from 14 candidates)
2026-08-18 19:30:00,700 [DEBUG] cnn_neat: Added edge 18→13 (from 13 candidates)
2026-08-18 19:30:00,703 [DEBUG] cnn_neat: Added edge 10→17 (from 12 candidates)
2026-08-18 19:30:00,707 [DEBUG] cnn_neat: Added edge 8→10 (from 11 candidates)
2026-08-18 19:30:00,710 [DEBUG] cnn_neat: Split edge 17→1, new hidden node 19 (pool=7)
2026-08-18 19:30:00,713 [DEBUG] cnn_neat: Added edge 8→9 (from 33 candidates)
2026-08-18 19:30:00,717 [DEBUG] cnn_neat: Removed hidden node 9 (pool=8)
2026-08-18 19:30:00,721 [DEBUG] cnn_neat: Removed edge 16→17 (from 7 candidates)
2026-08-18 19:30:00,725 [DEBUG] cnn_neat: Removed 3 edges (requested 3)
2026-08-18 19:30:00,730 [DEBUG] cnn_neat: Crossover rejected: union topology invalid (edges=30 nodes=21)
2026-08-18 19:30:00,732 [DEBUG] cnn_neat: Split edge 13→16, new hidden node 19 (pool=7)
2026-08-18 19:30:00,736 [DEBUG] cnn_neat: Added edge 13→9 (from 33 candidates)
2026-08-18 19:30:00,739 [DEBUG] cnn_neat: Added edge 13→4 (from 36 candidates)
2026-08-18 19:30:00,742 [DEBUG] cnn_neat: Added edge 16→1 (from 34 candidates)
2026-08-18 19:30:00,745 [DEBUG] cnn_neat: Added edge 17→10 (from 32 candidates)
2026-08-18 19:30:00,749 [DEBUG] cnn_neat: Added edge 18→10 (from 30 candidates)
2026-08-18 19:30:00,753 [DEBUG] cnn_neat: Split edge 13→16, new hidden node 19 (pool=9)
2026-08-18 19:30:00,755 [DEBUG] cnn_neat: Added edge 16→4 (from 48 candidates)
2026-08-18 19:30:00,763 [DEBUG] cnn_neat: Removed hidden node 10 (pool=8)
2026-08-18 19:30:00,765 [DEBUG] cnn_neat: Removed edge 9→1 (from 4 candidates)
2026-08-18 19:30:00,769 [DEBUG] cnn_neat: Removed 3 edges (requested 3)
2026-08-18 19:30:00,774 [DEBUG] cnn_neat: Crossover rejected: union topology invalid (edges=20 nodes=17)
2026-08-18 19:30:00,776 [DEBUG] cnn_neat: Split edge 9→1, new hidden node 19 (pool=9)
2026-08-18 19:30:00,779 [DEBUG] cnn_neat: Added edge 8→4 (from 48 candidates)
2026-08-18 19:30:00,782 [DEBUG] cnn_neat: Added edge 10→18 (from 46 candidates)
2026-08-18 19:30:00,785 [DEBUG] cnn_neat: Added edge 4→9 (from 43 candidates)
2026-08-18 19:30:00,788 [DEBUG] cnn_neat: Added edge 13→4 (from 40 candidates)
2026-08-18 19:30:00,792 [DEBUG] cnn_neat: Added edge 16→4 (from 37 candidates)
2026-08-18 19:30:00,795 [DEBUG] cnn_neat: Split edge 17→1, new hidden node 20 (pool=8)
2026-08-18 19:30:00,800 [DEBUG] cnn_neat: Added edge 16→9 (from 50 candidates)
2026-08-18 19:30:00,808 [DEBUG] cnn_neat: Removed hidden node 9 (pool=9)
2026-08-18 19:30:00,811 [DEBUG] cnn_neat: Removed edge 17→1 (from 10 candidates)
2026-08-18 19:30:00,817 [DEBUG] cnn_neat: Removed 3 edges (requested 3)
2026-08-18 19:30:00,821 [DEBUG] cnn_neat: Crossover rejected: union topology invalid (edges=28 nodes=22)
2026-08-18 19:30:00,826 [DEBUG] cnn_neat: Split edge 19→16, new hidden node 20 (pool=8)
2026-08-18 19:30:00,830 [DEBUG] cnn_neat: Added edge 19→9 (from 50 candidates)
2026-08-18 19:30:00,834 [DEBUG] cnn_neat: Added edge 4→16 (from 45 candidates)
2026-08-18 19:30:00,838 [DEBUG] cnn_neat: Added edge 17→8 (from 44 candidates)
2026-08-18 19:30:00,842 [DEBUG] cnn_neat: Added edge 13→8 (from 28 candidates)
2026-08-18 19:30:00,847 [DEBUG] cnn_neat: Added edge 16→9 (from 27 candidates)
2026-08-18 19:30:00,852 [DEBUG] cnn_neat: Split edge 17→1, new hidden node 20 (pool=16)
2026-08-18 19:30:00,857 [DEBUG] cnn_neat: Added edge 4→13 (from 66 candidates)
2026-08-18 19:30:00,865 [DEBUG] cnn_neat: Removed hidden node 19 (pool=11)
2026-08-18 19:30:00,869 [DEBUG] cnn_neat: Removed edge 16→17 (from 13 candidates)
2026-08-18 19:30:00,877 [DEBUG] cnn_neat: Removed 3 edges (requested 3)
2026-08-18 19:30:00,882 [DEBUG] cnn_neat: Crossover rejected: union topology invalid (edges=33 nodes=23)
2026-08-18 19:30:00,886 [DEBUG] cnn_neat: Split edge 9→18, new hidden node 20 (pool=16)
2026-08-18 19:30:00,893 [DEBUG] cnn_neat: Added edge 8→16 (from 66 candidates)
2026-08-18 19:30:00,898 [DEBUG] cnn_neat: Added edge 19→4 (from 65 candidates)
2026-08-18 19:30:00,903 [DEBUG] cnn_neat: Added edge 16→9 (from 47 candidates)
2026-08-18 19:30:00,909 [DEBUG] cnn_neat: Added edge 3→10 (from 46 candidates)
2026-08-18 19:30:00,915 [DEBUG] cnn_neat: Added edge 8→2 (from 42 candidates)
2026-08-18 19:30:00,918 [DEBUG] cnn_neat: Split edge 0→13, new hidden node 20 (pool=8)
2026-08-18 19:30:00,923 [DEBUG] cnn_neat: Added edge 3→17 (from 68 candidates)
2026-08-18 19:30:00,928 [DEBUG] cnn_neat: Removed hidden node 3 (pool=10)
2026-08-18 19:30:00,932 [DEBUG] cnn_neat: Removed edge 16→17 (from 6 candidates)
2026-08-18 19:30:00,937 [DEBUG] cnn_neat: Removed 3 edges (requested 3)
2026-08-18 19:30:00,941 [DEBUG] cnn_neat: Crossover rejected: union topology invalid (edges=24 nodes=20)
2026-08-18 19:30:00,944 [DEBUG] cnn_neat: Split edge 17→1, new hidden node 20 (pool=8)
2026-08-18 19:30:00,949 [DEBUG] cnn_neat: Added edge 18→3 (from 68 candidates)
2026-08-18 19:30:00,954 [DEBUG] cnn_neat: Added edge 13→8 (from 63 candidates)
2026-08-18 19:30:00,959 [DEBUG] cnn_neat: Added edge 4→19 (from 58 candidates)
2026-08-18 19:30:00,963 [DEBUG] cnn_neat: Added edge 19→13 (from 53 candidates)
2026-08-18 19:30:00,968 [DEBUG] cnn_neat: Added edge 17→9 (from 46 candidates)
2026-08-18 19:30:00,973 [DEBUG] cnn_neat: Split edge 17→1, new hidden node 21 (pool=6)
2026-08-18 19:30:00,979 [DEBUG] cnn_neat: Added edge 17→3 (from 75 candidates)
2026-08-18 19:30:00,991 [DEBUG] cnn_neat: Removed hidden node 19 (pool=12)
2026-08-18 19:30:00,995 [DEBUG] cnn_neat: Removed edge 9→18 (from 9 candidates)
2026-08-18 19:30:01,002 [DEBUG] cnn_neat: Removed 3 edges (requested 3)
2026-08-18 19:30:01,009 [DEBUG] cnn_neat: Crossover rejected: union topology invalid (edges=38 nodes=25)
2026-08-18 19:30:01,013 [DEBUG] cnn_neat: Split edge 13→16, new hidden node 21 (pool=6)
2026-08-18 19:30:01,018 [DEBUG] cnn_neat: Added edge 20→13 (from 75 candidates)
2026-08-18 19:30:01,023 [DEBUG] cnn_neat: Added edge 3→8 (from 64 candidates)
2026-08-18 19:30:01,030 [DEBUG] cnn_neat: Added edge 3→1 (from 60 candidates)
2026-08-18 19:30:01,035 [DEBUG] cnn_neat: Added edge 20→17 (from 57 candidates)
2026-08-18 19:30:01,041 [DEBUG] cnn_neat: Added edge 20→19 (from 56 candidates)
2026-08-18 19:30:01,047 [DEBUG] cnn_neat: Split edge 13→16, new hidden node 21 (pool=5)
2026-08-18 19:30:01,052 [DEBUG] cnn_neat: Added edge 16→18 (from 84 candidates)
2026-08-18 19:30:01,060 [DEBUG] cnn_neat: Removed hidden node 20 (pool=12)
2026-08-18 19:30:01,147 [DEBUG] cnn_neat: Split edge 16→17, new hidden node 19 (pool=6)
2026-08-18 19:30:01,252 [DEBUG] cnn_neat: Added edge 8→9 (from 40 candidates)
2026-08-18 19:30:01,311 [DEBUG] cnn_neat: Removed hidden node 9 (pool=8)
2026-08-18 19:30:01,318 [DEBUG] cnn_neat: Removed edge 10→1 (from 6 candidates)
2026-08-18 19:30:01,332 [DEBUG] cnn_neat: Removed 3 edges (requested 3)
2026-08-18 19:30:01,342 [DEBUG] cnn_neat: Split edge 0→8, new hidden node 19 (pool=6)
2026-08-18 19:30:01,350 [DEBUG] cnn_neat: Split edge 16→17, new hidden node 19 (pool=6)
2026-08-18 19:30:01,355 [DEBUG] cnn_neat: Split edge 0→8, new hidden node 19 (pool=5)
2026-08-18 19:30:01,368 [DEBUG] cnn_neat: Split edge 13→16, new hidden node 19 (pool=5)
2026-08-18 19:30:01,377 [DEBUG] cnn_neat: Added edge 8→10 (from 27 candidates)
2026-08-18 19:30:01,390 [DEBUG] cnn_neat: Removed hidden node 13 (pool=7)
2026-08-18 19:30:01,396 [DEBUG] cnn_neat: Removed edge 13→16 (from 8 candidates)
2026-08-18 19:30:01,409 [DEBUG] cnn_neat: Removed 3 edges (requested 3)
2026-08-18 19:30:01,418 [DEBUG] cnn_neat: Split edge 18→9, new hidden node 20 (pool=4)
2026-08-18 19:30:01,427 [DEBUG] cnn_neat: Split edge 0→8, new hidden node 19 (pool=3)
2026-08-18 19:30:01,763 [DEBUG] cnn_neat: Split edge 0→4, new hidden node 19 (pool=7)
2026-08-18 19:30:01,788 [DEBUG] cnn_neat: Added edge 9→4 (from 33 candidates)
2026-08-18 19:30:01,821 [DEBUG] cnn_neat: Split edge 0→4, new hidden node 19 (pool=7)
2026-08-18 19:30:01,847 [DEBUG] cnn_neat: Added edge 18→16 (from 37 candidates)
2026-08-18 19:30:01,889 [DEBUG] cnn_neat: Removed hidden node 10 (pool=8)
2026-08-18 19:30:01,905 [DEBUG] cnn_neat: Removed edge 10→1 (from 9 candidates)
2026-08-18 19:30:01,931 [DEBUG] cnn_neat: Removed 3 edges (requested 3)
2026-08-18 19:30:02,003 [DEBUG] cnn_neat: Split edge 9→1, new hidden node 20 (pool=8)
2026-08-18 19:30:02,013 [DEBUG] cnn_neat: Split edge 18→9, new hidden node 19 (pool=9)
2026-08-18 19:30:02,024 [DEBUG] cnn_neat: Added edge 16→10 (from 48 candidates)
2026-08-18 19:30:02,043 [DEBUG] cnn_neat: Removed hidden node 17 (pool=8)
2026-08-18 19:30:02,052 [DEBUG] cnn_neat: Removed edge 17→1 (from 4 candidates)
2026-08-18 19:30:02,070 [DEBUG] cnn_neat: Removed 3 edges (requested 3)
2026-08-18 19:30:02,076 [DEBUG] cnn_neat: Split edge 0→13, new hidden node 20 (pool=5)
2026-08-18 19:30:02,086 [DEBUG] cnn_neat: Split edge 19→16, new hidden node 20 (pool=8)
2026-08-18 19:30:02,094 [DEBUG] cnn_neat: Added edge 4→9 (from 50 candidates)
2026-08-18 19:30:02,105 [DEBUG] cnn_neat: Removed hidden node 19 (pool=9)
2026-08-18 19:30:02,110 [DEBUG] cnn_neat: Removed edge 16→17 (from 10 candidates)
2026-08-18 19:30:02,122 [DEBUG] cnn_neat: Removed 3 edges (requested 3)
2026-08-18 19:30:02,131 [DEBUG] cnn_neat: Split edge 19→16, new hidden node 20 (pool=8)
2026-08-18 19:30:02,135 [DEBUG] cnn_neat: Split edge 8→18, new hidden node 20 (pool=9)
2026-08-18 19:30:02,138 [DEBUG] cnn_neat: Split edge 16→17, new hidden node 20 (pool=4)
2026-08-18 19:30:02,150 [DEBUG] cnn_neat: Split edge 8→19, new hidden node 20 (pool=16)
2026-08-18 19:30:02,159 [DEBUG] cnn_neat: Added edge 4→9 (from 66 candidates)
2026-08-18 19:30:02,173 [DEBUG] cnn_neat: Removed hidden node 13 (pool=11)
2026-08-18 19:30:02,180 [DEBUG] cnn_neat: Removed edge 0→13 (from 13 candidates)
2026-08-18 19:30:02,194 [DEBUG] cnn_neat: Removed 3 edges (requested 3)
2026-08-18 19:30:02,205 [DEBUG] cnn_neat: Split edge 0→13, new hidden node 21 (pool=12)
2026-08-18 19:30:02,217 [DEBUG] cnn_neat: Split edge 16→17, new hidden node 20 (pool=8)
2026-08-18 19:30:02,226 [DEBUG] cnn_neat: Added edge 17→2 (from 68 candidates)
2026-08-18 19:30:02,239 [DEBUG] cnn_neat: Removed hidden node 4 (pool=10)
2026-08-18 19:30:02,245 [DEBUG] cnn_neat: Removed edge 3→1 (from 6 candidates)
2026-08-18 19:30:02,258 [DEBUG] cnn_neat: Removed 3 edges (requested 3)
2026-08-18 19:30:02,266 [DEBUG] cnn_neat: Split edge 4→2, new hidden node 21 (pool=4)
2026-08-18 19:30:02,272 [DEBUG] cnn_neat: Split edge 13→16, new hidden node 20 (pool=9)
2026-08-18 19:30:02,286 [DEBUG] cnn_neat: Split edge 18→1, new hidden node 21 (pool=6)
2026-08-18 19:30:02,294 [DEBUG] cnn_neat: Added edge 16→19 (from 91 candidates)
2026-08-18 19:30:02,319 [DEBUG] cnn_neat: Removed hidden node 18 (pool=12)
2026-08-18 19:30:02,325 [DEBUG] cnn_neat: Removed edge 17→1 (from 8 candidates)
2026-08-18 19:30:02,338 [DEBUG] cnn_neat: Removed 3 edges (requested 3)
2026-08-18 19:30:02,345 [DEBUG] cnn_neat: Split edge 18→1, new hidden node 21 (pool=7)
2026-08-18 19:30:02,349 [DEBUG] cnn_neat: Split edge 0→13, new hidden node 21 (pool=12)
2026-08-18 19:30:02,357 [DEBUG] cnn_neat: Added edge 9→4 (from 97 candidates)
2026-08-18 19:30:02,362 [DEBUG] cnn_neat: Added edge 4→16 (from 107 candidates)
2026-08-18 19:30:02,479 [DEBUG] cnn_neat: Split edge 3→1, new hidden node 20 (pool=8)
2026-08-18 19:30:02,486 [DEBUG] cnn_neat: Added edge 8→2 (from 77 candidates)
2026-08-18 19:30:02,494 [DEBUG] cnn_neat: Removed hidden node 10 (pool=11)
2026-08-18 19:30:02,498 [DEBUG] cnn_neat: Removed edge 16→17 (from 8 candidates)
2026-08-18 19:30:02,504 [DEBUG] cnn_neat: Removed 3 edges (requested 3)
2026-08-18 19:30:02,508 [DEBUG] cnn_neat: Split edge 13→16, new hidden node 21 (pool=4)
2026-08-18 19:30:02,517 [DEBUG] cnn_neat: Split edge 0→13, new hidden node 20 (pool=9)
2026-08-18 19:30:02,541 [DEBUG] cnn_neat: Split edge 16→17, new hidden node 20 (pool=15)
2026-08-18 19:30:02,552 [DEBUG] cnn_neat: Added edge 16→19 (from 83 candidates)
2026-08-18 19:30:02,559 [DEBUG] cnn_neat: Removed hidden node 10 (pool=11)
2026-08-18 19:30:02,563 [DEBUG] cnn_neat: Removed edge 19→10 (from 10 candidates)
2026-08-18 19:30:02,569 [DEBUG] cnn_neat: Removed 3 edges (requested 3)
2026-08-18 19:30:02,574 [DEBUG] cnn_neat: Split edge 2→3, new hidden node 21 (pool=11)
2026-08-18 19:30:02,580 [DEBUG] cnn_neat: Split edge 10→1, new hidden node 20 (pool=15)
2026-08-18 19:30:02,595 [DEBUG] cnn_neat: Split edge 17→1, new hidden node 20 (pool=15)
2026-08-18 19:30:02,612 [DEBUG] cnn_neat: Added edge 9→1 (from 79 candidates)
2026-08-18 19:30:02,627 [DEBUG] cnn_neat: Removed hidden node 18 (pool=11)
2026-08-18 19:30:02,631 [DEBUG] cnn_neat: Removed edge 10→1 (from 12 candidates)
2026-08-18 19:30:02,638 [DEBUG] cnn_neat: Removed 3 edges (requested 3)
2026-08-18 19:30:02,643 [DEBUG] cnn_neat: Split edge 10→1, new hidden node 21 (pool=11)
2026-08-18 19:30:02,647 [DEBUG] cnn_neat: Split edge 0→8, new hidden node 20 (pool=2)
2026-08-18 19:30:02,653 [DEBUG] cnn_neat: Split edge 13→16, new hidden node 20 (pool=10)
2026-08-18 19:30:02,659 [DEBUG] cnn_neat: Added edge 18→3 (from 79 candidates)
2026-08-18 19:30:02,665 [DEBUG] cnn_neat: Removed hidden node 10 (pool=11)
2026-08-18 19:30:02,668 [DEBUG] cnn_neat: Removed edge 2→3 (from 8 candidates)
2026-08-18 19:30:02,675 [DEBUG] cnn_neat: Removed 3 edges (requested 3)
2026-08-18 19:30:02,679 [DEBUG] cnn_neat: Split edge 2→3, new hidden node 21 (pool=6)
2026-08-18 19:30:02,698 [DEBUG] cnn_neat: Split edge 17→1, new hidden node 21 (pool=6)
2026-08-18 19:30:02,712 [DEBUG] cnn_neat: Added edge 19→16 (from 75 candidates)
2026-08-18 19:30:02,748 [DEBUG] cnn_neat: Removed hidden node 19 (pool=12)
2026-08-18 19:30:02,754 [DEBUG] cnn_neat: Removed edge 17→1 (from 9 candidates)
2026-08-18 19:30:02,960 [DEBUG] cnn_neat: Removed 3 edges (requested 3)
2026-08-18 19:30:02,977 [DEBUG] cnn_neat: Split edge 13→16, new hidden node 21 (pool=7)
2026-08-18 19:30:02,987 [DEBUG] cnn_neat: Split edge 16→17, new hidden node 21 (pool=7)
2026-08-18 19:30:02,990 [DEBUG] cnn_neat: Split edge 16→17, new hidden node 21 (pool=14)
2026-08-18 19:30:02,996 [DEBUG] cnn_neat: Split edge 2→3, new hidden node 19 (pool=15)
2026-08-18 19:30:03,001 [DEBUG] cnn_neat: Added edge 18→10 (from 74 candidates)
2026-08-18 19:30:03,007 [DEBUG] cnn_neat: Removed hidden node 3 (pool=10)
2026-08-18 19:30:03,011 [DEBUG] cnn_neat: Removed edge 9→10 (from 10 candidates)
2026-08-18 19:30:03,016 [DEBUG] cnn_neat: Removed 3 edges (requested 3)
2026-08-18 19:30:03,020 [DEBUG] cnn_neat: Split edge 17→1, new hidden node 20 (pool=11)
2026-08-18 19:30:03,026 [DEBUG] cnn_neat: Split edge 13→16, new hidden node 21 (pool=5)
2026-08-18 19:30:03,032 [DEBUG] cnn_neat: Added edge 9→13 (from 84 candidates)
2026-08-18 19:30:03,043 [DEBUG] cnn_neat: Removed hidden node 17 (pool=12)
2026-08-18 19:30:03,054 [DEBUG] cnn_neat: Removed edge 17→1 (from 9 candidates)
2026-08-18 19:30:03,077 [DEBUG] cnn_neat: Removed 3 edges (requested 3)
2026-08-18 19:30:03,090 [DEBUG] cnn_neat: Split edge 16→17, new hidden node 21 (pool=6)
2026-08-18 19:30:03,098 [DEBUG] cnn_neat: Split edge 19→8, new hidden node 21 (pool=15)
2026-08-18 19:30:03,104 [DEBUG] cnn_neat: Split edge 13→16, new hidden node 21 (pool=9)
2026-08-18 19:30:03,110 [DEBUG] cnn_neat: Added edge 18→17 (from 96 candidates)
2026-08-18 19:30:03,130 [DEBUG] cnn_neat: Removed hidden node 10 (pool=12)
2026-08-18 19:30:03,133 [DEBUG] cnn_neat: Removed edge 20→1 (from 4 candidates)
2026-08-18 19:30:03,139 [DEBUG] cnn_neat: Removed 3 edges (requested 3)
2026-08-18 19:30:03,143 [DEBUG] cnn_neat: Split edge 9→18, new hidden node 22 (pool=5)
2026-08-18 19:30:03,149 [DEBUG] cnn_neat: Split edge 9→18, new hidden node 20 (pool=12)
2026-08-18 19:30:03,162 [DEBUG] cnn_neat: Added edge 3→1 (from 54 candidates)
2026-08-18 19:30:03,207 [DEBUG] cnn_neat: Removed hidden node 10 (pool=11)
2026-08-18 19:30:03,410 [DEBUG] cnn_neat: Removed edge 18→13 (from 10 candidates)
2026-08-18 19:30:03,420 [DEBUG] cnn_neat: Removed 3 edges (requested 3)
2026-08-18 19:30:03,424 [DEBUG] cnn_neat: Split edge 17→1, new hidden node 21 (pool=7)
2026-08-18 19:30:03,428 [DEBUG] cnn_neat: Split edge 9→10, new hidden node 20 (pool=13)
2026-08-18 19:30:03,434 [DEBUG] cnn_neat: Split edge 4→2, new hidden node 19 (pool=15)
2026-08-18 19:30:03,438 [DEBUG] cnn_neat: Added edge 4→10 (from 57 candidates)
2026-08-18 19:30:03,444 [DEBUG] cnn_neat: Removed hidden node 3 (pool=10)
2026-08-18 19:30:03,447 [DEBUG] cnn_neat: Removed edge 18→1 (from 10 candidates)
2026-08-18 19:30:03,453 [DEBUG] cnn_neat: Removed 3 edges (requested 3)
2026-08-18 19:30:03,456 [DEBUG] cnn_neat: Split edge 8→9, new hidden node 20 (pool=12)
2026-08-18 19:30:03,462 [DEBUG] cnn_neat: Split edge 17→1, new hidden node 20 (pool=12)
2026-08-18 19:30:03,466 [DEBUG] cnn_neat: Added edge 18→4 (from 78 candidates)
2026-08-18 19:30:03,476 [DEBUG] cnn_neat: Removed hidden node 10 (pool=10)
2026-08-18 19:30:03,489 [DEBUG] cnn_neat: Removed edge 3→1 (from 4 candidates)
2026-08-18 19:30:03,506 [DEBUG] cnn_neat: Removed 3 edges (requested 3)
2026-08-18 19:30:03,518 [DEBUG] cnn_neat: Split edge 0→8, new hidden node 21 (pool=8)
2026-08-18 19:30:03,538 [DEBUG] cnn_neat: Split edge 0→8, new hidden node 20 (pool=2)
2026-08-18 19:30:03,555 [DEBUG] cnn_neat: Added edge 9→17 (from 67 candidates)
2026-08-18 19:30:03,593 [DEBUG] cnn_neat: Removed hidden node 17 (pool=11)
2026-08-18 19:30:03,603 [DEBUG] cnn_neat: Removed edge 3→1 (from 13 candidates)
2026-08-18 19:30:03,630 [DEBUG] cnn_neat: Removed 3 edges (requested 3)
2026-08-18 19:30:03,829 [DEBUG] cnn_neat: Split edge 9→19, new hidden node 21 (pool=11)
2026-08-18 19:30:03,860 [DEBUG] cnn_neat: Added edge 17→4 (from 63 candidates)
2026-08-18 19:30:03,878 [DEBUG] cnn_neat: Removed hidden node 3 (pool=11)
2026-08-18 19:30:03,897 [DEBUG] cnn_neat: Removed edge 9→18 (from 15 candidates)
2026-08-18 19:30:03,910 [DEBUG] cnn_neat: Removed 3 edges (requested 3)
2026-08-18 19:30:03,916 [DEBUG] cnn_neat: Split edge 0→4, new hidden node 20 (pool=9)
2026-08-18 19:30:03,926 [DEBUG] cnn_neat: Added edge 2→1 (from 54 candidates)
2026-08-18 19:30:03,933 [DEBUG] cnn_neat: Split edge 4→2, new hidden node 19 (pool=14)
2026-08-18 19:30:03,948 [DEBUG] cnn_neat: Added edge 2→17 (from 78 candidates)
2026-08-18 19:30:03,974 [DEBUG] cnn_neat: Removed hidden node 10 (pool=10)
2026-08-18 19:30:03,984 [DEBUG] cnn_neat: Removed edge 16→17 (from 8 candidates)
2026-08-18 19:30:04,000 [DEBUG] cnn_neat: Removed 3 edges (requested 3)
2026-08-18 19:30:04,065 [DEBUG] cnn_neat: Split edge 10→1, new hidden node 20 (pool=10)
2026-08-18 19:30:04,068 [DEBUG] cnn_neat: Split edge 9→10, new hidden node 19 (pool=11)
2026-08-18 19:30:04,080 [DEBUG] cnn_neat: Added edge 10→16 (from 60 candidates)
2026-08-18 19:30:04,088 [DEBUG] cnn_neat: Removed hidden node 3 (pool=11)
2026-08-18 19:30:04,093 [DEBUG] cnn_neat: Removed edge 9→1 (from 16 candidates)
2026-08-18 19:30:04,101 [DEBUG] cnn_neat: Removed 3 edges (requested 3)
2026-08-18 19:30:04,108 [DEBUG] cnn_neat: Split edge 9→18, new hidden node 20 (pool=9)
2026-08-18 19:30:04,112 [DEBUG] cnn_neat: Split edge 2→3, new hidden node 20 (pool=14)
2026-08-18 19:30:04,120 [DEBUG] cnn_neat: Split edge 0→8, new hidden node 20 (pool=11)
2026-08-18 19:30:04,132 [DEBUG] cnn_neat: Added edge 16→9 (from 74 candidates)
2026-08-18 19:30:04,362 [DEBUG] cnn_neat: Removed hidden node 10 (pool=11)
2026-08-18 19:30:04,366 [DEBUG] cnn_neat: Removed edge 17→1 (from 9 candidates)
2026-08-18 19:30:04,373 [DEBUG] cnn_neat: Removed 3 edges (requested 3)
2026-08-18 19:30:04,377 [DEBUG] cnn_neat: Split edge 0→13, new hidden node 21 (pool=5)
2026-08-18 19:30:04,393 [DEBUG] cnn_neat: Split edge 9→18, new hidden node 20 (pool=11)
2026-08-18 19:30:04,406 [DEBUG] cnn_neat: Split edge 9→18, new hidden node 20 (pool=14)
2026-08-18 19:30:04,412 [DEBUG] cnn_neat: Added edge 19→9 (from 73 candidates)
2026-08-18 19:30:04,419 [DEBUG] cnn_neat: Removed hidden node 16 (pool=11)
2026-08-18 19:30:04,423 [DEBUG] cnn_neat: Removed edge 3→1 (from 12 candidates)
2026-08-18 19:30:04,429 [DEBUG] cnn_neat: Removed 3 edges (requested 3)
2026-08-18 19:30:04,433 [DEBUG] cnn_neat: Split edge 19→4, new hidden node 21 (pool=9)
2026-08-18 19:30:04,446 [DEBUG] cnn_neat: Split edge 3→1, new hidden node 20 (pool=11)
2026-08-18 19:30:04,459 [DEBUG] cnn_neat: Added edge 18→19 (from 75 candidates)
2026-08-18 19:30:04,475 [DEBUG] cnn_neat: Removed hidden node 16 (pool=11)
2026-08-18 19:30:04,479 [DEBUG] cnn_neat: Removed edge 19→1 (from 10 candidates)
2026-08-18 19:30:04,485 [DEBUG] cnn_neat: Removed 3 edges (requested 3)
2026-08-18 19:30:04,489 [DEBUG] cnn_neat: Split edge 13→16, new hidden node 20 (pool=14)
2026-08-18 19:30:04,493 [DEBUG] cnn_neat: Split edge 0→4, new hidden node 20 (pool=8)
2026-08-18 19:30:04,498 [DEBUG] cnn_neat: Split edge 0→13, new hidden node 19 (pool=10)
2026-08-18 19:30:04,502 [DEBUG] cnn_neat: Added edge 13→9 (from 58 candidates)
2026-08-18 19:30:04,507 [DEBUG] cnn_neat: Removed hidden node 10 (pool=9)
2026-08-18 19:30:04,509 [DEBUG] cnn_neat: Removed edge 17→1 (from 5 candidates)
2026-08-18 19:30:04,521 [DEBUG] cnn_neat: Removed 3 edges (requested 3)
2026-08-18 19:30:04,530 [DEBUG] cnn_neat: Split edge 8→9, new hidden node 19 (pool=11)
2026-08-18 19:30:04,537 [DEBUG] cnn_neat: Split edge 0→13, new hidden node 19 (pool=8)
2026-08-18 19:30:04,544 [DEBUG] cnn_neat: Split edge 0→13, new hidden node 19 (pool=9)
2026-08-18 19:30:04,550 [DEBUG] cnn_neat: Split edge 0→13, new hidden node 19 (pool=12)
2026-08-18 19:30:04,554 [DEBUG] cnn_neat: Added edge 9→17 (from 63 candidates)
2026-08-18 19:30:04,559 [DEBUG] cnn_neat: Removed hidden node 17 (pool=9)
2026-08-18 19:30:04,562 [DEBUG] cnn_neat: Removed edge 18→1 (from 6 candidates)
2026-08-18 19:30:04,566 [DEBUG] cnn_neat: Removed 3 edges (requested 3)
2026-08-18 19:30:04,569 [DEBUG] cnn_neat: Split edge 9→18, new hidden node 20 (pool=8)
2026-08-18 19:30:04,574 [DEBUG] cnn_neat: Split edge 9→18, new hidden node 19 (pool=13)
2026-08-18 19:30:04,582 [DEBUG] cnn_neat: Split edge 0→4, new hidden node 19 (pool=12)
2026-08-18 19:30:04,591 [DEBUG] cnn_neat: Added edge 18→13 (from 45 candidates)
2026-08-18 19:30:04,605 [DEBUG] cnn_neat: Removed hidden node 13 (pool=8)
2026-08-18 19:30:04,659 [DEBUG] cnn_neat: Removed edge 0→4 (from 8 candidates)
2026-08-18 19:30:04,666 [DEBUG] cnn_neat: Removed 3 edges (requested 3)
2026-08-18 19:30:04,698 [DEBUG] cnn_neat: Split edge 13→16, new hidden node 20 (pool=13)
2026-08-18 19:30:04,707 [DEBUG] cnn_neat: Split edge 10→1, new hidden node 19 (pool=13)
2026-08-18 19:30:04,711 [DEBUG] cnn_neat: Added edge 13→2 (from 77 candidates)
2026-08-18 19:30:04,721 [DEBUG] cnn_neat: Removed hidden node 4 (pool=10)
2026-08-18 19:30:04,726 [DEBUG] cnn_neat: Removed edge 9→10 (from 8 candidates)
2026-08-18 19:30:04,958 [DEBUG] cnn_neat: Removed 3 edges (requested 3)
2026-08-18 19:30:04,964 [DEBUG] cnn_neat: Split edge 9→18, new hidden node 20 (pool=9)
2026-08-18 19:30:04,975 [DEBUG] cnn_neat: Split edge 0→4, new hidden node 19 (pool=13)
2026-08-18 19:30:04,982 [DEBUG] cnn_neat: Added edge 2→1 (from 75 candidates)
2026-08-18 19:30:04,991 [DEBUG] cnn_neat: Removed hidden node 3 (pool=10)
2026-08-18 19:30:04,997 [DEBUG] cnn_neat: Removed edge 0→4 (from 6 candidates)
2026-08-18 19:30:05,007 [DEBUG] cnn_neat: Removed 3 edges (requested 3)
2026-08-18 19:30:05,013 [DEBUG] cnn_neat: Split edge 17→1, new hidden node 20 (pool=14)
2026-08-18 19:30:05,021 [DEBUG] cnn_neat: Split edge 13→4, new hidden node 19 (pool=4)
2026-08-18 19:30:05,024 [DEBUG] cnn_neat: Split edge 8→9, new hidden node 19 (pool=10)
2026-08-18 19:30:05,033 [DEBUG] cnn_neat: Split edge 10→1, new hidden node 19 (pool=12)
2026-08-18 19:30:05,039 [DEBUG] cnn_neat: Added edge 17→4 (from 57 candidates)
2026-08-18 19:30:05,057 [DEBUG] cnn_neat: Removed hidden node 3 (pool=9)
2026-08-18 19:30:05,063 [DEBUG] cnn_neat: Removed edge 0→4 (from 7 candidates)
2026-08-18 19:30:05,074 [DEBUG] cnn_neat: Removed 3 edges (requested 3)
2026-08-18 19:30:05,082 [DEBUG] cnn_neat: Split edge 0→13, new hidden node 20 (pool=8)
2026-08-18 19:30:05,087 [DEBUG] cnn_neat: Split edge 0→13, new hidden node 19 (pool=13)
2026-08-18 19:30:05,097 [DEBUG] cnn_neat: Split edge 17→1, new hidden node 21 (pool=8)
2026-08-18 19:30:05,104 [DEBUG] cnn_neat: Added edge 10→4 (from 82 candidates)
2026-08-18 19:30:05,115 [DEBUG] cnn_neat: Removed hidden node 17 (pool=11)
2026-08-18 19:30:05,122 [DEBUG] cnn_neat: Removed edge 10→1 (from 4 candidates)
2026-08-18 19:30:05,130 [DEBUG] cnn_neat: Removed 3 edges (requested 3)
2026-08-18 19:30:05,136 [DEBUG] cnn_neat: Split edge 9→18, new hidden node 22 (pool=6)
2026-08-18 19:30:05,152 [DEBUG] cnn_neat: Split edge 16→17, new hidden node 21 (pool=8)
2026-08-18 19:30:05,160 [DEBUG] cnn_neat: Added edge 4→3 (from 86 candidates)
2026-08-18 19:30:05,174 [DEBUG] cnn_neat: Removed hidden node 17 (pool=12)
2026-08-18 19:30:05,182 [DEBUG] cnn_neat: Saved generation 9
2026-08-18 19:30:05,252 [DEBUG] cnn_neat: Removed edge 10→1 (from 10 candidates)
2026-08-18 19:30:05,264 [DEBUG] cnn_neat: Selected 25 elite individuals
2026-08-18 19:30:05,366 [DEBUG] cnn_neat: Removed 3 edges (requested 3)
2026-08-18 19:30:05,402 [DEBUG] cnn_neat: Split edge 0→8, new hidden node 22 (pool=4)
2026-08-18 19:30:05,438 [DEBUG] cnn_neat: Split edge 10→1, new hidden node 21 (pool=11)
2026-08-18 19:30:05,456 [DEBUG] cnn_neat: Added edge 18→17 (from 84 candidates)
2026-08-18 19:30:05,484 [DEBUG] cnn_neat: Removed hidden node 2 (pool=12)
2026-08-18 19:30:05,496 [DEBUG] cnn_neat: Removed edge 10→1 (from 12 candidates)
2026-08-18 19:30:05,521 [DEBUG] cnn_neat: Removed 3 edges (requested 3)
2026-08-18 19:30:05,534 [DEBUG] cnn_neat: Split edge 16→17, new hidden node 22 (pool=8)
2026-08-18 19:30:05,552 [DEBUG] cnn_neat: Trimmed elite queue to 128 entries
2026-08-18 19:30:05,932 [DEBUG] cnn_neat: Split edge 10→1, new hidden node 21 (pool=11)
2026-08-18 19:30:05,955 [DEBUG] cnn_neat: Split edge 4→16, new hidden node 19 (pool=6)
2026-08-18 19:30:05,956 [DEBUG] cnn_neat: Split edge 16→17, new hidden node 19 (pool=6)
2026-08-18 19:30:05,965 [DEBUG] cnn_neat: Added edge 18→10 (from 39 candidates)
2026-08-18 19:30:05,966 [DEBUG] cnn_neat: Added edge 17→18 (from 39 candidates)
2026-08-18 19:30:05,981 [DEBUG] cnn_neat: Removed hidden node 10 (pool=8)
2026-08-18 19:30:05,988 [DEBUG] cnn_neat: Removed hidden node 4 (pool=8)
2026-08-18 19:30:05,990 [DEBUG] cnn_neat: Removed edge 17→1 (from 6 candidates)
2026-08-18 19:30:05,996 [DEBUG] cnn_neat: Split edge 13→16, new hidden node 19 (pool=5)
2026-08-18 19:30:06,005 [DEBUG] cnn_neat: Removed 3 edges (requested 3)
2026-08-18 19:30:06,006 [DEBUG] cnn_neat: Added edge 17→8 (from 34 candidates)
2026-08-18 19:30:06,014 [DEBUG] cnn_neat: Split edge 0→13, new hidden node 20 (pool=5)
2026-08-18 19:30:06,015 [DEBUG] cnn_neat: Removed edge 4→16 (from 6 candidates)
2026-08-18 19:30:06,018 [DEBUG] cnn_neat: Split edge 13→16, new hidden node 19 (pool=5)
2026-08-18 19:30:06,021 [DEBUG] cnn_neat: Added edge 9→16 (from 34 candidates)
2026-08-18 19:30:06,026 [DEBUG] cnn_neat: Removed 3 edges (requested 3)
2026-08-18 19:30:06,028 [DEBUG] cnn_neat: Split edge 10→1, new hidden node 19 (pool=8)
2026-08-18 19:30:06,032 [DEBUG] cnn_neat: Crossover rejected: union topology invalid (edges=28 nodes=21)
2026-08-18 19:30:06,035 [DEBUG] cnn_neat: Split edge 17→1, new hidden node 19 (pool=6)
2026-08-18 19:30:06,038 [DEBUG] cnn_neat: Added edge 9→16 (from 39 candidates)
2026-08-18 19:30:06,041 [DEBUG] cnn_neat: Added edge 8→4 (from 32 candidates)
2026-08-18 19:30:06,045 [DEBUG] cnn_neat: Added edge 13→4 (from 30 candidates)
2026-08-18 19:30:06,049 [DEBUG] cnn_neat: Added edge 8→16 (from 28 candidates)
2026-08-18 19:30:06,052 [DEBUG] cnn_neat: Added edge 18→13 (from 27 candidates)
2026-08-18 19:30:06,057 [DEBUG] cnn_neat: Split edge 4→2, new hidden node 20 (pool=16)
2026-08-18 19:30:06,063 [DEBUG] cnn_neat: Added edge 0→19 (from 58 candidates)
2026-08-18 19:30:06,071 [DEBUG] cnn_neat: Removed hidden node 19 (pool=11)
2026-08-18 19:30:06,076 [DEBUG] cnn_neat: Removed edge 9→19 (from 14 candidates)
2026-08-18 19:30:06,083 [DEBUG] cnn_neat: Removed 3 edges (requested 3)
2026-08-18 19:30:06,089 [DEBUG] cnn_neat: Crossover rejected: union topology invalid (edges=37 nodes=24)
2026-08-18 19:30:06,094 [DEBUG] cnn_neat: Split edge 16→17, new hidden node 20 (pool=16)
2026-08-18 19:30:06,099 [DEBUG] cnn_neat: Added edge 13→2 (from 58 candidates)
2026-08-18 19:30:06,104 [DEBUG] cnn_neat: Added edge 17→2 (from 53 candidates)
2026-08-18 19:30:06,110 [DEBUG] cnn_neat: Added edge 10→18 (from 48 candidates)
2026-08-18 19:30:06,116 [DEBUG] cnn_neat: Added edge 13→9 (from 45 candidates)
2026-08-18 19:30:06,121 [DEBUG] cnn_neat: Added edge 18→3 (from 44 candidates)
2026-08-18 19:30:06,125 [DEBUG] cnn_neat: Split edge 18→9, new hidden node 19 (pool=12)
2026-08-18 19:30:06,129 [DEBUG] cnn_neat: Added edge 8→4 (from 29 candidates)
2026-08-18 19:30:06,136 [DEBUG] cnn_neat: Removed hidden node 16 (pool=8)
2026-08-18 19:30:06,139 [DEBUG] cnn_neat: Removed edge 17→10 (from 15 candidates)
2026-08-18 19:30:06,146 [DEBUG] cnn_neat: Removed 3 edges (requested 3)
2026-08-18 19:30:06,150 [DEBUG] cnn_neat: Crossover rejected: union topology invalid (edges=29 nodes=18)
2026-08-18 19:30:06,154 [DEBUG] cnn_neat: Split edge 13→4, new hidden node 19 (pool=12)
2026-08-18 19:30:06,159 [DEBUG] cnn_neat: Added edge 16→4 (from 29 candidates)
2026-08-18 19:30:06,163 [DEBUG] cnn_neat: Added edge 18→16 (from 24 candidates)
2026-08-18 19:30:06,166 [DEBUG] cnn_neat: Added edge 18→13 (from 23 candidates)
2026-08-18 19:30:06,170 [DEBUG] cnn_neat: Added edge 8→9 (from 20 candidates)
2026-08-18 19:30:06,175 [DEBUG] cnn_neat: Added edge 18→1 (from 19 candidates)
2026-08-18 19:30:06,178 [DEBUG] cnn_neat: Split edge 16→17, new hidden node 19 (pool=6)
2026-08-18 19:30:06,182 [DEBUG] cnn_neat: Added edge 9→13 (from 27 candidates)
2026-08-18 19:30:06,184 [DEBUG] cnn_neat: Split edge 9→13, new hidden node 19 (pool=7)
2026-08-18 19:30:06,191 [DEBUG] cnn_neat: Removed hidden node 9 (pool=8)
2026-08-18 19:30:06,193 [DEBUG] cnn_neat: Split edge 8→18, new hidden node 19 (pool=7)
2026-08-18 19:30:06,196 [DEBUG] cnn_neat: Removed edge 9→1 (from 7 candidates)
2026-08-18 19:30:06,200 [DEBUG] cnn_neat: Removed 3 edges (requested 3)
2026-08-18 19:30:06,202 [DEBUG] cnn_neat: Split edge 8→18, new hidden node 19 (pool=8)
2026-08-18 19:30:06,205 [DEBUG] cnn_neat: Crossover rejected: union topology invalid (edges=24 nodes=18)
2026-08-18 19:30:06,209 [DEBUG] cnn_neat: Split edge 0→4, new hidden node 19 (pool=6)
2026-08-18 19:30:06,212 [DEBUG] cnn_neat: Added edge 18→16 (from 42 candidates)
2026-08-18 19:30:06,215 [DEBUG] cnn_neat: Added edge 0→18 (from 27 candidates)
2026-08-18 19:30:06,219 [DEBUG] cnn_neat: Added edge 16→4 (from 30 candidates)
2026-08-18 19:30:06,222 [DEBUG] cnn_neat: Added edge 9→4 (from 23 candidates)
2026-08-18 19:30:06,226 [DEBUG] cnn_neat: Added edge 17→4 (from 22 candidates)
2026-08-18 19:30:06,228 [DEBUG] cnn_neat: Added edge 9→17 (from 20 candidates)
2026-08-18 19:30:06,231 [DEBUG] cnn_neat: Split edge 0→19, new hidden node 20 (pool=7)
2026-08-18 19:30:06,235 [DEBUG] cnn_neat: Added edge 19→16 (from 42 candidates)
2026-08-18 19:30:06,243 [DEBUG] cnn_neat: Removed hidden node 19 (pool=9)
2026-08-18 19:30:06,246 [DEBUG] cnn_neat: Removed edge 10→13 (from 8 candidates)
2026-08-18 19:30:06,251 [DEBUG] cnn_neat: Removed 3 edges (requested 3)
2026-08-18 19:30:06,254 [DEBUG] cnn_neat: Crossover rejected: union topology invalid (edges=22 nodes=18)
2026-08-18 19:30:06,258 [DEBUG] cnn_neat: Split edge 13→16, new hidden node 20 (pool=7)
2026-08-18 19:30:06,261 [DEBUG] cnn_neat: Added edge 4→17 (from 42 candidates)
2026-08-18 19:30:06,265 [DEBUG] cnn_neat: Added edge 8→19 (from 38 candidates)
2026-08-18 19:30:06,269 [DEBUG] cnn_neat: Added edge 4→18 (from 35 candidates)
2026-08-18 19:30:06,273 [DEBUG] cnn_neat: Added edge 8→9 (from 24 candidates)
2026-08-18 19:30:06,278 [DEBUG] cnn_neat: Added edge 10→17 (from 26 candidates)
2026-08-18 19:30:06,281 [DEBUG] cnn_neat: Split edge 20→4, new hidden node 21 (pool=8)
2026-08-18 19:30:06,286 [DEBUG] cnn_neat: Added edge 4→9 (from 59 candidates)
2026-08-18 19:30:06,290 [DEBUG] cnn_neat: Removed hidden node 13 (pool=10)
2026-08-18 19:30:06,294 [DEBUG] cnn_neat: Removed edge 20→4 (from 7 candidates)
2026-08-18 19:30:06,299 [DEBUG] cnn_neat: Removed 3 edges (requested 3)
2026-08-18 19:30:06,303 [DEBUG] cnn_neat: Crossover rejected: union topology invalid (edges=24 nodes=20)
2026-08-18 19:30:06,306 [DEBUG] cnn_neat: Split edge 17→1, new hidden node 21 (pool=8)
2026-08-18 19:30:06,310 [DEBUG] cnn_neat: Added edge 10→17 (from 59 candidates)
2026-08-18 19:30:06,315 [DEBUG] cnn_neat: Added edge 4→16 (from 58 candidates)
2026-08-18 19:30:06,320 [DEBUG] cnn_neat: Added edge 18→16 (from 51 candidates)
2026-08-18 19:30:06,324 [DEBUG] cnn_neat: Added edge 8→19 (from 50 candidates)
2026-08-18 19:30:06,329 [DEBUG] cnn_neat: Added edge 10→4 (from 46 candidates)
2026-08-18 19:30:06,332 [DEBUG] cnn_neat: Split edge 0→13, new hidden node 20 (pool=7)
2026-08-18 19:30:06,337 [DEBUG] cnn_neat: Added edge 18→10 (from 33 candidates)
2026-08-18 19:30:06,342 [DEBUG] cnn_neat: Removed hidden node 19 (pool=9)
2026-08-18 19:30:06,345 [DEBUG] cnn_neat: Split edge 17→1, new hidden node 19 (pool=5)
2026-08-18 19:30:06,347 [DEBUG] cnn_neat: Removed edge 17→1 (from 8 candidates)
2026-08-18 19:30:06,352 [DEBUG] cnn_neat: Removed 3 edges (requested 3)
2026-08-18 19:30:06,356 [DEBUG] cnn_neat: Crossover rejected: union topology invalid (edges=24 nodes=19)
2026-08-18 19:30:06,359 [DEBUG] cnn_neat: Split edge 0→19, new hidden node 20 (pool=7)
2026-08-18 19:30:06,362 [DEBUG] cnn_neat: Added edge 8→19 (from 33 candidates)
2026-08-18 19:30:06,366 [DEBUG] cnn_neat: Added edge 8→16 (from 32 candidates)
2026-08-18 19:30:06,369 [DEBUG] cnn_neat: Added edge 10→4 (from 31 candidates)
2026-08-18 19:30:06,373 [DEBUG] cnn_neat: Added edge 9→13 (from 30 candidates)
2026-08-18 19:30:06,377 [DEBUG] cnn_neat: Added edge 4→13 (from 29 candidates)
2026-08-18 19:30:06,381 [DEBUG] cnn_neat: Split edge 17→8, new hidden node 19 (pool=8)
2026-08-18 19:30:06,385 [DEBUG] cnn_neat: Added edge 4→8 (from 21 candidates)
2026-08-18 19:30:06,392 [DEBUG] cnn_neat: Removed hidden node 16 (pool=8)
2026-08-18 19:30:06,394 [DEBUG] cnn_neat: Removed edge 16→17 (from 10 candidates)
2026-08-18 19:30:06,400 [DEBUG] cnn_neat: Removed 3 edges (requested 3)
2026-08-18 19:30:06,488 [DEBUG] cnn_neat: Split edge 0→13, new hidden node 19 (pool=6)
2026-08-18 19:30:06,579 [DEBUG] cnn_neat: Added edge 9→4 (from 40 candidates)
2026-08-18 19:30:06,650 [DEBUG] cnn_neat: Removed hidden node 17 (pool=8)
2026-08-18 19:30:06,657 [DEBUG] cnn_neat: Removed edge 0→4 (from 6 candidates)
2026-08-18 19:30:06,669 [DEBUG] cnn_neat: Removed 3 edges (requested 3)
2026-08-18 19:30:06,677 [DEBUG] cnn_neat: Split edge 16→17, new hidden node 19 (pool=7)
2026-08-18 19:30:06,681 [DEBUG] cnn_neat: Split edge 8→18, new hidden node 19 (pool=8)
2026-08-18 19:30:06,689 [DEBUG] cnn_neat: Added edge 18→4 (from 36 candidates)
2026-08-18 19:30:06,694 [DEBUG] cnn_neat: Added edge 18→13 (from 38 candidates)
2026-08-18 19:30:06,706 [DEBUG] cnn_neat: Split edge 9→1, new hidden node 19 (pool=5)
2026-08-18 19:30:06,714 [DEBUG] cnn_neat: Added edge 8→9 (from 27 candidates)
2026-08-18 19:30:06,727 [DEBUG] cnn_neat: Removed hidden node 13 (pool=7)
2026-08-18 19:30:06,732 [DEBUG] cnn_neat: Removed edge 0→13 (from 8 candidates)
2026-08-18 19:30:06,743 [DEBUG] cnn_neat: Removed 3 edges (requested 3)
2026-08-18 19:30:06,751 [DEBUG] cnn_neat: Split edge 9→1, new hidden node 19 (pool=5)
2026-08-18 19:30:06,758 [DEBUG] cnn_neat: Split edge 9→1, new hidden node 19 (pool=4)
2026-08-18 19:30:06,762 [DEBUG] cnn_neat: Split edge 18→9, new hidden node 19 (pool=4)
2026-08-18 19:30:07,117 [DEBUG] cnn_neat: Split edge 0→13, new hidden node 19 (pool=6)
2026-08-18 19:30:07,146 [DEBUG] cnn_neat: Split edge 13→16, new hidden node 19 (pool=7)
2026-08-18 19:30:07,173 [DEBUG] cnn_neat: Added edge 8→13 (from 33 candidates)
2026-08-18 19:30:07,219 [DEBUG] cnn_neat: Removed hidden node 4 (pool=8)
2026-08-18 19:30:07,244 [DEBUG] cnn_neat: Removed edge 9→16 (from 7 candidates)
2026-08-18 19:30:07,272 [DEBUG] cnn_neat: Removed 3 edges (requested 3)
2026-08-18 19:30:07,287 [DEBUG] cnn_neat: Split edge 9→16, new hidden node 19 (pool=8)
2026-08-18 19:30:07,313 [DEBUG] cnn_neat: Split edge 13→16, new hidden node 19 (pool=6)
2026-08-18 19:30:07,360 [DEBUG] cnn_neat: Split edge 0→8, new hidden node 19 (pool=6)
2026-08-18 19:30:07,369 [DEBUG] cnn_neat: Added edge 18→13 (from 31 candidates)
2026-08-18 19:30:07,399 [DEBUG] cnn_neat: Split edge 0→4, new hidden node 20 (pool=16)
2026-08-18 19:30:07,419 [DEBUG] cnn_neat: Added edge 9→3 (from 58 candidates)
2026-08-18 19:30:07,435 [DEBUG] cnn_neat: Removed hidden node 9 (pool=11)
2026-08-18 19:30:07,442 [DEBUG] cnn_neat: Removed edge 16→17 (from 14 candidates)
2026-08-18 19:30:07,457 [DEBUG] cnn_neat: Removed 3 edges (requested 3)
2026-08-18 19:30:07,466 [DEBUG] cnn_neat: Split edge 8→19, new hidden node 21 (pool=12)
2026-08-18 19:30:07,478 [DEBUG] cnn_neat: Split edge 9→1, new hidden node 19 (pool=7)
2026-08-18 19:30:07,483 [DEBUG] cnn_neat: Added edge 18→17 (from 37 candidates)
2026-08-18 19:30:07,494 [DEBUG] cnn_neat: Removed hidden node 17 (pool=8)
2026-08-18 19:30:07,499 [DEBUG] cnn_neat: Removed edge 4→16 (from 9 candidates)
2026-08-18 19:30:07,508 [DEBUG] cnn_neat: Removed 3 edges (requested 3)
2026-08-18 19:30:07,514 [DEBUG] cnn_neat: Split edge 0→4, new hidden node 19 (pool=8)
2026-08-18 19:30:07,518 [DEBUG] cnn_neat: Split edge 0→8, new hidden node 19 (pool=9)
2026-08-18 19:30:07,526 [DEBUG] cnn_neat: Added edge 18→16 (from 34 candidates)
2026-08-18 19:30:07,530 [DEBUG] cnn_neat: Added edge 10→18 (from 36 candidates)
2026-08-18 19:30:07,540 [DEBUG] cnn_neat: Split edge 0→4, new hidden node 19 (pool=12)
2026-08-18 19:30:07,546 [DEBUG] cnn_neat: Added edge 0→18 (from 29 candidates)
2026-08-18 19:30:07,558 [DEBUG] cnn_neat: Removed hidden node 17 (pool=8)
2026-08-18 19:30:07,563 [DEBUG] cnn_neat: Removed edge 9→16 (from 15 candidates)
2026-08-18 19:30:07,575 [DEBUG] cnn_neat: Removed 3 edges (requested 3)
2026-08-18 19:30:07,580 [DEBUG] cnn_neat: Split edge 18→9, new hidden node 20 (pool=10)
2026-08-18 19:30:07,592 [DEBUG] cnn_neat: Split edge 17→1, new hidden node 19 (pool=6)
2026-08-18 19:30:07,597 [DEBUG] cnn_neat: Added edge 13→4 (from 27 candidates)
2026-08-18 19:30:07,607 [DEBUG] cnn_neat: Removed hidden node 10 (pool=8)
2026-08-18 19:30:07,613 [DEBUG] cnn_neat: Removed edge 0→4 (from 7 candidates)
2026-08-18 19:30:07,622 [DEBUG] cnn_neat: Removed 3 edges (requested 3)
2026-08-18 19:30:07,629 [DEBUG] cnn_neat: Split edge 0→4, new hidden node 20 (pool=5)
2026-08-18 19:30:07,634 [DEBUG] cnn_neat: Split edge 13→16, new hidden node 19 (pool=7)
2026-08-18 19:30:07,636 [DEBUG] cnn_neat: Split edge 17→1, new hidden node 19 (pool=7)
2026-08-18 19:30:07,646 [DEBUG] cnn_neat: Split edge 0→19, new hidden node 20 (pool=7)
2026-08-18 19:30:07,653 [DEBUG] cnn_neat: Added edge 10→17 (from 42 candidates)
2026-08-18 19:30:07,664 [DEBUG] cnn_neat: Removed hidden node 19 (pool=9)
2026-08-18 19:30:07,669 [DEBUG] cnn_neat: Removed edge 9→10 (from 8 candidates)
2026-08-18 19:30:07,678 [DEBUG] cnn_neat: Removed 3 edges (requested 3)
2026-08-18 19:30:07,684 [DEBUG] cnn_neat: Split edge 0→13, new hidden node 20 (pool=7)
2026-08-18 19:30:07,688 [DEBUG] cnn_neat: Split edge 16→17, new hidden node 20 (pool=10)
2026-08-18 19:30:07,692 [DEBUG] cnn_neat: Split edge 10→13, new hidden node 20 (pool=10)
2026-08-18 19:30:07,700 [DEBUG] cnn_neat: Split edge 0→19, new hidden node 21 (pool=8)
2026-08-18 19:30:07,706 [DEBUG] cnn_neat: Added edge 8→16 (from 59 candidates)
2026-08-18 19:30:07,714 [DEBUG] cnn_neat: Removed hidden node 17 (pool=10)
2026-08-18 19:30:07,719 [DEBUG] cnn_neat: Removed edge 9→10 (from 7 candidates)
2026-08-18 19:30:07,729 [DEBUG] cnn_neat: Removed 3 edges (requested 3)
2026-08-18 19:30:07,734 [DEBUG] cnn_neat: Split edge 9→1, new hidden node 22 (pool=5)
2026-08-18 19:30:07,802 [DEBUG] cnn_neat: Split edge 19→4, new hidden node 20 (pool=7)
2026-08-18 19:30:07,810 [DEBUG] cnn_neat: Added edge 10→17 (from 33 candidates)
2026-08-18 19:30:07,819 [DEBUG] cnn_neat: Removed hidden node 16 (pool=9)
2026-08-18 19:30:07,825 [DEBUG] cnn_neat: Removed edge 17→1 (from 8 candidates)
2026-08-18 19:30:07,836 [DEBUG] cnn_neat: Removed 3 edges (requested 3)
2026-08-18 19:30:07,843 [DEBUG] cnn_neat: Split edge 17→1, new hidden node 21 (pool=8)
2026-08-18 19:30:07,849 [DEBUG] cnn_neat: Split edge 19→4, new hidden node 20 (pool=7)
2026-08-18 19:30:07,877 [DEBUG] cnn_neat: Split edge 0→4, new hidden node 19 (pool=8)
2026-08-18 19:30:07,885 [DEBUG] cnn_neat: Added edge 16→10 (from 21 candidates)
2026-08-18 19:30:07,903 [DEBUG] cnn_neat: Removed hidden node 16 (pool=8)
2026-08-18 19:30:07,915 [DEBUG] cnn_neat: Removed edge 4→16 (from 10 candidates)
2026-08-18 19:30:07,939 [DEBUG] cnn_neat: Removed 3 edges (requested 3)
2026-08-18 19:30:07,952 [DEBUG] cnn_neat: Split edge 17→8, new hidden node 20 (pool=9)
2026-08-18 19:30:07,964 [DEBUG] cnn_neat: Split edge 9→1, new hidden node 19 (pool=14)
2026-08-18 19:30:07,981 [DEBUG] cnn_neat: Split edge 0→4, new hidden node 19 (pool=9)
2026-08-18 19:30:07,989 [DEBUG] cnn_neat: Added edge 8→13 (from 48 candidates)
2026-08-18 19:30:08,197 [DEBUG] cnn_neat: Removed hidden node 10 (pool=8)
2026-08-18 19:30:08,206 [DEBUG] cnn_neat: Removed edge 0→4 (from 4 candidates)
2026-08-18 19:30:08,218 [DEBUG] cnn_neat: Removed 3 edges (requested 3)
2026-08-18 19:30:08,226 [DEBUG] cnn_neat: Split edge 17→1, new hidden node 19 (pool=10)
2026-08-18 19:30:08,232 [DEBUG] cnn_neat: Split edge 13→16, new hidden node 19 (pool=7)
2026-08-18 19:30:08,236 [DEBUG] cnn_neat: Added edge 17→4 (from 44 candidates)
2026-08-18 19:30:08,238 [DEBUG] cnn_neat: Added edge 16→18 (from 26 candidates)
2026-08-18 19:30:08,244 [DEBUG] cnn_neat: Split edge 4→19, new hidden node 20 (pool=8)
2026-08-18 19:30:08,248 [DEBUG] cnn_neat: Added edge 17→8 (from 50 candidates)
2026-08-18 19:30:08,252 [DEBUG] cnn_neat: Removed hidden node 17 (pool=9)
2026-08-18 19:30:08,256 [DEBUG] cnn_neat: Removed edge 9→1 (from 10 candidates)
2026-08-18 19:30:08,261 [DEBUG] cnn_neat: Removed 3 edges (requested 3)
2026-08-18 19:30:08,265 [DEBUG] cnn_neat: Split edge 0→13, new hidden node 21 (pool=9)
2026-08-18 19:30:08,270 [DEBUG] cnn_neat: Split edge 13→16, new hidden node 19 (pool=9)
2026-08-18 19:30:08,272 [DEBUG] cnn_neat: Added edge 17→8 (from 36 candidates)
2026-08-18 19:30:08,276 [DEBUG] cnn_neat: Removed hidden node 13 (pool=7)
2026-08-18 19:30:08,278 [DEBUG] cnn_neat: Removed edge 17→1 (from 5 candidates)
2026-08-18 19:30:08,281 [DEBUG] cnn_neat: Removed 3 edges (requested 3)
2026-08-18 19:30:08,283 [DEBUG] cnn_neat: Split edge 0→4, new hidden node 20 (pool=5)
2026-08-18 19:30:08,288 [DEBUG] cnn_neat: Split edge 8→18, new hidden node 19 (pool=10)
2026-08-18 19:30:08,293 [DEBUG] cnn_neat: Added edge 17→4 (from 45 candidates)
2026-08-18 19:30:08,303 [DEBUG] cnn_neat: Removed hidden node 9 (pool=8)
2026-08-18 19:30:08,312 [DEBUG] cnn_neat: Removed edge 10→1 (from 5 candidates)
2026-08-18 19:30:08,328 [DEBUG] cnn_neat: Removed 3 edges (requested 3)
2026-08-18 19:30:08,336 [DEBUG] cnn_neat: Split edge 0→4, new hidden node 20 (pool=6)
2026-08-18 19:30:08,358 [DEBUG] cnn_neat: Split edge 17→9, new hidden node 20 (pool=16)
2026-08-18 19:30:08,378 [DEBUG] cnn_neat: Added edge 16→4 (from 66 candidates)
2026-08-18 19:30:08,602 [DEBUG] cnn_neat: Removed hidden node 16 (pool=11)
2026-08-18 19:30:08,615 [DEBUG] cnn_neat: Removed edge 0→13 (from 13 candidates)
2026-08-18 19:30:08,623 [DEBUG] cnn_neat: Removed 3 edges (requested 3)
2026-08-18 19:30:08,628 [DEBUG] cnn_neat: Split edge 2→3, new hidden node 21 (pool=12)
2026-08-18 19:30:08,632 [DEBUG] cnn_neat: Split edge 2→3, new hidden node 20 (pool=16)
2026-08-18 19:30:08,639 [DEBUG] cnn_neat: Split edge 4→19, new hidden node 21 (pool=9)
2026-08-18 19:30:08,644 [DEBUG] cnn_neat: Added edge 20→13 (from 65 candidates)
2026-08-18 19:30:08,649 [DEBUG] cnn_neat: Removed hidden node 20 (pool=10)
2026-08-18 19:30:08,652 [DEBUG] cnn_neat: Removed edge 20→16 (from 7 candidates)
2026-08-18 19:30:08,658 [DEBUG] cnn_neat: Removed 3 edges (requested 3)
2026-08-18 19:30:08,662 [DEBUG] cnn_neat: Split edge 17→1, new hidden node 22 (pool=5)
2026-08-18 19:30:08,668 [DEBUG] cnn_neat: Split edge 13→16, new hidden node 19 (pool=7)
2026-08-18 19:30:08,673 [DEBUG] cnn_neat: Added edge 4→18 (from 26 candidates)
2026-08-18 19:30:08,684 [DEBUG] cnn_neat: Removed hidden node 17 (pool=8)
2026-08-18 19:30:08,687 [DEBUG] cnn_neat: Removed edge 10→1 (from 8 candidates)
2026-08-18 19:30:08,692 [DEBUG] cnn_neat: Removed 3 edges (requested 3)
2026-08-18 19:30:08,696 [DEBUG] cnn_neat: Split edge 18→9, new hidden node 20 (pool=6)
2026-08-18 19:30:08,701 [DEBUG] cnn_neat: Split edge 0→13, new hidden node 20 (pool=8)
2026-08-18 19:30:08,706 [DEBUG] cnn_neat: Added edge 18→16 (from 68 candidates)
2026-08-18 19:30:08,714 [DEBUG] cnn_neat: Removed hidden node 9 (pool=10)
2026-08-18 19:30:08,717 [DEBUG] cnn_neat: Removed edge 9→18 (from 6 candidates)
2026-08-18 19:30:08,722 [DEBUG] cnn_neat: Removed 3 edges (requested 3)
2026-08-18 19:30:08,725 [DEBUG] cnn_neat: Split edge 3→1, new hidden node 20 (pool=8)
2026-08-18 19:30:08,728 [DEBUG] cnn_neat: Split edge 4→2, new hidden node 20 (pool=10)
2026-08-18 19:30:08,730 [DEBUG] cnn_neat: Split edge 2→3, new hidden node 20 (pool=11)
2026-08-18 19:30:08,736 [DEBUG] cnn_neat: Split edge 0→13, new hidden node 21 (pool=6)
2026-08-18 19:30:08,746 [DEBUG] cnn_neat: Added edge 4→16 (from 91 candidates)
2026-08-18 19:30:08,785 [DEBUG] cnn_neat: Removed hidden node 13 (pool=12)
2026-08-18 19:30:08,794 [DEBUG] cnn_neat: Removed edge 18→1 (from 8 candidates)
2026-08-18 19:30:08,810 [DEBUG] cnn_neat: Removed 3 edges (requested 3)
2026-08-18 19:30:08,814 [DEBUG] cnn_neat: Split edge 17→1, new hidden node 21 (pool=7)
2026-08-18 19:30:08,818 [DEBUG] cnn_neat: Split edge 8→9, new hidden node 21 (pool=4)
2026-08-18 19:30:08,820 [DEBUG] cnn_neat: Split edge 13→16, new hidden node 21 (pool=8)
2026-08-18 19:30:08,829 [DEBUG] cnn_neat: Split edge 0→8, new hidden node 20 (pool=12)
2026-08-18 19:30:08,834 [DEBUG] cnn_neat: Added edge 8→13 (from 79 candidates)
2026-08-18 19:30:08,842 [DEBUG] cnn_neat: Removed hidden node 2 (pool=11)
2026-08-18 19:30:08,846 [DEBUG] cnn_neat: Removed edge 10→1 (from 13 candidates)
2026-08-18 19:30:08,853 [DEBUG] cnn_neat: Removed 3 edges (requested 3)
2026-08-18 19:30:08,858 [DEBUG] cnn_neat: Split edge 2→3, new hidden node 21 (pool=6)
2026-08-18 19:30:08,872 [DEBUG] cnn_neat: Split edge 0→13, new hidden node 20 (pool=15)
2026-08-18 19:30:08,891 [DEBUG] cnn_neat: Added edge 9→10 (from 69 candidates)
2026-08-18 19:30:08,898 [DEBUG] cnn_neat: Removed hidden node 19 (pool=11)
2026-08-18 19:30:08,901 [DEBUG] cnn_neat: Removed edge 2→3 (from 13 candidates)
2026-08-18 19:30:08,909 [DEBUG] cnn_neat: Removed 3 edges (requested 3)
2026-08-18 19:30:08,914 [DEBUG] cnn_neat: Split edge 4→2, new hidden node 21 (pool=11)
2026-08-18 19:30:08,930 [DEBUG] cnn_neat: Split edge 0→4, new hidden node 20 (pool=8)
2026-08-18 19:30:08,941 [DEBUG] cnn_neat: Added edge 17→9 (from 77 candidates)
2026-08-18 19:30:08,957 [DEBUG] cnn_neat: Removed hidden node 16 (pool=11)
2026-08-18 19:30:08,966 [DEBUG] cnn_neat: Removed edge 17→1 (from 8 candidates)
2026-08-18 19:30:08,991 [DEBUG] cnn_neat: Removed 3 edges (requested 3)
2026-08-18 19:30:09,202 [DEBUG] cnn_neat: Split edge 16→17, new hidden node 21 (pool=4)
2026-08-18 19:30:09,215 [DEBUG] cnn_neat: Split edge 17→9, new hidden node 20 (pool=9)
2026-08-18 19:30:09,233 [DEBUG] cnn_neat: Split edge 16→17, new hidden node 20 (pool=15)
2026-08-18 19:30:09,248 [DEBUG] cnn_neat: Added edge 4→8 (from 83 candidates)
2026-08-18 19:30:09,277 [DEBUG] cnn_neat: Removed hidden node 4 (pool=11)
2026-08-18 19:30:09,281 [DEBUG] cnn_neat: Removed edge 9→18 (from 10 candidates)
2026-08-18 19:30:09,288 [DEBUG] cnn_neat: Removed 3 edges (requested 3)
2026-08-18 19:30:09,295 [DEBUG] cnn_neat: Split edge 17→1, new hidden node 20 (pool=15)
2026-08-18 19:30:09,307 [DEBUG] cnn_neat: Split edge 8→9, new hidden node 20 (pool=12)
2026-08-18 19:30:09,315 [DEBUG] cnn_neat: Split edge 0→4, new hidden node 20 (pool=8)
2026-08-18 19:30:09,330 [DEBUG] cnn_neat: Split edge 10→1, new hidden node 20 (pool=15)
2026-08-18 19:30:09,339 [DEBUG] cnn_neat: Added edge 19→1 (from 79 candidates)
2026-08-18 19:30:09,417 [DEBUG] cnn_neat: Removed hidden node 9 (pool=11)
2026-08-18 19:30:09,422 [DEBUG] cnn_neat: Removed edge 8→13 (from 12 candidates)
2026-08-18 19:30:09,444 [DEBUG] cnn_neat: Removed 3 edges (requested 3)
2026-08-18 19:30:09,656 [DEBUG] cnn_neat: Split edge 16→17, new hidden node 21 (pool=11)
2026-08-18 19:30:09,667 [DEBUG] cnn_neat: Split edge 8→19, new hidden node 20 (pool=2)
2026-08-18 19:30:09,677 [DEBUG] cnn_neat: Split edge 17→1, new hidden node 20 (pool=10)
2026-08-18 19:30:09,684 [DEBUG] cnn_neat: Added edge 10→2 (from 79 candidates)
2026-08-18 19:30:09,690 [DEBUG] cnn_neat: Removed hidden node 17 (pool=11)
2026-08-18 19:30:09,693 [DEBUG] cnn_neat: Removed edge 3→1 (from 8 candidates)
2026-08-18 19:30:09,699 [DEBUG] cnn_neat: Removed 3 edges (requested 3)
2026-08-18 19:30:09,702 [DEBUG] cnn_neat: Split edge 3→1, new hidden node 20 (pool=10)
2026-08-18 19:30:09,704 [DEBUG] cnn_neat: Split edge 13→16, new hidden node 20 (pool=7)
2026-08-18 19:30:09,715 [DEBUG] cnn_neat: Added edge 17→18 (from 71 candidates)
2026-08-18 19:30:09,718 [DEBUG] cnn_neat: Added edge 3→4 (from 87 candidates)
2026-08-18 19:30:09,724 [DEBUG] cnn_neat: Split edge 17→1, new hidden node 20 (pool=12)
2026-08-18 19:30:09,728 [DEBUG] cnn_neat: Added edge 17→18 (from 42 candidates)
2026-08-18 19:30:09,734 [DEBUG] cnn_neat: Removed hidden node 19 (pool=9)
2026-08-18 19:30:09,737 [DEBUG] cnn_neat: Removed edge 13→16 (from 14 candidates)
2026-08-18 19:30:09,749 [DEBUG] cnn_neat: Removed 3 edges (requested 3)
2026-08-18 19:30:09,756 [DEBUG] cnn_neat: Split edge 9→1, new hidden node 21 (pool=8)
2026-08-18 19:30:09,767 [DEBUG] cnn_neat: Split edge 4→2, new hidden node 20 (pool=11)
2026-08-18 19:30:09,773 [DEBUG] cnn_neat: Added edge 8→2 (from 63 candidates)
2026-08-18 19:30:09,780 [DEBUG] cnn_neat: Removed hidden node 18 (pool=11)
2026-08-18 19:30:09,784 [DEBUG] cnn_neat: Removed edge 3→1 (from 10 candidates)
2026-08-18 19:30:09,791 [DEBUG] cnn_neat: Removed 3 edges (requested 3)
2026-08-18 19:30:09,796 [DEBUG] cnn_neat: Split edge 16→17, new hidden node 21 (pool=7)
2026-08-18 19:30:09,806 [DEBUG] cnn_neat: Split edge 18→9, new hidden node 20 (pool=5)
2026-08-18 19:30:09,815 [DEBUG] cnn_neat: Added edge 4→13 (from 52 candidates)
2026-08-18 19:30:09,836 [DEBUG] cnn_neat: Removed hidden node 17 (pool=9)
2026-08-18 19:30:09,839 [DEBUG] cnn_neat: Removed edge 9→1 (from 4 candidates)
2026-08-18 19:30:09,844 [DEBUG] cnn_neat: Removed 3 edges (requested 3)
2026-08-18 19:30:09,846 [DEBUG] cnn_neat: Split edge 8→18, new hidden node 21 (pool=11)
2026-08-18 19:30:09,853 [DEBUG] cnn_neat: Split edge 16→17, new hidden node 22 (pool=17)
2026-08-18 19:30:09,859 [DEBUG] cnn_neat: Added edge 8→2 (from 106 candidates)
2026-08-18 19:30:09,878 [DEBUG] cnn_neat: Removed hidden node 3 (pool=13)
2026-08-18 19:30:09,892 [DEBUG] cnn_neat: Removed edge 18→1 (from 9 candidates)
2026-08-18 19:30:09,909 [DEBUG] cnn_neat: Removed 3 edges (requested 3)
2026-08-18 19:30:09,913 [DEBUG] cnn_neat: Split edge 20→3, new hidden node 23 (pool=12)
2026-08-18 19:30:09,920 [DEBUG] cnn_neat: Split edge 17→1, new hidden node 21 (pool=8)
2026-08-18 19:30:09,924 [DEBUG] cnn_neat: Added edge 20→18 (from 82 candidates)
2026-08-18 19:30:09,932 [DEBUG] cnn_neat: Removed hidden node 20 (pool=11)
2026-08-18 19:30:09,935 [DEBUG] cnn_neat: Removed edge 17→1 (from 4 candidates)
2026-08-18 19:30:09,940 [DEBUG] cnn_neat: Removed 3 edges (requested 3)
2026-08-18 19:30:09,948 [DEBUG] cnn_neat: Split edge 9→18, new hidden node 22 (pool=4)
2026-08-18 19:30:09,965 [DEBUG] cnn_neat: Split edge 8→9, new hidden node 20 (pool=14)
2026-08-18 19:30:09,978 [DEBUG] cnn_neat: Added edge 16→19 (from 65 candidates)
2026-08-18 19:30:10,058 [DEBUG] cnn_neat: Removed hidden node 19 (pool=10)
2026-08-18 19:30:10,177 [DEBUG] cnn_neat: Removed edge 8→13 (from 11 candidates)
2026-08-18 19:30:10,183 [DEBUG] cnn_neat: Removed 3 edges (requested 3)
2026-08-18 19:30:10,187 [DEBUG] cnn_neat: Split edge 3→1, new hidden node 21 (pool=15)
2026-08-18 19:30:10,196 [DEBUG] cnn_neat: Split edge 19→10, new hidden node 20 (pool=14)
2026-08-18 19:30:10,210 [DEBUG] cnn_neat: Added edge 16→3 (from 81 candidates)
2026-08-18 19:30:10,225 [DEBUG] cnn_neat: Removed hidden node 17 (pool=11)
2026-08-18 19:30:10,470 [DEBUG] cnn_neat: Removed edge 9→18 (from 11 candidates)
2026-08-18 19:30:10,480 [DEBUG] cnn_neat: Removed 3 edges (requested 3)
2026-08-18 19:30:10,489 [DEBUG] cnn_neat: Split edge 17→1, new hidden node 21 (pool=10)
2026-08-18 19:30:10,496 [DEBUG] cnn_neat: Split edge 8→19, new hidden node 20 (pool=11)
2026-08-18 19:30:10,508 [DEBUG] cnn_neat: Split edge 18→1, new hidden node 21 (pool=8)
2026-08-18 19:30:10,516 [DEBUG] cnn_neat: Added edge 16→18 (from 73 candidates)
2026-08-18 19:30:10,549 [DEBUG] cnn_neat: Removed hidden node 20 (pool=11)
2026-08-18 19:30:10,554 [DEBUG] cnn_neat: Removed edge 20→1 (from 5 candidates)
2026-08-18 19:30:10,566 [DEBUG] cnn_neat: Removed 3 edges (requested 3)
2026-08-18 19:30:10,573 [DEBUG] cnn_neat: Split edge 17→1, new hidden node 22 (pool=4)
2026-08-18 19:30:10,580 [DEBUG] cnn_neat: Split edge 18→1, new hidden node 21 (pool=9)
2026-08-18 19:30:10,592 [DEBUG] cnn_neat: Split edge 19→10, new hidden node 21 (pool=9)
2026-08-18 19:30:10,601 [DEBUG] cnn_neat: Added edge 10→16 (from 83 candidates)
2026-08-18 19:30:10,613 [DEBUG] cnn_neat: Removed hidden node 9 (pool=12)
2026-08-18 19:30:10,620 [DEBUG] cnn_neat: Removed edge 19→10 (from 12 candidates)
2026-08-18 19:30:10,636 [DEBUG] cnn_neat: Removed 3 edges (requested 3)
2026-08-18 19:30:10,644 [DEBUG] cnn_neat: Split edge 3→1, new hidden node 22 (pool=6)
2026-08-18 19:30:10,654 [DEBUG] cnn_neat: Split edge 13→16, new hidden node 20 (pool=9)
2026-08-18 19:30:10,662 [DEBUG] cnn_neat: Added edge 9→4 (from 64 candidates)
2026-08-18 19:30:10,672 [DEBUG] cnn_neat: Removed hidden node 18 (pool=10)
2026-08-18 19:30:10,678 [DEBUG] cnn_neat: Removed edge 18→1 (from 9 candidates)
2026-08-18 19:30:10,687 [DEBUG] cnn_neat: Removed 3 edges (requested 3)
2026-08-18 19:30:10,694 [DEBUG] cnn_neat: Split edge 13→20, new hidden node 21 (pool=9)
2026-08-18 19:30:10,699 [DEBUG] cnn_neat: Saved generation 10
2026-08-18 19:30:10,777 [DEBUG] cnn_neat: Split edge 0→4, new hidden node 20 (pool=10)
2026-08-18 19:30:10,779 [DEBUG] cnn_neat: Selected 25 elite individuals
2026-08-18 19:30:10,870 [DEBUG] cnn_neat: Split edge 16→17, new hidden node 20 (pool=12)
2026-08-18 19:30:10,896 [DEBUG] cnn_neat: Added edge 10→13 (from 56 candidates)
2026-08-18 19:30:10,930 [DEBUG] cnn_neat: Removed hidden node 10 (pool=11)
2026-08-18 19:30:10,942 [DEBUG] cnn_neat: Removed edge 18→13 (from 9 candidates)
2026-08-18 19:30:10,962 [DEBUG] cnn_neat: Removed 3 edges (requested 3)
2026-08-18 19:30:10,976 [DEBUG] cnn_neat: Split edge 0→8, new hidden node 21 (pool=8)
2026-08-18 19:30:10,984 [DEBUG] cnn_neat: Split edge 10→1, new hidden node 20 (pool=13)
2026-08-18 19:30:10,996 [DEBUG] cnn_neat: Split edge 13→16, new hidden node 21 (pool=5)
2026-08-18 19:30:11,004 [DEBUG] cnn_neat: Added edge 13→19 (from 77 candidates)
2026-08-18 19:30:11,024 [DEBUG] cnn_neat: Removed hidden node 3 (pool=11)
2026-08-18 19:30:11,033 [DEBUG] cnn_neat: Removed edge 20→1 (from 5 candidates)
2026-08-18 19:30:11,048 [DEBUG] cnn_neat: Removed 3 edges (requested 3)
2026-08-18 19:30:11,053 [DEBUG] cnn_neat: Trimmed elite queue to 128 entries
2026-08-18 19:30:11,492 [DEBUG] cnn_neat: Split edge 10→1, new hidden node 22 (pool=14)
2026-08-18 19:30:11,496 [DEBUG] cnn_neat: Split edge 13→9, new hidden node 20 (pool=9)
2026-08-18 19:30:11,500 [DEBUG] cnn_neat: Added edge 10→4 (from 39 candidates)
2026-08-18 19:30:11,510 [DEBUG] cnn_neat: Removed hidden node 8 (pool=9)
2026-08-18 19:30:11,514 [DEBUG] cnn_neat: Removed edge 17→10 (from 13 candidates)
2026-08-18 19:30:11,522 [DEBUG] cnn_neat: Removed 3 edges (requested 3)
2026-08-18 19:30:11,526 [DEBUG] cnn_neat: Crossover rejected: union topology invalid (edges=32 nodes=21)
2026-08-18 19:30:11,530 [DEBUG] cnn_neat: Split edge 9→16, new hidden node 20 (pool=9)
2026-08-18 19:30:11,535 [DEBUG] cnn_neat: Added edge 16→4 (from 39 candidates)
2026-08-18 19:30:11,540 [DEBUG] cnn_neat: Added edge 13→10 (from 33 candidates)
2026-08-18 19:30:11,544 [DEBUG] cnn_neat: Added edge 18→16 (from 27 candidates)
2026-08-18 19:30:11,548 [DEBUG] cnn_neat: Added edge 9→4 (from 26 candidates)
2026-08-18 19:30:11,552 [DEBUG] cnn_neat: Added edge 10→4 (from 25 candidates)
2026-08-18 19:30:11,556 [DEBUG] cnn_neat: Split edge 13→4, new hidden node 19 (pool=12)
2026-08-18 19:30:11,561 [DEBUG] cnn_neat: Added edge 9→4 (from 31 candidates)
2026-08-18 19:30:11,567 [DEBUG] cnn_neat: Removed hidden node 17 (pool=8)
2026-08-18 19:30:11,569 [DEBUG] cnn_neat: Split edge 13→16, new hidden node 19 (pool=13)
2026-08-18 19:30:11,573 [DEBUG] cnn_neat: Removed edge 0→8 (from 14 candidates)
2026-08-18 19:30:11,581 [DEBUG] cnn_neat: Removed 3 edges (requested 3)
2026-08-18 19:30:11,585 [DEBUG] cnn_neat: Crossover rejected: union topology invalid (edges=30 nodes=19)
2026-08-18 19:30:11,589 [DEBUG] cnn_neat: Split edge 18→9, new hidden node 19 (pool=12)
2026-08-18 19:30:11,594 [DEBUG] cnn_neat: Added edge 8→16 (from 42 candidates)
2026-08-18 19:30:11,598 [DEBUG] cnn_neat: Added edge 4→10 (from 31 candidates)
2026-08-18 19:30:11,602 [DEBUG] cnn_neat: Added edge 10→17 (from 28 candidates)
2026-08-18 19:30:11,607 [DEBUG] cnn_neat: Added edge 0→10 (from 26 candidates)
2026-08-18 19:30:11,611 [DEBUG] cnn_neat: Added edge 8→4 (from 28 candidates)
2026-08-18 19:30:11,615 [DEBUG] cnn_neat: Added edge 8→13 (from 26 candidates)
2026-08-18 19:30:11,619 [DEBUG] cnn_neat: Split edge 17→1, new hidden node 21 (pool=9)
2026-08-18 19:30:11,624 [DEBUG] cnn_neat: Added edge 19→9 (from 43 candidates)
2026-08-18 19:30:11,630 [DEBUG] cnn_neat: Removed hidden node 13 (pool=10)
2026-08-18 19:30:11,634 [DEBUG] cnn_neat: Removed edge 17→1 (from 8 candidates)
2026-08-18 19:30:11,640 [DEBUG] cnn_neat: Removed 3 edges (requested 3)
2026-08-18 19:30:11,646 [DEBUG] cnn_neat: Crossover rejected: union topology invalid (edges=25 nodes=19)
2026-08-18 19:30:11,649 [DEBUG] cnn_neat: Split edge 20→4, new hidden node 21 (pool=9)
2026-08-18 19:30:11,654 [DEBUG] cnn_neat: Added edge 20→10 (from 43 candidates)
2026-08-18 19:30:11,659 [DEBUG] cnn_neat: Added edge 20→18 (from 49 candidates)
2026-08-18 19:30:11,663 [DEBUG] cnn_neat: Added edge 0→18 (from 46 candidates)
2026-08-18 19:30:11,668 [DEBUG] cnn_neat: Added edge 4→1 (from 41 candidates)
2026-08-18 19:30:11,673 [DEBUG] cnn_neat: Added edge 19→10 (from 40 candidates)
2026-08-18 19:30:11,677 [DEBUG] cnn_neat: Split edge 18→9, new hidden node 20 (pool=8)
2026-08-18 19:30:11,680 [DEBUG] cnn_neat: Added edge 4→18 (from 48 candidates)
2026-08-18 19:30:11,687 [DEBUG] cnn_neat: Removed hidden node 4 (pool=9)
2026-08-18 19:30:11,691 [DEBUG] cnn_neat: Removed edge 4→19 (from 12 candidates)
2026-08-18 19:30:11,697 [DEBUG] cnn_neat: Removed 3 edges (requested 3)
2026-08-18 19:30:11,702 [DEBUG] cnn_neat: Crossover rejected: union topology invalid (edges=28 nodes=20)
2026-08-18 19:30:11,706 [DEBUG] cnn_neat: Split edge 0→4, new hidden node 20 (pool=8)
2026-08-18 19:30:11,710 [DEBUG] cnn_neat: Added edge 19→10 (from 48 candidates)
2026-08-18 19:30:11,714 [DEBUG] cnn_neat: Added edge 4→16 (from 46 candidates)
2026-08-18 19:30:11,719 [DEBUG] cnn_neat: Added edge 13→9 (from 45 candidates)
2026-08-18 19:30:11,724 [DEBUG] cnn_neat: Added edge 13→4 (from 42 candidates)
2026-08-18 19:30:11,728 [DEBUG] cnn_neat: Added edge 4→8 (from 39 candidates)
2026-08-18 19:30:11,732 [DEBUG] cnn_neat: Split edge 9→1, new hidden node 21 (pool=6)
2026-08-18 19:30:11,737 [DEBUG] cnn_neat: Added edge 9→17 (from 60 candidates)
2026-08-18 19:30:11,743 [DEBUG] cnn_neat: Removed hidden node 9 (pool=10)
2026-08-18 19:30:11,747 [DEBUG] cnn_neat: Removed edge 10→1 (from 11 candidates)
2026-08-18 19:30:11,753 [DEBUG] cnn_neat: Removed 3 edges (requested 3)
2026-08-18 19:30:11,759 [DEBUG] cnn_neat: Crossover rejected: union topology invalid (edges=28 nodes=20)
2026-08-18 19:30:11,763 [DEBUG] cnn_neat: Split edge 18→9, new hidden node 21 (pool=6)
2026-08-18 19:30:11,767 [DEBUG] cnn_neat: Added edge 18→1 (from 60 candidates)
2026-08-18 19:30:11,772 [DEBUG] cnn_neat: Added edge 13→8 (from 58 candidates)
2026-08-18 19:30:11,777 [DEBUG] cnn_neat: Added edge 16→8 (from 53 candidates)
2026-08-18 19:30:11,782 [DEBUG] cnn_neat: Added edge 4→8 (from 39 candidates)
2026-08-18 19:30:11,787 [DEBUG] cnn_neat: Added edge 20→17 (from 38 candidates)
2026-08-18 19:30:11,790 [DEBUG] cnn_neat: Split edge 19→4, new hidden node 20 (pool=7)
2026-08-18 19:30:11,794 [DEBUG] cnn_neat: Added edge 10→19 (from 55 candidates)
2026-08-18 19:30:11,799 [DEBUG] cnn_neat: Removed hidden node 19 (pool=9)
2026-08-18 19:30:11,801 [DEBUG] cnn_neat: Split edge 17→1, new hidden node 19 (pool=5)
2026-08-18 19:30:11,804 [DEBUG] cnn_neat: Removed edge 19→4 (from 7 candidates)
2026-08-18 19:30:11,809 [DEBUG] cnn_neat: Removed 3 edges (requested 3)
2026-08-18 19:30:11,813 [DEBUG] cnn_neat: Crossover rejected: union topology invalid (edges=23 nodes=18)
2026-08-18 19:30:11,816 [DEBUG] cnn_neat: Split edge 0→19, new hidden node 20 (pool=7)
2026-08-18 19:30:11,819 [DEBUG] cnn_neat: Added edge 8→13 (from 55 candidates)
2026-08-18 19:30:11,823 [DEBUG] cnn_neat: Added edge 17→19 (from 51 candidates)
2026-08-18 19:30:11,827 [DEBUG] cnn_neat: Added edge 8→16 (from 43 candidates)
2026-08-18 19:30:11,830 [DEBUG] cnn_neat: Added edge 13→19 (from 42 candidates)
2026-08-18 19:30:11,833 [DEBUG] cnn_neat: Added edge 16→10 (from 41 candidates)
2026-08-18 19:30:11,836 [DEBUG] cnn_neat: Split edge 9→1, new hidden node 20 (pool=8)
2026-08-18 19:30:11,841 [DEBUG] cnn_neat: Added edge 13→8 (from 48 candidates)
2026-08-18 19:30:11,848 [DEBUG] cnn_neat: Removed hidden node 9 (pool=9)
2026-08-18 19:30:11,850 [DEBUG] cnn_neat: Removed edge 10→1 (from 8 candidates)
2026-08-18 19:30:11,855 [DEBUG] cnn_neat: Removed 3 edges (requested 3)
2026-08-18 19:30:11,858 [DEBUG] cnn_neat: Crossover rejected: union topology invalid (edges=23 nodes=19)
2026-08-18 19:30:11,862 [DEBUG] cnn_neat: Split edge 17→1, new hidden node 20 (pool=8)
2026-08-18 19:30:11,865 [DEBUG] cnn_neat: Added edge 18→16 (from 48 candidates)
2026-08-18 19:30:11,869 [DEBUG] cnn_neat: Added edge 0→18 (from 47 candidates)
2026-08-18 19:30:11,873 [DEBUG] cnn_neat: Added edge 8→13 (from 50 candidates)
2026-08-18 19:30:11,877 [DEBUG] cnn_neat: Added edge 4→17 (from 48 candidates)
2026-08-18 19:30:11,881 [DEBUG] cnn_neat: Added edge 17→10 (from 45 candidates)
2026-08-18 19:30:11,885 [DEBUG] cnn_neat: Split edge 9→1, new hidden node 19 (pool=8)
2026-08-18 19:30:11,890 [DEBUG] cnn_neat: Added edge 13→10 (from 29 candidates)
2026-08-18 19:30:11,896 [DEBUG] cnn_neat: Removed hidden node 9 (pool=8)
2026-08-18 19:30:11,898 [DEBUG] cnn_neat: Split edge 13→16, new hidden node 19 (pool=7)
2026-08-18 19:30:11,900 [DEBUG] cnn_neat: Removed edge 16→17 (from 8 candidates)
2026-08-18 19:30:11,905 [DEBUG] cnn_neat: Removed 3 edges (requested 3)
2026-08-18 19:30:11,909 [DEBUG] cnn_neat: Crossover rejected: union topology invalid (edges=31 nodes=18)
2026-08-18 19:30:11,912 [DEBUG] cnn_neat: Split edge 9→16, new hidden node 19 (pool=8)
2026-08-18 19:30:12,041 [DEBUG] cnn_neat: Split edge 13→9, new hidden node 20 (pool=9)
2026-08-18 19:30:12,158 [DEBUG] cnn_neat: Added edge 19→16 (from 39 candidates)
2026-08-18 19:30:12,175 [DEBUG] cnn_neat: Removed hidden node 18 (pool=9)
2026-08-18 19:30:12,184 [DEBUG] cnn_neat: Removed edge 16→1 (from 13 candidates)
2026-08-18 19:30:12,205 [DEBUG] cnn_neat: Removed 3 edges (requested 3)
2026-08-18 19:30:12,217 [DEBUG] cnn_neat: Split edge 16→1, new hidden node 20 (pool=9)
2026-08-18 19:30:12,224 [DEBUG] cnn_neat: Split edge 0→4, new hidden node 20 (pool=7)
2026-08-18 19:30:12,243 [DEBUG] cnn_neat: Split edge 0→4, new hidden node 19 (pool=12)
2026-08-18 19:30:12,254 [DEBUG] cnn_neat: Added edge 13→10 (from 31 candidates)
2026-08-18 19:30:12,272 [DEBUG] cnn_neat: Removed hidden node 9 (pool=8)
2026-08-18 19:30:12,630 [DEBUG] cnn_neat: Removed edge 13→9 (from 14 candidates)
2026-08-18 19:30:12,676 [DEBUG] cnn_neat: Split edge 17→1, new hidden node 21 (pool=9)
2026-08-18 19:30:12,709 [DEBUG] cnn_neat: Added edge 19→8 (from 43 candidates)
2026-08-18 19:30:12,765 [DEBUG] cnn_neat: Removed hidden node 9 (pool=10)
2026-08-18 19:30:12,793 [DEBUG] cnn_neat: Removed edge 17→1 (from 8 candidates)
2026-08-18 19:30:12,875 [DEBUG] cnn_neat: Removed 3 edges (requested 3)
2026-08-18 19:30:12,890 [DEBUG] cnn_neat: Split edge 4→9, new hidden node 21 (pool=10)
2026-08-18 19:30:12,899 [DEBUG] cnn_neat: Split edge 20→4, new hidden node 21 (pool=9)
2026-08-18 19:30:12,911 [DEBUG] cnn_neat: Split edge 16→17, new hidden node 21 (pool=7)
2026-08-18 19:30:12,933 [DEBUG] cnn_neat: Split edge 0→4, new hidden node 20 (pool=8)
2026-08-18 19:30:12,940 [DEBUG] cnn_neat: Added edge 18→1 (from 48 candidates)
2026-08-18 19:30:12,951 [DEBUG] cnn_neat: Removed hidden node 9 (pool=9)
2026-08-18 19:30:12,956 [DEBUG] cnn_neat: Removed edge 0→4 (from 12 candidates)
2026-08-18 19:30:12,965 [DEBUG] cnn_neat: Removed 3 edges (requested 3)
2026-08-18 19:30:12,971 [DEBUG] cnn_neat: Split edge 18→9, new hidden node 20 (pool=7)
2026-08-18 19:30:12,977 [DEBUG] cnn_neat: Split edge 9→1, new hidden node 20 (pool=5)
2026-08-18 19:30:12,980 [DEBUG] cnn_neat: Split edge 0→13, new hidden node 20 (pool=9)
2026-08-18 19:30:12,992 [DEBUG] cnn_neat: Split edge 9→1, new hidden node 21 (pool=6)
2026-08-18 19:30:12,999 [DEBUG] cnn_neat: Added edge 18→19 (from 60 candidates)
2026-08-18 19:30:13,010 [DEBUG] cnn_neat: Removed hidden node 16 (pool=10)
2026-08-18 19:30:13,015 [DEBUG] cnn_neat: Removed edge 9→10 (from 11 candidates)
2026-08-18 19:30:13,023 [DEBUG] cnn_neat: Removed 3 edges (requested 3)
2026-08-18 19:30:13,030 [DEBUG] cnn_neat: Split edge 4→9, new hidden node 21 (pool=7)
2026-08-18 19:30:13,035 [DEBUG] cnn_neat: Split edge 0→13, new hidden node 21 (pool=7)
2026-08-18 19:30:13,045 [DEBUG] cnn_neat: Split edge 13→16, new hidden node 19 (pool=6)
2026-08-18 19:30:13,049 [DEBUG] cnn_neat: Added edge 18→4 (from 40 candidates)
2026-08-18 19:30:13,059 [DEBUG] cnn_neat: Removed hidden node 17 (pool=8)
2026-08-18 19:30:13,064 [DEBUG] cnn_neat: Removed edge 9→1 (from 6 candidates)
2026-08-18 19:30:13,072 [DEBUG] cnn_neat: Removed 3 edges (requested 3)
2026-08-18 19:30:13,077 [DEBUG] cnn_neat: Split edge 18→9, new hidden node 20 (pool=5)
2026-08-18 19:30:13,082 [DEBUG] cnn_neat: Split edge 17→1, new hidden node 19 (pool=7)
2026-08-18 19:30:13,088 [DEBUG] cnn_neat: Split edge 13→16, new hidden node 19 (pool=5)
2026-08-18 19:30:13,097 [DEBUG] cnn_neat: Split edge 0→13, new hidden node 19 (pool=5)
2026-08-18 19:30:13,102 [DEBUG] cnn_neat: Added edge 10→16 (from 27 candidates)
2026-08-18 19:30:13,111 [DEBUG] cnn_neat: Removed hidden node 13 (pool=7)
2026-08-18 19:30:13,116 [DEBUG] cnn_neat: Removed edge 17→1 (from 8 candidates)
2026-08-18 19:30:13,124 [DEBUG] cnn_neat: Removed 3 edges (requested 3)
2026-08-18 19:30:13,129 [DEBUG] cnn_neat: Split edge 9→1, new hidden node 19 (pool=5)
2026-08-18 19:30:13,133 [DEBUG] cnn_neat: Split edge 9→1, new hidden node 19 (pool=7)
2026-08-18 19:30:13,138 [DEBUG] cnn_neat: Added edge 13→10 (from 18 candidates)
2026-08-18 19:30:13,142 [DEBUG] cnn_neat: Added edge 0→16 (from 32 candidates)
2026-08-18 19:30:13,152 [DEBUG] cnn_neat: Split edge 17→1, new hidden node 19 (pool=6)
2026-08-18 19:30:13,158 [DEBUG] cnn_neat: Added edge 4→1 (from 39 candidates)
2026-08-18 19:30:13,165 [DEBUG] cnn_neat: Removed hidden node 16 (pool=8)
2026-08-18 19:30:13,168 [DEBUG] cnn_neat: Removed edge 10→1 (from 6 candidates)
2026-08-18 19:30:13,176 [DEBUG] cnn_neat: Removed 3 edges (requested 3)
2026-08-18 19:30:13,182 [DEBUG] cnn_neat: Split edge 16→17, new hidden node 19 (pool=7)
2026-08-18 19:30:13,185 [DEBUG] cnn_neat: Split edge 0→8, new hidden node 19 (pool=6)
2026-08-18 19:30:13,194 [DEBUG] cnn_neat: Split edge 0→19, new hidden node 20 (pool=7)
2026-08-18 19:30:13,200 [DEBUG] cnn_neat: Added edge 9→17 (from 55 candidates)
2026-08-18 19:30:13,212 [DEBUG] cnn_neat: Removed hidden node 9 (pool=9)
2026-08-18 19:30:13,217 [DEBUG] cnn_neat: Removed edge 17→1 (from 7 candidates)
2026-08-18 19:30:13,225 [DEBUG] cnn_neat: Removed 3 edges (requested 3)
2026-08-18 19:30:13,230 [DEBUG] cnn_neat: Split edge 13→16, new hidden node 20 (pool=8)
2026-08-18 19:30:13,235 [DEBUG] cnn_neat: Split edge 19→4, new hidden node 20 (pool=9)
2026-08-18 19:30:13,240 [DEBUG] cnn_neat: Split edge 0→13, new hidden node 20 (pool=7)
2026-08-18 19:30:13,344 [DEBUG] cnn_neat: Split edge 17→1, new hidden node 19 (pool=7)
2026-08-18 19:30:13,351 [DEBUG] cnn_neat: Added edge 4→16 (from 33 candidates)
2026-08-18 19:30:13,365 [DEBUG] cnn_neat: Removed hidden node 16 (pool=8)
2026-08-18 19:30:13,372 [DEBUG] cnn_neat: Removed edge 9→10 (from 7 candidates)
2026-08-18 19:30:13,386 [DEBUG] cnn_neat: Removed 3 edges (requested 3)
2026-08-18 19:30:13,399 [DEBUG] cnn_neat: Split edge 4→16, new hidden node 19 (pool=8)
2026-08-18 19:30:13,401 [DEBUG] cnn_neat: Split edge 8→18, new hidden node 19 (pool=6)
2026-08-18 19:30:13,403 [DEBUG] cnn_neat: Split edge 17→1, new hidden node 19 (pool=10)
2026-08-18 19:30:13,409 [DEBUG] cnn_neat: Split edge 0→19, new hidden node 20 (pool=8)
2026-08-18 19:30:13,413 [DEBUG] cnn_neat: Added edge 19→13 (from 48 candidates)
2026-08-18 19:30:13,418 [DEBUG] cnn_neat: Removed hidden node 19 (pool=9)
2026-08-18 19:30:13,420 [DEBUG] cnn_neat: Removed edge 9→16 (from 8 candidates)
2026-08-18 19:30:13,426 [DEBUG] cnn_neat: Removed 3 edges (requested 3)
2026-08-18 19:30:13,429 [DEBUG] cnn_neat: Split edge 0→20, new hidden node 21 (pool=9)
2026-08-18 19:30:13,443 [DEBUG] cnn_neat: Split edge 0→13, new hidden node 20 (pool=9)
2026-08-18 19:30:13,455 [DEBUG] cnn_neat: Added edge 19→8 (from 65 candidates)
2026-08-18 19:30:13,463 [DEBUG] cnn_neat: Added edge 10→16 (from 44 candidates)
2026-08-18 19:30:13,468 [DEBUG] cnn_neat: Split edge 9→4, new hidden node 19 (pool=8)
2026-08-18 19:30:13,472 [DEBUG] cnn_neat: Added edge 13→8 (from 29 candidates)
2026-08-18 19:30:13,477 [DEBUG] cnn_neat: Removed hidden node 17 (pool=8)
2026-08-18 19:30:13,481 [DEBUG] cnn_neat: Removed edge 9→10 (from 8 candidates)
2026-08-18 19:30:13,498 [DEBUG] cnn_neat: Removed 3 edges (requested 3)
2026-08-18 19:30:13,511 [DEBUG] cnn_neat: Split edge 0→13, new hidden node 20 (pool=7)
2026-08-18 19:30:13,747 [DEBUG] cnn_neat: Split edge 19→10, new hidden node 20 (pool=16)
2026-08-18 19:30:13,761 [DEBUG] cnn_neat: Added edge 19→3 (from 58 candidates)
2026-08-18 19:30:13,776 [DEBUG] cnn_neat: Removed hidden node 13 (pool=11)
2026-08-18 19:30:13,781 [DEBUG] cnn_neat: Removed edge 2→3 (from 14 candidates)
2026-08-18 19:30:13,789 [DEBUG] cnn_neat: Removed 3 edges (requested 3)
2026-08-18 19:30:13,793 [DEBUG] cnn_neat: Split edge 17→1, new hidden node 21 (pool=12)
2026-08-18 19:30:13,798 [DEBUG] cnn_neat: Split edge 18→1, new hidden node 20 (pool=13)
2026-08-18 19:30:13,812 [DEBUG] cnn_neat: Split edge 0→4, new hidden node 19 (pool=14)
2026-08-18 19:30:13,826 [DEBUG] cnn_neat: Added edge 16→10 (from 33 candidates)
2026-08-18 19:30:13,836 [DEBUG] cnn_neat: Removed hidden node 9 (pool=8)
2026-08-18 19:30:13,839 [DEBUG] cnn_neat: Removed edge 17→1 (from 10 candidates)
2026-08-18 19:30:13,844 [DEBUG] cnn_neat: Removed 3 edges (requested 3)
2026-08-18 19:30:13,848 [DEBUG] cnn_neat: Split edge 17→1, new hidden node 20 (pool=15)
2026-08-18 19:30:13,853 [DEBUG] cnn_neat: Split edge 16→17, new hidden node 19 (pool=7)
2026-08-18 19:30:13,857 [DEBUG] cnn_neat: Added edge 8→13 (from 37 candidates)
2026-08-18 19:30:13,862 [DEBUG] cnn_neat: Removed hidden node 16 (pool=8)
2026-08-18 19:30:13,864 [DEBUG] cnn_neat: Removed edge 17→1 (from 9 candidates)
2026-08-18 19:30:13,869 [DEBUG] cnn_neat: Removed 3 edges (requested 3)
2026-08-18 19:30:13,873 [DEBUG] cnn_neat: Split edge 0→13, new hidden node 20 (pool=8)
2026-08-18 19:30:13,876 [DEBUG] cnn_neat: Split edge 9→1, new hidden node 19 (pool=8)
2026-08-18 19:30:13,882 [DEBUG] cnn_neat: Split edge 13→9, new hidden node 19 (pool=12)
2026-08-18 19:30:13,886 [DEBUG] cnn_neat: Added edge 8→16 (from 29 candidates)
2026-08-18 19:30:13,896 [DEBUG] cnn_neat: Removed hidden node 10 (pool=8)
2026-08-18 19:30:13,906 [DEBUG] cnn_neat: Removed edge 18→10 (from 15 candidates)
2026-08-18 19:30:13,920 [DEBUG] cnn_neat: Removed 3 edges (requested 3)
2026-08-18 19:30:13,933 [DEBUG] cnn_neat: Split edge 0→13, new hidden node 20 (pool=8)
2026-08-18 19:30:13,939 [DEBUG] cnn_neat: Split edge 8→18, new hidden node 19 (pool=13)
2026-08-18 19:30:13,943 [DEBUG] cnn_neat: Added edge 10→4 (from 27 candidates)
2026-08-18 19:30:13,949 [DEBUG] cnn_neat: Removed hidden node 10 (pool=8)
2026-08-18 19:30:13,952 [DEBUG] cnn_neat: Removed edge 16→1 (from 16 candidates)
2026-08-18 19:30:13,959 [DEBUG] cnn_neat: Removed 3 edges (requested 3)
2026-08-18 19:30:13,963 [DEBUG] cnn_neat: Split edge 9→16, new hidden node 20 (pool=7)
2026-08-18 19:30:13,969 [DEBUG] cnn_neat: Split edge 19→4, new hidden node 20 (pool=12)
2026-08-18 19:30:13,973 [DEBUG] cnn_neat: Added edge 9→19 (from 37 candidates)
2026-08-18 19:30:13,980 [DEBUG] cnn_neat: Removed hidden node 4 (pool=9)
2026-08-18 19:30:13,983 [DEBUG] cnn_neat: Removed edge 0→8 (from 16 candidates)
2026-08-18 19:30:14,001 [DEBUG] cnn_neat: Removed 3 edges (requested 3)
2026-08-18 19:30:14,018 [DEBUG] cnn_neat: Split edge 8→18, new hidden node 21 (pool=10)
2026-08-18 19:30:14,036 [DEBUG] cnn_neat: Split edge 9→1, new hidden node 19 (pool=6)
2026-08-18 19:30:14,040 [DEBUG] cnn_neat: Added edge 17→4 (from 27 candidates)
2026-08-18 19:30:14,047 [DEBUG] cnn_neat: Removed hidden node 16 (pool=8)
2026-08-18 19:30:14,049 [DEBUG] cnn_neat: Removed edge 9→10 (from 7 candidates)
2026-08-18 19:30:14,055 [DEBUG] cnn_neat: Removed 3 edges (requested 3)
2026-08-18 19:30:14,058 [DEBUG] cnn_neat: Split edge 13→16, new hidden node 20 (pool=5)
2026-08-18 19:30:14,061 [DEBUG] cnn_neat: Split edge 16→17, new hidden node 19 (pool=7)
2026-08-18 19:30:14,282 [DEBUG] cnn_neat: Split edge 0→19, new hidden node 20 (pool=7)
2026-08-18 19:30:14,285 [DEBUG] cnn_neat: Added edge 19→13 (from 42 candidates)
2026-08-18 19:30:14,302 [DEBUG] cnn_neat: Removed hidden node 10 (pool=9)
2026-08-18 19:30:14,306 [DEBUG] cnn_neat: Removed edge 10→13 (from 8 candidates)
2026-08-18 19:30:14,311 [DEBUG] cnn_neat: Removed 3 edges (requested 3)
2026-08-18 19:30:14,315 [DEBUG] cnn_neat: Split edge 0→13, new hidden node 20 (pool=8)
2026-08-18 19:30:14,317 [DEBUG] cnn_neat: Split edge 19→4, new hidden node 20 (pool=10)
2026-08-18 19:30:14,320 [DEBUG] cnn_neat: Split edge 0→13, new hidden node 20 (pool=4)
2026-08-18 19:30:14,326 [DEBUG] cnn_neat: Split edge 9→1, new hidden node 21 (pool=8)
2026-08-18 19:30:14,329 [DEBUG] cnn_neat: Added edge 0→18 (from 59 candidates)
2026-08-18 19:30:14,334 [DEBUG] cnn_neat: Removed hidden node 16 (pool=10)
2026-08-18 19:30:14,343 [DEBUG] cnn_neat: Removed edge 9→10 (from 7 candidates)
2026-08-18 19:30:14,362 [DEBUG] cnn_neat: Removed 3 edges (requested 3)
2026-08-18 19:30:14,376 [DEBUG] cnn_neat: Split edge 20→4, new hidden node 22 (pool=7)
2026-08-18 19:30:14,388 [DEBUG] cnn_neat: Split edge 8→18, new hidden node 21 (pool=5)
2026-08-18 19:30:14,407 [DEBUG] cnn_neat: Split edge 0→19, new hidden node 20 (pool=7)
2026-08-18 19:30:14,419 [DEBUG] cnn_neat: Added edge 8→16 (from 33 candidates)
2026-08-18 19:30:14,443 [DEBUG] cnn_neat: Removed hidden node 19 (pool=9)
2026-08-18 19:30:14,456 [DEBUG] cnn_neat: Removed edge 9→1 (from 8 candidates)
2026-08-18 19:30:14,468 [DEBUG] cnn_neat: Removed 3 edges (requested 3)
2026-08-18 19:30:14,471 [DEBUG] cnn_neat: Split edge 17→1, new hidden node 20 (pool=8)
2026-08-18 19:30:14,474 [DEBUG] cnn_neat: Split edge 17→1, new hidden node 20 (pool=6)
2026-08-18 19:30:14,486 [DEBUG] cnn_neat: Added edge 8→13 (from 32 candidates)
2026-08-18 19:30:14,490 [DEBUG] cnn_neat: Added edge 0→4 (from 35 candidates)
2026-08-18 19:30:14,715 [DEBUG] cnn_neat: Split edge 9→1, new hidden node 19 (pool=5)
2026-08-18 19:30:14,721 [DEBUG] cnn_neat: Added edge 10→17 (from 14 candidates)
2026-08-18 19:30:14,736 [DEBUG] cnn_neat: Removed hidden node 17 (pool=7)
2026-08-18 19:30:14,745 [DEBUG] cnn_neat: Removed edge 18→9 (from 8 candidates)
2026-08-18 19:30:14,750 [DEBUG] cnn_neat: Removed 3 edges (requested 3)
2026-08-18 19:30:14,753 [DEBUG] cnn_neat: Split edge 13→16, new hidden node 20 (pool=4)
2026-08-18 19:30:14,759 [DEBUG] cnn_neat: Split edge 17→1, new hidden node 21 (pool=7)
2026-08-18 19:30:14,762 [DEBUG] cnn_neat: Added edge 9→19 (from 42 candidates)
2026-08-18 19:30:14,767 [DEBUG] cnn_neat: Removed hidden node 10 (pool=9)
2026-08-18 19:30:14,770 [DEBUG] cnn_neat: Removed edge 9→10 (from 8 candidates)
2026-08-18 19:30:14,783 [DEBUG] cnn_neat: Removed 3 edges (requested 3)
2026-08-18 19:30:14,789 [DEBUG] cnn_neat: Split edge 19→20, new hidden node 22 (pool=6)
2026-08-18 19:30:14,808 [DEBUG] cnn_neat: Split edge 20→19, new hidden node 21 (pool=8)
2026-08-18 19:30:14,820 [DEBUG] cnn_neat: Added edge 16→19 (from 59 candidates)
2026-08-18 19:30:14,825 [DEBUG] cnn_neat: Removed hidden node 17 (pool=10)
2026-08-18 19:30:14,828 [DEBUG] cnn_neat: Removed edge 19→4 (from 7 candidates)
2026-08-18 19:30:14,834 [DEBUG] cnn_neat: Removed 3 edges (requested 3)
2026-08-18 19:30:14,836 [DEBUG] cnn_neat: Split edge 16→17, new hidden node 22 (pool=5)
2026-08-18 19:30:14,842 [DEBUG] cnn_neat: Split edge 9→1, new hidden node 22 (pool=5)
2026-08-18 19:30:14,846 [DEBUG] cnn_neat: Added edge 8→13 (from 72 candidates)
2026-08-18 19:30:14,851 [DEBUG] cnn_neat: Removed hidden node 9 (pool=11)
2026-08-18 19:30:14,853 [DEBUG] cnn_neat: Removed edge 17→1 (from 7 candidates)
2026-08-18 19:30:14,858 [DEBUG] cnn_neat: Removed 3 edges (requested 3)
2026-08-18 19:30:14,868 [DEBUG] cnn_neat: Split edge 0→13, new hidden node 23 (pool=4)
2026-08-18 19:30:14,929 [DEBUG] cnn_neat: Split edge 13→16, new hidden node 22 (pool=6)
2026-08-18 19:30:14,949 [DEBUG] cnn_neat: Split edge 19→4, new hidden node 21 (pool=8)
2026-08-18 19:30:14,952 [DEBUG] cnn_neat: Added edge 9→4 (from 50 candidates)
2026-08-18 19:30:14,962 [DEBUG] cnn_neat: Removed hidden node 17 (pool=10)
2026-08-18 19:30:14,965 [DEBUG] cnn_neat: Removed edge 10→1 (from 8 candidates)
2026-08-18 19:30:14,969 [DEBUG] cnn_neat: Removed 3 edges (requested 3)
2026-08-18 19:30:14,972 [DEBUG] cnn_neat: Split edge 16→17, new hidden node 22 (pool=5)
2026-08-18 19:30:14,984 [DEBUG] cnn_neat: Split edge 9→1, new hidden node 19 (pool=6)
2026-08-18 19:30:14,995 [DEBUG] cnn_neat: Added edge 9→17 (from 45 candidates)
2026-08-18 19:30:15,014 [DEBUG] cnn_neat: Removed hidden node 4 (pool=8)
2026-08-18 19:30:15,017 [DEBUG] cnn_neat: Removed edge 9→1 (from 9 candidates)
2026-08-18 19:30:15,022 [DEBUG] cnn_neat: Removed 3 edges (requested 3)
2026-08-18 19:30:15,025 [DEBUG] cnn_neat: Split edge 10→1, new hidden node 20 (pool=13)
2026-08-18 19:30:15,029 [DEBUG] cnn_neat: Split edge 9→17, new hidden node 19 (pool=10)
2026-08-18 19:30:15,035 [DEBUG] cnn_neat: Split edge 13→16, new hidden node 19 (pool=8)
2026-08-18 19:30:15,043 [DEBUG] cnn_neat: Added edge 17→18 (from 21 candidates)
2026-08-18 19:30:15,275 [DEBUG] cnn_neat: Removed hidden node 16 (pool=8)
2026-08-18 19:30:15,278 [DEBUG] cnn_neat: Removed edge 9→1 (from 10 candidates)
2026-08-18 19:30:15,283 [DEBUG] cnn_neat: Removed 3 edges (requested 3)
2026-08-18 19:30:15,287 [DEBUG] cnn_neat: Split edge 9→1, new hidden node 20 (pool=9)
2026-08-18 19:30:15,291 [DEBUG] cnn_neat: Split edge 17→1, new hidden node 19 (pool=9)
2026-08-18 19:30:15,309 [DEBUG] cnn_neat: Split edge 8→9, new hidden node 20 (pool=16)
2026-08-18 19:30:15,323 [DEBUG] cnn_neat: Added edge 10→9 (from 69 candidates)
2026-08-18 19:30:15,336 [DEBUG] cnn_neat: Removed hidden node 18 (pool=11)
2026-08-18 19:30:15,340 [DEBUG] cnn_neat: Removed edge 4→13 (from 12 candidates)
2026-08-18 19:30:15,348 [DEBUG] cnn_neat: Removed 3 edges (requested 3)
2026-08-18 19:30:15,353 [DEBUG] cnn_neat: Split edge 16→17, new hidden node 21 (pool=12)
2026-08-18 19:30:15,358 [DEBUG] cnn_neat: Split edge 13→16, new hidden node 19 (pool=9)
2026-08-18 19:30:15,361 [DEBUG] cnn_neat: Added edge 18→17 (from 48 candidates)
2026-08-18 19:30:15,367 [DEBUG] cnn_neat: Removed hidden node 10 (pool=8)
2026-08-18 19:30:15,370 [DEBUG] cnn_neat: Removed edge 17→1 (from 4 candidates)
2026-08-18 19:30:15,378 [DEBUG] cnn_neat: Removed 3 edges (requested 3)
2026-08-18 19:30:15,385 [DEBUG] cnn_neat: Split edge 18→17, new hidden node 19 (pool=10)
2026-08-18 19:30:15,393 [DEBUG] cnn_neat: Added edge 10→13 (from 45 candidates)
2026-08-18 19:30:15,401 [DEBUG] cnn_neat: Split edge 0→8, new hidden node 20 (pool=11)
2026-08-18 19:30:15,411 [DEBUG] cnn_neat: Removed hidden node 9 (pool=8)
2026-08-18 19:30:15,415 [DEBUG] cnn_neat: Added edge 19→9 (from 58 candidates)
2026-08-18 19:30:15,419 [DEBUG] cnn_neat: Split edge 16→17, new hidden node 19 (pool=6)
2026-08-18 19:30:15,422 [DEBUG] cnn_neat: Added edge 16→9 (from 42 candidates)
2026-08-18 19:30:15,427 [DEBUG] cnn_neat: Removed hidden node 4 (pool=8)
2026-08-18 19:30:15,429 [DEBUG] cnn_neat: Removed edge 16→17 (from 5 candidates)
2026-08-18 19:30:15,432 [DEBUG] cnn_neat: Removed 3 edges (requested 3)
2026-08-18 19:30:15,434 [DEBUG] cnn_neat: Split edge 0→4, new hidden node 19 (pool=10)
2026-08-18 19:30:15,437 [DEBUG] cnn_neat: Split edge 13→16, new hidden node 19 (pool=5)
2026-08-18 19:30:15,441 [DEBUG] cnn_neat: Split edge 17→1, new hidden node 19 (pool=10)
2026-08-18 19:30:15,446 [DEBUG] cnn_neat: Added edge 13→17 (from 33 candidates)
2026-08-18 19:30:15,458 [DEBUG] cnn_neat: Removed hidden node 16 (pool=7)
2026-08-18 19:30:15,464 [DEBUG] cnn_neat: Removed edge 17→1 (from 8 candidates)
2026-08-18 19:30:15,474 [DEBUG] cnn_neat: Removed 3 edges (requested 3)
2026-08-18 19:30:15,481 [DEBUG] cnn_neat: Split edge 13→16, new hidden node 20 (pool=8)
2026-08-18 19:30:15,487 [DEBUG] cnn_neat: Split edge 16→17, new hidden node 19 (pool=7)
2026-08-18 19:30:15,490 [DEBUG] cnn_neat: Added edge 13→10 (from 39 candidates)
2026-08-18 19:30:15,495 [DEBUG] cnn_neat: Removed hidden node 10 (pool=8)
2026-08-18 19:30:15,497 [DEBUG] cnn_neat: Removed edge 17→1 (from 8 candidates)
2026-08-18 19:30:15,501 [DEBUG] cnn_neat: Removed 3 edges (requested 3)
2026-08-18 19:30:15,504 [DEBUG] cnn_neat: Split edge 4→16, new hidden node 20 (pool=8)
2026-08-18 19:30:15,507 [DEBUG] cnn_neat: Split edge 16→17, new hidden node 19 (pool=12)
2026-08-18 19:30:15,513 [DEBUG] cnn_neat: Split edge 16→17, new hidden node 19 (pool=8)
2026-08-18 19:30:15,520 [DEBUG] cnn_neat: Added edge 9→16 (from 32 candidates)
2026-08-18 19:30:15,536 [DEBUG] cnn_neat: Removed hidden node 4 (pool=8)
2026-08-18 19:30:15,543 [DEBUG] cnn_neat: Removed edge 17→1 (from 10 candidates)
2026-08-18 19:30:15,605 [DEBUG] cnn_neat: Removed 3 edges (requested 3)
2026-08-18 19:30:15,611 [DEBUG] cnn_neat: Split edge 4→16, new hidden node 20 (pool=9)
2026-08-18 19:30:15,646 [DEBUG] cnn_neat: Split edge 9→1, new hidden node 20 (pool=8)
2026-08-18 19:30:15,656 [DEBUG] cnn_neat: Added edge 8→16 (from 50 candidates)
2026-08-18 19:30:15,927 [DEBUG] cnn_neat: Removed hidden node 10 (pool=9)
2026-08-18 19:30:15,936 [DEBUG] cnn_neat: Removed edge 0→19 (from 10 candidates)
2026-08-18 19:30:15,951 [DEBUG] cnn_neat: Removed 3 edges (requested 3)
2026-08-18 19:30:15,960 [DEBUG] cnn_neat: Split edge 17→1, new hidden node 20 (pool=9)
2026-08-18 19:30:15,968 [DEBUG] cnn_neat: Split edge 4→16, new hidden node 20 (pool=11)
2026-08-18 19:30:15,983 [DEBUG] cnn_neat: Split edge 0→13, new hidden node 20 (pool=6)
2026-08-18 19:30:15,991 [DEBUG] cnn_neat: Added edge 4→16 (from 35 candidates)
2026-08-18 19:30:16,004 [DEBUG] cnn_neat: Removed hidden node 16 (pool=9)
2026-08-18 19:30:16,011 [DEBUG] cnn_neat: Removed edge 17→1 (from 9 candidates)
2026-08-18 19:30:16,025 [DEBUG] cnn_neat: Removed 3 edges (requested 3)
2026-08-18 19:30:16,036 [DEBUG] cnn_neat: Split edge 18→9, new hidden node 21 (pool=5)
2026-08-18 19:30:16,048 [DEBUG] cnn_neat: Split edge 0→8, new hidden node 19 (pool=3)
2026-08-18 19:30:16,055 [DEBUG] cnn_neat: Added edge 10→17 (from 31 candidates)
2026-08-18 19:30:16,067 [DEBUG] cnn_neat: Removed hidden node 13 (pool=7)
2026-08-18 19:30:16,072 [DEBUG] cnn_neat: Removed edge 10→1 (from 10 candidates)
2026-08-18 19:30:16,081 [DEBUG] cnn_neat: Removed 3 edges (requested 3)
2026-08-18 19:30:16,084 [DEBUG] cnn_neat: Saved generation 11
2026-08-18 19:30:16,161 [DEBUG] cnn_neat: Selected 25 elite individuals
2026-08-18 19:30:16,170 [DEBUG] cnn_neat: Split edge 0→13, new hidden node 19 (pool=7)
2026-08-18 19:30:16,186 [DEBUG] cnn_neat: Split edge 16→17, new hidden node 19 (pool=5)
2026-08-18 19:30:16,271 [DEBUG] cnn_neat: Split edge 13→16, new hidden node 21 (pool=5)
2026-08-18 19:30:16,298 [DEBUG] cnn_neat: Added edge 18→16 (from 77 candidates)
2026-08-18 19:30:16,376 [DEBUG] cnn_neat: Removed hidden node 4 (pool=11)
2026-08-18 19:30:16,386 [DEBUG] cnn_neat: Removed edge 3→1 (from 5 candidates)
2026-08-18 19:30:16,404 [DEBUG] cnn_neat: Removed 3 edges (requested 3)
2026-08-18 19:30:16,413 [DEBUG] cnn_neat: Trimmed elite queue to 128 entries
2026-08-18 19:30:16,886 [DEBUG] cnn_neat: Split edge 10→1, new hidden node 22 (pool=14)
2026-08-18 19:30:16,890 [DEBUG] cnn_neat: Split edge 0→4, new hidden node 21 (pool=3)
2026-08-18 19:30:16,895 [DEBUG] cnn_neat: Added edge 20→10 (from 50 candidates)
2026-08-18 19:30:16,902 [DEBUG] cnn_neat: Removed hidden node 19 (pool=10)
2026-08-18 19:30:16,906 [DEBUG] cnn_neat: Removed edge 10→1 (from 14 candidates)
2026-08-18 19:30:16,914 [DEBUG] cnn_neat: Removed 3 edges (requested 3)
2026-08-18 19:30:16,918 [DEBUG] cnn_neat: Crossover rejected: union topology invalid (edges=36 nodes=20)
2026-08-18 19:30:16,923 [DEBUG] cnn_neat: Split edge 0→13, new hidden node 21 (pool=3)
2026-08-18 19:30:16,928 [DEBUG] cnn_neat: Added edge 20→10 (from 50 candidates)
2026-08-18 19:30:16,933 [DEBUG] cnn_neat: Added edge 8→17 (from 49 candidates)
2026-08-18 19:30:16,938 [DEBUG] cnn_neat: Added edge 18→9 (from 37 candidates)
2026-08-18 19:30:16,943 [DEBUG] cnn_neat: Added edge 20→17 (from 36 candidates)
2026-08-18 19:30:16,948 [DEBUG] cnn_neat: Added edge 8→16 (from 35 candidates)
2026-08-18 19:30:16,952 [DEBUG] cnn_neat: Split edge 13→4, new hidden node 20 (pool=9)
2026-08-18 19:30:16,957 [DEBUG] cnn_neat: Added edge 19→13 (from 42 candidates)
2026-08-18 19:30:16,964 [DEBUG] cnn_neat: Removed hidden node 17 (pool=9)
2026-08-18 19:30:16,967 [DEBUG] cnn_neat: Removed edge 10→1 (from 12 candidates)
2026-08-18 19:30:16,974 [DEBUG] cnn_neat: Removed 3 edges (requested 3)
2026-08-18 19:30:16,978 [DEBUG] cnn_neat: Crossover rejected: union topology invalid (edges=28 nodes=19)
2026-08-18 19:30:16,983 [DEBUG] cnn_neat: Split edge 9→1, new hidden node 20 (pool=9)
2026-08-18 19:30:16,987 [DEBUG] cnn_neat: Added edge 10→17 (from 42 candidates)
2026-08-18 19:30:16,991 [DEBUG] cnn_neat: Added edge 19→4 (from 40 candidates)
2026-08-18 19:30:16,995 [DEBUG] cnn_neat: Added edge 8→9 (from 36 candidates)
2026-08-18 19:30:17,000 [DEBUG] cnn_neat: Added edge 13→19 (from 35 candidates)
2026-08-18 19:30:17,005 [DEBUG] cnn_neat: Added edge 18→16 (from 27 candidates)
2026-08-18 19:30:17,009 [DEBUG] cnn_neat: Split edge 9→16, new hidden node 20 (pool=9)
2026-08-18 19:30:17,013 [DEBUG] cnn_neat: Added edge 19→4 (from 31 candidates)
2026-08-18 19:30:17,022 [DEBUG] cnn_neat: Removed hidden node 8 (pool=9)
2026-08-18 19:30:17,027 [DEBUG] cnn_neat: Removed edge 17→1 (from 14 candidates)
2026-08-18 19:30:17,034 [DEBUG] cnn_neat: Removed 3 edges (requested 3)
2026-08-18 19:30:17,039 [DEBUG] cnn_neat: Crossover rejected: union topology invalid (edges=30 nodes=19)
2026-08-18 19:30:17,043 [DEBUG] cnn_neat: Split edge 9→16, new hidden node 20 (pool=9)
2026-08-18 19:30:17,048 [DEBUG] cnn_neat: Added edge 13→18 (from 41 candidates)
2026-08-18 19:30:17,053 [DEBUG] cnn_neat: Added edge 19→16 (from 31 candidates)
2026-08-18 19:30:17,056 [DEBUG] cnn_neat: Added edge 17→4 (from 30 candidates)
2026-08-18 19:30:17,062 [DEBUG] cnn_neat: Added edge 18→1 (from 29 candidates)
2026-08-18 19:30:17,066 [DEBUG] cnn_neat: Added edge 18→9 (from 27 candidates)
2026-08-18 19:30:17,071 [DEBUG] cnn_neat: Added edge 13→8 (from 26 candidates)
2026-08-18 19:30:17,075 [DEBUG] cnn_neat: Split edge 13→16, new hidden node 21 (pool=4)
2026-08-18 19:30:17,080 [DEBUG] cnn_neat: Added edge 20→18 (from 53 candidates)
2026-08-18 19:30:17,094 [DEBUG] cnn_neat: Removed hidden node 16 (pool=10)
2026-08-18 19:30:17,098 [DEBUG] cnn_neat: Removed edge 9→1 (from 12 candidates)
2026-08-18 19:30:17,105 [DEBUG] cnn_neat: Removed 3 edges (requested 3)
2026-08-18 19:30:17,111 [DEBUG] cnn_neat: Crossover rejected: union topology invalid (edges=36 nodes=20)
2026-08-18 19:30:17,115 [DEBUG] cnn_neat: Split edge 0→13, new hidden node 21 (pool=4)
2026-08-18 19:30:17,120 [DEBUG] cnn_neat: Added edge 20→10 (from 53 candidates)
2026-08-18 19:30:17,125 [DEBUG] cnn_neat: Added edge 19→4 (from 52 candidates)
2026-08-18 19:30:17,130 [DEBUG] cnn_neat: Added edge 18→20 (from 48 candidates)
2026-08-18 19:30:17,135 [DEBUG] cnn_neat: Added edge 18→4 (from 45 candidates)
2026-08-18 19:30:17,140 [DEBUG] cnn_neat: Added edge 19→16 (from 44 candidates)
2026-08-18 19:30:17,143 [DEBUG] cnn_neat: Split edge 8→18, new hidden node 20 (pool=12)
2026-08-18 19:30:17,148 [DEBUG] cnn_neat: Added edge 17→4 (from 40 candidates)
2026-08-18 19:30:17,155 [DEBUG] cnn_neat: Removed hidden node 19 (pool=9)
2026-08-18 19:30:17,159 [DEBUG] cnn_neat: Removed edge 16→17 (from 15 candidates)
2026-08-18 19:30:17,165 [DEBUG] cnn_neat: Removed 3 edges (requested 3)
2026-08-18 19:30:17,169 [DEBUG] cnn_neat: Crossover rejected: union topology invalid (edges=29 nodes=20)
2026-08-18 19:30:17,173 [DEBUG] cnn_neat: Split edge 9→16, new hidden node 20 (pool=12)
2026-08-18 19:30:17,177 [DEBUG] cnn_neat: Added edge 18→19 (from 40 candidates)
2026-08-18 19:30:17,182 [DEBUG] cnn_neat: Added edge 16→19 (from 35 candidates)
2026-08-18 19:30:17,186 [DEBUG] cnn_neat: Added edge 8→9 (from 30 candidates)
2026-08-18 19:30:17,190 [DEBUG] cnn_neat: Added edge 8→16 (from 29 candidates)
2026-08-18 19:30:17,194 [DEBUG] cnn_neat: Added edge 8→13 (from 28 candidates)
2026-08-18 19:30:17,198 [DEBUG] cnn_neat: Split edge 16→1, new hidden node 19 (pool=13)
2026-08-18 19:30:17,202 [DEBUG] cnn_neat: Added edge 0→18 (from 27 candidates)
2026-08-18 19:30:17,208 [DEBUG] cnn_neat: Removed hidden node 4 (pool=8)
2026-08-18 19:30:17,211 [DEBUG] cnn_neat: Removed edge 10→1 (from 15 candidates)
2026-08-18 19:30:17,217 [DEBUG] cnn_neat: Removed 3 edges (requested 3)
2026-08-18 19:30:17,222 [DEBUG] cnn_neat: Crossover rejected: union topology invalid (edges=32 nodes=20)
2026-08-18 19:30:17,226 [DEBUG] cnn_neat: Split edge 13→9, new hidden node 19 (pool=13)
2026-08-18 19:30:17,230 [DEBUG] cnn_neat: Added edge 8→13 (from 27 candidates)
2026-08-18 19:30:17,233 [DEBUG] cnn_neat: Added edge 18→13 (from 25 candidates)
2026-08-18 19:30:17,237 [DEBUG] cnn_neat: Added edge 8→10 (from 23 candidates)
2026-08-18 19:30:17,241 [DEBUG] cnn_neat: Added edge 13→10 (from 21 candidates)
2026-08-18 19:30:17,246 [DEBUG] cnn_neat: Added edge 18→16 (from 20 candidates)
2026-08-18 19:30:17,249 [DEBUG] cnn_neat: Split edge 19→16, new hidden node 20 (pool=6)
2026-08-18 19:30:17,252 [DEBUG] cnn_neat: Added edge 19→13 (from 39 candidates)
2026-08-18 19:30:17,257 [DEBUG] cnn_neat: Removed hidden node 19 (pool=8)
2026-08-18 19:30:17,260 [DEBUG] cnn_neat: Split edge 17→1, new hidden node 19 (pool=5)
2026-08-18 19:30:17,262 [DEBUG] cnn_neat: Added edge 10→19 (from 34 candidates)
2026-08-18 19:30:17,266 [DEBUG] cnn_neat: Removed edge 9→1 (from 6 candidates)
2026-08-18 19:30:17,269 [DEBUG] cnn_neat: Split edge 0→13, new hidden node 20 (pool=5)
2026-08-18 19:30:17,273 [DEBUG] cnn_neat: Removed 3 edges (requested 3)
2026-08-18 19:30:17,278 [DEBUG] cnn_neat: Crossover rejected: union topology invalid (edges=30 nodes=19)
2026-08-18 19:30:17,281 [DEBUG] cnn_neat: Split edge 9→1, new hidden node 20 (pool=6)
2026-08-18 19:30:17,285 [DEBUG] cnn_neat: Added edge 16→18 (from 39 candidates)
2026-08-18 19:30:17,289 [DEBUG] cnn_neat: Added edge 13→19 (from 30 candidates)
2026-08-18 19:30:17,293 [DEBUG] cnn_neat: Added edge 9→17 (from 27 candidates)
2026-08-18 19:30:17,296 [DEBUG] cnn_neat: Added edge 13→10 (from 23 candidates)
2026-08-18 19:30:17,300 [DEBUG] cnn_neat: Added edge 13→18 (from 24 candidates)
2026-08-18 19:30:17,303 [DEBUG] cnn_neat: Split edge 17→1, new hidden node 20 (pool=6)
2026-08-18 19:30:17,307 [DEBUG] cnn_neat: Added edge 19→16 (from 40 candidates)
2026-08-18 19:30:17,313 [DEBUG] cnn_neat: Removed hidden node 9 (pool=8)
2026-08-18 19:30:17,441 [DEBUG] cnn_neat: Split edge 13→4, new hidden node 21 (pool=3)
2026-08-18 19:30:17,561 [DEBUG] cnn_neat: Added edge 8→19 (from 50 candidates)
2026-08-18 19:30:17,582 [DEBUG] cnn_neat: Removed hidden node 20 (pool=10)
2026-08-18 19:30:17,592 [DEBUG] cnn_neat: Removed edge 9→10 (from 14 candidates)
2026-08-18 19:30:17,614 [DEBUG] cnn_neat: Removed 3 edges (requested 3)
2026-08-18 19:30:17,633 [DEBUG] cnn_neat: Split edge 0→13, new hidden node 21 (pool=9)
2026-08-18 19:30:17,650 [DEBUG] cnn_neat: Split edge 9→16, new hidden node 20 (pool=9)
2026-08-18 19:30:17,663 [DEBUG] cnn_neat: Added edge 18→13 (from 42 candidates)
2026-08-18 19:30:17,684 [DEBUG] cnn_neat: Removed hidden node 19 (pool=9)
2026-08-18 19:30:17,694 [DEBUG] cnn_neat: Removed edge 10→1 (from 12 candidates)
2026-08-18 19:30:18,080 [DEBUG] cnn_neat: Removed 3 edges (requested 3)
2026-08-18 19:30:18,122 [DEBUG] cnn_neat: Split edge 9→1, new hidden node 20 (pool=9)
2026-08-18 19:30:18,157 [DEBUG] cnn_neat: Added edge 0→19 (from 39 candidates)
2026-08-18 19:30:18,204 [DEBUG] cnn_neat: Removed hidden node 19 (pool=9)
2026-08-18 19:30:18,225 [DEBUG] cnn_neat: Removed edge 17→1 (from 13 candidates)
2026-08-18 19:30:18,312 [DEBUG] cnn_neat: Removed 3 edges (requested 3)
2026-08-18 19:30:18,333 [DEBUG] cnn_neat: Split edge 13→16, new hidden node 21 (pool=4)
2026-08-18 19:30:18,364 [DEBUG] cnn_neat: Split edge 9→10, new hidden node 20 (pool=9)
2026-08-18 19:30:18,373 [DEBUG] cnn_neat: Added edge 16→10 (from 31 candidates)
2026-08-18 19:30:18,390 [DEBUG] cnn_neat: Removed hidden node 19 (pool=9)
2026-08-18 19:30:18,398 [DEBUG] cnn_neat: Removed edge 16→1 (from 14 candidates)
2026-08-18 19:30:18,416 [DEBUG] cnn_neat: Removed 3 edges (requested 3)
2026-08-18 19:30:18,424 [DEBUG] cnn_neat: Split edge 13→4, new hidden node 21 (pool=3)
2026-08-18 19:30:18,441 [DEBUG] cnn_neat: Split edge 13→16, new hidden node 21 (pool=4)
2026-08-18 19:30:18,452 [DEBUG] cnn_neat: Added edge 20→8 (from 53 candidates)
2026-08-18 19:30:18,469 [DEBUG] cnn_neat: Removed hidden node 17 (pool=10)
2026-08-18 19:30:18,477 [DEBUG] cnn_neat: Removed edge 18→19 (from 12 candidates)
2026-08-18 19:30:18,494 [DEBUG] cnn_neat: Removed 3 edges (requested 3)
2026-08-18 19:30:18,504 [DEBUG] cnn_neat: Split edge 0→4, new hidden node 21 (pool=4)
2026-08-18 19:30:18,512 [DEBUG] cnn_neat: Split edge 0→13, new hidden node 21 (pool=5)
2026-08-18 19:30:18,527 [DEBUG] cnn_neat: Split edge 9→10, new hidden node 19 (pool=12)
2026-08-18 19:30:18,535 [DEBUG] cnn_neat: Added edge 10→4 (from 31 candidates)
2026-08-18 19:30:18,547 [DEBUG] cnn_neat: Removed hidden node 18 (pool=8)
2026-08-18 19:30:18,555 [DEBUG] cnn_neat: Removed edge 9→10 (from 14 candidates)
2026-08-18 19:30:18,569 [DEBUG] cnn_neat: Removed 3 edges (requested 3)
2026-08-18 19:30:18,577 [DEBUG] cnn_neat: Split edge 13→4, new hidden node 20 (pool=7)
2026-08-18 19:30:18,590 [DEBUG] cnn_neat: Split edge 18→9, new hidden node 20 (pool=12)
2026-08-18 19:30:18,600 [DEBUG] cnn_neat: Added edge 8→13 (from 40 candidates)
2026-08-18 19:30:18,624 [DEBUG] cnn_neat: Removed hidden node 19 (pool=9)
2026-08-18 19:30:18,633 [DEBUG] cnn_neat: Removed edge 9→16 (from 15 candidates)
2026-08-18 19:30:18,648 [DEBUG] cnn_neat: Removed 3 edges (requested 3)
2026-08-18 19:30:18,656 [DEBUG] cnn_neat: Split edge 18→10, new hidden node 21 (pool=8)
2026-08-18 19:30:18,666 [DEBUG] cnn_neat: Split edge 9→10, new hidden node 20 (pool=12)
2026-08-18 19:30:18,711 [DEBUG] cnn_neat: Split edge 9→16, new hidden node 19 (pool=13)
2026-08-18 19:30:18,721 [DEBUG] cnn_neat: Added edge 18→4 (from 27 candidates)
2026-08-18 19:30:18,737 [DEBUG] cnn_neat: Removed hidden node 16 (pool=8)
2026-08-18 19:30:18,746 [DEBUG] cnn_neat: Removed edge 10→1 (from 15 candidates)
2026-08-18 19:30:18,763 [DEBUG] cnn_neat: Removed 3 edges (requested 3)
2026-08-18 19:30:18,772 [DEBUG] cnn_neat: Split edge 18→10, new hidden node 20 (pool=11)
2026-08-18 19:30:18,786 [DEBUG] cnn_neat: Split edge 9→16, new hidden node 19 (pool=14)
2026-08-18 19:30:18,801 [DEBUG] cnn_neat: Split edge 9→1, new hidden node 21 (pool=9)
2026-08-18 19:30:18,806 [DEBUG] cnn_neat: Added edge 20→10 (from 43 candidates)
2026-08-18 19:30:18,815 [DEBUG] cnn_neat: Removed hidden node 17 (pool=10)
2026-08-18 19:30:18,819 [DEBUG] cnn_neat: Removed edge 10→1 (from 8 candidates)
2026-08-18 19:30:18,825 [DEBUG] cnn_neat: Removed 3 edges (requested 3)
2026-08-18 19:30:18,836 [DEBUG] cnn_neat: Split edge 16→17, new hidden node 22 (pool=8)
2026-08-18 19:30:18,855 [DEBUG] cnn_neat: Split edge 0→4, new hidden node 20 (pool=8)
2026-08-18 19:30:18,866 [DEBUG] cnn_neat: Added edge 19→17 (from 48 candidates)
2026-08-18 19:30:18,897 [DEBUG] cnn_neat: Removed hidden node 4 (pool=9)
2026-08-18 19:30:18,912 [DEBUG] cnn_neat: Removed edge 9→1 (from 12 candidates)
2026-08-18 19:30:18,918 [DEBUG] cnn_neat: Removed 3 edges (requested 3)
2026-08-18 19:30:18,922 [DEBUG] cnn_neat: Split edge 16→17, new hidden node 20 (pool=12)
2026-08-18 19:30:18,925 [DEBUG] cnn_neat: Split edge 4→9, new hidden node 20 (pool=13)
2026-08-18 19:30:18,928 [DEBUG] cnn_neat: Split edge 0→4, new hidden node 20 (pool=9)
2026-08-18 19:30:18,934 [DEBUG] cnn_neat: Split edge 0→8, new hidden node 21 (pool=6)
2026-08-18 19:30:18,939 [DEBUG] cnn_neat: Added edge 20→13 (from 60 candidates)
2026-08-18 19:30:18,945 [DEBUG] cnn_neat: Removed hidden node 16 (pool=10)
2026-08-18 19:30:18,948 [DEBUG] cnn_neat: Removed edge 17→1 (from 11 candidates)
2026-08-18 19:30:18,959 [DEBUG] cnn_neat: Removed 3 edges (requested 3)
2026-08-18 19:30:18,963 [DEBUG] cnn_neat: Split edge 4→9, new hidden node 22 (pool=2)
2026-08-18 19:30:18,967 [DEBUG] cnn_neat: Split edge 0→4, new hidden node 21 (pool=6)
2026-08-18 19:30:18,969 [DEBUG] cnn_neat: Split edge 18→9, new hidden node 21 (pool=6)
2026-08-18 19:30:18,975 [DEBUG] cnn_neat: Split edge 13→16, new hidden node 19 (pool=6)
2026-08-18 19:30:18,978 [DEBUG] cnn_neat: Added edge 17→10 (from 40 candidates)
2026-08-18 19:30:18,991 [DEBUG] cnn_neat: Removed hidden node 13 (pool=8)
2026-08-18 19:30:19,001 [DEBUG] cnn_neat: Removed edge 9→10 (from 6 candidates)
2026-08-18 19:30:19,235 [DEBUG] cnn_neat: Removed 3 edges (requested 3)
2026-08-18 19:30:19,246 [DEBUG] cnn_neat: Split edge 9→1, new hidden node 19 (pool=11)
2026-08-18 19:30:19,252 [DEBUG] cnn_neat: Split edge 0→4, new hidden node 19 (pool=5)
2026-08-18 19:30:19,259 [DEBUG] cnn_neat: Split edge 0→4, new hidden node 19 (pool=5)
2026-08-18 19:30:19,272 [DEBUG] cnn_neat: Split edge 13→16, new hidden node 19 (pool=5)
2026-08-18 19:30:19,283 [DEBUG] cnn_neat: Added edge 8→10 (from 27 candidates)
2026-08-18 19:30:19,288 [DEBUG] cnn_neat: Removed hidden node 13 (pool=7)
2026-08-18 19:30:19,290 [DEBUG] cnn_neat: Removed edge 9→1 (from 8 candidates)
2026-08-18 19:30:19,295 [DEBUG] cnn_neat: Removed 3 edges (requested 3)
2026-08-18 19:30:19,298 [DEBUG] cnn_neat: Split edge 0→13, new hidden node 19 (pool=4)
2026-08-18 19:30:19,299 [DEBUG] cnn_neat: Split edge 9→1, new hidden node 19 (pool=5)
2026-08-18 19:30:19,309 [DEBUG] cnn_neat: Added edge 10→13 (from 29 candidates)
2026-08-18 19:30:19,314 [DEBUG] cnn_neat: Added edge 17→18 (from 26 candidates)
2026-08-18 19:30:19,330 [DEBUG] cnn_neat: Split edge 13→16, new hidden node 19 (pool=6)
2026-08-18 19:30:19,344 [DEBUG] cnn_neat: Added edge 8→4 (from 39 candidates)
2026-08-18 19:30:19,349 [DEBUG] cnn_neat: Removed hidden node 16 (pool=8)
2026-08-18 19:30:19,351 [DEBUG] cnn_neat: Removed edge 16→17 (from 6 candidates)
2026-08-18 19:30:19,355 [DEBUG] cnn_neat: Removed 3 edges (requested 3)
2026-08-18 19:30:19,359 [DEBUG] cnn_neat: Split edge 18→9, new hidden node 20 (pool=5)
2026-08-18 19:30:19,362 [DEBUG] cnn_neat: Split edge 16→17, new hidden node 19 (pool=7)
2026-08-18 19:30:19,367 [DEBUG] cnn_neat: Split edge 16→17, new hidden node 20 (pool=7)
2026-08-18 19:30:19,371 [DEBUG] cnn_neat: Added edge 8→4 (from 55 candidates)
2026-08-18 19:30:19,376 [DEBUG] cnn_neat: Removed hidden node 10 (pool=9)
2026-08-18 19:30:19,378 [DEBUG] cnn_neat: Removed edge 17→1 (from 7 candidates)
2026-08-18 19:30:19,386 [DEBUG] cnn_neat: Removed 3 edges (requested 3)
2026-08-18 19:30:19,397 [DEBUG] cnn_neat: Split edge 0→8, new hidden node 21 (pool=6)
2026-08-18 19:30:19,410 [DEBUG] cnn_neat: Split edge 16→17, new hidden node 20 (pool=8)
2026-08-18 19:30:19,412 [DEBUG] cnn_neat: Split edge 0→13, new hidden node 20 (pool=8)
2026-08-18 19:30:19,417 [DEBUG] cnn_neat: Split edge 9→1, new hidden node 20 (pool=6)
2026-08-18 19:30:19,420 [DEBUG] cnn_neat: Added edge 16→9 (from 39 candidates)
2026-08-18 19:30:19,427 [DEBUG] cnn_neat: Removed hidden node 9 (pool=8)
2026-08-18 19:30:19,441 [DEBUG] cnn_neat: Removed edge 19→16 (from 6 candidates)
2026-08-18 19:30:19,687 [DEBUG] cnn_neat: Removed 3 edges (requested 3)
2026-08-18 19:30:19,696 [DEBUG] cnn_neat: Split edge 18→9, new hidden node 20 (pool=10)
2026-08-18 19:30:19,698 [DEBUG] cnn_neat: Split edge 16→17, new hidden node 20 (pool=6)
2026-08-18 19:30:19,699 [DEBUG] cnn_neat: Split edge 0→13, new hidden node 19 (pool=6)
2026-08-18 19:30:19,704 [DEBUG] cnn_neat: Split edge 0→13, new hidden node 20 (pool=6)
2026-08-18 19:30:19,708 [DEBUG] cnn_neat: Added edge 19→18 (from 40 candidates)
2026-08-18 19:30:19,712 [DEBUG] cnn_neat: Removed hidden node 9 (pool=8)
2026-08-18 19:30:19,715 [DEBUG] cnn_neat: Removed edge 0→19 (from 6 candidates)
2026-08-18 19:30:19,719 [DEBUG] cnn_neat: Removed 3 edges (requested 3)
2026-08-18 19:30:19,723 [DEBUG] cnn_neat: Split edge 9→1, new hidden node 21 (pool=5)
2026-08-18 19:30:19,737 [DEBUG] cnn_neat: Split edge 16→17, new hidden node 20 (pool=9)
2026-08-18 19:30:19,746 [DEBUG] cnn_neat: Split edge 0→19, new hidden node 20 (pool=8)
2026-08-18 19:30:19,759 [DEBUG] cnn_neat: Split edge 16→17, new hidden node 19 (pool=7)
2026-08-18 19:30:19,762 [DEBUG] cnn_neat: Added edge 18→13 (from 36 candidates)
2026-08-18 19:30:19,767 [DEBUG] cnn_neat: Removed hidden node 16 (pool=8)
2026-08-18 19:30:19,769 [DEBUG] cnn_neat: Removed edge 17→1 (from 7 candidates)
2026-08-18 19:30:19,774 [DEBUG] cnn_neat: Removed 3 edges (requested 3)
2026-08-18 19:30:19,777 [DEBUG] cnn_neat: Split edge 0→13, new hidden node 19 (pool=8)
2026-08-18 19:30:19,779 [DEBUG] cnn_neat: Split edge 0→4, new hidden node 19 (pool=7)
2026-08-18 19:30:19,784 [DEBUG] cnn_neat: Split edge 17→1, new hidden node 20 (pool=7)
2026-08-18 19:30:19,787 [DEBUG] cnn_neat: Added edge 17→18 (from 55 candidates)
2026-08-18 19:30:19,792 [DEBUG] cnn_neat: Removed hidden node 9 (pool=9)
2026-08-18 19:30:19,795 [DEBUG] cnn_neat: Removed edge 16→17 (from 7 candidates)
2026-08-18 19:30:19,799 [DEBUG] cnn_neat: Removed 3 edges (requested 3)
2026-08-18 19:30:19,802 [DEBUG] cnn_neat: Split edge 8→18, new hidden node 21 (pool=6)
2026-08-18 19:30:19,807 [DEBUG] cnn_neat: Split edge 9→4, new hidden node 19 (pool=8)
2026-08-18 19:30:19,811 [DEBUG] cnn_neat: Added edge 9→17 (from 35 candidates)
2026-08-18 19:30:19,815 [DEBUG] cnn_neat: Removed hidden node 16 (pool=8)
2026-08-18 19:30:19,820 [DEBUG] cnn_neat: Removed edge 18→4 (from 8 candidates)
2026-08-18 19:30:19,843 [DEBUG] cnn_neat: Removed 3 edges (requested 3)
2026-08-18 19:30:19,854 [DEBUG] cnn_neat: Split edge 18→4, new hidden node 20 (pool=7)
2026-08-18 19:30:19,865 [DEBUG] cnn_neat: Split edge 17→1, new hidden node 19 (pool=9)
2026-08-18 19:30:19,883 [DEBUG] cnn_neat: Split edge 0→19, new hidden node 21 (pool=8)
2026-08-18 19:30:19,894 [DEBUG] cnn_neat: Added edge 20→13 (from 72 candidates)
2026-08-18 19:30:19,913 [DEBUG] cnn_neat: Removed hidden node 20 (pool=10)
2026-08-18 19:30:20,148 [DEBUG] cnn_neat: Removed edge 20→4 (from 6 candidates)
2026-08-18 19:30:20,162 [DEBUG] cnn_neat: Removed 3 edges (requested 3)
2026-08-18 19:30:20,174 [DEBUG] cnn_neat: Split edge 13→16, new hidden node 22 (pool=5)
2026-08-18 19:30:20,189 [DEBUG] cnn_neat: Split edge 17→1, new hidden node 21 (pool=9)
2026-08-18 19:30:20,194 [DEBUG] cnn_neat: Split edge 19→4, new hidden node 20 (pool=7)
2026-08-18 19:30:20,198 [DEBUG] cnn_neat: Added edge 10→17 (from 46 candidates)
2026-08-18 19:30:20,203 [DEBUG] cnn_neat: Removed hidden node 19 (pool=9)
2026-08-18 19:30:20,205 [DEBUG] cnn_neat: Removed edge 16→17 (from 7 candidates)
2026-08-18 19:30:20,209 [DEBUG] cnn_neat: Removed 3 edges (requested 3)
2026-08-18 19:30:20,212 [DEBUG] cnn_neat: Split edge 0→13, new hidden node 21 (pool=8)
2026-08-18 19:30:20,214 [DEBUG] cnn_neat: Split edge 9→1, new hidden node 20 (pool=7)
2026-08-18 19:30:20,229 [DEBUG] cnn_neat: Split edge 20→19, new hidden node 21 (pool=8)
2026-08-18 19:30:20,245 [DEBUG] cnn_neat: Added edge 19→9 (from 72 candidates)
2026-08-18 19:30:20,273 [DEBUG] cnn_neat: Removed hidden node 20 (pool=10)
2026-08-18 19:30:20,285 [DEBUG] cnn_neat: Removed edge 17→1 (from 6 candidates)
2026-08-18 19:30:20,297 [DEBUG] cnn_neat: Removed 3 edges (requested 3)
2026-08-18 19:30:20,359 [DEBUG] cnn_neat: Split edge 0→13, new hidden node 22 (pool=5)
2026-08-18 19:30:20,366 [DEBUG] cnn_neat: Split edge 20→4, new hidden node 21 (pool=13)
2026-08-18 19:30:20,371 [DEBUG] cnn_neat: Added edge 13→8 (from 60 candidates)
2026-08-18 19:30:20,378 [DEBUG] cnn_neat: Removed hidden node 18 (pool=10)
2026-08-18 19:30:20,393 [DEBUG] cnn_neat: Removed edge 17→1 (from 11 candidates)
2026-08-18 19:30:20,639 [DEBUG] cnn_neat: Removed 3 edges (requested 3)
2026-08-18 19:30:20,658 [DEBUG] cnn_neat: Split edge 16→17, new hidden node 22 (pool=6)
2026-08-18 19:30:20,680 [DEBUG] cnn_neat: Split edge 10→1, new hidden node 19 (pool=4)
2026-08-18 19:30:20,685 [DEBUG] cnn_neat: Added edge 18→13 (from 33 candidates)
2026-08-18 19:30:20,694 [DEBUG] cnn_neat: Removed hidden node 17 (pool=8)
2026-08-18 19:30:20,697 [DEBUG] cnn_neat: Removed edge 9→4 (from 9 candidates)
2026-08-18 19:30:20,701 [DEBUG] cnn_neat: Removed 3 edges (requested 3)
2026-08-18 19:30:20,705 [DEBUG] cnn_neat: Split edge 9→4, new hidden node 20 (pool=15)
2026-08-18 19:30:20,710 [DEBUG] cnn_neat: Split edge 9→16, new hidden node 19 (pool=7)
2026-08-18 19:30:20,714 [DEBUG] cnn_neat: Added edge 4→10 (from 33 candidates)
2026-08-18 19:30:20,718 [DEBUG] cnn_neat: Removed hidden node 9 (pool=8)
2026-08-18 19:30:20,720 [DEBUG] cnn_neat: Removed edge 17→1 (from 7 candidates)
2026-08-18 19:30:20,729 [DEBUG] cnn_neat: Removed 3 edges (requested 3)
2026-08-18 19:30:20,741 [DEBUG] cnn_neat: Split edge 0→13, new hidden node 20 (pool=6)
2026-08-18 19:30:20,752 [DEBUG] cnn_neat: Split edge 0→4, new hidden node 19 (pool=3)
2026-08-18 19:30:20,754 [DEBUG] cnn_neat: Split edge 16→17, new hidden node 19 (pool=9)
2026-08-18 19:30:20,760 [DEBUG] cnn_neat: Split edge 19→4, new hidden node 20 (pool=8)
2026-08-18 19:30:20,764 [DEBUG] cnn_neat: Added edge 4→18 (from 48 candidates)
2026-08-18 19:30:20,769 [DEBUG] cnn_neat: Removed hidden node 19 (pool=9)
2026-08-18 19:30:20,772 [DEBUG] cnn_neat: Removed edge 10→1 (from 8 candidates)
2026-08-18 19:30:20,777 [DEBUG] cnn_neat: Removed 3 edges (requested 3)
2026-08-18 19:30:20,780 [DEBUG] cnn_neat: Split edge 17→1, new hidden node 21 (pool=9)
2026-08-18 19:30:20,784 [DEBUG] cnn_neat: Split edge 16→17, new hidden node 20 (pool=9)
2026-08-18 19:30:20,786 [DEBUG] cnn_neat: Split edge 17→1, new hidden node 20 (pool=5)
2026-08-18 19:30:20,800 [DEBUG] cnn_neat: Split edge 16→17, new hidden node 19 (pool=8)
2026-08-18 19:30:20,811 [DEBUG] cnn_neat: Added edge 8→10 (from 29 candidates)
2026-08-18 19:30:20,824 [DEBUG] cnn_neat: Removed hidden node 9 (pool=8)
2026-08-18 19:30:20,827 [DEBUG] cnn_neat: Removed edge 9→1 (from 8 candidates)
2026-08-18 19:30:20,832 [DEBUG] cnn_neat: Removed 3 edges (requested 3)
2026-08-18 19:30:20,835 [DEBUG] cnn_neat: Split edge 9→1, new hidden node 20 (pool=7)
2026-08-18 19:30:20,839 [DEBUG] cnn_neat: Split edge 0→8, new hidden node 19 (pool=4)
2026-08-18 19:30:20,844 [DEBUG] cnn_neat: Split edge 9→1, new hidden node 19 (pool=6)
2026-08-18 19:30:20,847 [DEBUG] cnn_neat: Added edge 18→16 (from 20 candidates)
2026-08-18 19:30:20,851 [DEBUG] cnn_neat: Removed hidden node 8 (pool=7)
2026-08-18 19:30:20,854 [DEBUG] cnn_neat: Removed edge 9→1 (from 7 candidates)
2026-08-18 19:30:20,859 [DEBUG] cnn_neat: Removed 3 edges (requested 3)
2026-08-18 19:30:20,869 [DEBUG] cnn_neat: Split edge 13→16, new hidden node 20 (pool=5)
2026-08-18 19:30:20,882 [DEBUG] cnn_neat: Split edge 0→13, new hidden node 19 (pool=10)
2026-08-18 19:30:20,939 [DEBUG] cnn_neat: Added edge 16→1 (from 44 candidates)
2026-08-18 19:30:20,947 [DEBUG] cnn_neat: Removed hidden node 10 (pool=8)
2026-08-18 19:30:20,971 [DEBUG] cnn_neat: Removed edge 0→13 (from 6 candidates)
2026-08-18 19:30:20,984 [DEBUG] cnn_neat: Removed 3 edges (requested 3)
2026-08-18 19:30:20,989 [DEBUG] cnn_neat: Split edge 0→19, new hidden node 20 (pool=8)
2026-08-18 19:30:21,000 [DEBUG] cnn_neat: Split edge 16→17, new hidden node 19 (pool=11)
2026-08-18 19:30:21,271 [DEBUG] cnn_neat: Added edge 10→4 (from 39 candidates)
2026-08-18 19:30:21,279 [DEBUG] cnn_neat: Removed hidden node 9 (pool=8)
2026-08-18 19:30:21,282 [DEBUG] cnn_neat: Removed edge 17→1 (from 7 candidates)
2026-08-18 19:30:21,290 [DEBUG] cnn_neat: Removed 3 edges (requested 3)
2026-08-18 19:30:21,296 [DEBUG] cnn_neat: Split edge 8→18, new hidden node 20 (pool=6)
2026-08-18 19:30:21,307 [DEBUG] cnn_neat: Split edge 0→13, new hidden node 20 (pool=16)
2026-08-18 19:30:21,318 [DEBUG] cnn_neat: Added edge 3→8 (from 58 candidates)
2026-08-18 19:30:21,330 [DEBUG] cnn_neat: Removed hidden node 19 (pool=11)
2026-08-18 19:30:21,338 [DEBUG] cnn_neat: Removed edge 8→19 (from 14 candidates)
2026-08-18 19:30:21,351 [DEBUG] cnn_neat: Removed 3 edges (requested 3)
2026-08-18 19:30:21,359 [DEBUG] cnn_neat: Split edge 4→2, new hidden node 21 (pool=11)
2026-08-18 19:30:21,368 [DEBUG] cnn_neat: Split edge 0→4, new hidden node 20 (pool=17)
2026-08-18 19:30:21,383 [DEBUG] cnn_neat: Split edge 17→1, new hidden node 20 (pool=13)
2026-08-18 19:30:21,392 [DEBUG] cnn_neat: Added edge 18→2 (from 51 candidates)
2026-08-18 19:30:21,413 [DEBUG] cnn_neat: Removed hidden node 17 (pool=11)
2026-08-18 19:30:21,421 [DEBUG] cnn_neat: Removed edge 8→19 (from 17 candidates)
2026-08-18 19:30:21,440 [DEBUG] cnn_neat: Removed 3 edges (requested 3)
2026-08-18 19:30:21,450 [DEBUG] cnn_neat: Split edge 3→1, new hidden node 21 (pool=9)
2026-08-18 19:30:21,461 [DEBUG] cnn_neat: Split edge 9→1, new hidden node 21 (pool=5)
2026-08-18 19:30:21,468 [DEBUG] cnn_neat: Added edge 17→18 (from 33 candidates)
2026-08-18 19:30:21,481 [DEBUG] cnn_neat: Removed hidden node 10 (pool=10)
2026-08-18 19:30:21,487 [DEBUG] cnn_neat: Removed edge 17→20 (from 9 candidates)
2026-08-18 19:30:21,498 [DEBUG] cnn_neat: Removed 3 edges (requested 3)
2026-08-18 19:30:21,504 [DEBUG] cnn_neat: Saved generation 12
2026-08-18 19:30:21,586 [DEBUG] cnn_neat: Split edge 0→13, new hidden node 22 (pool=7)
2026-08-18 19:30:21,587 [DEBUG] cnn_neat: Selected 25 elite individuals
2026-08-18 19:30:21,622 [DEBUG] cnn_neat: Split edge 0→19, new hidden node 20 (pool=8)
2026-08-18 19:30:21,693 [DEBUG] cnn_neat: Added edge 9→13 (from 50 candidates)
2026-08-18 19:30:21,728 [DEBUG] cnn_neat: Removed hidden node 16 (pool=9)
2026-08-18 19:30:21,738 [DEBUG] cnn_neat: Removed edge 9→1 (from 7 candidates)
2026-08-18 19:30:21,758 [DEBUG] cnn_neat: Removed 3 edges (requested 3)
2026-08-18 19:30:21,770 [DEBUG] cnn_neat: Split edge 0→13, new hidden node 21 (pool=9)
2026-08-18 19:30:21,792 [DEBUG] cnn_neat: Split edge 16→1, new hidden node 20 (pool=10)
2026-08-18 19:30:21,807 [DEBUG] cnn_neat: Added edge 0→18 (from 38 candidates)
2026-08-18 19:30:21,824 [DEBUG] cnn_neat: Removed hidden node 16 (pool=9)
2026-08-18 19:30:21,833 [DEBUG] cnn_neat: Removed edge 16→17 (from 16 candidates)
2026-08-18 19:30:21,852 [DEBUG] cnn_neat: Removed 3 edges (requested 3)
2026-08-18 19:30:21,862 [DEBUG] cnn_neat: Split edge 9→1, new hidden node 21 (pool=9)
2026-08-18 19:30:21,876 [DEBUG] cnn_neat: Split edge 9→1, new hidden node 19 (pool=7)
2026-08-18 19:30:21,879 [DEBUG] cnn_neat: Trimmed elite queue to 128 entries
2026-08-18 19:30:22,357 [DEBUG] cnn_neat: Added edge 0→18 (from 21 candidates)
2026-08-18 19:30:22,360 [DEBUG] cnn_neat: Split edge 0→13, new hidden node 21 (pool=3)
2026-08-18 19:30:22,366 [DEBUG] cnn_neat: Added edge 18→17 (from 49 candidates)
2026-08-18 19:30:22,373 [DEBUG] cnn_neat: Removed hidden node 16 (pool=10)
2026-08-18 19:30:22,378 [DEBUG] cnn_neat: Removed edge 17→1 (from 15 candidates)
2026-08-18 19:30:22,385 [DEBUG] cnn_neat: Removed 3 edges (requested 3)
2026-08-18 19:30:22,391 [DEBUG] cnn_neat: Crossover rejected: union topology invalid (edges=37 nodes=21)
2026-08-18 19:30:22,395 [DEBUG] cnn_neat: Split edge 0→13, new hidden node 21 (pool=3)
2026-08-18 19:30:22,401 [DEBUG] cnn_neat: Added edge 16→10 (from 43 candidates)
2026-08-18 19:30:22,406 [DEBUG] cnn_neat: Added edge 4→16 (from 49 candidates)
2026-08-18 19:30:22,412 [DEBUG] cnn_neat: Added edge 4→18 (from 45 candidates)
2026-08-18 19:30:22,417 [DEBUG] cnn_neat: Added edge 13→10 (from 38 candidates)
2026-08-18 19:30:22,423 [DEBUG] cnn_neat: Added edge 4→9 (from 28 candidates)
2026-08-18 19:30:22,429 [DEBUG] cnn_neat: Added edge 19→16 (from 27 candidates)
2026-08-18 19:30:22,433 [DEBUG] cnn_neat: Split edge 0→13, new hidden node 22 (pool=1)
2026-08-18 19:30:22,439 [DEBUG] cnn_neat: Added edge 10→4 (from 57 candidates)
2026-08-18 19:30:22,448 [DEBUG] cnn_neat: Removed hidden node 9 (pool=11)
2026-08-18 19:30:22,452 [DEBUG] cnn_neat: Removed edge 9→20 (from 15 candidates)
2026-08-18 19:30:22,461 [DEBUG] cnn_neat: Removed 3 edges (requested 3)
2026-08-18 19:30:22,466 [DEBUG] cnn_neat: Crossover rejected: union topology invalid (edges=37 nodes=22)
2026-08-18 19:30:22,470 [DEBUG] cnn_neat: Split edge 0→13, new hidden node 22 (pool=1)
2026-08-18 19:30:22,476 [DEBUG] cnn_neat: Added edge 13→10 (from 63 candidates)
2026-08-18 19:30:22,481 [DEBUG] cnn_neat: Added edge 19→1 (from 57 candidates)
2026-08-18 19:30:22,486 [DEBUG] cnn_neat: Added edge 0→4 (from 55 candidates)
2026-08-18 19:30:22,491 [DEBUG] cnn_neat: Added edge 18→21 (from 64 candidates)
2026-08-18 19:30:22,497 [DEBUG] cnn_neat: Added edge 21→16 (from 59 candidates)
2026-08-18 19:30:22,503 [DEBUG] cnn_neat: Added edge 21→19 (from 55 candidates)
2026-08-18 19:30:22,506 [DEBUG] cnn_neat: Split edge 13→4, new hidden node 21 (pool=3)
2026-08-18 19:30:22,510 [DEBUG] cnn_neat: Added edge 8→19 (from 52 candidates)
2026-08-18 19:30:22,517 [DEBUG] cnn_neat: Removed hidden node 4 (pool=10)
2026-08-18 19:30:22,520 [DEBUG] cnn_neat: Removed edge 18→19 (from 13 candidates)
2026-08-18 19:30:22,528 [DEBUG] cnn_neat: Removed 3 edges (requested 3)
2026-08-18 19:30:22,533 [DEBUG] cnn_neat: Crossover rejected: union topology invalid (edges=36 nodes=22)
2026-08-18 19:30:22,536 [DEBUG] cnn_neat: Split edge 13→4, new hidden node 21 (pool=3)
2026-08-18 19:30:22,540 [DEBUG] cnn_neat: Added edge 16→21 (from 58 candidates)
2026-08-18 19:30:22,544 [DEBUG] cnn_neat: Added edge 18→17 (from 52 candidates)
2026-08-18 19:30:22,550 [DEBUG] cnn_neat: Added edge 4→18 (from 50 candidates)
2026-08-18 19:30:22,554 [DEBUG] cnn_neat: Added edge 8→17 (from 40 candidates)
2026-08-18 19:30:22,559 [DEBUG] cnn_neat: Added edge 4→16 (from 30 candidates)
2026-08-18 19:30:22,563 [DEBUG] cnn_neat: Added edge 20→10 (from 29 candidates)
2026-08-18 19:30:22,567 [DEBUG] cnn_neat: Split edge 13→16, new hidden node 20 (pool=8)
2026-08-18 19:30:22,573 [DEBUG] cnn_neat: Added edge 13→10 (from 38 candidates)
2026-08-18 19:30:22,579 [DEBUG] cnn_neat: Removed hidden node 10 (pool=9)
2026-08-18 19:30:22,582 [DEBUG] cnn_neat: Removed edge 9→1 (from 13 candidates)
2026-08-18 19:30:22,590 [DEBUG] cnn_neat: Removed 3 edges (requested 3)
2026-08-18 19:30:22,594 [DEBUG] cnn_neat: Crossover rejected: union topology invalid (edges=33 nodes=21)
2026-08-18 19:30:22,598 [DEBUG] cnn_neat: Split edge 0→4, new hidden node 20 (pool=8)
2026-08-18 19:30:22,603 [DEBUG] cnn_neat: Added edge 13→8 (from 38 candidates)
2026-08-18 19:30:22,607 [DEBUG] cnn_neat: Added edge 18→1 (from 35 candidates)
2026-08-18 19:30:22,611 [DEBUG] cnn_neat: Added edge 4→16 (from 33 candidates)
2026-08-18 19:30:22,616 [DEBUG] cnn_neat: Added edge 16→10 (from 30 candidates)
2026-08-18 19:30:22,621 [DEBUG] cnn_neat: Added edge 8→9 (from 27 candidates)
2026-08-18 19:30:22,626 [DEBUG] cnn_neat: Split edge 18→10, new hidden node 21 (pool=8)
2026-08-18 19:30:22,630 [DEBUG] cnn_neat: Added edge 8→13 (from 49 candidates)
2026-08-18 19:30:22,637 [DEBUG] cnn_neat: Removed hidden node 20 (pool=10)
2026-08-18 19:30:22,640 [DEBUG] cnn_neat: Removed edge 18→19 (from 13 candidates)
2026-08-18 19:30:22,648 [DEBUG] cnn_neat: Removed 3 edges (requested 3)
2026-08-18 19:30:22,653 [DEBUG] cnn_neat: Crossover rejected: union topology invalid (edges=35 nodes=21)
2026-08-18 19:30:22,657 [DEBUG] cnn_neat: Split edge 18→10, new hidden node 21 (pool=8)
2026-08-18 19:30:22,662 [DEBUG] cnn_neat: Added edge 21→1 (from 63 candidates)
2026-08-18 19:30:22,666 [DEBUG] cnn_neat: Added edge 19→16 (from 49 candidates)
2026-08-18 19:30:22,671 [DEBUG] cnn_neat: Added edge 20→16 (from 48 candidates)
2026-08-18 19:30:22,676 [DEBUG] cnn_neat: Added edge 19→17 (from 45 candidates)
2026-08-18 19:30:22,681 [DEBUG] cnn_neat: Added edge 19→4 (from 43 candidates)
2026-08-18 19:30:22,686 [DEBUG] cnn_neat: Added edge 13→18 (from 40 candidates)
2026-08-18 19:30:22,690 [DEBUG] cnn_neat: Split edge 9→1, new hidden node 20 (pool=9)
2026-08-18 19:30:22,695 [DEBUG] cnn_neat: Added edge 16→10 (from 35 candidates)
2026-08-18 19:30:22,701 [DEBUG] cnn_neat: Removed hidden node 19 (pool=9)
2026-08-18 19:30:22,704 [DEBUG] cnn_neat: Split edge 13→9, new hidden node 19 (pool=11)
2026-08-18 19:30:22,708 [DEBUG] cnn_neat: Removed edge 10→1 (from 13 candidates)
2026-08-18 19:30:22,716 [DEBUG] cnn_neat: Removed 3 edges (requested 3)
2026-08-18 19:30:22,721 [DEBUG] cnn_neat: Crossover rejected: union topology invalid (edges=36 nodes=21)
2026-08-18 19:30:22,725 [DEBUG] cnn_neat: Split edge 0→4, new hidden node 20 (pool=9)
2026-08-18 19:30:22,729 [DEBUG] cnn_neat: Added edge 9→17 (from 35 candidates)
2026-08-18 19:30:22,733 [DEBUG] cnn_neat: Added edge 9→4 (from 34 candidates)
2026-08-18 19:30:22,738 [DEBUG] cnn_neat: Added edge 19→16 (from 32 candidates)
2026-08-18 19:30:22,743 [DEBUG] cnn_neat: Added edge 18→17 (from 31 candidates)
2026-08-18 19:30:22,747 [DEBUG] cnn_neat: Added edge 8→13 (from 29 candidates)
2026-08-18 19:30:22,751 [DEBUG] cnn_neat: Split edge 13→9, new hidden node 20 (pool=9)
2026-08-18 19:30:22,756 [DEBUG] cnn_neat: Added edge 13→10 (from 30 candidates)
2026-08-18 19:30:22,763 [DEBUG] cnn_neat: Removed hidden node 10 (pool=9)
2026-08-18 19:30:22,767 [DEBUG] cnn_neat: Removed edge 17→10 (from 15 candidates)
2026-08-18 19:30:22,775 [DEBUG] cnn_neat: Removed 3 edges (requested 3)
2026-08-18 19:30:22,780 [DEBUG] cnn_neat: Crossover rejected: union topology invalid (edges=35 nodes=19)
2026-08-18 19:30:22,784 [DEBUG] cnn_neat: Split edge 13→4, new hidden node 20 (pool=9)
2026-08-18 19:30:22,788 [DEBUG] cnn_neat: Added edge 18→13 (from 30 candidates)
2026-08-18 19:30:22,793 [DEBUG] cnn_neat: Added edge 18→4 (from 27 candidates)
2026-08-18 19:30:22,797 [DEBUG] cnn_neat: Added edge 8→19 (from 26 candidates)
2026-08-18 19:30:22,802 [DEBUG] cnn_neat: Added edge 9→4 (from 21 candidates)
2026-08-18 19:30:22,806 [DEBUG] cnn_neat: Added edge 18→1 (from 20 candidates)
2026-08-18 19:30:22,810 [DEBUG] cnn_neat: Split edge 13→9, new hidden node 19 (pool=10)
2026-08-18 19:30:22,814 [DEBUG] cnn_neat: Added edge 10→17 (from 19 candidates)
2026-08-18 19:30:22,819 [DEBUG] cnn_neat: Removed hidden node 10 (pool=7)
2026-08-18 19:30:22,953 [DEBUG] cnn_neat: Split edge 0→4, new hidden node 21 (pool=3)
2026-08-18 19:30:23,081 [DEBUG] cnn_neat: Added edge 8→4 (from 49 candidates)
2026-08-18 19:30:23,104 [DEBUG] cnn_neat: Removed hidden node 17 (pool=10)
2026-08-18 19:30:23,116 [DEBUG] cnn_neat: Removed edge 9→10 (from 15 candidates)
2026-08-18 19:30:23,139 [DEBUG] cnn_neat: Removed 3 edges (requested 3)
2026-08-18 19:30:23,152 [DEBUG] cnn_neat: Split edge 0→13, new hidden node 22 (pool=1)
2026-08-18 19:30:23,171 [DEBUG] cnn_neat: Split edge 0→13, new hidden node 21 (pool=3)
2026-08-18 19:30:23,184 [DEBUG] cnn_neat: Added edge 9→4 (from 50 candidates)
2026-08-18 19:30:23,204 [DEBUG] cnn_neat: Removed hidden node 9 (pool=10)
2026-08-18 19:30:23,216 [DEBUG] cnn_neat: Removed edge 16→1 (from 14 candidates)
2026-08-18 19:30:23,629 [DEBUG] cnn_neat: Removed 3 edges (requested 3)
2026-08-18 19:30:23,678 [DEBUG] cnn_neat: Split edge 0→13, new hidden node 22 (pool=1)
2026-08-18 19:30:23,722 [DEBUG] cnn_neat: Added edge 4→18 (from 57 candidates)
2026-08-18 19:30:23,775 [DEBUG] cnn_neat: Removed hidden node 19 (pool=11)
2026-08-18 19:30:23,794 [DEBUG] cnn_neat: Removed edge 16→17 (from 15 candidates)
2026-08-18 19:30:23,891 [DEBUG] cnn_neat: Removed 3 edges (requested 3)
2026-08-18 19:30:23,910 [DEBUG] cnn_neat: Split edge 0→13, new hidden node 22 (pool=1)
2026-08-18 19:30:23,931 [DEBUG] cnn_neat: Split edge 9→1, new hidden node 22 (pool=7)
2026-08-18 19:30:23,955 [DEBUG] cnn_neat: Split edge 0→13, new hidden node 21 (pool=3)
2026-08-18 19:30:23,963 [DEBUG] cnn_neat: Added edge 20→17 (from 52 candidates)
2026-08-18 19:30:23,974 [DEBUG] cnn_neat: Removed hidden node 17 (pool=10)
2026-08-18 19:30:23,980 [DEBUG] cnn_neat: Removed edge 19→9 (from 13 candidates)
2026-08-18 19:30:23,990 [DEBUG] cnn_neat: Removed 3 edges (requested 3)
2026-08-18 19:30:23,998 [DEBUG] cnn_neat: Split edge 9→1, new hidden node 22 (pool=11)
2026-08-18 19:30:24,009 [DEBUG] cnn_neat: Split edge 16→1, new hidden node 20 (pool=8)
2026-08-18 19:30:24,015 [DEBUG] cnn_neat: Added edge 8→10 (from 38 candidates)
2026-08-18 19:30:24,026 [DEBUG] cnn_neat: Removed hidden node 17 (pool=9)
2026-08-18 19:30:24,032 [DEBUG] cnn_neat: Removed edge 16→17 (from 13 candidates)
2026-08-18 19:30:24,046 [DEBUG] cnn_neat: Removed 3 edges (requested 3)
2026-08-18 19:30:24,052 [DEBUG] cnn_neat: Split edge 17→1, new hidden node 21 (pool=16)
2026-08-18 19:30:24,066 [DEBUG] cnn_neat: Split edge 18→10, new hidden node 20 (pool=9)
2026-08-18 19:30:24,072 [DEBUG] cnn_neat: Added edge 18→1 (from 42 candidates)
2026-08-18 19:30:24,084 [DEBUG] cnn_neat: Removed hidden node 18 (pool=9)
2026-08-18 19:30:24,091 [DEBUG] cnn_neat: Removed edge 17→1 (from 12 candidates)
2026-08-18 19:30:24,105 [DEBUG] cnn_neat: Removed 3 edges (requested 3)
2026-08-18 19:30:24,113 [DEBUG] cnn_neat: Split edge 0→4, new hidden node 21 (pool=3)
2026-08-18 19:30:24,124 [DEBUG] cnn_neat: Split edge 9→10, new hidden node 21 (pool=8)
2026-08-18 19:30:24,133 [DEBUG] cnn_neat: Added edge 16→10 (from 49 candidates)
2026-08-18 19:30:24,145 [DEBUG] cnn_neat: Removed hidden node 18 (pool=10)
2026-08-18 19:30:24,151 [DEBUG] cnn_neat: Removed edge 18→19 (from 13 candidates)
2026-08-18 19:30:24,162 [DEBUG] cnn_neat: Removed 3 edges (requested 3)
2026-08-18 19:30:24,171 [DEBUG] cnn_neat: Split edge 9→1, new hidden node 21 (pool=9)
2026-08-18 19:30:24,178 [DEBUG] cnn_neat: Split edge 0→4, new hidden node 21 (pool=8)
2026-08-18 19:30:24,190 [DEBUG] cnn_neat: Split edge 13→9, new hidden node 20 (pool=9)
2026-08-18 19:30:24,196 [DEBUG] cnn_neat: Added edge 19→10 (from 35 candidates)
2026-08-18 19:30:24,207 [DEBUG] cnn_neat: Removed hidden node 10 (pool=9)
2026-08-18 19:30:24,213 [DEBUG] cnn_neat: Removed edge 18→10 (from 13 candidates)
2026-08-18 19:30:24,226 [DEBUG] cnn_neat: Removed 3 edges (requested 3)
2026-08-18 19:30:24,233 [DEBUG] cnn_neat: Split edge 13→16, new hidden node 21 (pool=4)
2026-08-18 19:30:24,245 [DEBUG] cnn_neat: Split edge 9→10, new hidden node 20 (pool=9)
2026-08-18 19:30:24,254 [DEBUG] cnn_neat: Added edge 9→17 (from 39 candidates)
2026-08-18 19:30:24,267 [DEBUG] cnn_neat: Removed hidden node 9 (pool=9)
2026-08-18 19:30:24,275 [DEBUG] cnn_neat: Removed edge 17→1 (from 13 candidates)
2026-08-18 19:30:24,289 [DEBUG] cnn_neat: Removed 3 edges (requested 3)
2026-08-18 19:30:24,296 [DEBUG] cnn_neat: Split edge 0→13, new hidden node 21 (pool=3)
2026-08-18 19:30:24,302 [DEBUG] cnn_neat: Split edge 18→10, new hidden node 20 (pool=12)
2026-08-18 19:30:24,392 [DEBUG] cnn_neat: Split edge 16→1, new hidden node 20 (pool=9)
2026-08-18 19:30:24,400 [DEBUG] cnn_neat: Added edge 0→18 (from 31 candidates)
2026-08-18 19:30:24,415 [DEBUG] cnn_neat: Removed hidden node 18 (pool=9)
2026-08-18 19:30:24,423 [DEBUG] cnn_neat: Removed edge 9→16 (from 14 candidates)
2026-08-18 19:30:24,439 [DEBUG] cnn_neat: Removed 3 edges (requested 3)
2026-08-18 19:30:24,448 [DEBUG] cnn_neat: Split edge 0→13, new hidden node 21 (pool=3)
2026-08-18 19:30:24,487 [DEBUG] cnn_neat: Split edge 13→4, new hidden node 20 (pool=9)
2026-08-18 19:30:24,502 [DEBUG] cnn_neat: Added edge 16→10 (from 30 candidates)
2026-08-18 19:30:24,509 [DEBUG] cnn_neat: Removed hidden node 19 (pool=9)
2026-08-18 19:30:24,513 [DEBUG] cnn_neat: Removed edge 9→16 (from 15 candidates)
2026-08-18 19:30:24,519 [DEBUG] cnn_neat: Removed 3 edges (requested 3)
2026-08-18 19:30:24,523 [DEBUG] cnn_neat: Split edge 16→1, new hidden node 20 (pool=10)
2026-08-18 19:30:24,527 [DEBUG] cnn_neat: Split edge 9→10, new hidden node 20 (pool=8)
2026-08-18 19:30:24,536 [DEBUG] cnn_neat: Split edge 9→1, new hidden node 20 (pool=5)
2026-08-18 19:30:24,556 [DEBUG] cnn_neat: Split edge 0→4, new hidden node 21 (pool=4)
2026-08-18 19:30:24,572 [DEBUG] cnn_neat: Added edge 0→19 (from 53 candidates)
2026-08-18 19:30:24,580 [DEBUG] cnn_neat: Removed hidden node 19 (pool=10)
2026-08-18 19:30:24,584 [DEBUG] cnn_neat: Removed edge 9→16 (from 12 candidates)
2026-08-18 19:30:24,592 [DEBUG] cnn_neat: Removed 3 edges (requested 3)
2026-08-18 19:30:24,596 [DEBUG] cnn_neat: Split edge 0→13, new hidden node 22 (pool=2)
2026-08-18 19:30:24,603 [DEBUG] cnn_neat: Split edge 0→8, new hidden node 19 (pool=12)
2026-08-18 19:30:24,608 [DEBUG] cnn_neat: Added edge 10→17 (from 31 candidates)
2026-08-18 19:30:24,613 [DEBUG] cnn_neat: Removed hidden node 16 (pool=8)
2026-08-18 19:30:24,616 [DEBUG] cnn_neat: Removed edge 9→1 (from 14 candidates)
2026-08-18 19:30:24,623 [DEBUG] cnn_neat: Removed 3 edges (requested 3)
2026-08-18 19:30:24,626 [DEBUG] cnn_neat: Split edge 9→1, new hidden node 20 (pool=6)
2026-08-18 19:30:24,632 [DEBUG] cnn_neat: Split edge 13→9, new hidden node 20 (pool=12)
2026-08-18 19:30:24,643 [DEBUG] cnn_neat: Added edge 18→13 (from 40 candidates)
2026-08-18 19:30:24,665 [DEBUG] cnn_neat: Removed hidden node 4 (pool=9)
2026-08-18 19:30:24,674 [DEBUG] cnn_neat: Removed edge 0→4 (from 15 candidates)
2026-08-18 19:30:24,681 [DEBUG] cnn_neat: Removed 3 edges (requested 3)
2026-08-18 19:30:24,687 [DEBUG] cnn_neat: Split edge 13→20, new hidden node 21 (pool=7)
2026-08-18 19:30:24,708 [DEBUG] cnn_neat: Split edge 9→16, new hidden node 19 (pool=13)
2026-08-18 19:30:24,723 [DEBUG] cnn_neat: Added edge 4→10 (from 27 candidates)
2026-08-18 19:30:25,000 [DEBUG] cnn_neat: Removed hidden node 16 (pool=8)
2026-08-18 19:30:25,010 [DEBUG] cnn_neat: Removed edge 0→4 (from 15 candidates)
2026-08-18 19:30:25,029 [DEBUG] cnn_neat: Removed 3 edges (requested 3)
2026-08-18 19:30:25,047 [DEBUG] cnn_neat: Split edge 18→10, new hidden node 19 (pool=13)
2026-08-18 19:30:25,067 [DEBUG] cnn_neat: Split edge 0→13, new hidden node 19 (pool=10)
2026-08-18 19:30:25,080 [DEBUG] cnn_neat: Added edge 16→10 (from 19 candidates)
2026-08-18 19:30:25,093 [DEBUG] cnn_neat: Removed hidden node 8 (pool=7)
2026-08-18 19:30:25,103 [DEBUG] cnn_neat: Removed edge 16→17 (from 12 candidates)
2026-08-18 19:30:25,110 [DEBUG] cnn_neat: Removed 3 edges (requested 3)
2026-08-18 19:30:25,114 [DEBUG] cnn_neat: Split edge 9→1, new hidden node 20 (pool=10)
2026-08-18 19:30:25,120 [DEBUG] cnn_neat: Split edge 18→9, new hidden node 19 (pool=11)
2026-08-18 19:30:25,136 [DEBUG] cnn_neat: Added edge 13→17 (from 33 candidates)
2026-08-18 19:30:25,160 [DEBUG] cnn_neat: Removed hidden node 9 (pool=8)
2026-08-18 19:30:25,411 [DEBUG] cnn_neat: Removed edge 18→10 (from 13 candidates)
2026-08-18 19:30:25,421 [DEBUG] cnn_neat: Removed 3 edges (requested 3)
2026-08-18 19:30:25,425 [DEBUG] cnn_neat: Split edge 9→16, new hidden node 19 (pool=14)
2026-08-18 19:30:25,427 [DEBUG] cnn_neat: Split edge 13→16, new hidden node 19 (pool=4)
2026-08-18 19:30:25,434 [DEBUG] cnn_neat: Split edge 0→8, new hidden node 20 (pool=10)
2026-08-18 19:30:25,452 [DEBUG] cnn_neat: Added edge 4→10 (from 41 candidates)
2026-08-18 19:30:25,483 [DEBUG] cnn_neat: Removed hidden node 17 (pool=9)
2026-08-18 19:30:25,496 [DEBUG] cnn_neat: Removed edge 9→16 (from 15 candidates)
2026-08-18 19:30:25,520 [DEBUG] cnn_neat: Removed 3 edges (requested 3)
2026-08-18 19:30:25,539 [DEBUG] cnn_neat: Split edge 16→1, new hidden node 21 (pool=4)
2026-08-18 19:30:25,562 [DEBUG] cnn_neat: Split edge 13→9, new hidden node 20 (pool=12)
2026-08-18 19:30:25,576 [DEBUG] cnn_neat: Added edge 18→19 (from 35 candidates)
2026-08-18 19:30:25,591 [DEBUG] cnn_neat: Removed hidden node 19 (pool=9)
2026-08-18 19:30:25,607 [DEBUG] cnn_neat: Removed edge 18→9 (from 16 candidates)
2026-08-18 19:30:25,630 [DEBUG] cnn_neat: Removed 3 edges (requested 3)
2026-08-18 19:30:25,636 [DEBUG] cnn_neat: Split edge 18→9, new hidden node 21 (pool=7)
2026-08-18 19:30:25,880 [DEBUG] cnn_neat: Split edge 13→16, new hidden node 21 (pool=9)
2026-08-18 19:30:25,907 [DEBUG] cnn_neat: Added edge 20→9 (from 43 candidates)
2026-08-18 19:30:25,966 [DEBUG] cnn_neat: Removed hidden node 17 (pool=10)
2026-08-18 19:30:25,970 [DEBUG] cnn_neat: Removed edge 9→1 (from 8 candidates)
2026-08-18 19:30:25,988 [DEBUG] cnn_neat: Removed 3 edges (requested 3)
2026-08-18 19:30:26,002 [DEBUG] cnn_neat: Split edge 9→1, new hidden node 22 (pool=8)
2026-08-18 19:30:26,014 [DEBUG] cnn_neat: Split edge 13→4, new hidden node 20 (pool=9)
2026-08-18 19:30:26,019 [DEBUG] cnn_neat: Added edge 0→19 (from 38 candidates)
2026-08-18 19:30:26,025 [DEBUG] cnn_neat: Removed hidden node 8 (pool=9)
2026-08-18 19:30:26,029 [DEBUG] cnn_neat: Removed edge 13→4 (from 14 candidates)
2026-08-18 19:30:26,037 [DEBUG] cnn_neat: Removed 3 edges (requested 3)
2026-08-18 19:30:26,045 [DEBUG] cnn_neat: Split edge 13→9, new hidden node 21 (pool=8)
2026-08-18 19:30:26,065 [DEBUG] cnn_neat: Split edge 0→13, new hidden node 19 (pool=5)
2026-08-18 19:30:26,079 [DEBUG] cnn_neat: Added edge 4→9 (from 34 candidates)
2026-08-18 19:30:26,089 [DEBUG] cnn_neat: Removed hidden node 17 (pool=8)
2026-08-18 19:30:26,092 [DEBUG] cnn_neat: Removed edge 9→1 (from 10 candidates)
2026-08-18 19:30:26,116 [DEBUG] cnn_neat: Removed 3 edges (requested 3)
2026-08-18 19:30:26,130 [DEBUG] cnn_neat: Split edge 9→10, new hidden node 20 (pool=11)
2026-08-18 19:30:26,397 [DEBUG] cnn_neat: Split edge 4→9, new hidden node 20 (pool=8)
2026-08-18 19:30:26,409 [DEBUG] cnn_neat: Added edge 4→13 (from 48 candidates)
2026-08-18 19:30:26,427 [DEBUG] cnn_neat: Removed hidden node 10 (pool=9)
2026-08-18 19:30:26,441 [DEBUG] cnn_neat: Removed edge 0→4 (from 12 candidates)
2026-08-18 19:30:26,451 [DEBUG] cnn_neat: Removed 3 edges (requested 3)
2026-08-18 19:30:26,459 [DEBUG] cnn_neat: Split edge 17→1, new hidden node 21 (pool=13)
2026-08-18 19:30:26,463 [DEBUG] cnn_neat: Split edge 4→19, new hidden node 20 (pool=8)
2026-08-18 19:30:26,469 [DEBUG] cnn_neat: Split edge 0→8, new hidden node 21 (pool=10)
2026-08-18 19:30:26,474 [DEBUG] cnn_neat: Added edge 8→4 (from 50 candidates)
2026-08-18 19:30:26,480 [DEBUG] cnn_neat: Removed hidden node 8 (pool=10)
2026-08-18 19:30:26,484 [DEBUG] cnn_neat: Removed edge 19→4 (from 15 candidates)
2026-08-18 19:30:26,494 [DEBUG] cnn_neat: Removed 3 edges (requested 3)
2026-08-18 19:30:26,507 [DEBUG] cnn_neat: Split edge 0→13, new hidden node 22 (pool=1)
2026-08-18 19:30:26,524 [DEBUG] cnn_neat: Split edge 0→4, new hidden node 21 (pool=3)
2026-08-18 19:30:26,533 [DEBUG] cnn_neat: Added edge 18→20 (from 41 candidates)
2026-08-18 19:30:26,540 [DEBUG] cnn_neat: Removed hidden node 17 (pool=10)
2026-08-18 19:30:26,543 [DEBUG] cnn_neat: Removed edge 10→1 (from 15 candidates)
2026-08-18 19:30:26,551 [DEBUG] cnn_neat: Removed 3 edges (requested 3)
2026-08-18 19:30:26,555 [DEBUG] cnn_neat: Split edge 13→4, new hidden node 21 (pool=2)
2026-08-18 19:30:26,559 [DEBUG] cnn_neat: Split edge 13→4, new hidden node 21 (pool=8)
2026-08-18 19:30:26,568 [DEBUG] cnn_neat: Split edge 0→4, new hidden node 21 (pool=6)
2026-08-18 19:30:26,580 [DEBUG] cnn_neat: Added edge 19→17 (from 60 candidates)
2026-08-18 19:30:26,599 [DEBUG] cnn_neat: Removed hidden node 18 (pool=10)
2026-08-18 19:30:26,606 [DEBUG] cnn_neat: Removed edge 9→10 (from 11 candidates)
2026-08-18 19:30:26,613 [DEBUG] cnn_neat: Removed 3 edges (requested 3)
2026-08-18 19:30:26,617 [DEBUG] cnn_neat: Split edge 18→9, new hidden node 22 (pool=9)
2026-08-18 19:30:26,621 [DEBUG] cnn_neat: Split edge 4→9, new hidden node 21 (pool=10)
2026-08-18 19:30:26,627 [DEBUG] cnn_neat: Split edge 16→17, new hidden node 20 (pool=7)
2026-08-18 19:30:26,630 [DEBUG] cnn_neat: Added edge 13→19 (from 37 candidates)
2026-08-18 19:30:26,636 [DEBUG] cnn_neat: Removed hidden node 19 (pool=8)
2026-08-18 19:30:26,642 [DEBUG] cnn_neat: Removed edge 9→10 (from 9 candidates)
2026-08-18 19:30:26,657 [DEBUG] cnn_neat: Removed 3 edges (requested 3)
2026-08-18 19:30:26,667 [DEBUG] cnn_neat: Split edge 13→16, new hidden node 21 (pool=8)
2026-08-18 19:30:26,726 [DEBUG] cnn_neat: Split edge 13→19, new hidden node 20 (pool=8)
2026-08-18 19:30:26,731 [DEBUG] cnn_neat: Split edge 0→13, new hidden node 19 (pool=6)
2026-08-18 19:30:26,736 [DEBUG] cnn_neat: Added edge 8→4 (from 40 candidates)
2026-08-18 19:30:26,881 [DEBUG] cnn_neat: Removed hidden node 4 (pool=8)
2026-08-18 19:30:26,884 [DEBUG] cnn_neat: Removed edge 0→4 (from 6 candidates)
2026-08-18 19:30:26,888 [DEBUG] cnn_neat: Removed 3 edges (requested 3)
2026-08-18 19:30:26,891 [DEBUG] cnn_neat: Split edge 9→1, new hidden node 19 (pool=7)
2026-08-18 19:30:26,893 [DEBUG] cnn_neat: Split edge 16→17, new hidden node 19 (pool=8)
2026-08-18 19:30:26,897 [DEBUG] cnn_neat: Added edge 17→10 (from 38 candidates)
2026-08-18 19:30:26,899 [DEBUG] cnn_neat: Added edge 13→17 (from 38 candidates)
2026-08-18 19:30:26,915 [DEBUG] cnn_neat: Split edge 17→1, new hidden node 19 (pool=5)
2026-08-18 19:30:26,921 [DEBUG] cnn_neat: Added edge 18→16 (from 27 candidates)
2026-08-18 19:30:26,929 [DEBUG] cnn_neat: Removed hidden node 10 (pool=7)
2026-08-18 19:30:26,933 [DEBUG] cnn_neat: Removed edge 13→16 (from 8 candidates)
2026-08-18 19:30:26,940 [DEBUG] cnn_neat: Removed 3 edges (requested 3)
2026-08-18 19:30:27,229 [DEBUG] cnn_neat: Split edge 0→13, new hidden node 19 (pool=8)
2026-08-18 19:30:27,232 [DEBUG] cnn_neat: Split edge 9→1, new hidden node 19 (pool=6)
2026-08-18 19:30:27,236 [DEBUG] cnn_neat: Added edge 16→8 (from 24 candidates)
2026-08-18 19:30:27,238 [DEBUG] cnn_neat: Added edge 10→16 (from 24 candidates)
2026-08-18 19:30:27,246 [DEBUG] cnn_neat: Split edge 13→16, new hidden node 19 (pool=7)
2026-08-18 19:30:27,251 [DEBUG] cnn_neat: Added edge 18→10 (from 35 candidates)
2026-08-18 19:30:27,258 [DEBUG] cnn_neat: Removed hidden node 9 (pool=8)
2026-08-18 19:30:27,262 [DEBUG] cnn_neat: Removed edge 4→1 (from 7 candidates)
2026-08-18 19:30:27,271 [DEBUG] cnn_neat: Removed 3 edges (requested 3)
2026-08-18 19:30:27,279 [DEBUG] cnn_neat: Split edge 8→18, new hidden node 20 (pool=6)
2026-08-18 19:30:27,283 [DEBUG] cnn_neat: Split edge 4→1, new hidden node 19 (pool=13)
2026-08-18 19:30:27,290 [DEBUG] cnn_neat: Split edge 16→17, new hidden node 19 (pool=7)
2026-08-18 19:30:27,295 [DEBUG] cnn_neat: Added edge 8→16 (from 37 candidates)
2026-08-18 19:30:27,303 [DEBUG] cnn_neat: Removed hidden node 10 (pool=8)
2026-08-18 19:30:27,311 [DEBUG] cnn_neat: Removed edge 10→1 (from 7 candidates)
2026-08-18 19:30:27,320 [DEBUG] cnn_neat: Removed 3 edges (requested 3)
2026-08-18 19:30:27,326 [DEBUG] cnn_neat: Split edge 18→4, new hidden node 20 (pool=6)
2026-08-18 19:30:27,332 [DEBUG] cnn_neat: Split edge 18→4, new hidden node 19 (pool=8)
2026-08-18 19:30:27,340 [DEBUG] cnn_neat: Split edge 13→16, new hidden node 21 (pool=5)
2026-08-18 19:30:27,345 [DEBUG] cnn_neat: Added edge 20→18 (from 50 candidates)
2026-08-18 19:30:27,353 [DEBUG] cnn_neat: Removed hidden node 10 (pool=9)
2026-08-18 19:30:27,358 [DEBUG] cnn_neat: Removed edge 20→16 (from 5 candidates)
2026-08-18 19:30:27,365 [DEBUG] cnn_neat: Removed 3 edges (requested 3)
2026-08-18 19:30:27,370 [DEBUG] cnn_neat: Split edge 0→8, new hidden node 22 (pool=4)
2026-08-18 19:30:27,375 [DEBUG] cnn_neat: Split edge 17→1, new hidden node 21 (pool=5)
2026-08-18 19:30:27,383 [DEBUG] cnn_neat: Split edge 19→13, new hidden node 20 (pool=7)
2026-08-18 19:30:27,387 [DEBUG] cnn_neat: Added edge 18→17 (from 37 candidates)
2026-08-18 19:30:27,394 [DEBUG] cnn_neat: Removed hidden node 16 (pool=8)
2026-08-18 19:30:27,398 [DEBUG] cnn_neat: Removed edge 9→10 (from 7 candidates)
2026-08-18 19:30:27,405 [DEBUG] cnn_neat: Removed 3 edges (requested 3)
2026-08-18 19:30:27,409 [DEBUG] cnn_neat: Split edge 13→16, new hidden node 21 (pool=5)
2026-08-18 19:30:27,418 [DEBUG] cnn_neat: Split edge 17→1, new hidden node 20 (pool=5)
2026-08-18 19:30:27,424 [DEBUG] cnn_neat: Added edge 19→10 (from 49 candidates)
2026-08-18 19:30:27,436 [DEBUG] cnn_neat: Removed hidden node 19 (pool=9)
2026-08-18 19:30:27,440 [DEBUG] cnn_neat: Removed edge 4→19 (from 6 candidates)
2026-08-18 19:30:27,449 [DEBUG] cnn_neat: Removed 3 edges (requested 3)
2026-08-18 19:30:27,455 [DEBUG] cnn_neat: Split edge 8→18, new hidden node 21 (pool=4)
2026-08-18 19:30:27,464 [DEBUG] cnn_neat: Split edge 16→17, new hidden node 21 (pool=9)
2026-08-18 19:30:27,470 [DEBUG] cnn_neat: Added edge 19→8 (from 65 candidates)
2026-08-18 19:30:27,478 [DEBUG] cnn_neat: Removed hidden node 17 (pool=10)
2026-08-18 19:30:27,482 [DEBUG] cnn_neat: Removed edge 9→10 (from 7 candidates)
2026-08-18 19:30:27,492 [DEBUG] cnn_neat: Removed 3 edges (requested 3)
2026-08-18 19:30:27,497 [DEBUG] cnn_neat: Split edge 8→18, new hidden node 22 (pool=8)
2026-08-18 19:30:27,500 [DEBUG] cnn_neat: Split edge 0→13, new hidden node 21 (pool=10)
2026-08-18 19:30:27,508 [DEBUG] cnn_neat: Split edge 0→13, new hidden node 20 (pool=7)
2026-08-18 19:30:27,513 [DEBUG] cnn_neat: Added edge 4→13 (from 39 candidates)
2026-08-18 19:30:27,518 [DEBUG] cnn_neat: Saved generation 13
2026-08-18 19:30:27,606 [DEBUG] cnn_neat: Selected 25 elite individuals
2026-08-18 19:30:27,617 [DEBUG] cnn_neat: Removed hidden node 17 (pool=9)
2026-08-18 19:30:27,639 [DEBUG] cnn_neat: Removed edge 19→4 (from 8 candidates)
2026-08-18 19:30:27,731 [DEBUG] cnn_neat: Removed 3 edges (requested 3)
2026-08-18 19:30:27,760 [DEBUG] cnn_neat: Split edge 0→13, new hidden node 20 (pool=8)
2026-08-18 19:30:27,767 [DEBUG] cnn_neat: Split edge 0→13, new hidden node 20 (pool=8)
2026-08-18 19:30:27,790 [DEBUG] cnn_neat: Split edge 17→1, new hidden node 22 (pool=6)
2026-08-18 19:30:27,802 [DEBUG] cnn_neat: Added edge 21→4 (from 76 candidates)
2026-08-18 19:30:27,843 [DEBUG] cnn_neat: Removed hidden node 4 (pool=11)
2026-08-18 19:30:27,850 [DEBUG] cnn_neat: Removed edge 9→10 (from 7 candidates)
2026-08-18 19:30:27,862 [DEBUG] cnn_neat: Removed 3 edges (requested 3)
2026-08-18 19:30:27,871 [DEBUG] cnn_neat: Split edge 9→16, new hidden node 23 (pool=5)
2026-08-18 19:30:27,884 [DEBUG] cnn_neat: Split edge 0→20, new hidden node 21 (pool=10)
2026-08-18 19:30:27,893 [DEBUG] cnn_neat: Added edge 13→20 (from 52 candidates)
2026-08-18 19:30:27,909 [DEBUG] cnn_neat: Removed hidden node 4 (pool=10)
2026-08-18 19:30:27,918 [DEBUG] cnn_neat: Removed edge 9→1 (from 8 candidates)
2026-08-18 19:30:27,930 [DEBUG] cnn_neat: Trimmed elite queue to 128 entries
2026-08-18 19:30:28,460 [DEBUG] cnn_neat: Removed 3 edges (requested 3)
2026-08-18 19:30:28,463 [DEBUG] cnn_neat: Split edge 13→9, new hidden node 20 (pool=10)
2026-08-18 19:30:28,468 [DEBUG] cnn_neat: Added edge 0→19 (from 33 candidates)
2026-08-18 19:30:28,476 [DEBUG] cnn_neat: Removed hidden node 10 (pool=9)
2026-08-18 19:30:28,479 [DEBUG] cnn_neat: Split edge 9→16, new hidden node 20 (pool=7)
2026-08-18 19:30:28,483 [DEBUG] cnn_neat: Removed edge 16→17 (from 14 candidates)
2026-08-18 19:30:28,491 [DEBUG] cnn_neat: Removed 3 edges (requested 3)
2026-08-18 19:30:28,496 [DEBUG] cnn_neat: Crossover rejected: union topology invalid (edges=40 nodes=22)
2026-08-18 19:30:28,500 [DEBUG] cnn_neat: Split edge 18→10, new hidden node 20 (pool=10)
2026-08-18 19:30:28,506 [DEBUG] cnn_neat: Added edge 8→16 (from 33 candidates)
2026-08-18 19:30:28,510 [DEBUG] cnn_neat: Added edge 4→16 (from 32 candidates)
2026-08-18 19:30:28,514 [DEBUG] cnn_neat: Added edge 19→10 (from 28 candidates)
2026-08-18 19:30:28,520 [DEBUG] cnn_neat: Added edge 18→13 (from 27 candidates)
2026-08-18 19:30:28,526 [DEBUG] cnn_neat: Added edge 9→4 (from 26 candidates)
2026-08-18 19:30:28,535 [DEBUG] cnn_neat: Added edge 4→8 (from 56 candidates)
2026-08-18 19:30:28,541 [DEBUG] cnn_neat: Added edge 20→21 (from 56 candidates)
2026-08-18 19:30:28,548 [DEBUG] cnn_neat: Removed hidden node 17 (pool=11)
2026-08-18 19:30:28,552 [DEBUG] cnn_neat: Removed edge 19→9 (from 14 candidates)
2026-08-18 19:30:28,559 [DEBUG] cnn_neat: Removed 3 edges (requested 3)
2026-08-18 19:30:28,565 [DEBUG] cnn_neat: Crossover rejected: union topology invalid (edges=40 nodes=24)
2026-08-18 19:30:28,573 [DEBUG] cnn_neat: Added edge 13→4 (from 56 candidates)
2026-08-18 19:30:28,578 [DEBUG] cnn_neat: Added edge 21→19 (from 56 candidates)
2026-08-18 19:30:28,583 [DEBUG] cnn_neat: Added edge 8→16 (from 48 candidates)
2026-08-18 19:30:28,589 [DEBUG] cnn_neat: Added edge 8→9 (from 47 candidates)
2026-08-18 19:30:28,595 [DEBUG] cnn_neat: Added edge 0→19 (from 46 candidates)
2026-08-18 19:30:28,601 [DEBUG] cnn_neat: Added edge 4→9 (from 42 candidates)
2026-08-18 19:30:28,606 [DEBUG] cnn_neat: Split edge 0→13, new hidden node 22 (pool=1)
2026-08-18 19:30:28,611 [DEBUG] cnn_neat: Added edge 19→16 (from 48 candidates)
2026-08-18 19:30:28,618 [DEBUG] cnn_neat: Removed hidden node 21 (pool=11)
2026-08-18 19:30:28,622 [DEBUG] cnn_neat: Removed edge 21→4 (from 16 candidates)
2026-08-18 19:30:28,631 [DEBUG] cnn_neat: Removed 3 edges (requested 3)
2026-08-18 19:30:28,637 [DEBUG] cnn_neat: Crossover rejected: union topology invalid (edges=41 nodes=23)
2026-08-18 19:30:28,641 [DEBUG] cnn_neat: Split edge 0→13, new hidden node 22 (pool=1)
2026-08-18 19:30:28,646 [DEBUG] cnn_neat: Added edge 22→21 (from 56 candidates)
2026-08-18 19:30:28,652 [DEBUG] cnn_neat: Added edge 20→4 (from 48 candidates)
2026-08-18 19:30:28,658 [DEBUG] cnn_neat: Added edge 4→1 (from 47 candidates)
2026-08-18 19:30:28,663 [DEBUG] cnn_neat: Added edge 16→4 (from 45 candidates)
2026-08-18 19:30:28,669 [DEBUG] cnn_neat: Added edge 18→20 (from 44 candidates)
2026-08-18 19:30:28,676 [DEBUG] cnn_neat: Added edge 19→16 (from 43 candidates)
2026-08-18 19:30:28,680 [DEBUG] cnn_neat: Split edge 0→4, new hidden node 21 (pool=3)
2026-08-18 19:30:28,685 [DEBUG] cnn_neat: Added edge 4→9 (from 51 candidates)
2026-08-18 19:30:28,693 [DEBUG] cnn_neat: Removed hidden node 20 (pool=10)
2026-08-18 19:30:28,696 [DEBUG] cnn_neat: Removed edge 19→9 (from 12 candidates)
2026-08-18 19:30:28,703 [DEBUG] cnn_neat: Removed 3 edges (requested 3)
2026-08-18 19:30:28,708 [DEBUG] cnn_neat: Crossover rejected: union topology invalid (edges=38 nodes=23)
2026-08-18 19:30:28,712 [DEBUG] cnn_neat: Split edge 0→4, new hidden node 21 (pool=3)
2026-08-18 19:30:28,717 [DEBUG] cnn_neat: Added edge 8→13 (from 58 candidates)
2026-08-18 19:30:28,722 [DEBUG] cnn_neat: Added edge 10→4 (from 51 candidates)
2026-08-18 19:30:28,726 [DEBUG] cnn_neat: Added edge 18→4 (from 42 candidates)
2026-08-18 19:30:28,731 [DEBUG] cnn_neat: Added edge 18→16 (from 41 candidates)
2026-08-18 19:30:28,736 [DEBUG] cnn_neat: Added edge 13→17 (from 40 candidates)
2026-08-18 19:30:28,741 [DEBUG] cnn_neat: Added edge 9→16 (from 32 candidates)
2026-08-18 19:30:28,744 [DEBUG] cnn_neat: Split edge 0→13, new hidden node 21 (pool=1)
2026-08-18 19:30:28,748 [DEBUG] cnn_neat: Added edge 19→20 (from 36 candidates)
2026-08-18 19:30:28,754 [DEBUG] cnn_neat: Removed hidden node 20 (pool=9)
2026-08-18 19:30:28,758 [DEBUG] cnn_neat: Removed edge 9→1 (from 13 candidates)
2026-08-18 19:30:28,764 [DEBUG] cnn_neat: Removed 3 edges (requested 3)
2026-08-18 19:30:28,769 [DEBUG] cnn_neat: Crossover rejected: union topology invalid (edges=35 nodes=20)
2026-08-18 19:30:28,773 [DEBUG] cnn_neat: Split edge 0→13, new hidden node 21 (pool=1)
2026-08-18 19:30:28,778 [DEBUG] cnn_neat: Added edge 9→17 (from 36 candidates)
2026-08-18 19:30:28,781 [DEBUG] cnn_neat: Added edge 20→10 (from 36 candidates)
2026-08-18 19:30:28,785 [DEBUG] cnn_neat: Added edge 16→10 (from 35 candidates)
2026-08-18 19:30:28,789 [DEBUG] cnn_neat: Added edge 13→18 (from 34 candidates)
2026-08-18 19:30:28,793 [DEBUG] cnn_neat: Added edge 8→10 (from 31 candidates)
2026-08-18 19:30:28,797 [DEBUG] cnn_neat: Added edge 0→19 (from 24 candidates)
2026-08-18 19:30:28,805 [DEBUG] cnn_neat: Added edge 9→16 (from 58 candidates)
2026-08-18 19:30:28,810 [DEBUG] cnn_neat: Added edge 21→18 (from 58 candidates)
2026-08-18 19:30:28,816 [DEBUG] cnn_neat: Removed hidden node 18 (pool=11)
2026-08-18 19:30:28,819 [DEBUG] cnn_neat: Removed edge 16→1 (from 13 candidates)
2026-08-18 19:30:28,826 [DEBUG] cnn_neat: Removed 3 edges (requested 3)
2026-08-18 19:30:28,832 [DEBUG] cnn_neat: Crossover rejected: union topology invalid (edges=37 nodes=22)
2026-08-18 19:30:28,838 [DEBUG] cnn_neat: Added edge 21→17 (from 58 candidates)
2026-08-18 19:30:28,842 [DEBUG] cnn_neat: Added edge 19→4 (from 58 candidates)
2026-08-18 19:30:28,847 [DEBUG] cnn_neat: Added edge 8→13 (from 55 candidates)
2026-08-18 19:30:28,852 [DEBUG] cnn_neat: Added edge 19→21 (from 52 candidates)
2026-08-18 19:30:28,856 [DEBUG] cnn_neat: Added edge 17→21 (from 49 candidates)
2026-08-18 19:30:28,860 [DEBUG] cnn_neat: Added edge 13→18 (from 42 candidates)
2026-08-18 19:30:28,869 [DEBUG] cnn_neat: Added edge 9→4 (from 47 candidates)
2026-08-18 19:30:28,874 [DEBUG] cnn_neat: Added edge 19→4 (from 47 candidates)
2026-08-18 19:30:28,880 [DEBUG] cnn_neat: Removed hidden node 17 (pool=11)
2026-08-18 19:30:28,884 [DEBUG] cnn_neat: Removed edge 18→19 (from 13 candidates)
2026-08-18 19:30:28,890 [DEBUG] cnn_neat: Removed 3 edges (requested 3)
2026-08-18 19:30:28,895 [DEBUG] cnn_neat: Crossover rejected: union topology invalid (edges=38 nodes=22)
2026-08-18 19:30:28,901 [DEBUG] cnn_neat: Added edge 18→4 (from 47 candidates)
2026-08-18 19:30:28,906 [DEBUG] cnn_neat: Added edge 9→21 (from 47 candidates)
2026-08-18 19:30:28,910 [DEBUG] cnn_neat: Added edge 13→4 (from 46 candidates)
2026-08-18 19:30:28,914 [DEBUG] cnn_neat: Added edge 9→16 (from 45 candidates)
2026-08-18 19:30:28,918 [DEBUG] cnn_neat: Added edge 20→4 (from 44 candidates)
2026-08-18 19:30:28,923 [DEBUG] cnn_neat: Added edge 19→21 (from 43 candidates)
2026-08-18 19:30:28,927 [DEBUG] cnn_neat: Split edge 16→1, new hidden node 20 (pool=12)
2026-08-18 19:30:28,931 [DEBUG] cnn_neat: Added edge 19→1 (from 37 candidates)
2026-08-18 19:30:28,937 [DEBUG] cnn_neat: Removed hidden node 10 (pool=9)
2026-08-18 19:30:29,078 [DEBUG] cnn_neat: Split edge 16→10, new hidden node 20 (pool=10)
2026-08-18 19:30:29,207 [DEBUG] cnn_neat: Added edge 8→10 (from 33 candidates)
2026-08-18 19:30:29,228 [DEBUG] cnn_neat: Removed hidden node 10 (pool=9)
2026-08-18 19:30:29,241 [DEBUG] cnn_neat: Removed edge 9→10 (from 14 candidates)
2026-08-18 19:30:29,264 [DEBUG] cnn_neat: Removed 3 edges (requested 3)
2026-08-18 19:30:29,277 [DEBUG] cnn_neat: Split edge 13→4, new hidden node 21 (pool=3)
2026-08-18 19:30:29,287 [DEBUG] cnn_neat: Split edge 9→1, new hidden node 20 (pool=9)
2026-08-18 19:30:29,305 [DEBUG] cnn_neat: Split edge 13→4, new hidden node 21 (pool=3)
2026-08-18 19:30:29,317 [DEBUG] cnn_neat: Added edge 8→17 (from 49 candidates)
2026-08-18 19:30:29,339 [DEBUG] cnn_neat: Removed hidden node 10 (pool=10)
2026-08-18 19:30:29,351 [DEBUG] cnn_neat: Removed edge 18→10 (from 15 candidates)
2026-08-18 19:30:29,790 [DEBUG] cnn_neat: Removed 3 edges (requested 3)
2026-08-18 19:30:29,844 [DEBUG] cnn_neat: Split edge 0→13, new hidden node 21 (pool=3)
2026-08-18 19:30:29,882 [DEBUG] cnn_neat: Added edge 19→10 (from 50 candidates)
2026-08-18 19:30:29,947 [DEBUG] cnn_neat: Removed hidden node 20 (pool=10)
2026-08-18 19:30:29,980 [DEBUG] cnn_neat: Removed edge 20→16 (from 14 candidates)
2026-08-18 19:30:30,055 [DEBUG] cnn_neat: Removed 3 edges (requested 3)
2026-08-18 19:30:30,079 [DEBUG] cnn_neat: Split edge 0→4, new hidden node 21 (pool=3)
2026-08-18 19:30:30,096 [DEBUG] cnn_neat: Split edge 13→4, new hidden node 21 (pool=3)
2026-08-18 19:30:30,116 [DEBUG] cnn_neat: Split edge 13→9, new hidden node 21 (pool=1)
2026-08-18 19:30:30,132 [DEBUG] cnn_neat: Split edge 0→13, new hidden node 22 (pool=1)
2026-08-18 19:30:30,142 [DEBUG] cnn_neat: Added edge 8→13 (from 57 candidates)
2026-08-18 19:30:30,158 [DEBUG] cnn_neat: Removed hidden node 18 (pool=11)
2026-08-18 19:30:30,167 [DEBUG] cnn_neat: Removed edge 17→1 (from 15 candidates)
2026-08-18 19:30:30,183 [DEBUG] cnn_neat: Removed 3 edges (requested 3)
2026-08-18 19:30:30,193 [DEBUG] cnn_neat: Split edge 0→13, new hidden node 22 (pool=1)
2026-08-18 19:30:30,199 [DEBUG] cnn_neat: Split edge 0→21, new hidden node 22 (pool=7)
2026-08-18 19:30:30,221 [DEBUG] cnn_neat: Added edge 0→20 (from 56 candidates)
2026-08-18 19:30:30,242 [DEBUG] cnn_neat: Removed hidden node 8 (pool=11)
2026-08-18 19:30:30,250 [DEBUG] cnn_neat: Removed edge 21→4 (from 14 candidates)
2026-08-18 19:30:30,269 [DEBUG] cnn_neat: Removed 3 edges (requested 3)
2026-08-18 19:30:30,277 [DEBUG] cnn_neat: Split edge 18→10, new hidden node 22 (pool=8)
2026-08-18 19:30:30,283 [DEBUG] cnn_neat: Split edge 21→4, new hidden node 22 (pool=6)
2026-08-18 19:30:30,297 [DEBUG] cnn_neat: Split edge 0→13, new hidden node 22 (pool=1)
2026-08-18 19:30:30,305 [DEBUG] cnn_neat: Added edge 18→20 (from 48 candidates)
2026-08-18 19:30:30,319 [DEBUG] cnn_neat: Removed hidden node 20 (pool=11)
2026-08-18 19:30:30,328 [DEBUG] cnn_neat: Removed edge 18→19 (from 16 candidates)
2026-08-18 19:30:30,341 [DEBUG] cnn_neat: Removed 3 edges (requested 3)
2026-08-18 19:30:30,353 [DEBUG] cnn_neat: Split edge 13→9, new hidden node 22 (pool=6)
2026-08-18 19:30:30,361 [DEBUG] cnn_neat: Split edge 16→1, new hidden node 22 (pool=7)
2026-08-18 19:30:30,375 [DEBUG] cnn_neat: Split edge 0→4, new hidden node 21 (pool=3)
2026-08-18 19:30:30,383 [DEBUG] cnn_neat: Added edge 16→4 (from 51 candidates)
2026-08-18 19:30:30,410 [DEBUG] cnn_neat: Removed hidden node 20 (pool=10)
2026-08-18 19:30:30,417 [DEBUG] cnn_neat: Removed edge 17→1 (from 12 candidates)
2026-08-18 19:30:30,431 [DEBUG] cnn_neat: Removed 3 edges (requested 3)
2026-08-18 19:30:30,437 [DEBUG] cnn_neat: Split edge 0→4, new hidden node 21 (pool=3)
2026-08-18 19:30:30,445 [DEBUG] cnn_neat: Split edge 0→4, new hidden node 21 (pool=3)
2026-08-18 19:30:30,451 [DEBUG] cnn_neat: Split edge 17→1, new hidden node 21 (pool=14)
2026-08-18 19:30:30,517 [DEBUG] cnn_neat: Split edge 0→4, new hidden node 21 (pool=3)
2026-08-18 19:30:30,527 [DEBUG] cnn_neat: Added edge 8→17 (from 52 candidates)
2026-08-18 19:30:30,546 [DEBUG] cnn_neat: Removed hidden node 8 (pool=10)
2026-08-18 19:30:30,553 [DEBUG] cnn_neat: Removed edge 18→19 (from 13 candidates)
2026-08-18 19:30:30,569 [DEBUG] cnn_neat: Removed 3 edges (requested 3)
2026-08-18 19:30:30,577 [DEBUG] cnn_neat: Split edge 0→13, new hidden node 22 (pool=1)
2026-08-18 19:30:30,585 [DEBUG] cnn_neat: Split edge 9→10, new hidden node 21 (pool=9)
2026-08-18 19:30:30,627 [DEBUG] cnn_neat: Split edge 0→13, new hidden node 21 (pool=1)
2026-08-18 19:30:30,631 [DEBUG] cnn_neat: Added edge 18→20 (from 36 candidates)
2026-08-18 19:30:30,646 [DEBUG] cnn_neat: Removed hidden node 20 (pool=9)
2026-08-18 19:30:30,661 [DEBUG] cnn_neat: Removed edge 9→20 (from 13 candidates)
2026-08-18 19:30:30,681 [DEBUG] cnn_neat: Removed 3 edges (requested 3)
2026-08-18 19:30:30,697 [DEBUG] cnn_neat: Split edge 13→9, new hidden node 21 (pool=7)
2026-08-18 19:30:30,700 [DEBUG] cnn_neat: Split edge 9→1, new hidden node 21 (pool=4)
2026-08-18 19:30:30,704 [DEBUG] cnn_neat: Added edge 19→1 (from 34 candidates)
2026-08-18 19:30:30,714 [DEBUG] cnn_neat: Added edge 9→17 (from 58 candidates)
2026-08-18 19:30:30,720 [DEBUG] cnn_neat: Removed hidden node 17 (pool=11)
2026-08-18 19:30:30,723 [DEBUG] cnn_neat: Removed edge 9→1 (from 13 candidates)
2026-08-18 19:30:30,729 [DEBUG] cnn_neat: Removed 3 edges (requested 3)
2026-08-18 19:30:30,734 [DEBUG] cnn_neat: Split edge 21→4, new hidden node 22 (pool=7)
2026-08-18 19:30:30,737 [DEBUG] cnn_neat: Split edge 13→16, new hidden node 22 (pool=1)
2026-08-18 19:30:30,746 [DEBUG] cnn_neat: Added edge 13→4 (from 47 candidates)
2026-08-18 19:30:30,753 [DEBUG] cnn_neat: Removed hidden node 21 (pool=11)
2026-08-18 19:30:30,764 [DEBUG] cnn_neat: Removed edge 20→16 (from 13 candidates)
2026-08-18 19:30:30,787 [DEBUG] cnn_neat: Removed 3 edges (requested 3)
2026-08-18 19:30:30,807 [DEBUG] cnn_neat: Split edge 0→4, new hidden node 21 (pool=2)
2026-08-18 19:30:30,814 [DEBUG] cnn_neat: Split edge 13→9, new hidden node 22 (pool=10)
2026-08-18 19:30:30,820 [DEBUG] cnn_neat: Split edge 18→10, new hidden node 20 (pool=12)
2026-08-18 19:30:30,826 [DEBUG] cnn_neat: Added edge 8→9 (from 37 candidates)
2026-08-18 19:30:30,839 [DEBUG] cnn_neat: Removed hidden node 17 (pool=9)
2026-08-18 19:30:30,847 [DEBUG] cnn_neat: Removed edge 8→18 (from 16 candidates)
2026-08-18 19:30:30,853 [DEBUG] cnn_neat: Removed 3 edges (requested 3)
2026-08-18 19:30:30,860 [DEBUG] cnn_neat: Split edge 13→4, new hidden node 21 (pool=3)
2026-08-18 19:30:31,141 [DEBUG] cnn_neat: Split edge 19→9, new hidden node 20 (pool=8)
2026-08-18 19:30:31,153 [DEBUG] cnn_neat: Added edge 10→17 (from 38 candidates)
2026-08-18 19:30:31,180 [DEBUG] cnn_neat: Removed hidden node 19 (pool=9)
2026-08-18 19:30:31,198 [DEBUG] cnn_neat: Removed edge 13→19 (from 13 candidates)
2026-08-18 19:30:31,221 [DEBUG] cnn_neat: Removed 3 edges (requested 3)
2026-08-18 19:30:31,240 [DEBUG] cnn_neat: Split edge 0→13, new hidden node 21 (pool=6)
2026-08-18 19:30:31,256 [DEBUG] cnn_neat: Added edge 18→17 (from 46 candidates)
2026-08-18 19:30:31,275 [DEBUG] cnn_neat: Removed hidden node 9 (pool=10)
2026-08-18 19:30:31,288 [DEBUG] cnn_neat: Removed edge 16→1 (from 14 candidates)
2026-08-18 19:30:31,566 [DEBUG] cnn_neat: Removed 3 edges (requested 3)
2026-08-18 19:30:31,584 [DEBUG] cnn_neat: Split edge 18→9, new hidden node 22 (pool=12)
2026-08-18 19:30:31,606 [DEBUG] cnn_neat: Split edge 0→13, new hidden node 20 (pool=9)
2026-08-18 19:30:31,627 [DEBUG] cnn_neat: Added edge 4→9 (from 42 candidates)
2026-08-18 19:30:31,660 [DEBUG] cnn_neat: Removed hidden node 8 (pool=9)
2026-08-18 19:30:31,663 [DEBUG] cnn_neat: Removed edge 0→4 (from 12 candidates)
2026-08-18 19:30:31,670 [DEBUG] cnn_neat: Removed 3 edges (requested 3)
2026-08-18 19:30:31,680 [DEBUG] cnn_neat: Split edge 18→10, new hidden node 21 (pool=12)
2026-08-18 19:30:31,706 [DEBUG] cnn_neat: Split edge 9→16, new hidden node 21 (pool=8)
2026-08-18 19:30:31,716 [DEBUG] cnn_neat: Added edge 17→20 (from 49 candidates)
2026-08-18 19:30:31,735 [DEBUG] cnn_neat: Removed hidden node 9 (pool=10)
2026-08-18 19:30:31,739 [DEBUG] cnn_neat: Removed edge 9→10 (from 13 candidates)
2026-08-18 19:30:31,746 [DEBUG] cnn_neat: Removed 3 edges (requested 3)
2026-08-18 19:30:31,752 [DEBUG] cnn_neat: Split edge 13→9, new hidden node 21 (pool=8)
2026-08-18 19:30:31,759 [DEBUG] cnn_neat: Split edge 9→10, new hidden node 20 (pool=8)
2026-08-18 19:30:31,769 [DEBUG] cnn_neat: Added edge 18→16 (from 44 candidates)
2026-08-18 19:30:31,788 [DEBUG] cnn_neat: Removed hidden node 9 (pool=9)
2026-08-18 19:30:31,792 [DEBUG] cnn_neat: Removed edge 18→10 (from 11 candidates)
2026-08-18 19:30:31,798 [DEBUG] cnn_neat: Removed 3 edges (requested 3)
2026-08-18 19:30:31,802 [DEBUG] cnn_neat: Split edge 0→4, new hidden node 21 (pool=2)
2026-08-18 19:30:32,123 [DEBUG] cnn_neat: Split edge 13→9, new hidden node 20 (pool=9)
2026-08-18 19:30:32,140 [DEBUG] cnn_neat: Added edge 8→17 (from 35 candidates)
2026-08-18 19:30:32,162 [DEBUG] cnn_neat: Removed hidden node 9 (pool=9)
2026-08-18 19:30:32,177 [DEBUG] cnn_neat: Split edge 0→4, new hidden node 21 (pool=4)
2026-08-18 19:30:32,188 [DEBUG] cnn_neat: Added edge 13→18 (from 43 candidates)
2026-08-18 19:30:32,218 [DEBUG] cnn_neat: Removed hidden node 19 (pool=10)
2026-08-18 19:30:32,233 [DEBUG] cnn_neat: Removed edge 17→1 (from 14 candidates)
2026-08-18 19:30:32,256 [DEBUG] cnn_neat: Removed 3 edges (requested 3)
2026-08-18 19:30:32,260 [DEBUG] cnn_neat: Split edge 13→16, new hidden node 22 (pool=2)
2026-08-18 19:30:32,267 [DEBUG] cnn_neat: Split edge 13→4, new hidden node 19 (pool=8)
2026-08-18 19:30:32,282 [DEBUG] cnn_neat: Added edge 9→4 (from 34 candidates)
2026-08-18 19:30:32,293 [DEBUG] cnn_neat: Removed hidden node 9 (pool=8)
2026-08-18 19:30:32,301 [DEBUG] cnn_neat: Removed edge 10→1 (from 11 candidates)
2026-08-18 19:30:32,319 [DEBUG] cnn_neat: Removed 3 edges (requested 3)
2026-08-18 19:30:32,590 [DEBUG] cnn_neat: Split edge 0→13, new hidden node 20 (pool=8)
2026-08-18 19:30:32,601 [DEBUG] cnn_neat: Split edge 16→1, new hidden node 19 (pool=9)
2026-08-18 19:30:32,621 [DEBUG] cnn_neat: Split edge 9→1, new hidden node 20 (pool=9)
2026-08-18 19:30:32,629 [DEBUG] cnn_neat: Added edge 18→4 (from 35 candidates)
2026-08-18 19:30:32,642 [DEBUG] cnn_neat: Removed hidden node 10 (pool=9)
2026-08-18 19:30:32,646 [DEBUG] cnn_neat: Removed edge 13→4 (from 13 candidates)
2026-08-18 19:30:32,653 [DEBUG] cnn_neat: Removed 3 edges (requested 3)
2026-08-18 19:30:32,657 [DEBUG] cnn_neat: Split edge 16→1, new hidden node 20 (pool=10)
2026-08-18 19:30:32,661 [DEBUG] cnn_neat: Split edge 0→4, new hidden node 20 (pool=8)
2026-08-18 19:30:32,665 [DEBUG] cnn_neat: Split edge 9→16, new hidden node 20 (pool=5)
2026-08-18 19:30:32,672 [DEBUG] cnn_neat: Split edge 9→1, new hidden node 21 (pool=7)
2026-08-18 19:30:32,681 [DEBUG] cnn_neat: Added edge 19→20 (from 44 candidates)
2026-08-18 19:30:32,702 [DEBUG] cnn_neat: Removed hidden node 16 (pool=10)
2026-08-18 19:30:32,712 [DEBUG] cnn_neat: Removed edge 18→19 (from 14 candidates)
2026-08-18 19:30:32,720 [DEBUG] cnn_neat: Removed 3 edges (requested 3)
2026-08-18 19:30:32,724 [DEBUG] cnn_neat: Split edge 13→16, new hidden node 22 (pool=2)
2026-08-18 19:30:32,731 [DEBUG] cnn_neat: Split edge 13→9, new hidden node 20 (pool=9)
2026-08-18 19:30:32,735 [DEBUG] cnn_neat: Added edge 13→8 (from 39 candidates)
2026-08-18 19:30:32,742 [DEBUG] cnn_neat: Removed hidden node 17 (pool=9)
2026-08-18 19:30:32,748 [DEBUG] cnn_neat: Removed edge 19→9 (from 13 candidates)
2026-08-18 19:30:32,773 [DEBUG] cnn_neat: Removed 3 edges (requested 3)
2026-08-18 19:30:32,783 [DEBUG] cnn_neat: Split edge 9→16, new hidden node 20 (pool=10)
2026-08-18 19:30:32,786 [DEBUG] cnn_neat: Split edge 0→4, new hidden node 20 (pool=9)
2026-08-18 19:30:32,790 [DEBUG] cnn_neat: Split edge 9→16, new hidden node 20 (pool=10)
2026-08-18 19:30:32,797 [DEBUG] cnn_neat: Split edge 18→10, new hidden node 20 (pool=9)
2026-08-18 19:30:32,801 [DEBUG] cnn_neat: Added edge 0→19 (from 31 candidates)
2026-08-18 19:30:32,807 [DEBUG] cnn_neat: Removed hidden node 19 (pool=9)
2026-08-18 19:30:32,811 [DEBUG] cnn_neat: Removed edge 9→16 (from 14 candidates)
2026-08-18 19:30:32,823 [DEBUG] cnn_neat: Removed 3 edges (requested 3)
2026-08-18 19:30:32,836 [DEBUG] cnn_neat: Split edge 0→4, new hidden node 21 (pool=3)
2026-08-18 19:30:32,898 [DEBUG] cnn_neat: Split edge 0→4, new hidden node 20 (pool=13)
2026-08-18 19:30:32,904 [DEBUG] cnn_neat: Split edge 16→1, new hidden node 20 (pool=8)
2026-08-18 19:30:32,941 [DEBUG] cnn_neat: Split edge 13→9, new hidden node 20 (pool=9)
2026-08-18 19:30:32,949 [DEBUG] cnn_neat: Added edge 16→4 (from 30 candidates)
2026-08-18 19:30:32,960 [DEBUG] cnn_neat: Removed hidden node 17 (pool=9)
2026-08-18 19:30:32,967 [DEBUG] cnn_neat: Removed edge 16→17 (from 15 candidates)
2026-08-18 19:30:33,276 [DEBUG] cnn_neat: Removed 3 edges (requested 3)
2026-08-18 19:30:33,287 [DEBUG] cnn_neat: Split edge 13→16, new hidden node 20 (pool=6)
2026-08-18 19:30:33,294 [DEBUG] cnn_neat: Added edge 10→16 (from 29 candidates)
2026-08-18 19:30:33,305 [DEBUG] cnn_neat: Removed hidden node 16 (pool=8)
2026-08-18 19:30:33,312 [DEBUG] cnn_neat: Removed edge 9→10 (from 10 candidates)
2026-08-18 19:30:33,325 [DEBUG] cnn_neat: Removed 3 edges (requested 3)
2026-08-18 19:30:33,332 [DEBUG] cnn_neat: Split edge 19→9, new hidden node 21 (pool=11)
2026-08-18 19:30:33,347 [DEBUG] cnn_neat: Split edge 13→9, new hidden node 21 (pool=8)
2026-08-18 19:30:33,357 [DEBUG] cnn_neat: Added edge 9→20 (from 40 candidates)
2026-08-18 19:30:33,379 [DEBUG] cnn_neat: Removed hidden node 20 (pool=10)
2026-08-18 19:30:33,386 [DEBUG] cnn_neat: Removed edge 10→1 (from 16 candidates)
2026-08-18 19:30:33,400 [DEBUG] cnn_neat: Removed 3 edges (requested 3)
2026-08-18 19:30:33,409 [DEBUG] cnn_neat: Split edge 13→16, new hidden node 22 (pool=1)
2026-08-18 19:30:33,422 [DEBUG] cnn_neat: Split edge 13→4, new hidden node 21 (pool=4)
2026-08-18 19:30:33,432 [DEBUG] cnn_neat: Added edge 4→18 (from 53 candidates)
2026-08-18 19:30:33,455 [DEBUG] cnn_neat: Removed hidden node 17 (pool=10)
2026-08-18 19:30:33,464 [DEBUG] cnn_neat: Removed edge 9→16 (from 12 candidates)
2026-08-18 19:30:33,479 [DEBUG] cnn_neat: Removed 3 edges (requested 3)
2026-08-18 19:30:33,488 [DEBUG] cnn_neat: Split edge 13→16, new hidden node 22 (pool=1)
2026-08-18 19:30:33,499 [DEBUG] cnn_neat: Split edge 8→18, new hidden node 21 (pool=7)
2026-08-18 19:30:33,508 [DEBUG] cnn_neat: Saved generation 14
2026-08-18 19:30:33,564 [DEBUG] cnn_neat: Split edge 0→4, new hidden node 21 (pool=3)
2026-08-18 19:30:33,597 [DEBUG] cnn_neat: Selected 25 elite individuals
2026-08-18 19:30:33,630 [DEBUG] cnn_neat: Split edge 16→1, new hidden node 20 (pool=9)
2026-08-18 19:30:33,657 [DEBUG] cnn_neat: Added edge 4→17 (from 37 candidates)
2026-08-18 19:30:33,756 [DEBUG] cnn_neat: Removed hidden node 17 (pool=9)
2026-08-18 19:30:33,779 [DEBUG] cnn_neat: Removed edge 0→4 (from 12 candidates)
2026-08-18 19:30:33,803 [DEBUG] cnn_neat: Removed 3 edges (requested 3)
2026-08-18 19:30:33,818 [DEBUG] cnn_neat: Split edge 0→13, new hidden node 21 (pool=3)
2026-08-18 19:30:33,843 [DEBUG] cnn_neat: Split edge 9→4, new hidden node 20 (pool=11)
2026-08-18 19:30:33,861 [DEBUG] cnn_neat: Added edge 8→17 (from 38 candidates)
2026-08-18 19:30:33,877 [DEBUG] cnn_neat: Removed hidden node 16 (pool=9)
2026-08-18 19:30:33,887 [DEBUG] cnn_neat: Removed edge 17→1 (from 15 candidates)
2026-08-18 19:30:33,909 [DEBUG] cnn_neat: Removed 3 edges (requested 3)
2026-08-18 19:30:33,920 [DEBUG] cnn_neat: Split edge 0→4, new hidden node 21 (pool=3)
2026-08-18 19:30:33,927 [DEBUG] cnn_neat: Trimmed elite queue to 128 entries
2026-08-18 19:30:34,481 [DEBUG] cnn_neat: Split edge 16→1, new hidden node 19 (pool=12)
2026-08-18 19:30:34,486 [DEBUG] cnn_neat: Added edge 20→1 (from 42 candidates)
2026-08-18 19:30:34,491 [DEBUG] cnn_neat: Added edge 18→9 (from 42 candidates)
2026-08-18 19:30:34,497 [DEBUG] cnn_neat: Removed hidden node 19 (pool=11)
2026-08-18 19:30:34,501 [DEBUG] cnn_neat: Removed edge 9→20 (from 18 candidates)
2026-08-18 19:30:34,508 [DEBUG] cnn_neat: Removed 3 edges (requested 3)
2026-08-18 19:30:34,513 [DEBUG] cnn_neat: Crossover rejected: union topology invalid (edges=46 nodes=24)
2026-08-18 19:30:34,519 [DEBUG] cnn_neat: Added edge 20→21 (from 42 candidates)
2026-08-18 19:30:34,524 [DEBUG] cnn_neat: Added edge 20→1 (from 42 candidates)
2026-08-18 19:30:34,530 [DEBUG] cnn_neat: Added edge 19→17 (from 40 candidates)
2026-08-18 19:30:34,534 [DEBUG] cnn_neat: Added edge 18→16 (from 38 candidates)
2026-08-18 19:30:34,539 [DEBUG] cnn_neat: Added edge 8→16 (from 37 candidates)
2026-08-18 19:30:34,544 [DEBUG] cnn_neat: Added edge 9→4 (from 36 candidates)
2026-08-18 19:30:34,548 [DEBUG] cnn_neat: Split edge 0→4, new hidden node 21 (pool=3)
2026-08-18 19:30:34,553 [DEBUG] cnn_neat: Added edge 18→20 (from 50 candidates)
2026-08-18 19:30:34,564 [DEBUG] cnn_neat: Removed hidden node 9 (pool=10)
2026-08-18 19:30:34,567 [DEBUG] cnn_neat: Removed edge 17→1 (from 13 candidates)
2026-08-18 19:30:34,576 [DEBUG] cnn_neat: Removed 3 edges (requested 3)
2026-08-18 19:30:34,581 [DEBUG] cnn_neat: Crossover rejected: union topology invalid (edges=44 nodes=23)
2026-08-18 19:30:34,584 [DEBUG] cnn_neat: Split edge 0→4, new hidden node 21 (pool=3)
2026-08-18 19:30:34,590 [DEBUG] cnn_neat: Added edge 9→17 (from 56 candidates)
2026-08-18 19:30:34,595 [DEBUG] cnn_neat: Added edge 8→19 (from 50 candidates)
2026-08-18 19:30:34,600 [DEBUG] cnn_neat: Added edge 10→4 (from 39 candidates)
2026-08-18 19:30:34,605 [DEBUG] cnn_neat: Added edge 9→17 (from 33 candidates)
2026-08-18 19:30:34,610 [DEBUG] cnn_neat: Added edge 0→19 (from 32 candidates)
2026-08-18 19:30:34,615 [DEBUG] cnn_neat: Added edge 18→17 (from 35 candidates)
2026-08-18 19:30:34,619 [DEBUG] cnn_neat: Split edge 0→13, new hidden node 22 (pool=1)
2026-08-18 19:30:34,624 [DEBUG] cnn_neat: Split edge 19→9, new hidden node 23 (pool=9)
2026-08-18 19:30:34,630 [DEBUG] cnn_neat: Added edge 19→20 (from 55 candidates)
2026-08-18 19:30:34,637 [DEBUG] cnn_neat: Removed hidden node 20 (pool=11)
2026-08-18 19:30:34,641 [DEBUG] cnn_neat: Removed edge 10→1 (from 16 candidates)
2026-08-18 19:30:34,650 [DEBUG] cnn_neat: Removed 3 edges (requested 3)
2026-08-18 19:30:34,655 [DEBUG] cnn_neat: Crossover rejected: union topology invalid (edges=41 nodes=23)
2026-08-18 19:30:34,660 [DEBUG] cnn_neat: Split edge 0→13, new hidden node 22 (pool=1)
2026-08-18 19:30:34,666 [DEBUG] cnn_neat: Added edge 8→22 (from 61 candidates)
2026-08-18 19:30:34,671 [DEBUG] cnn_neat: Added edge 20→1 (from 55 candidates)
2026-08-18 19:30:34,677 [DEBUG] cnn_neat: Added edge 20→4 (from 54 candidates)
2026-08-18 19:30:34,683 [DEBUG] cnn_neat: Added edge 9→16 (from 48 candidates)
2026-08-18 19:30:34,689 [DEBUG] cnn_neat: Added edge 4→10 (from 47 candidates)
2026-08-18 19:30:34,695 [DEBUG] cnn_neat: Added edge 20→21 (from 44 candidates)
2026-08-18 19:30:34,699 [DEBUG] cnn_neat: Split edge 8→4, new hidden node 21 (pool=4)
2026-08-18 19:30:34,705 [DEBUG] cnn_neat: Added edge 18→9 (from 47 candidates)
2026-08-18 19:30:34,713 [DEBUG] cnn_neat: Removed hidden node 8 (pool=10)
2026-08-18 19:30:34,717 [DEBUG] cnn_neat: Removed edge 9→1 (from 16 candidates)
2026-08-18 19:30:34,724 [DEBUG] cnn_neat: Removed 3 edges (requested 3)
2026-08-18 19:30:34,729 [DEBUG] cnn_neat: Crossover rejected: union topology invalid (edges=39 nodes=22)
2026-08-18 19:30:34,734 [DEBUG] cnn_neat: Split edge 8→4, new hidden node 21 (pool=4)
2026-08-18 19:30:34,740 [DEBUG] cnn_neat: Added edge 8→4 (from 52 candidates)
2026-08-18 19:30:34,744 [DEBUG] cnn_neat: Added edge 4→16 (from 47 candidates)
2026-08-18 19:30:34,750 [DEBUG] cnn_neat: Added edge 8→9 (from 43 candidates)
2026-08-18 19:30:34,756 [DEBUG] cnn_neat: Added edge 16→10 (from 42 candidates)
2026-08-18 19:30:34,762 [DEBUG] cnn_neat: Added edge 4→18 (from 41 candidates)
2026-08-18 19:30:34,767 [DEBUG] cnn_neat: Added edge 13→10 (from 34 candidates)
2026-08-18 19:30:34,771 [DEBUG] cnn_neat: Split edge 0→13, new hidden node 21 (pool=5)
2026-08-18 19:30:34,776 [DEBUG] cnn_neat: Added edge 9→16 (from 36 candidates)
2026-08-18 19:30:34,782 [DEBUG] cnn_neat: Removed hidden node 17 (pool=9)
2026-08-18 19:30:34,785 [DEBUG] cnn_neat: Removed edge 20→16 (from 11 candidates)
2026-08-18 19:30:34,792 [DEBUG] cnn_neat: Removed 3 edges (requested 3)
2026-08-18 19:30:34,797 [DEBUG] cnn_neat: Crossover rejected: union topology invalid (edges=41 nodes=22)
2026-08-18 19:30:34,800 [DEBUG] cnn_neat: Split edge 0→4, new hidden node 21 (pool=5)
2026-08-18 19:30:34,805 [DEBUG] cnn_neat: Added edge 19→16 (from 36 candidates)
2026-08-18 19:30:34,809 [DEBUG] cnn_neat: Added edge 13→17 (from 35 candidates)
2026-08-18 19:30:34,813 [DEBUG] cnn_neat: Added edge 8→13 (from 30 candidates)
2026-08-18 19:30:34,817 [DEBUG] cnn_neat: Added edge 19→4 (from 29 candidates)
2026-08-18 19:30:34,822 [DEBUG] cnn_neat: Added edge 20→1 (from 28 candidates)
2026-08-18 19:30:34,831 [DEBUG] cnn_neat: Added edge 18→21 (from 57 candidates)
2026-08-18 19:30:34,836 [DEBUG] cnn_neat: Added edge 20→1 (from 57 candidates)
2026-08-18 19:30:34,843 [DEBUG] cnn_neat: Removed hidden node 19 (pool=11)
2026-08-18 19:30:34,847 [DEBUG] cnn_neat: Removed edge 21→4 (from 14 candidates)
2026-08-18 19:30:34,853 [DEBUG] cnn_neat: Removed 3 edges (requested 3)
2026-08-18 19:30:34,858 [DEBUG] cnn_neat: Crossover rejected: union topology invalid (edges=39 nodes=22)
2026-08-18 19:30:34,864 [DEBUG] cnn_neat: Added edge 9→21 (from 57 candidates)
2026-08-18 19:30:34,869 [DEBUG] cnn_neat: Added edge 17→21 (from 57 candidates)
2026-08-18 19:30:34,874 [DEBUG] cnn_neat: Added edge 19→4 (from 45 candidates)
2026-08-18 19:30:34,878 [DEBUG] cnn_neat: Added edge 18→16 (from 44 candidates)
2026-08-18 19:30:34,883 [DEBUG] cnn_neat: Added edge 18→17 (from 43 candidates)
2026-08-18 19:30:34,887 [DEBUG] cnn_neat: Added edge 16→21 (from 42 candidates)
2026-08-18 19:30:34,897 [DEBUG] cnn_neat: Added edge 19→4 (from 34 candidates)
2026-08-18 19:30:34,901 [DEBUG] cnn_neat: Added edge 19→1 (from 34 candidates)
2026-08-18 19:30:34,908 [DEBUG] cnn_neat: Removed hidden node 8 (pool=10)
2026-08-18 19:30:34,913 [DEBUG] cnn_neat: Removed edge 17→1 (from 15 candidates)
2026-08-18 19:30:34,922 [DEBUG] cnn_neat: Removed 3 edges (requested 3)
2026-08-18 19:30:34,928 [DEBUG] cnn_neat: Crossover rejected: union topology invalid (edges=38 nodes=22)
2026-08-18 19:30:34,934 [DEBUG] cnn_neat: Added edge 0→4 (from 34 candidates)
2026-08-18 19:30:34,942 [DEBUG] cnn_neat: Removed hidden node 8 (pool=10)
2026-08-18 19:30:34,947 [DEBUG] cnn_neat: Added edge 19→10 (from 34 candidates)
2026-08-18 19:30:34,951 [DEBUG] cnn_neat: Added edge 19→20 (from 32 candidates)
2026-08-18 19:30:34,957 [DEBUG] cnn_neat: Added edge 13→18 (from 31 candidates)
2026-08-18 19:30:34,962 [DEBUG] cnn_neat: Added edge 19→17 (from 28 candidates)
2026-08-18 19:30:34,967 [DEBUG] cnn_neat: Added edge 19→1 (from 27 candidates)
2026-08-18 19:30:34,971 [DEBUG] cnn_neat: Split edge 0→4, new hidden node 21 (pool=3)
2026-08-18 19:30:34,977 [DEBUG] cnn_neat: Added edge 0→18 (from 45 candidates)
2026-08-18 19:30:34,983 [DEBUG] cnn_neat: Removed hidden node 16 (pool=10)
2026-08-18 19:30:35,173 [DEBUG] cnn_neat: Added edge 9→17 (from 42 candidates)
2026-08-18 19:30:35,272 [DEBUG] cnn_neat: Removed hidden node 21 (pool=11)
2026-08-18 19:30:35,282 [DEBUG] cnn_neat: Removed edge 16→1 (from 18 candidates)
2026-08-18 19:30:35,300 [DEBUG] cnn_neat: Removed 3 edges (requested 3)
2026-08-18 19:30:35,316 [DEBUG] cnn_neat: Split edge 0→4, new hidden node 21 (pool=3)
2026-08-18 19:30:35,326 [DEBUG] cnn_neat: Split edge 13→9, new hidden node 22 (pool=1)
2026-08-18 19:30:35,343 [DEBUG] cnn_neat: Split edge 9→1, new hidden node 20 (pool=10)
2026-08-18 19:30:35,355 [DEBUG] cnn_neat: Added edge 19→4 (from 33 candidates)
2026-08-18 19:30:35,375 [DEBUG] cnn_neat: Removed hidden node 8 (pool=9)
2026-08-18 19:30:35,386 [DEBUG] cnn_neat: Removed edge 0→4 (from 14 candidates)
2026-08-18 19:30:35,409 [DEBUG] cnn_neat: Removed 3 edges (requested 3)
2026-08-18 19:30:35,421 [DEBUG] cnn_neat: Split edge 0→4, new hidden node 21 (pool=4)
2026-08-18 19:30:35,440 [DEBUG] cnn_neat: Split edge 0→13, new hidden node 21 (pool=3)
2026-08-18 19:30:35,892 [DEBUG] cnn_neat: Added edge 0→19 (from 50 candidates)
2026-08-18 19:30:35,949 [DEBUG] cnn_neat: Split edge 13→4, new hidden node 21 (pool=3)
2026-08-18 19:30:35,993 [DEBUG] cnn_neat: Added edge 10→4 (from 49 candidates)
2026-08-18 19:30:36,035 [DEBUG] cnn_neat: Removed hidden node 4 (pool=10)
2026-08-18 19:30:36,061 [DEBUG] cnn_neat: Removed edge 9→10 (from 15 candidates)
2026-08-18 19:30:36,145 [DEBUG] cnn_neat: Removed 3 edges (requested 3)
2026-08-18 19:30:36,155 [DEBUG] cnn_neat: Split edge 13→4, new hidden node 21 (pool=3)
2026-08-18 19:30:36,177 [DEBUG] cnn_neat: Split edge 0→13, new hidden node 21 (pool=1)
2026-08-18 19:30:36,188 [DEBUG] cnn_neat: Split edge 13→16, new hidden node 21 (pool=4)
2026-08-18 19:30:36,218 [DEBUG] cnn_neat: Split edge 0→13, new hidden node 22 (pool=1)
2026-08-18 19:30:36,228 [DEBUG] cnn_neat: Added edge 4→18 (from 55 candidates)
2026-08-18 19:30:36,241 [DEBUG] cnn_neat: Removed hidden node 21 (pool=11)
2026-08-18 19:30:36,247 [DEBUG] cnn_neat: Removed edge 17→1 (from 16 candidates)
2026-08-18 19:30:36,260 [DEBUG] cnn_neat: Removed 3 edges (requested 3)
2026-08-18 19:30:36,269 [DEBUG] cnn_neat: Split edge 0→13, new hidden node 22 (pool=1)
2026-08-18 19:30:36,279 [DEBUG] cnn_neat: Split edge 0→13, new hidden node 22 (pool=1)
2026-08-18 19:30:36,292 [DEBUG] cnn_neat: Split edge 0→13, new hidden node 21 (pool=4)
2026-08-18 19:30:36,302 [DEBUG] cnn_neat: Added edge 8→13 (from 47 candidates)
2026-08-18 19:30:36,313 [DEBUG] cnn_neat: Removed hidden node 9 (pool=10)
2026-08-18 19:30:36,321 [DEBUG] cnn_neat: Removed edge 18→19 (from 16 candidates)
2026-08-18 19:30:36,334 [DEBUG] cnn_neat: Removed 3 edges (requested 3)
2026-08-18 19:30:36,344 [DEBUG] cnn_neat: Split edge 19→9, new hidden node 22 (pool=11)
2026-08-18 19:30:36,355 [DEBUG] cnn_neat: Split edge 0→4, new hidden node 21 (pool=5)
2026-08-18 19:30:36,362 [DEBUG] cnn_neat: Added edge 18→13 (from 36 candidates)
2026-08-18 19:30:36,372 [DEBUG] cnn_neat: Removed hidden node 8 (pool=9)
2026-08-18 19:30:36,378 [DEBUG] cnn_neat: Removed edge 16→1 (from 11 candidates)
2026-08-18 19:30:36,388 [DEBUG] cnn_neat: Removed 3 edges (requested 3)
2026-08-18 19:30:36,396 [DEBUG] cnn_neat: Split edge 16→1, new hidden node 21 (pool=6)
2026-08-18 19:30:36,402 [DEBUG] cnn_neat: Split edge 0→4, new hidden node 21 (pool=5)
2026-08-18 19:30:36,416 [DEBUG] cnn_neat: Added edge 4→18 (from 57 candidates)
2026-08-18 19:30:36,426 [DEBUG] cnn_neat: Removed hidden node 9 (pool=11)
2026-08-18 19:30:36,433 [DEBUG] cnn_neat: Removed edge 16→1 (from 14 candidates)
2026-08-18 19:30:36,447 [DEBUG] cnn_neat: Removed 3 edges (requested 3)
2026-08-18 19:30:36,454 [DEBUG] cnn_neat: Split edge 13→16, new hidden node 22 (pool=6)
2026-08-18 19:30:36,459 [DEBUG] cnn_neat: Split edge 13→9, new hidden node 22 (pool=1)
2026-08-18 19:30:36,471 [DEBUG] cnn_neat: Split edge 0→13, new hidden node 21 (pool=3)
2026-08-18 19:30:36,479 [DEBUG] cnn_neat: Added edge 4→20 (from 50 candidates)
2026-08-18 19:30:36,491 [DEBUG] cnn_neat: Removed hidden node 4 (pool=10)
2026-08-18 19:30:36,497 [DEBUG] cnn_neat: Removed edge 10→1 (from 14 candidates)
2026-08-18 19:30:36,509 [DEBUG] cnn_neat: Removed 3 edges (requested 3)
2026-08-18 19:30:36,517 [DEBUG] cnn_neat: Split edge 20→16, new hidden node 21 (pool=10)
2026-08-18 19:30:36,524 [DEBUG] cnn_neat: Split edge 0→13, new hidden node 21 (pool=1)
2026-08-18 19:30:36,532 [DEBUG] cnn_neat: Added edge 19→16 (from 35 candidates)
2026-08-18 19:30:36,541 [DEBUG] cnn_neat: Added edge 9→17 (from 34 candidates)
2026-08-18 19:30:36,555 [DEBUG] cnn_neat: Split edge 0→13, new hidden node 22 (pool=1)
2026-08-18 19:30:36,563 [DEBUG] cnn_neat: Added edge 8→16 (from 57 candidates)
2026-08-18 19:30:36,578 [DEBUG] cnn_neat: Removed hidden node 20 (pool=11)
2026-08-18 19:30:36,587 [DEBUG] cnn_neat: Removed edge 9→1 (from 15 candidates)
2026-08-18 19:30:36,604 [DEBUG] cnn_neat: Removed 3 edges (requested 3)
2026-08-18 19:30:36,616 [DEBUG] cnn_neat: Split edge 13→16, new hidden node 22 (pool=2)
2026-08-18 19:30:36,623 [DEBUG] cnn_neat: Split edge 0→13, new hidden node 22 (pool=3)
2026-08-18 19:30:36,634 [DEBUG] cnn_neat: Added edge 21→8 (from 56 candidates)
2026-08-18 19:30:36,727 [DEBUG] cnn_neat: Added edge 10→21 (from 56 candidates)
2026-08-18 19:30:36,743 [DEBUG] cnn_neat: Removed hidden node 21 (pool=11)
2026-08-18 19:30:36,760 [DEBUG] cnn_neat: Removed edge 13→21 (from 14 candidates)
2026-08-18 19:30:36,782 [DEBUG] cnn_neat: Removed 3 edges (requested 3)
2026-08-18 19:30:36,788 [DEBUG] cnn_neat: Split edge 0→4, new hidden node 21 (pool=2)
2026-08-18 19:30:36,792 [DEBUG] cnn_neat: Split edge 0→4, new hidden node 22 (pool=2)
2026-08-18 19:30:36,807 [DEBUG] cnn_neat: Split edge 0→13, new hidden node 22 (pool=1)
2026-08-18 19:30:36,822 [DEBUG] cnn_neat: Added edge 8→21 (from 48 candidates)
2026-08-18 19:30:36,848 [DEBUG] cnn_neat: Removed hidden node 8 (pool=11)
2026-08-18 19:30:36,863 [DEBUG] cnn_neat: Removed edge 16→17 (from 16 candidates)
2026-08-18 19:30:36,886 [DEBUG] cnn_neat: Removed 3 edges (requested 3)
2026-08-18 19:30:36,902 [DEBUG] cnn_neat: Split edge 0→13, new hidden node 22 (pool=1)
2026-08-18 19:30:36,911 [DEBUG] cnn_neat: Split edge 16→1, new hidden node 22 (pool=6)
2026-08-18 19:30:37,199 [DEBUG] cnn_neat: Added edge 19→16 (from 34 candidates)
2026-08-18 19:30:37,237 [DEBUG] cnn_neat: Removed hidden node 19 (pool=10)
2026-08-18 19:30:37,248 [DEBUG] cnn_neat: Removed edge 8→18 (from 15 candidates)
2026-08-18 19:30:37,275 [DEBUG] cnn_neat: Removed 3 edges (requested 3)
2026-08-18 19:30:37,292 [DEBUG] cnn_neat: Split edge 0→13, new hidden node 21 (pool=3)
2026-08-18 19:30:37,310 [DEBUG] cnn_neat: Added edge 16→10 (from 45 candidates)
2026-08-18 19:30:37,333 [DEBUG] cnn_neat: Removed hidden node 16 (pool=10)
2026-08-18 19:30:37,604 [DEBUG] cnn_neat: Removed edge 13→4 (from 15 candidates)
2026-08-18 19:30:37,630 [DEBUG] cnn_neat: Removed 3 edges (requested 3)
2026-08-18 19:30:37,658 [DEBUG] cnn_neat: Added edge 20→1 (from 50 candidates)
2026-08-18 19:30:37,685 [DEBUG] cnn_neat: Removed hidden node 10 (pool=11)
2026-08-18 19:30:37,699 [DEBUG] cnn_neat: Removed edge 0→21 (from 14 candidates)
2026-08-18 19:30:37,721 [DEBUG] cnn_neat: Removed 3 edges (requested 3)
2026-08-18 19:30:37,740 [DEBUG] cnn_neat: Split edge 13→4, new hidden node 22 (pool=4)
2026-08-18 19:30:37,760 [DEBUG] cnn_neat: Added edge 21→8 (from 48 candidates)
2026-08-18 19:30:37,764 [DEBUG] cnn_neat: Added edge 17→4 (from 54 candidates)
2026-08-18 19:30:38,047 [DEBUG] cnn_neat: Added edge 18→1 (from 47 candidates)
2026-08-18 19:30:38,068 [DEBUG] cnn_neat: Removed hidden node 8 (pool=11)
2026-08-18 19:30:38,081 [DEBUG] cnn_neat: Removed edge 20→21 (from 14 candidates)
2026-08-18 19:30:38,101 [DEBUG] cnn_neat: Removed 3 edges (requested 3)
2026-08-18 19:30:38,120 [DEBUG] cnn_neat: Split edge 0→4, new hidden node 22 (pool=6)
2026-08-18 19:30:38,140 [DEBUG] cnn_neat: Added edge 21→16 (from 55 candidates)
2026-08-18 19:30:38,203 [DEBUG] cnn_neat: Removed hidden node 20 (pool=11)
2026-08-18 19:30:38,217 [DEBUG] cnn_neat: Removed edge 9→10 (from 15 candidates)
2026-08-18 19:30:38,239 [DEBUG] cnn_neat: Removed 3 edges (requested 3)
2026-08-18 19:30:38,258 [DEBUG] cnn_neat: Split edge 9→10, new hidden node 22 (pool=7)
2026-08-18 19:30:38,272 [DEBUG] cnn_neat: Split edge 0→13, new hidden node 22 (pool=1)
2026-08-18 19:30:38,562 [DEBUG] cnn_neat: Split edge 0→4, new hidden node 21 (pool=3)
2026-08-18 19:30:38,574 [DEBUG] cnn_neat: Added edge 19→13 (from 58 candidates)
2026-08-18 19:30:38,597 [DEBUG] cnn_neat: Removed hidden node 19 (pool=10)
2026-08-18 19:30:38,601 [DEBUG] cnn_neat: Removed edge 13→4 (from 12 candidates)
2026-08-18 19:30:38,609 [DEBUG] cnn_neat: Removed 3 edges (requested 3)
2026-08-18 19:30:38,618 [DEBUG] cnn_neat: Split edge 0→13, new hidden node 21 (pool=3)
2026-08-18 19:30:38,624 [DEBUG] cnn_neat: Split edge 9→1, new hidden node 21 (pool=6)
2026-08-18 19:30:38,634 [DEBUG] cnn_neat: Split edge 0→13, new hidden node 22 (pool=1)
2026-08-18 19:30:38,640 [DEBUG] cnn_neat: Added edge 4→19 (from 64 candidates)
2026-08-18 19:30:38,647 [DEBUG] cnn_neat: Removed hidden node 17 (pool=11)
2026-08-18 19:30:38,651 [DEBUG] cnn_neat: Removed edge 16→17 (from 13 candidates)
2026-08-18 19:30:38,659 [DEBUG] cnn_neat: Removed 3 edges (requested 3)
2026-08-18 19:30:38,663 [DEBUG] cnn_neat: Split edge 0→8, new hidden node 23 (pool=13)
2026-08-18 19:30:38,684 [DEBUG] cnn_neat: Split edge 0→4, new hidden node 21 (pool=3)
2026-08-18 19:30:38,697 [DEBUG] cnn_neat: Added edge 17→4 (from 51 candidates)
2026-08-18 19:30:38,707 [DEBUG] cnn_neat: Removed hidden node 17 (pool=10)
2026-08-18 19:30:38,711 [DEBUG] cnn_neat: Removed edge 9→20 (from 12 candidates)
2026-08-18 19:30:38,718 [DEBUG] cnn_neat: Removed 3 edges (requested 3)
2026-08-18 19:30:38,723 [DEBUG] cnn_neat: Split edge 13→4, new hidden node 21 (pool=3)
2026-08-18 19:30:38,726 [DEBUG] cnn_neat: Split edge 16→1, new hidden node 21 (pool=6)
2026-08-18 19:30:38,737 [DEBUG] cnn_neat: Split edge 0→13, new hidden node 22 (pool=1)
2026-08-18 19:30:38,752 [DEBUG] cnn_neat: Added edge 18→16 (from 58 candidates)
2026-08-18 19:30:38,766 [DEBUG] cnn_neat: Removed hidden node 19 (pool=11)
2026-08-18 19:30:38,770 [DEBUG] cnn_neat: Removed edge 17→1 (from 13 candidates)
2026-08-18 19:30:38,778 [DEBUG] cnn_neat: Removed 3 edges (requested 3)
2026-08-18 19:30:38,782 [DEBUG] cnn_neat: Split edge 10→1, new hidden node 23 (pool=8)
2026-08-18 19:30:38,786 [DEBUG] cnn_neat: Split edge 0→13, new hidden node 22 (pool=1)
2026-08-18 19:30:38,793 [DEBUG] cnn_neat: Split edge 0→13, new hidden node 21 (pool=3)
2026-08-18 19:30:38,797 [DEBUG] cnn_neat: Added edge 4→18 (from 52 candidates)
2026-08-18 19:30:38,810 [DEBUG] cnn_neat: Removed hidden node 16 (pool=10)
2026-08-18 19:30:38,821 [DEBUG] cnn_neat: Removed edge 9→20 (from 13 candidates)
2026-08-18 19:30:38,883 [DEBUG] cnn_neat: Removed 3 edges (requested 3)
2026-08-18 19:30:38,910 [DEBUG] cnn_neat: Split edge 0→4, new hidden node 21 (pool=6)
2026-08-18 19:30:38,920 [DEBUG] cnn_neat: Split edge 9→1, new hidden node 21 (pool=7)
2026-08-18 19:30:38,930 [DEBUG] cnn_neat: Split edge 0→13, new hidden node 21 (pool=1)
2026-08-18 19:30:38,935 [DEBUG] cnn_neat: Added edge 0→10 (from 36 candidates)
2026-08-18 19:30:38,946 [DEBUG] cnn_neat: Removed hidden node 20 (pool=9)
2026-08-18 19:30:38,951 [DEBUG] cnn_neat: Removed edge 8→18 (from 13 candidates)
2026-08-18 19:30:39,271 [DEBUG] cnn_neat: Removed 3 edges (requested 3)
2026-08-18 19:30:39,278 [DEBUG] cnn_neat: Split edge 9→10, new hidden node 21 (pool=6)
2026-08-18 19:30:39,290 [DEBUG] cnn_neat: Added edge 9→21 (from 58 candidates)
2026-08-18 19:30:39,300 [DEBUG] cnn_neat: Removed hidden node 17 (pool=11)
2026-08-18 19:30:39,307 [DEBUG] cnn_neat: Removed edge 19→9 (from 13 candidates)
2026-08-18 19:30:39,321 [DEBUG] cnn_neat: Removed 3 edges (requested 3)
2026-08-18 19:30:39,330 [DEBUG] cnn_neat: Split edge 13→16, new hidden node 22 (pool=2)
2026-08-18 19:30:39,337 [DEBUG] cnn_neat: Added edge 18→20 (from 50 candidates)
2026-08-18 19:30:39,344 [DEBUG] cnn_neat: Added edge 8→4 (from 72 candidates)
2026-08-18 19:30:39,358 [DEBUG] cnn_neat: Added edge 10→21 (from 47 candidates)
2026-08-18 19:30:39,368 [DEBUG] cnn_neat: Removed hidden node 16 (pool=11)
2026-08-18 19:30:39,374 [DEBUG] cnn_neat: Removed edge 9→1 (from 13 candidates)
2026-08-18 19:30:39,384 [DEBUG] cnn_neat: Removed 3 edges (requested 3)
2026-08-18 19:30:39,391 [DEBUG] cnn_neat: Split edge 9→10, new hidden node 22 (pool=8)
2026-08-18 19:30:39,396 [DEBUG] cnn_neat: Split edge 13→16, new hidden node 22 (pool=1)
2026-08-18 19:30:39,409 [DEBUG] cnn_neat: Added edge 20→21 (from 46 candidates)
2026-08-18 19:30:39,417 [DEBUG] cnn_neat: Removed hidden node 9 (pool=11)
2026-08-18 19:30:39,422 [DEBUG] cnn_neat: Removed edge 17→10 (from 14 candidates)
2026-08-18 19:30:39,431 [DEBUG] cnn_neat: Removed 3 edges (requested 3)
2026-08-18 19:30:39,437 [DEBUG] cnn_neat: Split edge 16→21, new hidden node 22 (pool=7)
2026-08-18 19:30:39,444 [DEBUG] cnn_neat: Split edge 21→4, new hidden node 22 (pool=9)
2026-08-18 19:30:39,456 [DEBUG] cnn_neat: Added edge 19→10 (from 46 candidates)
2026-08-18 19:30:39,471 [DEBUG] cnn_neat: Removed hidden node 21 (pool=11)
2026-08-18 19:30:39,477 [DEBUG] cnn_neat: Removed edge 17→10 (from 14 candidates)
2026-08-18 19:30:39,487 [DEBUG] cnn_neat: Removed 3 edges (requested 3)
2026-08-18 19:30:39,497 [DEBUG] cnn_neat: Split edge 0→13, new hidden node 21 (pool=2)
2026-08-18 19:30:39,504 [DEBUG] cnn_neat: Split edge 0→4, new hidden node 22 (pool=2)
2026-08-18 19:30:39,517 [DEBUG] cnn_neat: Added edge 21→17 (from 46 candidates)
2026-08-18 19:30:39,527 [DEBUG] cnn_neat: Removed hidden node 17 (pool=11)
2026-08-18 19:30:39,532 [DEBUG] cnn_neat: Removed edge 9→20 (from 14 candidates)
2026-08-18 19:30:39,543 [DEBUG] cnn_neat: Removed 3 edges (requested 3)
2026-08-18 19:30:39,550 [DEBUG] cnn_neat: Split edge 18→4, new hidden node 22 (pool=9)
2026-08-18 19:30:39,555 [DEBUG] cnn_neat: Split edge 9→1, new hidden node 22 (pool=9)
2026-08-18 19:30:39,558 [DEBUG] cnn_neat: Saved generation 15
2026-08-18 19:30:39,650 [DEBUG] cnn_neat: Selected 25 elite individuals
2026-08-18 19:30:39,672 [DEBUG] cnn_neat: Split edge 9→10, new hidden node 20 (pool=12)
2026-08-18 19:30:39,756 [DEBUG] cnn_neat: Added edge 8→10 (from 37 candidates)
2026-08-18 19:30:39,811 [DEBUG] cnn_neat: Removed hidden node 10 (pool=9)
2026-08-18 19:30:39,824 [DEBUG] cnn_neat: Removed edge 16→17 (from 16 candidates)
2026-08-18 19:30:39,851 [DEBUG] cnn_neat: Removed 3 edges (requested 3)
2026-08-18 19:30:39,868 [DEBUG] cnn_neat: Split edge 13→4, new hidden node 21 (pool=3)
2026-08-18 19:30:39,886 [DEBUG] cnn_neat: Split edge 0→8, new hidden node 20 (pool=11)
2026-08-18 19:30:39,911 [DEBUG] cnn_neat: Added edge 10→20 (from 60 candidates)
2026-08-18 19:30:39,932 [DEBUG] cnn_neat: Removed hidden node 20 (pool=11)
2026-08-18 19:30:39,943 [DEBUG] cnn_neat: Removed edge 9→21 (from 12 candidates)
2026-08-18 19:30:39,962 [DEBUG] cnn_neat: Removed 3 edges (requested 3)
2026-08-18 19:30:39,978 [DEBUG] cnn_neat: Trimmed elite queue to 128 entries
2026-08-18 19:30:40,528 [DEBUG] cnn_neat: Split edge 0→13, new hidden node 22 (pool=2)
2026-08-18 19:30:40,553 [DEBUG] cnn_neat: Added edge 19→17 (from 41 candidates)
2026-08-18 19:30:40,559 [DEBUG] cnn_neat: Added edge 8→9 (from 41 candidates)
2026-08-18 19:30:40,566 [DEBUG] cnn_neat: Removed hidden node 4 (pool=11)
2026-08-18 19:30:40,570 [DEBUG] cnn_neat: Removed edge 21→4 (from 19 candidates)
2026-08-18 19:30:40,578 [DEBUG] cnn_neat: Removed 3 edges (requested 3)
2026-08-18 19:30:40,583 [DEBUG] cnn_neat: Crossover rejected: union topology invalid (edges=45 nodes=23)
2026-08-18 19:30:40,590 [DEBUG] cnn_neat: Added edge 13→18 (from 41 candidates)
2026-08-18 19:30:40,595 [DEBUG] cnn_neat: Added edge 9→4 (from 41 candidates)
2026-08-18 19:30:40,599 [DEBUG] cnn_neat: Added edge 19→13 (from 40 candidates)
2026-08-18 19:30:40,603 [DEBUG] cnn_neat: Added edge 20→10 (from 37 candidates)
2026-08-18 19:30:40,608 [DEBUG] cnn_neat: Added edge 0→19 (from 35 candidates)
2026-08-18 19:30:40,613 [DEBUG] cnn_neat: Added edge 21→17 (from 29 candidates)
2026-08-18 19:30:40,618 [DEBUG] cnn_neat: Split edge 13→4, new hidden node 21 (pool=3)
2026-08-18 19:30:40,623 [DEBUG] cnn_neat: Added edge 20→17 (from 49 candidates)
2026-08-18 19:30:40,631 [DEBUG] cnn_neat: Removed hidden node 17 (pool=10)
2026-08-18 19:30:40,636 [DEBUG] cnn_neat: Removed edge 18→10 (from 15 candidates)
2026-08-18 19:30:40,643 [DEBUG] cnn_neat: Removed 3 edges (requested 3)
2026-08-18 19:30:40,649 [DEBUG] cnn_neat: Crossover rejected: union topology invalid (edges=42 nodes=23)
2026-08-18 19:30:40,653 [DEBUG] cnn_neat: Split edge 0→4, new hidden node 21 (pool=3)
2026-08-18 19:30:40,659 [DEBUG] cnn_neat: Added edge 10→4 (from 55 candidates)
2026-08-18 19:30:40,664 [DEBUG] cnn_neat: Added edge 18→17 (from 49 candidates)
2026-08-18 19:30:40,669 [DEBUG] cnn_neat: Added edge 18→13 (from 47 candidates)
2026-08-18 19:30:40,675 [DEBUG] cnn_neat: Added edge 4→9 (from 42 candidates)
2026-08-18 19:30:40,680 [DEBUG] cnn_neat: Added edge 8→19 (from 36 candidates)
2026-08-18 19:30:40,686 [DEBUG] cnn_neat: Added edge 4→16 (from 26 candidates)
2026-08-18 19:30:40,691 [DEBUG] cnn_neat: Split edge 0→13, new hidden node 22 (pool=1)
2026-08-18 19:30:40,696 [DEBUG] cnn_neat: Added edge 18→4 (from 55 candidates)
2026-08-18 19:30:40,703 [DEBUG] cnn_neat: Removed hidden node 9 (pool=11)
2026-08-18 19:30:40,707 [DEBUG] cnn_neat: Removed edge 18→10 (from 16 candidates)
2026-08-18 19:30:40,716 [DEBUG] cnn_neat: Removed 3 edges (requested 3)
2026-08-18 19:30:40,722 [DEBUG] cnn_neat: Crossover rejected: union topology invalid (edges=42 nodes=24)
2026-08-18 19:30:40,726 [DEBUG] cnn_neat: Split edge 0→13, new hidden node 22 (pool=1)
2026-08-18 19:30:40,732 [DEBUG] cnn_neat: Added edge 8→4 (from 62 candidates)
2026-08-18 19:30:40,737 [DEBUG] cnn_neat: Added edge 19→20 (from 55 candidates)
2026-08-18 19:30:40,744 [DEBUG] cnn_neat: Added edge 4→10 (from 54 candidates)
2026-08-18 19:30:40,750 [DEBUG] cnn_neat: Added edge 19→13 (from 51 candidates)
2026-08-18 19:30:40,756 [DEBUG] cnn_neat: Added edge 4→20 (from 45 candidates)
2026-08-18 19:30:40,762 [DEBUG] cnn_neat: Added edge 4→1 (from 37 candidates)
2026-08-18 19:30:40,767 [DEBUG] cnn_neat: Split edge 0→13, new hidden node 22 (pool=1)
2026-08-18 19:30:40,773 [DEBUG] cnn_neat: Added edge 4→16 (from 53 candidates)
2026-08-18 19:30:40,781 [DEBUG] cnn_neat: Removed hidden node 21 (pool=11)
2026-08-18 19:30:40,786 [DEBUG] cnn_neat: Removed edge 9→1 (from 16 candidates)
2026-08-18 19:30:40,795 [DEBUG] cnn_neat: Removed 3 edges (requested 3)
2026-08-18 19:30:40,801 [DEBUG] cnn_neat: Crossover rejected: union topology invalid (edges=41 nodes=23)
2026-08-18 19:30:40,806 [DEBUG] cnn_neat: Split edge 0→13, new hidden node 22 (pool=1)
2026-08-18 19:30:40,812 [DEBUG] cnn_neat: Added edge 19→10 (from 60 candidates)
2026-08-18 19:30:40,817 [DEBUG] cnn_neat: Added edge 4→18 (from 53 candidates)
2026-08-18 19:30:40,824 [DEBUG] cnn_neat: Added edge 4→20 (from 36 candidates)
2026-08-18 19:30:40,830 [DEBUG] cnn_neat: Added edge 8→9 (from 35 candidates)
2026-08-18 19:30:40,837 [DEBUG] cnn_neat: Added edge 8→13 (from 34 candidates)
2026-08-18 19:30:40,844 [DEBUG] cnn_neat: Added edge 18→20 (from 31 candidates)
2026-08-18 19:30:40,848 [DEBUG] cnn_neat: Split edge 0→13, new hidden node 22 (pool=1)
2026-08-18 19:30:40,854 [DEBUG] cnn_neat: Added edge 19→20 (from 56 candidates)
2026-08-18 19:30:40,861 [DEBUG] cnn_neat: Removed hidden node 10 (pool=11)
2026-08-18 19:30:40,866 [DEBUG] cnn_neat: Removed edge 16→1 (from 14 candidates)
2026-08-18 19:30:40,874 [DEBUG] cnn_neat: Removed 3 edges (requested 3)
2026-08-18 19:30:40,879 [DEBUG] cnn_neat: Crossover rejected: union topology invalid (edges=39 nodes=22)
2026-08-18 19:30:40,883 [DEBUG] cnn_neat: Split edge 0→13, new hidden node 22 (pool=1)
2026-08-18 19:30:40,889 [DEBUG] cnn_neat: Added edge 21→8 (from 62 candidates)
2026-08-18 19:30:40,895 [DEBUG] cnn_neat: Added edge 8→16 (from 56 candidates)
2026-08-18 19:30:40,900 [DEBUG] cnn_neat: Added edge 8→9 (from 55 candidates)
2026-08-18 19:30:40,906 [DEBUG] cnn_neat: Added edge 13→8 (from 54 candidates)
2026-08-18 19:30:40,912 [DEBUG] cnn_neat: Added edge 18→4 (from 50 candidates)
2026-08-18 19:30:40,917 [DEBUG] cnn_neat: Added edge 19→1 (from 47 candidates)
2026-08-18 19:30:40,921 [DEBUG] cnn_neat: Split edge 0→13, new hidden node 21 (pool=3)
2026-08-18 19:30:40,927 [DEBUG] cnn_neat: Added edge 19→10 (from 50 candidates)
2026-08-18 19:30:40,934 [DEBUG] cnn_neat: Removed hidden node 20 (pool=10)
2026-08-18 19:30:40,939 [DEBUG] cnn_neat: Removed edge 13→4 (from 13 candidates)
2026-08-18 19:30:40,945 [DEBUG] cnn_neat: Removed 3 edges (requested 3)
2026-08-18 19:30:40,950 [DEBUG] cnn_neat: Crossover rejected: union topology invalid (edges=40 nodes=23)
2026-08-18 19:30:40,954 [DEBUG] cnn_neat: Split edge 13→4, new hidden node 21 (pool=3)
2026-08-18 19:30:40,960 [DEBUG] cnn_neat: Added edge 19→17 (from 50 candidates)
2026-08-18 19:30:40,964 [DEBUG] cnn_neat: Added edge 8→17 (from 49 candidates)
2026-08-18 19:30:40,969 [DEBUG] cnn_neat: Added edge 18→9 (from 38 candidates)
2026-08-18 19:30:40,975 [DEBUG] cnn_neat: Added edge 19→16 (from 37 candidates)
2026-08-18 19:30:40,981 [DEBUG] cnn_neat: Added edge 4→18 (from 36 candidates)
2026-08-18 19:30:40,991 [DEBUG] cnn_neat: Added edge 13→18 (from 54 candidates)
2026-08-18 19:30:40,997 [DEBUG] cnn_neat: Added edge 18→17 (from 54 candidates)
2026-08-18 19:30:41,008 [DEBUG] cnn_neat: Removed hidden node 17 (pool=11)
2026-08-18 19:30:41,012 [DEBUG] cnn_neat: Removed edge 9→10 (from 15 candidates)
2026-08-18 19:30:41,022 [DEBUG] cnn_neat: Removed 3 edges (requested 3)
2026-08-18 19:30:41,026 [DEBUG] cnn_neat: Crossover rejected: union topology invalid (edges=46 nodes=24)
2026-08-18 19:30:41,034 [DEBUG] cnn_neat: Added edge 21→19 (from 54 candidates)
2026-08-18 19:30:41,040 [DEBUG] cnn_neat: Added edge 19→4 (from 54 candidates)
2026-08-18 19:30:41,046 [DEBUG] cnn_neat: Added edge 21→17 (from 51 candidates)
2026-08-18 19:30:41,051 [DEBUG] cnn_neat: Added edge 21→1 (from 48 candidates)
2026-08-18 19:30:41,057 [DEBUG] cnn_neat: Added edge 19→1 (from 46 candidates)
2026-08-18 19:30:41,062 [DEBUG] cnn_neat: Added edge 20→4 (from 44 candidates)
2026-08-18 19:30:41,067 [DEBUG] cnn_neat: Split edge 0→13, new hidden node 22 (pool=1)
2026-08-18 19:30:41,073 [DEBUG] cnn_neat: Added edge 10→21 (from 52 candidates)
2026-08-18 19:30:41,081 [DEBUG] cnn_neat: Removed hidden node 4 (pool=11)
2026-08-18 19:30:41,085 [DEBUG] cnn_neat: Removed edge 9→1 (from 16 candidates)
2026-08-18 19:30:41,094 [DEBUG] cnn_neat: Removed 3 edges (requested 3)
2026-08-18 19:30:41,100 [DEBUG] cnn_neat: Crossover rejected: union topology invalid (edges=43 nodes=24)
2026-08-18 19:30:41,104 [DEBUG] cnn_neat: Split edge 0→13, new hidden node 22 (pool=1)
2026-08-18 19:30:41,110 [DEBUG] cnn_neat: Added edge 13→19 (from 58 candidates)
2026-08-18 19:30:41,117 [DEBUG] cnn_neat: Added edge 4→18 (from 52 candidates)
2026-08-18 19:30:41,122 [DEBUG] cnn_neat: Added edge 9→16 (from 35 candidates)
2026-08-18 19:30:41,128 [DEBUG] cnn_neat: Added edge 19→16 (from 34 candidates)
2026-08-18 19:30:41,135 [DEBUG] cnn_neat: Added edge 21→19 (from 33 candidates)
2026-08-18 19:30:41,141 [DEBUG] cnn_neat: Added edge 18→1 (from 32 candidates)
2026-08-18 19:30:41,370 [DEBUG] cnn_neat: Added edge 18→9 (from 42 candidates)
2026-08-18 19:30:41,438 [DEBUG] cnn_neat: Removed hidden node 4 (pool=11)
2026-08-18 19:30:41,447 [DEBUG] cnn_neat: Removed edge 17→10 (from 18 candidates)
2026-08-18 19:30:41,466 [DEBUG] cnn_neat: Removed 3 edges (requested 3)
2026-08-18 19:30:41,491 [DEBUG] cnn_neat: Added edge 16→10 (from 35 candidates)
2026-08-18 19:30:41,502 [DEBUG] cnn_neat: Added edge 8→21 (from 46 candidates)
2026-08-18 19:30:41,513 [DEBUG] cnn_neat: Added edge 4→21 (from 47 candidates)
2026-08-18 19:30:41,537 [DEBUG] cnn_neat: Added edge 18→13 (from 41 candidates)
2026-08-18 19:30:41,556 [DEBUG] cnn_neat: Removed hidden node 18 (pool=11)
2026-08-18 19:30:41,567 [DEBUG] cnn_neat: Removed edge 16→17 (from 19 candidates)
2026-08-18 19:30:41,584 [DEBUG] cnn_neat: Removed 3 edges (requested 3)
2026-08-18 19:30:41,595 [DEBUG] cnn_neat: Split edge 13→21, new hidden node 22 (pool=11)
2026-08-18 19:30:42,031 [DEBUG] cnn_neat: Split edge 16→21, new hidden node 22 (pool=10)
2026-08-18 19:30:42,088 [DEBUG] cnn_neat: Split edge 9→10, new hidden node 20 (pool=10)
2026-08-18 19:30:42,129 [DEBUG] cnn_neat: Added edge 8→16 (from 33 candidates)
2026-08-18 19:30:42,191 [DEBUG] cnn_neat: Removed hidden node 19 (pool=9)
2026-08-18 19:30:42,213 [DEBUG] cnn_neat: Removed edge 19→13 (from 14 candidates)
2026-08-18 19:30:42,306 [DEBUG] cnn_neat: Removed 3 edges (requested 3)
2026-08-18 19:30:42,327 [DEBUG] cnn_neat: Split edge 0→4, new hidden node 21 (pool=3)
2026-08-18 19:30:42,364 [DEBUG] cnn_neat: Split edge 13→4, new hidden node 21 (pool=3)
2026-08-18 19:30:42,374 [DEBUG] cnn_neat: Added edge 8→10 (from 49 candidates)
2026-08-18 19:30:42,388 [DEBUG] cnn_neat: Removed hidden node 20 (pool=10)
2026-08-18 19:30:42,397 [DEBUG] cnn_neat: Removed edge 16→17 (from 15 candidates)
2026-08-18 19:30:42,412 [DEBUG] cnn_neat: Removed 3 edges (requested 3)
2026-08-18 19:30:42,421 [DEBUG] cnn_neat: Split edge 18→10, new hidden node 21 (pool=6)
2026-08-18 19:30:42,431 [DEBUG] cnn_neat: Split edge 9→1, new hidden node 20 (pool=8)
2026-08-18 19:30:42,444 [DEBUG] cnn_neat: Split edge 0→13, new hidden node 22 (pool=1)
2026-08-18 19:30:42,453 [DEBUG] cnn_neat: Added edge 16→10 (from 55 candidates)
2026-08-18 19:30:42,468 [DEBUG] cnn_neat: Removed hidden node 9 (pool=11)
2026-08-18 19:30:42,477 [DEBUG] cnn_neat: Removed edge 20→16 (from 16 candidates)
2026-08-18 19:30:42,493 [DEBUG] cnn_neat: Removed 3 edges (requested 3)
2026-08-18 19:30:42,500 [DEBUG] cnn_neat: Split edge 0→13, new hidden node 22 (pool=1)
2026-08-18 19:30:42,509 [DEBUG] cnn_neat: Split edge 0→13, new hidden node 22 (pool=1)
2026-08-18 19:30:42,516 [DEBUG] cnn_neat: Split edge 0→13, new hidden node 22 (pool=1)
2026-08-18 19:30:42,530 [DEBUG] cnn_neat: Split edge 0→13, new hidden node 22 (pool=1)
2026-08-18 19:30:42,541 [DEBUG] cnn_neat: Added edge 4→19 (from 53 candidates)
2026-08-18 19:30:42,557 [DEBUG] cnn_neat: Removed hidden node 16 (pool=11)
2026-08-18 19:30:42,568 [DEBUG] cnn_neat: Removed edge 0→21 (from 16 candidates)
2026-08-18 19:30:42,586 [DEBUG] cnn_neat: Removed 3 edges (requested 3)
2026-08-18 19:30:42,600 [DEBUG] cnn_neat: Split edge 0→13, new hidden node 22 (pool=1)
2026-08-18 19:30:42,607 [DEBUG] cnn_neat: Split edge 0→13, new hidden node 22 (pool=8)
2026-08-18 19:30:42,619 [DEBUG] cnn_neat: Split edge 0→4, new hidden node 21 (pool=3)
2026-08-18 19:30:42,629 [DEBUG] cnn_neat: Added edge 8→20 (from 50 candidates)
2026-08-18 19:30:42,647 [DEBUG] cnn_neat: Removed hidden node 16 (pool=10)
2026-08-18 19:30:42,654 [DEBUG] cnn_neat: Removed edge 13→4 (from 13 candidates)
2026-08-18 19:30:42,670 [DEBUG] cnn_neat: Removed 3 edges (requested 3)
2026-08-18 19:30:42,680 [DEBUG] cnn_neat: Split edge 13→9, new hidden node 21 (pool=9)
2026-08-18 19:30:42,686 [DEBUG] cnn_neat: Split edge 13→4, new hidden node 21 (pool=5)
2026-08-18 19:30:42,703 [DEBUG] cnn_neat: Split edge 0→13, new hidden node 22 (pool=1)
2026-08-18 19:30:42,712 [DEBUG] cnn_neat: Added edge 10→21 (from 56 candidates)
2026-08-18 19:30:42,743 [DEBUG] cnn_neat: Removed hidden node 17 (pool=11)
2026-08-18 19:30:42,749 [DEBUG] cnn_neat: Removed edge 9→1 (from 14 candidates)
2026-08-18 19:30:42,765 [DEBUG] cnn_neat: Removed 3 edges (requested 3)
2026-08-18 19:30:42,773 [DEBUG] cnn_neat: Split edge 0→13, new hidden node 22 (pool=1)
2026-08-18 19:30:42,784 [DEBUG] cnn_neat: Split edge 9→1, new hidden node 22 (pool=4)
2026-08-18 19:30:42,888 [DEBUG] cnn_neat: Split edge 0→13, new hidden node 21 (pool=3)
2026-08-18 19:30:42,904 [DEBUG] cnn_neat: Added edge 8→19 (from 49 candidates)
2026-08-18 19:30:42,923 [DEBUG] cnn_neat: Removed hidden node 18 (pool=10)
2026-08-18 19:30:42,941 [DEBUG] cnn_neat: Removed edge 16→17 (from 15 candidates)
2026-08-18 19:30:42,960 [DEBUG] cnn_neat: Removed 3 edges (requested 3)
2026-08-18 19:30:42,966 [DEBUG] cnn_neat: Split edge 19→9, new hidden node 21 (pool=9)
2026-08-18 19:30:42,976 [DEBUG] cnn_neat: Split edge 13→4, new hidden node 21 (pool=6)
2026-08-18 19:30:42,991 [DEBUG] cnn_neat: Split edge 0→13, new hidden node 22 (pool=1)
2026-08-18 19:30:43,003 [DEBUG] cnn_neat: Added edge 21→8 (from 55 candidates)
2026-08-18 19:30:43,021 [DEBUG] cnn_neat: Removed hidden node 9 (pool=11)
2026-08-18 19:30:43,025 [DEBUG] cnn_neat: Removed edge 19→9 (from 16 candidates)
2026-08-18 19:30:43,042 [DEBUG] cnn_neat: Removed 3 edges (requested 3)
2026-08-18 19:30:43,066 [DEBUG] cnn_neat: Split edge 0→13, new hidden node 22 (pool=1)
2026-08-18 19:30:43,079 [DEBUG] cnn_neat: Split edge 13→16, new hidden node 22 (pool=6)
2026-08-18 19:30:43,104 [DEBUG] cnn_neat: Split edge 0→13, new hidden node 21 (pool=4)
2026-08-18 19:30:43,400 [DEBUG] cnn_neat: Added edge 20→17 (from 47 candidates)
2026-08-18 19:30:43,431 [DEBUG] cnn_neat: Removed hidden node 17 (pool=10)
2026-08-18 19:30:43,446 [DEBUG] cnn_neat: Removed edge 9→10 (from 16 candidates)
2026-08-18 19:30:43,465 [DEBUG] cnn_neat: Split edge 13→4, new hidden node 21 (pool=3)
2026-08-18 19:30:43,488 [DEBUG] cnn_neat: Added edge 18→9 (from 50 candidates)
2026-08-18 19:30:43,524 [DEBUG] cnn_neat: Removed hidden node 18 (pool=10)
2026-08-18 19:30:43,541 [DEBUG] cnn_neat: Removed edge 9→1 (from 13 candidates)
2026-08-18 19:30:43,851 [DEBUG] cnn_neat: Removed 3 edges (requested 3)
2026-08-18 19:30:43,887 [DEBUG] cnn_neat: Added edge 18→1 (from 54 candidates)
2026-08-18 19:30:43,922 [DEBUG] cnn_neat: Removed hidden node 8 (pool=11)
2026-08-18 19:30:43,926 [DEBUG] cnn_neat: Removed edge 10→1 (from 15 candidates)
2026-08-18 19:30:43,934 [DEBUG] cnn_neat: Removed 3 edges (requested 3)
2026-08-18 19:30:43,940 [DEBUG] cnn_neat: Split edge 16→1, new hidden node 22 (pool=6)
2026-08-18 19:30:43,946 [DEBUG] cnn_neat: Split edge 0→4, new hidden node 22 (pool=2)
2026-08-18 19:30:43,967 [DEBUG] cnn_neat: Split edge 0→13, new hidden node 22 (pool=1)
2026-08-18 19:30:43,985 [DEBUG] cnn_neat: Added edge 0→19 (from 52 candidates)
2026-08-18 19:30:44,005 [DEBUG] cnn_neat: Removed hidden node 18 (pool=11)
2026-08-18 19:30:44,009 [DEBUG] cnn_neat: Removed edge 9→1 (from 16 candidates)
2026-08-18 19:30:44,017 [DEBUG] cnn_neat: Removed 3 edges (requested 3)
2026-08-18 19:30:44,028 [DEBUG] cnn_neat: Split edge 18→19, new hidden node 22 (pool=8)
2026-08-18 19:30:44,041 [DEBUG] cnn_neat: Split edge 21→4, new hidden node 22 (pool=8)
2026-08-18 19:30:44,058 [DEBUG] cnn_neat: Split edge 0→13, new hidden node 21 (pool=3)
2026-08-18 19:30:44,078 [DEBUG] cnn_neat: Split edge 0→13, new hidden node 22 (pool=1)
2026-08-18 19:30:44,421 [DEBUG] cnn_neat: Added edge 18→13 (from 51 candidates)
2026-08-18 19:30:44,444 [DEBUG] cnn_neat: Split edge 0→13, new hidden node 21 (pool=3)
2026-08-18 19:30:44,454 [DEBUG] cnn_neat: Added edge 18→16 (from 45 candidates)
2026-08-18 19:30:44,467 [DEBUG] cnn_neat: Removed hidden node 10 (pool=10)
2026-08-18 19:30:44,486 [DEBUG] cnn_neat: Removed edge 9→10 (from 15 candidates)
2026-08-18 19:30:44,518 [DEBUG] cnn_neat: Removed 3 edges (requested 3)
2026-08-18 19:30:44,524 [DEBUG] cnn_neat: Split edge 10→1, new hidden node 22 (pool=13)
2026-08-18 19:30:44,551 [DEBUG] cnn_neat: Added edge 19→17 (from 49 candidates)
2026-08-18 19:30:44,576 [DEBUG] cnn_neat: Removed hidden node 19 (pool=11)
2026-08-18 19:30:44,580 [DEBUG] cnn_neat: Removed edge 16→20 (from 15 candidates)
2026-08-18 19:30:44,587 [DEBUG] cnn_neat: Removed 3 edges (requested 3)
2026-08-18 19:30:44,593 [DEBUG] cnn_neat: Split edge 0→8, new hidden node 22 (pool=11)
2026-08-18 19:30:44,597 [DEBUG] cnn_neat: Split edge 18→10, new hidden node 22 (pool=8)
2026-08-18 19:30:44,604 [DEBUG] cnn_neat: Split edge 13→4, new hidden node 21 (pool=5)
2026-08-18 19:30:44,616 [DEBUG] cnn_neat: Added edge 18→4 (from 36 candidates)
2026-08-18 19:30:44,625 [DEBUG] cnn_neat: Removed hidden node 18 (pool=9)
2026-08-18 19:30:44,628 [DEBUG] cnn_neat: Removed edge 17→1 (from 11 candidates)
2026-08-18 19:30:44,635 [DEBUG] cnn_neat: Removed 3 edges (requested 3)
2026-08-18 19:30:44,639 [DEBUG] cnn_neat: Split edge 9→1, new hidden node 22 (pool=5)
2026-08-18 19:30:44,659 [DEBUG] cnn_neat: Split edge 16→1, new hidden node 22 (pool=3)
2026-08-18 19:30:44,679 [DEBUG] cnn_neat: Added edge 18→4 (from 46 candidates)
2026-08-18 19:30:44,697 [DEBUG] cnn_neat: Removed hidden node 18 (pool=10)
2026-08-18 19:30:44,709 [DEBUG] cnn_neat: Removed edge 19→13 (from 12 candidates)
2026-08-18 19:30:45,013 [DEBUG] cnn_neat: Removed 3 edges (requested 3)
2026-08-18 19:30:45,044 [DEBUG] cnn_neat: Added edge 18→20 (from 41 candidates)
2026-08-18 19:30:45,073 [DEBUG] cnn_neat: Removed hidden node 4 (pool=11)
2026-08-18 19:30:45,077 [DEBUG] cnn_neat: Removed edge 16→1 (from 19 candidates)
2026-08-18 19:30:45,088 [DEBUG] cnn_neat: Removed 3 edges (requested 3)
2026-08-18 19:30:45,100 [DEBUG] cnn_neat: Split edge 13→9, new hidden node 22 (pool=1)
2026-08-18 19:30:45,104 [DEBUG] cnn_neat: Split edge 9→21, new hidden node 22 (pool=12)
2026-08-18 19:30:45,111 [DEBUG] cnn_neat: Split edge 13→21, new hidden node 22 (pool=10)
2026-08-18 19:30:45,115 [DEBUG] cnn_neat: Added edge 13→18 (from 44 candidates)
2026-08-18 19:30:45,122 [DEBUG] cnn_neat: Removed hidden node 20 (pool=11)
2026-08-18 19:30:45,125 [DEBUG] cnn_neat: Removed edge 9→21 (from 16 candidates)
2026-08-18 19:30:45,132 [DEBUG] cnn_neat: Removed 3 edges (requested 3)
2026-08-18 19:30:45,142 [DEBUG] cnn_neat: Split edge 18→10, new hidden node 22 (pool=10)
2026-08-18 19:30:45,168 [DEBUG] cnn_neat: Added edge 16→4 (from 57 candidates)
2026-08-18 19:30:45,175 [DEBUG] cnn_neat: Removed hidden node 16 (pool=11)
2026-08-18 19:30:45,178 [DEBUG] cnn_neat: Removed edge 17→1 (from 14 candidates)
2026-08-18 19:30:45,186 [DEBUG] cnn_neat: Removed 3 edges (requested 3)
2026-08-18 19:30:45,193 [DEBUG] cnn_neat: Split edge 0→13, new hidden node 22 (pool=2)
2026-08-18 19:30:45,197 [DEBUG] cnn_neat: Added edge 0→21 (from 52 candidates)
2026-08-18 19:30:45,202 [DEBUG] cnn_neat: Added edge 8→13 (from 58 candidates)
2026-08-18 19:30:45,223 [DEBUG] cnn_neat: Added edge 20→21 (from 60 candidates)
2026-08-18 19:30:45,240 [DEBUG] cnn_neat: Removed hidden node 21 (pool=11)
2026-08-18 19:30:45,244 [DEBUG] cnn_neat: Removed edge 16→1 (from 14 candidates)
2026-08-18 19:30:45,250 [DEBUG] cnn_neat: Removed 3 edges (requested 3)
2026-08-18 19:30:45,256 [DEBUG] cnn_neat: Split edge 0→13, new hidden node 21 (pool=2)
2026-08-18 19:30:45,259 [DEBUG] cnn_neat: Split edge 13→9, new hidden node 22 (pool=1)
2026-08-18 19:30:45,269 [DEBUG] cnn_neat: Added edge 13→8 (from 52 candidates)
2026-08-18 19:30:45,279 [DEBUG] cnn_neat: Removed hidden node 16 (pool=11)
2026-08-18 19:30:45,291 [DEBUG] cnn_neat: Removed edge 17→10 (from 14 candidates)
2026-08-18 19:30:45,359 [DEBUG] cnn_neat: Removed 3 edges (requested 3)
2026-08-18 19:30:45,366 [DEBUG] cnn_neat: Split edge 9→10, new hidden node 22 (pool=9)
2026-08-18 19:30:45,508 [DEBUG] cnn_neat: Added edge 20→4 (from 48 candidates)
2026-08-18 19:30:45,519 [DEBUG] cnn_neat: Added edge 19→20 (from 49 candidates)
2026-08-18 19:30:45,527 [DEBUG] cnn_neat: Removed hidden node 8 (pool=11)
2026-08-18 19:30:45,541 [DEBUG] cnn_neat: Removed edge 16→17 (from 14 candidates)
2026-08-18 19:30:45,560 [DEBUG] cnn_neat: Removed 3 edges (requested 3)
2026-08-18 19:30:45,908 [DEBUG] cnn_neat: Split edge 0→4, new hidden node 21 (pool=3)
2026-08-18 19:30:45,919 [DEBUG] cnn_neat: Added edge 4→10 (from 50 candidates)
2026-08-18 19:30:45,937 [DEBUG] cnn_neat: Removed hidden node 9 (pool=10)
2026-08-18 19:30:45,948 [DEBUG] cnn_neat: Removed edge 18→10 (from 14 candidates)
2026-08-18 19:30:45,971 [DEBUG] cnn_neat: Removed 3 edges (requested 3)
2026-08-18 19:30:45,985 [DEBUG] cnn_neat: Split edge 16→1, new hidden node 21 (pool=7)
2026-08-18 19:30:45,998 [DEBUG] cnn_neat: Split edge 0→13, new hidden node 21 (pool=3)
2026-08-18 19:30:46,008 [DEBUG] cnn_neat: Split edge 13→16, new hidden node 21 (pool=1)
2026-08-18 19:30:46,029 [DEBUG] cnn_neat: Split edge 0→13, new hidden node 22 (pool=1)
2026-08-18 19:30:46,042 [DEBUG] cnn_neat: Added edge 20→4 (from 57 candidates)
2026-08-18 19:30:46,061 [DEBUG] cnn_neat: Removed hidden node 17 (pool=11)
2026-08-18 19:30:46,073 [DEBUG] cnn_neat: Removed edge 19→9 (from 15 candidates)
2026-08-18 19:30:46,092 [DEBUG] cnn_neat: Saved generation 16
2026-08-18 19:30:46,187 [DEBUG] cnn_neat: Removed 3 edges (requested 3)
2026-08-18 19:30:46,188 [DEBUG] cnn_neat: Selected 25 elite individuals
2026-08-18 19:30:46,219 [DEBUG] cnn_neat: Split edge 0→13, new hidden node 22 (pool=1)
2026-08-18 19:30:46,310 [DEBUG] cnn_neat: Split edge 9→10, new hidden node 22 (pool=6)
2026-08-18 19:30:46,379 [DEBUG] cnn_neat: Added edge 21→20 (from 56 candidates)
2026-08-18 19:30:46,413 [DEBUG] cnn_neat: Removed hidden node 17 (pool=11)
2026-08-18 19:30:46,429 [DEBUG] cnn_neat: Removed edge 17→1 (from 14 candidates)
2026-08-18 19:30:46,461 [DEBUG] cnn_neat: Removed 3 edges (requested 3)
2026-08-18 19:30:46,497 [DEBUG] cnn_neat: Added edge 19→20 (from 51 candidates)
2026-08-18 19:30:46,509 [DEBUG] cnn_neat: Added edge 4→16 (from 57 candidates)
2026-08-18 19:30:46,523 [DEBUG] cnn_neat: Added edge 4→16 (from 79 candidates)
2026-08-18 19:30:46,533 [DEBUG] cnn_neat: Trimmed elite queue to 128 entries
2026-08-18 19:30:47,135 [DEBUG] cnn_neat: Split edge 0→13, new hidden node 22 (pool=1)
2026-08-18 19:30:47,136 [DEBUG] cnn_neat: Split edge 0→13, new hidden node 22 (pool=1)
2026-08-18 19:30:47,144 [DEBUG] cnn_neat: Added edge 4→8 (from 46 candidates)
2026-08-18 19:30:47,152 [DEBUG] cnn_neat: Removed hidden node 18 (pool=11)
2026-08-18 19:30:47,157 [DEBUG] cnn_neat: Removed edge 16→1 (from 18 candidates)
2026-08-18 19:30:47,168 [DEBUG] cnn_neat: Removed 3 edges (requested 3)
2026-08-18 19:30:47,175 [DEBUG] cnn_neat: Crossover rejected: union topology invalid (edges=44 nodes=24)
2026-08-18 19:30:47,180 [DEBUG] cnn_neat: Split edge 0→13, new hidden node 22 (pool=1)
2026-08-18 19:30:47,187 [DEBUG] cnn_neat: Added edge 19→16 (from 52 candidates)
2026-08-18 19:30:47,193 [DEBUG] cnn_neat: Added edge 16→10 (from 46 candidates)
2026-08-18 19:30:47,199 [DEBUG] cnn_neat: Added edge 9→17 (from 45 candidates)
2026-08-18 19:30:47,205 [DEBUG] cnn_neat: Added edge 4→9 (from 44 candidates)
2026-08-18 19:30:47,212 [DEBUG] cnn_neat: Added edge 8→21 (from 39 candidates)
2026-08-18 19:30:47,219 [DEBUG] cnn_neat: Added edge 4→17 (from 36 candidates)
2026-08-18 19:30:47,222 [DEBUG] cnn_neat: Split edge 0→13, new hidden node 21 (pool=3)
2026-08-18 19:30:47,227 [DEBUG] cnn_neat: Added edge 19→10 (from 45 candidates)
2026-08-18 19:30:47,234 [DEBUG] cnn_neat: Removed hidden node 8 (pool=10)
2026-08-18 19:30:47,237 [DEBUG] cnn_neat: Removed edge 9→20 (from 15 candidates)
2026-08-18 19:30:47,244 [DEBUG] cnn_neat: Removed 3 edges (requested 3)
2026-08-18 19:30:47,250 [DEBUG] cnn_neat: Crossover rejected: union topology invalid (edges=38 nodes=21)
2026-08-18 19:30:47,254 [DEBUG] cnn_neat: Split edge 0→13, new hidden node 21 (pool=3)
2026-08-18 19:30:47,259 [DEBUG] cnn_neat: Added edge 16→4 (from 44 candidates)
2026-08-18 19:30:47,263 [DEBUG] cnn_neat: Added edge 0→18 (from 45 candidates)
2026-08-18 19:30:47,267 [DEBUG] cnn_neat: Added edge 18→4 (from 33 candidates)
2026-08-18 19:30:47,271 [DEBUG] cnn_neat: Added edge 4→10 (from 32 candidates)
2026-08-18 19:30:47,276 [DEBUG] cnn_neat: Added edge 20→17 (from 30 candidates)
2026-08-18 19:30:47,281 [DEBUG] cnn_neat: Added edge 19→17 (from 29 candidates)
2026-08-18 19:30:47,284 [DEBUG] cnn_neat: Split edge 0→13, new hidden node 22 (pool=1)
2026-08-18 19:30:47,290 [DEBUG] cnn_neat: Added edge 4→17 (from 52 candidates)
2026-08-18 19:30:47,297 [DEBUG] cnn_neat: Removed hidden node 21 (pool=11)
2026-08-18 19:30:47,300 [DEBUG] cnn_neat: Removed edge 9→20 (from 16 candidates)
2026-08-18 19:30:47,308 [DEBUG] cnn_neat: Removed 3 edges (requested 3)
2026-08-18 19:30:47,313 [DEBUG] cnn_neat: Crossover rejected: union topology invalid (edges=47 nodes=24)
2026-08-18 19:30:47,317 [DEBUG] cnn_neat: Split edge 0→13, new hidden node 22 (pool=1)
2026-08-18 19:30:47,322 [DEBUG] cnn_neat: Added edge 0→20 (from 63 candidates)
2026-08-18 19:30:47,327 [DEBUG] cnn_neat: Added edge 21→16 (from 52 candidates)
2026-08-18 19:30:47,331 [DEBUG] cnn_neat: Added edge 0→19 (from 48 candidates)
2026-08-18 19:30:47,336 [DEBUG] cnn_neat: Added edge 19→13 (from 43 candidates)
2026-08-18 19:30:47,342 [DEBUG] cnn_neat: Added edge 8→16 (from 39 candidates)
2026-08-18 19:30:47,347 [DEBUG] cnn_neat: Added edge 18→20 (from 38 candidates)
2026-08-18 19:30:47,357 [DEBUG] cnn_neat: Added edge 18→16 (from 34 candidates)
2026-08-18 19:30:47,362 [DEBUG] cnn_neat: Added edge 10→1 (from 34 candidates)
2026-08-18 19:30:47,371 [DEBUG] cnn_neat: Removed hidden node 18 (pool=10)
2026-08-18 19:30:47,375 [DEBUG] cnn_neat: Removed edge 9→1 (from 18 candidates)
2026-08-18 19:30:47,382 [DEBUG] cnn_neat: Removed 3 edges (requested 3)
2026-08-18 19:30:47,386 [DEBUG] cnn_neat: Crossover rejected: union topology invalid (edges=47 nodes=23)
2026-08-18 19:30:47,393 [DEBUG] cnn_neat: Added edge 8→9 (from 34 candidates)
2026-08-18 19:30:47,398 [DEBUG] cnn_neat: Added edge 19→17 (from 34 candidates)
2026-08-18 19:30:47,402 [DEBUG] cnn_neat: Added edge 19→10 (from 32 candidates)
2026-08-18 19:30:47,407 [DEBUG] cnn_neat: Added edge 13→8 (from 31 candidates)
2026-08-18 19:30:47,412 [DEBUG] cnn_neat: Added edge 19→20 (from 27 candidates)
2026-08-18 19:30:47,416 [DEBUG] cnn_neat: Added edge 13→18 (from 26 candidates)
2026-08-18 19:30:47,426 [DEBUG] cnn_neat: Added edge 0→10 (from 44 candidates)
2026-08-18 19:30:47,430 [DEBUG] cnn_neat: Added edge 18→4 (from 44 candidates)
2026-08-18 19:30:47,437 [DEBUG] cnn_neat: Removed hidden node 4 (pool=11)
2026-08-18 19:30:47,444 [DEBUG] cnn_neat: Added edge 21→10 (from 34 candidates)
2026-08-18 19:30:47,447 [DEBUG] cnn_neat: Removed edge 17→10 (from 18 candidates)
2026-08-18 19:30:47,456 [DEBUG] cnn_neat: Removed 3 edges (requested 3)
2026-08-18 19:30:47,461 [DEBUG] cnn_neat: Crossover rejected: union topology invalid (edges=47 nodes=23)
2026-08-18 19:30:47,467 [DEBUG] cnn_neat: Added edge 20→1 (from 44 candidates)
2026-08-18 19:30:47,472 [DEBUG] cnn_neat: Added edge 17→21 (from 44 candidates)
2026-08-18 19:30:47,477 [DEBUG] cnn_neat: Added edge 18→4 (from 42 candidates)
2026-08-18 19:30:47,482 [DEBUG] cnn_neat: Added edge 18→17 (from 41 candidates)
2026-08-18 19:30:47,486 [DEBUG] cnn_neat: Added edge 18→13 (from 40 candidates)
2026-08-18 19:30:47,491 [DEBUG] cnn_neat: Added edge 17→4 (from 37 candidates)
2026-08-18 19:30:47,495 [DEBUG] cnn_neat: Split edge 16→10, new hidden node 20 (pool=8)
2026-08-18 19:30:47,500 [DEBUG] cnn_neat: Added edge 19→1 (from 29 candidates)
2026-08-18 19:30:47,507 [DEBUG] cnn_neat: Removed hidden node 18 (pool=9)
2026-08-18 19:30:47,511 [DEBUG] cnn_neat: Removed edge 18→10 (from 15 candidates)
2026-08-18 19:30:47,518 [DEBUG] cnn_neat: Removed 3 edges (requested 3)
2026-08-18 19:30:47,523 [DEBUG] cnn_neat: Crossover rejected: union topology invalid (edges=38 nodes=21)
2026-08-18 19:30:47,527 [DEBUG] cnn_neat: Split edge 16→10, new hidden node 20 (pool=8)
2026-08-18 19:30:47,532 [DEBUG] cnn_neat: Added edge 10→17 (from 38 candidates)
2026-08-18 19:30:47,536 [DEBUG] cnn_neat: Added edge 18→16 (from 29 candidates)
2026-08-18 19:30:47,541 [DEBUG] cnn_neat: Added edge 19→4 (from 28 candidates)
2026-08-18 19:30:47,545 [DEBUG] cnn_neat: Added edge 0→4 (from 27 candidates)
2026-08-18 19:30:47,550 [DEBUG] cnn_neat: Added edge 17→4 (from 31 candidates)
2026-08-18 19:30:47,554 [DEBUG] cnn_neat: Added edge 10→17 (from 27 candidates)
2026-08-18 19:30:47,559 [DEBUG] cnn_neat: Split edge 16→1, new hidden node 20 (pool=10)
2026-08-18 19:30:47,563 [DEBUG] cnn_neat: Added edge 18→16 (from 32 candidates)
2026-08-18 19:30:47,571 [DEBUG] cnn_neat: Removed hidden node 10 (pool=9)
2026-08-18 19:30:47,575 [DEBUG] cnn_neat: Removed edge 16→1 (from 15 candidates)
2026-08-18 19:30:47,582 [DEBUG] cnn_neat: Removed 3 edges (requested 3)
2026-08-18 19:30:47,590 [DEBUG] cnn_neat: Crossover rejected: union topology invalid (edges=42 nodes=22)
2026-08-18 19:30:47,595 [DEBUG] cnn_neat: Split edge 9→1, new hidden node 20 (pool=10)
2026-08-18 19:30:47,601 [DEBUG] cnn_neat: Added edge 16→4 (from 32 candidates)
2026-08-18 19:30:47,605 [DEBUG] cnn_neat: Added edge 8→16 (from 29 candidates)
2026-08-18 19:30:47,609 [DEBUG] cnn_neat: Added edge 18→17 (from 28 candidates)
2026-08-18 19:30:47,614 [DEBUG] cnn_neat: Added edge 8→19 (from 26 candidates)
2026-08-18 19:30:47,619 [DEBUG] cnn_neat: Added edge 8→13 (from 19 candidates)
2026-08-18 19:30:47,629 [DEBUG] cnn_neat: Added edge 21→17 (from 54 candidates)
2026-08-18 19:30:47,635 [DEBUG] cnn_neat: Added edge 8→9 (from 54 candidates)
2026-08-18 19:30:47,646 [DEBUG] cnn_neat: Removed hidden node 18 (pool=11)
2026-08-18 19:30:47,650 [DEBUG] cnn_neat: Removed edge 21→4 (from 15 candidates)
2026-08-18 19:30:47,660 [DEBUG] cnn_neat: Removed 3 edges (requested 3)
2026-08-18 19:30:47,666 [DEBUG] cnn_neat: Crossover rejected: union topology invalid (edges=41 nodes=23)
2026-08-18 19:30:47,673 [DEBUG] cnn_neat: Added edge 8→9 (from 54 candidates)
2026-08-18 19:30:47,681 [DEBUG] cnn_neat: Removed hidden node 20 (pool=11)
2026-08-18 19:30:47,687 [DEBUG] cnn_neat: Added edge 19→4 (from 54 candidates)
2026-08-18 19:30:47,692 [DEBUG] cnn_neat: Added edge 8→4 (from 51 candidates)
2026-08-18 19:30:47,697 [DEBUG] cnn_neat: Added edge 16→21 (from 50 candidates)
2026-08-18 19:30:47,707 [DEBUG] cnn_neat: Added edge 17→21 (from 41 candidates)
2026-08-18 19:30:47,717 [DEBUG] cnn_neat: Added edge 18→13 (from 39 candidates)
2026-08-18 19:30:47,952 [DEBUG] cnn_neat: Split edge 0→13, new hidden node 22 (pool=1)
2026-08-18 19:30:48,137 [DEBUG] cnn_neat: Added edge 16→10 (from 46 candidates)
2026-08-18 19:30:48,179 [DEBUG] cnn_neat: Removed hidden node 4 (pool=11)
2026-08-18 19:30:48,226 [DEBUG] cnn_neat: Removed edge 16→17 (from 18 candidates)
2026-08-18 19:30:48,287 [DEBUG] cnn_neat: Removed 3 edges (requested 3)
2026-08-18 19:30:48,392 [DEBUG] cnn_neat: Added edge 8→9 (from 42 candidates)
2026-08-18 19:30:48,414 [DEBUG] cnn_neat: Removed hidden node 16 (pool=11)
2026-08-18 19:30:48,430 [DEBUG] cnn_neat: Removed edge 17→10 (from 18 candidates)
2026-08-18 19:30:48,473 [DEBUG] cnn_neat: Removed 3 edges (requested 3)
2026-08-18 19:30:48,490 [DEBUG] cnn_neat: Split edge 13→9, new hidden node 22 (pool=10)
2026-08-18 19:30:48,517 [DEBUG] cnn_neat: Added edge 18→13 (from 41 candidates)
2026-08-18 19:30:48,534 [DEBUG] cnn_neat: Added edge 17→8 (from 49 candidates)
2026-08-18 19:30:49,621 [DEBUG] cnn_neat: Added edge 17→21 (from 41 candidates)
2026-08-18 19:30:49,696 [DEBUG] cnn_neat: Removed hidden node 17 (pool=11)
2026-08-18 19:30:49,721 [DEBUG] cnn_neat: Removed edge 20→21 (from 19 candidates)
2026-08-18 19:30:49,827 [DEBUG] cnn_neat: Removed 3 edges (requested 3)
2026-08-18 19:30:49,982 [DEBUG] cnn_neat: Split edge 13→4, new hidden node 21 (pool=3)
2026-08-18 19:30:50,015 [DEBUG] cnn_neat: Added edge 4→10 (from 45 candidates)
2026-08-18 19:30:50,060 [DEBUG] cnn_neat: Removed hidden node 4 (pool=10)
2026-08-18 19:30:50,078 [DEBUG] cnn_neat: Removed edge 16→1 (from 15 candidates)
2026-08-18 19:30:50,134 [DEBUG] cnn_neat: Removed 3 edges (requested 3)
2026-08-18 19:30:50,156 [DEBUG] cnn_neat: Split edge 16→1, new hidden node 21 (pool=8)
2026-08-18 19:30:50,184 [DEBUG] cnn_neat: Split edge 0→13, new hidden node 22 (pool=1)
2026-08-18 19:30:50,203 [DEBUG] cnn_neat: Added edge 13→8 (from 52 candidates)
2026-08-18 19:30:50,237 [DEBUG] cnn_neat: Removed hidden node 10 (pool=11)
2026-08-18 19:30:50,250 [DEBUG] cnn_neat: Removed edge 20→16 (from 16 candidates)
2026-08-18 19:30:50,284 [DEBUG] cnn_neat: Removed 3 edges (requested 3)
2026-08-18 19:30:50,300 [DEBUG] cnn_neat: Split edge 0→13, new hidden node 22 (pool=1)
2026-08-18 19:30:50,315 [DEBUG] cnn_neat: Split edge 9→1, new hidden node 22 (pool=4)
2026-08-18 19:30:50,352 [DEBUG] cnn_neat: Added edge 21→1 (from 34 candidates)
2026-08-18 19:30:50,394 [DEBUG] cnn_neat: Removed hidden node 19 (pool=10)
2026-08-18 19:30:50,409 [DEBUG] cnn_neat: Removed edge 17→10 (from 18 candidates)
2026-08-18 19:30:50,433 [DEBUG] cnn_neat: Removed 3 edges (requested 3)
2026-08-18 19:30:50,458 [DEBUG] cnn_neat: Split edge 9→16, new hidden node 22 (pool=11)
2026-08-18 19:30:50,476 [DEBUG] cnn_neat: Split edge 16→21, new hidden node 22 (pool=7)
2026-08-18 19:30:50,506 [DEBUG] cnn_neat: Added edge 16→4 (from 44 candidates)
2026-08-18 19:30:50,536 [DEBUG] cnn_neat: Removed hidden node 8 (pool=11)
2026-08-18 19:30:50,551 [DEBUG] cnn_neat: Removed edge 18→10 (from 18 candidates)
2026-08-18 19:30:50,581 [DEBUG] cnn_neat: Removed 3 edges (requested 3)
2026-08-18 19:30:50,603 [DEBUG] cnn_neat: Split edge 9→21, new hidden node 22 (pool=9)
2026-08-18 19:30:50,618 [DEBUG] cnn_neat: Split edge 0→13, new hidden node 22 (pool=1)
2026-08-18 19:30:50,645 [DEBUG] cnn_neat: Split edge 0→4, new hidden node 20 (pool=10)
2026-08-18 19:30:50,666 [DEBUG] cnn_neat: Added edge 13→10 (from 33 candidates)
2026-08-18 19:30:50,698 [DEBUG] cnn_neat: Removed hidden node 19 (pool=9)
2026-08-18 19:30:50,716 [DEBUG] cnn_neat: Removed edge 9→1 (from 14 candidates)
2026-08-18 19:30:50,747 [DEBUG] cnn_neat: Removed 3 edges (requested 3)
2026-08-18 19:30:50,768 [DEBUG] cnn_neat: Split edge 9→16, new hidden node 21 (pool=8)
2026-08-18 19:30:50,789 [DEBUG] cnn_neat: Split edge 9→1, new hidden node 20 (pool=10)
2026-08-18 19:30:50,950 [DEBUG] cnn_neat: Split edge 9→16, new hidden node 20 (pool=8)
2026-08-18 19:30:50,985 [DEBUG] cnn_neat: Added edge 4→17 (from 29 candidates)
2026-08-18 19:30:51,033 [DEBUG] cnn_neat: Removed hidden node 8 (pool=9)
2026-08-18 19:30:51,057 [DEBUG] cnn_neat: Removed edge 9→10 (from 15 candidates)
2026-08-18 19:30:51,069 [DEBUG] cnn_neat: Removed 3 edges (requested 3)
2026-08-18 19:30:51,127 [DEBUG] cnn_neat: Split edge 13→16, new hidden node 20 (pool=11)
2026-08-18 19:30:51,190 [DEBUG] cnn_neat: Split edge 9→16, new hidden node 20 (pool=10)
2026-08-18 19:30:51,220 [DEBUG] cnn_neat: Added edge 18→9 (from 32 candidates)
2026-08-18 19:30:51,260 [DEBUG] cnn_neat: Removed hidden node 4 (pool=9)
2026-08-18 19:30:51,871 [DEBUG] cnn_neat: Removed edge 9→1 (from 15 candidates)
2026-08-18 19:30:51,898 [DEBUG] cnn_neat: Split edge 0→4, new hidden node 21 (pool=3)
2026-08-18 19:30:51,918 [DEBUG] cnn_neat: Added edge 18→20 (from 49 candidates)
2026-08-18 19:30:51,948 [DEBUG] cnn_neat: Removed hidden node 20 (pool=10)
2026-08-18 19:30:51,984 [DEBUG] cnn_neat: Removed edge 9→1 (from 15 candidates)
2026-08-18 19:30:52,105 [DEBUG] cnn_neat: Removed 3 edges (requested 3)
2026-08-18 19:30:52,127 [DEBUG] cnn_neat: Split edge 0→4, new hidden node 21 (pool=2)
2026-08-18 19:30:52,147 [DEBUG] cnn_neat: Split edge 13→4, new hidden node 21 (pool=4)
2026-08-18 19:30:52,173 [DEBUG] cnn_neat: Split edge 13→9, new hidden node 21 (pool=7)
2026-08-18 19:30:52,220 [DEBUG] cnn_neat: Split edge 0→13, new hidden node 22 (pool=1)
2026-08-18 19:30:52,252 [DEBUG] cnn_neat: Added edge 9→17 (from 55 candidates)
2026-08-18 19:30:52,323 [DEBUG] cnn_neat: Removed hidden node 4 (pool=11)
2026-08-18 19:30:52,967 [DEBUG] cnn_neat: Removed edge 19→9 (from 16 candidates)
2026-08-18 19:30:53,016 [DEBUG] cnn_neat: Added edge 4→9 (from 54 candidates)
2026-08-18 19:30:53,064 [DEBUG] cnn_neat: Removed hidden node 10 (pool=11)
2026-08-18 19:30:53,089 [DEBUG] cnn_neat: Removed edge 13→21 (from 15 candidates)
2026-08-18 19:30:53,131 [DEBUG] cnn_neat: Removed 3 edges (requested 3)
2026-08-18 19:30:53,154 [DEBUG] cnn_neat: Split edge 16→1, new hidden node 22 (pool=5)
2026-08-18 19:30:53,164 [DEBUG] cnn_neat: Split edge 0→13, new hidden node 22 (pool=2)
2026-08-18 19:30:53,219 [DEBUG] cnn_neat: Split edge 0→13, new hidden node 22 (pool=1)
2026-08-18 19:30:53,241 [DEBUG] cnn_neat: Added edge 21→13 (from 46 candidates)
2026-08-18 19:30:53,272 [DEBUG] cnn_neat: Removed hidden node 9 (pool=11)
2026-08-18 19:30:53,299 [DEBUG] cnn_neat: Removed edge 17→10 (from 17 candidates)
2026-08-18 19:30:53,350 [DEBUG] cnn_neat: Removed 3 edges (requested 3)
2026-08-18 19:30:53,373 [DEBUG] cnn_neat: Split edge 18→10, new hidden node 23 (pool=11)
2026-08-18 19:30:53,994 [DEBUG] cnn_neat: Split edge 0→13, new hidden node 22 (pool=1)
2026-08-18 19:30:54,019 [DEBUG] cnn_neat: Split edge 0→13, new hidden node 22 (pool=1)
2026-08-18 19:30:54,034 [DEBUG] cnn_neat: Added edge 18→9 (from 53 candidates)
2026-08-18 19:30:54,062 [DEBUG] cnn_neat: Removed hidden node 17 (pool=11)
2026-08-18 19:30:54,162 [DEBUG] cnn_neat: Removed edge 17→10 (from 16 candidates)
2026-08-18 19:30:54,212 [DEBUG] cnn_neat: Removed 3 edges (requested 3)
2026-08-18 19:30:54,236 [DEBUG] cnn_neat: Split edge 0→13, new hidden node 22 (pool=1)
2026-08-18 19:30:54,261 [DEBUG] cnn_neat: Split edge 13→16, new hidden node 22 (pool=6)
2026-08-18 19:30:54,314 [DEBUG] cnn_neat: Added edge 9→17 (from 39 candidates)
2026-08-18 19:30:54,358 [DEBUG] cnn_neat: Removed hidden node 4 (pool=10)
2026-08-18 19:30:54,382 [DEBUG] cnn_neat: Removed edge 10→1 (from 16 candidates)
2026-08-18 19:30:54,429 [DEBUG] cnn_neat: Removed 3 edges (requested 3)
2026-08-18 19:30:54,454 [DEBUG] cnn_neat: Split edge 0→13, new hidden node 21 (pool=1)
2026-08-18 19:30:55,061 [DEBUG] cnn_neat: Split edge 13→4, new hidden node 21 (pool=3)
2026-08-18 19:30:55,094 [DEBUG] cnn_neat: Added edge 9→16 (from 50 candidates)
2026-08-18 19:30:55,159 [DEBUG] cnn_neat: Removed hidden node 20 (pool=10)
2026-08-18 19:30:55,167 [DEBUG] cnn_neat: Removed edge 16→1 (from 13 candidates)
2026-08-18 19:30:55,186 [DEBUG] cnn_neat: Removed 3 edges (requested 3)
2026-08-18 19:30:55,202 [DEBUG] cnn_neat: Split edge 0→4, new hidden node 21 (pool=3)
2026-08-18 19:30:55,218 [DEBUG] cnn_neat: Split edge 0→4, new hidden node 21 (pool=4)
2026-08-18 19:30:55,234 [DEBUG] cnn_neat: Split edge 0→13, new hidden node 21 (pool=2)
2026-08-18 19:30:55,262 [DEBUG] cnn_neat: Added edge 13→8 (from 49 candidates)
2026-08-18 19:30:55,298 [DEBUG] cnn_neat: Split edge 0→13, new hidden node 22 (pool=1)
2026-08-18 19:30:55,321 [DEBUG] cnn_neat: Added edge 8→4 (from 56 candidates)
2026-08-18 19:30:55,360 [DEBUG] cnn_neat: Removed hidden node 4 (pool=11)
2026-08-18 19:30:55,378 [DEBUG] cnn_neat: Removed edge 17→10 (from 14 candidates)
2026-08-18 19:30:55,394 [DEBUG] cnn_neat: Removed 3 edges (requested 3)
2026-08-18 19:30:55,403 [DEBUG] cnn_neat: Split edge 0→13, new hidden node 22 (pool=1)
2026-08-18 19:30:55,418 [DEBUG] cnn_neat: Split edge 0→13, new hidden node 22 (pool=2)
2026-08-18 19:30:55,471 [DEBUG] cnn_neat: Added edge 10→21 (from 55 candidates)
2026-08-18 19:30:55,627 [DEBUG] cnn_neat: Removed hidden node 19 (pool=11)
2026-08-18 19:30:55,641 [DEBUG] cnn_neat: Removed edge 18→19 (from 13 candidates)
2026-08-18 19:30:56,260 [DEBUG] cnn_neat: Removed 3 edges (requested 3)
2026-08-18 19:30:56,359 [DEBUG] cnn_neat: Split edge 0→4, new hidden node 21 (pool=3)
2026-08-18 19:30:56,376 [DEBUG] cnn_neat: Added edge 9→17 (from 49 candidates)
2026-08-18 19:30:56,412 [DEBUG] cnn_neat: Removed hidden node 19 (pool=10)
2026-08-18 19:30:56,425 [DEBUG] cnn_neat: Removed edge 9→10 (from 15 candidates)
2026-08-18 19:30:56,441 [DEBUG] cnn_neat: Removed 3 edges (requested 3)
2026-08-18 19:30:56,460 [DEBUG] cnn_neat: Split edge 0→13, new hidden node 21 (pool=3)
2026-08-18 19:30:56,478 [DEBUG] cnn_neat: Split edge 16→1, new hidden node 21 (pool=9)
2026-08-18 19:30:56,491 [DEBUG] cnn_neat: Split edge 9→1, new hidden node 21 (pool=6)
2026-08-18 19:30:56,522 [DEBUG] cnn_neat: Split edge 0→13, new hidden node 22 (pool=1)
2026-08-18 19:30:56,544 [DEBUG] cnn_neat: Added edge 18→4 (from 55 candidates)
2026-08-18 19:30:56,573 [DEBUG] cnn_neat: Removed hidden node 9 (pool=11)
2026-08-18 19:30:56,589 [DEBUG] cnn_neat: Removed edge 16→17 (from 16 candidates)
2026-08-18 19:30:56,626 [DEBUG] cnn_neat: Removed 3 edges (requested 3)
2026-08-18 19:30:56,643 [DEBUG] cnn_neat: Split edge 0→13, new hidden node 22 (pool=1)
2026-08-18 19:30:56,662 [DEBUG] cnn_neat: Split edge 13→16, new hidden node 22 (pool=6)
2026-08-18 19:30:56,679 [DEBUG] cnn_neat: Saved generation 17
2026-08-18 19:30:56,898 [DEBUG] cnn_neat: Split edge 8→18, new hidden node 21 (pool=9)
2026-08-18 19:30:56,899 [DEBUG] cnn_neat: Selected 25 elite individuals
2026-08-18 19:30:56,953 [DEBUG] cnn_neat: Split edge 8→4, new hidden node 21 (pool=4)
2026-08-18 19:30:56,991 [DEBUG] cnn_neat: Added edge 13→19 (from 47 candidates)
2026-08-18 19:30:57,256 [DEBUG] cnn_neat: Removed hidden node 19 (pool=10)
2026-08-18 19:30:57,308 [DEBUG] cnn_neat: Removed edge 13→4 (from 16 candidates)
2026-08-18 19:30:57,364 [DEBUG] cnn_neat: Split edge 0→13, new hidden node 21 (pool=3)
2026-08-18 19:30:57,399 [DEBUG] cnn_neat: Added edge 4→18 (from 50 candidates)
2026-08-18 19:30:57,448 [DEBUG] cnn_neat: Removed hidden node 18 (pool=10)
2026-08-18 19:30:57,459 [DEBUG] cnn_neat: Removed edge 10→1 (from 13 candidates)
2026-08-18 19:30:57,490 [DEBUG] cnn_neat: Removed 3 edges (requested 3)
2026-08-18 19:30:57,497 [DEBUG] cnn_neat: Trimmed elite queue to 128 entries
2026-08-18 19:30:58,588 [DEBUG] cnn_neat: Split edge 0→4, new hidden node 21 (pool=6)
2026-08-18 19:30:58,645 [DEBUG] cnn_neat: Added edge 18→13 (from 38 candidates)
2026-08-18 19:30:58,654 [DEBUG] cnn_neat: Added edge 19→16 (from 38 candidates)
2026-08-18 19:30:58,666 [DEBUG] cnn_neat: Removed hidden node 9 (pool=10)
2026-08-18 19:30:58,675 [DEBUG] cnn_neat: Removed edge 20→16 (from 15 candidates)
2026-08-18 19:30:58,689 [DEBUG] cnn_neat: Removed 3 edges (requested 3)
2026-08-18 19:30:58,698 [DEBUG] cnn_neat: Crossover rejected: union topology invalid (edges=38 nodes=21)
2026-08-18 19:30:58,715 [DEBUG] cnn_neat: Added edge 16→4 (from 38 candidates)
2026-08-18 19:30:58,727 [DEBUG] cnn_neat: Added edge 8→4 (from 38 candidates)
2026-08-18 19:30:58,735 [DEBUG] cnn_neat: Added edge 18→13 (from 37 candidates)
2026-08-18 19:30:58,744 [DEBUG] cnn_neat: Added edge 17→4 (from 34 candidates)
2026-08-18 19:30:58,753 [DEBUG] cnn_neat: Added edge 19→17 (from 31 candidates)
2026-08-18 19:30:58,764 [DEBUG] cnn_neat: Added edge 20→10 (from 29 candidates)
2026-08-18 19:30:58,800 [DEBUG] cnn_neat: Added edge 18→9 (from 35 candidates)
2026-08-18 19:30:58,826 [DEBUG] cnn_neat: Added edge 19→10 (from 35 candidates)
2026-08-18 19:30:58,868 [DEBUG] cnn_neat: Removed hidden node 10 (pool=10)
2026-08-18 19:30:58,876 [DEBUG] cnn_neat: Removed edge 18→10 (from 17 candidates)
2026-08-18 19:30:58,893 [DEBUG] cnn_neat: Removed 3 edges (requested 3)
2026-08-18 19:30:58,904 [DEBUG] cnn_neat: Crossover rejected: union topology invalid (edges=42 nodes=23)
2026-08-18 19:30:58,917 [DEBUG] cnn_neat: Added edge 21→10 (from 35 candidates)
2026-08-18 19:30:58,927 [DEBUG] cnn_neat: Added edge 0→21 (from 35 candidates)
2026-08-18 19:30:58,934 [DEBUG] cnn_neat: Added edge 0→20 (from 42 candidates)
2026-08-18 19:30:58,945 [DEBUG] cnn_neat: Added edge 20→17 (from 37 candidates)
2026-08-18 19:30:58,954 [DEBUG] cnn_neat: Added edge 18→16 (from 30 candidates)
2026-08-18 19:30:58,963 [DEBUG] cnn_neat: Added edge 19→13 (from 29 candidates)
2026-08-18 19:30:58,972 [DEBUG] cnn_neat: Split edge 0→4, new hidden node 21 (pool=3)
2026-08-18 19:30:58,981 [DEBUG] cnn_neat: Added edge 0→20 (from 44 candidates)
2026-08-18 19:30:58,994 [DEBUG] cnn_neat: Removed hidden node 18 (pool=10)
2026-08-18 19:30:59,001 [DEBUG] cnn_neat: Removed edge 18→19 (from 16 candidates)
2026-08-18 19:30:59,017 [DEBUG] cnn_neat: Removed 3 edges (requested 3)
2026-08-18 19:30:59,030 [DEBUG] cnn_neat: Crossover rejected: union topology invalid (edges=39 nodes=21)
2026-08-18 19:30:59,037 [DEBUG] cnn_neat: Split edge 13→4, new hidden node 21 (pool=3)
2026-08-18 19:30:59,046 [DEBUG] cnn_neat: Added edge 8→19 (from 44 candidates)
2026-08-18 19:30:59,054 [DEBUG] cnn_neat: Added edge 19→16 (from 35 candidates)
2026-08-18 19:30:59,064 [DEBUG] cnn_neat: Added edge 20→10 (from 34 candidates)
2026-08-18 19:30:59,073 [DEBUG] cnn_neat: Added edge 0→19 (from 32 candidates)
2026-08-18 19:30:59,081 [DEBUG] cnn_neat: Added edge 4→10 (from 29 candidates)
2026-08-18 19:30:59,099 [DEBUG] cnn_neat: Added edge 19→17 (from 34 candidates)
2026-08-18 19:30:59,108 [DEBUG] cnn_neat: Added edge 18→21 (from 34 candidates)
2026-08-18 19:30:59,120 [DEBUG] cnn_neat: Removed hidden node 20 (pool=10)
2026-08-18 19:30:59,129 [DEBUG] cnn_neat: Removed edge 9→1 (from 18 candidates)
2026-08-18 19:30:59,144 [DEBUG] cnn_neat: Removed 3 edges (requested 3)
2026-08-18 19:30:59,155 [DEBUG] cnn_neat: Crossover rejected: union topology invalid (edges=45 nodes=23)
2026-08-18 19:30:59,168 [DEBUG] cnn_neat: Added edge 21→17 (from 34 candidates)
2026-08-18 19:30:59,181 [DEBUG] cnn_neat: Added edge 17→21 (from 34 candidates)
2026-08-18 19:30:59,194 [DEBUG] cnn_neat: Added edge 8→16 (from 32 candidates)
2026-08-18 19:30:59,207 [DEBUG] cnn_neat: Added edge 0→21 (from 31 candidates)
2026-08-18 19:30:59,216 [DEBUG] cnn_neat: Added edge 18→17 (from 38 candidates)
2026-08-18 19:30:59,225 [DEBUG] cnn_neat: Added edge 20→17 (from 36 candidates)
2026-08-18 19:30:59,243 [DEBUG] cnn_neat: Added edge 8→21 (from 32 candidates)
2026-08-18 19:30:59,252 [DEBUG] cnn_neat: Added edge 21→1 (from 32 candidates)
2026-08-18 19:30:59,271 [DEBUG] cnn_neat: Removed hidden node 8 (pool=10)
2026-08-18 19:30:59,280 [DEBUG] cnn_neat: Removed edge 8→18 (from 19 candidates)
2026-08-18 19:30:59,298 [DEBUG] cnn_neat: Removed 3 edges (requested 3)
2026-08-18 19:30:59,309 [DEBUG] cnn_neat: Crossover rejected: union topology invalid (edges=44 nodes=22)
2026-08-18 19:30:59,323 [DEBUG] cnn_neat: Added edge 18→21 (from 32 candidates)
2026-08-18 19:30:59,331 [DEBUG] cnn_neat: Added edge 19→1 (from 32 candidates)
2026-08-18 19:30:59,341 [DEBUG] cnn_neat: Added edge 18→17 (from 30 candidates)
2026-08-18 19:30:59,349 [DEBUG] cnn_neat: Added edge 8→21 (from 29 candidates)
2026-08-18 19:30:59,358 [DEBUG] cnn_neat: Added edge 19→16 (from 28 candidates)
2026-08-18 19:30:59,364 [DEBUG] cnn_neat: Added edge 19→10 (from 27 candidates)
2026-08-18 19:30:59,376 [DEBUG] cnn_neat: Added edge 16→10 (from 46 candidates)
2026-08-18 19:30:59,385 [DEBUG] cnn_neat: Added edge 9→4 (from 46 candidates)
2026-08-18 19:30:59,395 [DEBUG] cnn_neat: Removed hidden node 9 (pool=11)
2026-08-18 19:30:59,405 [DEBUG] cnn_neat: Removed edge 21→4 (from 17 candidates)
2026-08-18 19:30:59,420 [DEBUG] cnn_neat: Removed 3 edges (requested 3)
2026-08-18 19:30:59,430 [DEBUG] cnn_neat: Crossover rejected: union topology invalid (edges=50 nodes=24)
2026-08-18 19:30:59,443 [DEBUG] cnn_neat: Added edge 21→10 (from 46 candidates)
2026-08-18 19:30:59,453 [DEBUG] cnn_neat: Added edge 19→13 (from 46 candidates)
2026-08-18 19:30:59,462 [DEBUG] cnn_neat: Added edge 17→21 (from 43 candidates)
2026-08-18 19:30:59,470 [DEBUG] cnn_neat: Added edge 16→4 (from 41 candidates)
2026-08-18 19:30:59,480 [DEBUG] cnn_neat: Added edge 18→21 (from 40 candidates)
2026-08-18 19:30:59,489 [DEBUG] cnn_neat: Added edge 21→10 (from 39 candidates)
2026-08-18 19:30:59,507 [DEBUG] cnn_neat: Added edge 0→10 (from 48 candidates)
2026-08-18 19:30:59,518 [DEBUG] cnn_neat: Added edge 9→17 (from 48 candidates)
2026-08-18 19:30:59,532 [DEBUG] cnn_neat: Removed hidden node 4 (pool=11)
2026-08-18 19:30:59,547 [DEBUG] cnn_neat: Added edge 21→17 (from 38 candidates)
2026-08-18 19:30:59,555 [DEBUG] cnn_neat: Removed edge 18→10 (from 17 candidates)
2026-08-18 19:30:59,570 [DEBUG] cnn_neat: Removed 3 edges (requested 3)
2026-08-18 19:30:59,580 [DEBUG] cnn_neat: Crossover rejected: union topology invalid (edges=42 nodes=22)
2026-08-18 19:30:59,593 [DEBUG] cnn_neat: Added edge 17→4 (from 48 candidates)
2026-08-18 19:30:59,602 [DEBUG] cnn_neat: Added edge 21→4 (from 48 candidates)
2026-08-18 19:30:59,611 [DEBUG] cnn_neat: Added edge 16→10 (from 45 candidates)
2026-08-18 19:30:59,620 [DEBUG] cnn_neat: Added edge 19→16 (from 42 candidates)
2026-08-18 19:30:59,629 [DEBUG] cnn_neat: Added edge 17→10 (from 41 candidates)
2026-08-18 19:30:59,638 [DEBUG] cnn_neat: Added edge 13→18 (from 39 candidates)
2026-08-18 19:30:59,646 [DEBUG] cnn_neat: Split edge 0→13, new hidden node 22 (pool=1)
2026-08-18 19:30:59,657 [DEBUG] cnn_neat: Added edge 10→16 (from 45 candidates)
2026-08-18 19:30:59,676 [DEBUG] cnn_neat: Removed hidden node 17 (pool=11)
2026-08-18 19:30:59,684 [DEBUG] cnn_neat: Removed edge 9→21 (from 19 candidates)
2026-08-18 19:30:59,704 [DEBUG] cnn_neat: Removed 3 edges (requested 3)
2026-08-18 19:30:59,716 [DEBUG] cnn_neat: Crossover rejected: union topology invalid (edges=46 nodes=24)
2026-08-18 19:30:59,724 [DEBUG] cnn_neat: Split edge 0→13, new hidden node 22 (pool=1)
2026-08-18 19:30:59,734 [DEBUG] cnn_neat: Added edge 8→10 (from 55 candidates)
2026-08-18 19:30:59,743 [DEBUG] cnn_neat: Added edge 19→4 (from 45 candidates)
2026-08-18 19:30:59,752 [DEBUG] cnn_neat: Added edge 17→4 (from 44 candidates)
2026-08-18 19:30:59,760 [DEBUG] cnn_neat: Added edge 19→1 (from 43 candidates)
2026-08-18 19:30:59,771 [DEBUG] cnn_neat: Added edge 18→13 (from 41 candidates)
2026-08-18 19:30:59,781 [DEBUG] cnn_neat: Added edge 8→4 (from 38 candidates)
2026-08-18 19:30:59,789 [DEBUG] cnn_neat: Split edge 16→1, new hidden node 22 (pool=9)
2026-08-18 19:30:59,799 [DEBUG] cnn_neat: Added edge 17→4 (from 42 candidates)
2026-08-18 19:30:59,825 [DEBUG] cnn_neat: Removed hidden node 20 (pool=11)
2026-08-18 19:30:59,833 [DEBUG] cnn_neat: Removed edge 9→16 (from 17 candidates)
2026-08-18 19:31:00,143 [DEBUG] cnn_neat: Split edge 0→13, new hidden node 22 (pool=1)
2026-08-18 19:31:00,262 [DEBUG] cnn_neat: Added edge 20→1 (from 46 candidates)
2026-08-18 19:31:00,433 [DEBUG] cnn_neat: Removed hidden node 4 (pool=11)
2026-08-18 19:31:00,460 [DEBUG] cnn_neat: Added edge 0→20 (from 42 candidates)
2026-08-18 19:31:00,493 [DEBUG] cnn_neat: Removed hidden node 20 (pool=11)
2026-08-18 19:31:00,509 [DEBUG] cnn_neat: Removed edge 9→16 (from 18 candidates)
2026-08-18 19:31:00,537 [DEBUG] cnn_neat: Removed 3 edges (requested 3)
2026-08-18 19:31:00,555 [DEBUG] cnn_neat: Split edge 21→4, new hidden node 22 (pool=11)
2026-08-18 19:31:00,583 [DEBUG] cnn_neat: Added edge 8→21 (from 37 candidates)
2026-08-18 19:31:00,595 [DEBUG] cnn_neat: Added edge 13→18 (from 43 candidates)
2026-08-18 19:31:00,636 [DEBUG] cnn_neat: Added edge 21→10 (from 41 candidates)
2026-08-18 19:31:01,438 [DEBUG] cnn_neat: Removed hidden node 21 (pool=11)
2026-08-18 19:31:01,763 [DEBUG] cnn_neat: Split edge 0→4, new hidden node 21 (pool=3)
2026-08-18 19:31:01,942 [DEBUG] cnn_neat: Added edge 19→10 (from 45 candidates)
2026-08-18 19:31:01,997 [DEBUG] cnn_neat: Split edge 0→13, new hidden node 22 (pool=1)
2026-08-18 19:31:02,037 [DEBUG] cnn_neat: Added edge 13→21 (from 52 candidates)
2026-08-18 19:31:02,100 [DEBUG] cnn_neat: Removed hidden node 18 (pool=11)
2026-08-18 19:31:02,124 [DEBUG] cnn_neat: Removed edge 9→16 (from 16 candidates)
2026-08-18 19:31:02,173 [DEBUG] cnn_neat: Removed 3 edges (requested 3)
2026-08-18 19:31:02,189 [DEBUG] cnn_neat: Split edge 0→13, new hidden node 22 (pool=1)
2026-08-18 19:31:02,199 [DEBUG] cnn_neat: Split edge 0→8, new hidden node 22 (pool=8)
2026-08-18 19:31:02,238 [DEBUG] cnn_neat: Added edge 16→10 (from 34 candidates)
2026-08-18 19:31:02,261 [DEBUG] cnn_neat: Removed hidden node 18 (pool=10)
2026-08-18 19:31:02,275 [DEBUG] cnn_neat: Removed edge 9→20 (from 18 candidates)
2026-08-18 19:31:02,306 [DEBUG] cnn_neat: Removed 3 edges (requested 3)
2026-08-18 19:31:02,326 [DEBUG] cnn_neat: Split edge 13→21, new hidden node 22 (pool=11)
2026-08-18 19:31:02,339 [DEBUG] cnn_neat: Split edge 13→9, new hidden node 22 (pool=1)
2026-08-18 19:31:02,354 [DEBUG] cnn_neat: Added edge 21→10 (from 33 candidates)
2026-08-18 19:31:02,390 [DEBUG] cnn_neat: Added edge 21→10 (from 44 candidates)
2026-08-18 19:31:02,414 [DEBUG] cnn_neat: Removed hidden node 21 (pool=11)
2026-08-18 19:31:02,429 [DEBUG] cnn_neat: Removed edge 20→4 (from 18 candidates)
2026-08-18 19:31:02,459 [DEBUG] cnn_neat: Removed 3 edges (requested 3)
2026-08-18 19:31:02,488 [DEBUG] cnn_neat: Split edge 13→16, new hidden node 22 (pool=1)
2026-08-18 19:31:02,512 [DEBUG] cnn_neat: Added edge 0→20 (from 42 candidates)
2026-08-18 19:31:02,530 [DEBUG] cnn_neat: Added edge 21→17 (from 48 candidates)
2026-08-18 19:31:02,566 [DEBUG] cnn_neat: Added edge 8→9 (from 38 candidates)
2026-08-18 19:31:02,621 [DEBUG] cnn_neat: Removed hidden node 8 (pool=10)
2026-08-18 19:31:02,636 [DEBUG] cnn_neat: Removed edge 9→20 (from 15 candidates)
2026-08-18 19:31:02,667 [DEBUG] cnn_neat: Removed 3 edges (requested 3)
2026-08-18 19:31:02,691 [DEBUG] cnn_neat: Split edge 18→19, new hidden node 21 (pool=8)
2026-08-18 19:31:02,705 [DEBUG] cnn_neat: Split edge 20→4, new hidden node 21 (pool=9)
2026-08-18 19:31:02,841 [DEBUG] cnn_neat: Split edge 13→4, new hidden node 21 (pool=3)
2026-08-18 19:31:02,865 [DEBUG] cnn_neat: Added edge 8→17 (from 45 candidates)
2026-08-18 19:31:02,878 [DEBUG] cnn_neat: Removed hidden node 20 (pool=10)
2026-08-18 19:31:02,892 [DEBUG] cnn_neat: Removed edge 9→1 (from 15 candidates)
2026-08-18 19:31:02,914 [DEBUG] cnn_neat: Removed 3 edges (requested 3)
2026-08-18 19:31:02,943 [DEBUG] cnn_neat: Split edge 16→17, new hidden node 21 (pool=10)
2026-08-18 19:31:02,963 [DEBUG] cnn_neat: Split edge 0→13, new hidden node 20 (pool=9)
2026-08-18 19:31:03,043 [DEBUG] cnn_neat: Added edge 17→21 (from 35 candidates)
2026-08-18 19:31:03,715 [DEBUG] cnn_neat: Removed hidden node 21 (pool=10)
2026-08-18 19:31:03,736 [DEBUG] cnn_neat: Split edge 0→13, new hidden node 21 (pool=3)
2026-08-18 19:31:03,760 [DEBUG] cnn_neat: Added edge 4→16 (from 44 candidates)
2026-08-18 19:31:03,791 [DEBUG] cnn_neat: Removed hidden node 4 (pool=10)
2026-08-18 19:31:03,807 [DEBUG] cnn_neat: Removed edge 20→4 (from 16 candidates)
2026-08-18 19:31:03,849 [DEBUG] cnn_neat: Removed 3 edges (requested 3)
2026-08-18 19:31:03,869 [DEBUG] cnn_neat: Split edge 18→10, new hidden node 22 (pool=13)
2026-08-18 19:31:03,924 [DEBUG] cnn_neat: Added edge 13→18 (from 34 candidates)
2026-08-18 19:31:03,958 [DEBUG] cnn_neat: Removed hidden node 18 (pool=10)
2026-08-18 19:31:03,965 [DEBUG] cnn_neat: Removed edge 17→1 (from 18 candidates)
2026-08-18 19:31:04,065 [DEBUG] cnn_neat: Removed 3 edges (requested 3)
2026-08-18 19:31:04,086 [DEBUG] cnn_neat: Split edge 16→21, new hidden node 22 (pool=12)
2026-08-18 19:31:04,100 [DEBUG] cnn_neat: Split edge 13→9, new hidden node 22 (pool=1)
2026-08-18 19:31:04,145 [DEBUG] cnn_neat: Added edge 9→17 (from 32 candidates)
2026-08-18 19:31:04,750 [DEBUG] cnn_neat: Removed hidden node 19 (pool=10)
2026-08-18 19:31:04,803 [DEBUG] cnn_neat: Added edge 20→17 (from 46 candidates)
2026-08-18 19:31:04,843 [DEBUG] cnn_neat: Removed hidden node 4 (pool=11)
2026-08-18 19:31:04,850 [DEBUG] cnn_neat: Removed edge 16→21 (from 17 candidates)
2026-08-18 19:31:04,890 [DEBUG] cnn_neat: Removed 3 edges (requested 3)
2026-08-18 19:31:04,932 [DEBUG] cnn_neat: Split edge 17→1, new hidden node 22 (pool=12)
2026-08-18 19:31:04,961 [DEBUG] cnn_neat: Added edge 19→20 (from 44 candidates)
2026-08-18 19:31:04,997 [DEBUG] cnn_neat: Added edge 13→18 (from 48 candidates)
2026-08-18 19:31:05,020 [DEBUG] cnn_neat: Removed hidden node 20 (pool=11)
2026-08-18 19:31:05,027 [DEBUG] cnn_neat: Removed edge 9→20 (from 17 candidates)
2026-08-18 19:31:05,066 [DEBUG] cnn_neat: Removed 3 edges (requested 3)
2026-08-18 19:31:05,666 [DEBUG] cnn_neat: Split edge 0→13, new hidden node 22 (pool=1)
2026-08-18 19:31:05,678 [DEBUG] cnn_neat: Added edge 10→16 (from 45 candidates)
2026-08-18 19:31:05,720 [DEBUG] cnn_neat: Removed hidden node 10 (pool=11)
2026-08-18 19:31:05,737 [DEBUG] cnn_neat: Removed edge 13→21 (from 19 candidates)
2026-08-18 19:31:05,777 [DEBUG] cnn_neat: Removed 3 edges (requested 3)
2026-08-18 19:31:05,792 [DEBUG] cnn_neat: Split edge 9→16, new hidden node 22 (pool=7)
2026-08-18 19:31:05,810 [DEBUG] cnn_neat: Split edge 0→13, new hidden node 22 (pool=1)
2026-08-18 19:31:05,829 [DEBUG] cnn_neat: Split edge 16→1, new hidden node 22 (pool=10)
2026-08-18 19:31:06,430 [DEBUG] cnn_neat: Split edge 13→21, new hidden node 22 (pool=9)
2026-08-18 19:31:06,519 [DEBUG] cnn_neat: Added edge 21→4 (from 43 candidates)
2026-08-18 19:31:06,546 [DEBUG] cnn_neat: Removed hidden node 17 (pool=11)
2026-08-18 19:31:06,566 [DEBUG] cnn_neat: Removed edge 9→16 (from 19 candidates)
2026-08-18 19:31:06,616 [DEBUG] cnn_neat: Removed 3 edges (requested 3)
2026-08-18 19:31:06,648 [DEBUG] cnn_neat: Split edge 9→16, new hidden node 22 (pool=10)
2026-08-18 19:31:06,670 [DEBUG] cnn_neat: Split edge 13→16, new hidden node 22 (pool=14)
2026-08-18 19:31:06,723 [DEBUG] cnn_neat: Added edge 9→4 (from 53 candidates)
2026-08-18 19:31:06,738 [DEBUG] cnn_neat: Removed hidden node 9 (pool=11)
2026-08-18 19:31:06,749 [DEBUG] cnn_neat: Removed edge 9→1 (from 15 candidates)
2026-08-18 19:31:06,791 [DEBUG] cnn_neat: Removed 3 edges (requested 3)
2026-08-18 19:31:06,822 [DEBUG] cnn_neat: Split edge 0→4, new hidden node 22 (pool=5)
2026-08-18 19:31:06,840 [DEBUG] cnn_neat: Split edge 0→13, new hidden node 22 (pool=5)
2026-08-18 19:31:06,862 [DEBUG] cnn_neat: Split edge 16→10, new hidden node 20 (pool=10)
2026-08-18 19:31:06,884 [DEBUG] cnn_neat: Added edge 18→4 (from 33 candidates)
2026-08-18 19:31:06,925 [DEBUG] cnn_neat: Removed hidden node 9 (pool=9)
2026-08-18 19:31:07,018 [DEBUG] cnn_neat: Removed edge 18→19 (from 14 candidates)
2026-08-18 19:31:07,263 [DEBUG] cnn_neat: Removed 3 edges (requested 3)
2026-08-18 19:31:07,301 [DEBUG] cnn_neat: Split edge 13→4, new hidden node 20 (pool=8)
2026-08-18 19:31:07,315 [DEBUG] cnn_neat: Added edge 17→10 (from 29 candidates)
2026-08-18 19:31:07,986 [DEBUG] cnn_neat: Removed hidden node 18 (pool=9)
2026-08-18 19:31:08,078 [DEBUG] cnn_neat: Split edge 9→1, new hidden node 20 (pool=10)
2026-08-18 19:31:08,096 [DEBUG] cnn_neat: Added edge 19→17 (from 32 candidates)
2026-08-18 19:31:08,124 [DEBUG] cnn_neat: Removed hidden node 16 (pool=9)
2026-08-18 19:31:08,141 [DEBUG] cnn_neat: Removed edge 13→4 (from 15 candidates)
2026-08-18 19:31:08,179 [DEBUG] cnn_neat: Removed 3 edges (requested 3)
2026-08-18 19:31:08,198 [DEBUG] cnn_neat: Split edge 16→10, new hidden node 20 (pool=10)
2026-08-18 19:31:08,211 [DEBUG] cnn_neat: Split edge 9→1, new hidden node 20 (pool=7)
2026-08-18 19:31:08,244 [DEBUG] cnn_neat: Split edge 0→4, new hidden node 21 (pool=3)
2026-08-18 19:31:08,269 [DEBUG] cnn_neat: Added edge 4→8 (from 49 candidates)
2026-08-18 19:31:08,302 [DEBUG] cnn_neat: Removed hidden node 19 (pool=10)
2026-08-18 19:31:08,319 [DEBUG] cnn_neat: Removed edge 10→1 (from 15 candidates)
2026-08-18 19:31:08,350 [DEBUG] cnn_neat: Removed 3 edges (requested 3)
2026-08-18 19:31:08,367 [DEBUG] cnn_neat: Split edge 4→8, new hidden node 21 (pool=4)
2026-08-18 19:31:08,380 [DEBUG] cnn_neat: Split edge 13→4, new hidden node 21 (pool=3)
2026-08-18 19:31:08,397 [DEBUG] cnn_neat: Split edge 0→4, new hidden node 21 (pool=6)
2026-08-18 19:31:08,426 [DEBUG] cnn_neat: Split edge 0→13, new hidden node 22 (pool=1)
2026-08-18 19:31:08,430 [DEBUG] cnn_neat: Saved generation 18
2026-08-18 19:31:08,647 [DEBUG] cnn_neat: Added edge 0→4 (from 55 candidates)
2026-08-18 19:31:08,652 [DEBUG] cnn_neat: Selected 25 elite individuals
2026-08-18 19:31:08,714 [DEBUG] cnn_neat: Removed hidden node 17 (pool=11)
2026-08-18 19:31:08,763 [DEBUG] cnn_neat: Removed edge 9→10 (from 16 candidates)
2026-08-18 19:31:08,979 [DEBUG] cnn_neat: Added edge 20→17 (from 54 candidates)
2026-08-18 19:31:09,030 [DEBUG] cnn_neat: Removed hidden node 9 (pool=11)
2026-08-18 19:31:09,053 [DEBUG] cnn_neat: Removed edge 16→1 (from 15 candidates)
2026-08-18 19:31:09,119 [DEBUG] cnn_neat: Removed 3 edges (requested 3)
2026-08-18 19:31:09,145 [DEBUG] cnn_neat: Trimmed elite queue to 128 entries
2026-08-18 19:31:10,288 [DEBUG] cnn_neat: Split edge 0→13, new hidden node 21 (pool=1)
2026-08-18 19:31:10,294 [DEBUG] cnn_neat: Split edge 0→13, new hidden node 21 (pool=1)
2026-08-18 19:31:10,306 [DEBUG] cnn_neat: Added edge 13→10 (from 35 candidates)
2026-08-18 19:31:10,321 [DEBUG] cnn_neat: Added edge 19→20 (from 35 candidates)
2026-08-18 19:31:10,339 [DEBUG] cnn_neat: Removed hidden node 9 (pool=9)
2026-08-18 19:31:10,354 [DEBUG] cnn_neat: Removed edge 20→16 (from 14 candidates)
2026-08-18 19:31:10,361 [DEBUG] cnn_neat: Removed hidden node 16 (pool=9)
2026-08-18 19:31:10,388 [DEBUG] cnn_neat: Removed 3 edges (requested 3)
2026-08-18 19:31:10,388 [DEBUG] cnn_neat: Removed edge 17→10 (from 14 candidates)
2026-08-18 19:31:10,409 [DEBUG] cnn_neat: Crossover rejected: union topology invalid (edges=38 nodes=21)
2026-08-18 19:31:10,432 [DEBUG] cnn_neat: Split edge 0→13, new hidden node 21 (pool=1)
2026-08-18 19:31:10,438 [DEBUG] cnn_neat: Removed 3 edges (requested 3)
2026-08-18 19:31:10,452 [DEBUG] cnn_neat: Split edge 0→21, new hidden node 22 (pool=11)
2026-08-18 19:31:10,459 [DEBUG] cnn_neat: Added edge 19→10 (from 35 candidates)
2026-08-18 19:31:10,467 [DEBUG] cnn_neat: Added edge 13→18 (from 35 candidates)
2026-08-18 19:31:10,476 [DEBUG] cnn_neat: Added edge 19→17 (from 32 candidates)
2026-08-18 19:31:10,486 [DEBUG] cnn_neat: Added edge 19→10 (from 31 candidates)
2026-08-18 19:31:10,495 [DEBUG] cnn_neat: Added edge 18→16 (from 29 candidates)
2026-08-18 19:31:10,504 [DEBUG] cnn_neat: Added edge 8→17 (from 28 candidates)
2026-08-18 19:31:10,512 [DEBUG] cnn_neat: Split edge 16→1, new hidden node 22 (pool=4)
2026-08-18 19:31:10,522 [DEBUG] cnn_neat: Added edge 18→1 (from 45 candidates)
2026-08-18 19:31:10,533 [DEBUG] cnn_neat: Removed hidden node 16 (pool=10)
2026-08-18 19:31:10,540 [DEBUG] cnn_neat: Removed edge 18→19 (from 13 candidates)
2026-08-18 19:31:10,552 [DEBUG] cnn_neat: Removed 3 edges (requested 3)
2026-08-18 19:31:10,561 [DEBUG] cnn_neat: Crossover rejected: union topology invalid (edges=44 nodes=23)
2026-08-18 19:31:10,569 [DEBUG] cnn_neat: Split edge 16→1, new hidden node 22 (pool=4)
2026-08-18 19:31:10,578 [DEBUG] cnn_neat: Added edge 8→4 (from 55 candidates)
2026-08-18 19:31:10,587 [DEBUG] cnn_neat: Added edge 21→13 (from 45 candidates)
2026-08-18 19:31:10,596 [DEBUG] cnn_neat: Added edge 19→17 (from 39 candidates)
2026-08-18 19:31:10,605 [DEBUG] cnn_neat: Added edge 19→13 (from 37 candidates)
2026-08-18 19:31:10,615 [DEBUG] cnn_neat: Added edge 8→21 (from 34 candidates)
2026-08-18 19:31:10,624 [DEBUG] cnn_neat: Added edge 18→9 (from 32 candidates)
2026-08-18 19:31:10,632 [DEBUG] cnn_neat: Split edge 13→21, new hidden node 22 (pool=7)
2026-08-18 19:31:10,641 [DEBUG] cnn_neat: Added edge 18→17 (from 29 candidates)
2026-08-18 19:31:10,657 [DEBUG] cnn_neat: Removed hidden node 16 (pool=9)
2026-08-18 19:31:10,665 [DEBUG] cnn_neat: Removed edge 9→1 (from 15 candidates)
2026-08-18 19:31:10,677 [DEBUG] cnn_neat: Removed 3 edges (requested 3)
2026-08-18 19:31:10,686 [DEBUG] cnn_neat: Crossover rejected: union topology invalid (edges=35 nodes=20)
2026-08-18 19:31:10,693 [DEBUG] cnn_neat: Split edge 16→1, new hidden node 22 (pool=7)
2026-08-18 19:31:10,702 [DEBUG] cnn_neat: Added edge 0→19 (from 29 candidates)
2026-08-18 19:31:10,711 [DEBUG] cnn_neat: Added edge 0→20 (from 27 candidates)
2026-08-18 19:31:10,721 [DEBUG] cnn_neat: Added edge 21→1 (from 25 candidates)
2026-08-18 19:31:10,733 [DEBUG] cnn_neat: Added edge 18→21 (from 24 candidates)
2026-08-18 19:31:10,744 [DEBUG] cnn_neat: Added edge 8→20 (from 23 candidates)
2026-08-18 19:31:10,763 [DEBUG] cnn_neat: Added edge 19→1 (from 36 candidates)
2026-08-18 19:31:10,775 [DEBUG] cnn_neat: Added edge 4→17 (from 36 candidates)
2026-08-18 19:31:10,790 [DEBUG] cnn_neat: Removed hidden node 18 (pool=10)
2026-08-18 19:31:10,797 [DEBUG] cnn_neat: Removed edge 9→10 (from 16 candidates)
2026-08-18 19:31:10,813 [DEBUG] cnn_neat: Removed 3 edges (requested 3)
2026-08-18 19:31:10,823 [DEBUG] cnn_neat: Crossover rejected: union topology invalid (edges=38 nodes=22)
2026-08-18 19:31:10,836 [DEBUG] cnn_neat: Added edge 8→13 (from 36 candidates)
2026-08-18 19:31:10,845 [DEBUG] cnn_neat: Added edge 13→8 (from 36 candidates)
2026-08-18 19:31:10,854 [DEBUG] cnn_neat: Added edge 19→1 (from 32 candidates)
2026-08-18 19:31:10,864 [DEBUG] cnn_neat: Added edge 18→20 (from 30 candidates)
2026-08-18 19:31:10,876 [DEBUG] cnn_neat: Added edge 4→17 (from 29 candidates)
2026-08-18 19:31:10,887 [DEBUG] cnn_neat: Added edge 8→16 (from 26 candidates)
2026-08-18 19:31:10,895 [DEBUG] cnn_neat: Split edge 0→13, new hidden node 22 (pool=1)
2026-08-18 19:31:10,904 [DEBUG] cnn_neat: Added edge 20→1 (from 37 candidates)
2026-08-18 19:31:10,919 [DEBUG] cnn_neat: Removed hidden node 10 (pool=10)
2026-08-18 19:31:10,926 [DEBUG] cnn_neat: Split edge 16→21, new hidden node 22 (pool=7)
2026-08-18 19:31:10,933 [DEBUG] cnn_neat: Removed edge 9→1 (from 15 candidates)
2026-08-18 19:31:10,947 [DEBUG] cnn_neat: Removed 3 edges (requested 3)
2026-08-18 19:31:10,959 [DEBUG] cnn_neat: Crossover rejected: union topology invalid (edges=41 nodes=22)
2026-08-18 19:31:10,965 [DEBUG] cnn_neat: Split edge 0→13, new hidden node 22 (pool=1)
2026-08-18 19:31:10,977 [DEBUG] cnn_neat: Added edge 13→19 (from 43 candidates)
2026-08-18 19:31:10,985 [DEBUG] cnn_neat: Added edge 18→21 (from 37 candidates)
2026-08-18 19:31:10,994 [DEBUG] cnn_neat: Added edge 8→9 (from 36 candidates)
2026-08-18 19:31:11,003 [DEBUG] cnn_neat: Added edge 0→19 (from 35 candidates)
2026-08-18 19:31:11,011 [DEBUG] cnn_neat: Added edge 10→21 (from 32 candidates)
2026-08-18 19:31:11,020 [DEBUG] cnn_neat: Added edge 18→13 (from 29 candidates)
2026-08-18 19:31:11,040 [DEBUG] cnn_neat: Added edge 8→13 (from 53 candidates)
2026-08-18 19:31:11,051 [DEBUG] cnn_neat: Added edge 8→9 (from 53 candidates)
2026-08-18 19:31:11,065 [DEBUG] cnn_neat: Removed hidden node 8 (pool=11)
2026-08-18 19:31:11,074 [DEBUG] cnn_neat: Removed edge 17→10 (from 15 candidates)
2026-08-18 19:31:11,093 [DEBUG] cnn_neat: Removed 3 edges (requested 3)
2026-08-18 19:31:11,104 [DEBUG] cnn_neat: Crossover rejected: union topology invalid (edges=39 nodes=22)
2026-08-18 19:31:11,116 [DEBUG] cnn_neat: Added edge 18→16 (from 53 candidates)
2026-08-18 19:31:11,127 [DEBUG] cnn_neat: Added edge 9→4 (from 53 candidates)
2026-08-18 19:31:11,135 [DEBUG] cnn_neat: Added edge 18→16 (from 52 candidates)
2026-08-18 19:31:11,145 [DEBUG] cnn_neat: Added edge 20→10 (from 51 candidates)
2026-08-18 19:31:11,152 [DEBUG] cnn_neat: Added edge 4→16 (from 49 candidates)
2026-08-18 19:31:11,163 [DEBUG] cnn_neat: Added edge 20→17 (from 42 candidates)
2026-08-18 19:31:11,172 [DEBUG] cnn_neat: Split edge 4→10, new hidden node 21 (pool=8)
2026-08-18 19:31:11,187 [DEBUG] cnn_neat: Added edge 19→10 (from 36 candidates)
2026-08-18 19:31:11,204 [DEBUG] cnn_neat: Removed hidden node 16 (pool=10)
2026-08-18 19:31:11,212 [DEBUG] cnn_neat: Removed edge 4→10 (from 16 candidates)
2026-08-18 19:31:11,221 [DEBUG] cnn_neat: Split edge 13→4, new hidden node 21 (pool=3)
2026-08-18 19:31:11,233 [DEBUG] cnn_neat: Added edge 17→4 (from 53 candidates)
2026-08-18 19:31:11,250 [DEBUG] cnn_neat: Removed 3 edges (requested 3)
2026-08-18 19:31:11,260 [DEBUG] cnn_neat: Crossover rejected: union topology invalid (edges=39 nodes=22)
2026-08-18 19:31:11,269 [DEBUG] cnn_neat: Split edge 9→1, new hidden node 21 (pool=8)
2026-08-18 19:31:11,279 [DEBUG] cnn_neat: Added edge 18→17 (from 36 candidates)
2026-08-18 19:31:11,292 [DEBUG] cnn_neat: Added edge 20→17 (from 34 candidates)
2026-08-18 19:31:11,301 [DEBUG] cnn_neat: Added edge 20→10 (from 32 candidates)
2026-08-18 19:31:11,311 [DEBUG] cnn_neat: Added edge 0→19 (from 31 candidates)
2026-08-18 19:31:11,322 [DEBUG] cnn_neat: Added edge 19→4 (from 28 candidates)
2026-08-18 19:31:11,341 [DEBUG] cnn_neat: Added edge 18→16 (from 38 candidates)
2026-08-18 19:31:11,350 [DEBUG] cnn_neat: Added edge 10→16 (from 38 candidates)
2026-08-18 19:31:11,366 [DEBUG] cnn_neat: Removed hidden node 17 (pool=10)
2026-08-18 19:31:11,376 [DEBUG] cnn_neat: Removed edge 18→10 (from 17 candidates)
2026-08-18 19:31:11,390 [DEBUG] cnn_neat: Removed 3 edges (requested 3)
2026-08-18 19:31:11,402 [DEBUG] cnn_neat: Crossover rejected: union topology invalid (edges=44 nodes=22)
2026-08-18 19:31:11,418 [DEBUG] cnn_neat: Added edge 10→21 (from 38 candidates)
2026-08-18 19:31:11,427 [DEBUG] cnn_neat: Added edge 19→16 (from 38 candidates)
2026-08-18 19:31:11,438 [DEBUG] cnn_neat: Added edge 18→1 (from 37 candidates)
2026-08-18 19:31:11,449 [DEBUG] cnn_neat: Added edge 21→10 (from 36 candidates)
2026-08-18 19:31:11,460 [DEBUG] cnn_neat: Added edge 10→1 (from 32 candidates)
2026-08-18 19:31:11,475 [DEBUG] cnn_neat: Added edge 17→21 (from 30 candidates)
2026-08-18 19:31:11,496 [DEBUG] cnn_neat: Added edge 8→21 (from 33 candidates)
2026-08-18 19:31:11,505 [DEBUG] cnn_neat: Added edge 18→9 (from 33 candidates)
2026-08-18 19:31:11,518 [DEBUG] cnn_neat: Removed hidden node 18 (pool=10)
2026-08-18 19:31:11,525 [DEBUG] cnn_neat: Removed edge 16→1 (from 18 candidates)
2026-08-18 19:31:11,540 [DEBUG] cnn_neat: Removed 3 edges (requested 3)
2026-08-18 19:31:11,550 [DEBUG] cnn_neat: Crossover rejected: union topology invalid (edges=42 nodes=22)
2026-08-18 19:31:11,561 [DEBUG] cnn_neat: Added edge 18→20 (from 33 candidates)
2026-08-18 19:31:11,571 [DEBUG] cnn_neat: Added edge 0→10 (from 33 candidates)
2026-08-18 19:31:11,579 [DEBUG] cnn_neat: Added edge 21→17 (from 35 candidates)
2026-08-18 19:31:11,590 [DEBUG] cnn_neat: Added edge 13→8 (from 32 candidates)
2026-08-18 19:31:11,601 [DEBUG] cnn_neat: Added edge 8→21 (from 28 candidates)
2026-08-18 19:31:11,611 [DEBUG] cnn_neat: Added edge 20→21 (from 27 candidates)
2026-08-18 19:31:11,628 [DEBUG] cnn_neat: Added edge 16→10 (from 33 candidates)
2026-08-18 19:31:11,637 [DEBUG] cnn_neat: Added edge 8→9 (from 33 candidates)
2026-08-18 19:31:11,651 [DEBUG] cnn_neat: Removed hidden node 10 (pool=10)
2026-08-18 19:31:11,660 [DEBUG] cnn_neat: Split edge 16→1, new hidden node 22 (pool=7)
2026-08-18 19:31:11,670 [DEBUG] cnn_neat: Added edge 19→13 (from 38 candidates)
2026-08-18 19:31:11,679 [DEBUG] cnn_neat: Removed edge 16→21 (from 18 candidates)
2026-08-18 19:31:11,701 [DEBUG] cnn_neat: Removed 3 edges (requested 3)
2026-08-18 19:31:11,712 [DEBUG] cnn_neat: Crossover rejected: union topology invalid (edges=47 nodes=23)
2026-08-18 19:31:11,724 [DEBUG] cnn_neat: Added edge 20→21 (from 33 candidates)
2026-08-18 19:31:11,735 [DEBUG] cnn_neat: Removed hidden node 16 (pool=10)
2026-08-18 19:31:11,944 [DEBUG] cnn_neat: Split edge 0→13, new hidden node 22 (pool=1)
2026-08-18 19:31:12,121 [DEBUG] cnn_neat: Added edge 18→21 (from 46 candidates)
2026-08-18 19:31:12,159 [DEBUG] cnn_neat: Removed hidden node 8 (pool=11)
2026-08-18 19:31:12,182 [DEBUG] cnn_neat: Removed edge 13→4 (from 18 candidates)
2026-08-18 19:31:12,313 [DEBUG] cnn_neat: Removed 3 edges (requested 3)
2026-08-18 19:31:12,345 [DEBUG] cnn_neat: Added edge 8→9 (from 42 candidates)
2026-08-18 19:31:12,378 [DEBUG] cnn_neat: Removed hidden node 4 (pool=11)
2026-08-18 19:31:12,397 [DEBUG] cnn_neat: Removed edge 21→4 (from 18 candidates)
2026-08-18 19:31:12,443 [DEBUG] cnn_neat: Removed 3 edges (requested 3)
2026-08-18 19:31:12,479 [DEBUG] cnn_neat: Added edge 18→1 (from 45 candidates)
2026-08-18 19:31:13,476 [DEBUG] cnn_neat: Added edge 8→9 (from 47 candidates)
2026-08-18 19:31:13,550 [DEBUG] cnn_neat: Added edge 21→1 (from 41 candidates)
2026-08-18 19:31:13,623 [DEBUG] cnn_neat: Removed hidden node 9 (pool=11)
2026-08-18 19:31:13,689 [DEBUG] cnn_neat: Removed edge 17→10 (from 19 candidates)
2026-08-18 19:31:13,868 [DEBUG] cnn_neat: Removed 3 edges (requested 3)
2026-08-18 19:31:13,938 [DEBUG] cnn_neat: Split edge 0→13, new hidden node 21 (pool=3)
2026-08-18 19:31:13,973 [DEBUG] cnn_neat: Added edge 13→20 (from 45 candidates)
2026-08-18 19:31:14,037 [DEBUG] cnn_neat: Removed hidden node 8 (pool=10)
2026-08-18 19:31:14,055 [DEBUG] cnn_neat: Removed edge 9→1 (from 15 candidates)
2026-08-18 19:31:14,083 [DEBUG] cnn_neat: Removed 3 edges (requested 3)
2026-08-18 19:31:14,096 [DEBUG] cnn_neat: Split edge 13→20, new hidden node 21 (pool=10)
2026-08-18 19:31:14,106 [DEBUG] cnn_neat: Split edge 0→4, new hidden node 21 (pool=9)
2026-08-18 19:31:14,124 [DEBUG] cnn_neat: Added edge 13→8 (from 35 candidates)
2026-08-18 19:31:14,136 [DEBUG] cnn_neat: Added edge 19→1 (from 51 candidates)
2026-08-18 19:31:14,160 [DEBUG] cnn_neat: Split edge 0→13, new hidden node 22 (pool=1)
2026-08-18 19:31:14,176 [DEBUG] cnn_neat: Added edge 17→21 (from 52 candidates)
2026-08-18 19:31:14,202 [DEBUG] cnn_neat: Removed hidden node 20 (pool=11)
2026-08-18 19:31:14,225 [DEBUG] cnn_neat: Removed edge 20→4 (from 16 candidates)
2026-08-18 19:31:14,255 [DEBUG] cnn_neat: Removed 3 edges (requested 3)
2026-08-18 19:31:14,269 [DEBUG] cnn_neat: Split edge 0→13, new hidden node 22 (pool=1)
2026-08-18 19:31:14,282 [DEBUG] cnn_neat: Split edge 18→10, new hidden node 22 (pool=7)
2026-08-18 19:31:14,312 [DEBUG] cnn_neat: Added edge 20→17 (from 34 candidates)
2026-08-18 19:31:14,332 [DEBUG] cnn_neat: Removed hidden node 16 (pool=10)
2026-08-18 19:31:14,354 [DEBUG] cnn_neat: Removed edge 9→20 (from 18 candidates)
2026-08-18 19:31:14,380 [DEBUG] cnn_neat: Removed 3 edges (requested 3)
2026-08-18 19:31:14,398 [DEBUG] cnn_neat: Split edge 18→10, new hidden node 22 (pool=9)
2026-08-18 19:31:14,412 [DEBUG] cnn_neat: Split edge 13→9, new hidden node 22 (pool=1)
2026-08-18 19:31:14,427 [DEBUG] cnn_neat: Added edge 19→1 (from 32 candidates)
2026-08-18 19:31:14,460 [DEBUG] cnn_neat: Added edge 13→18 (from 44 candidates)
2026-08-18 19:31:14,484 [DEBUG] cnn_neat: Removed hidden node 8 (pool=11)
2026-08-18 19:31:14,500 [DEBUG] cnn_neat: Removed edge 19→21 (from 18 candidates)
2026-08-18 19:31:14,539 [DEBUG] cnn_neat: Removed 3 edges (requested 3)
2026-08-18 19:31:14,573 [DEBUG] cnn_neat: Split edge 9→16, new hidden node 22 (pool=11)
2026-08-18 19:31:14,603 [DEBUG] cnn_neat: Added edge 19→10 (from 41 candidates)
2026-08-18 19:31:14,629 [DEBUG] cnn_neat: Added edge 18→20 (from 45 candidates)
2026-08-18 19:31:14,756 [DEBUG] cnn_neat: Added edge 19→17 (from 38 candidates)
2026-08-18 19:31:14,773 [DEBUG] cnn_neat: Removed hidden node 9 (pool=10)
2026-08-18 19:31:14,790 [DEBUG] cnn_neat: Removed edge 20→4 (from 15 candidates)
2026-08-18 19:31:14,825 [DEBUG] cnn_neat: Removed 3 edges (requested 3)
2026-08-18 19:31:14,865 [DEBUG] cnn_neat: Split edge 13→4, new hidden node 21 (pool=7)
2026-08-18 19:31:14,913 [DEBUG] cnn_neat: Added edge 18→20 (from 36 candidates)
2026-08-18 19:31:14,936 [DEBUG] cnn_neat: Added edge 4→9 (from 44 candidates)
2026-08-18 19:31:14,974 [DEBUG] cnn_neat: Added edge 21→17 (from 35 candidates)
2026-08-18 19:31:15,606 [DEBUG] cnn_neat: Removed hidden node 17 (pool=10)
2026-08-18 19:31:15,643 [DEBUG] cnn_neat: Split edge 13→4, new hidden node 21 (pool=3)
2026-08-18 19:31:15,680 [DEBUG] cnn_neat: Added edge 8→13 (from 44 candidates)
2026-08-18 19:31:15,706 [DEBUG] cnn_neat: Removed hidden node 9 (pool=10)
2026-08-18 19:31:15,716 [DEBUG] cnn_neat: Removed edge 20→16 (from 16 candidates)
2026-08-18 19:31:15,761 [DEBUG] cnn_neat: Removed 3 edges (requested 3)
2026-08-18 19:31:15,776 [DEBUG] cnn_neat: Split edge 0→13, new hidden node 21 (pool=4)
2026-08-18 19:31:15,782 [DEBUG] cnn_neat: Split edge 13→16, new hidden node 21 (pool=5)
2026-08-18 19:31:15,905 [DEBUG] cnn_neat: Added edge 8→21 (from 34 candidates)
2026-08-18 19:31:16,522 [DEBUG] cnn_neat: Removed hidden node 17 (pool=10)
2026-08-18 19:31:16,562 [DEBUG] cnn_neat: Added edge 8→21 (from 32 candidates)
2026-08-18 19:31:16,601 [DEBUG] cnn_neat: Removed hidden node 16 (pool=10)
2026-08-18 19:31:16,616 [DEBUG] cnn_neat: Removed edge 17→10 (from 19 candidates)
2026-08-18 19:31:16,644 [DEBUG] cnn_neat: Removed 3 edges (requested 3)
2026-08-18 19:31:16,657 [DEBUG] cnn_neat: Split edge 13→16, new hidden node 22 (pool=1)
2026-08-18 19:31:16,676 [DEBUG] cnn_neat: Added edge 0→21 (from 34 candidates)
2026-08-18 19:31:16,696 [DEBUG] cnn_neat: Added edge 9→10 (from 37 candidates)
2026-08-18 19:31:16,713 [DEBUG] cnn_neat: Split edge 9→20, new hidden node 23 (pool=12)
2026-08-18 19:31:16,750 [DEBUG] cnn_neat: Removed hidden node 20 (pool=10)
2026-08-18 19:31:16,816 [DEBUG] cnn_neat: Added edge 8→4 (from 46 candidates)
2026-08-18 19:31:16,866 [DEBUG] cnn_neat: Removed hidden node 4 (pool=11)
2026-08-18 19:31:16,873 [DEBUG] cnn_neat: Removed edge 17→1 (from 17 candidates)
2026-08-18 19:31:16,898 [DEBUG] cnn_neat: Removed 3 edges (requested 3)
2026-08-18 19:31:17,579 [DEBUG] cnn_neat: Split edge 0→13, new hidden node 21 (pool=1)
2026-08-18 19:31:17,593 [DEBUG] cnn_neat: Added edge 8→16 (from 35 candidates)
2026-08-18 19:31:17,622 [DEBUG] cnn_neat: Removed hidden node 19 (pool=9)
2026-08-18 19:31:17,635 [DEBUG] cnn_neat: Removed edge 20→16 (from 14 candidates)
2026-08-18 19:31:17,663 [DEBUG] cnn_neat: Removed 3 edges (requested 3)
2026-08-18 19:31:17,684 [DEBUG] cnn_neat: Split edge 13→16, new hidden node 21 (pool=2)
2026-08-18 19:31:17,696 [DEBUG] cnn_neat: Split edge 8→18, new hidden node 21 (pool=8)
2026-08-18 19:31:17,714 [DEBUG] cnn_neat: Split edge 9→1, new hidden node 21 (pool=5)
2026-08-18 19:31:17,757 [DEBUG] cnn_neat: Split edge 16→1, new hidden node 22 (pool=4)
2026-08-18 19:31:17,775 [DEBUG] cnn_neat: Added edge 16→21 (from 45 candidates)
2026-08-18 19:31:17,808 [DEBUG] cnn_neat: Removed hidden node 18 (pool=10)
2026-08-18 19:31:17,826 [DEBUG] cnn_neat: Removed edge 0→21 (from 13 candidates)
2026-08-18 19:31:17,851 [DEBUG] cnn_neat: Removed 3 edges (requested 3)
2026-08-18 19:31:17,869 [DEBUG] cnn_neat: Split edge 16→21, new hidden node 22 (pool=5)
2026-08-18 19:31:17,890 [DEBUG] cnn_neat: Split edge 0→13, new hidden node 22 (pool=8)
2026-08-18 19:31:18,583 [DEBUG] cnn_neat: Split edge 9→16, new hidden node 22 (pool=7)
2026-08-18 19:31:18,611 [DEBUG] cnn_neat: Added edge 0→4 (from 36 candidates)
2026-08-18 19:31:18,634 [DEBUG] cnn_neat: Removed hidden node 19 (pool=10)
2026-08-18 19:31:18,650 [DEBUG] cnn_neat: Removed edge 9→1 (from 16 candidates)
2026-08-18 19:31:18,674 [DEBUG] cnn_neat: Removed 3 edges (requested 3)
2026-08-18 19:31:18,694 [DEBUG] cnn_neat: Split edge 0→13, new hidden node 21 (pool=3)
2026-08-18 19:31:18,707 [DEBUG] cnn_neat: Split edge 0→13, new hidden node 21 (pool=10)
2026-08-18 19:31:18,724 [DEBUG] cnn_neat: Split edge 13→16, new hidden node 21 (pool=1)
2026-08-18 19:31:18,749 [DEBUG] cnn_neat: Split edge 0→13, new hidden node 22 (pool=1)
2026-08-18 19:31:18,774 [DEBUG] cnn_neat: Added edge 21→10 (from 37 candidates)
2026-08-18 19:31:18,788 [DEBUG] cnn_neat: Removed hidden node 21 (pool=10)
2026-08-18 19:31:18,803 [DEBUG] cnn_neat: Removed edge 20→16 (from 15 candidates)
2026-08-18 19:31:18,840 [DEBUG] cnn_neat: Removed 3 edges (requested 3)
2026-08-18 19:31:18,860 [DEBUG] cnn_neat: Split edge 0→13, new hidden node 22 (pool=1)
2026-08-18 19:31:18,870 [DEBUG] cnn_neat: Split edge 0→13, new hidden node 21 (pool=1)
2026-08-18 19:31:18,888 [DEBUG] cnn_neat: Added edge 8→4 (from 53 candidates)
2026-08-18 19:31:18,902 [DEBUG] cnn_neat: Removed hidden node 20 (pool=11)
2026-08-18 19:31:18,913 [DEBUG] cnn_neat: Removed edge 18→10 (from 15 candidates)
2026-08-18 19:31:18,943 [DEBUG] cnn_neat: Removed 3 edges (requested 3)
2026-08-18 19:31:18,961 [DEBUG] cnn_neat: Split edge 18→10, new hidden node 22 (pool=8)
2026-08-18 19:31:18,975 [DEBUG] cnn_neat: Split edge 0→13, new hidden node 22 (pool=1)
2026-08-18 19:31:19,001 [DEBUG] cnn_neat: Split edge 4→10, new hidden node 21 (pool=8)
2026-08-18 19:31:19,011 [DEBUG] cnn_neat: Added edge 4→16 (from 36 candidates)
2026-08-18 19:31:19,026 [DEBUG] cnn_neat: Removed hidden node 20 (pool=10)
2026-08-18 19:31:19,046 [DEBUG] cnn_neat: Removed edge 9→1 (from 16 candidates)
2026-08-18 19:31:19,077 [DEBUG] cnn_neat: Removed 3 edges (requested 3)
2026-08-18 19:31:19,117 [DEBUG] cnn_neat: Split edge 0→4, new hidden node 21 (pool=7)
2026-08-18 19:31:19,175 [DEBUG] cnn_neat: Split edge 4→10, new hidden node 20 (pool=9)
2026-08-18 19:31:19,875 [DEBUG] cnn_neat: Added edge 8→9 (from 38 candidates)
2026-08-18 19:31:19,980 [DEBUG] cnn_neat: Added edge 16→10 (from 33 candidates)
2026-08-18 19:31:20,025 [DEBUG] cnn_neat: Removed hidden node 20 (pool=10)
2026-08-18 19:31:20,037 [DEBUG] cnn_neat: Removed edge 20→16 (from 18 candidates)
2026-08-18 19:31:20,059 [DEBUG] cnn_neat: Removed 3 edges (requested 3)
2026-08-18 19:31:20,077 [DEBUG] cnn_neat: Split edge 16→21, new hidden node 22 (pool=9)
2026-08-18 19:31:20,103 [DEBUG] cnn_neat: Split edge 16→1, new hidden node 22 (pool=7)
2026-08-18 19:31:20,138 [DEBUG] cnn_neat: Added edge 18→13 (from 33 candidates)
2026-08-18 19:31:20,164 [DEBUG] cnn_neat: Removed hidden node 16 (pool=10)
2026-08-18 19:31:20,178 [DEBUG] cnn_neat: Removed edge 9→20 (from 18 candidates)
2026-08-18 19:31:20,200 [DEBUG] cnn_neat: Removed 3 edges (requested 3)
2026-08-18 19:31:20,212 [DEBUG] cnn_neat: Split edge 17→1, new hidden node 22 (pool=10)
2026-08-18 19:31:20,233 [DEBUG] cnn_neat: Split edge 18→10, new hidden node 22 (pool=11)
2026-08-18 19:31:20,258 [DEBUG] cnn_neat: Split edge 0→13, new hidden node 22 (pool=1)
2026-08-18 19:31:20,269 [DEBUG] cnn_neat: Added edge 18→16 (from 50 candidates)
2026-08-18 19:31:20,288 [DEBUG] cnn_neat: Removed hidden node 10 (pool=11)
2026-08-18 19:31:20,299 [DEBUG] cnn_neat: Removed edge 19→9 (from 17 candidates)
2026-08-18 19:31:20,325 [DEBUG] cnn_neat: Removed 3 edges (requested 3)
2026-08-18 19:31:20,343 [DEBUG] cnn_neat: Split edge 0→8, new hidden node 23 (pool=12)
2026-08-18 19:31:20,358 [DEBUG] cnn_neat: Split edge 0→13, new hidden node 22 (pool=1)
2026-08-18 19:31:20,393 [DEBUG] cnn_neat: Added edge 18→17 (from 51 candidates)
2026-08-18 19:31:20,402 [DEBUG] cnn_neat: Saved generation 19
2026-08-18 19:31:20,604 [DEBUG] cnn_neat: Selected 25 elite individuals
2026-08-18 19:31:20,616 [DEBUG] cnn_neat: Removed hidden node 8 (pool=11)
2026-08-18 19:31:20,636 [DEBUG] cnn_neat: Removed edge 19→10 (from 16 candidates)
2026-08-18 19:31:20,685 [DEBUG] cnn_neat: Removed 3 edges (requested 3)
2026-08-18 19:31:20,711 [DEBUG] cnn_neat: Split edge 9→1, new hidden node 22 (pool=7)
2026-08-18 19:31:20,890 [DEBUG] cnn_neat: Split edge 21→4, new hidden node 22 (pool=5)
2026-08-18 19:31:20,948 [DEBUG] cnn_neat: Split edge 0→13, new hidden node 22 (pool=1)
2026-08-18 19:31:20,985 [DEBUG] cnn_neat: Added edge 17→21 (from 53 candidates)
2026-08-18 19:31:21,032 [DEBUG] cnn_neat: Removed hidden node 18 (pool=11)
2026-08-18 19:31:21,056 [DEBUG] cnn_neat: Removed edge 13→21 (from 16 candidates)
2026-08-18 19:31:21,100 [DEBUG] cnn_neat: Removed 3 edges (requested 3)
2026-08-18 19:31:21,127 [DEBUG] cnn_neat: Split edge 0→4, new hidden node 23 (pool=13)
2026-08-18 19:31:21,146 [DEBUG] cnn_neat: Trimmed elite queue to 128 entries
2026-08-18 19:31:22,336 [DEBUG] cnn_neat: Split edge 0→13, new hidden node 21 (pool=1)
2026-08-18 19:31:22,350 [DEBUG] cnn_neat: Added edge 10→20 (from 49 candidates)
2026-08-18 19:31:22,351 [DEBUG] cnn_neat: Split edge 21→13, new hidden node 22 (pool=12)
2026-08-18 19:31:22,369 [DEBUG] cnn_neat: Added edge 8→17 (from 34 candidates)
2026-08-18 19:31:22,391 [DEBUG] cnn_neat: Removed hidden node 17 (pool=9)
2026-08-18 19:31:22,394 [DEBUG] cnn_neat: Removed hidden node 18 (pool=11)
2026-08-18 19:31:22,409 [DEBUG] cnn_neat: Removed edge 17→10 (from 15 candidates)
2026-08-18 19:31:22,413 [DEBUG] cnn_neat: Removed edge 9→20 (from 16 candidates)
2026-08-18 19:31:22,442 [DEBUG] cnn_neat: Removed 3 edges (requested 3)
2026-08-18 19:31:22,447 [DEBUG] cnn_neat: Removed 3 edges (requested 3)
2026-08-18 19:31:22,465 [DEBUG] cnn_neat: Split edge 13→4, new hidden node 22 (pool=10)
2026-08-18 19:31:22,466 [DEBUG] cnn_neat: Crossover rejected: union topology invalid (edges=39 nodes=21)
2026-08-18 19:31:22,480 [DEBUG] cnn_neat: Split edge 16→21, new hidden node 22 (pool=9)
2026-08-18 19:31:22,481 [DEBUG] cnn_neat: Split edge 0→13, new hidden node 21 (pool=1)
2026-08-18 19:31:22,492 [DEBUG] cnn_neat: Added edge 8→13 (from 34 candidates)
2026-08-18 19:31:22,500 [DEBUG] cnn_neat: Added edge 8→10 (from 34 candidates)
2026-08-18 19:31:22,510 [DEBUG] cnn_neat: Added edge 8→9 (from 27 candidates)
2026-08-18 19:31:22,518 [DEBUG] cnn_neat: Added edge 18→13 (from 26 candidates)
2026-08-18 19:31:22,528 [DEBUG] cnn_neat: Added edge 18→16 (from 23 candidates)
2026-08-18 19:31:22,536 [DEBUG] cnn_neat: Added edge 0→19 (from 22 candidates)
2026-08-18 19:31:22,546 [DEBUG] cnn_neat: Split edge 9→16, new hidden node 21 (pool=7)
2026-08-18 19:31:22,556 [DEBUG] cnn_neat: Added edge 20→17 (from 28 candidates)
2026-08-18 19:31:22,568 [DEBUG] cnn_neat: Removed hidden node 9 (pool=9)
2026-08-18 19:31:22,576 [DEBUG] cnn_neat: Removed edge 9→16 (from 15 candidates)
2026-08-18 19:31:22,590 [DEBUG] cnn_neat: Removed 3 edges (requested 3)
2026-08-18 19:31:22,601 [DEBUG] cnn_neat: Crossover rejected: union topology invalid (edges=37 nodes=21)
2026-08-18 19:31:22,609 [DEBUG] cnn_neat: Split edge 9→1, new hidden node 21 (pool=7)
2026-08-18 19:31:22,620 [DEBUG] cnn_neat: Added edge 8→13 (from 28 candidates)
2026-08-18 19:31:22,631 [DEBUG] cnn_neat: Added edge 10→1 (from 26 candidates)
2026-08-18 19:31:22,641 [DEBUG] cnn_neat: Added edge 19→17 (from 24 candidates)
2026-08-18 19:31:22,651 [DEBUG] cnn_neat: Added edge 16→10 (from 22 candidates)
2026-08-18 19:31:22,663 [DEBUG] cnn_neat: Added edge 19→20 (from 21 candidates)
2026-08-18 19:31:22,673 [DEBUG] cnn_neat: Split edge 0→13, new hidden node 23 (pool=1)
2026-08-18 19:31:22,682 [DEBUG] cnn_neat: Added edge 16→22 (from 43 candidates)
2026-08-18 19:31:22,700 [DEBUG] cnn_neat: Removed hidden node 22 (pool=10)
2026-08-18 19:31:22,710 [DEBUG] cnn_neat: Removed edge 13→22 (from 16 candidates)
2026-08-18 19:31:22,725 [DEBUG] cnn_neat: Removed 3 edges (requested 3)
2026-08-18 19:31:22,734 [DEBUG] cnn_neat: Crossover rejected: union topology invalid (edges=45 nodes=23)
2026-08-18 19:31:22,742 [DEBUG] cnn_neat: Split edge 0→13, new hidden node 23 (pool=1)
2026-08-18 19:31:22,751 [DEBUG] cnn_neat: Added edge 19→20 (from 50 candidates)
2026-08-18 19:31:22,761 [DEBUG] cnn_neat: Added edge 19→17 (from 43 candidates)
2026-08-18 19:31:22,769 [DEBUG] cnn_neat: Added edge 19→13 (from 42 candidates)
2026-08-18 19:31:22,778 [DEBUG] cnn_neat: Added edge 20→1 (from 36 candidates)
2026-08-18 19:31:22,788 [DEBUG] cnn_neat: Added edge 19→1 (from 34 candidates)
2026-08-18 19:31:22,798 [DEBUG] cnn_neat: Added edge 22→20 (from 33 candidates)
2026-08-18 19:31:22,817 [DEBUG] cnn_neat: Added edge 20→10 (from 37 candidates)
2026-08-18 19:31:22,826 [DEBUG] cnn_neat: Added edge 19→16 (from 37 candidates)
2026-08-18 19:31:22,842 [DEBUG] cnn_neat: Removed hidden node 4 (pool=10)
2026-08-18 19:31:22,851 [DEBUG] cnn_neat: Removed edge 17→1 (from 12 candidates)
2026-08-18 19:31:22,869 [DEBUG] cnn_neat: Removed 3 edges (requested 3)
2026-08-18 19:31:22,878 [DEBUG] cnn_neat: Crossover rejected: union topology invalid (edges=45 nodes=23)
2026-08-18 19:31:22,891 [DEBUG] cnn_neat: Added edge 19→10 (from 37 candidates)
2026-08-18 19:31:22,899 [DEBUG] cnn_neat: Added edge 0→10 (from 37 candidates)
2026-08-18 19:31:22,910 [DEBUG] cnn_neat: Added edge 10→4 (from 38 candidates)
2026-08-18 19:31:22,919 [DEBUG] cnn_neat: Added edge 19→16 (from 35 candidates)
2026-08-18 19:31:22,927 [DEBUG] cnn_neat: Added edge 19→20 (from 34 candidates)
2026-08-18 19:31:22,936 [DEBUG] cnn_neat: Added edge 17→4 (from 32 candidates)
2026-08-18 19:31:22,944 [DEBUG] cnn_neat: Split edge 0→13, new hidden node 23 (pool=1)
2026-08-18 19:31:22,953 [DEBUG] cnn_neat: Added edge 20→1 (from 38 candidates)
2026-08-18 19:31:22,965 [DEBUG] cnn_neat: Removed hidden node 19 (pool=10)
2026-08-18 19:31:22,973 [DEBUG] cnn_neat: Removed edge 9→1 (from 15 candidates)
2026-08-18 19:31:22,987 [DEBUG] cnn_neat: Removed 3 edges (requested 3)
2026-08-18 19:31:22,998 [DEBUG] cnn_neat: Crossover rejected: union topology invalid (edges=43 nodes=23)
2026-08-18 19:31:23,006 [DEBUG] cnn_neat: Split edge 0→13, new hidden node 23 (pool=1)
2026-08-18 19:31:23,016 [DEBUG] cnn_neat: Added edge 13→18 (from 44 candidates)
2026-08-18 19:31:23,027 [DEBUG] cnn_neat: Added edge 22→17 (from 38 candidates)
2026-08-18 19:31:23,037 [DEBUG] cnn_neat: Added edge 0→20 (from 35 candidates)
2026-08-18 19:31:23,046 [DEBUG] cnn_neat: Added edge 0→21 (from 33 candidates)
2026-08-18 19:31:23,056 [DEBUG] cnn_neat: Added edge 17→21 (from 37 candidates)
2026-08-18 19:31:23,065 [DEBUG] cnn_neat: Added edge 19→13 (from 35 candidates)
2026-08-18 19:31:23,074 [DEBUG] cnn_neat: Split edge 0→13, new hidden node 22 (pool=1)
2026-08-18 19:31:23,083 [DEBUG] cnn_neat: Added edge 20→10 (from 38 candidates)
2026-08-18 19:31:23,096 [DEBUG] cnn_neat: Removed hidden node 19 (pool=10)
2026-08-18 19:31:23,104 [DEBUG] cnn_neat: Removed edge 9→16 (from 14 candidates)
2026-08-18 19:31:23,118 [DEBUG] cnn_neat: Removed 3 edges (requested 3)
2026-08-18 19:31:23,127 [DEBUG] cnn_neat: Crossover rejected: union topology invalid (edges=40 nodes=22)
2026-08-18 19:31:23,135 [DEBUG] cnn_neat: Split edge 0→13, new hidden node 22 (pool=1)
2026-08-18 19:31:23,145 [DEBUG] cnn_neat: Added edge 19→16 (from 44 candidates)
2026-08-18 19:31:23,154 [DEBUG] cnn_neat: Added edge 0→19 (from 38 candidates)
2026-08-18 19:31:23,162 [DEBUG] cnn_neat: Added edge 0→10 (from 35 candidates)
2026-08-18 19:31:23,171 [DEBUG] cnn_neat: Added edge 8→13 (from 33 candidates)
2026-08-18 19:31:23,181 [DEBUG] cnn_neat: Added edge 8→9 (from 31 candidates)
2026-08-18 19:31:23,194 [DEBUG] cnn_neat: Added edge 21→1 (from 30 candidates)
2026-08-18 19:31:23,214 [DEBUG] cnn_neat: Added edge 8→13 (from 39 candidates)
2026-08-18 19:31:23,224 [DEBUG] cnn_neat: Added edge 13→18 (from 39 candidates)
2026-08-18 19:31:23,240 [DEBUG] cnn_neat: Removed hidden node 10 (pool=10)
2026-08-18 19:31:23,248 [DEBUG] cnn_neat: Split edge 0→13, new hidden node 22 (pool=7)
2026-08-18 19:31:23,256 [DEBUG] cnn_neat: Removed edge 9→21 (from 16 candidates)
2026-08-18 19:31:23,271 [DEBUG] cnn_neat: Removed 3 edges (requested 3)
2026-08-18 19:31:23,280 [DEBUG] cnn_neat: Crossover rejected: union topology invalid (edges=39 nodes=22)
2026-08-18 19:31:23,294 [DEBUG] cnn_neat: Added edge 18→1 (from 39 candidates)
2026-08-18 19:31:23,304 [DEBUG] cnn_neat: Added edge 19→17 (from 39 candidates)
2026-08-18 19:31:23,314 [DEBUG] cnn_neat: Added edge 8→16 (from 37 candidates)
2026-08-18 19:31:23,323 [DEBUG] cnn_neat: Added edge 19→13 (from 36 candidates)
2026-08-18 19:31:23,332 [DEBUG] cnn_neat: Added edge 0→10 (from 33 candidates)
2026-08-18 19:31:23,343 [DEBUG] cnn_neat: Added edge 21→1 (from 32 candidates)
2026-08-18 19:31:23,351 [DEBUG] cnn_neat: Split edge 0→4, new hidden node 21 (pool=3)
2026-08-18 19:31:23,360 [DEBUG] cnn_neat: Added edge 13→8 (from 50 candidates)
2026-08-18 19:31:23,375 [DEBUG] cnn_neat: Removed hidden node 19 (pool=10)
2026-08-18 19:31:23,383 [DEBUG] cnn_neat: Removed edge 0→4 (from 15 candidates)
2026-08-18 19:31:23,398 [DEBUG] cnn_neat: Removed 3 edges (requested 3)
2026-08-18 19:31:23,408 [DEBUG] cnn_neat: Crossover rejected: union topology invalid (edges=39 nodes=22)
2026-08-18 19:31:23,416 [DEBUG] cnn_neat: Split edge 13→4, new hidden node 21 (pool=3)
2026-08-18 19:31:23,425 [DEBUG] cnn_neat: Added edge 19→17 (from 50 candidates)
2026-08-18 19:31:23,434 [DEBUG] cnn_neat: Added edge 20→10 (from 48 candidates)
2026-08-18 19:31:23,442 [DEBUG] cnn_neat: Added edge 20→4 (from 47 candidates)
2026-08-18 19:31:23,451 [DEBUG] cnn_neat: Added edge 18→1 (from 41 candidates)
2026-08-18 19:31:23,460 [DEBUG] cnn_neat: Added edge 0→20 (from 39 candidates)
2026-08-18 19:31:23,479 [DEBUG] cnn_neat: Added edge 21→17 (from 57 candidates)
2026-08-18 19:31:23,489 [DEBUG] cnn_neat: Added edge 10→16 (from 57 candidates)
2026-08-18 19:31:23,502 [DEBUG] cnn_neat: Removed hidden node 18 (pool=11)
2026-08-18 19:31:23,511 [DEBUG] cnn_neat: Removed edge 19→9 (from 14 candidates)
2026-08-18 19:31:23,525 [DEBUG] cnn_neat: Removed 3 edges (requested 3)
2026-08-18 19:31:23,534 [DEBUG] cnn_neat: Crossover rejected: union topology invalid (edges=41 nodes=23)
2026-08-18 19:31:23,547 [DEBUG] cnn_neat: Added edge 18→13 (from 57 candidates)
2026-08-18 19:31:23,556 [DEBUG] cnn_neat: Added edge 21→19 (from 57 candidates)
2026-08-18 19:31:23,565 [DEBUG] cnn_neat: Added edge 19→16 (from 49 candidates)
2026-08-18 19:31:23,576 [DEBUG] cnn_neat: Added edge 8→4 (from 48 candidates)
2026-08-18 19:31:23,585 [DEBUG] cnn_neat: Added edge 21→20 (from 47 candidates)
2026-08-18 19:31:23,596 [DEBUG] cnn_neat: Added edge 17→10 (from 45 candidates)
2026-08-18 19:31:23,604 [DEBUG] cnn_neat: Split edge 0→13, new hidden node 22 (pool=1)
2026-08-18 19:31:23,613 [DEBUG] cnn_neat: Added edge 17→21 (from 40 candidates)
2026-08-18 19:31:23,623 [DEBUG] cnn_neat: Removed hidden node 9 (pool=10)
2026-08-18 19:31:23,630 [DEBUG] cnn_neat: Removed edge 16→1 (from 16 candidates)
2026-08-18 19:31:23,821 [DEBUG] cnn_neat: Split edge 0→13, new hidden node 22 (pool=1)
2026-08-18 19:31:23,941 [DEBUG] cnn_neat: Added edge 19→1 (from 46 candidates)
2026-08-18 19:31:24,048 [DEBUG] cnn_neat: Removed hidden node 21 (pool=11)
2026-08-18 19:31:24,102 [DEBUG] cnn_neat: Removed edge 13→4 (from 18 candidates)
2026-08-18 19:31:24,217 [DEBUG] cnn_neat: Removed 3 edges (requested 3)
2026-08-18 19:31:24,259 [DEBUG] cnn_neat: Added edge 8→4 (from 42 candidates)
2026-08-18 19:31:24,289 [DEBUG] cnn_neat: Removed hidden node 20 (pool=11)
2026-08-18 19:31:24,321 [DEBUG] cnn_neat: Removed edge 19→21 (from 18 candidates)
2026-08-18 19:31:24,350 [DEBUG] cnn_neat: Removed 3 edges (requested 3)
2026-08-18 19:31:25,431 [DEBUG] cnn_neat: Split edge 16→1, new hidden node 22 (pool=10)
2026-08-18 19:31:25,735 [DEBUG] cnn_neat: Added edge 21→10 (from 41 candidates)
2026-08-18 19:31:25,849 [DEBUG] cnn_neat: Removed hidden node 18 (pool=11)
2026-08-18 19:31:25,884 [DEBUG] cnn_neat: Removed edge 19→9 (from 19 candidates)
2026-08-18 19:31:25,976 [DEBUG] cnn_neat: Removed 3 edges (requested 3)
2026-08-18 19:31:25,998 [DEBUG] cnn_neat: Split edge 0→4, new hidden node 21 (pool=3)
2026-08-18 19:31:26,020 [DEBUG] cnn_neat: Added edge 19→16 (from 45 candidates)
2026-08-18 19:31:26,041 [DEBUG] cnn_neat: Removed hidden node 16 (pool=10)
2026-08-18 19:31:26,057 [DEBUG] cnn_neat: Removed edge 19→9 (from 15 candidates)
2026-08-18 19:31:26,080 [DEBUG] cnn_neat: Removed 3 edges (requested 3)
2026-08-18 19:31:26,110 [DEBUG] cnn_neat: Split edge 13→4, new hidden node 21 (pool=3)
2026-08-18 19:31:26,118 [DEBUG] cnn_neat: Split edge 13→4, new hidden node 21 (pool=7)
2026-08-18 19:31:26,147 [DEBUG] cnn_neat: Split edge 0→13, new hidden node 22 (pool=1)
2026-08-18 19:31:26,167 [DEBUG] cnn_neat: Added edge 16→10 (from 52 candidates)
2026-08-18 19:31:26,190 [DEBUG] cnn_neat: Removed hidden node 16 (pool=11)
2026-08-18 19:31:26,210 [DEBUG] cnn_neat: Removed edge 18→19 (from 16 candidates)
2026-08-18 19:31:26,248 [DEBUG] cnn_neat: Removed 3 edges (requested 3)
2026-08-18 19:31:26,264 [DEBUG] cnn_neat: Split edge 0→13, new hidden node 22 (pool=1)
2026-08-18 19:31:26,274 [DEBUG] cnn_neat: Split edge 13→4, new hidden node 22 (pool=8)
2026-08-18 19:31:26,416 [DEBUG] cnn_neat: Added edge 0→21 (from 34 candidates)
2026-08-18 19:31:26,447 [DEBUG] cnn_neat: Removed hidden node 20 (pool=10)
2026-08-18 19:31:26,465 [DEBUG] cnn_neat: Removed edge 16→21 (from 18 candidates)
2026-08-18 19:31:26,517 [DEBUG] cnn_neat: Removed 3 edges (requested 3)
2026-08-18 19:31:26,540 [DEBUG] cnn_neat: Split edge 13→21, new hidden node 22 (pool=3)
2026-08-18 19:31:26,554 [DEBUG] cnn_neat: Split edge 9→1, new hidden node 22 (pool=9)
2026-08-18 19:31:26,628 [DEBUG] cnn_neat: Added edge 18→17 (from 44 candidates)
2026-08-18 19:31:26,658 [DEBUG] cnn_neat: Removed hidden node 9 (pool=11)
2026-08-18 19:31:26,684 [DEBUG] cnn_neat: Removed edge 18→10 (from 18 candidates)
2026-08-18 19:31:27,348 [DEBUG] cnn_neat: Removed 3 edges (requested 3)
2026-08-18 19:31:27,392 [DEBUG] cnn_neat: Added edge 18→17 (from 38 candidates)
2026-08-18 19:31:27,427 [DEBUG] cnn_neat: Removed hidden node 19 (pool=10)
2026-08-18 19:31:27,451 [DEBUG] cnn_neat: Removed edge 0→8 (from 15 candidates)
2026-08-18 19:31:27,481 [DEBUG] cnn_neat: Removed 3 edges (requested 3)
2026-08-18 19:31:27,513 [DEBUG] cnn_neat: Split edge 13→4, new hidden node 21 (pool=9)
2026-08-18 19:31:27,521 [DEBUG] cnn_neat: Split edge 13→4, new hidden node 21 (pool=5)
2026-08-18 19:31:27,554 [DEBUG] cnn_neat: Added edge 20→21 (from 35 candidates)
2026-08-18 19:31:27,575 [DEBUG] cnn_neat: Removed hidden node 9 (pool=10)
2026-08-18 19:31:27,585 [DEBUG] cnn_neat: Removed edge 19→21 (from 17 candidates)
2026-08-18 19:31:27,609 [DEBUG] cnn_neat: Removed 3 edges (requested 3)
2026-08-18 19:31:27,616 [DEBUG] cnn_neat: Split edge 16→1, new hidden node 22 (pool=6)
2026-08-18 19:31:28,340 [DEBUG] cnn_neat: Split edge 13→4, new hidden node 21 (pool=3)
2026-08-18 19:31:28,356 [DEBUG] cnn_neat: Added edge 8→9 (from 44 candidates)
2026-08-18 19:31:28,402 [DEBUG] cnn_neat: Removed hidden node 10 (pool=10)
2026-08-18 19:31:28,417 [DEBUG] cnn_neat: Removed edge 20→4 (from 16 candidates)
2026-08-18 19:31:28,456 [DEBUG] cnn_neat: Removed 3 edges (requested 3)
2026-08-18 19:31:28,479 [DEBUG] cnn_neat: Split edge 8→9, new hidden node 21 (pool=4)
2026-08-18 19:31:28,494 [DEBUG] cnn_neat: Split edge 16→1, new hidden node 21 (pool=6)
2026-08-18 19:31:28,511 [DEBUG] cnn_neat: Split edge 0→13, new hidden node 21 (pool=2)
2026-08-18 19:31:28,556 [DEBUG] cnn_neat: Added edge 13→8 (from 34 candidates)
2026-08-18 19:31:28,597 [DEBUG] cnn_neat: Removed hidden node 10 (pool=10)
2026-08-18 19:31:28,615 [DEBUG] cnn_neat: Removed edge 9→1 (from 18 candidates)
2026-08-18 19:31:29,248 [DEBUG] cnn_neat: Removed 3 edges (requested 3)
2026-08-18 19:31:29,267 [DEBUG] cnn_neat: Added edge 13→18 (from 32 candidates)
2026-08-18 19:31:29,331 [DEBUG] cnn_neat: Removed hidden node 8 (pool=10)
2026-08-18 19:31:29,338 [DEBUG] cnn_neat: Removed edge 9→1 (from 19 candidates)
2026-08-18 19:31:29,358 [DEBUG] cnn_neat: Removed 3 edges (requested 3)
2026-08-18 19:31:29,402 [DEBUG] cnn_neat: Split edge 13→16, new hidden node 22 (pool=1)
2026-08-18 19:31:29,427 [DEBUG] cnn_neat: Split edge 9→1, new hidden node 22 (pool=7)
2026-08-18 19:31:29,438 [DEBUG] cnn_neat: Added edge 9→17 (from 29 candidates)
2026-08-18 19:31:29,495 [DEBUG] cnn_neat: Added edge 8→13 (from 46 candidates)
2026-08-18 19:31:29,523 [DEBUG] cnn_neat: Removed hidden node 4 (pool=11)
2026-08-18 19:31:29,539 [DEBUG] cnn_neat: Removed edge 21→4 (from 17 candidates)
2026-08-18 19:31:29,567 [DEBUG] cnn_neat: Removed 3 edges (requested 3)
2026-08-18 19:31:29,610 [DEBUG] cnn_neat: Added edge 20→17 (from 44 candidates)
2026-08-18 19:31:29,632 [DEBUG] cnn_neat: Added edge 10→4 (from 54 candidates)
2026-08-18 19:31:29,668 [DEBUG] cnn_neat: Removed hidden node 19 (pool=11)
2026-08-18 19:31:30,270 [DEBUG] cnn_neat: Removed hidden node 8 (pool=11)
2026-08-18 19:31:30,316 [DEBUG] cnn_neat: Added edge 17→21 (from 33 candidates)
2026-08-18 19:31:30,423 [DEBUG] cnn_neat: Removed hidden node 19 (pool=10)
2026-08-18 19:31:30,437 [DEBUG] cnn_neat: Removed edge 16→10 (from 19 candidates)
2026-08-18 19:31:30,458 [DEBUG] cnn_neat: Removed 3 edges (requested 3)
2026-08-18 19:31:30,467 [DEBUG] cnn_neat: Split edge 9→16, new hidden node 22 (pool=13)
2026-08-18 19:31:30,475 [DEBUG] cnn_neat: Split edge 9→21, new hidden node 22 (pool=10)
2026-08-18 19:31:30,497 [DEBUG] cnn_neat: Added edge 21→4 (from 49 candidates)
2026-08-18 19:31:30,518 [DEBUG] cnn_neat: Removed hidden node 21 (pool=11)
2026-08-18 19:31:30,534 [DEBUG] cnn_neat: Removed edge 9→16 (from 16 candidates)
2026-08-18 19:31:30,570 [DEBUG] cnn_neat: Removed 3 edges (requested 3)
2026-08-18 19:31:30,582 [DEBUG] cnn_neat: Split edge 0→13, new hidden node 21 (pool=3)
2026-08-18 19:31:30,593 [DEBUG] cnn_neat: Split edge 13→9, new hidden node 22 (pool=1)
2026-08-18 19:31:30,602 [DEBUG] cnn_neat: Added edge 8→13 (from 49 candidates)
2026-08-18 19:31:30,623 [DEBUG] cnn_neat: Split edge 0→13, new hidden node 22 (pool=1)
2026-08-18 19:31:30,640 [DEBUG] cnn_neat: Added edge 21→10 (from 50 candidates)
2026-08-18 19:31:30,674 [DEBUG] cnn_neat: Removed hidden node 16 (pool=11)
2026-08-18 19:31:30,684 [DEBUG] cnn_neat: Removed edge 20→4 (from 16 candidates)
2026-08-18 19:31:30,711 [DEBUG] cnn_neat: Removed 3 edges (requested 3)
2026-08-18 19:31:30,718 [DEBUG] cnn_neat: Split edge 16→21, new hidden node 23 (pool=14)
2026-08-18 19:31:30,733 [DEBUG] cnn_neat: Split edge 0→13, new hidden node 22 (pool=1)
2026-08-18 19:31:30,756 [DEBUG] cnn_neat: Added edge 19→16 (from 46 candidates)
2026-08-18 19:31:30,894 [DEBUG] cnn_neat: Removed hidden node 21 (pool=11)
2026-08-18 19:31:30,976 [DEBUG] cnn_neat: Removed edge 20→16 (from 16 candidates)
2026-08-18 19:31:31,151 [DEBUG] cnn_neat: Removed 3 edges (requested 3)
2026-08-18 19:31:31,191 [DEBUG] cnn_neat: Split edge 0→13, new hidden node 22 (pool=1)
2026-08-18 19:31:31,201 [DEBUG] cnn_neat: Added edge 18→13 (from 31 candidates)
2026-08-18 19:31:31,241 [DEBUG] cnn_neat: Removed hidden node 21 (pool=10)
2026-08-18 19:31:31,930 [DEBUG] cnn_neat: Removed edge 20→16 (from 21 candidates)
2026-08-18 19:31:31,964 [DEBUG] cnn_neat: Added edge 18→1 (from 31 candidates)
2026-08-18 19:31:31,985 [DEBUG] cnn_neat: Removed hidden node 8 (pool=10)
2026-08-18 19:31:31,998 [DEBUG] cnn_neat: Removed edge 19→9 (from 20 candidates)
2026-08-18 19:31:32,033 [DEBUG] cnn_neat: Removed 3 edges (requested 3)
2026-08-18 19:31:32,058 [DEBUG] cnn_neat: Split edge 18→10, new hidden node 22 (pool=14)
2026-08-18 19:31:32,091 [DEBUG] cnn_neat: Split edge 9→16, new hidden node 22 (pool=14)
2026-08-18 19:31:32,115 [DEBUG] cnn_neat: Split edge 0→13, new hidden node 22 (pool=1)
2026-08-18 19:31:32,134 [DEBUG] cnn_neat: Added edge 18→20 (from 46 candidates)
2026-08-18 19:31:32,158 [DEBUG] cnn_neat: Removed hidden node 16 (pool=11)
2026-08-18 19:31:32,175 [DEBUG] cnn_neat: Removed edge 20→4 (from 18 candidates)
2026-08-18 19:31:32,215 [DEBUG] cnn_neat: Removed 3 edges (requested 3)
2026-08-18 19:31:32,246 [DEBUG] cnn_neat: Split edge 9→1, new hidden node 23 (pool=14)
2026-08-18 19:31:32,265 [DEBUG] cnn_neat: Saved generation 20
2026-08-18 19:31:32,482 [DEBUG] cnn_neat: Selected 25 elite individuals
2026-08-18 19:31:32,485 [DEBUG] cnn_neat: Added edge 10→4 (from 43 candidates)
2026-08-18 19:31:32,516 [DEBUG] cnn_neat: Removed hidden node 20 (pool=11)
2026-08-18 19:31:32,541 [DEBUG] cnn_neat: Removed edge 21→4 (from 18 candidates)
2026-08-18 19:31:32,595 [DEBUG] cnn_neat: Removed 3 edges (requested 3)
2026-08-18 19:31:32,802 [DEBUG] cnn_neat: Added edge 17→4 (from 45 candidates)
2026-08-18 19:31:32,873 [DEBUG] cnn_neat: Removed hidden node 21 (pool=11)
2026-08-18 19:31:32,902 [DEBUG] cnn_neat: Removed edge 20→4 (from 18 candidates)
2026-08-18 19:31:32,921 [DEBUG] cnn_neat: Trimmed elite queue to 128 entries
2026-08-18 19:31:34,197 [DEBUG] cnn_neat: Removed 3 edges (requested 3)
2026-08-18 19:31:34,240 [DEBUG] cnn_neat: Added edge 8→13 (from 44 candidates)
2026-08-18 19:31:34,251 [DEBUG] cnn_neat: Added edge 0→21 (from 44 candidates)
2026-08-18 19:31:34,265 [DEBUG] cnn_neat: Removed hidden node 20 (pool=11)
2026-08-18 19:31:34,274 [DEBUG] cnn_neat: Removed edge 17→1 (from 19 candidates)
2026-08-18 19:31:34,291 [DEBUG] cnn_neat: Removed 3 edges (requested 3)
2026-08-18 19:31:34,302 [DEBUG] cnn_neat: Crossover rejected: union topology invalid (edges=43 nodes=23)
2026-08-18 19:31:34,315 [DEBUG] cnn_neat: Added edge 4→21 (from 44 candidates)
2026-08-18 19:31:34,325 [DEBUG] cnn_neat: Added edge 18→1 (from 44 candidates)
2026-08-18 19:31:34,336 [DEBUG] cnn_neat: Added edge 21→10 (from 43 candidates)
2026-08-18 19:31:34,346 [DEBUG] cnn_neat: Added edge 10→1 (from 41 candidates)
2026-08-18 19:31:34,361 [DEBUG] cnn_neat: Added edge 0→20 (from 39 candidates)
2026-08-18 19:31:34,374 [DEBUG] cnn_neat: Added edge 19→17 (from 35 candidates)
2026-08-18 19:31:34,395 [DEBUG] cnn_neat: Added edge 18→1 (from 48 candidates)
2026-08-18 19:31:34,404 [DEBUG] cnn_neat: Added edge 8→4 (from 48 candidates)
2026-08-18 19:31:34,421 [DEBUG] cnn_neat: Removed hidden node 4 (pool=11)
2026-08-18 19:31:34,430 [DEBUG] cnn_neat: Removed edge 18→19 (from 16 candidates)
2026-08-18 19:31:34,444 [DEBUG] cnn_neat: Removed 3 edges (requested 3)
2026-08-18 19:31:34,455 [DEBUG] cnn_neat: Crossover rejected: union topology invalid (edges=44 nodes=23)
2026-08-18 19:31:34,469 [DEBUG] cnn_neat: Added edge 21→1 (from 48 candidates)
2026-08-18 19:31:34,480 [DEBUG] cnn_neat: Added edge 0→19 (from 48 candidates)
2026-08-18 19:31:34,489 [DEBUG] cnn_neat: Added edge 18→13 (from 42 candidates)
2026-08-18 19:31:34,499 [DEBUG] cnn_neat: Added edge 21→19 (from 37 candidates)
2026-08-18 19:31:34,509 [DEBUG] cnn_neat: Added edge 8→21 (from 33 candidates)
2026-08-18 19:31:34,521 [DEBUG] cnn_neat: Added edge 8→16 (from 32 candidates)
2026-08-18 19:31:34,532 [DEBUG] cnn_neat: Split edge 0→13, new hidden node 22 (pool=1)
2026-08-18 19:31:34,545 [DEBUG] cnn_neat: Added edge 4→17 (from 41 candidates)
2026-08-18 19:31:34,563 [DEBUG] cnn_neat: Removed hidden node 16 (pool=11)
2026-08-18 19:31:34,573 [DEBUG] cnn_neat: Removed edge 0→13 (from 18 candidates)
2026-08-18 19:31:34,596 [DEBUG] cnn_neat: Removed 3 edges (requested 3)
2026-08-18 19:31:34,609 [DEBUG] cnn_neat: Crossover rejected: union topology invalid (edges=45 nodes=24)
2026-08-18 19:31:34,619 [DEBUG] cnn_neat: Split edge 0→13, new hidden node 22 (pool=1)
2026-08-18 19:31:34,634 [DEBUG] cnn_neat: Added edge 13→10 (from 47 candidates)
2026-08-18 19:31:34,648 [DEBUG] cnn_neat: Added edge 18→4 (from 41 candidates)
2026-08-18 19:31:34,660 [DEBUG] cnn_neat: Added edge 19→16 (from 40 candidates)
2026-08-18 19:31:34,673 [DEBUG] cnn_neat: Added edge 19→10 (from 39 candidates)
2026-08-18 19:31:34,687 [DEBUG] cnn_neat: Added edge 18→17 (from 38 candidates)
2026-08-18 19:31:34,701 [DEBUG] cnn_neat: Added edge 4→9 (from 37 candidates)
2026-08-18 19:31:34,710 [DEBUG] cnn_neat: Split edge 0→13, new hidden node 21 (pool=1)
2026-08-18 19:31:34,717 [DEBUG] cnn_neat: Added edge 13→20 (from 36 candidates)
2026-08-18 19:31:34,736 [DEBUG] cnn_neat: Removed hidden node 20 (pool=9)
2026-08-18 19:31:34,744 [DEBUG] cnn_neat: Removed edge 19→9 (from 10 candidates)
2026-08-18 19:31:34,756 [DEBUG] cnn_neat: Removed 3 edges (requested 3)
2026-08-18 19:31:34,765 [DEBUG] cnn_neat: Crossover rejected: union topology invalid (edges=41 nodes=22)
2026-08-18 19:31:34,773 [DEBUG] cnn_neat: Split edge 0→13, new hidden node 21 (pool=1)
2026-08-18 19:31:34,782 [DEBUG] cnn_neat: Added edge 9→10 (from 36 candidates)
2026-08-18 19:31:34,796 [DEBUG] cnn_neat: Removed hidden node 17 (pool=10)
2026-08-18 19:31:34,806 [DEBUG] cnn_neat: Added edge 10→1 (from 36 candidates)
2026-08-18 19:31:34,814 [DEBUG] cnn_neat: Added edge 19→17 (from 34 candidates)
2026-08-18 19:31:34,826 [DEBUG] cnn_neat: Added edge 8→9 (from 33 candidates)
2026-08-18 19:31:34,840 [DEBUG] cnn_neat: Added edge 8→10 (from 32 candidates)
2026-08-18 19:31:34,852 [DEBUG] cnn_neat: Added edge 18→1 (from 24 candidates)
2026-08-18 19:31:34,859 [DEBUG] cnn_neat: Split edge 0→13, new hidden node 21 (pool=1)
2026-08-18 19:31:34,871 [DEBUG] cnn_neat: Added edge 10→17 (from 38 candidates)
2026-08-18 19:31:34,882 [DEBUG] cnn_neat: Removed hidden node 9 (pool=9)
2026-08-18 19:31:34,891 [DEBUG] cnn_neat: Removed edge 8→18 (from 14 candidates)
2026-08-18 19:31:34,903 [DEBUG] cnn_neat: Removed 3 edges (requested 3)
2026-08-18 19:31:34,915 [DEBUG] cnn_neat: Crossover rejected: union topology invalid (edges=37 nodes=21)
2026-08-18 19:31:34,922 [DEBUG] cnn_neat: Split edge 0→13, new hidden node 21 (pool=1)
2026-08-18 19:31:34,932 [DEBUG] cnn_neat: Added edge 8→19 (from 38 candidates)
2026-08-18 19:31:34,940 [DEBUG] cnn_neat: Added edge 13→10 (from 38 candidates)
2026-08-18 19:31:34,948 [DEBUG] cnn_neat: Added edge 19→1 (from 31 candidates)
2026-08-18 19:31:34,957 [DEBUG] cnn_neat: Added edge 10→16 (from 29 candidates)
2026-08-18 19:31:34,968 [DEBUG] cnn_neat: Added edge 18→17 (from 26 candidates)
2026-08-18 19:31:34,978 [DEBUG] cnn_neat: Added edge 19→20 (from 24 candidates)
2026-08-18 19:31:34,988 [DEBUG] cnn_neat: Split edge 0→13, new hidden node 22 (pool=1)
2026-08-18 19:31:34,996 [DEBUG] cnn_neat: Added edge 18→9 (from 36 candidates)
2026-08-18 19:31:35,009 [DEBUG] cnn_neat: Removed hidden node 8 (pool=9)
2026-08-18 19:31:35,017 [DEBUG] cnn_neat: Removed edge 19→9 (from 14 candidates)
2026-08-18 19:31:35,029 [DEBUG] cnn_neat: Removed 3 edges (requested 3)
2026-08-18 19:31:35,041 [DEBUG] cnn_neat: Crossover rejected: union topology invalid (edges=37 nodes=21)
2026-08-18 19:31:35,050 [DEBUG] cnn_neat: Split edge 0→13, new hidden node 22 (pool=1)
2026-08-18 19:31:35,060 [DEBUG] cnn_neat: Added edge 22→20 (from 40 candidates)
2026-08-18 19:31:35,069 [DEBUG] cnn_neat: Added edge 20→1 (from 36 candidates)
2026-08-18 19:31:35,079 [DEBUG] cnn_neat: Added edge 21→1 (from 34 candidates)
2026-08-18 19:31:35,090 [DEBUG] cnn_neat: Added edge 19→16 (from 32 candidates)
2026-08-18 19:31:35,100 [DEBUG] cnn_neat: Added edge 8→16 (from 31 candidates)
2026-08-18 19:31:35,111 [DEBUG] cnn_neat: Added edge 21→17 (from 30 candidates)
2026-08-18 19:31:35,130 [DEBUG] cnn_neat: Added edge 8→16 (from 44 candidates)
2026-08-18 19:31:35,139 [DEBUG] cnn_neat: Added edge 4→10 (from 44 candidates)
2026-08-18 19:31:35,157 [DEBUG] cnn_neat: Removed hidden node 20 (pool=10)
2026-08-18 19:31:35,164 [DEBUG] cnn_neat: Removed edge 0→8 (from 15 candidates)
2026-08-18 19:31:35,179 [DEBUG] cnn_neat: Removed 3 edges (requested 3)
2026-08-18 19:31:35,191 [DEBUG] cnn_neat: Crossover rejected: union topology invalid (edges=41 nodes=23)
2026-08-18 19:31:35,203 [DEBUG] cnn_neat: Added edge 19→16 (from 44 candidates)
2026-08-18 19:31:35,212 [DEBUG] cnn_neat: Added edge 18→9 (from 44 candidates)
2026-08-18 19:31:35,220 [DEBUG] cnn_neat: Added edge 20→4 (from 43 candidates)
2026-08-18 19:31:35,229 [DEBUG] cnn_neat: Added edge 13→8 (from 37 candidates)
2026-08-18 19:31:35,238 [DEBUG] cnn_neat: Added edge 20→10 (from 33 candidates)
2026-08-18 19:31:35,246 [DEBUG] cnn_neat: Added edge 16→4 (from 31 candidates)
2026-08-18 19:31:35,254 [DEBUG] cnn_neat: Split edge 22→21, new hidden node 23 (pool=2)
2026-08-18 19:31:35,264 [DEBUG] cnn_neat: Added edge 8→16 (from 48 candidates)
2026-08-18 19:31:35,276 [DEBUG] cnn_neat: Removed hidden node 20 (pool=10)
2026-08-18 19:31:35,285 [DEBUG] cnn_neat: Removed edge 19→21 (from 13 candidates)
2026-08-18 19:31:35,300 [DEBUG] cnn_neat: Removed 3 edges (requested 3)
2026-08-18 19:31:35,310 [DEBUG] cnn_neat: Crossover rejected: union topology invalid (edges=34 nodes=21)
2026-08-18 19:31:35,318 [DEBUG] cnn_neat: Split edge 0→13, new hidden node 23 (pool=2)
2026-08-18 19:31:35,328 [DEBUG] cnn_neat: Added edge 21→17 (from 48 candidates)
2026-08-18 19:31:35,339 [DEBUG] cnn_neat: Added edge 8→13 (from 46 candidates)
2026-08-18 19:31:35,348 [DEBUG] cnn_neat: Added edge 19→17 (from 44 candidates)
2026-08-18 19:31:35,360 [DEBUG] cnn_neat: Added edge 0→20 (from 42 candidates)
2026-08-18 19:31:35,371 [DEBUG] cnn_neat: Added edge 8→16 (from 42 candidates)
2026-08-18 19:31:35,389 [DEBUG] cnn_neat: Added edge 19→10 (from 40 candidates)
2026-08-18 19:31:35,397 [DEBUG] cnn_neat: Added edge 18→17 (from 40 candidates)
2026-08-18 19:31:35,413 [DEBUG] cnn_neat: Removed hidden node 20 (pool=10)
2026-08-18 19:31:35,421 [DEBUG] cnn_neat: Removed edge 8→18 (from 15 candidates)
2026-08-18 19:31:35,434 [DEBUG] cnn_neat: Removed 3 edges (requested 3)
2026-08-18 19:31:35,443 [DEBUG] cnn_neat: Crossover rejected: union topology invalid (edges=41 nodes=22)
2026-08-18 19:31:35,455 [DEBUG] cnn_neat: Added edge 9→21 (from 40 candidates)
2026-08-18 19:31:35,468 [DEBUG] cnn_neat: Removed hidden node 21 (pool=10)
2026-08-18 19:31:35,479 [DEBUG] cnn_neat: Added edge 19→17 (from 40 candidates)
2026-08-18 19:31:35,487 [DEBUG] cnn_neat: Added edge 18→17 (from 38 candidates)
2026-08-18 19:31:35,496 [DEBUG] cnn_neat: Added edge 18→16 (from 37 candidates)
2026-08-18 19:31:35,505 [DEBUG] cnn_neat: Added edge 19→13 (from 36 candidates)
2026-08-18 19:31:35,514 [DEBUG] cnn_neat: Added edge 8→9 (from 33 candidates)
2026-08-18 19:31:35,530 [DEBUG] cnn_neat: Added edge 18→16 (from 42 candidates)
2026-08-18 19:31:35,539 [DEBUG] cnn_neat: Added edge 19→13 (from 42 candidates)
2026-08-18 19:31:35,552 [DEBUG] cnn_neat: Removed hidden node 18 (pool=10)
2026-08-18 19:31:35,559 [DEBUG] cnn_neat: Removed edge 9→10 (from 16 candidates)
2026-08-18 19:31:35,573 [DEBUG] cnn_neat: Removed 3 edges (requested 3)
2026-08-18 19:31:35,845 [DEBUG] cnn_neat: Added edge 20→10 (from 44 candidates)
2026-08-18 19:31:35,920 [DEBUG] cnn_neat: Removed hidden node 16 (pool=11)
2026-08-18 19:31:35,944 [DEBUG] cnn_neat: Removed edge 18→19 (from 19 candidates)
2026-08-18 19:31:35,977 [DEBUG] cnn_neat: Removed 3 edges (requested 3)
2026-08-18 19:31:35,994 [DEBUG] cnn_neat: Split edge 9→10, new hidden node 22 (pool=10)
2026-08-18 19:31:36,033 [DEBUG] cnn_neat: Split edge 18→10, new hidden node 22 (pool=13)
2026-08-18 19:31:36,157 [DEBUG] cnn_neat: Added edge 21→9 (from 48 candidates)
2026-08-18 19:31:36,183 [DEBUG] cnn_neat: Removed hidden node 9 (pool=11)
2026-08-18 19:31:36,210 [DEBUG] cnn_neat: Removed edge 16→17 (from 16 candidates)
2026-08-18 19:31:36,243 [DEBUG] cnn_neat: Removed 3 edges (requested 3)
2026-08-18 19:31:36,263 [DEBUG] cnn_neat: Split edge 13→4, new hidden node 22 (pool=4)
2026-08-18 19:31:36,280 [DEBUG] cnn_neat: Split edge 13→21, new hidden node 22 (pool=10)
2026-08-18 19:31:36,332 [DEBUG] cnn_neat: Split edge 0→13, new hidden node 22 (pool=1)
2026-08-18 19:31:37,419 [DEBUG] cnn_neat: Added edge 8→13 (from 41 candidates)
2026-08-18 19:31:37,474 [DEBUG] cnn_neat: Split edge 0→13, new hidden node 22 (pool=1)
2026-08-18 19:31:37,503 [DEBUG] cnn_neat: Added edge 13→18 (from 46 candidates)
2026-08-18 19:31:37,581 [DEBUG] cnn_neat: Removed hidden node 4 (pool=11)
2026-08-18 19:31:37,721 [DEBUG] cnn_neat: Removed edge 17→10 (from 18 candidates)
2026-08-18 19:31:37,777 [DEBUG] cnn_neat: Removed 3 edges (requested 3)
2026-08-18 19:31:37,903 [DEBUG] cnn_neat: Added edge 8→16 (from 42 candidates)
2026-08-18 19:31:37,932 [DEBUG] cnn_neat: Removed hidden node 20 (pool=11)
2026-08-18 19:31:37,950 [DEBUG] cnn_neat: Removed edge 9→16 (from 18 candidates)
2026-08-18 19:31:37,985 [DEBUG] cnn_neat: Removed 3 edges (requested 3)
2026-08-18 19:31:38,018 [DEBUG] cnn_neat: Added edge 20→21 (from 41 candidates)
2026-08-18 19:31:38,033 [DEBUG] cnn_neat: Added edge 20→17 (from 51 candidates)
2026-08-18 19:31:38,067 [DEBUG] cnn_neat: Removed hidden node 16 (pool=11)
2026-08-18 19:31:38,110 [DEBUG] cnn_neat: Removed hidden node 21 (pool=11)
2026-08-18 19:31:38,143 [DEBUG] cnn_neat: Removed edge 17→10 (from 20 candidates)
2026-08-18 19:31:38,176 [DEBUG] cnn_neat: Added edge 0→21 (from 41 candidates)
2026-08-18 19:31:38,199 [DEBUG] cnn_neat: Removed hidden node 16 (pool=11)
2026-08-18 19:31:38,214 [DEBUG] cnn_neat: Removed edge 20→4 (from 19 candidates)
2026-08-18 19:31:38,240 [DEBUG] cnn_neat: Removed 3 edges (requested 3)
2026-08-18 19:31:38,257 [DEBUG] cnn_neat: Split edge 0→13, new hidden node 22 (pool=6)
2026-08-18 19:31:38,265 [DEBUG] cnn_neat: Split edge 9→10, new hidden node 22 (pool=10)
2026-08-18 19:31:38,425 [DEBUG] cnn_neat: Split edge 0→4, new hidden node 21 (pool=3)
2026-08-18 19:31:38,440 [DEBUG] cnn_neat: Added edge 4→10 (from 45 candidates)
2026-08-18 19:31:38,469 [DEBUG] cnn_neat: Removed hidden node 17 (pool=10)
2026-08-18 19:31:38,500 [DEBUG] cnn_neat: Removed edge 18→19 (from 15 candidates)
2026-08-18 19:31:38,535 [DEBUG] cnn_neat: Removed 3 edges (requested 3)
2026-08-18 19:31:38,551 [DEBUG] cnn_neat: Split edge 18→10, new hidden node 21 (pool=9)
2026-08-18 19:31:38,587 [DEBUG] cnn_neat: Split edge 16→1, new hidden node 21 (pool=10)
2026-08-18 19:31:38,594 [DEBUG] cnn_neat: Split edge 18→10, new hidden node 21 (pool=10)
2026-08-18 19:31:38,608 [DEBUG] cnn_neat: Split edge 0→13, new hidden node 22 (pool=1)
2026-08-18 19:31:38,644 [DEBUG] cnn_neat: Added edge 8→4 (from 52 candidates)
2026-08-18 19:31:38,711 [DEBUG] cnn_neat: Removed hidden node 20 (pool=11)
2026-08-18 19:31:38,735 [DEBUG] cnn_neat: Removed edge 16→1 (from 16 candidates)
2026-08-18 19:31:39,386 [DEBUG] cnn_neat: Removed 3 edges (requested 3)
2026-08-18 19:31:39,411 [DEBUG] cnn_neat: Added edge 19→16 (from 34 candidates)
2026-08-18 19:31:39,462 [DEBUG] cnn_neat: Removed hidden node 20 (pool=10)
2026-08-18 19:31:39,476 [DEBUG] cnn_neat: Removed edge 9→20 (from 18 candidates)
2026-08-18 19:31:39,507 [DEBUG] cnn_neat: Removed 3 edges (requested 3)
2026-08-18 19:31:39,531 [DEBUG] cnn_neat: Added edge 19→17 (from 33 candidates)
2026-08-18 19:31:39,543 [DEBUG] cnn_neat: Added edge 9→8 (from 50 candidates)
2026-08-18 19:31:39,573 [DEBUG] cnn_neat: Removed hidden node 9 (pool=10)
2026-08-18 19:31:39,592 [DEBUG] cnn_neat: Removed hidden node 20 (pool=9)
2026-08-18 19:31:39,634 [DEBUG] cnn_neat: Added edge 0→10 (from 44 candidates)
2026-08-18 19:31:39,664 [DEBUG] cnn_neat: Removed hidden node 17 (pool=11)
2026-08-18 19:31:39,675 [DEBUG] cnn_neat: Removed edge 9→20 (from 18 candidates)
2026-08-18 19:31:40,458 [DEBUG] cnn_neat: Added edge 4→17 (from 38 candidates)
2026-08-18 19:31:40,496 [DEBUG] cnn_neat: Removed hidden node 10 (pool=10)
2026-08-18 19:31:40,504 [DEBUG] cnn_neat: Removed edge 18→10 (from 15 candidates)
2026-08-18 19:31:40,536 [DEBUG] cnn_neat: Removed 3 edges (requested 3)
2026-08-18 19:31:40,573 [DEBUG] cnn_neat: Split edge 0→13, new hidden node 21 (pool=5)
2026-08-18 19:31:40,592 [DEBUG] cnn_neat: Split edge 0→13, new hidden node 21 (pool=1)
2026-08-18 19:31:40,651 [DEBUG] cnn_neat: Added edge 20→10 (from 35 candidates)
2026-08-18 19:31:40,727 [DEBUG] cnn_neat: Removed hidden node 10 (pool=10)
2026-08-18 19:31:40,745 [DEBUG] cnn_neat: Removed edge 19→21 (from 17 candidates)
2026-08-18 19:31:40,784 [DEBUG] cnn_neat: Removed 3 edges (requested 3)
2026-08-18 19:31:41,473 [DEBUG] cnn_neat: Split edge 13→16, new hidden node 22 (pool=2)
2026-08-18 19:31:41,515 [DEBUG] cnn_neat: Split edge 0→4, new hidden node 21 (pool=3)
2026-08-18 19:31:41,532 [DEBUG] cnn_neat: Added edge 4→16 (from 44 candidates)
2026-08-18 19:31:41,558 [DEBUG] cnn_neat: Removed hidden node 8 (pool=10)
2026-08-18 19:31:41,578 [DEBUG] cnn_neat: Removed edge 20→4 (from 16 candidates)
2026-08-18 19:31:41,627 [DEBUG] cnn_neat: Removed 3 edges (requested 3)
2026-08-18 19:31:41,642 [DEBUG] cnn_neat: Split edge 16→1, new hidden node 21 (pool=6)
2026-08-18 19:31:41,652 [DEBUG] cnn_neat: Added edge 19→16 (from 33 candidates)
2026-08-18 19:31:41,667 [DEBUG] cnn_neat: Split edge 13→4, new hidden node 22 (pool=4)
2026-08-18 19:31:41,702 [DEBUG] cnn_neat: Removed hidden node 4 (pool=8)
2026-08-18 19:31:41,723 [DEBUG] cnn_neat: Added edge 4→21 (from 44 candidates)
2026-08-18 19:31:41,769 [DEBUG] cnn_neat: Added edge 20→21 (from 34 candidates)
2026-08-18 19:31:41,794 [DEBUG] cnn_neat: Removed hidden node 21 (pool=10)
2026-08-18 19:31:41,820 [DEBUG] cnn_neat: Removed edge 18→19 (from 18 candidates)
2026-08-18 19:31:41,869 [DEBUG] cnn_neat: Removed 3 edges (requested 3)
2026-08-18 19:31:42,561 [DEBUG] cnn_neat: Split edge 0→13, new hidden node 21 (pool=1)
2026-08-18 19:31:42,668 [DEBUG] cnn_neat: Added edge 0→10 (from 32 candidates)
2026-08-18 19:31:42,699 [DEBUG] cnn_neat: Removed hidden node 18 (pool=10)
2026-08-18 19:31:42,715 [DEBUG] cnn_neat: Removed edge 19→9 (from 19 candidates)
2026-08-18 19:31:42,755 [DEBUG] cnn_neat: Removed 3 edges (requested 3)
2026-08-18 19:31:42,769 [DEBUG] cnn_neat: Split edge 13→21, new hidden node 22 (pool=10)
2026-08-18 19:31:42,792 [DEBUG] cnn_neat: Split edge 13→21, new hidden node 22 (pool=12)
2026-08-18 19:31:42,819 [DEBUG] cnn_neat: Added edge 21→1 (from 46 candidates)
2026-08-18 19:31:42,849 [DEBUG] cnn_neat: Removed hidden node 19 (pool=11)
2026-08-18 19:31:42,864 [DEBUG] cnn_neat: Removed edge 16→1 (from 17 candidates)
2026-08-18 19:31:42,891 [DEBUG] cnn_neat: Removed 3 edges (requested 3)
2026-08-18 19:31:42,905 [DEBUG] cnn_neat: Split edge 13→21, new hidden node 22 (pool=12)
2026-08-18 19:31:42,912 [DEBUG] cnn_neat: Split edge 13→9, new hidden node 22 (pool=1)
2026-08-18 19:31:42,944 [DEBUG] cnn_neat: Added edge 19→20 (from 45 candidates)
2026-08-18 19:31:42,974 [DEBUG] cnn_neat: Removed hidden node 21 (pool=11)
2026-08-18 19:31:42,989 [DEBUG] cnn_neat: Removed edge 9→21 (from 18 candidates)
2026-08-18 19:31:43,012 [DEBUG] cnn_neat: Removed 3 edges (requested 3)
2026-08-18 19:31:43,024 [DEBUG] cnn_neat: Split edge 13→4, new hidden node 21 (pool=3)
2026-08-18 19:31:43,056 [DEBUG] cnn_neat: Added edge 10→20 (from 43 candidates)
2026-08-18 19:31:43,189 [DEBUG] cnn_neat: Added edge 18→17 (from 42 candidates)
2026-08-18 19:31:43,209 [DEBUG] cnn_neat: Removed hidden node 19 (pool=11)
2026-08-18 19:31:43,259 [DEBUG] cnn_neat: Removed edge 18→10 (from 18 candidates)
2026-08-18 19:31:43,295 [DEBUG] cnn_neat: Removed 3 edges (requested 3)
2026-08-18 19:31:44,051 [DEBUG] cnn_neat: Split edge 9→16, new hidden node 22 (pool=13)
2026-08-18 19:31:44,070 [DEBUG] cnn_neat: Split edge 16→21, new hidden node 22 (pool=9)
2026-08-18 19:31:44,093 [DEBUG] cnn_neat: Added edge 18→13 (from 44 candidates)
2026-08-18 19:31:44,154 [DEBUG] cnn_neat: Removed hidden node 20 (pool=11)
2026-08-18 19:31:44,166 [DEBUG] cnn_neat: Removed edge 18→10 (from 16 candidates)
2026-08-18 19:31:44,196 [DEBUG] cnn_neat: Removed 3 edges (requested 3)
2026-08-18 19:31:44,211 [DEBUG] cnn_neat: Split edge 0→13, new hidden node 23 (pool=1)
2026-08-18 19:31:44,273 [DEBUG] cnn_neat: Added edge 16→4 (from 46 candidates)
2026-08-18 19:31:44,300 [DEBUG] cnn_neat: Removed hidden node 17 (pool=11)
2026-08-18 19:31:44,318 [DEBUG] cnn_neat: Removed edge 9→10 (from 18 candidates)
2026-08-18 19:31:44,346 [DEBUG] cnn_neat: Removed 3 edges (requested 3)
2026-08-18 19:31:44,380 [DEBUG] cnn_neat: Saved generation 21
2026-08-18 19:31:44,380 [DEBUG] cnn_neat: Split edge 9→1, new hidden node 22 (pool=10)
2026-08-18 19:31:44,582 [DEBUG] cnn_neat: Selected 25 elite individuals
2026-08-18 19:31:44,603 [DEBUG] cnn_neat: Added edge 19→20 (from 45 candidates)
2026-08-18 19:31:44,636 [DEBUG] cnn_neat: Split edge 0→13, new hidden node 21 (pool=1)
2026-08-18 19:31:44,682 [DEBUG] cnn_neat: Added edge 20→17 (from 34 candidates)
2026-08-18 19:31:44,922 [DEBUG] cnn_neat: Removed hidden node 8 (pool=9)
2026-08-18 19:31:44,981 [DEBUG] cnn_neat: Trimmed elite queue to 128 entries
2026-08-18 19:31:45,582 [DEBUG] cnn_neat: Removed edge 8→18 (from 15 candidates)
2026-08-18 19:31:46,197 [DEBUG] cnn_neat: Split edge 16→1, new hidden node 21 (pool=7)
2026-08-18 19:31:46,217 [DEBUG] cnn_neat: Added edge 0→10 (from 28 candidates)
2026-08-18 19:31:46,269 [DEBUG] cnn_neat: Split edge 0→21, new hidden node 22 (pool=4)
2026-08-18 19:31:46,292 [DEBUG] cnn_neat: Removed hidden node 17 (pool=9)
2026-08-18 19:31:46,301 [DEBUG] cnn_neat: Removed edge 0→8 (from 15 candidates)
2026-08-18 19:31:46,307 [DEBUG] cnn_neat: Added edge 8→4 (from 49 candidates)
2026-08-18 19:31:46,334 [DEBUG] cnn_neat: Removed 3 edges (requested 3)
2026-08-18 19:31:46,348 [DEBUG] cnn_neat: Removed hidden node 4 (pool=11)
2026-08-18 19:31:46,353 [DEBUG] cnn_neat: Split edge 0→13, new hidden node 22 (pool=2)
2026-08-18 19:31:46,361 [DEBUG] cnn_neat: Removed edge 20→4 (from 20 candidates)
2026-08-18 19:31:46,380 [DEBUG] cnn_neat: Removed 3 edges (requested 3)
2026-08-18 19:31:46,392 [DEBUG] cnn_neat: Crossover rejected: union topology invalid (edges=44 nodes=23)
2026-08-18 19:31:46,399 [DEBUG] cnn_neat: Split edge 0→4, new hidden node 22 (pool=4)
2026-08-18 19:31:46,409 [DEBUG] cnn_neat: Added edge 8→20 (from 49 candidates)
2026-08-18 19:31:46,421 [DEBUG] cnn_neat: Added edge 9→4 (from 38 candidates)
2026-08-18 19:31:46,431 [DEBUG] cnn_neat: Added edge 21→4 (from 37 candidates)
2026-08-18 19:31:46,442 [DEBUG] cnn_neat: Added edge 18→13 (from 34 candidates)
2026-08-18 19:31:46,451 [DEBUG] cnn_neat: Added edge 8→4 (from 31 candidates)
2026-08-18 19:31:46,470 [DEBUG] cnn_neat: Added edge 9→17 (from 42 candidates)
2026-08-18 19:31:46,480 [DEBUG] cnn_neat: Added edge 19→16 (from 42 candidates)
2026-08-18 19:31:46,495 [DEBUG] cnn_neat: Removed hidden node 17 (pool=11)
2026-08-18 19:31:46,503 [DEBUG] cnn_neat: Removed edge 0→13 (from 21 candidates)
2026-08-18 19:31:46,519 [DEBUG] cnn_neat: Removed 3 edges (requested 3)
2026-08-18 19:31:46,530 [DEBUG] cnn_neat: Crossover rejected: union topology invalid (edges=51 nodes=24)
2026-08-18 19:31:46,543 [DEBUG] cnn_neat: Added edge 9→4 (from 42 candidates)
2026-08-18 19:31:46,554 [DEBUG] cnn_neat: Added edge 21→17 (from 42 candidates)
2026-08-18 19:31:46,567 [DEBUG] cnn_neat: Added edge 8→4 (from 37 candidates)
2026-08-18 19:31:46,579 [DEBUG] cnn_neat: Added edge 20→1 (from 36 candidates)
2026-08-18 19:31:46,593 [DEBUG] cnn_neat: Added edge 19→4 (from 34 candidates)
2026-08-18 19:31:46,606 [DEBUG] cnn_neat: Added edge 8→9 (from 33 candidates)
2026-08-18 19:31:46,624 [DEBUG] cnn_neat: Added edge 19→17 (from 39 candidates)
2026-08-18 19:31:46,633 [DEBUG] cnn_neat: Added edge 21→1 (from 39 candidates)
2026-08-18 19:31:46,649 [DEBUG] cnn_neat: Removed hidden node 10 (pool=10)
2026-08-18 19:31:46,658 [DEBUG] cnn_neat: Removed edge 16→17 (from 16 candidates)
2026-08-18 19:31:46,673 [DEBUG] cnn_neat: Removed 3 edges (requested 3)
2026-08-18 19:31:46,684 [DEBUG] cnn_neat: Crossover rejected: union topology invalid (edges=44 nodes=23)
2026-08-18 19:31:46,698 [DEBUG] cnn_neat: Added edge 21→17 (from 39 candidates)
2026-08-18 19:31:46,708 [DEBUG] cnn_neat: Added edge 18→16 (from 39 candidates)
2026-08-18 19:31:46,718 [DEBUG] cnn_neat: Added edge 0→21 (from 38 candidates)
2026-08-18 19:31:46,728 [DEBUG] cnn_neat: Added edge 19→17 (from 35 candidates)
2026-08-18 19:31:46,738 [DEBUG] cnn_neat: Added edge 19→10 (from 33 candidates)
2026-08-18 19:31:46,749 [DEBUG] cnn_neat: Added edge 13→20 (from 32 candidates)
2026-08-18 19:31:46,769 [DEBUG] cnn_neat: Added edge 10→1 (from 47 candidates)
2026-08-18 19:31:46,780 [DEBUG] cnn_neat: Added edge 18→16 (from 47 candidates)
2026-08-18 19:31:46,794 [DEBUG] cnn_neat: Removed hidden node 8 (pool=11)
2026-08-18 19:31:46,802 [DEBUG] cnn_neat: Removed edge 18→10 (from 17 candidates)
2026-08-18 19:31:46,817 [DEBUG] cnn_neat: Removed 3 edges (requested 3)
2026-08-18 19:31:46,827 [DEBUG] cnn_neat: Crossover rejected: union topology invalid (edges=39 nodes=22)
2026-08-18 19:31:46,842 [DEBUG] cnn_neat: Added edge 13→8 (from 47 candidates)
2026-08-18 19:31:46,852 [DEBUG] cnn_neat: Added edge 19→16 (from 47 candidates)
2026-08-18 19:31:46,863 [DEBUG] cnn_neat: Added edge 21→16 (from 46 candidates)
2026-08-18 19:31:46,873 [DEBUG] cnn_neat: Added edge 19→20 (from 45 candidates)
2026-08-18 19:31:46,884 [DEBUG] cnn_neat: Added edge 21→10 (from 43 candidates)
2026-08-18 19:31:46,896 [DEBUG] cnn_neat: Added edge 0→10 (from 41 candidates)
2026-08-18 19:31:46,903 [DEBUG] cnn_neat: Split edge 9→20, new hidden node 21 (pool=7)
2026-08-18 19:31:46,911 [DEBUG] cnn_neat: Added edge 0→10 (from 28 candidates)
2026-08-18 19:31:46,925 [DEBUG] cnn_neat: Removed hidden node 20 (pool=9)
2026-08-18 19:31:46,931 [DEBUG] cnn_neat: Split edge 0→13, new hidden node 20 (pool=5)
2026-08-18 19:31:46,938 [DEBUG] cnn_neat: Removed edge 17→1 (from 11 candidates)
2026-08-18 19:31:46,951 [DEBUG] cnn_neat: Removed 3 edges (requested 3)
2026-08-18 19:31:46,961 [DEBUG] cnn_neat: Crossover rejected: union topology invalid (edges=35 nodes=21)
2026-08-18 19:31:46,967 [DEBUG] cnn_neat: Split edge 9→1, new hidden node 21 (pool=7)
2026-08-18 19:31:46,976 [DEBUG] cnn_neat: Added edge 18→20 (from 28 candidates)
2026-08-18 19:31:46,985 [DEBUG] cnn_neat: Added edge 13→8 (from 27 candidates)
2026-08-18 19:31:46,995 [DEBUG] cnn_neat: Added edge 20→1 (from 23 candidates)
2026-08-18 19:31:47,003 [DEBUG] cnn_neat: Added edge 18→1 (from 21 candidates)
2026-08-18 19:31:47,013 [DEBUG] cnn_neat: Added edge 8→9 (from 20 candidates)
2026-08-18 19:31:47,021 [DEBUG] cnn_neat: Split edge 0→13, new hidden node 21 (pool=1)
2026-08-18 19:31:47,031 [DEBUG] cnn_neat: Added edge 10→16 (from 39 candidates)
2026-08-18 19:31:47,054 [DEBUG] cnn_neat: Removed hidden node 18 (pool=9)
2026-08-18 19:31:47,062 [DEBUG] cnn_neat: Removed edge 16→1 (from 13 candidates)
2026-08-18 19:31:47,075 [DEBUG] cnn_neat: Removed 3 edges (requested 3)
2026-08-18 19:31:47,086 [DEBUG] cnn_neat: Crossover rejected: union topology invalid (edges=35 nodes=21)
2026-08-18 19:31:47,095 [DEBUG] cnn_neat: Split edge 0→13, new hidden node 21 (pool=1)
2026-08-18 19:31:47,103 [DEBUG] cnn_neat: Added edge 17→10 (from 39 candidates)
2026-08-18 19:31:47,115 [DEBUG] cnn_neat: Removed hidden node 16 (pool=10)
2026-08-18 19:31:47,124 [DEBUG] cnn_neat: Added edge 19→16 (from 39 candidates)
2026-08-18 19:31:47,131 [DEBUG] cnn_neat: Added edge 10→20 (from 38 candidates)
2026-08-18 19:31:47,142 [DEBUG] cnn_neat: Added edge 9→17 (from 34 candidates)
2026-08-18 19:31:47,151 [DEBUG] cnn_neat: Added edge 19→20 (from 33 candidates)
2026-08-18 19:31:47,161 [DEBUG] cnn_neat: Added edge 13→10 (from 32 candidates)
2026-08-18 19:31:47,169 [DEBUG] cnn_neat: Split edge 0→13, new hidden node 21 (pool=6)
2026-08-18 19:31:47,186 [DEBUG] cnn_neat: Added edge 13→18 (from 36 candidates)
2026-08-18 19:31:47,206 [DEBUG] cnn_neat: Removed hidden node 4 (pool=9)
2026-08-18 19:31:47,213 [DEBUG] cnn_neat: Removed edge 16→17 (from 12 candidates)
2026-08-18 19:31:47,227 [DEBUG] cnn_neat: Removed 3 edges (requested 3)
2026-08-18 19:31:47,239 [DEBUG] cnn_neat: Crossover rejected: union topology invalid (edges=40 nodes=22)
2026-08-18 19:31:47,247 [DEBUG] cnn_neat: Split edge 16→1, new hidden node 21 (pool=6)
2026-08-18 19:31:47,257 [DEBUG] cnn_neat: Added edge 18→17 (from 48 candidates)
2026-08-18 19:31:47,265 [DEBUG] cnn_neat: Added edge 0→20 (from 36 candidates)
2026-08-18 19:31:47,276 [DEBUG] cnn_neat: Added edge 8→9 (from 32 candidates)
2026-08-18 19:31:47,286 [DEBUG] cnn_neat: Added edge 19→1 (from 31 candidates)
2026-08-18 19:31:47,297 [DEBUG] cnn_neat: Added edge 9→4 (from 30 candidates)
2026-08-18 19:31:47,306 [DEBUG] cnn_neat: Added edge 18→16 (from 29 candidates)
2026-08-18 19:31:47,315 [DEBUG] cnn_neat: Split edge 0→13, new hidden node 23 (pool=2)
2026-08-18 19:31:47,325 [DEBUG] cnn_neat: Added edge 19→13 (from 49 candidates)
2026-08-18 19:31:47,337 [DEBUG] cnn_neat: Removed hidden node 9 (pool=10)
2026-08-18 19:31:47,344 [DEBUG] cnn_neat: Removed edge 19→9 (from 12 candidates)
2026-08-18 19:31:47,360 [DEBUG] cnn_neat: Removed 3 edges (requested 3)
2026-08-18 19:31:47,370 [DEBUG] cnn_neat: Crossover rejected: union topology invalid (edges=35 nodes=22)
2026-08-18 19:31:47,380 [DEBUG] cnn_neat: Split edge 0→13, new hidden node 23 (pool=2)
2026-08-18 19:31:47,389 [DEBUG] cnn_neat: Added edge 13→21 (from 59 candidates)
2026-08-18 19:31:47,397 [DEBUG] cnn_neat: Added edge 8→20 (from 49 candidates)
2026-08-18 19:31:47,408 [DEBUG] cnn_neat: Added edge 9→22 (from 43 candidates)
2026-08-18 19:31:47,417 [DEBUG] cnn_neat: Added edge 18→13 (from 39 candidates)
2026-08-18 19:31:47,426 [DEBUG] cnn_neat: Added edge 0→20 (from 36 candidates)
2026-08-18 19:31:47,437 [DEBUG] cnn_neat: Added edge 21→17 (from 43 candidates)
2026-08-18 19:31:47,444 [DEBUG] cnn_neat: Split edge 0→13, new hidden node 21 (pool=2)
2026-08-18 19:31:47,452 [DEBUG] cnn_neat: Split edge 21→13, new hidden node 22 (pool=12)
2026-08-18 19:31:47,461 [DEBUG] cnn_neat: Added edge 8→16 (from 50 candidates)
2026-08-18 19:31:47,475 [DEBUG] cnn_neat: Removed hidden node 18 (pool=10)
2026-08-18 19:31:47,482 [DEBUG] cnn_neat: Removed edge 9→1 (from 11 candidates)
2026-08-18 19:31:47,497 [DEBUG] cnn_neat: Removed 3 edges (requested 3)
2026-08-18 19:31:47,506 [DEBUG] cnn_neat: Crossover rejected: union topology invalid (edges=36 nodes=22)
2026-08-18 19:31:47,514 [DEBUG] cnn_neat: Split edge 0→13, new hidden node 21 (pool=2)
2026-08-18 19:31:47,524 [DEBUG] cnn_neat: Added edge 21→20 (from 52 candidates)
2026-08-18 19:31:47,534 [DEBUG] cnn_neat: Added edge 10→20 (from 50 candidates)
2026-08-18 19:31:47,544 [DEBUG] cnn_neat: Added edge 10→4 (from 45 candidates)
2026-08-18 19:31:47,553 [DEBUG] cnn_neat: Added edge 13→4 (from 44 candidates)
2026-08-18 19:31:47,562 [DEBUG] cnn_neat: Added edge 19→4 (from 43 candidates)
2026-08-18 19:31:47,571 [DEBUG] cnn_neat: Added edge 9→17 (from 42 candidates)
2026-08-18 19:31:47,588 [DEBUG] cnn_neat: Added edge 20→10 (from 43 candidates)
2026-08-18 19:31:47,597 [DEBUG] cnn_neat: Added edge 20→1 (from 43 candidates)
2026-08-18 19:31:47,613 [DEBUG] cnn_neat: Removed hidden node 10 (pool=10)
2026-08-18 19:31:47,620 [DEBUG] cnn_neat: Removed edge 17→1 (from 12 candidates)
2026-08-18 19:31:47,633 [DEBUG] cnn_neat: Removed 3 edges (requested 3)
2026-08-18 19:31:47,867 [DEBUG] cnn_neat: Added edge 16→10 (from 44 candidates)
2026-08-18 19:31:47,998 [DEBUG] cnn_neat: Removed hidden node 21 (pool=11)
2026-08-18 19:31:48,024 [DEBUG] cnn_neat: Removed edge 18→20 (from 19 candidates)
2026-08-18 19:31:48,077 [DEBUG] cnn_neat: Removed 3 edges (requested 3)
2026-08-18 19:31:48,205 [DEBUG] cnn_neat: Split edge 0→4, new hidden node 22 (pool=4)
2026-08-18 19:31:48,220 [DEBUG] cnn_neat: Added edge 19→20 (from 49 candidates)
2026-08-18 19:31:48,251 [DEBUG] cnn_neat: Removed hidden node 10 (pool=11)
2026-08-18 19:31:48,267 [DEBUG] cnn_neat: Removed edge 18→10 (from 20 candidates)
2026-08-18 19:31:48,307 [DEBUG] cnn_neat: Removed 3 edges (requested 3)
2026-08-18 19:31:48,319 [DEBUG] cnn_neat: Split edge 0→4, new hidden node 22 (pool=4)
2026-08-18 19:31:48,338 [DEBUG] cnn_neat: Split edge 9→16, new hidden node 22 (pool=13)
2026-08-18 19:31:48,388 [DEBUG] cnn_neat: Added edge 10→21 (from 42 candidates)
2026-08-18 19:31:49,511 [DEBUG] cnn_neat: Removed hidden node 19 (pool=11)
2026-08-18 19:31:49,563 [DEBUG] cnn_neat: Added edge 9→17 (from 48 candidates)
2026-08-18 19:31:49,625 [DEBUG] cnn_neat: Removed hidden node 21 (pool=11)
2026-08-18 19:31:49,676 [DEBUG] cnn_neat: Removed edge 9→1 (from 16 candidates)
2026-08-18 19:31:49,840 [DEBUG] cnn_neat: Removed 3 edges (requested 3)
2026-08-18 19:31:49,938 [DEBUG] cnn_neat: Split edge 13→16, new hidden node 22 (pool=1)
2026-08-18 19:31:50,000 [DEBUG] cnn_neat: Added edge 16→10 (from 39 candidates)
2026-08-18 19:31:50,030 [DEBUG] cnn_neat: Removed hidden node 20 (pool=10)
2026-08-18 19:31:50,050 [DEBUG] cnn_neat: Removed edge 0→8 (from 16 candidates)
2026-08-18 19:31:50,084 [DEBUG] cnn_neat: Removed 3 edges (requested 3)
2026-08-18 19:31:50,105 [DEBUG] cnn_neat: Split edge 16→1, new hidden node 22 (pool=7)
2026-08-18 19:31:50,125 [DEBUG] cnn_neat: Split edge 0→13, new hidden node 22 (pool=7)
2026-08-18 19:31:50,168 [DEBUG] cnn_neat: Added edge 18→4 (from 47 candidates)
2026-08-18 19:31:50,198 [DEBUG] cnn_neat: Removed hidden node 20 (pool=11)
2026-08-18 19:31:50,216 [DEBUG] cnn_neat: Removed edge 9→10 (from 17 candidates)
2026-08-18 19:31:50,250 [DEBUG] cnn_neat: Removed 3 edges (requested 3)
2026-08-18 19:31:50,276 [DEBUG] cnn_neat: Split edge 9→1, new hidden node 22 (pool=7)
2026-08-18 19:31:50,300 [DEBUG] cnn_neat: Split edge 0→13, new hidden node 22 (pool=1)
2026-08-18 19:31:50,330 [DEBUG] cnn_neat: Split edge 9→20, new hidden node 21 (pool=7)
2026-08-18 19:31:50,348 [DEBUG] cnn_neat: Added edge 20→1 (from 28 candidates)
2026-08-18 19:31:50,422 [DEBUG] cnn_neat: Removed hidden node 17 (pool=9)
2026-08-18 19:31:50,438 [DEBUG] cnn_neat: Removed edge 9→16 (from 11 candidates)
2026-08-18 19:31:50,471 [DEBUG] cnn_neat: Removed 3 edges (requested 3)
2026-08-18 19:31:50,490 [DEBUG] cnn_neat: Split edge 13→20, new hidden node 21 (pool=8)
2026-08-18 19:31:50,513 [DEBUG] cnn_neat: Split edge 20→16, new hidden node 21 (pool=8)
2026-08-18 19:31:50,667 [DEBUG] cnn_neat: Split edge 0→13, new hidden node 22 (pool=1)
2026-08-18 19:31:50,691 [DEBUG] cnn_neat: Added edge 8→9 (from 41 candidates)
2026-08-18 19:31:50,738 [DEBUG] cnn_neat: Removed hidden node 8 (pool=11)
2026-08-18 19:31:50,754 [DEBUG] cnn_neat: Removed edge 18→21 (from 18 candidates)
2026-08-18 19:31:50,807 [DEBUG] cnn_neat: Removed 3 edges (requested 3)
2026-08-18 19:31:50,853 [DEBUG] cnn_neat: Split edge 16→1, new hidden node 22 (pool=7)
2026-08-18 19:31:50,879 [DEBUG] cnn_neat: Split edge 13→4, new hidden node 22 (pool=8)
2026-08-18 19:31:50,929 [DEBUG] cnn_neat: Added edge 18→13 (from 40 candidates)
2026-08-18 19:31:51,594 [DEBUG] cnn_neat: Split edge 0→13, new hidden node 22 (pool=1)
2026-08-18 19:31:51,630 [DEBUG] cnn_neat: Added edge 18→20 (from 46 candidates)
2026-08-18 19:31:51,674 [DEBUG] cnn_neat: Removed hidden node 21 (pool=11)
2026-08-18 19:31:51,696 [DEBUG] cnn_neat: Removed edge 0→13 (from 18 candidates)
2026-08-18 19:31:51,747 [DEBUG] cnn_neat: Removed 3 edges (requested 3)
2026-08-18 19:31:51,777 [DEBUG] cnn_neat: Split edge 13→16, new hidden node 22 (pool=6)
2026-08-18 19:31:51,813 [DEBUG] cnn_neat: Split edge 13→16, new hidden node 22 (pool=6)
2026-08-18 19:31:51,927 [DEBUG] cnn_neat: Added edge 18→13 (from 45 candidates)
2026-08-18 19:31:52,589 [DEBUG] cnn_neat: Added edge 18→16 (from 42 candidates)
2026-08-18 19:31:52,618 [DEBUG] cnn_neat: Removed hidden node 16 (pool=11)
2026-08-18 19:31:52,629 [DEBUG] cnn_neat: Removed edge 21→4 (from 18 candidates)
2026-08-18 19:31:52,666 [DEBUG] cnn_neat: Removed 3 edges (requested 3)
2026-08-18 19:31:52,701 [DEBUG] cnn_neat: Added edge 0→20 (from 41 candidates)
2026-08-18 19:31:52,721 [DEBUG] cnn_neat: Added edge 17→20 (from 51 candidates)
2026-08-18 19:31:52,744 [DEBUG] cnn_neat: Removed hidden node 18 (pool=11)
2026-08-18 19:31:52,776 [DEBUG] cnn_neat: Removed hidden node 10 (pool=11)
2026-08-18 19:31:52,828 [DEBUG] cnn_neat: Added edge 19→1 (from 41 candidates)
2026-08-18 19:31:52,842 [DEBUG] cnn_neat: Removed hidden node 8 (pool=11)
2026-08-18 19:31:52,863 [DEBUG] cnn_neat: Removed edge 9→1 (from 19 candidates)
2026-08-18 19:31:52,904 [DEBUG] cnn_neat: Removed 3 edges (requested 3)
2026-08-18 19:31:52,914 [DEBUG] cnn_neat: Split edge 9→16, new hidden node 22 (pool=10)
2026-08-18 19:31:52,930 [DEBUG] cnn_neat: Split edge 13→16, new hidden node 22 (pool=1)
2026-08-18 19:31:53,618 [DEBUG] cnn_neat: Split edge 0→4, new hidden node 21 (pool=3)
2026-08-18 19:31:53,640 [DEBUG] cnn_neat: Split edge 0→13, new hidden node 22 (pool=1)
2026-08-18 19:31:53,663 [DEBUG] cnn_neat: Added edge 18→1 (from 52 candidates)
2026-08-18 19:31:53,688 [DEBUG] cnn_neat: Removed hidden node 8 (pool=11)
2026-08-18 19:31:53,711 [DEBUG] cnn_neat: Removed edge 20→4 (from 16 candidates)
2026-08-18 19:31:53,743 [DEBUG] cnn_neat: Removed 3 edges (requested 3)
2026-08-18 19:31:53,764 [DEBUG] cnn_neat: Split edge 13→4, new hidden node 22 (pool=7)
2026-08-18 19:31:53,775 [DEBUG] cnn_neat: Split edge 8→18, new hidden node 22 (pool=6)
2026-08-18 19:31:53,803 [DEBUG] cnn_neat: Added edge 8→9 (from 51 candidates)
2026-08-18 19:31:53,868 [DEBUG] cnn_neat: Added edge 0→19 (from 34 candidates)
2026-08-18 19:31:53,895 [DEBUG] cnn_neat: Removed hidden node 8 (pool=10)
2026-08-18 19:31:53,902 [DEBUG] cnn_neat: Removed edge 9→21 (from 18 candidates)
2026-08-18 19:31:54,001 [DEBUG] cnn_neat: Removed 3 edges (requested 3)
2026-08-18 19:31:54,026 [DEBUG] cnn_neat: Split edge 16→21, new hidden node 22 (pool=10)
2026-08-18 19:31:54,044 [DEBUG] cnn_neat: Split edge 9→16, new hidden node 22 (pool=11)
2026-08-18 19:31:54,105 [DEBUG] cnn_neat: Added edge 8→13 (from 44 candidates)
2026-08-18 19:31:54,136 [DEBUG] cnn_neat: Removed hidden node 8 (pool=11)
2026-08-18 19:31:54,766 [DEBUG] cnn_neat: Removed edge 19→21 (from 18 candidates)
2026-08-18 19:31:54,797 [DEBUG] cnn_neat: Split edge 0→13, new hidden node 21 (pool=3)
2026-08-18 19:31:54,819 [DEBUG] cnn_neat: Added edge 19→10 (from 45 candidates)
2026-08-18 19:31:54,836 [DEBUG] cnn_neat: Removed hidden node 9 (pool=10)
2026-08-18 19:31:54,851 [DEBUG] cnn_neat: Removed edge 13→4 (from 15 candidates)
2026-08-18 19:31:54,875 [DEBUG] cnn_neat: Removed 3 edges (requested 3)
2026-08-18 19:31:54,880 [DEBUG] cnn_neat: Split edge 13→16, new hidden node 21 (pool=5)
2026-08-18 19:31:54,888 [DEBUG] cnn_neat: Split edge 0→13, new hidden node 21 (pool=2)
2026-08-18 19:31:54,894 [DEBUG] cnn_neat: Split edge 0→13, new hidden node 21 (pool=3)
2026-08-18 19:31:54,922 [DEBUG] cnn_neat: Added edge 17→4 (from 38 candidates)
2026-08-18 19:31:54,951 [DEBUG] cnn_neat: Removed hidden node 17 (pool=10)
2026-08-18 19:31:54,966 [DEBUG] cnn_neat: Removed edge 8→18 (from 15 candidates)
2026-08-18 19:31:54,982 [DEBUG] cnn_neat: Removed 3 edges (requested 3)
2026-08-18 19:31:54,993 [DEBUG] cnn_neat: Split edge 16→1, new hidden node 21 (pool=7)
2026-08-18 19:31:54,998 [DEBUG] cnn_neat: Split edge 9→1, new hidden node 21 (pool=6)
2026-08-18 19:31:55,034 [DEBUG] cnn_neat: Added edge 20→1 (from 35 candidates)
2026-08-18 19:31:55,066 [DEBUG] cnn_neat: Removed hidden node 16 (pool=10)
2026-08-18 19:31:55,075 [DEBUG] cnn_neat: Removed edge 18→10 (from 17 candidates)
2026-08-18 19:31:55,089 [DEBUG] cnn_neat: Removed 3 edges (requested 3)
2026-08-18 19:31:55,102 [DEBUG] cnn_neat: Split edge 17→1, new hidden node 22 (pool=9)
2026-08-18 19:31:55,114 [DEBUG] cnn_neat: Split edge 9→16, new hidden node 22 (pool=10)
2026-08-18 19:31:55,131 [DEBUG] cnn_neat: Added edge 20→10 (from 33 candidates)
2026-08-18 19:31:55,164 [DEBUG] cnn_neat: Split edge 0→13, new hidden node 21 (pool=3)
2026-08-18 19:31:55,248 [DEBUG] cnn_neat: Added edge 8→19 (from 44 candidates)
2026-08-18 19:31:55,476 [DEBUG] cnn_neat: Removed hidden node 20 (pool=10)
2026-08-18 19:31:55,483 [DEBUG] cnn_neat: Removed edge 13→4 (from 16 candidates)
2026-08-18 19:31:55,499 [DEBUG] cnn_neat: Removed 3 edges (requested 3)
2026-08-18 19:31:55,516 [DEBUG] cnn_neat: Split edge 9→1, new hidden node 21 (pool=7)
2026-08-18 19:31:55,543 [DEBUG] cnn_neat: Added edge 8→9 (from 28 candidates)
2026-08-18 19:31:55,560 [DEBUG] cnn_neat: Removed hidden node 20 (pool=9)
2026-08-18 19:31:55,571 [DEBUG] cnn_neat: Removed edge 16→17 (from 15 candidates)
2026-08-18 19:31:55,588 [DEBUG] cnn_neat: Removed 3 edges (requested 3)
2026-08-18 19:31:56,350 [DEBUG] cnn_neat: Split edge 9→16, new hidden node 21 (pool=6)
2026-08-18 19:31:56,375 [DEBUG] cnn_neat: Split edge 0→13, new hidden node 23 (pool=1)
2026-08-18 19:31:56,389 [DEBUG] cnn_neat: Added edge 8→9 (from 43 candidates)
2026-08-18 19:31:56,418 [DEBUG] cnn_neat: Removed hidden node 19 (pool=10)
2026-08-18 19:31:56,429 [DEBUG] cnn_neat: Removed edge 19→9 (from 16 candidates)
2026-08-18 19:31:56,473 [DEBUG] cnn_neat: Removed 3 edges (requested 3)
2026-08-18 19:31:56,493 [DEBUG] cnn_neat: Split edge 13→22, new hidden node 23 (pool=10)
2026-08-18 19:31:56,506 [DEBUG] cnn_neat: Split edge 0→13, new hidden node 23 (pool=1)
2026-08-18 19:31:56,547 [DEBUG] cnn_neat: Added edge 8→4 (from 37 candidates)
2026-08-18 19:31:56,572 [DEBUG] cnn_neat: Removed hidden node 4 (pool=10)
2026-08-18 19:31:56,598 [DEBUG] cnn_neat: Removed edge 18→19 (from 12 candidates)
2026-08-18 19:31:56,620 [DEBUG] cnn_neat: Removed 3 edges (requested 3)
2026-08-18 19:31:56,632 [DEBUG] cnn_neat: Split edge 0→13, new hidden node 21 (pool=1)
2026-08-18 19:31:56,641 [DEBUG] cnn_neat: Split edge 16→4, new hidden node 21 (pool=7)
2026-08-18 19:31:56,648 [DEBUG] cnn_neat: Saved generation 22
2026-08-18 19:31:56,777 [DEBUG] cnn_neat: Split edge 16→4, new hidden node 21 (pool=7)
2026-08-18 19:31:56,818 [DEBUG] cnn_neat: Selected 25 elite individuals
2026-08-18 19:31:56,864 [DEBUG] cnn_neat: Split edge 0→13, new hidden node 23 (pool=1)
2026-08-18 19:31:56,938 [DEBUG] cnn_neat: Added edge 18→20 (from 38 candidates)
2026-08-18 19:31:57,093 [DEBUG] cnn_neat: Removed hidden node 17 (pool=10)
2026-08-18 19:31:57,145 [DEBUG] cnn_neat: Removed edge 18→19 (from 15 candidates)
2026-08-18 19:31:57,201 [DEBUG] cnn_neat: Removed 3 edges (requested 3)
2026-08-18 19:31:57,251 [DEBUG] cnn_neat: Split edge 0→13, new hidden node 22 (pool=1)
2026-08-18 19:31:57,279 [DEBUG] cnn_neat: Trimmed elite queue to 128 entries
2026-08-18 19:31:58,526 [DEBUG] cnn_neat: Added edge 21→10 (from 38 candidates)
2026-08-18 19:31:58,577 [DEBUG] cnn_neat: Added edge 0→21 (from 39 candidates)
2026-08-18 19:31:58,610 [DEBUG] cnn_neat: Removed hidden node 20 (pool=10)
2026-08-18 19:31:58,626 [DEBUG] cnn_neat: Removed edge 9→10 (from 16 candidates)
2026-08-18 19:31:58,632 [DEBUG] cnn_neat: Added edge 0→19 (from 46 candidates)
2026-08-18 19:31:58,657 [DEBUG] cnn_neat: Added edge 18→13 (from 46 candidates)
2026-08-18 19:31:58,661 [DEBUG] cnn_neat: Removed 3 edges (requested 3)
2026-08-18 19:31:58,679 [DEBUG] cnn_neat: Split edge 0→13, new hidden node 22 (pool=3)
2026-08-18 19:31:58,694 [DEBUG] cnn_neat: Split edge 9→10, new hidden node 22 (pool=9)
2026-08-18 19:31:58,697 [DEBUG] cnn_neat: Removed hidden node 8 (pool=11)
2026-08-18 19:31:58,707 [DEBUG] cnn_neat: Removed edge 17→1 (from 18 candidates)
2026-08-18 19:31:58,730 [DEBUG] cnn_neat: Removed 3 edges (requested 3)
2026-08-18 19:31:58,743 [DEBUG] cnn_neat: Crossover rejected: union topology invalid (edges=50 nodes=24)
2026-08-18 19:31:58,759 [DEBUG] cnn_neat: Added edge 9→21 (from 46 candidates)
2026-08-18 19:31:58,772 [DEBUG] cnn_neat: Added edge 18→21 (from 46 candidates)
2026-08-18 19:31:58,783 [DEBUG] cnn_neat: Added edge 4→16 (from 43 candidates)
2026-08-18 19:31:58,810 [DEBUG] cnn_neat: Added edge 19→13 (from 39 candidates)
2026-08-18 19:31:58,822 [DEBUG] cnn_neat: Added edge 9→21 (from 35 candidates)
2026-08-18 19:31:58,834 [DEBUG] cnn_neat: Added edge 21→1 (from 33 candidates)
2026-08-18 19:31:58,844 [DEBUG] cnn_neat: Split edge 0→21, new hidden node 22 (pool=2)
2026-08-18 19:31:58,855 [DEBUG] cnn_neat: Added edge 20→1 (from 40 candidates)
2026-08-18 19:31:58,869 [DEBUG] cnn_neat: Removed hidden node 10 (pool=10)
2026-08-18 19:31:58,878 [DEBUG] cnn_neat: Removed edge 19→9 (from 19 candidates)
2026-08-18 19:31:58,894 [DEBUG] cnn_neat: Removed 3 edges (requested 3)
2026-08-18 19:31:58,904 [DEBUG] cnn_neat: Crossover rejected: union topology invalid (edges=50 nodes=24)
2026-08-18 19:31:58,912 [DEBUG] cnn_neat: Split edge 0→21, new hidden node 22 (pool=2)
2026-08-18 19:31:58,923 [DEBUG] cnn_neat: Added edge 18→17 (from 48 candidates)
2026-08-18 19:31:58,933 [DEBUG] cnn_neat: Added edge 13→19 (from 40 candidates)
2026-08-18 19:31:58,941 [DEBUG] cnn_neat: Added edge 9→17 (from 30 candidates)
2026-08-18 19:31:58,951 [DEBUG] cnn_neat: Added edge 18→13 (from 29 candidates)
2026-08-18 19:31:58,961 [DEBUG] cnn_neat: Added edge 19→16 (from 26 candidates)
2026-08-18 19:31:58,971 [DEBUG] cnn_neat: Added edge 19→1 (from 25 candidates)
2026-08-18 19:31:58,979 [DEBUG] cnn_neat: Split edge 0→4, new hidden node 22 (pool=4)
2026-08-18 19:31:58,990 [DEBUG] cnn_neat: Added edge 16→4 (from 55 candidates)
2026-08-18 19:31:59,009 [DEBUG] cnn_neat: Removed hidden node 9 (pool=11)
2026-08-18 19:31:59,016 [DEBUG] cnn_neat: Removed edge 16→21 (from 19 candidates)
2026-08-18 19:31:59,038 [DEBUG] cnn_neat: Removed 3 edges (requested 3)
2026-08-18 19:31:59,049 [DEBUG] cnn_neat: Crossover rejected: union topology invalid (edges=39 nodes=21)
2026-08-18 19:31:59,058 [DEBUG] cnn_neat: Split edge 13→4, new hidden node 22 (pool=4)
2026-08-18 19:31:59,068 [DEBUG] cnn_neat: Added edge 21→4 (from 55 candidates)
2026-08-18 19:31:59,077 [DEBUG] cnn_neat: Added edge 8→4 (from 47 candidates)
2026-08-18 19:31:59,089 [DEBUG] cnn_neat: Added edge 8→17 (from 46 candidates)
2026-08-18 19:31:59,098 [DEBUG] cnn_neat: Added edge 8→21 (from 37 candidates)
2026-08-18 19:31:59,108 [DEBUG] cnn_neat: Added edge 19→16 (from 36 candidates)
2026-08-18 19:31:59,130 [DEBUG] cnn_neat: Added edge 0→21 (from 42 candidates)
2026-08-18 19:31:59,139 [DEBUG] cnn_neat: Added edge 0→19 (from 42 candidates)
2026-08-18 19:31:59,154 [DEBUG] cnn_neat: Removed hidden node 17 (pool=11)
2026-08-18 19:31:59,163 [DEBUG] cnn_neat: Removed edge 16→1 (from 20 candidates)
2026-08-18 19:31:59,180 [DEBUG] cnn_neat: Removed 3 edges (requested 3)
2026-08-18 19:31:59,195 [DEBUG] cnn_neat: Crossover rejected: union topology invalid (edges=44 nodes=22)
2026-08-18 19:31:59,219 [DEBUG] cnn_neat: Added edge 20→1 (from 42 candidates)
2026-08-18 19:31:59,230 [DEBUG] cnn_neat: Added edge 18→1 (from 42 candidates)
2026-08-18 19:31:59,239 [DEBUG] cnn_neat: Added edge 9→4 (from 41 candidates)
2026-08-18 19:31:59,249 [DEBUG] cnn_neat: Added edge 8→9 (from 40 candidates)
2026-08-18 19:31:59,259 [DEBUG] cnn_neat: Added edge 19→17 (from 39 candidates)
2026-08-18 19:31:59,269 [DEBUG] cnn_neat: Added edge 0→21 (from 37 candidates)
2026-08-18 19:31:59,292 [DEBUG] cnn_neat: Added edge 21→1 (from 56 candidates)
2026-08-18 19:31:59,305 [DEBUG] cnn_neat: Added edge 10→22 (from 56 candidates)
2026-08-18 19:31:59,320 [DEBUG] cnn_neat: Removed hidden node 22 (pool=12)
2026-08-18 19:31:59,338 [DEBUG] cnn_neat: Added edge 8→9 (from 44 candidates)
2026-08-18 19:31:59,349 [DEBUG] cnn_neat: Removed edge 22→21 (from 20 candidates)
2026-08-18 19:31:59,367 [DEBUG] cnn_neat: Removed 3 edges (requested 3)
2026-08-18 19:31:59,379 [DEBUG] cnn_neat: Crossover rejected: union topology invalid (edges=53 nodes=25)
2026-08-18 19:31:59,393 [DEBUG] cnn_neat: Added edge 18→16 (from 56 candidates)
2026-08-18 19:31:59,405 [DEBUG] cnn_neat: Added edge 19→13 (from 56 candidates)
2026-08-18 19:31:59,416 [DEBUG] cnn_neat: Added edge 22→8 (from 53 candidates)
2026-08-18 19:31:59,427 [DEBUG] cnn_neat: Added edge 10→1 (from 42 candidates)
2026-08-18 19:31:59,440 [DEBUG] cnn_neat: Added edge 20→17 (from 41 candidates)
2026-08-18 19:31:59,452 [DEBUG] cnn_neat: Added edge 10→4 (from 40 candidates)
2026-08-18 19:31:59,461 [DEBUG] cnn_neat: Split edge 0→4, new hidden node 22 (pool=5)
2026-08-18 19:31:59,471 [DEBUG] cnn_neat: Added edge 20→1 (from 48 candidates)
2026-08-18 19:31:59,492 [DEBUG] cnn_neat: Removed hidden node 19 (pool=11)
2026-08-18 19:31:59,500 [DEBUG] cnn_neat: Removed edge 16→1 (from 21 candidates)
2026-08-18 19:31:59,517 [DEBUG] cnn_neat: Removed 3 edges (requested 3)
2026-08-18 19:31:59,527 [DEBUG] cnn_neat: Crossover rejected: union topology invalid (edges=53 nodes=24)
2026-08-18 19:31:59,536 [DEBUG] cnn_neat: Split edge 13→21, new hidden node 22 (pool=5)
2026-08-18 19:31:59,546 [DEBUG] cnn_neat: Added edge 16→4 (from 48 candidates)
2026-08-18 19:31:59,556 [DEBUG] cnn_neat: Added edge 20→10 (from 46 candidates)
2026-08-18 19:31:59,565 [DEBUG] cnn_neat: Added edge 10→4 (from 45 candidates)
2026-08-18 19:31:59,574 [DEBUG] cnn_neat: Added edge 19→1 (from 42 candidates)
2026-08-18 19:31:59,584 [DEBUG] cnn_neat: Added edge 8→20 (from 41 candidates)
2026-08-18 19:31:59,604 [DEBUG] cnn_neat: Added edge 8→13 (from 56 candidates)
2026-08-18 19:31:59,615 [DEBUG] cnn_neat: Added edge 16→4 (from 56 candidates)
2026-08-18 19:31:59,627 [DEBUG] cnn_neat: Removed hidden node 13 (pool=12)
2026-08-18 19:31:59,637 [DEBUG] cnn_neat: Removed edge 0→22 (from 20 candidates)
2026-08-18 19:31:59,654 [DEBUG] cnn_neat: Removed 3 edges (requested 3)
2026-08-18 19:31:59,664 [DEBUG] cnn_neat: Crossover rejected: union topology invalid (edges=53 nodes=25)
2026-08-18 19:31:59,680 [DEBUG] cnn_neat: Added edge 13→8 (from 56 candidates)
2026-08-18 19:31:59,692 [DEBUG] cnn_neat: Added edge 19→17 (from 56 candidates)
2026-08-18 19:31:59,702 [DEBUG] cnn_neat: Added edge 16→22 (from 55 candidates)
2026-08-18 19:31:59,713 [DEBUG] cnn_neat: Added edge 10→4 (from 48 candidates)
2026-08-18 19:31:59,724 [DEBUG] cnn_neat: Added edge 13→18 (from 45 candidates)
2026-08-18 19:31:59,734 [DEBUG] cnn_neat: Added edge 9→4 (from 42 candidates)
2026-08-18 19:31:59,753 [DEBUG] cnn_neat: Added edge 8→9 (from 41 candidates)
2026-08-18 19:31:59,764 [DEBUG] cnn_neat: Added edge 19→21 (from 41 candidates)
2026-08-18 19:31:59,780 [DEBUG] cnn_neat: Removed hidden node 21 (pool=11)
2026-08-18 19:31:59,789 [DEBUG] cnn_neat: Removed edge 18→20 (from 22 candidates)
2026-08-18 19:31:59,806 [DEBUG] cnn_neat: Removed 3 edges (requested 3)
2026-08-18 19:31:59,822 [DEBUG] cnn_neat: Crossover rejected: union topology invalid (edges=51 nodes=24)
2026-08-18 19:31:59,834 [DEBUG] cnn_neat: Added edge 0→21 (from 41 candidates)
2026-08-18 19:31:59,845 [DEBUG] cnn_neat: Added edge 8→13 (from 41 candidates)
2026-08-18 19:31:59,854 [DEBUG] cnn_neat: Added edge 0→21 (from 39 candidates)
2026-08-18 19:31:59,864 [DEBUG] cnn_neat: Added edge 16→4 (from 44 candidates)
2026-08-18 19:31:59,873 [DEBUG] cnn_neat: Added edge 18→16 (from 42 candidates)
2026-08-18 19:31:59,882 [DEBUG] cnn_neat: Added edge 20→10 (from 41 candidates)
2026-08-18 19:31:59,890 [DEBUG] cnn_neat: Split edge 0→13, new hidden node 22 (pool=8)
2026-08-18 19:31:59,901 [DEBUG] cnn_neat: Added edge 0→18 (from 34 candidates)
2026-08-18 19:31:59,915 [DEBUG] cnn_neat: Removed hidden node 8 (pool=9)
2026-08-18 19:32:00,269 [DEBUG] cnn_neat: Added edge 20→17 (from 46 candidates)
2026-08-18 19:32:00,449 [DEBUG] cnn_neat: Removed hidden node 9 (pool=11)
2026-08-18 19:32:00,476 [DEBUG] cnn_neat: Added edge 21→10 (from 44 candidates)
2026-08-18 19:32:00,500 [DEBUG] cnn_neat: Removed hidden node 4 (pool=11)
2026-08-18 19:32:00,510 [DEBUG] cnn_neat: Removed edge 0→13 (from 19 candidates)
2026-08-18 19:32:00,534 [DEBUG] cnn_neat: Removed 3 edges (requested 3)
2026-08-18 19:32:00,557 [DEBUG] cnn_neat: Split edge 13→9, new hidden node 22 (pool=17)
2026-08-18 19:32:00,571 [DEBUG] cnn_neat: Split edge 16→21, new hidden node 22 (pool=16)
2026-08-18 19:32:00,591 [DEBUG] cnn_neat: Split edge 0→4, new hidden node 22 (pool=4)
2026-08-18 19:32:00,607 [DEBUG] cnn_neat: Added edge 10→1 (from 49 candidates)
2026-08-18 19:32:00,643 [DEBUG] cnn_neat: Removed hidden node 4 (pool=11)
2026-08-18 19:32:00,661 [DEBUG] cnn_neat: Removed edge 16→21 (from 20 candidates)
2026-08-18 19:32:01,799 [DEBUG] cnn_neat: Removed 3 edges (requested 3)
2026-08-18 19:32:02,074 [DEBUG] cnn_neat: Added edge 20→17 (from 42 candidates)
2026-08-18 19:32:02,175 [DEBUG] cnn_neat: Removed hidden node 4 (pool=11)
2026-08-18 19:32:02,208 [DEBUG] cnn_neat: Removed edge 18→10 (from 21 candidates)
2026-08-18 19:32:02,251 [DEBUG] cnn_neat: Removed 3 edges (requested 3)
2026-08-18 19:32:02,279 [DEBUG] cnn_neat: Split edge 0→13, new hidden node 22 (pool=1)
2026-08-18 19:32:02,315 [DEBUG] cnn_neat: Split edge 13→21, new hidden node 22 (pool=2)
2026-08-18 19:32:02,338 [DEBUG] cnn_neat: Added edge 19→21 (from 40 candidates)
2026-08-18 19:32:02,370 [DEBUG] cnn_neat: Removed hidden node 13 (pool=10)
2026-08-18 19:32:02,384 [DEBUG] cnn_neat: Removed edge 9→1 (from 19 candidates)
2026-08-18 19:32:02,414 [DEBUG] cnn_neat: Removed 3 edges (requested 3)
2026-08-18 19:32:02,441 [DEBUG] cnn_neat: Split edge 13→21, new hidden node 22 (pool=2)
2026-08-18 19:32:02,470 [DEBUG] cnn_neat: Split edge 0→4, new hidden node 22 (pool=4)
2026-08-18 19:32:02,489 [DEBUG] cnn_neat: Added edge 19→10 (from 55 candidates)
2026-08-18 19:32:02,514 [DEBUG] cnn_neat: Removed hidden node 19 (pool=11)
2026-08-18 19:32:02,532 [DEBUG] cnn_neat: Removed edge 0→21 (from 19 candidates)
2026-08-18 19:32:02,556 [DEBUG] cnn_neat: Removed 3 edges (requested 3)
2026-08-18 19:32:02,574 [DEBUG] cnn_neat: Split edge 0→21, new hidden node 22 (pool=4)
2026-08-18 19:32:02,588 [DEBUG] cnn_neat: Split edge 0→8, new hidden node 22 (pool=17)
2026-08-18 19:32:02,631 [DEBUG] cnn_neat: Added edge 17→21 (from 42 candidates)
2026-08-18 19:32:02,658 [DEBUG] cnn_neat: Removed hidden node 4 (pool=11)
2026-08-18 19:32:02,668 [DEBUG] cnn_neat: Removed edge 9→21 (from 20 candidates)
2026-08-18 19:32:02,701 [DEBUG] cnn_neat: Removed 3 edges (requested 3)
2026-08-18 19:32:02,744 [DEBUG] cnn_neat: Added edge 4→21 (from 40 candidates)
2026-08-18 19:32:02,764 [DEBUG] cnn_neat: Added edge 10→21 (from 32 candidates)
2026-08-18 19:32:02,943 [DEBUG] cnn_neat: Added edge 18→13 (from 56 candidates)
2026-08-18 19:32:02,987 [DEBUG] cnn_neat: Removed hidden node 13 (pool=12)
2026-08-18 19:32:03,013 [DEBUG] cnn_neat: Removed edge 9→16 (from 20 candidates)
2026-08-18 19:32:03,052 [DEBUG] cnn_neat: Removed 3 edges (requested 3)
2026-08-18 19:32:03,103 [DEBUG] cnn_neat: Split edge 9→16, new hidden node 23 (pool=15)
2026-08-18 19:32:03,143 [DEBUG] cnn_neat: Split edge 0→13, new hidden node 23 (pool=1)
2026-08-18 19:32:03,199 [DEBUG] cnn_neat: Split edge 8→4, new hidden node 22 (pool=5)
2026-08-18 19:32:03,234 [DEBUG] cnn_neat: Added edge 8→20 (from 48 candidates)
2026-08-18 19:32:03,952 [DEBUG] cnn_neat: Removed hidden node 20 (pool=11)
2026-08-18 19:32:03,983 [DEBUG] cnn_neat: Added edge 8→4 (from 56 candidates)
2026-08-18 19:32:04,078 [DEBUG] cnn_neat: Removed hidden node 19 (pool=12)
2026-08-18 19:32:04,093 [DEBUG] cnn_neat: Removed edge 9→16 (from 20 candidates)
2026-08-18 19:32:04,129 [DEBUG] cnn_neat: Removed 3 edges (requested 3)
2026-08-18 19:32:04,145 [DEBUG] cnn_neat: Split edge 9→1, new hidden node 23 (pool=13)
2026-08-18 19:32:04,172 [DEBUG] cnn_neat: Split edge 20→4, new hidden node 23 (pool=13)
2026-08-18 19:32:04,190 [DEBUG] cnn_neat: Added edge 4→10 (from 49 candidates)
2026-08-18 19:32:04,239 [DEBUG] cnn_neat: Added edge 18→13 (from 41 candidates)
2026-08-18 19:32:04,278 [DEBUG] cnn_neat: Removed hidden node 17 (pool=11)
2026-08-18 19:32:04,297 [DEBUG] cnn_neat: Removed edge 9→16 (from 22 candidates)
2026-08-18 19:32:04,326 [DEBUG] cnn_neat: Removed 3 edges (requested 3)
2026-08-18 19:32:05,030 [DEBUG] cnn_neat: Split edge 16→1, new hidden node 22 (pool=12)
2026-08-18 19:32:05,117 [DEBUG] cnn_neat: Added edge 9→21 (from 48 candidates)
2026-08-18 19:32:05,148 [DEBUG] cnn_neat: Removed hidden node 16 (pool=11)
2026-08-18 19:32:05,168 [DEBUG] cnn_neat: Removed edge 9→1 (from 16 candidates)
2026-08-18 19:32:05,230 [DEBUG] cnn_neat: Removed 3 edges (requested 3)
2026-08-18 19:32:05,244 [DEBUG] cnn_neat: Split edge 0→4, new hidden node 22 (pool=10)
2026-08-18 19:32:05,260 [DEBUG] cnn_neat: Split edge 13→4, new hidden node 22 (pool=3)
2026-08-18 19:32:05,302 [DEBUG] cnn_neat: Added edge 0→10 (from 43 candidates)
2026-08-18 19:32:05,367 [DEBUG] cnn_neat: Added edge 18→16 (from 39 candidates)
2026-08-18 19:32:06,053 [DEBUG] cnn_neat: Removed hidden node 19 (pool=10)
2026-08-18 19:32:06,084 [DEBUG] cnn_neat: Added edge 0→10 (from 47 candidates)
2026-08-18 19:32:06,188 [DEBUG] cnn_neat: Removed hidden node 8 (pool=11)
2026-08-18 19:32:06,205 [DEBUG] cnn_neat: Removed edge 21→20 (from 17 candidates)
2026-08-18 19:32:06,251 [DEBUG] cnn_neat: Removed 3 edges (requested 3)
2026-08-18 19:32:06,276 [DEBUG] cnn_neat: Split edge 9→20, new hidden node 22 (pool=10)
2026-08-18 19:32:06,307 [DEBUG] cnn_neat: Split edge 9→10, new hidden node 22 (pool=12)
2026-08-18 19:32:06,323 [DEBUG] cnn_neat: Added edge 18→20 (from 45 candidates)
2026-08-18 19:32:06,340 [DEBUG] cnn_neat: Split edge 9→16, new hidden node 22 (pool=8)
2026-08-18 19:32:06,365 [DEBUG] cnn_neat: Added edge 21→8 (from 34 candidates)
2026-08-18 19:32:06,407 [DEBUG] cnn_neat: Removed hidden node 17 (pool=9)
2026-08-18 19:32:06,431 [DEBUG] cnn_neat: Removed edge 16→17 (from 13 candidates)
2026-08-18 19:32:06,476 [DEBUG] cnn_neat: Removed 3 edges (requested 3)
2026-08-18 19:32:06,499 [DEBUG] cnn_neat: Split edge 0→13, new hidden node 23 (pool=1)
2026-08-18 19:32:07,224 [DEBUG] cnn_neat: Split edge 0→13, new hidden node 22 (pool=1)
2026-08-18 19:32:07,247 [DEBUG] cnn_neat: Split edge 13→9, new hidden node 21 (pool=7)
2026-08-18 19:32:07,267 [DEBUG] cnn_neat: Added edge 13→8 (from 28 candidates)
2026-08-18 19:32:07,305 [DEBUG] cnn_neat: Removed hidden node 19 (pool=9)
2026-08-18 19:32:07,327 [DEBUG] cnn_neat: Removed edge 9→16 (from 11 candidates)
2026-08-18 19:32:07,359 [DEBUG] cnn_neat: Removed 3 edges (requested 3)
2026-08-18 19:32:07,375 [DEBUG] cnn_neat: Split edge 13→16, new hidden node 22 (pool=1)
2026-08-18 19:32:07,383 [DEBUG] cnn_neat: Split edge 16→1, new hidden node 21 (pool=7)
2026-08-18 19:32:07,398 [DEBUG] cnn_neat: Split edge 9→16, new hidden node 21 (pool=9)
2026-08-18 19:32:07,410 [DEBUG] cnn_neat: Added edge 20→17 (from 29 candidates)
2026-08-18 19:32:07,451 [DEBUG] cnn_neat: Removed hidden node 19 (pool=9)
2026-08-18 19:32:07,469 [DEBUG] cnn_neat: Removed edge 13→20 (from 13 candidates)
2026-08-18 19:32:07,489 [DEBUG] cnn_neat: Removed 3 edges (requested 3)
2026-08-18 19:32:07,497 [DEBUG] cnn_neat: Split edge 9→20, new hidden node 22 (pool=7)
2026-08-18 19:32:07,521 [DEBUG] cnn_neat: Split edge 0→13, new hidden node 22 (pool=1)
2026-08-18 19:32:07,540 [DEBUG] cnn_neat: Added edge 19→4 (from 41 candidates)
2026-08-18 19:32:07,548 [DEBUG] cnn_neat: Removed hidden node 16 (pool=11)
2026-08-18 19:32:07,555 [DEBUG] cnn_neat: Removed edge 17→10 (from 18 candidates)
2026-08-18 19:32:07,564 [DEBUG] cnn_neat: Removed 3 edges (requested 3)
2026-08-18 19:32:07,570 [DEBUG] cnn_neat: Split edge 0→13, new hidden node 22 (pool=1)
2026-08-18 19:32:07,590 [DEBUG] cnn_neat: Split edge 0→13, new hidden node 22 (pool=1)
2026-08-18 19:32:07,609 [DEBUG] cnn_neat: Split edge 9→1, new hidden node 22 (pool=5)
2026-08-18 19:32:07,727 [DEBUG] cnn_neat: Split edge 0→13, new hidden node 22 (pool=1)
2026-08-18 19:32:07,802 [DEBUG] cnn_neat: Added edge 4→18 (from 46 candidates)
2026-08-18 19:32:08,510 [DEBUG] cnn_neat: Removed hidden node 4 (pool=11)
2026-08-18 19:32:08,617 [DEBUG] cnn_neat: Added edge 0→21 (from 42 candidates)
2026-08-18 19:32:08,645 [DEBUG] cnn_neat: Removed hidden node 17 (pool=11)
2026-08-18 19:32:08,660 [DEBUG] cnn_neat: Removed edge 9→1 (from 18 candidates)
2026-08-18 19:32:08,706 [DEBUG] cnn_neat: Removed 3 edges (requested 3)
2026-08-18 19:32:08,724 [DEBUG] cnn_neat: Split edge 21→4, new hidden node 22 (pool=6)
2026-08-18 19:32:08,738 [DEBUG] cnn_neat: Split edge 9→10, new hidden node 22 (pool=10)
2026-08-18 19:32:08,781 [DEBUG] cnn_neat: Added edge 19→13 (from 41 candidates)
2026-08-18 19:32:08,812 [DEBUG] cnn_neat: Removed hidden node 8 (pool=11)
2026-08-18 19:32:08,839 [DEBUG] cnn_neat: Removed edge 19→21 (from 19 candidates)
2026-08-18 19:32:08,875 [DEBUG] cnn_neat: Removed 3 edges (requested 3)
2026-08-18 19:32:08,907 [DEBUG] cnn_neat: Split edge 9→21, new hidden node 22 (pool=9)
2026-08-18 19:32:08,932 [DEBUG] cnn_neat: Saved generation 23
2026-08-18 19:32:09,079 [DEBUG] cnn_neat: Added edge 19→20 (from 38 candidates)
2026-08-18 19:32:09,198 [DEBUG] cnn_neat: Selected 25 elite individuals
2026-08-18 19:32:09,214 [DEBUG] cnn_neat: Added edge 21→1 (from 42 candidates)
2026-08-18 19:32:09,260 [DEBUG] cnn_neat: Split edge 0→4, new hidden node 21 (pool=3)
2026-08-18 19:32:09,334 [DEBUG] cnn_neat: Added edge 13→10 (from 45 candidates)
2026-08-18 19:32:09,569 [DEBUG] cnn_neat: Removed hidden node 8 (pool=10)
2026-08-18 19:32:09,637 [DEBUG] cnn_neat: Removed edge 19→9 (from 15 candidates)
2026-08-18 19:32:09,639 [DEBUG] cnn_neat: Trimmed elite queue to 128 entries
2026-08-18 19:32:10,967 [DEBUG] cnn_neat: Split edge 0→13, new hidden node 22 (pool=1)
2026-08-18 19:32:10,986 [DEBUG] cnn_neat: Added edge 16→21 (from 52 candidates)
2026-08-18 19:32:11,044 [DEBUG] cnn_neat: Removed hidden node 21 (pool=11)
2026-08-18 19:32:11,045 [DEBUG] cnn_neat: Split edge 0→21, new hidden node 22 (pool=11)
2026-08-18 19:32:11,063 [DEBUG] cnn_neat: Added edge 8→9 (from 32 candidates)
2026-08-18 19:32:11,067 [DEBUG] cnn_neat: Removed edge 0→21 (from 16 candidates)
2026-08-18 19:32:11,099 [DEBUG] cnn_neat: Removed hidden node 8 (pool=9)
2026-08-18 19:32:11,117 [DEBUG] cnn_neat: Removed 3 edges (requested 3)
2026-08-18 19:32:11,126 [DEBUG] cnn_neat: Removed edge 16→17 (from 16 candidates)
2026-08-18 19:32:11,141 [DEBUG] cnn_neat: Split edge 0→13, new hidden node 22 (pool=1)
2026-08-18 19:32:11,152 [DEBUG] cnn_neat: Removed 3 edges (requested 3)
2026-08-18 19:32:11,159 [DEBUG] cnn_neat: Split edge 21→4, new hidden node 22 (pool=1)
2026-08-18 19:32:11,172 [DEBUG] cnn_neat: Split edge 21→4, new hidden node 22 (pool=1)
2026-08-18 19:32:11,175 [DEBUG] cnn_neat: Crossover rejected: union topology invalid (edges=47 nodes=23)
2026-08-18 19:32:11,184 [DEBUG] cnn_neat: Split edge 9→16, new hidden node 22 (pool=11)
2026-08-18 19:32:11,196 [DEBUG] cnn_neat: Added edge 13→17 (from 32 candidates)
2026-08-18 19:32:11,206 [DEBUG] cnn_neat: Added edge 0→19 (from 26 candidates)
2026-08-18 19:32:11,219 [DEBUG] cnn_neat: Added edge 8→9 (from 24 candidates)
2026-08-18 19:32:11,230 [DEBUG] cnn_neat: Added edge 18→21 (from 23 candidates)
2026-08-18 19:32:11,239 [DEBUG] cnn_neat: Added edge 13→8 (from 22 candidates)
2026-08-18 19:32:11,248 [DEBUG] cnn_neat: Split edge 13→4, new hidden node 21 (pool=2)
2026-08-18 19:32:11,260 [DEBUG] cnn_neat: Added edge 8→19 (from 43 candidates)
2026-08-18 19:32:11,276 [DEBUG] cnn_neat: Removed hidden node 17 (pool=10)
2026-08-18 19:32:11,284 [DEBUG] cnn_neat: Removed edge 16→17 (from 17 candidates)
2026-08-18 19:32:11,306 [DEBUG] cnn_neat: Removed 3 edges (requested 3)
2026-08-18 19:32:11,316 [DEBUG] cnn_neat: Crossover rejected: union topology invalid (edges=43 nodes=22)
2026-08-18 19:32:11,324 [DEBUG] cnn_neat: Split edge 13→4, new hidden node 21 (pool=2)
2026-08-18 19:32:11,334 [DEBUG] cnn_neat: Added edge 21→17 (from 52 candidates)
2026-08-18 19:32:11,345 [DEBUG] cnn_neat: Added edge 8→10 (from 43 candidates)
2026-08-18 19:32:11,356 [DEBUG] cnn_neat: Added edge 19→1 (from 35 candidates)
2026-08-18 19:32:11,366 [DEBUG] cnn_neat: Added edge 10→1 (from 33 candidates)
2026-08-18 19:32:11,378 [DEBUG] cnn_neat: Added edge 13→8 (from 31 candidates)
2026-08-18 19:32:11,392 [DEBUG] cnn_neat: Added edge 19→17 (from 27 candidates)
2026-08-18 19:32:11,402 [DEBUG] cnn_neat: Split edge 13→4, new hidden node 21 (pool=2)
2026-08-18 19:32:11,413 [DEBUG] cnn_neat: Added edge 18→9 (from 42 candidates)
2026-08-18 19:32:11,426 [DEBUG] cnn_neat: Removed hidden node 18 (pool=10)
2026-08-18 19:32:11,435 [DEBUG] cnn_neat: Removed edge 20→4 (from 18 candidates)
2026-08-18 19:32:11,450 [DEBUG] cnn_neat: Removed 3 edges (requested 3)
2026-08-18 19:32:11,462 [DEBUG] cnn_neat: Crossover rejected: union topology invalid (edges=49 nodes=24)
2026-08-18 19:32:11,471 [DEBUG] cnn_neat: Split edge 0→4, new hidden node 21 (pool=2)
2026-08-18 19:32:11,480 [DEBUG] cnn_neat: Added edge 19→17 (from 42 candidates)
2026-08-18 19:32:11,490 [DEBUG] cnn_neat: Added edge 13→20 (from 41 candidates)
2026-08-18 19:32:11,500 [DEBUG] cnn_neat: Added edge 13→8 (from 31 candidates)
2026-08-18 19:32:11,513 [DEBUG] cnn_neat: Added edge 0→20 (from 27 candidates)
2026-08-18 19:32:11,524 [DEBUG] cnn_neat: Added edge 8→20 (from 32 candidates)
2026-08-18 19:32:11,532 [DEBUG] cnn_neat: Split edge 0→4, new hidden node 22 (pool=13)
2026-08-18 19:32:11,543 [DEBUG] cnn_neat: Added edge 18→16 (from 39 candidates)
2026-08-18 19:32:11,558 [DEBUG] cnn_neat: Removed hidden node 21 (pool=10)
2026-08-18 19:32:11,568 [DEBUG] cnn_neat: Removed edge 20→4 (from 17 candidates)
2026-08-18 19:32:11,585 [DEBUG] cnn_neat: Removed 3 edges (requested 3)
2026-08-18 19:32:11,596 [DEBUG] cnn_neat: Crossover rejected: union topology invalid (edges=45 nodes=23)
2026-08-18 19:32:11,604 [DEBUG] cnn_neat: Split edge 13→9, new hidden node 22 (pool=13)
2026-08-18 19:32:11,614 [DEBUG] cnn_neat: Added edge 20→1 (from 39 candidates)
2026-08-18 19:32:11,624 [DEBUG] cnn_neat: Added edge 13→18 (from 38 candidates)
2026-08-18 19:32:11,633 [DEBUG] cnn_neat: Added edge 13→20 (from 35 candidates)
2026-08-18 19:32:11,644 [DEBUG] cnn_neat: Added edge 13→8 (from 28 candidates)
2026-08-18 19:32:11,654 [DEBUG] cnn_neat: Added edge 17→4 (from 26 candidates)
2026-08-18 19:32:11,672 [DEBUG] cnn_neat: Added edge 0→21 (from 48 candidates)
2026-08-18 19:32:11,682 [DEBUG] cnn_neat: Added edge 8→22 (from 48 candidates)
2026-08-18 19:32:11,696 [DEBUG] cnn_neat: Removed hidden node 9 (pool=11)
2026-08-18 19:32:11,703 [DEBUG] cnn_neat: Removed edge 17→1 (from 20 candidates)
2026-08-18 19:32:11,722 [DEBUG] cnn_neat: Removed 3 edges (requested 3)
2026-08-18 19:32:11,733 [DEBUG] cnn_neat: Crossover rejected: union topology invalid (edges=50 nodes=24)
2026-08-18 19:32:11,748 [DEBUG] cnn_neat: Added edge 22→16 (from 48 candidates)
2026-08-18 19:32:11,758 [DEBUG] cnn_neat: Added edge 13→22 (from 48 candidates)
2026-08-18 19:32:11,768 [DEBUG] cnn_neat: Added edge 18→22 (from 46 candidates)
2026-08-18 19:32:11,778 [DEBUG] cnn_neat: Added edge 19→22 (from 43 candidates)
2026-08-18 19:32:11,787 [DEBUG] cnn_neat: Added edge 13→18 (from 42 candidates)
2026-08-18 19:32:11,796 [DEBUG] cnn_neat: Added edge 19→1 (from 39 candidates)
2026-08-18 19:32:11,805 [DEBUG] cnn_neat: Split edge 13→21, new hidden node 22 (pool=4)
2026-08-18 19:32:11,815 [DEBUG] cnn_neat: Added edge 19→10 (from 57 candidates)
2026-08-18 19:32:11,830 [DEBUG] cnn_neat: Removed hidden node 17 (pool=11)
2026-08-18 19:32:11,838 [DEBUG] cnn_neat: Removed edge 9→1 (from 18 candidates)
2026-08-18 19:32:11,855 [DEBUG] cnn_neat: Removed 3 edges (requested 3)
2026-08-18 19:32:11,866 [DEBUG] cnn_neat: Crossover rejected: union topology invalid (edges=46 nodes=24)
2026-08-18 19:32:11,875 [DEBUG] cnn_neat: Split edge 13→21, new hidden node 22 (pool=4)
2026-08-18 19:32:11,885 [DEBUG] cnn_neat: Added edge 4→18 (from 63 candidates)
2026-08-18 19:32:11,897 [DEBUG] cnn_neat: Added edge 21→10 (from 57 candidates)
2026-08-18 19:32:11,906 [DEBUG] cnn_neat: Added edge 16→4 (from 45 candidates)
2026-08-18 19:32:11,914 [DEBUG] cnn_neat: Added edge 19→13 (from 40 candidates)
2026-08-18 19:32:11,925 [DEBUG] cnn_neat: Added edge 19→21 (from 37 candidates)
2026-08-18 19:32:11,934 [DEBUG] cnn_neat: Added edge 8→21 (from 36 candidates)
2026-08-18 19:32:11,953 [DEBUG] cnn_neat: Added edge 8→16 (from 65 candidates)
2026-08-18 19:32:11,965 [DEBUG] cnn_neat: Added edge 13→18 (from 65 candidates)
2026-08-18 19:32:11,992 [DEBUG] cnn_neat: Removed hidden node 4 (pool=12)
2026-08-18 19:32:11,999 [DEBUG] cnn_neat: Removed edge 20→16 (from 17 candidates)
2026-08-18 19:32:12,016 [DEBUG] cnn_neat: Removed 3 edges (requested 3)
2026-08-18 19:32:12,029 [DEBUG] cnn_neat: Crossover rejected: union topology invalid (edges=46 nodes=24)
2026-08-18 19:32:12,045 [DEBUG] cnn_neat: Added edge 10→20 (from 65 candidates)
2026-08-18 19:32:12,058 [DEBUG] cnn_neat: Added edge 20→17 (from 65 candidates)
2026-08-18 19:32:12,068 [DEBUG] cnn_neat: Added edge 8→9 (from 64 candidates)
2026-08-18 19:32:12,079 [DEBUG] cnn_neat: Added edge 22→4 (from 63 candidates)
2026-08-18 19:32:12,090 [DEBUG] cnn_neat: Added edge 22→8 (from 61 candidates)
2026-08-18 19:32:12,121 [DEBUG] cnn_neat: Added edge 10→16 (from 52 candidates)
2026-08-18 19:32:12,139 [DEBUG] cnn_neat: Added edge 18→9 (from 48 candidates)
2026-08-18 19:32:12,150 [DEBUG] cnn_neat: Added edge 21→17 (from 48 candidates)
2026-08-18 19:32:12,165 [DEBUG] cnn_neat: Removed hidden node 20 (pool=11)
2026-08-18 19:32:12,173 [DEBUG] cnn_neat: Removed edge 9→16 (from 18 candidates)
2026-08-18 19:32:12,190 [DEBUG] cnn_neat: Removed 3 edges (requested 3)
2026-08-18 19:32:12,201 [DEBUG] cnn_neat: Crossover rejected: union topology invalid (edges=48 nodes=24)
2026-08-18 19:32:12,215 [DEBUG] cnn_neat: Added edge 10→1 (from 48 candidates)
2026-08-18 19:32:12,226 [DEBUG] cnn_neat: Added edge 21→1 (from 48 candidates)
2026-08-18 19:32:12,236 [DEBUG] cnn_neat: Added edge 21→10 (from 46 candidates)
2026-08-18 19:32:12,248 [DEBUG] cnn_neat: Added edge 0→19 (from 42 candidates)
2026-08-18 19:32:12,260 [DEBUG] cnn_neat: Added edge 10→4 (from 37 candidates)
2026-08-18 19:32:12,272 [DEBUG] cnn_neat: Added edge 8→19 (from 34 candidates)
2026-08-18 19:32:12,281 [DEBUG] cnn_neat: Split edge 0→4, new hidden node 22 (pool=5)
2026-08-18 19:32:12,290 [DEBUG] cnn_neat: Added edge 19→4 (from 50 candidates)
2026-08-18 19:32:12,327 [DEBUG] cnn_neat: Removed hidden node 20 (pool=11)
2026-08-18 19:32:12,334 [DEBUG] cnn_neat: Removed edge 19→9 (from 18 candidates)
2026-08-18 19:32:12,351 [DEBUG] cnn_neat: Removed 3 edges (requested 3)
2026-08-18 19:32:12,364 [DEBUG] cnn_neat: Crossover rejected: union topology invalid (edges=51 nodes=24)
2026-08-18 19:32:12,372 [DEBUG] cnn_neat: Split edge 13→21, new hidden node 22 (pool=5)
2026-08-18 19:32:12,381 [DEBUG] cnn_neat: Added edge 18→4 (from 50 candidates)
2026-08-18 19:32:12,390 [DEBUG] cnn_neat: Added edge 18→10 (from 49 candidates)
2026-08-18 19:32:12,399 [DEBUG] cnn_neat: Added edge 19→1 (from 48 candidates)
2026-08-18 19:32:12,409 [DEBUG] cnn_neat: Added edge 18→1 (from 47 candidates)
2026-08-18 19:32:12,418 [DEBUG] cnn_neat: Added edge 21→10 (from 46 candidates)
2026-08-18 19:32:12,438 [DEBUG] cnn_neat: Added edge 13→18 (from 43 candidates)
2026-08-18 19:32:12,448 [DEBUG] cnn_neat: Added edge 19→10 (from 43 candidates)
2026-08-18 19:32:12,460 [DEBUG] cnn_neat: Removed hidden node 18 (pool=11)
2026-08-18 19:32:12,469 [DEBUG] cnn_neat: Removed edge 17→1 (from 20 candidates)
2026-08-18 19:32:12,684 [DEBUG] cnn_neat: Added edge 18→21 (from 46 candidates)
2026-08-18 19:32:12,807 [DEBUG] cnn_neat: Removed hidden node 18 (pool=11)
2026-08-18 19:32:12,882 [DEBUG] cnn_neat: Removed edge 13→21 (from 18 candidates)
2026-08-18 19:32:12,941 [DEBUG] cnn_neat: Removed 3 edges (requested 3)
2026-08-18 19:32:12,975 [DEBUG] cnn_neat: Split edge 13→21, new hidden node 22 (pool=11)
2026-08-18 19:32:13,109 [DEBUG] cnn_neat: Added edge 4→16 (from 44 candidates)
2026-08-18 19:32:13,142 [DEBUG] cnn_neat: Removed hidden node 16 (pool=11)
2026-08-18 19:32:13,159 [DEBUG] cnn_neat: Removed edge 18→20 (from 19 candidates)
2026-08-18 19:32:13,227 [DEBUG] cnn_neat: Removed 3 edges (requested 3)
2026-08-18 19:32:13,256 [DEBUG] cnn_neat: Split edge 13→21, new hidden node 22 (pool=15)
2026-08-18 19:32:13,275 [DEBUG] cnn_neat: Added edge 21→17 (from 39 candidates)
2026-08-18 19:32:13,296 [DEBUG] cnn_neat: Added edge 19→20 (from 48 candidates)
2026-08-18 19:32:14,223 [DEBUG] cnn_neat: Split edge 9→10, new hidden node 23 (pool=12)
2026-08-18 19:32:14,426 [DEBUG] cnn_neat: Split edge 13→21, new hidden node 22 (pool=4)
2026-08-18 19:32:14,448 [DEBUG] cnn_neat: Added edge 18→4 (from 49 candidates)
2026-08-18 19:32:14,505 [DEBUG] cnn_neat: Removed hidden node 20 (pool=11)
2026-08-18 19:32:14,593 [DEBUG] cnn_neat: Removed edge 16→21 (from 20 candidates)
2026-08-18 19:32:14,646 [DEBUG] cnn_neat: Removed 3 edges (requested 3)
2026-08-18 19:32:14,699 [DEBUG] cnn_neat: Split edge 0→4, new hidden node 22 (pool=4)
2026-08-18 19:32:14,730 [DEBUG] cnn_neat: Split edge 0→13, new hidden node 22 (pool=13)
2026-08-18 19:32:14,811 [DEBUG] cnn_neat: Added edge 8→9 (from 42 candidates)
2026-08-18 19:32:14,838 [DEBUG] cnn_neat: Removed hidden node 17 (pool=11)
2026-08-18 19:32:14,856 [DEBUG] cnn_neat: Removed edge 19→9 (from 21 candidates)
2026-08-18 19:32:14,893 [DEBUG] cnn_neat: Removed 3 edges (requested 3)
2026-08-18 19:32:14,945 [DEBUG] cnn_neat: Added edge 9→17 (from 41 candidates)
2026-08-18 19:32:14,962 [DEBUG] cnn_neat: Added edge 19→17 (from 51 candidates)
2026-08-18 19:32:14,986 [DEBUG] cnn_neat: Added edge 21→4 (from 46 candidates)
2026-08-18 19:32:15,021 [DEBUG] cnn_neat: Split edge 0→21, new hidden node 22 (pool=2)
2026-08-18 19:32:15,044 [DEBUG] cnn_neat: Added edge 9→17 (from 40 candidates)
2026-08-18 19:32:15,072 [DEBUG] cnn_neat: Removed hidden node 9 (pool=10)
2026-08-18 19:32:15,089 [DEBUG] cnn_neat: Removed edge 13→21 (from 19 candidates)
2026-08-18 19:32:15,118 [DEBUG] cnn_neat: Removed 3 edges (requested 3)
2026-08-18 19:32:15,143 [DEBUG] cnn_neat: Split edge 13→21, new hidden node 22 (pool=2)
2026-08-18 19:32:15,158 [DEBUG] cnn_neat: Split edge 13→21, new hidden node 22 (pool=4)
2026-08-18 19:32:15,216 [DEBUG] cnn_neat: Split edge 13→4, new hidden node 22 (pool=4)
2026-08-18 19:32:15,230 [DEBUG] cnn_neat: Added edge 4→18 (from 55 candidates)
2026-08-18 19:32:15,278 [DEBUG] cnn_neat: Removed hidden node 21 (pool=11)
2026-08-18 19:32:15,302 [DEBUG] cnn_neat: Removed edge 16→21 (from 19 candidates)
2026-08-18 19:32:15,341 [DEBUG] cnn_neat: Removed 3 edges (requested 3)
2026-08-18 19:32:15,369 [DEBUG] cnn_neat: Split edge 8→18, new hidden node 22 (pool=7)
2026-08-18 19:32:15,409 [DEBUG] cnn_neat: Split edge 0→4, new hidden node 21 (pool=2)
2026-08-18 19:32:15,424 [DEBUG] cnn_neat: Split edge 0→21, new hidden node 22 (pool=3)
2026-08-18 19:32:15,477 [DEBUG] cnn_neat: Added edge 8→4 (from 42 candidates)
2026-08-18 19:32:15,509 [DEBUG] cnn_neat: Removed hidden node 8 (pool=11)
2026-08-18 19:32:15,524 [DEBUG] cnn_neat: Removed edge 17→10 (from 20 candidates)
2026-08-18 19:32:15,552 [DEBUG] cnn_neat: Removed 3 edges (requested 3)
2026-08-18 19:32:15,568 [DEBUG] cnn_neat: Split edge 16→1, new hidden node 22 (pool=9)
2026-08-18 19:32:15,604 [DEBUG] cnn_neat: Added edge 18→9 (from 41 candidates)
2026-08-18 19:32:15,664 [DEBUG] cnn_neat: Added edge 18→13 (from 56 candidates)
2026-08-18 19:32:15,700 [DEBUG] cnn_neat: Removed hidden node 10 (pool=12)
2026-08-18 19:32:15,714 [DEBUG] cnn_neat: Removed edge 9→16 (from 20 candidates)
2026-08-18 19:32:15,758 [DEBUG] cnn_neat: Removed 3 edges (requested 3)
2026-08-18 19:32:15,779 [DEBUG] cnn_neat: Split edge 9→21, new hidden node 23 (pool=9)
2026-08-18 19:32:15,801 [DEBUG] cnn_neat: Added edge 16→22 (from 48 candidates)
2026-08-18 19:32:15,829 [DEBUG] cnn_neat: Added edge 18→1 (from 60 candidates)
2026-08-18 19:32:15,851 [DEBUG] cnn_neat: Split edge 0→13, new hidden node 24 (pool=1)
2026-08-18 19:32:15,892 [DEBUG] cnn_neat: Split edge 0→21, new hidden node 22 (pool=5)
2026-08-18 19:32:16,552 [DEBUG] cnn_neat: Added edge 19→10 (from 48 candidates)
2026-08-18 19:32:16,611 [DEBUG] cnn_neat: Added edge 18→17 (from 56 candidates)
2026-08-18 19:32:16,710 [DEBUG] cnn_neat: Removed hidden node 9 (pool=12)
2026-08-18 19:32:16,731 [DEBUG] cnn_neat: Removed edge 16→21 (from 20 candidates)
2026-08-18 19:32:16,776 [DEBUG] cnn_neat: Removed 3 edges (requested 3)
2026-08-18 19:32:16,797 [DEBUG] cnn_neat: Split edge 0→22, new hidden node 23 (pool=7)
2026-08-18 19:32:16,828 [DEBUG] cnn_neat: Split edge 0→13, new hidden node 23 (pool=1)
2026-08-18 19:32:16,877 [DEBUG] cnn_neat: Added edge 20→10 (from 41 candidates)
2026-08-18 19:32:16,902 [DEBUG] cnn_neat: Removed hidden node 17 (pool=11)
2026-08-18 19:32:16,911 [DEBUG] cnn_neat: Removed edge 13→21 (from 22 candidates)
2026-08-18 19:32:16,929 [DEBUG] cnn_neat: Removed 3 edges (requested 3)
2026-08-18 19:32:17,678 [DEBUG] cnn_neat: Split edge 0→13, new hidden node 22 (pool=2)
2026-08-18 19:32:17,700 [DEBUG] cnn_neat: Split edge 9→21, new hidden node 22 (pool=11)
2026-08-18 19:32:17,722 [DEBUG] cnn_neat: Added edge 8→16 (from 32 candidates)
2026-08-18 19:32:17,742 [DEBUG] cnn_neat: Removed hidden node 9 (pool=9)
2026-08-18 19:32:17,757 [DEBUG] cnn_neat: Removed edge 20→21 (from 16 candidates)
2026-08-18 19:32:17,796 [DEBUG] cnn_neat: Removed 3 edges (requested 3)
2026-08-18 19:32:17,805 [DEBUG] cnn_neat: Split edge 0→13, new hidden node 23 (pool=3)
2026-08-18 19:32:17,825 [DEBUG] cnn_neat: Split edge 0→4, new hidden node 21 (pool=2)
2026-08-18 19:32:17,840 [DEBUG] cnn_neat: Added edge 13→18 (from 43 candidates)
2026-08-18 19:32:17,867 [DEBUG] cnn_neat: Removed hidden node 20 (pool=10)
2026-08-18 19:32:17,887 [DEBUG] cnn_neat: Removed edge 0→13 (from 17 candidates)
2026-08-18 19:32:17,918 [DEBUG] cnn_neat: Removed 3 edges (requested 3)
2026-08-18 19:32:17,940 [DEBUG] cnn_neat: Split edge 13→18, new hidden node 21 (pool=5)
2026-08-18 19:32:17,955 [DEBUG] cnn_neat: Split edge 9→20, new hidden node 21 (pool=13)
2026-08-18 19:32:17,993 [DEBUG] cnn_neat: Split edge 0→4, new hidden node 21 (pool=2)
2026-08-18 19:32:18,007 [DEBUG] cnn_neat: Added edge 18→16 (from 42 candidates)
2026-08-18 19:32:18,020 [DEBUG] cnn_neat: Removed hidden node 19 (pool=10)
2026-08-18 19:32:18,028 [DEBUG] cnn_neat: Removed edge 16→17 (from 18 candidates)
2026-08-18 19:32:18,051 [DEBUG] cnn_neat: Removed 3 edges (requested 3)
2026-08-18 19:32:18,090 [DEBUG] cnn_neat: Split edge 0→4, new hidden node 21 (pool=2)
2026-08-18 19:32:18,108 [DEBUG] cnn_neat: Split edge 9→4, new hidden node 21 (pool=14)
2026-08-18 19:32:18,136 [DEBUG] cnn_neat: Split edge 0→21, new hidden node 22 (pool=13)
2026-08-18 19:32:18,146 [DEBUG] cnn_neat: Added edge 8→21 (from 39 candidates)
2026-08-18 19:32:18,923 [DEBUG] cnn_neat: Removed hidden node 13 (pool=10)
2026-08-18 19:32:18,955 [DEBUG] cnn_neat: Added edge 10→22 (from 48 candidates)
2026-08-18 19:32:18,990 [DEBUG] cnn_neat: Removed hidden node 17 (pool=11)
2026-08-18 19:32:19,011 [DEBUG] cnn_neat: Removed edge 0→13 (from 20 candidates)
2026-08-18 19:32:19,049 [DEBUG] cnn_neat: Removed 3 edges (requested 3)
2026-08-18 19:32:19,098 [DEBUG] cnn_neat: Split edge 9→1, new hidden node 23 (pool=11)
2026-08-18 19:32:19,112 [DEBUG] cnn_neat: Split edge 18→19, new hidden node 23 (pool=16)
2026-08-18 19:32:19,145 [DEBUG] cnn_neat: Split edge 0→4, new hidden node 22 (pool=4)
2026-08-18 19:32:19,162 [DEBUG] cnn_neat: Added edge 19→16 (from 57 candidates)
2026-08-18 19:32:19,210 [DEBUG] cnn_neat: Removed hidden node 17 (pool=11)
2026-08-18 19:32:19,221 [DEBUG] cnn_neat: Removed edge 17→1 (from 18 candidates)
2026-08-18 19:32:19,258 [DEBUG] cnn_neat: Removed 3 edges (requested 3)
2026-08-18 19:32:19,961 [DEBUG] cnn_neat: Split edge 0→21, new hidden node 22 (pool=4)
2026-08-18 19:32:20,027 [DEBUG] cnn_neat: Added edge 21→17 (from 65 candidates)
2026-08-18 19:32:20,060 [DEBUG] cnn_neat: Removed hidden node 19 (pool=12)
2026-08-18 19:32:20,080 [DEBUG] cnn_neat: Removed edge 18→20 (from 17 candidates)
2026-08-18 19:32:20,100 [DEBUG] cnn_neat: Removed 3 edges (requested 3)
2026-08-18 19:32:20,131 [DEBUG] cnn_neat: Split edge 0→8, new hidden node 23 (pool=12)
2026-08-18 19:32:20,149 [DEBUG] cnn_neat: Split edge 0→13, new hidden node 23 (pool=1)
2026-08-18 19:32:20,182 [DEBUG] cnn_neat: Added edge 8→21 (from 48 candidates)
2026-08-18 19:32:20,196 [DEBUG] cnn_neat: Removed hidden node 8 (pool=11)
2026-08-18 19:32:20,206 [DEBUG] cnn_neat: Removed edge 9→21 (from 18 candidates)
2026-08-18 19:32:20,244 [DEBUG] cnn_neat: Removed 3 edges (requested 3)
2026-08-18 19:32:20,264 [DEBUG] cnn_neat: Split edge 9→21, new hidden node 22 (pool=8)
2026-08-18 19:32:20,279 [DEBUG] cnn_neat: Split edge 9→21, new hidden node 22 (pool=10)
2026-08-18 19:32:20,306 [DEBUG] cnn_neat: Split edge 0→4, new hidden node 22 (pool=5)
2026-08-18 19:32:20,316 [DEBUG] cnn_neat: Added edge 18→9 (from 50 candidates)
2026-08-18 19:32:20,329 [DEBUG] cnn_neat: Removed hidden node 20 (pool=11)
2026-08-18 19:32:20,341 [DEBUG] cnn_neat: Removed edge 20→4 (from 18 candidates)
2026-08-18 19:32:20,391 [DEBUG] cnn_neat: Removed 3 edges (requested 3)
2026-08-18 19:32:20,483 [DEBUG] cnn_neat: Split edge 0→13, new hidden node 22 (pool=5)
2026-08-18 19:32:20,496 [DEBUG] cnn_neat: Split edge 13→21, new hidden node 22 (pool=5)
2026-08-18 19:32:20,539 [DEBUG] cnn_neat: Split edge 13→9, new hidden node 22 (pool=1)
2026-08-18 19:32:20,763 [DEBUG] cnn_neat: Added edge 19→4 (from 43 candidates)
2026-08-18 19:32:20,798 [DEBUG] cnn_neat: Removed hidden node 18 (pool=11)
2026-08-18 19:32:20,831 [DEBUG] cnn_neat: Removed edge 18→10 (from 20 candidates)
2026-08-18 19:32:21,622 [DEBUG] cnn_neat: Removed 3 edges (requested 3)
2026-08-18 19:32:21,657 [DEBUG] cnn_neat: Added edge 18→4 (from 62 candidates)
2026-08-18 19:32:21,704 [DEBUG] cnn_neat: Removed hidden node 22 (pool=12)
2026-08-18 19:32:21,718 [DEBUG] cnn_neat: Removed edge 16→1 (from 19 candidates)
2026-08-18 19:32:21,749 [DEBUG] cnn_neat: Removed 3 edges (requested 3)
2026-08-18 19:32:21,779 [DEBUG] cnn_neat: Split edge 22→4, new hidden node 23 (pool=13)
2026-08-18 19:32:21,794 [DEBUG] cnn_neat: Added edge 9→17 (from 59 candidates)
2026-08-18 19:32:21,817 [DEBUG] cnn_neat: Split edge 0→4, new hidden node 22 (pool=4)
2026-08-18 19:32:21,835 [DEBUG] cnn_neat: Added edge 18→1 (from 48 candidates)
2026-08-18 19:32:21,865 [DEBUG] cnn_neat: Removed hidden node 10 (pool=11)
2026-08-18 19:32:21,880 [DEBUG] cnn_neat: Removed edge 16→1 (from 20 candidates)
2026-08-18 19:32:21,914 [DEBUG] cnn_neat: Removed 3 edges (requested 3)
2026-08-18 19:32:21,932 [DEBUG] cnn_neat: Split edge 13→4, new hidden node 22 (pool=4)
2026-08-18 19:32:21,963 [DEBUG] cnn_neat: Added edge 22→21 (from 61 candidates)
2026-08-18 19:32:21,994 [DEBUG] cnn_neat: Removed hidden node 13 (pool=12)
2026-08-18 19:32:22,007 [DEBUG] cnn_neat: Removed edge 9→10 (from 16 candidates)
2026-08-18 19:32:22,034 [DEBUG] cnn_neat: Saved generation 24
2026-08-18 19:32:22,078 [DEBUG] cnn_neat: Removed 3 edges (requested 3)
2026-08-18 19:32:22,259 [DEBUG] cnn_neat: Selected 25 elite individuals
2026-08-18 19:32:22,308 [DEBUG] cnn_neat: Split edge 16→21, new hidden node 23 (pool=13)
2026-08-18 19:32:22,587 [DEBUG] cnn_neat: Added edge 18→22 (from 58 candidates)
2026-08-18 19:32:22,643 [DEBUG] cnn_neat: Removed hidden node 4 (pool=12)
2026-08-18 19:32:22,674 [DEBUG] cnn_neat: Removed edge 20→16 (from 18 candidates)
2026-08-18 19:32:22,730 [DEBUG] cnn_neat: Removed 3 edges (requested 3)
2026-08-18 19:32:22,787 [DEBUG] cnn_neat: Added edge 17→21 (from 52 candidates)
2026-08-18 19:32:22,797 [DEBUG] cnn_neat: Trimmed elite queue to 128 entries
2026-08-18 19:32:24,140 [DEBUG] cnn_neat: Removed hidden node 13 (pool=12)
2026-08-18 19:32:24,178 [DEBUG] cnn_neat: Added edge 17→21 (from 60 candidates)
2026-08-18 19:32:24,189 [DEBUG] cnn_neat: Added edge 18→9 (from 60 candidates)
2026-08-18 19:32:24,215 [DEBUG] cnn_neat: Removed hidden node 17 (pool=12)
2026-08-18 19:32:24,226 [DEBUG] cnn_neat: Removed edge 9→16 (from 18 candidates)
2026-08-18 19:32:24,245 [DEBUG] cnn_neat: Removed 3 edges (requested 3)
2026-08-18 19:32:24,256 [DEBUG] cnn_neat: Crossover rejected: union topology invalid (edges=46 nodes=24)
2026-08-18 19:32:24,273 [DEBUG] cnn_neat: Added edge 18→13 (from 60 candidates)
2026-08-18 19:32:24,284 [DEBUG] cnn_neat: Added edge 18→9 (from 60 candidates)
2026-08-18 19:32:24,298 [DEBUG] cnn_neat: Added edge 8→21 (from 59 candidates)
2026-08-18 19:32:24,310 [DEBUG] cnn_neat: Added edge 4→21 (from 58 candidates)
2026-08-18 19:32:24,322 [DEBUG] cnn_neat: Added edge 13→8 (from 56 candidates)
2026-08-18 19:32:24,333 [DEBUG] cnn_neat: Added edge 4→22 (from 52 candidates)
2026-08-18 19:32:24,344 [DEBUG] cnn_neat: Split edge 0→4, new hidden node 21 (pool=9)
2026-08-18 19:32:24,353 [DEBUG] cnn_neat: Added edge 4→16 (from 35 candidates)
2026-08-18 19:32:24,367 [DEBUG] cnn_neat: Removed hidden node 16 (pool=9)
2026-08-18 19:32:24,374 [DEBUG] cnn_neat: Removed edge 0→4 (from 14 candidates)
2026-08-18 19:32:24,390 [DEBUG] cnn_neat: Removed 3 edges (requested 3)
2026-08-18 19:32:24,400 [DEBUG] cnn_neat: Crossover rejected: union topology invalid (edges=41 nodes=22)
2026-08-18 19:32:24,408 [DEBUG] cnn_neat: Split edge 9→20, new hidden node 21 (pool=9)
2026-08-18 19:32:24,418 [DEBUG] cnn_neat: Added edge 13→20 (from 35 candidates)
2026-08-18 19:32:24,427 [DEBUG] cnn_neat: Added edge 9→4 (from 29 candidates)
2026-08-18 19:32:24,435 [DEBUG] cnn_neat: Added edge 19→13 (from 28 candidates)
2026-08-18 19:32:24,445 [DEBUG] cnn_neat: Added edge 8→13 (from 25 candidates)
2026-08-18 19:32:24,454 [DEBUG] cnn_neat: Added edge 18→9 (from 24 candidates)
2026-08-18 19:32:24,462 [DEBUG] cnn_neat: Split edge 0→13, new hidden node 23 (pool=9)
2026-08-18 19:32:24,473 [DEBUG] cnn_neat: Added edge 8→16 (from 40 candidates)
2026-08-18 19:32:24,484 [DEBUG] cnn_neat: Removed hidden node 9 (pool=10)
2026-08-18 19:32:24,493 [DEBUG] cnn_neat: Removed edge 9→1 (from 17 candidates)
2026-08-18 19:32:24,507 [DEBUG] cnn_neat: Removed 3 edges (requested 3)
2026-08-18 19:32:24,519 [DEBUG] cnn_neat: Crossover rejected: union topology invalid (edges=47 nodes=23)
2026-08-18 19:32:24,527 [DEBUG] cnn_neat: Split edge 9→1, new hidden node 23 (pool=9)
2026-08-18 19:32:24,537 [DEBUG] cnn_neat: Added edge 8→16 (from 40 candidates)
2026-08-18 19:32:24,545 [DEBUG] cnn_neat: Added edge 22→18 (from 39 candidates)
2026-08-18 19:32:24,556 [DEBUG] cnn_neat: Added edge 9→17 (from 32 candidates)
2026-08-18 19:32:24,568 [DEBUG] cnn_neat: Added edge 13→22 (from 31 candidates)
2026-08-18 19:32:24,579 [DEBUG] cnn_neat: Added edge 21→17 (from 27 candidates)
2026-08-18 19:32:24,590 [DEBUG] cnn_neat: Split edge 0→4, new hidden node 21 (pool=2)
2026-08-18 19:32:24,599 [DEBUG] cnn_neat: Added edge 13→20 (from 44 candidates)
2026-08-18 19:32:24,615 [DEBUG] cnn_neat: Removed hidden node 4 (pool=10)
2026-08-18 19:32:24,623 [DEBUG] cnn_neat: Removed edge 9→10 (from 17 candidates)
2026-08-18 19:32:24,638 [DEBUG] cnn_neat: Removed 3 edges (requested 3)
2026-08-18 19:32:24,648 [DEBUG] cnn_neat: Crossover rejected: union topology invalid (edges=44 nodes=23)
2026-08-18 19:32:24,655 [DEBUG] cnn_neat: Split edge 13→4, new hidden node 21 (pool=2)
2026-08-18 19:32:24,665 [DEBUG] cnn_neat: Added edge 8→4 (from 44 candidates)
2026-08-18 19:32:24,674 [DEBUG] cnn_neat: Added edge 8→16 (from 43 candidates)
2026-08-18 19:32:24,683 [DEBUG] cnn_neat: Added edge 9→17 (from 42 candidates)
2026-08-18 19:32:24,694 [DEBUG] cnn_neat: Added edge 10→4 (from 41 candidates)
2026-08-18 19:32:24,702 [DEBUG] cnn_neat: Added edge 17→4 (from 36 candidates)
2026-08-18 19:32:24,724 [DEBUG] cnn_neat: Added edge 9→4 (from 54 candidates)
2026-08-18 19:32:24,735 [DEBUG] cnn_neat: Added edge 4→18 (from 54 candidates)
2026-08-18 19:32:24,748 [DEBUG] cnn_neat: Removed hidden node 17 (pool=11)
2026-08-18 19:32:24,757 [DEBUG] cnn_neat: Removed edge 13→4 (from 16 candidates)
2026-08-18 19:32:24,772 [DEBUG] cnn_neat: Removed 3 edges (requested 3)
2026-08-18 19:32:24,782 [DEBUG] cnn_neat: Crossover rejected: union topology invalid (edges=42 nodes=23)
2026-08-18 19:32:24,798 [DEBUG] cnn_neat: Added edge 19→16 (from 54 candidates)
2026-08-18 19:32:24,809 [DEBUG] cnn_neat: Added edge 18→17 (from 54 candidates)
2026-08-18 19:32:24,818 [DEBUG] cnn_neat: Added edge 4→17 (from 53 candidates)
2026-08-18 19:32:24,829 [DEBUG] cnn_neat: Added edge 8→4 (from 50 candidates)
2026-08-18 19:32:24,839 [DEBUG] cnn_neat: Added edge 16→21 (from 48 candidates)
2026-08-18 19:32:24,851 [DEBUG] cnn_neat: Added edge 20→21 (from 46 candidates)
2026-08-18 19:32:24,868 [DEBUG] cnn_neat: Added edge 20→1 (from 34 candidates)
2026-08-18 19:32:24,878 [DEBUG] cnn_neat: Added edge 17→21 (from 34 candidates)
2026-08-18 19:32:24,892 [DEBUG] cnn_neat: Removed hidden node 9 (pool=10)
2026-08-18 19:32:24,900 [DEBUG] cnn_neat: Removed edge 8→18 (from 19 candidates)
2026-08-18 19:32:24,916 [DEBUG] cnn_neat: Removed 3 edges (requested 3)
2026-08-18 19:32:24,926 [DEBUG] cnn_neat: Crossover rejected: union topology invalid (edges=43 nodes=22)
2026-08-18 19:32:24,940 [DEBUG] cnn_neat: Added edge 21→10 (from 34 candidates)
2026-08-18 19:32:24,949 [DEBUG] cnn_neat: Added edge 20→17 (from 34 candidates)
2026-08-18 19:32:24,960 [DEBUG] cnn_neat: Added edge 19→1 (from 32 candidates)
2026-08-18 19:32:24,972 [DEBUG] cnn_neat: Added edge 0→10 (from 30 candidates)
2026-08-18 19:32:24,983 [DEBUG] cnn_neat: Added edge 19→20 (from 30 candidates)
2026-08-18 19:32:24,993 [DEBUG] cnn_neat: Added edge 8→21 (from 29 candidates)
2026-08-18 19:32:25,014 [DEBUG] cnn_neat: Added edge 10→21 (from 52 candidates)
2026-08-18 19:32:25,023 [DEBUG] cnn_neat: Added edge 21→20 (from 52 candidates)
2026-08-18 19:32:25,038 [DEBUG] cnn_neat: Removed hidden node 20 (pool=11)
2026-08-18 19:32:25,046 [DEBUG] cnn_neat: Removed edge 9→10 (from 17 candidates)
2026-08-18 19:32:25,065 [DEBUG] cnn_neat: Removed 3 edges (requested 3)
2026-08-18 19:32:25,078 [DEBUG] cnn_neat: Crossover rejected: union topology invalid (edges=43 nodes=23)
2026-08-18 19:32:25,094 [DEBUG] cnn_neat: Added edge 21→9 (from 52 candidates)
2026-08-18 19:32:25,105 [DEBUG] cnn_neat: Added edge 21→9 (from 52 candidates)
2026-08-18 19:32:25,116 [DEBUG] cnn_neat: Added edge 19→10 (from 46 candidates)
2026-08-18 19:32:25,128 [DEBUG] cnn_neat: Added edge 8→4 (from 44 candidates)
2026-08-18 19:32:25,138 [DEBUG] cnn_neat: Added edge 13→8 (from 43 candidates)
2026-08-18 19:32:25,149 [DEBUG] cnn_neat: Added edge 0→20 (from 39 candidates)
2026-08-18 19:32:25,157 [DEBUG] cnn_neat: Split edge 13→9, new hidden node 22 (pool=13)
2026-08-18 19:32:25,168 [DEBUG] cnn_neat: Added edge 4→9 (from 45 candidates)
2026-08-18 19:32:25,187 [DEBUG] cnn_neat: Removed hidden node 9 (pool=10)
2026-08-18 19:32:25,195 [DEBUG] cnn_neat: Removed edge 16→21 (from 16 candidates)
2026-08-18 19:32:25,210 [DEBUG] cnn_neat: Removed 3 edges (requested 3)
2026-08-18 19:32:25,221 [DEBUG] cnn_neat: Crossover rejected: union topology invalid (edges=46 nodes=23)
2026-08-18 19:32:25,228 [DEBUG] cnn_neat: Split edge 13→21, new hidden node 22 (pool=13)
2026-08-18 19:32:25,237 [DEBUG] cnn_neat: Added edge 21→4 (from 45 candidates)
2026-08-18 19:32:25,247 [DEBUG] cnn_neat: Added edge 4→17 (from 37 candidates)
2026-08-18 19:32:25,260 [DEBUG] cnn_neat: Added edge 18→21 (from 30 candidates)
2026-08-18 19:32:25,271 [DEBUG] cnn_neat: Added edge 8→13 (from 29 candidates)
2026-08-18 19:32:25,284 [DEBUG] cnn_neat: Added edge 8→9 (from 27 candidates)
2026-08-18 19:32:25,305 [DEBUG] cnn_neat: Added edge 19→13 (from 53 candidates)
2026-08-18 19:32:25,519 [DEBUG] cnn_neat: Added edge 13→18 (from 46 candidates)
2026-08-18 19:32:25,686 [DEBUG] cnn_neat: Removed hidden node 16 (pool=11)
2026-08-18 19:32:25,760 [DEBUG] cnn_neat: Removed edge 13→4 (from 18 candidates)
2026-08-18 19:32:25,908 [DEBUG] cnn_neat: Removed 3 edges (requested 3)
2026-08-18 19:32:25,939 [DEBUG] cnn_neat: Added edge 19→1 (from 60 candidates)
2026-08-18 19:32:25,966 [DEBUG] cnn_neat: Removed hidden node 4 (pool=12)
2026-08-18 19:32:25,988 [DEBUG] cnn_neat: Removed edge 19→9 (from 18 candidates)
2026-08-18 19:32:26,032 [DEBUG] cnn_neat: Removed 3 edges (requested 3)
2026-08-18 19:32:26,091 [DEBUG] cnn_neat: Split edge 0→13, new hidden node 23 (pool=1)
2026-08-18 19:32:27,116 [DEBUG] cnn_neat: Added edge 19→10 (from 59 candidates)
2026-08-18 19:32:27,273 [DEBUG] cnn_neat: Added edge 19→21 (from 44 candidates)
2026-08-18 19:32:27,339 [DEBUG] cnn_neat: Removed hidden node 16 (pool=11)
2026-08-18 19:32:27,394 [DEBUG] cnn_neat: Removed edge 20→21 (from 19 candidates)
2026-08-18 19:32:27,537 [DEBUG] cnn_neat: Removed 3 edges (requested 3)
2026-08-18 19:32:27,695 [DEBUG] cnn_neat: Split edge 0→21, new hidden node 22 (pool=4)
2026-08-18 19:32:27,712 [DEBUG] cnn_neat: Added edge 4→17 (from 49 candidates)
2026-08-18 19:32:27,740 [DEBUG] cnn_neat: Removed hidden node 4 (pool=11)
2026-08-18 19:32:27,759 [DEBUG] cnn_neat: Removed edge 20→4 (from 20 candidates)
2026-08-18 19:32:27,794 [DEBUG] cnn_neat: Removed 3 edges (requested 3)
2026-08-18 19:32:27,815 [DEBUG] cnn_neat: Split edge 17→1, new hidden node 22 (pool=16)
2026-08-18 19:32:27,829 [DEBUG] cnn_neat: Split edge 13→4, new hidden node 22 (pool=3)
2026-08-18 19:32:27,849 [DEBUG] cnn_neat: Added edge 19→21 (from 38 candidates)
2026-08-18 19:32:27,872 [DEBUG] cnn_neat: Added edge 13→21 (from 60 candidates)
2026-08-18 19:32:27,915 [DEBUG] cnn_neat: Added edge 16→4 (from 42 candidates)
2026-08-18 19:32:27,944 [DEBUG] cnn_neat: Removed hidden node 20 (pool=11)
2026-08-18 19:32:27,958 [DEBUG] cnn_neat: Removed edge 0→13 (from 21 candidates)
2026-08-18 19:32:27,992 [DEBUG] cnn_neat: Removed 3 edges (requested 3)
2026-08-18 19:32:28,013 [DEBUG] cnn_neat: Split edge 16→1, new hidden node 22 (pool=9)
2026-08-18 19:32:28,025 [DEBUG] cnn_neat: Split edge 16→21, new hidden node 22 (pool=16)
2026-08-18 19:32:28,041 [DEBUG] cnn_neat: Added edge 13→18 (from 40 candidates)
2026-08-18 19:32:28,070 [DEBUG] cnn_neat: Split edge 13→21, new hidden node 22 (pool=2)
2026-08-18 19:32:28,095 [DEBUG] cnn_neat: Added edge 13→8 (from 40 candidates)
2026-08-18 19:32:28,127 [DEBUG] cnn_neat: Removed hidden node 19 (pool=10)
2026-08-18 19:32:28,141 [DEBUG] cnn_neat: Removed edge 0→21 (from 19 candidates)
2026-08-18 19:32:28,183 [DEBUG] cnn_neat: Removed 3 edges (requested 3)
2026-08-18 19:32:28,198 [DEBUG] cnn_neat: Split edge 0→21, new hidden node 22 (pool=3)
2026-08-18 19:32:28,218 [DEBUG] cnn_neat: Split edge 0→21, new hidden node 22 (pool=15)
2026-08-18 19:32:28,231 [DEBUG] cnn_neat: Split edge 0→21, new hidden node 22 (pool=2)
2026-08-18 19:32:28,408 [DEBUG] cnn_neat: Split edge 13→4, new hidden node 22 (pool=4)
2026-08-18 19:32:28,433 [DEBUG] cnn_neat: Added edge 18→1 (from 55 candidates)
2026-08-18 19:32:28,468 [DEBUG] cnn_neat: Removed hidden node 19 (pool=11)
2026-08-18 19:32:28,485 [DEBUG] cnn_neat: Removed edge 13→21 (from 19 candidates)
2026-08-18 19:32:28,541 [DEBUG] cnn_neat: Removed 3 edges (requested 3)
2026-08-18 19:32:28,571 [DEBUG] cnn_neat: Split edge 13→21, new hidden node 22 (pool=4)
2026-08-18 19:32:28,601 [DEBUG] cnn_neat: Split edge 0→21, new hidden node 22 (pool=3)
2026-08-18 19:32:28,622 [DEBUG] cnn_neat: Split edge 19→9, new hidden node 22 (pool=16)
2026-08-18 19:32:29,376 [DEBUG] cnn_neat: Added edge 19→13 (from 56 candidates)
2026-08-18 19:32:29,408 [DEBUG] cnn_neat: Removed hidden node 4 (pool=12)
2026-08-18 19:32:29,425 [DEBUG] cnn_neat: Removed edge 19→9 (from 20 candidates)
2026-08-18 19:32:29,458 [DEBUG] cnn_neat: Removed 3 edges (requested 3)
2026-08-18 19:32:29,483 [DEBUG] cnn_neat: Split edge 20→4, new hidden node 23 (pool=13)
2026-08-18 19:32:29,503 [DEBUG] cnn_neat: Added edge 22→4 (from 53 candidates)
2026-08-18 19:32:29,523 [DEBUG] cnn_neat: Added edge 8→22 (from 65 candidates)
2026-08-18 19:32:29,644 [DEBUG] cnn_neat: Split edge 0→4, new hidden node 22 (pool=5)
2026-08-18 19:32:29,665 [DEBUG] cnn_neat: Added edge 20→1 (from 48 candidates)
2026-08-18 19:32:30,361 [DEBUG] cnn_neat: Removed hidden node 13 (pool=11)
2026-08-18 19:32:30,395 [DEBUG] cnn_neat: Added edge 19→21 (from 42 candidates)
2026-08-18 19:32:30,462 [DEBUG] cnn_neat: Removed hidden node 21 (pool=11)
2026-08-18 19:32:30,491 [DEBUG] cnn_neat: Removed edge 9→1 (from 20 candidates)
2026-08-18 19:32:30,548 [DEBUG] cnn_neat: Removed 3 edges (requested 3)
2026-08-18 19:32:30,567 [DEBUG] cnn_neat: Split edge 13→4, new hidden node 21 (pool=2)
2026-08-18 19:32:30,575 [DEBUG] cnn_neat: Split edge 13→16, new hidden node 22 (pool=1)
2026-08-18 19:32:30,619 [DEBUG] cnn_neat: Added edge 19→17 (from 56 candidates)
2026-08-18 19:32:30,661 [DEBUG] cnn_neat: Removed hidden node 22 (pool=12)
2026-08-18 19:32:30,684 [DEBUG] cnn_neat: Removed edge 0→13 (from 20 candidates)
2026-08-18 19:32:30,720 [DEBUG] cnn_neat: Removed 3 edges (requested 3)
2026-08-18 19:32:31,575 [DEBUG] cnn_neat: Added edge 18→1 (from 41 candidates)
2026-08-18 19:32:31,673 [DEBUG] cnn_neat: Removed hidden node 4 (pool=11)
2026-08-18 19:32:31,706 [DEBUG] cnn_neat: Removed edge 9→20 (from 22 candidates)
2026-08-18 19:32:31,762 [DEBUG] cnn_neat: Removed 3 edges (requested 3)
2026-08-18 19:32:31,816 [DEBUG] cnn_neat: Split edge 0→13, new hidden node 22 (pool=1)
2026-08-18 19:32:31,839 [DEBUG] cnn_neat: Added edge 8→13 (from 40 candidates)
2026-08-18 19:32:31,858 [DEBUG] cnn_neat: Added edge 0→21 (from 45 candidates)
2026-08-18 19:32:31,886 [DEBUG] cnn_neat: Split edge 9→16, new hidden node 22 (pool=11)
2026-08-18 19:32:31,911 [DEBUG] cnn_neat: Added edge 8→20 (from 32 candidates)
2026-08-18 19:32:31,946 [DEBUG] cnn_neat: Removed hidden node 21 (pool=9)
2026-08-18 19:32:31,961 [DEBUG] cnn_neat: Removed edge 0→21 (from 16 candidates)
2026-08-18 19:32:31,984 [DEBUG] cnn_neat: Removed 3 edges (requested 3)
2026-08-18 19:32:31,994 [DEBUG] cnn_neat: Split edge 18→20, new hidden node 22 (pool=12)
2026-08-18 19:32:32,003 [DEBUG] cnn_neat: Split edge 9→20, new hidden node 21 (pool=7)
2026-08-18 19:32:32,765 [DEBUG] cnn_neat: Split edge 0→4, new hidden node 21 (pool=2)
2026-08-18 19:32:32,806 [DEBUG] cnn_neat: Added edge 22→16 (from 52 candidates)
2026-08-18 19:32:32,835 [DEBUG] cnn_neat: Removed hidden node 4 (pool=12)
2026-08-18 19:32:32,858 [DEBUG] cnn_neat: Removed edge 20→4 (from 18 candidates)
2026-08-18 19:32:32,874 [DEBUG] cnn_neat: Removed 3 edges (requested 3)
2026-08-18 19:32:32,890 [DEBUG] cnn_neat: Split edge 19→9, new hidden node 22 (pool=16)
2026-08-18 19:32:32,900 [DEBUG] cnn_neat: Added edge 18→13 (from 51 candidates)
2026-08-18 19:32:32,910 [DEBUG] cnn_neat: Added edge 19→13 (from 58 candidates)
2026-08-18 19:32:32,958 [DEBUG] cnn_neat: Added edge 18→21 (from 39 candidates)
2026-08-18 19:32:32,981 [DEBUG] cnn_neat: Removed hidden node 20 (pool=11)
2026-08-18 19:32:32,990 [DEBUG] cnn_neat: Removed edge 13→21 (from 22 candidates)
2026-08-18 19:32:33,008 [DEBUG] cnn_neat: Removed 3 edges (requested 3)
2026-08-18 19:32:33,040 [DEBUG] cnn_neat: Split edge 16→21, new hidden node 22 (pool=9)
2026-08-18 19:32:33,070 [DEBUG] cnn_neat: Split edge 9→16, new hidden node 22 (pool=17)
2026-08-18 19:32:33,104 [DEBUG] cnn_neat: Split edge 13→4, new hidden node 22 (pool=4)
2026-08-18 19:32:33,114 [DEBUG] cnn_neat: Added edge 10→21 (from 48 candidates)
2026-08-18 19:32:33,128 [DEBUG] cnn_neat: Removed hidden node 4 (pool=11)
2026-08-18 19:32:33,141 [DEBUG] cnn_neat: Removed edge 9→20 (from 21 candidates)
2026-08-18 19:32:33,189 [DEBUG] cnn_neat: Removed 3 edges (requested 3)
2026-08-18 19:32:33,221 [DEBUG] cnn_neat: Split edge 0→4, new hidden node 22 (pool=4)
2026-08-18 19:32:33,253 [DEBUG] cnn_neat: Added edge 8→22 (from 48 candidates)
2026-08-18 19:32:33,279 [DEBUG] cnn_neat: Removed hidden node 21 (pool=12)
2026-08-18 19:32:33,297 [DEBUG] cnn_neat: Removed edge 22→21 (from 20 candidates)
2026-08-18 19:32:33,418 [DEBUG] cnn_neat: Removed 3 edges (requested 3)
2026-08-18 19:32:33,484 [DEBUG] cnn_neat: Split edge 0→22, new hidden node 23 (pool=3)
2026-08-18 19:32:33,514 [DEBUG] cnn_neat: Split edge 22→21, new hidden node 23 (pool=17)
2026-08-18 19:32:34,244 [DEBUG] cnn_neat: Split edge 0→4, new hidden node 21 (pool=2)
2026-08-18 19:32:34,259 [DEBUG] cnn_neat: Added edge 9→4 (from 43 candidates)
2026-08-18 19:32:34,279 [DEBUG] cnn_neat: Removed hidden node 16 (pool=10)
2026-08-18 19:32:34,291 [DEBUG] cnn_neat: Removed edge 9→10 (from 17 candidates)
2026-08-18 19:32:34,318 [DEBUG] cnn_neat: Removed 3 edges (requested 3)
2026-08-18 19:32:34,327 [DEBUG] cnn_neat: Split edge 9→1, new hidden node 21 (pool=9)
2026-08-18 19:32:34,341 [DEBUG] cnn_neat: Split edge 13→4, new hidden node 21 (pool=2)
2026-08-18 19:32:34,355 [DEBUG] cnn_neat: Split edge 16→1, new hidden node 21 (pool=8)
2026-08-18 19:32:34,365 [DEBUG] cnn_neat: Added edge 10→20 (from 39 candidates)
2026-08-18 19:32:34,407 [DEBUG] cnn_neat: Added edge 18→17 (from 55 candidates)
2026-08-18 19:32:34,439 [DEBUG] cnn_neat: Removed hidden node 19 (pool=12)
2026-08-18 19:32:34,455 [DEBUG] cnn_neat: Removed edge 17→10 (from 21 candidates)
2026-08-18 19:32:34,492 [DEBUG] cnn_neat: Removed 3 edges (requested 3)
2026-08-18 19:32:34,525 [DEBUG] cnn_neat: Split edge 9→10, new hidden node 23 (pool=13)
2026-08-18 19:32:34,546 [DEBUG] cnn_neat: Added edge 10→1 (from 54 candidates)
2026-08-18 19:32:34,563 [DEBUG] cnn_neat: Added edge 4→22 (from 56 candidates)
2026-08-18 19:32:34,580 [DEBUG] cnn_neat: Removed hidden node 20 (pool=12)
2026-08-18 19:32:34,596 [DEBUG] cnn_neat: Removed edge 16→21 (from 18 candidates)
2026-08-18 19:32:34,619 [DEBUG] cnn_neat: Saved generation 25
2026-08-18 19:32:34,841 [DEBUG] cnn_neat: Selected 25 elite individuals
2026-08-18 19:32:34,862 [DEBUG] cnn_neat: Removed 3 edges (requested 3)
2026-08-18 19:32:34,897 [DEBUG] cnn_neat: Split edge 16→21, new hidden node 23 (pool=10)
2026-08-18 19:32:35,198 [DEBUG] cnn_neat: Added edge 20→10 (from 54 candidates)
2026-08-18 19:32:35,282 [DEBUG] cnn_neat: Removed hidden node 22 (pool=12)
2026-08-18 19:32:35,334 [DEBUG] cnn_neat: Trimmed elite queue to 128 entries
2026-08-18 19:32:35,334 [DEBUG] cnn_neat: Removed edge 19→9 (from 21 candidates)
2026-08-18 19:32:36,841 [DEBUG] cnn_neat: Added edge 10→17 (from 58 candidates)
2026-08-18 19:32:36,880 [DEBUG] cnn_neat: Removed hidden node 21 (pool=12)
2026-08-18 19:32:36,900 [DEBUG] cnn_neat: Removed edge 20→16 (from 19 candidates)
2026-08-18 19:32:36,908 [DEBUG] cnn_neat: Added edge 17→4 (from 58 candidates)
2026-08-18 19:32:36,928 [DEBUG] cnn_neat: Added edge 19→22 (from 58 candidates)
2026-08-18 19:32:36,952 [DEBUG] cnn_neat: Removed 3 edges (requested 3)
2026-08-18 19:32:36,963 [DEBUG] cnn_neat: Removed hidden node 22 (pool=12)
2026-08-18 19:32:36,984 [DEBUG] cnn_neat: Removed edge 18→20 (from 19 candidates)
2026-08-18 19:32:36,985 [DEBUG] cnn_neat: Split edge 0→22, new hidden node 23 (pool=3)
2026-08-18 19:32:37,022 [DEBUG] cnn_neat: Split edge 13→9, new hidden node 23 (pool=2)
2026-08-18 19:32:37,023 [DEBUG] cnn_neat: Removed 3 edges (requested 3)
2026-08-18 19:32:37,044 [DEBUG] cnn_neat: Crossover rejected: union topology invalid (edges=48 nodes=26)
2026-08-18 19:32:37,061 [DEBUG] cnn_neat: Added edge 9→22 (from 58 candidates)
2026-08-18 19:32:37,074 [DEBUG] cnn_neat: Added edge 19→4 (from 58 candidates)
2026-08-18 19:32:37,085 [DEBUG] cnn_neat: Added edge 21→4 (from 55 candidates)
2026-08-18 19:32:37,098 [DEBUG] cnn_neat: Added edge 21→1 (from 50 candidates)
2026-08-18 19:32:37,111 [DEBUG] cnn_neat: Added edge 17→22 (from 49 candidates)
2026-08-18 19:32:37,126 [DEBUG] cnn_neat: Added edge 8→22 (from 43 candidates)
2026-08-18 19:32:37,148 [DEBUG] cnn_neat: Added edge 4→18 (from 67 candidates)
2026-08-18 19:32:37,162 [DEBUG] cnn_neat: Added edge 4→9 (from 67 candidates)
2026-08-18 19:32:37,188 [DEBUG] cnn_neat: Removed hidden node 9 (pool=12)
2026-08-18 19:32:37,202 [DEBUG] cnn_neat: Removed edge 19→9 (from 13 candidates)
2026-08-18 19:32:37,220 [DEBUG] cnn_neat: Removed 3 edges (requested 3)
2026-08-18 19:32:37,231 [DEBUG] cnn_neat: Crossover rejected: union topology invalid (edges=47 nodes=25)
2026-08-18 19:32:37,247 [DEBUG] cnn_neat: Added edge 20→21 (from 67 candidates)
2026-08-18 19:32:37,260 [DEBUG] cnn_neat: Added edge 19→13 (from 67 candidates)
2026-08-18 19:32:37,274 [DEBUG] cnn_neat: Added edge 8→9 (from 62 candidates)
2026-08-18 19:32:37,286 [DEBUG] cnn_neat: Added edge 22→9 (from 61 candidates)
2026-08-18 19:32:37,298 [DEBUG] cnn_neat: Added edge 10→4 (from 55 candidates)
2026-08-18 19:32:37,312 [DEBUG] cnn_neat: Added edge 9→17 (from 54 candidates)
2026-08-18 19:32:37,320 [DEBUG] cnn_neat: Split edge 16→1, new hidden node 21 (pool=7)
2026-08-18 19:32:37,329 [DEBUG] cnn_neat: Added edge 18→9 (from 30 candidates)
2026-08-18 19:32:37,343 [DEBUG] cnn_neat: Removed hidden node 4 (pool=9)
2026-08-18 19:32:37,351 [DEBUG] cnn_neat: Split edge 9→1, new hidden node 21 (pool=7)
2026-08-18 19:32:37,358 [DEBUG] cnn_neat: Removed edge 17→1 (from 14 candidates)
2026-08-18 19:32:37,373 [DEBUG] cnn_neat: Removed 3 edges (requested 3)
2026-08-18 19:32:37,383 [DEBUG] cnn_neat: Crossover rejected: union topology invalid (edges=42 nodes=22)
2026-08-18 19:32:37,392 [DEBUG] cnn_neat: Split edge 9→1, new hidden node 21 (pool=7)
2026-08-18 19:32:37,401 [DEBUG] cnn_neat: Added edge 18→16 (from 30 candidates)
2026-08-18 19:32:37,410 [DEBUG] cnn_neat: Added edge 0→20 (from 29 candidates)
2026-08-18 19:32:37,419 [DEBUG] cnn_neat: Added edge 16→4 (from 29 candidates)
2026-08-18 19:32:37,430 [DEBUG] cnn_neat: Added edge 0→18 (from 27 candidates)
2026-08-18 19:32:37,440 [DEBUG] cnn_neat: Added edge 19→20 (from 24 candidates)
2026-08-18 19:32:37,458 [DEBUG] cnn_neat: Added edge 0→19 (from 33 candidates)
2026-08-18 19:32:37,466 [DEBUG] cnn_neat: Added edge 19→20 (from 33 candidates)
2026-08-18 19:32:37,480 [DEBUG] cnn_neat: Removed hidden node 8 (pool=9)
2026-08-18 19:32:37,487 [DEBUG] cnn_neat: Removed edge 20→16 (from 16 candidates)
2026-08-18 19:32:37,499 [DEBUG] cnn_neat: Removed 3 edges (requested 3)
2026-08-18 19:32:37,509 [DEBUG] cnn_neat: Crossover rejected: union topology invalid (edges=45 nodes=22)
2026-08-18 19:32:37,522 [DEBUG] cnn_neat: Added edge 13→10 (from 33 candidates)
2026-08-18 19:32:37,530 [DEBUG] cnn_neat: Added edge 20→17 (from 33 candidates)
2026-08-18 19:32:37,540 [DEBUG] cnn_neat: Added edge 13→10 (from 32 candidates)
2026-08-18 19:32:37,547 [DEBUG] cnn_neat: Added edge 8→9 (from 24 candidates)
2026-08-18 19:32:37,558 [DEBUG] cnn_neat: Added edge 18→16 (from 23 candidates)
2026-08-18 19:32:37,567 [DEBUG] cnn_neat: Added edge 0→10 (from 22 candidates)
2026-08-18 19:32:37,577 [DEBUG] cnn_neat: Split edge 13→21, new hidden node 22 (pool=11)
2026-08-18 19:32:37,585 [DEBUG] cnn_neat: Added edge 13→18 (from 33 candidates)
2026-08-18 19:32:37,599 [DEBUG] cnn_neat: Removed hidden node 8 (pool=9)
2026-08-18 19:32:37,606 [DEBUG] cnn_neat: Removed edge 9→20 (from 15 candidates)
2026-08-18 19:32:37,621 [DEBUG] cnn_neat: Removed 3 edges (requested 3)
2026-08-18 19:32:37,631 [DEBUG] cnn_neat: Crossover rejected: union topology invalid (edges=46 nodes=23)
2026-08-18 19:32:37,642 [DEBUG] cnn_neat: Split edge 18→20, new hidden node 22 (pool=11)
2026-08-18 19:32:37,652 [DEBUG] cnn_neat: Added edge 19→17 (from 33 candidates)
2026-08-18 19:32:37,661 [DEBUG] cnn_neat: Added edge 19→1 (from 32 candidates)
2026-08-18 19:32:37,670 [DEBUG] cnn_neat: Added edge 18→9 (from 30 candidates)
2026-08-18 19:32:37,680 [DEBUG] cnn_neat: Added edge 8→13 (from 29 candidates)
2026-08-18 19:32:37,690 [DEBUG] cnn_neat: Added edge 13→19 (from 27 candidates)
2026-08-18 19:32:37,699 [DEBUG] cnn_neat: Split edge 9→1, new hidden node 22 (pool=7)
2026-08-18 19:32:37,709 [DEBUG] cnn_neat: Added edge 19→16 (from 43 candidates)
2026-08-18 19:32:37,723 [DEBUG] cnn_neat: Removed hidden node 8 (pool=10)
2026-08-18 19:32:37,730 [DEBUG] cnn_neat: Removed edge 20→16 (from 15 candidates)
2026-08-18 19:32:37,746 [DEBUG] cnn_neat: Removed 3 edges (requested 3)
2026-08-18 19:32:37,758 [DEBUG] cnn_neat: Crossover rejected: union topology invalid (edges=40 nodes=23)
2026-08-18 19:32:37,766 [DEBUG] cnn_neat: Split edge 18→20, new hidden node 22 (pool=7)
2026-08-18 19:32:37,776 [DEBUG] cnn_neat: Added edge 19→1 (from 43 candidates)
2026-08-18 19:32:37,785 [DEBUG] cnn_neat: Added edge 20→1 (from 41 candidates)
2026-08-18 19:32:37,797 [DEBUG] cnn_neat: Added edge 21→8 (from 39 candidates)
2026-08-18 19:32:37,807 [DEBUG] cnn_neat: Added edge 17→4 (from 31 candidates)
2026-08-18 19:32:37,819 [DEBUG] cnn_neat: Added edge 21→16 (from 28 candidates)
2026-08-18 19:32:37,828 [DEBUG] cnn_neat: Split edge 0→13, new hidden node 22 (pool=2)
2026-08-18 19:32:37,839 [DEBUG] cnn_neat: Added edge 13→19 (from 59 candidates)
2026-08-18 19:32:37,862 [DEBUG] cnn_neat: Removed hidden node 13 (pool=11)
2026-08-18 19:32:37,872 [DEBUG] cnn_neat: Removed edge 9→1 (from 11 candidates)
2026-08-18 19:32:37,890 [DEBUG] cnn_neat: Removed 3 edges (requested 3)
2026-08-18 19:32:37,900 [DEBUG] cnn_neat: Crossover rejected: union topology invalid (edges=39 nodes=23)
2026-08-18 19:32:37,909 [DEBUG] cnn_neat: Split edge 0→4, new hidden node 22 (pool=2)
2026-08-18 19:32:37,919 [DEBUG] cnn_neat: Added edge 19→4 (from 59 candidates)
2026-08-18 19:32:37,930 [DEBUG] cnn_neat: Added edge 9→17 (from 58 candidates)
2026-08-18 19:32:37,940 [DEBUG] cnn_neat: Added edge 21→19 (from 57 candidates)
2026-08-18 19:32:37,950 [DEBUG] cnn_neat: Added edge 10→16 (from 56 candidates)
2026-08-18 19:32:37,961 [DEBUG] cnn_neat: Added edge 19→16 (from 53 candidates)
2026-08-18 19:32:37,969 [DEBUG] cnn_neat: Split edge 13→4, new hidden node 21 (pool=2)
2026-08-18 19:32:37,978 [DEBUG] cnn_neat: Added edge 4→16 (from 49 candidates)
2026-08-18 19:32:37,993 [DEBUG] cnn_neat: Removed hidden node 8 (pool=10)
2026-08-18 19:32:38,004 [DEBUG] cnn_neat: Removed edge 9→16 (from 16 candidates)
2026-08-18 19:32:38,021 [DEBUG] cnn_neat: Removed 3 edges (requested 3)
2026-08-18 19:32:38,032 [DEBUG] cnn_neat: Crossover rejected: union topology invalid (edges=45 nodes=24)
2026-08-18 19:32:38,040 [DEBUG] cnn_neat: Split edge 0→4, new hidden node 21 (pool=2)
2026-08-18 19:32:38,051 [DEBUG] cnn_neat: Added edge 0→4 (from 57 candidates)
2026-08-18 19:32:38,060 [DEBUG] cnn_neat: Added edge 9→4 (from 49 candidates)
2026-08-18 19:32:38,070 [DEBUG] cnn_neat: Added edge 4→10 (from 44 candidates)
2026-08-18 19:32:38,079 [DEBUG] cnn_neat: Added edge 19→10 (from 34 candidates)
2026-08-18 19:32:38,090 [DEBUG] cnn_neat: Added edge 18→1 (from 33 candidates)
2026-08-18 19:32:38,099 [DEBUG] cnn_neat: Added edge 8→13 (from 32 candidates)
2026-08-18 19:32:38,108 [DEBUG] cnn_neat: Split edge 13→4, new hidden node 21 (pool=2)
2026-08-18 19:32:38,118 [DEBUG] cnn_neat: Added edge 8→16 (from 45 candidates)
2026-08-18 19:32:38,132 [DEBUG] cnn_neat: Removed hidden node 19 (pool=10)
2026-08-18 19:32:38,141 [DEBUG] cnn_neat: Removed edge 9→20 (from 15 candidates)
2026-08-18 19:32:38,157 [DEBUG] cnn_neat: Removed 3 edges (requested 3)
2026-08-18 19:32:38,167 [DEBUG] cnn_neat: Crossover rejected: union topology invalid (edges=37 nodes=21)
2026-08-18 19:32:38,175 [DEBUG] cnn_neat: Split edge 13→4, new hidden node 21 (pool=2)
2026-08-18 19:32:38,184 [DEBUG] cnn_neat: Added edge 16→4 (from 53 candidates)
2026-08-18 19:32:38,552 [DEBUG] cnn_neat: Added edge 19→21 (from 46 candidates)
2026-08-18 19:32:38,585 [DEBUG] cnn_neat: Removed hidden node 8 (pool=11)
2026-08-18 19:32:38,607 [DEBUG] cnn_neat: Removed edge 17→10 (from 18 candidates)
2026-08-18 19:32:38,646 [DEBUG] cnn_neat: Removed 3 edges (requested 3)
2026-08-18 19:32:38,693 [DEBUG] cnn_neat: Split edge 13→9, new hidden node 22 (pool=13)
2026-08-18 19:32:38,816 [DEBUG] cnn_neat: Added edge 10→16 (from 60 candidates)
2026-08-18 19:32:38,872 [DEBUG] cnn_neat: Removed hidden node 17 (pool=12)
2026-08-18 19:32:38,889 [DEBUG] cnn_neat: Removed edge 17→1 (from 18 candidates)
2026-08-18 19:32:38,928 [DEBUG] cnn_neat: Removed 3 edges (requested 3)
2026-08-18 19:32:40,243 [DEBUG] cnn_neat: Added edge 4→16 (from 59 candidates)
2026-08-18 19:32:40,516 [DEBUG] cnn_neat: Added edge 10→22 (from 58 candidates)
2026-08-18 19:32:40,605 [DEBUG] cnn_neat: Removed hidden node 22 (pool=12)
2026-08-18 19:32:40,655 [DEBUG] cnn_neat: Removed edge 0→13 (from 19 candidates)
2026-08-18 19:32:40,715 [DEBUG] cnn_neat: Removed 3 edges (requested 3)
2026-08-18 19:32:40,744 [DEBUG] cnn_neat: Split edge 18→10, new hidden node 23 (pool=14)
2026-08-18 19:32:40,766 [DEBUG] cnn_neat: Split edge 13→16, new hidden node 23 (pool=1)
2026-08-18 19:32:40,830 [DEBUG] cnn_neat: Added edge 13→22 (from 67 candidates)
2026-08-18 19:32:40,877 [DEBUG] cnn_neat: Removed hidden node 20 (pool=12)
2026-08-18 19:32:40,891 [DEBUG] cnn_neat: Removed edge 9→16 (from 13 candidates)
2026-08-18 19:32:40,930 [DEBUG] cnn_neat: Removed 3 edges (requested 3)
2026-08-18 19:32:40,948 [DEBUG] cnn_neat: Split edge 9→1, new hidden node 23 (pool=6)
2026-08-18 19:32:40,972 [DEBUG] cnn_neat: Split edge 19→9, new hidden node 23 (pool=8)
2026-08-18 19:32:41,014 [DEBUG] cnn_neat: Added edge 9→4 (from 44 candidates)
2026-08-18 19:32:41,043 [DEBUG] cnn_neat: Removed hidden node 17 (pool=11)
2026-08-18 19:32:41,067 [DEBUG] cnn_neat: Removed edge 9→21 (from 19 candidates)
2026-08-18 19:32:41,108 [DEBUG] cnn_neat: Removed 3 edges (requested 3)
2026-08-18 19:32:41,132 [DEBUG] cnn_neat: Split edge 9→16, new hidden node 22 (pool=12)
2026-08-18 19:32:41,156 [DEBUG] cnn_neat: Split edge 16→21, new hidden node 22 (pool=16)
2026-08-18 19:32:41,274 [DEBUG] cnn_neat: Split edge 0→4, new hidden node 22 (pool=4)
2026-08-18 19:32:41,300 [DEBUG] cnn_neat: Added edge 19→1 (from 49 candidates)
2026-08-18 19:32:41,335 [DEBUG] cnn_neat: Removed hidden node 17 (pool=11)
2026-08-18 19:32:41,355 [DEBUG] cnn_neat: Removed edge 20→21 (from 20 candidates)
2026-08-18 19:32:41,400 [DEBUG] cnn_neat: Removed 3 edges (requested 3)
2026-08-18 19:32:41,415 [DEBUG] cnn_neat: Split edge 13→21, new hidden node 22 (pool=4)
2026-08-18 19:32:41,426 [DEBUG] cnn_neat: Split edge 13→21, new hidden node 22 (pool=15)
2026-08-18 19:32:41,484 [DEBUG] cnn_neat: Added edge 18→17 (from 42 candidates)
2026-08-18 19:32:41,507 [DEBUG] cnn_neat: Removed hidden node 16 (pool=11)
2026-08-18 19:32:41,518 [DEBUG] cnn_neat: Removed edge 20→21 (from 21 candidates)
2026-08-18 19:32:41,565 [DEBUG] cnn_neat: Removed 3 edges (requested 3)
2026-08-18 19:32:41,594 [DEBUG] cnn_neat: Split edge 13→21, new hidden node 22 (pool=12)
2026-08-18 19:32:41,613 [DEBUG] cnn_neat: Split edge 0→13, new hidden node 22 (pool=8)
2026-08-18 19:32:41,648 [DEBUG] cnn_neat: Split edge 13→21, new hidden node 22 (pool=2)
2026-08-18 19:32:41,666 [DEBUG] cnn_neat: Added edge 0→20 (from 40 candidates)
2026-08-18 19:32:41,691 [DEBUG] cnn_neat: Removed hidden node 13 (pool=10)
2026-08-18 19:32:41,716 [DEBUG] cnn_neat: Removed edge 16→21 (from 19 candidates)
2026-08-18 19:32:42,405 [DEBUG] cnn_neat: Removed 3 edges (requested 3)
2026-08-18 19:32:42,429 [DEBUG] cnn_neat: Split edge 0→21, new hidden node 22 (pool=4)
2026-08-18 19:32:42,448 [DEBUG] cnn_neat: Added edge 20→1 (from 55 candidates)
2026-08-18 19:32:42,549 [DEBUG] cnn_neat: Removed hidden node 13 (pool=11)
2026-08-18 19:32:42,567 [DEBUG] cnn_neat: Removed edge 20→21 (from 19 candidates)
2026-08-18 19:32:42,598 [DEBUG] cnn_neat: Removed 3 edges (requested 3)
2026-08-18 19:32:42,625 [DEBUG] cnn_neat: Split edge 0→4, new hidden node 22 (pool=4)
2026-08-18 19:32:42,671 [DEBUG] cnn_neat: Added edge 17→21 (from 42 candidates)
2026-08-18 19:32:42,699 [DEBUG] cnn_neat: Removed hidden node 18 (pool=11)
2026-08-18 19:32:42,716 [DEBUG] cnn_neat: Removed edge 9→20 (from 20 candidates)
2026-08-18 19:32:42,751 [DEBUG] cnn_neat: Removed 3 edges (requested 3)
2026-08-18 19:32:42,769 [DEBUG] cnn_neat: Split edge 16→21, new hidden node 22 (pool=10)
2026-08-18 19:32:42,800 [DEBUG] cnn_neat: Added edge 19→16 (from 50 candidates)
2026-08-18 19:32:43,553 [DEBUG] cnn_neat: Added edge 21→1 (from 47 candidates)
2026-08-18 19:32:43,596 [DEBUG] cnn_neat: Added edge 19→22 (from 56 candidates)
2026-08-18 19:32:43,643 [DEBUG] cnn_neat: Removed hidden node 13 (pool=12)
2026-08-18 19:32:43,652 [DEBUG] cnn_neat: Removed edge 20→16 (from 20 candidates)
2026-08-18 19:32:43,670 [DEBUG] cnn_neat: Removed 3 edges (requested 3)
2026-08-18 19:32:43,713 [DEBUG] cnn_neat: Added edge 8→13 (from 53 candidates)
2026-08-18 19:32:43,732 [DEBUG] cnn_neat: Added edge 9→4 (from 60 candidates)
2026-08-18 19:32:43,749 [DEBUG] cnn_neat: Added edge 18→9 (from 65 candidates)
2026-08-18 19:32:43,785 [DEBUG] cnn_neat: Split edge 13→21, new hidden node 22 (pool=5)
2026-08-18 19:32:43,824 [DEBUG] cnn_neat: Added edge 21→17 (from 48 candidates)
2026-08-18 19:32:43,852 [DEBUG] cnn_neat: Removed hidden node 20 (pool=11)
2026-08-18 19:32:43,882 [DEBUG] cnn_neat: Removed edge 9→10 (from 21 candidates)
2026-08-18 19:32:43,918 [DEBUG] cnn_neat: Removed 3 edges (requested 3)
2026-08-18 19:32:43,929 [DEBUG] cnn_neat: Split edge 17→10, new hidden node 22 (pool=16)
2026-08-18 19:32:43,937 [DEBUG] cnn_neat: Split edge 13→21, new hidden node 22 (pool=5)
2026-08-18 19:32:43,948 [DEBUG] cnn_neat: Split edge 0→21, new hidden node 22 (pool=13)
2026-08-18 19:32:43,992 [DEBUG] cnn_neat: Added edge 22→8 (from 56 candidates)
2026-08-18 19:32:44,825 [DEBUG] cnn_neat: Removed hidden node 9 (pool=12)
2026-08-18 19:32:44,863 [DEBUG] cnn_neat: Added edge 21→17 (from 41 candidates)
2026-08-18 19:32:44,899 [DEBUG] cnn_neat: Removed hidden node 10 (pool=11)
2026-08-18 19:32:44,915 [DEBUG] cnn_neat: Removed edge 20→16 (from 22 candidates)
2026-08-18 19:32:44,950 [DEBUG] cnn_neat: Removed 3 edges (requested 3)
2026-08-18 19:32:44,988 [DEBUG] cnn_neat: Split edge 9→4, new hidden node 22 (pool=10)
2026-08-18 19:32:45,039 [DEBUG] cnn_neat: Added edge 0→20 (from 36 candidates)
2026-08-18 19:32:45,057 [DEBUG] cnn_neat: Split edge 9→1, new hidden node 22 (pool=11)
2026-08-18 19:32:45,094 [DEBUG] cnn_neat: Added edge 18→17 (from 32 candidates)
2026-08-18 19:32:45,149 [DEBUG] cnn_neat: Removed hidden node 18 (pool=9)
2026-08-18 19:32:45,173 [DEBUG] cnn_neat: Removed edge 9→16 (from 16 candidates)
2026-08-18 19:32:45,874 [DEBUG] cnn_neat: Removed 3 edges (requested 3)
2026-08-18 19:32:45,923 [DEBUG] cnn_neat: Added edge 8→21 (from 40 candidates)
2026-08-18 19:32:45,951 [DEBUG] cnn_neat: Removed hidden node 18 (pool=11)
2026-08-18 19:32:45,966 [DEBUG] cnn_neat: Removed edge 20→4 (from 23 candidates)
2026-08-18 19:32:45,993 [DEBUG] cnn_neat: Removed 3 edges (requested 3)
2026-08-18 19:32:46,014 [DEBUG] cnn_neat: Split edge 0→4, new hidden node 22 (pool=12)
2026-08-18 19:32:46,030 [DEBUG] cnn_neat: Split edge 0→8, new hidden node 22 (pool=20)
2026-08-18 19:32:46,067 [DEBUG] cnn_neat: Split edge 13→4, new hidden node 22 (pool=5)
2026-08-18 19:32:46,087 [DEBUG] cnn_neat: Added edge 10→1 (from 46 candidates)
2026-08-18 19:32:46,123 [DEBUG] cnn_neat: Removed hidden node 13 (pool=11)
2026-08-18 19:32:46,140 [DEBUG] cnn_neat: Removed edge 0→21 (from 22 candidates)
2026-08-18 19:32:46,161 [DEBUG] cnn_neat: Removed 3 edges (requested 3)
2026-08-18 19:32:46,168 [DEBUG] cnn_neat: Split edge 4→21, new hidden node 22 (pool=5)
2026-08-18 19:32:46,172 [DEBUG] cnn_neat: Split edge 9→4, new hidden node 22 (pool=16)
2026-08-18 19:32:46,178 [DEBUG] cnn_neat: Split edge 9→1, new hidden node 21 (pool=9)
2026-08-18 19:32:46,183 [DEBUG] cnn_neat: Added edge 18→9 (from 35 candidates)
2026-08-18 19:32:46,188 [DEBUG] cnn_neat: Removed hidden node 16 (pool=9)
2026-08-18 19:32:46,192 [DEBUG] cnn_neat: Removed edge 18→20 (from 14 candidates)
2026-08-18 19:32:46,207 [DEBUG] cnn_neat: Removed 3 edges (requested 3)
2026-08-18 19:32:46,222 [DEBUG] cnn_neat: Split edge 0→13, new hidden node 22 (pool=4)
2026-08-18 19:32:46,300 [DEBUG] cnn_neat: Split edge 0→4, new hidden node 21 (pool=10)
2026-08-18 19:32:46,345 [DEBUG] cnn_neat: Split edge 9→16, new hidden node 21 (pool=8)
2026-08-18 19:32:46,554 [DEBUG] cnn_neat: Split edge 9→1, new hidden node 23 (pool=9)
2026-08-18 19:32:46,573 [DEBUG] cnn_neat: Added edge 19→20 (from 40 candidates)
2026-08-18 19:32:46,600 [DEBUG] cnn_neat: Removed hidden node 9 (pool=10)
2026-08-18 19:32:46,634 [DEBUG] cnn_neat: Removed edge 17→1 (from 17 candidates)
2026-08-18 19:32:46,661 [DEBUG] cnn_neat: Removed 3 edges (requested 3)
2026-08-18 19:32:47,451 [DEBUG] cnn_neat: Split edge 16→21, new hidden node 23 (pool=9)
2026-08-18 19:32:47,553 [DEBUG] cnn_neat: Split edge 13→4, new hidden node 21 (pool=2)
2026-08-18 19:32:47,571 [DEBUG] cnn_neat: Added edge 19→1 (from 44 candidates)
2026-08-18 19:32:47,600 [DEBUG] cnn_neat: Removed hidden node 20 (pool=10)
2026-08-18 19:32:47,622 [DEBUG] cnn_neat: Removed edge 20→16 (from 17 candidates)
2026-08-18 19:32:47,654 [DEBUG] cnn_neat: Removed 3 edges (requested 3)
2026-08-18 19:32:47,678 [DEBUG] cnn_neat: Split edge 0→4, new hidden node 21 (pool=2)
2026-08-18 19:32:47,692 [DEBUG] cnn_neat: Split edge 9→1, new hidden node 20 (pool=10)
2026-08-18 19:32:47,735 [DEBUG] cnn_neat: Added edge 18→13 (from 54 candidates)
2026-08-18 19:32:47,761 [DEBUG] cnn_neat: Removed hidden node 16 (pool=11)
2026-08-18 19:32:47,776 [DEBUG] cnn_neat: Removed edge 18→20 (from 16 candidates)
2026-08-18 19:32:47,806 [DEBUG] cnn_neat: Removed 3 edges (requested 3)
2026-08-18 19:32:47,825 [DEBUG] cnn_neat: Split edge 13→4, new hidden node 22 (pool=9)
2026-08-18 19:32:47,851 [DEBUG] cnn_neat: Added edge 20→21 (from 49 candidates)
2026-08-18 19:32:47,872 [DEBUG] cnn_neat: Saved generation 26
2026-08-18 19:32:48,111 [DEBUG] cnn_neat: Added edge 19→21 (from 34 candidates)
2026-08-18 19:32:48,132 [DEBUG] cnn_neat: Selected 25 elite individuals
2026-08-18 19:32:48,133 [DEBUG] cnn_neat: Removed hidden node 16 (pool=10)
2026-08-18 19:32:48,158 [DEBUG] cnn_neat: Removed edge 9→16 (from 19 candidates)
2026-08-18 19:32:48,198 [DEBUG] cnn_neat: Removed 3 edges (requested 3)
2026-08-18 19:32:48,216 [DEBUG] cnn_neat: Split edge 18→10, new hidden node 22 (pool=10)
2026-08-18 19:32:48,449 [DEBUG] cnn_neat: Added edge 21→20 (from 52 candidates)
2026-08-18 19:32:48,491 [DEBUG] cnn_neat: Removed hidden node 18 (pool=11)
2026-08-18 19:32:48,521 [DEBUG] cnn_neat: Removed edge 13→21 (from 17 candidates)
2026-08-18 19:32:48,580 [DEBUG] cnn_neat: Removed 3 edges (requested 3)
2026-08-18 19:32:48,612 [DEBUG] cnn_neat: Split edge 16→21, new hidden node 22 (pool=13)
2026-08-18 19:32:48,638 [DEBUG] cnn_neat: Added edge 19→13 (from 45 candidates)
2026-08-18 19:32:48,678 [DEBUG] cnn_neat: Removed hidden node 21 (pool=10)
2026-08-18 19:32:48,691 [DEBUG] cnn_neat: Removed edge 17→1 (from 16 candidates)
2026-08-18 19:32:48,701 [DEBUG] cnn_neat: Trimmed elite queue to 128 entries
2026-08-18 19:32:50,155 [DEBUG] cnn_neat: Removed 3 edges (requested 3)
2026-08-18 19:32:50,166 [DEBUG] cnn_neat: Added edge 21→17 (from 47 candidates)
2026-08-18 19:32:50,178 [DEBUG] cnn_neat: Added edge 20→10 (from 47 candidates)
2026-08-18 19:32:50,193 [DEBUG] cnn_neat: Removed hidden node 9 (pool=11)
2026-08-18 19:32:50,202 [DEBUG] cnn_neat: Removed edge 20→16 (from 17 candidates)
2026-08-18 19:32:50,217 [DEBUG] cnn_neat: Removed 3 edges (requested 3)
2026-08-18 19:32:50,229 [DEBUG] cnn_neat: Crossover rejected: union topology invalid (edges=50 nodes=25)
2026-08-18 19:32:50,243 [DEBUG] cnn_neat: Added edge 17→4 (from 47 candidates)
2026-08-18 19:32:50,254 [DEBUG] cnn_neat: Added edge 13→18 (from 47 candidates)
2026-08-18 19:32:50,266 [DEBUG] cnn_neat: Added edge 4→16 (from 44 candidates)
2026-08-18 19:32:50,276 [DEBUG] cnn_neat: Added edge 16→10 (from 40 candidates)
2026-08-18 19:32:50,289 [DEBUG] cnn_neat: Added edge 21→16 (from 39 candidates)
2026-08-18 19:32:50,300 [DEBUG] cnn_neat: Added edge 21→17 (from 38 candidates)
2026-08-18 19:32:50,322 [DEBUG] cnn_neat: Added edge 16→22 (from 47 candidates)
2026-08-18 19:32:50,334 [DEBUG] cnn_neat: Added edge 19→13 (from 47 candidates)
2026-08-18 19:32:50,349 [DEBUG] cnn_neat: Removed hidden node 9 (pool=11)
2026-08-18 19:32:50,359 [DEBUG] cnn_neat: Removed edge 16→17 (from 19 candidates)
2026-08-18 19:32:50,378 [DEBUG] cnn_neat: Removed 3 edges (requested 3)
2026-08-18 19:32:50,394 [DEBUG] cnn_neat: Crossover rejected: union topology invalid (edges=46 nodes=23)
2026-08-18 19:32:50,409 [DEBUG] cnn_neat: Added edge 8→21 (from 47 candidates)
2026-08-18 19:32:50,420 [DEBUG] cnn_neat: Added edge 19→17 (from 47 candidates)
2026-08-18 19:32:50,432 [DEBUG] cnn_neat: Added edge 17→21 (from 45 candidates)
2026-08-18 19:32:50,443 [DEBUG] cnn_neat: Added edge 10→17 (from 43 candidates)
2026-08-18 19:32:50,455 [DEBUG] cnn_neat: Added edge 13→22 (from 42 candidates)
2026-08-18 19:32:50,465 [DEBUG] cnn_neat: Added edge 10→1 (from 40 candidates)
2026-08-18 19:32:50,486 [DEBUG] cnn_neat: Added edge 10→1 (from 45 candidates)
2026-08-18 19:32:50,498 [DEBUG] cnn_neat: Added edge 19→20 (from 45 candidates)
2026-08-18 19:32:50,513 [DEBUG] cnn_neat: Removed hidden node 18 (pool=11)
2026-08-18 19:32:50,522 [DEBUG] cnn_neat: Removed edge 18→19 (from 18 candidates)
2026-08-18 19:32:50,540 [DEBUG] cnn_neat: Removed 3 edges (requested 3)
2026-08-18 19:32:50,550 [DEBUG] cnn_neat: Crossover rejected: union topology invalid (edges=49 nodes=25)
2026-08-18 19:32:50,566 [DEBUG] cnn_neat: Added edge 19→4 (from 45 candidates)
2026-08-18 19:32:50,577 [DEBUG] cnn_neat: Added edge 0→20 (from 45 candidates)
2026-08-18 19:32:50,589 [DEBUG] cnn_neat: Added edge 19→21 (from 43 candidates)
2026-08-18 19:32:50,599 [DEBUG] cnn_neat: Added edge 17→4 (from 42 candidates)
2026-08-18 19:32:50,609 [DEBUG] cnn_neat: Added edge 10→21 (from 36 candidates)
2026-08-18 19:32:50,620 [DEBUG] cnn_neat: Added edge 10→4 (from 35 candidates)
2026-08-18 19:32:50,643 [DEBUG] cnn_neat: Added edge 19→17 (from 53 candidates)
2026-08-18 19:32:50,654 [DEBUG] cnn_neat: Added edge 8→22 (from 53 candidates)
2026-08-18 19:32:50,672 [DEBUG] cnn_neat: Removed hidden node 21 (pool=12)
2026-08-18 19:32:50,681 [DEBUG] cnn_neat: Removed edge 17→21 (from 20 candidates)
2026-08-18 19:32:50,701 [DEBUG] cnn_neat: Removed 3 edges (requested 3)
2026-08-18 19:32:50,712 [DEBUG] cnn_neat: Crossover rejected: union topology invalid (edges=42 nodes=22)
2026-08-18 19:32:50,729 [DEBUG] cnn_neat: Added edge 17→22 (from 53 candidates)
2026-08-18 19:32:50,742 [DEBUG] cnn_neat: Added edge 18→21 (from 53 candidates)
2026-08-18 19:32:50,756 [DEBUG] cnn_neat: Added edge 22→9 (from 52 candidates)
2026-08-18 19:32:50,768 [DEBUG] cnn_neat: Added edge 18→16 (from 45 candidates)
2026-08-18 19:32:50,781 [DEBUG] cnn_neat: Added edge 19→13 (from 44 candidates)
2026-08-18 19:32:50,796 [DEBUG] cnn_neat: Added edge 10→1 (from 41 candidates)
2026-08-18 19:32:50,820 [DEBUG] cnn_neat: Added edge 18→9 (from 55 candidates)
2026-08-18 19:32:50,833 [DEBUG] cnn_neat: Added edge 18→1 (from 55 candidates)
2026-08-18 19:32:50,848 [DEBUG] cnn_neat: Removed hidden node 19 (pool=12)
2026-08-18 19:32:50,859 [DEBUG] cnn_neat: Removed edge 20→21 (from 19 candidates)
2026-08-18 19:32:50,879 [DEBUG] cnn_neat: Removed 3 edges (requested 3)
2026-08-18 19:32:50,892 [DEBUG] cnn_neat: Crossover rejected: union topology invalid (edges=52 nodes=25)
2026-08-18 19:32:50,910 [DEBUG] cnn_neat: Added edge 10→22 (from 55 candidates)
2026-08-18 19:32:50,923 [DEBUG] cnn_neat: Added edge 18→21 (from 55 candidates)
2026-08-18 19:32:50,936 [DEBUG] cnn_neat: Added edge 19→17 (from 54 candidates)
2026-08-18 19:32:50,947 [DEBUG] cnn_neat: Added edge 16→22 (from 53 candidates)
2026-08-18 19:32:50,960 [DEBUG] cnn_neat: Added edge 4→16 (from 49 candidates)
2026-08-18 19:32:50,972 [DEBUG] cnn_neat: Added edge 19→4 (from 44 candidates)
2026-08-18 19:32:50,995 [DEBUG] cnn_neat: Added edge 19→10 (from 53 candidates)
2026-08-18 19:32:51,007 [DEBUG] cnn_neat: Added edge 13→18 (from 53 candidates)
2026-08-18 19:32:51,031 [DEBUG] cnn_neat: Removed hidden node 4 (pool=12)
2026-08-18 19:32:51,043 [DEBUG] cnn_neat: Removed edge 13→4 (from 19 candidates)
2026-08-18 19:32:51,063 [DEBUG] cnn_neat: Removed 3 edges (requested 3)
2026-08-18 19:32:51,076 [DEBUG] cnn_neat: Crossover rejected: union topology invalid (edges=49 nodes=26)
2026-08-18 19:32:51,093 [DEBUG] cnn_neat: Added edge 16→22 (from 53 candidates)
2026-08-18 19:32:51,104 [DEBUG] cnn_neat: Added edge 19→20 (from 53 candidates)
2026-08-18 19:32:51,117 [DEBUG] cnn_neat: Added edge 22→16 (from 52 candidates)
2026-08-18 19:32:51,130 [DEBUG] cnn_neat: Added edge 13→18 (from 49 candidates)
2026-08-18 19:32:51,143 [DEBUG] cnn_neat: Added edge 10→4 (from 46 candidates)
2026-08-18 19:32:51,156 [DEBUG] cnn_neat: Added edge 19→21 (from 42 candidates)
2026-08-18 19:32:51,166 [DEBUG] cnn_neat: Split edge 0→13, new hidden node 23 (pool=1)
2026-08-18 19:32:51,178 [DEBUG] cnn_neat: Split edge 0→4, new hidden node 24 (pool=16)
2026-08-18 19:32:51,191 [DEBUG] cnn_neat: Added edge 4→18 (from 64 candidates)
2026-08-18 19:32:51,225 [DEBUG] cnn_neat: Removed hidden node 19 (pool=12)
2026-08-18 19:32:51,234 [DEBUG] cnn_neat: Removed edge 20→21 (from 12 candidates)
2026-08-18 19:32:51,253 [DEBUG] cnn_neat: Removed 3 edges (requested 3)
2026-08-18 19:32:51,265 [DEBUG] cnn_neat: Crossover rejected: union topology invalid (edges=46 nodes=25)
2026-08-18 19:32:51,278 [DEBUG] cnn_neat: Split edge 0→13, new hidden node 23 (pool=1)
2026-08-18 19:32:51,293 [DEBUG] cnn_neat: Added edge 13→10 (from 77 candidates)
2026-08-18 19:32:51,309 [DEBUG] cnn_neat: Added edge 18→1 (from 64 candidates)
2026-08-18 19:32:51,319 [DEBUG] cnn_neat: Added edge 4→9 (from 63 candidates)
2026-08-18 19:32:51,333 [DEBUG] cnn_neat: Added edge 22→8 (from 56 candidates)
2026-08-18 19:32:51,345 [DEBUG] cnn_neat: Added edge 13→4 (from 47 candidates)
2026-08-18 19:32:51,358 [DEBUG] cnn_neat: Added edge 4→18 (from 45 candidates)
2026-08-18 19:32:51,379 [DEBUG] cnn_neat: Added edge 22→9 (from 66 candidates)
2026-08-18 19:32:51,392 [DEBUG] cnn_neat: Added edge 19→17 (from 66 candidates)
2026-08-18 19:32:51,407 [DEBUG] cnn_neat: Removed hidden node 9 (pool=12)
2026-08-18 19:32:51,417 [DEBUG] cnn_neat: Removed edge 16→21 (from 14 candidates)
2026-08-18 19:32:51,435 [DEBUG] cnn_neat: Removed 3 edges (requested 3)
2026-08-18 19:32:51,446 [DEBUG] cnn_neat: Crossover rejected: union topology invalid (edges=46 nodes=25)
2026-08-18 19:32:51,463 [DEBUG] cnn_neat: Added edge 18→4 (from 66 candidates)
2026-08-18 19:32:51,475 [DEBUG] cnn_neat: Added edge 4→18 (from 66 candidates)
2026-08-18 19:32:51,487 [DEBUG] cnn_neat: Added edge 18→9 (from 54 candidates)
2026-08-18 19:32:51,499 [DEBUG] cnn_neat: Added edge 9→21 (from 53 candidates)
2026-08-18 19:32:51,511 [DEBUG] cnn_neat: Added edge 22→21 (from 52 candidates)
2026-08-18 19:32:51,523 [DEBUG] cnn_neat: Added edge 8→4 (from 50 candidates)
2026-08-18 19:32:51,533 [DEBUG] cnn_neat: Split edge 0→13, new hidden node 23 (pool=1)
2026-08-18 19:32:51,546 [DEBUG] cnn_neat: Added edge 13→22 (from 59 candidates)
2026-08-18 19:32:51,569 [DEBUG] cnn_neat: Removed hidden node 17 (pool=12)
2026-08-18 19:32:51,578 [DEBUG] cnn_neat: Removed edge 10→20 (from 16 candidates)
2026-08-18 19:32:51,596 [DEBUG] cnn_neat: Removed 3 edges (requested 3)
2026-08-18 19:32:51,608 [DEBUG] cnn_neat: Crossover rejected: union topology invalid (edges=44 nodes=23)
2026-08-18 19:32:51,616 [DEBUG] cnn_neat: Split edge 0→13, new hidden node 23 (pool=1)
2026-08-18 19:32:51,630 [DEBUG] cnn_neat: Added edge 22→13 (from 72 candidates)
2026-08-18 19:32:51,645 [DEBUG] cnn_neat: Added edge 17→4 (from 59 candidates)
2026-08-18 19:32:51,656 [DEBUG] cnn_neat: Added edge 22→9 (from 54 candidates)
2026-08-18 19:32:51,667 [DEBUG] cnn_neat: Added edge 18→20 (from 47 candidates)
2026-08-18 19:32:51,680 [DEBUG] cnn_neat: Added edge 8→9 (from 46 candidates)
2026-08-18 19:32:51,692 [DEBUG] cnn_neat: Added edge 13→18 (from 45 candidates)
2026-08-18 19:32:51,700 [DEBUG] cnn_neat: Split edge 9→1, new hidden node 21 (pool=7)
2026-08-18 19:32:51,709 [DEBUG] cnn_neat: Split edge 0→13, new hidden node 22 (pool=2)
2026-08-18 19:32:51,930 [DEBUG] cnn_neat: Added edge 0→21 (from 46 candidates)
2026-08-18 19:32:52,133 [DEBUG] cnn_neat: Removed hidden node 9 (pool=11)
2026-08-18 19:32:52,153 [DEBUG] cnn_neat: Removed edge 21→20 (from 18 candidates)
2026-08-18 19:32:52,188 [DEBUG] cnn_neat: Removed 3 edges (requested 3)
2026-08-18 19:32:52,286 [DEBUG] cnn_neat: Split edge 16→1, new hidden node 22 (pool=13)
2026-08-18 19:32:52,341 [DEBUG] cnn_neat: Added edge 0→19 (from 47 candidates)
2026-08-18 19:32:52,377 [DEBUG] cnn_neat: Removed hidden node 4 (pool=11)
2026-08-18 19:32:52,394 [DEBUG] cnn_neat: Removed edge 18→16 (from 17 candidates)
2026-08-18 19:32:52,432 [DEBUG] cnn_neat: Removed 3 edges (requested 3)
2026-08-18 19:32:52,460 [DEBUG] cnn_neat: Split edge 9→16, new hidden node 22 (pool=12)
2026-08-18 19:32:52,485 [DEBUG] cnn_neat: Split edge 13→16, new hidden node 22 (pool=1)
2026-08-18 19:32:52,507 [DEBUG] cnn_neat: Added edge 8→16 (from 41 candidates)
2026-08-18 19:32:53,870 [DEBUG] cnn_neat: Added edge 19→13 (from 58 candidates)
2026-08-18 19:32:54,028 [DEBUG] cnn_neat: Removed hidden node 17 (pool=12)
2026-08-18 19:32:54,048 [DEBUG] cnn_neat: Removed edge 9→16 (from 19 candidates)
2026-08-18 19:32:54,128 [DEBUG] cnn_neat: Removed 3 edges (requested 3)
2026-08-18 19:32:54,251 [DEBUG] cnn_neat: Added edge 13→8 (from 47 candidates)
2026-08-18 19:32:54,281 [DEBUG] cnn_neat: Removed hidden node 18 (pool=11)
2026-08-18 19:32:54,306 [DEBUG] cnn_neat: Removed edge 0→22 (from 19 candidates)
2026-08-18 19:32:54,350 [DEBUG] cnn_neat: Removed 3 edges (requested 3)
2026-08-18 19:32:54,381 [DEBUG] cnn_neat: Split edge 16→21, new hidden node 23 (pool=9)
2026-08-18 19:32:54,397 [DEBUG] cnn_neat: Split edge 22→21, new hidden node 23 (pool=1)
2026-08-18 19:32:54,450 [DEBUG] cnn_neat: Added edge 0→20 (from 45 candidates)
2026-08-18 19:32:54,481 [DEBUG] cnn_neat: Removed hidden node 19 (pool=11)
2026-08-18 19:32:54,494 [DEBUG] cnn_neat: Removed edge 10→20 (from 18 candidates)
2026-08-18 19:32:54,536 [DEBUG] cnn_neat: Removed 3 edges (requested 3)
2026-08-18 19:32:54,555 [DEBUG] cnn_neat: Split edge 9→1, new hidden node 22 (pool=10)
2026-08-18 19:32:54,569 [DEBUG] cnn_neat: Split edge 16→1, new hidden node 22 (pool=12)
2026-08-18 19:32:54,627 [DEBUG] cnn_neat: Added edge 18→17 (from 60 candidates)
2026-08-18 19:32:54,659 [DEBUG] cnn_neat: Removed hidden node 20 (pool=12)
2026-08-18 19:32:54,678 [DEBUG] cnn_neat: Removed edge 22→21 (from 18 candidates)
2026-08-18 19:32:54,720 [DEBUG] cnn_neat: Removed 3 edges (requested 3)
2026-08-18 19:32:54,741 [DEBUG] cnn_neat: Split edge 9→10, new hidden node 23 (pool=8)
2026-08-18 19:32:54,786 [DEBUG] cnn_neat: Added edge 8→22 (from 59 candidates)
2026-08-18 19:32:54,904 [DEBUG] cnn_neat: Added edge 8→4 (from 53 candidates)
2026-08-18 19:32:54,963 [DEBUG] cnn_neat: Removed hidden node 21 (pool=12)
2026-08-18 19:32:54,987 [DEBUG] cnn_neat: Removed edge 13→4 (from 20 candidates)
2026-08-18 19:32:55,034 [DEBUG] cnn_neat: Removed 3 edges (requested 3)
2026-08-18 19:32:55,075 [DEBUG] cnn_neat: Split edge 0→13, new hidden node 23 (pool=16)
2026-08-18 19:32:55,108 [DEBUG] cnn_neat: Added edge 19→21 (from 52 candidates)
2026-08-18 19:32:55,138 [DEBUG] cnn_neat: Added edge 8→22 (from 54 candidates)
2026-08-18 19:32:55,184 [DEBUG] cnn_neat: Added edge 10→4 (from 55 candidates)
2026-08-18 19:32:55,212 [DEBUG] cnn_neat: Removed hidden node 13 (pool=12)
2026-08-18 19:32:55,222 [DEBUG] cnn_neat: Removed edge 17→21 (from 19 candidates)
2026-08-18 19:32:55,238 [DEBUG] cnn_neat: Removed 3 edges (requested 3)
2026-08-18 19:32:55,267 [DEBUG] cnn_neat: Split edge 16→21, new hidden node 23 (pool=15)
2026-08-18 19:32:55,282 [DEBUG] cnn_neat: Split edge 13→16, new hidden node 23 (pool=1)
2026-08-18 19:32:55,360 [DEBUG] cnn_neat: Added edge 19→22 (from 53 candidates)
2026-08-18 19:32:55,406 [DEBUG] cnn_neat: Removed hidden node 21 (pool=12)
2026-08-18 19:32:56,175 [DEBUG] cnn_neat: Removed edge 18→20 (from 19 candidates)
2026-08-18 19:32:56,231 [DEBUG] cnn_neat: Added edge 13→8 (from 67 candidates)
2026-08-18 19:32:56,272 [DEBUG] cnn_neat: Removed hidden node 17 (pool=12)
2026-08-18 19:32:56,289 [DEBUG] cnn_neat: Removed edge 9→20 (from 13 candidates)
2026-08-18 19:32:56,341 [DEBUG] cnn_neat: Removed 3 edges (requested 3)
2026-08-18 19:32:56,383 [DEBUG] cnn_neat: Split edge 13→21, new hidden node 23 (pool=9)
2026-08-18 19:32:56,431 [DEBUG] cnn_neat: Added edge 10→22 (from 62 candidates)
2026-08-18 19:32:56,474 [DEBUG] cnn_neat: Split edge 0→13, new hidden node 23 (pool=1)
2026-08-18 19:32:57,259 [DEBUG] cnn_neat: Added edge 20→17 (from 64 candidates)
2026-08-18 19:32:57,315 [DEBUG] cnn_neat: Added edge 8→21 (from 66 candidates)
2026-08-18 19:32:57,368 [DEBUG] cnn_neat: Removed hidden node 22 (pool=12)
2026-08-18 19:32:57,403 [DEBUG] cnn_neat: Removed edge 20→21 (from 14 candidates)
2026-08-18 19:32:57,451 [DEBUG] cnn_neat: Removed 3 edges (requested 3)
2026-08-18 19:32:57,498 [DEBUG] cnn_neat: Added edge 22→21 (from 65 candidates)
2026-08-18 19:32:57,525 [DEBUG] cnn_neat: Added edge 4→18 (from 51 candidates)
2026-08-18 19:32:57,543 [DEBUG] cnn_neat: Added edge 18→13 (from 74 candidates)
2026-08-18 19:32:57,589 [DEBUG] cnn_neat: Split edge 0→13, new hidden node 23 (pool=1)
2026-08-18 19:32:57,608 [DEBUG] cnn_neat: Added edge 10→16 (from 59 candidates)
2026-08-18 19:32:58,443 [DEBUG] cnn_neat: Removed hidden node 10 (pool=12)
2026-08-18 19:32:58,496 [DEBUG] cnn_neat: Added edge 16→4 (from 44 candidates)
2026-08-18 19:32:58,523 [DEBUG] cnn_neat: Removed hidden node 8 (pool=11)
2026-08-18 19:32:58,545 [DEBUG] cnn_neat: Removed edge 19→9 (from 19 candidates)
2026-08-18 19:32:58,579 [DEBUG] cnn_neat: Removed 3 edges (requested 3)
2026-08-18 19:32:58,605 [DEBUG] cnn_neat: Split edge 16→21, new hidden node 22 (pool=9)
2026-08-18 19:32:58,632 [DEBUG] cnn_neat: Split edge 0→8, new hidden node 22 (pool=11)
2026-08-18 19:32:58,663 [DEBUG] cnn_neat: Split edge 13→4, new hidden node 22 (pool=4)
2026-08-18 19:32:58,687 [DEBUG] cnn_neat: Added edge 8→17 (from 49 candidates)
2026-08-18 19:32:58,721 [DEBUG] cnn_neat: Removed hidden node 9 (pool=11)
2026-08-18 19:32:58,737 [DEBUG] cnn_neat: Removed edge 19→9 (from 20 candidates)
2026-08-18 19:32:58,772 [DEBUG] cnn_neat: Removed 3 edges (requested 3)
2026-08-18 19:32:58,797 [DEBUG] cnn_neat: Split edge 9→1, new hidden node 22 (pool=15)
2026-08-18 19:32:58,847 [DEBUG] cnn_neat: Added edge 18→1 (from 42 candidates)
2026-08-18 19:32:58,860 [DEBUG] cnn_neat: Removed hidden node 18 (pool=11)
2026-08-18 19:32:58,868 [DEBUG] cnn_neat: Removed edge 9→20 (from 21 candidates)
2026-08-18 19:32:58,905 [DEBUG] cnn_neat: Removed 3 edges (requested 3)
2026-08-18 19:32:58,925 [DEBUG] cnn_neat: Split edge 16→1, new hidden node 22 (pool=11)
2026-08-18 19:32:58,949 [DEBUG] cnn_neat: Split edge 0→13, new hidden node 22 (pool=1)
2026-08-18 19:32:59,708 [DEBUG] cnn_neat: Split edge 0→21, new hidden node 22 (pool=2)
2026-08-18 19:32:59,745 [DEBUG] cnn_neat: Split edge 13→4, new hidden node 22 (pool=4)
2026-08-18 19:32:59,766 [DEBUG] cnn_neat: Added edge 9→4 (from 55 candidates)
2026-08-18 19:32:59,814 [DEBUG] cnn_neat: Removed hidden node 4 (pool=11)
2026-08-18 19:32:59,832 [DEBUG] cnn_neat: Removed edge 9→16 (from 19 candidates)
2026-08-18 19:32:59,854 [DEBUG] cnn_neat: Removed 3 edges (requested 3)
2026-08-18 19:32:59,875 [DEBUG] cnn_neat: Split edge 0→4, new hidden node 22 (pool=4)
2026-08-18 19:32:59,895 [DEBUG] cnn_neat: Split edge 13→21, new hidden node 22 (pool=4)
2026-08-18 19:32:59,913 [DEBUG] cnn_neat: Split edge 9→10, new hidden node 22 (pool=12)
2026-08-18 19:32:59,948 [DEBUG] cnn_neat: Added edge 8→4 (from 42 candidates)
2026-08-18 19:32:59,962 [DEBUG] cnn_neat: Removed hidden node 20 (pool=11)
2026-08-18 19:32:59,975 [DEBUG] cnn_neat: Removed edge 16→1 (from 20 candidates)
2026-08-18 19:33:00,021 [DEBUG] cnn_neat: Removed 3 edges (requested 3)
2026-08-18 19:33:00,040 [DEBUG] cnn_neat: Split edge 13→9, new hidden node 22 (pool=8)
2026-08-18 19:33:00,050 [DEBUG] cnn_neat: Added edge 19→17 (from 49 candidates)
2026-08-18 19:33:00,058 [DEBUG] cnn_neat: Split edge 13→16, new hidden node 23 (pool=1)
2026-08-18 19:33:00,080 [DEBUG] cnn_neat: Removed hidden node 20 (pool=11)
2026-08-18 19:33:00,119 [DEBUG] cnn_neat: Added edge 20→1 (from 59 candidates)
2026-08-18 19:33:00,286 [DEBUG] cnn_neat: Added edge 8→16 (from 56 candidates)
2026-08-18 19:33:00,312 [DEBUG] cnn_neat: Removed hidden node 22 (pool=12)
2026-08-18 19:33:00,987 [DEBUG] cnn_neat: Removed edge 16→1 (from 20 candidates)
2026-08-18 19:33:01,116 [DEBUG] cnn_neat: Split edge 13→21, new hidden node 22 (pool=2)
2026-08-18 19:33:01,132 [DEBUG] cnn_neat: Added edge 20→17 (from 40 candidates)
2026-08-18 19:33:01,165 [DEBUG] cnn_neat: Removed hidden node 18 (pool=10)
2026-08-18 19:33:01,181 [DEBUG] cnn_neat: Removed edge 18→19 (from 19 candidates)
2026-08-18 19:33:01,246 [DEBUG] cnn_neat: Removed 3 edges (requested 3)
2026-08-18 19:33:01,258 [DEBUG] cnn_neat: Split edge 13→21, new hidden node 22 (pool=2)
2026-08-18 19:33:01,272 [DEBUG] cnn_neat: Split edge 9→16, new hidden node 22 (pool=9)
2026-08-18 19:33:01,312 [DEBUG] cnn_neat: Split edge 8→4, new hidden node 22 (pool=5)
2026-08-18 19:33:01,330 [DEBUG] cnn_neat: Added edge 17→4 (from 48 candidates)
2026-08-18 19:33:01,360 [DEBUG] cnn_neat: Removed hidden node 10 (pool=11)
2026-08-18 19:33:01,376 [DEBUG] cnn_neat: Removed edge 9→16 (from 21 candidates)
2026-08-18 19:33:01,410 [DEBUG] cnn_neat: Removed 3 edges (requested 3)
2026-08-18 19:33:01,425 [DEBUG] cnn_neat: Split edge 0→4, new hidden node 22 (pool=5)
2026-08-18 19:33:01,444 [DEBUG] cnn_neat: Saved generation 27
2026-08-18 19:33:01,663 [DEBUG] cnn_neat: Selected 25 elite individuals
2026-08-18 19:33:01,673 [DEBUG] cnn_neat: Split edge 0→4, new hidden node 22 (pool=14)
2026-08-18 19:33:01,787 [DEBUG] cnn_neat: Added edge 13→18 (from 56 candidates)
2026-08-18 19:33:02,045 [DEBUG] cnn_neat: Removed hidden node 19 (pool=12)
2026-08-18 19:33:02,066 [DEBUG] cnn_neat: Removed edge 19→9 (from 20 candidates)
2026-08-18 19:33:02,115 [DEBUG] cnn_neat: Split edge 13→21, new hidden node 22 (pool=13)
2026-08-18 19:33:02,160 [DEBUG] cnn_neat: Added edge 19→17 (from 45 candidates)
2026-08-18 19:33:02,187 [DEBUG] cnn_neat: Removed hidden node 13 (pool=10)
2026-08-18 19:33:02,200 [DEBUG] cnn_neat: Removed edge 19→9 (from 16 candidates)
2026-08-18 19:33:02,242 [DEBUG] cnn_neat: Removed 3 edges (requested 3)
2026-08-18 19:33:02,253 [DEBUG] cnn_neat: Trimmed elite queue to 128 entries
2026-08-18 19:33:03,668 [DEBUG] cnn_neat: Split edge 0→21, new hidden node 22 (pool=13)
2026-08-18 19:33:03,710 [DEBUG] cnn_neat: Added edge 18→1 (from 51 candidates)
2026-08-18 19:33:03,743 [DEBUG] cnn_neat: Removed hidden node 18 (pool=11)
2026-08-18 19:33:03,751 [DEBUG] cnn_neat: Added edge 0→21 (from 51 candidates)
2026-08-18 19:33:03,760 [DEBUG] cnn_neat: Removed edge 9→20 (from 17 candidates)
2026-08-18 19:33:03,777 [DEBUG] cnn_neat: Added edge 16→4 (from 51 candidates)
2026-08-18 19:33:03,806 [DEBUG] cnn_neat: Removed hidden node 8 (pool=11)
2026-08-18 19:33:03,821 [DEBUG] cnn_neat: Removed edge 20→16 (from 17 candidates)
2026-08-18 19:33:03,827 [DEBUG] cnn_neat: Removed 3 edges (requested 3)
2026-08-18 19:33:03,860 [DEBUG] cnn_neat: Removed 3 edges (requested 3)
2026-08-18 19:33:03,875 [DEBUG] cnn_neat: Split edge 0→13, new hidden node 22 (pool=11)
2026-08-18 19:33:03,882 [DEBUG] cnn_neat: Crossover rejected: union topology invalid (edges=47 nodes=24)
2026-08-18 19:33:03,914 [DEBUG] cnn_neat: Added edge 18→20 (from 51 candidates)
2026-08-18 19:33:03,925 [DEBUG] cnn_neat: Split edge 13→16, new hidden node 22 (pool=1)
2026-08-18 19:33:03,930 [DEBUG] cnn_neat: Added edge 10→20 (from 51 candidates)
2026-08-18 19:33:03,942 [DEBUG] cnn_neat: Added edge 18→9 (from 46 candidates)
2026-08-18 19:33:03,953 [DEBUG] cnn_neat: Added edge 10→4 (from 45 candidates)
2026-08-18 19:33:03,965 [DEBUG] cnn_neat: Added edge 13→18 (from 44 candidates)
2026-08-18 19:33:03,976 [DEBUG] cnn_neat: Added edge 4→16 (from 41 candidates)
2026-08-18 19:33:03,996 [DEBUG] cnn_neat: Added edge 8→13 (from 45 candidates)
2026-08-18 19:33:04,008 [DEBUG] cnn_neat: Added edge 19→20 (from 45 candidates)
2026-08-18 19:33:04,024 [DEBUG] cnn_neat: Removed hidden node 21 (pool=11)
2026-08-18 19:33:04,036 [DEBUG] cnn_neat: Removed edge 18→16 (from 18 candidates)
2026-08-18 19:33:04,052 [DEBUG] cnn_neat: Removed 3 edges (requested 3)
2026-08-18 19:33:04,066 [DEBUG] cnn_neat: Crossover rejected: union topology invalid (edges=47 nodes=24)
2026-08-18 19:33:04,082 [DEBUG] cnn_neat: Added edge 18→17 (from 45 candidates)
2026-08-18 19:33:04,094 [DEBUG] cnn_neat: Added edge 13→18 (from 45 candidates)
2026-08-18 19:33:04,106 [DEBUG] cnn_neat: Added edge 21→8 (from 42 candidates)
2026-08-18 19:33:04,116 [DEBUG] cnn_neat: Added edge 21→18 (from 36 candidates)
2026-08-18 19:33:04,128 [DEBUG] cnn_neat: Added edge 18→4 (from 35 candidates)
2026-08-18 19:33:04,140 [DEBUG] cnn_neat: Added edge 13→8 (from 34 candidates)
2026-08-18 19:33:04,161 [DEBUG] cnn_neat: Added edge 21→1 (from 45 candidates)
2026-08-18 19:33:04,172 [DEBUG] cnn_neat: Added edge 19→17 (from 45 candidates)
2026-08-18 19:33:04,185 [DEBUG] cnn_neat: Removed hidden node 8 (pool=11)
2026-08-18 19:33:04,195 [DEBUG] cnn_neat: Removed edge 17→10 (from 18 candidates)
2026-08-18 19:33:04,214 [DEBUG] cnn_neat: Removed 3 edges (requested 3)
2026-08-18 19:33:04,226 [DEBUG] cnn_neat: Crossover rejected: union topology invalid (edges=48 nodes=24)
2026-08-18 19:33:04,243 [DEBUG] cnn_neat: Added edge 0→20 (from 45 candidates)
2026-08-18 19:33:04,253 [DEBUG] cnn_neat: Added edge 19→21 (from 45 candidates)
2026-08-18 19:33:04,263 [DEBUG] cnn_neat: Added edge 8→9 (from 41 candidates)
2026-08-18 19:33:04,274 [DEBUG] cnn_neat: Added edge 20→1 (from 40 candidates)
2026-08-18 19:33:04,286 [DEBUG] cnn_neat: Added edge 19→1 (from 38 candidates)
2026-08-18 19:33:04,296 [DEBUG] cnn_neat: Added edge 9→4 (from 36 candidates)
2026-08-18 19:33:04,306 [DEBUG] cnn_neat: Split edge 0→4, new hidden node 23 (pool=3)
2026-08-18 19:33:04,316 [DEBUG] cnn_neat: Added edge 19→20 (from 57 candidates)
2026-08-18 19:33:04,333 [DEBUG] cnn_neat: Removed hidden node 10 (pool=11)
2026-08-18 19:33:04,342 [DEBUG] cnn_neat: Removed edge 0→4 (from 16 candidates)
2026-08-18 19:33:04,361 [DEBUG] cnn_neat: Removed 3 edges (requested 3)
2026-08-18 19:33:04,376 [DEBUG] cnn_neat: Crossover rejected: union topology invalid (edges=49 nodes=25)
2026-08-18 19:33:04,384 [DEBUG] cnn_neat: Split edge 0→22, new hidden node 23 (pool=3)
2026-08-18 19:33:04,397 [DEBUG] cnn_neat: Added edge 22→13 (from 57 candidates)
2026-08-18 19:33:04,408 [DEBUG] cnn_neat: Added edge 13→20 (from 49 candidates)
2026-08-18 19:33:04,419 [DEBUG] cnn_neat: Added edge 20→17 (from 39 candidates)
2026-08-18 19:33:04,430 [DEBUG] cnn_neat: Added edge 8→13 (from 38 candidates)
2026-08-18 19:33:04,442 [DEBUG] cnn_neat: Added edge 8→4 (from 36 candidates)
2026-08-18 19:33:04,451 [DEBUG] cnn_neat: Split edge 0→20, new hidden node 22 (pool=17)
2026-08-18 19:33:04,462 [DEBUG] cnn_neat: Added edge 13→10 (from 36 candidates)
2026-08-18 19:33:04,477 [DEBUG] cnn_neat: Removed hidden node 17 (pool=10)
2026-08-18 19:33:04,485 [DEBUG] cnn_neat: Removed edge 9→16 (from 18 candidates)
2026-08-18 19:33:04,503 [DEBUG] cnn_neat: Removed 3 edges (requested 3)
2026-08-18 19:33:04,513 [DEBUG] cnn_neat: Crossover rejected: union topology invalid (edges=48 nodes=23)
2026-08-18 19:33:04,522 [DEBUG] cnn_neat: Split edge 9→16, new hidden node 22 (pool=17)
2026-08-18 19:33:04,532 [DEBUG] cnn_neat: Added edge 10→1 (from 36 candidates)
2026-08-18 19:33:04,543 [DEBUG] cnn_neat: Added edge 18→13 (from 35 candidates)
2026-08-18 19:33:04,553 [DEBUG] cnn_neat: Added edge 10→21 (from 32 candidates)
2026-08-18 19:33:04,564 [DEBUG] cnn_neat: Added edge 8→17 (from 29 candidates)
2026-08-18 19:33:04,574 [DEBUG] cnn_neat: Added edge 19→21 (from 23 candidates)
2026-08-18 19:33:04,596 [DEBUG] cnn_neat: Added edge 21→17 (from 41 candidates)
2026-08-18 19:33:04,608 [DEBUG] cnn_neat: Added edge 8→9 (from 41 candidates)
2026-08-18 19:33:04,623 [DEBUG] cnn_neat: Removed hidden node 20 (pool=11)
2026-08-18 19:33:04,633 [DEBUG] cnn_neat: Removed edge 9→10 (from 19 candidates)
2026-08-18 19:33:04,651 [DEBUG] cnn_neat: Removed 3 edges (requested 3)
2026-08-18 19:33:04,664 [DEBUG] cnn_neat: Crossover rejected: union topology invalid (edges=49 nodes=25)
2026-08-18 19:33:04,679 [DEBUG] cnn_neat: Added edge 8→13 (from 41 candidates)
2026-08-18 19:33:04,692 [DEBUG] cnn_neat: Added edge 10→1 (from 41 candidates)
2026-08-18 19:33:04,701 [DEBUG] cnn_neat: Added edge 19→21 (from 40 candidates)
2026-08-18 19:33:04,711 [DEBUG] cnn_neat: Added edge 18→17 (from 39 candidates)
2026-08-18 19:33:04,723 [DEBUG] cnn_neat: Added edge 10→17 (from 38 candidates)
2026-08-18 19:33:04,734 [DEBUG] cnn_neat: Added edge 13→18 (from 37 candidates)
2026-08-18 19:33:04,756 [DEBUG] cnn_neat: Added edge 10→17 (from 46 candidates)
2026-08-18 19:33:04,767 [DEBUG] cnn_neat: Added edge 10→22 (from 46 candidates)
2026-08-18 19:33:04,785 [DEBUG] cnn_neat: Removed hidden node 22 (pool=11)
2026-08-18 19:33:04,795 [DEBUG] cnn_neat: Removed edge 9→20 (from 20 candidates)
2026-08-18 19:33:04,814 [DEBUG] cnn_neat: Removed 3 edges (requested 3)
2026-08-18 19:33:04,825 [DEBUG] cnn_neat: Crossover rejected: union topology invalid (edges=51 nodes=25)
2026-08-18 19:33:04,841 [DEBUG] cnn_neat: Added edge 16→22 (from 46 candidates)
2026-08-18 19:33:04,852 [DEBUG] cnn_neat: Added edge 8→22 (from 46 candidates)
2026-08-18 19:33:04,864 [DEBUG] cnn_neat: Added edge 13→8 (from 44 candidates)
2026-08-18 19:33:04,874 [DEBUG] cnn_neat: Added edge 17→22 (from 39 candidates)
2026-08-18 19:33:04,885 [DEBUG] cnn_neat: Added edge 17→21 (from 34 candidates)
2026-08-18 19:33:04,895 [DEBUG] cnn_neat: Added edge 18→22 (from 33 candidates)
2026-08-18 19:33:04,915 [DEBUG] cnn_neat: Added edge 16→4 (from 42 candidates)
2026-08-18 19:33:04,927 [DEBUG] cnn_neat: Added edge 19→21 (from 42 candidates)
2026-08-18 19:33:04,942 [DEBUG] cnn_neat: Removed hidden node 20 (pool=11)
2026-08-18 19:33:04,951 [DEBUG] cnn_neat: Removed edge 9→10 (from 19 candidates)
2026-08-18 19:33:04,968 [DEBUG] cnn_neat: Removed 3 edges (requested 3)
2026-08-18 19:33:04,979 [DEBUG] cnn_neat: Crossover rejected: union topology invalid (edges=49 nodes=24)
2026-08-18 19:33:04,996 [DEBUG] cnn_neat: Added edge 18→1 (from 42 candidates)
2026-08-18 19:33:05,008 [DEBUG] cnn_neat: Added edge 10→1 (from 42 candidates)
2026-08-18 19:33:05,019 [DEBUG] cnn_neat: Added edge 9→17 (from 41 candidates)
2026-08-18 19:33:05,029 [DEBUG] cnn_neat: Added edge 0→19 (from 40 candidates)
2026-08-18 19:33:05,042 [DEBUG] cnn_neat: Added edge 18→13 (from 35 candidates)
2026-08-18 19:33:05,057 [DEBUG] cnn_neat: Added edge 10→16 (from 32 candidates)
2026-08-18 19:33:05,079 [DEBUG] cnn_neat: Added edge 8→9 (from 40 candidates)
2026-08-18 19:33:05,092 [DEBUG] cnn_neat: Added edge 0→19 (from 40 candidates)
2026-08-18 19:33:05,109 [DEBUG] cnn_neat: Removed hidden node 17 (pool=11)
2026-08-18 19:33:05,120 [DEBUG] cnn_neat: Removed edge 17→1 (from 20 candidates)
2026-08-18 19:33:05,139 [DEBUG] cnn_neat: Removed 3 edges (requested 3)
2026-08-18 19:33:05,152 [DEBUG] cnn_neat: Crossover rejected: union topology invalid (edges=48 nodes=25)
2026-08-18 19:33:05,167 [DEBUG] cnn_neat: Added edge 13→22 (from 40 candidates)
2026-08-18 19:33:05,179 [DEBUG] cnn_neat: Added edge 8→22 (from 40 candidates)
2026-08-18 19:33:05,188 [DEBUG] cnn_neat: Added edge 18→13 (from 39 candidates)
2026-08-18 19:33:05,200 [DEBUG] cnn_neat: Added edge 10→16 (from 36 candidates)
2026-08-18 19:33:05,211 [DEBUG] cnn_neat: Added edge 16→22 (from 35 candidates)
2026-08-18 19:33:05,222 [DEBUG] cnn_neat: Added edge 20→17 (from 33 candidates)
2026-08-18 19:33:05,243 [DEBUG] cnn_neat: Added edge 19→22 (from 55 candidates)
2026-08-18 19:33:05,255 [DEBUG] cnn_neat: Added edge 19→4 (from 55 candidates)
2026-08-18 19:33:05,271 [DEBUG] cnn_neat: Removed hidden node 13 (pool=12)
2026-08-18 19:33:05,281 [DEBUG] cnn_neat: Removed edge 17→4 (from 19 candidates)
2026-08-18 19:33:05,298 [DEBUG] cnn_neat: Added edge 9→22 (from 60 candidates)
2026-08-18 19:33:05,611 [DEBUG] cnn_neat: Added edge 21→18 (from 46 candidates)
2026-08-18 19:33:05,718 [DEBUG] cnn_neat: Removed hidden node 19 (pool=11)
2026-08-18 19:33:05,785 [DEBUG] cnn_neat: Removed edge 21→20 (from 18 candidates)
2026-08-18 19:33:05,934 [DEBUG] cnn_neat: Removed 3 edges (requested 3)
2026-08-18 19:33:05,976 [DEBUG] cnn_neat: Added edge 21→9 (from 47 candidates)
2026-08-18 19:33:06,021 [DEBUG] cnn_neat: Removed hidden node 16 (pool=11)
2026-08-18 19:33:06,052 [DEBUG] cnn_neat: Removed edge 9→20 (from 17 candidates)
2026-08-18 19:33:06,102 [DEBUG] cnn_neat: Removed 3 edges (requested 3)
2026-08-18 19:33:06,130 [DEBUG] cnn_neat: Split edge 0→13, new hidden node 22 (pool=10)
2026-08-18 19:33:06,159 [DEBUG] cnn_neat: Split edge 8→18, new hidden node 22 (pool=13)
2026-08-18 19:33:07,165 [DEBUG] cnn_neat: Added edge 21→17 (from 51 candidates)
2026-08-18 19:33:07,379 [DEBUG] cnn_neat: Added edge 21→10 (from 45 candidates)
2026-08-18 19:33:07,445 [DEBUG] cnn_neat: Removed hidden node 20 (pool=11)
2026-08-18 19:33:07,476 [DEBUG] cnn_neat: Removed edge 13→21 (from 18 candidates)
2026-08-18 19:33:07,589 [DEBUG] cnn_neat: Removed 3 edges (requested 3)
2026-08-18 19:33:07,775 [DEBUG] cnn_neat: Added edge 16→10 (from 45 candidates)
2026-08-18 19:33:07,812 [DEBUG] cnn_neat: Removed hidden node 16 (pool=11)
2026-08-18 19:33:07,827 [DEBUG] cnn_neat: Removed edge 16→1 (from 18 candidates)
2026-08-18 19:33:07,865 [DEBUG] cnn_neat: Removed 3 edges (requested 3)
2026-08-18 19:33:07,909 [DEBUG] cnn_neat: Split edge 9→10, new hidden node 22 (pool=10)
2026-08-18 19:33:07,935 [DEBUG] cnn_neat: Split edge 13→16, new hidden node 22 (pool=1)
2026-08-18 19:33:07,977 [DEBUG] cnn_neat: Added edge 19→20 (from 60 candidates)
2026-08-18 19:33:08,022 [DEBUG] cnn_neat: Removed hidden node 4 (pool=12)
2026-08-18 19:33:08,034 [DEBUG] cnn_neat: Removed edge 9→1 (from 18 candidates)
2026-08-18 19:33:08,079 [DEBUG] cnn_neat: Removed 3 edges (requested 3)
2026-08-18 19:33:08,117 [DEBUG] cnn_neat: Split edge 13→16, new hidden node 23 (pool=1)
2026-08-18 19:33:08,146 [DEBUG] cnn_neat: Added edge 19→1 (from 59 candidates)
2026-08-18 19:33:08,165 [DEBUG] cnn_neat: Added edge 19→17 (from 61 candidates)
2026-08-18 19:33:08,210 [DEBUG] cnn_neat: Added edge 19→20 (from 58 candidates)
2026-08-18 19:33:08,245 [DEBUG] cnn_neat: Removed hidden node 10 (pool=12)
2026-08-18 19:33:08,260 [DEBUG] cnn_neat: Removed edge 17→21 (from 19 candidates)
2026-08-18 19:33:08,304 [DEBUG] cnn_neat: Removed 3 edges (requested 3)
2026-08-18 19:33:08,326 [DEBUG] cnn_neat: Split edge 16→21, new hidden node 23 (pool=8)
2026-08-18 19:33:08,343 [DEBUG] cnn_neat: Split edge 0→13, new hidden node 23 (pool=1)
2026-08-18 19:33:08,366 [DEBUG] cnn_neat: Added edge 22→18 (from 57 candidates)
2026-08-18 19:33:08,541 [DEBUG] cnn_neat: Added edge 19→17 (from 47 candidates)
2026-08-18 19:33:08,573 [DEBUG] cnn_neat: Removed hidden node 18 (pool=11)
2026-08-18 19:33:08,598 [DEBUG] cnn_neat: Removed edge 18→19 (from 19 candidates)
2026-08-18 19:33:08,647 [DEBUG] cnn_neat: Removed 3 edges (requested 3)
2026-08-18 19:33:08,685 [DEBUG] cnn_neat: Split edge 0→8, new hidden node 23 (pool=12)
2026-08-18 19:33:08,716 [DEBUG] cnn_neat: Split edge 22→21, new hidden node 23 (pool=1)
2026-08-18 19:33:08,756 [DEBUG] cnn_neat: Added edge 18→16 (from 45 candidates)
2026-08-18 19:33:08,822 [DEBUG] cnn_neat: Added edge 19→17 (from 45 candidates)
2026-08-18 19:33:08,849 [DEBUG] cnn_neat: Removed hidden node 18 (pool=11)
2026-08-18 19:33:08,865 [DEBUG] cnn_neat: Removed edge 18→10 (from 18 candidates)
2026-08-18 19:33:08,910 [DEBUG] cnn_neat: Removed 3 edges (requested 3)
2026-08-18 19:33:08,946 [DEBUG] cnn_neat: Split edge 13→21, new hidden node 22 (pool=10)
2026-08-18 19:33:08,980 [DEBUG] cnn_neat: Added edge 10→1 (from 43 candidates)
2026-08-18 19:33:09,007 [DEBUG] cnn_neat: Added edge 9→4 (from 46 candidates)
2026-08-18 19:33:09,101 [DEBUG] cnn_neat: Added edge 10→17 (from 53 candidates)
2026-08-18 19:33:09,135 [DEBUG] cnn_neat: Removed hidden node 21 (pool=12)
2026-08-18 19:33:09,157 [DEBUG] cnn_neat: Removed edge 13→21 (from 20 candidates)
2026-08-18 19:33:09,976 [DEBUG] cnn_neat: Removed 3 edges (requested 3)
2026-08-18 19:33:10,033 [DEBUG] cnn_neat: Added edge 22→13 (from 55 candidates)
2026-08-18 19:33:10,100 [DEBUG] cnn_neat: Removed hidden node 20 (pool=12)
2026-08-18 19:33:10,137 [DEBUG] cnn_neat: Removed edge 17→1 (from 19 candidates)
2026-08-18 19:33:10,201 [DEBUG] cnn_neat: Removed 3 edges (requested 3)
2026-08-18 19:33:10,237 [DEBUG] cnn_neat: Split edge 9→1, new hidden node 23 (pool=8)
2026-08-18 19:33:11,031 [DEBUG] cnn_neat: Added edge 9→21 (from 53 candidates)
2026-08-18 19:33:11,045 [DEBUG] cnn_neat: Removed hidden node 20 (pool=12)
2026-08-18 19:33:11,068 [DEBUG] cnn_neat: Removed edge 18→10 (from 19 candidates)
2026-08-18 19:33:11,116 [DEBUG] cnn_neat: Removed 3 edges (requested 3)
2026-08-18 19:33:11,163 [DEBUG] cnn_neat: Split edge 16→21, new hidden node 23 (pool=9)
2026-08-18 19:33:11,182 [DEBUG] cnn_neat: Split edge 0→13, new hidden node 23 (pool=1)
2026-08-18 19:33:11,232 [DEBUG] cnn_neat: Split edge 0→4, new hidden node 23 (pool=3)
2026-08-18 19:33:11,251 [DEBUG] cnn_neat: Added edge 8→20 (from 57 candidates)
2026-08-18 19:33:11,286 [DEBUG] cnn_neat: Removed hidden node 17 (pool=11)
2026-08-18 19:33:11,313 [DEBUG] cnn_neat: Removed edge 17→4 (from 16 candidates)
2026-08-18 19:33:11,364 [DEBUG] cnn_neat: Removed 3 edges (requested 3)
2026-08-18 19:33:11,397 [DEBUG] cnn_neat: Split edge 9→10, new hidden node 23 (pool=11)
2026-08-18 19:33:11,434 [DEBUG] cnn_neat: Split edge 13→16, new hidden node 23 (pool=12)
2026-08-18 19:33:11,470 [DEBUG] cnn_neat: Split edge 13→16, new hidden node 22 (pool=17)
2026-08-18 19:33:11,492 [DEBUG] cnn_neat: Added edge 8→17 (from 36 candidates)
2026-08-18 19:33:12,233 [DEBUG] cnn_neat: Removed hidden node 17 (pool=10)
2026-08-18 19:33:12,338 [DEBUG] cnn_neat: Added edge 8→22 (from 41 candidates)
2026-08-18 19:33:12,361 [DEBUG] cnn_neat: Removed hidden node 19 (pool=11)
2026-08-18 19:33:12,385 [DEBUG] cnn_neat: Removed edge 16→1 (from 19 candidates)
2026-08-18 19:33:12,414 [DEBUG] cnn_neat: Removed 3 edges (requested 3)
2026-08-18 19:33:12,446 [DEBUG] cnn_neat: Split edge 16→22, new hidden node 23 (pool=13)
2026-08-18 19:33:12,477 [DEBUG] cnn_neat: Split edge 9→1, new hidden node 23 (pool=10)
2026-08-18 19:33:12,532 [DEBUG] cnn_neat: Added edge 17→21 (from 46 candidates)
2026-08-18 19:33:12,572 [DEBUG] cnn_neat: Removed hidden node 10 (pool=11)
2026-08-18 19:33:12,600 [DEBUG] cnn_neat: Removed edge 18→19 (from 20 candidates)
2026-08-18 19:33:12,644 [DEBUG] cnn_neat: Removed 3 edges (requested 3)
2026-08-18 19:33:12,675 [DEBUG] cnn_neat: Split edge 9→20, new hidden node 23 (pool=8)
2026-08-18 19:33:12,693 [DEBUG] cnn_neat: Split edge 16→21, new hidden node 23 (pool=12)
2026-08-18 19:33:13,507 [DEBUG] cnn_neat: Added edge 4→9 (from 42 candidates)
2026-08-18 19:33:13,551 [DEBUG] cnn_neat: Added edge 13→8 (from 40 candidates)
2026-08-18 19:33:13,601 [DEBUG] cnn_neat: Removed hidden node 17 (pool=11)
2026-08-18 19:33:13,620 [DEBUG] cnn_neat: Removed edge 17→1 (from 20 candidates)
2026-08-18 19:33:13,636 [DEBUG] cnn_neat: Removed 3 edges (requested 3)
2026-08-18 19:33:13,657 [DEBUG] cnn_neat: Split edge 9→20, new hidden node 23 (pool=11)
2026-08-18 19:33:13,686 [DEBUG] cnn_neat: Added edge 20→17 (from 36 candidates)
2026-08-18 19:33:13,713 [DEBUG] cnn_neat: Added edge 13→22 (from 38 candidates)
2026-08-18 19:33:13,733 [DEBUG] cnn_neat: Split edge 16→1, new hidden node 24 (pool=10)
2026-08-18 19:33:13,793 [DEBUG] cnn_neat: Added edge 17→21 (from 55 candidates)
2026-08-18 19:33:13,835 [DEBUG] cnn_neat: Removed hidden node 13 (pool=12)
2026-08-18 19:33:13,844 [DEBUG] cnn_neat: Removed edge 13→21 (from 19 candidates)
2026-08-18 19:33:13,868 [DEBUG] cnn_neat: Removed 3 edges (requested 3)
2026-08-18 19:33:13,944 [DEBUG] cnn_neat: Added edge 20→17 (from 56 candidates)
2026-08-18 19:33:14,065 [DEBUG] cnn_neat: Added edge 22→8 (from 56 candidates)
2026-08-18 19:33:14,276 [DEBUG] cnn_neat: Removed hidden node 10 (pool=12)
2026-08-18 19:33:14,312 [DEBUG] cnn_neat: Added edge 18→13 (from 56 candidates)
2026-08-18 19:33:15,145 [DEBUG] cnn_neat: Removed hidden node 19 (pool=12)
2026-08-18 19:33:15,178 [DEBUG] cnn_neat: Added edge 18→22 (from 55 candidates)
2026-08-18 19:33:15,225 [DEBUG] cnn_neat: Removed hidden node 10 (pool=12)
2026-08-18 19:33:15,250 [DEBUG] cnn_neat: Removed edge 9→1 (from 19 candidates)
2026-08-18 19:33:15,292 [DEBUG] cnn_neat: Removed 3 edges (requested 3)
2026-08-18 19:33:15,328 [DEBUG] cnn_neat: Split edge 9→1, new hidden node 23 (pool=9)
2026-08-18 19:33:15,347 [DEBUG] cnn_neat: Split edge 13→16, new hidden node 23 (pool=1)
2026-08-18 19:33:15,393 [DEBUG] cnn_neat: Added edge 19→22 (from 53 candidates)
2026-08-18 19:33:15,421 [DEBUG] cnn_neat: Removed hidden node 19 (pool=12)
2026-08-18 19:33:15,439 [DEBUG] cnn_neat: Removed edge 20→21 (from 19 candidates)
2026-08-18 19:33:15,468 [DEBUG] cnn_neat: Removed 3 edges (requested 3)
2026-08-18 19:33:15,487 [DEBUG] cnn_neat: Split edge 18→10, new hidden node 23 (pool=12)
2026-08-18 19:33:15,513 [DEBUG] cnn_neat: Added edge 18→13 (from 46 candidates)
2026-08-18 19:33:15,532 [DEBUG] cnn_neat: Added edge 8→13 (from 54 candidates)
2026-08-18 19:33:15,567 [DEBUG] cnn_neat: Added edge 17→22 (from 51 candidates)
2026-08-18 19:33:15,605 [DEBUG] cnn_neat: Saved generation 28
2026-08-18 19:33:15,838 [DEBUG] cnn_neat: Selected 25 elite individuals
2026-08-18 19:33:15,840 [DEBUG] cnn_neat: Removed hidden node 20 (pool=12)
2026-08-18 19:33:15,889 [DEBUG] cnn_neat: Removed edge 16→21 (from 20 candidates)
2026-08-18 19:33:15,967 [DEBUG] cnn_neat: Removed 3 edges (requested 3)
2026-08-18 19:33:16,205 [DEBUG] cnn_neat: Added edge 8→16 (from 47 candidates)
2026-08-18 19:33:16,244 [DEBUG] cnn_neat: Removed hidden node 21 (pool=12)
2026-08-18 19:33:16,278 [DEBUG] cnn_neat: Removed edge 18→20 (from 20 candidates)
2026-08-18 19:33:16,340 [DEBUG] cnn_neat: Removed 3 edges (requested 3)
2026-08-18 19:33:16,382 [DEBUG] cnn_neat: Added edge 16→4 (from 52 candidates)
2026-08-18 19:33:16,440 [DEBUG] cnn_neat: Removed hidden node 4 (pool=12)
2026-08-18 19:33:16,441 [DEBUG] cnn_neat: Trimmed elite queue to 128 entries
2026-08-18 19:33:17,975 [DEBUG] cnn_neat: Removed edge 9→10 (from 20 candidates)
2026-08-18 19:33:18,041 [DEBUG] cnn_neat: Added edge 19→16 (from 50 candidates)
2026-08-18 19:33:18,056 [DEBUG] cnn_neat: Added edge 19→4 (from 50 candidates)
2026-08-18 19:33:18,080 [DEBUG] cnn_neat: Added edge 0→19 (from 50 candidates)
2026-08-18 19:33:18,110 [DEBUG] cnn_neat: Removed hidden node 9 (pool=11)
2026-08-18 19:33:18,115 [DEBUG] cnn_neat: Removed hidden node 19 (pool=11)
2026-08-18 19:33:18,133 [DEBUG] cnn_neat: Removed edge 8→4 (from 17 candidates)
2026-08-18 19:33:18,141 [DEBUG] cnn_neat: Removed edge 9→16 (from 17 candidates)
2026-08-18 19:33:18,168 [DEBUG] cnn_neat: Removed 3 edges (requested 3)
2026-08-18 19:33:18,184 [DEBUG] cnn_neat: Removed 3 edges (requested 3)
2026-08-18 19:33:18,201 [DEBUG] cnn_neat: Split edge 8→18, new hidden node 22 (pool=13)
2026-08-18 19:33:18,214 [DEBUG] cnn_neat: Crossover rejected: union topology invalid (edges=44 nodes=24)
2026-08-18 19:33:18,234 [DEBUG] cnn_neat: Split edge 0→13, new hidden node 22 (pool=4)
2026-08-18 19:33:18,243 [DEBUG] cnn_neat: Added edge 19→10 (from 50 candidates)
2026-08-18 19:33:18,254 [DEBUG] cnn_neat: Added edge 18→4 (from 50 candidates)
2026-08-18 19:33:18,264 [DEBUG] cnn_neat: Added edge 21→8 (from 49 candidates)
2026-08-18 19:33:18,274 [DEBUG] cnn_neat: Added edge 20→1 (from 40 candidates)
2026-08-18 19:33:18,285 [DEBUG] cnn_neat: Added edge 19→20 (from 38 candidates)
2026-08-18 19:33:18,296 [DEBUG] cnn_neat: Added edge 21→9 (from 36 candidates)
2026-08-18 19:33:18,317 [DEBUG] cnn_neat: Added edge 21→18 (from 49 candidates)
2026-08-18 19:33:18,329 [DEBUG] cnn_neat: Added edge 13→8 (from 49 candidates)
2026-08-18 19:33:18,344 [DEBUG] cnn_neat: Removed hidden node 8 (pool=11)
2026-08-18 19:33:18,353 [DEBUG] cnn_neat: Removed edge 16→17 (from 18 candidates)
2026-08-18 19:33:18,370 [DEBUG] cnn_neat: Removed 3 edges (requested 3)
2026-08-18 19:33:18,383 [DEBUG] cnn_neat: Crossover rejected: union topology invalid (edges=50 nodes=25)
2026-08-18 19:33:18,397 [DEBUG] cnn_neat: Added edge 20→1 (from 49 candidates)
2026-08-18 19:33:18,408 [DEBUG] cnn_neat: Added edge 8→13 (from 49 candidates)
2026-08-18 19:33:18,419 [DEBUG] cnn_neat: Added edge 18→1 (from 46 candidates)
2026-08-18 19:33:18,429 [DEBUG] cnn_neat: Added edge 19→13 (from 45 candidates)
2026-08-18 19:33:18,440 [DEBUG] cnn_neat: Added edge 18→17 (from 41 candidates)
2026-08-18 19:33:18,450 [DEBUG] cnn_neat: Added edge 19→21 (from 40 candidates)
2026-08-18 19:33:18,473 [DEBUG] cnn_neat: Added edge 21→18 (from 43 candidates)
2026-08-18 19:33:18,485 [DEBUG] cnn_neat: Added edge 19→20 (from 43 candidates)
2026-08-18 19:33:18,501 [DEBUG] cnn_neat: Removed hidden node 9 (pool=11)
2026-08-18 19:33:18,510 [DEBUG] cnn_neat: Removed edge 21→20 (from 19 candidates)
2026-08-18 19:33:18,529 [DEBUG] cnn_neat: Removed 3 edges (requested 3)
2026-08-18 19:33:18,541 [DEBUG] cnn_neat: Crossover rejected: union topology invalid (edges=52 nodes=25)
2026-08-18 19:33:18,557 [DEBUG] cnn_neat: Added edge 19→10 (from 43 candidates)
2026-08-18 19:33:18,567 [DEBUG] cnn_neat: Added edge 8→13 (from 43 candidates)
2026-08-18 19:33:18,578 [DEBUG] cnn_neat: Added edge 0→10 (from 40 candidates)
2026-08-18 19:33:18,589 [DEBUG] cnn_neat: Added edge 21→18 (from 39 candidates)
2026-08-18 19:33:18,600 [DEBUG] cnn_neat: Added edge 18→17 (from 33 candidates)
2026-08-18 19:33:18,613 [DEBUG] cnn_neat: Added edge 19→20 (from 32 candidates)
2026-08-18 19:33:18,636 [DEBUG] cnn_neat: Added edge 9→4 (from 49 candidates)
2026-08-18 19:33:18,647 [DEBUG] cnn_neat: Added edge 17→22 (from 49 candidates)
2026-08-18 19:33:18,664 [DEBUG] cnn_neat: Removed hidden node 18 (pool=11)
2026-08-18 19:33:18,674 [DEBUG] cnn_neat: Removed edge 9→10 (from 15 candidates)
2026-08-18 19:33:18,694 [DEBUG] cnn_neat: Removed 3 edges (requested 3)
2026-08-18 19:33:18,708 [DEBUG] cnn_neat: Crossover rejected: union topology invalid (edges=48 nodes=25)
2026-08-18 19:33:18,724 [DEBUG] cnn_neat: Added edge 22→8 (from 49 candidates)
2026-08-18 19:33:18,737 [DEBUG] cnn_neat: Added edge 22→16 (from 49 candidates)
2026-08-18 19:33:18,750 [DEBUG] cnn_neat: Added edge 8→13 (from 45 candidates)
2026-08-18 19:33:18,761 [DEBUG] cnn_neat: Added edge 19→1 (from 43 candidates)
2026-08-18 19:33:18,774 [DEBUG] cnn_neat: Added edge 18→13 (from 41 candidates)
2026-08-18 19:33:18,787 [DEBUG] cnn_neat: Added edge 10→22 (from 39 candidates)
2026-08-18 19:33:18,799 [DEBUG] cnn_neat: Split edge 0→22, new hidden node 23 (pool=3)
2026-08-18 19:33:18,809 [DEBUG] cnn_neat: Added edge 10→16 (from 60 candidates)
2026-08-18 19:33:18,830 [DEBUG] cnn_neat: Removed hidden node 9 (pool=11)
2026-08-18 19:33:18,840 [DEBUG] cnn_neat: Removed edge 0→13 (from 15 candidates)
2026-08-18 19:33:18,856 [DEBUG] cnn_neat: Removed 3 edges (requested 3)
2026-08-18 19:33:18,869 [DEBUG] cnn_neat: Crossover rejected: union topology invalid (edges=49 nodes=25)
2026-08-18 19:33:18,878 [DEBUG] cnn_neat: Split edge 0→4, new hidden node 23 (pool=3)
2026-08-18 19:33:18,892 [DEBUG] cnn_neat: Added edge 4→10 (from 60 candidates)
2026-08-18 19:33:18,903 [DEBUG] cnn_neat: Added edge 9→17 (from 44 candidates)
2026-08-18 19:33:18,916 [DEBUG] cnn_neat: Added edge 9→4 (from 43 candidates)
2026-08-18 19:33:18,927 [DEBUG] cnn_neat: Added edge 20→17 (from 39 candidates)
2026-08-18 19:33:18,941 [DEBUG] cnn_neat: Added edge 20→1 (from 38 candidates)
2026-08-18 19:33:18,950 [DEBUG] cnn_neat: Split edge 22→21, new hidden node 23 (pool=1)
2026-08-18 19:33:18,967 [DEBUG] cnn_neat: Added edge 23→19 (from 52 candidates)
2026-08-18 19:33:18,979 [DEBUG] cnn_neat: Added edge 22→16 (from 44 candidates)
2026-08-18 19:33:18,995 [DEBUG] cnn_neat: Removed hidden node 18 (pool=11)
2026-08-18 19:33:19,005 [DEBUG] cnn_neat: Removed edge 9→16 (from 17 candidates)
2026-08-18 19:33:19,027 [DEBUG] cnn_neat: Removed 3 edges (requested 3)
2026-08-18 19:33:19,039 [DEBUG] cnn_neat: Crossover rejected: union topology invalid (edges=48 nodes=25)
2026-08-18 19:33:19,049 [DEBUG] cnn_neat: Split edge 22→21, new hidden node 23 (pool=1)
2026-08-18 19:33:19,059 [DEBUG] cnn_neat: Added edge 23→17 (from 52 candidates)
2026-08-18 19:33:19,071 [DEBUG] cnn_neat: Added edge 10→21 (from 44 candidates)
2026-08-18 19:33:19,082 [DEBUG] cnn_neat: Added edge 18→16 (from 43 candidates)
2026-08-18 19:33:19,094 [DEBUG] cnn_neat: Added edge 13→8 (from 42 candidates)
2026-08-18 19:33:19,107 [DEBUG] cnn_neat: Added edge 8→21 (from 38 candidates)
2026-08-18 19:33:19,119 [DEBUG] cnn_neat: Added edge 22→18 (from 37 candidates)
2026-08-18 19:33:19,142 [DEBUG] cnn_neat: Added edge 10→17 (from 32 candidates)
2026-08-18 19:33:19,152 [DEBUG] cnn_neat: Added edge 8→9 (from 32 candidates)
2026-08-18 19:33:19,168 [DEBUG] cnn_neat: Removed hidden node 13 (pool=10)
2026-08-18 19:33:19,180 [DEBUG] cnn_neat: Removed edge 20→21 (from 20 candidates)
2026-08-18 19:33:19,199 [DEBUG] cnn_neat: Removed 3 edges (requested 3)
2026-08-18 19:33:19,211 [DEBUG] cnn_neat: Crossover rejected: union topology invalid (edges=45 nodes=23)
2026-08-18 19:33:19,225 [DEBUG] cnn_neat: Added edge 18→17 (from 32 candidates)
2026-08-18 19:33:19,236 [DEBUG] cnn_neat: Added edge 19→13 (from 32 candidates)
2026-08-18 19:33:19,244 [DEBUG] cnn_neat: Added edge 19→16 (from 29 candidates)
2026-08-18 19:33:19,255 [DEBUG] cnn_neat: Added edge 0→20 (from 28 candidates)
2026-08-18 19:33:19,269 [DEBUG] cnn_neat: Added edge 18→9 (from 28 candidates)
2026-08-18 19:33:19,281 [DEBUG] cnn_neat: Added edge 8→13 (from 27 candidates)
2026-08-18 19:33:19,303 [DEBUG] cnn_neat: Added edge 23→10 (from 52 candidates)
2026-08-18 19:33:19,316 [DEBUG] cnn_neat: Added edge 22→10 (from 52 candidates)
2026-08-18 19:33:19,333 [DEBUG] cnn_neat: Removed hidden node 19 (pool=12)
2026-08-18 19:33:19,342 [DEBUG] cnn_neat: Removed edge 18→10 (from 16 candidates)
2026-08-18 19:33:19,361 [DEBUG] cnn_neat: Removed 3 edges (requested 3)
2026-08-18 19:33:19,374 [DEBUG] cnn_neat: Crossover rejected: union topology invalid (edges=49 nodes=26)
2026-08-18 19:33:19,391 [DEBUG] cnn_neat: Added edge 22→18 (from 52 candidates)
2026-08-18 19:33:19,403 [DEBUG] cnn_neat: Added edge 0→23 (from 52 candidates)
2026-08-18 19:33:19,416 [DEBUG] cnn_neat: Added edge 9→23 (from 56 candidates)
2026-08-18 19:33:19,427 [DEBUG] cnn_neat: Added edge 17→21 (from 51 candidates)
2026-08-18 19:33:19,438 [DEBUG] cnn_neat: Added edge 18→9 (from 49 candidates)
2026-08-18 19:33:19,448 [DEBUG] cnn_neat: Added edge 22→17 (from 48 candidates)
2026-08-18 19:33:19,469 [DEBUG] cnn_neat: Added edge 10→4 (from 62 candidates)
2026-08-18 19:33:19,481 [DEBUG] cnn_neat: Added edge 13→18 (from 62 candidates)
2026-08-18 19:33:19,498 [DEBUG] cnn_neat: Removed hidden node 10 (pool=12)
2026-08-18 19:33:19,508 [DEBUG] cnn_neat: Removed edge 0→13 (from 17 candidates)
2026-08-18 19:33:19,527 [DEBUG] cnn_neat: Removed 3 edges (requested 3)
2026-08-18 19:33:19,539 [DEBUG] cnn_neat: Crossover rejected: union topology invalid (edges=45 nodes=24)
2026-08-18 19:33:19,555 [DEBUG] cnn_neat: Added edge 8→23 (from 62 candidates)
2026-08-18 19:33:19,566 [DEBUG] cnn_neat: Added edge 16→22 (from 62 candidates)
2026-08-18 19:33:19,578 [DEBUG] cnn_neat: Added edge 20→23 (from 56 candidates)
2026-08-18 19:33:19,589 [DEBUG] cnn_neat: Added edge 13→18 (from 51 candidates)
2026-08-18 19:33:19,600 [DEBUG] cnn_neat: Added edge 23→16 (from 48 candidates)
2026-08-18 19:33:19,614 [DEBUG] cnn_neat: Added edge 9→17 (from 44 candidates)
2026-08-18 19:33:19,636 [DEBUG] cnn_neat: Added edge 10→22 (from 66 candidates)
2026-08-18 19:33:19,936 [DEBUG] cnn_neat: Added edge 21→4 (from 46 candidates)
2026-08-18 19:33:20,112 [DEBUG] cnn_neat: Removed hidden node 20 (pool=11)
2026-08-18 19:33:20,148 [DEBUG] cnn_neat: Removed edge 21→20 (from 18 candidates)
2026-08-18 19:33:20,182 [DEBUG] cnn_neat: Removed 3 edges (requested 3)
2026-08-18 19:33:20,322 [DEBUG] cnn_neat: Added edge 18→13 (from 47 candidates)
2026-08-18 19:33:20,367 [DEBUG] cnn_neat: Removed hidden node 21 (pool=11)
2026-08-18 19:33:20,395 [DEBUG] cnn_neat: Removed edge 18→10 (from 17 candidates)
2026-08-18 19:33:20,432 [DEBUG] cnn_neat: Removed 3 edges (requested 3)
2026-08-18 19:33:20,469 [DEBUG] cnn_neat: Split edge 0→4, new hidden node 21 (pool=3)
2026-08-18 19:33:20,494 [DEBUG] cnn_neat: Split edge 0→13, new hidden node 22 (pool=1)
2026-08-18 19:33:20,547 [DEBUG] cnn_neat: Added edge 8→16 (from 51 candidates)
2026-08-18 19:33:20,589 [DEBUG] cnn_neat: Removed hidden node 9 (pool=11)
2026-08-18 19:33:21,523 [DEBUG] cnn_neat: Removed edge 9→1 (from 17 candidates)
2026-08-18 19:33:21,933 [DEBUG] cnn_neat: Added edge 19→17 (from 45 candidates)
2026-08-18 19:33:21,977 [DEBUG] cnn_neat: Removed hidden node 19 (pool=11)
2026-08-18 19:33:21,999 [DEBUG] cnn_neat: Removed edge 18→16 (from 18 candidates)
2026-08-18 19:33:22,105 [DEBUG] cnn_neat: Removed 3 edges (requested 3)
2026-08-18 19:33:22,259 [DEBUG] cnn_neat: Added edge 21→1 (from 45 candidates)
2026-08-18 19:33:22,415 [DEBUG] cnn_neat: Removed hidden node 21 (pool=11)
2026-08-18 19:33:22,437 [DEBUG] cnn_neat: Removed edge 17→10 (from 18 candidates)
2026-08-18 19:33:22,478 [DEBUG] cnn_neat: Removed 3 edges (requested 3)
2026-08-18 19:33:22,497 [DEBUG] cnn_neat: Split edge 8→4, new hidden node 21 (pool=3)
2026-08-18 19:33:22,517 [DEBUG] cnn_neat: Split edge 0→13, new hidden node 22 (pool=1)
2026-08-18 19:33:22,561 [DEBUG] cnn_neat: Added edge 10→17 (from 50 candidates)
2026-08-18 19:33:22,603 [DEBUG] cnn_neat: Removed hidden node 20 (pool=11)
2026-08-18 19:33:22,617 [DEBUG] cnn_neat: Removed edge 8→4 (from 17 candidates)
2026-08-18 19:33:22,643 [DEBUG] cnn_neat: Removed 3 edges (requested 3)
2026-08-18 19:33:22,670 [DEBUG] cnn_neat: Split edge 13→9, new hidden node 22 (pool=8)
2026-08-18 19:33:22,685 [DEBUG] cnn_neat: Split edge 9→20, new hidden node 22 (pool=6)
2026-08-18 19:33:22,713 [DEBUG] cnn_neat: Added edge 19→17 (from 47 candidates)
2026-08-18 19:33:22,755 [DEBUG] cnn_neat: Added edge 19→17 (from 49 candidates)
2026-08-18 19:33:22,791 [DEBUG] cnn_neat: Removed hidden node 18 (pool=11)
2026-08-18 19:33:22,822 [DEBUG] cnn_neat: Removed edge 18→19 (from 18 candidates)
2026-08-18 19:33:22,863 [DEBUG] cnn_neat: Removed 3 edges (requested 3)
2026-08-18 19:33:22,884 [DEBUG] cnn_neat: Split edge 9→20, new hidden node 22 (pool=12)
2026-08-18 19:33:22,903 [DEBUG] cnn_neat: Split edge 9→20, new hidden node 22 (pool=14)
2026-08-18 19:33:23,186 [DEBUG] cnn_neat: Added edge 19→13 (from 43 candidates)
2026-08-18 19:33:23,244 [DEBUG] cnn_neat: Removed hidden node 17 (pool=11)
2026-08-18 19:33:23,272 [DEBUG] cnn_neat: Removed edge 17→1 (from 19 candidates)
2026-08-18 19:33:23,314 [DEBUG] cnn_neat: Removed 3 edges (requested 3)
2026-08-18 19:33:23,343 [DEBUG] cnn_neat: Split edge 13→9, new hidden node 22 (pool=12)
2026-08-18 19:33:23,407 [DEBUG] cnn_neat: Split edge 13→16, new hidden node 22 (pool=1)
2026-08-18 19:33:23,485 [DEBUG] cnn_neat: Added edge 20→4 (from 60 candidates)
2026-08-18 19:33:24,440 [DEBUG] cnn_neat: Removed hidden node 4 (pool=12)
2026-08-18 19:33:24,480 [DEBUG] cnn_neat: Added edge 19→4 (from 58 candidates)
2026-08-18 19:33:24,517 [DEBUG] cnn_neat: Removed hidden node 20 (pool=12)
2026-08-18 19:33:24,542 [DEBUG] cnn_neat: Removed edge 22→21 (from 19 candidates)
2026-08-18 19:33:24,580 [DEBUG] cnn_neat: Removed 3 edges (requested 3)
2026-08-18 19:33:24,600 [DEBUG] cnn_neat: Split edge 9→16, new hidden node 23 (pool=8)
2026-08-18 19:33:24,622 [DEBUG] cnn_neat: Added edge 18→21 (from 55 candidates)
2026-08-18 19:33:24,661 [DEBUG] cnn_neat: Added edge 22→9 (from 47 candidates)
2026-08-18 19:33:24,699 [DEBUG] cnn_neat: Removed hidden node 13 (pool=11)
2026-08-18 19:33:24,725 [DEBUG] cnn_neat: Removed edge 13→21 (from 19 candidates)
2026-08-18 19:33:24,760 [DEBUG] cnn_neat: Removed 3 edges (requested 3)
2026-08-18 19:33:24,796 [DEBUG] cnn_neat: Split edge 16→1, new hidden node 23 (pool=13)
2026-08-18 19:33:25,546 [DEBUG] cnn_neat: Added edge 9→21 (from 41 candidates)
2026-08-18 19:33:25,601 [DEBUG] cnn_neat: Added edge 17→4 (from 45 candidates)
2026-08-18 19:33:25,638 [DEBUG] cnn_neat: Removed hidden node 20 (pool=11)
2026-08-18 19:33:25,666 [DEBUG] cnn_neat: Removed edge 13→4 (from 18 candidates)
2026-08-18 19:33:25,700 [DEBUG] cnn_neat: Removed 3 edges (requested 3)
2026-08-18 19:33:25,726 [DEBUG] cnn_neat: Split edge 9→10, new hidden node 22 (pool=8)
2026-08-18 19:33:25,753 [DEBUG] cnn_neat: Split edge 16→21, new hidden node 22 (pool=15)
2026-08-18 19:33:25,803 [DEBUG] cnn_neat: Added edge 13→18 (from 53 candidates)
2026-08-18 19:33:25,834 [DEBUG] cnn_neat: Removed hidden node 20 (pool=12)
2026-08-18 19:33:25,857 [DEBUG] cnn_neat: Removed edge 20→16 (from 20 candidates)
2026-08-18 19:33:25,887 [DEBUG] cnn_neat: Removed 3 edges (requested 3)
2026-08-18 19:33:25,917 [DEBUG] cnn_neat: Split edge 9→16, new hidden node 23 (pool=8)
2026-08-18 19:33:25,975 [DEBUG] cnn_neat: Added edge 22→4 (from 50 candidates)
2026-08-18 19:33:26,917 [DEBUG] cnn_neat: Added edge 10→4 (from 55 candidates)
2026-08-18 19:33:26,948 [DEBUG] cnn_neat: Added edge 13→8 (from 53 candidates)
2026-08-18 19:33:26,978 [DEBUG] cnn_neat: Removed hidden node 21 (pool=12)
2026-08-18 19:33:26,997 [DEBUG] cnn_neat: Removed edge 19→9 (from 19 candidates)
2026-08-18 19:33:27,054 [DEBUG] cnn_neat: Removed 3 edges (requested 3)
2026-08-18 19:33:27,139 [DEBUG] cnn_neat: Added edge 9→4 (from 49 candidates)
2026-08-18 19:33:27,173 [DEBUG] cnn_neat: Added edge 9→21 (from 64 candidates)
2026-08-18 19:33:27,187 [DEBUG] cnn_neat: Added edge 19→17 (from 66 candidates)
2026-08-18 19:33:27,257 [DEBUG] cnn_neat: Split edge 0→22, new hidden node 23 (pool=3)
2026-08-18 19:33:27,279 [DEBUG] cnn_neat: Added edge 19→22 (from 57 candidates)
2026-08-18 19:33:27,322 [DEBUG] cnn_neat: Removed hidden node 13 (pool=11)
2026-08-18 19:33:27,340 [DEBUG] cnn_neat: Removed edge 9→10 (from 16 candidates)
2026-08-18 19:33:28,165 [DEBUG] cnn_neat: Removed 3 edges (requested 3)
2026-08-18 19:33:28,254 [DEBUG] cnn_neat: Added edge 13→18 (from 55 candidates)
2026-08-18 19:33:28,286 [DEBUG] cnn_neat: Removed hidden node 4 (pool=12)
2026-08-18 19:33:28,294 [DEBUG] cnn_neat: Removed edge 19→9 (from 19 candidates)
2026-08-18 19:33:28,312 [DEBUG] cnn_neat: Removed 3 edges (requested 3)
2026-08-18 19:33:28,366 [DEBUG] cnn_neat: Added edge 16→4 (from 51 candidates)
2026-08-18 19:33:28,390 [DEBUG] cnn_neat: Added edge 20→22 (from 42 candidates)
2026-08-18 19:33:28,423 [DEBUG] cnn_neat: Added edge 10→21 (from 52 candidates)
2026-08-18 19:33:28,448 [DEBUG] cnn_neat: Removed hidden node 19 (pool=12)
2026-08-18 19:33:28,463 [DEBUG] cnn_neat: Removed edge 17→21 (from 20 candidates)
2026-08-18 19:33:28,507 [DEBUG] cnn_neat: Removed 3 edges (requested 3)
2026-08-18 19:33:28,526 [DEBUG] cnn_neat: Split edge 0→8, new hidden node 23 (pool=13)
2026-08-18 19:33:28,554 [DEBUG] cnn_neat: Added edge 8→4 (from 51 candidates)
2026-08-18 19:33:28,686 [DEBUG] cnn_neat: Added edge 4→9 (from 51 candidates)
2026-08-18 19:33:28,772 [DEBUG] cnn_neat: Removed hidden node 22 (pool=12)
2026-08-18 19:33:28,789 [DEBUG] cnn_neat: Removed edge 20→21 (from 20 candidates)
2026-08-18 19:33:29,707 [DEBUG] cnn_neat: Removed 3 edges (requested 3)
2026-08-18 19:33:29,744 [DEBUG] cnn_neat: Added edge 20→4 (from 49 candidates)
2026-08-18 19:33:29,774 [DEBUG] cnn_neat: Removed hidden node 17 (pool=11)
2026-08-18 19:33:29,792 [DEBUG] cnn_neat: Removed edge 9→16 (from 15 candidates)
2026-08-18 19:33:29,823 [DEBUG] cnn_neat: Removed 3 edges (requested 3)
2026-08-18 19:33:29,848 [DEBUG] cnn_neat: Split edge 13→9, new hidden node 23 (pool=10)
2026-08-18 19:33:29,882 [DEBUG] cnn_neat: Added edge 20→17 (from 48 candidates)
2026-08-18 19:33:29,911 [DEBUG] cnn_neat: Split edge 0→4, new hidden node 23 (pool=3)
2026-08-18 19:33:29,931 [DEBUG] cnn_neat: Added edge 8→4 (from 60 candidates)
2026-08-18 19:33:29,968 [DEBUG] cnn_neat: Removed hidden node 22 (pool=11)
2026-08-18 19:33:29,983 [DEBUG] cnn_neat: Removed edge 20→16 (from 15 candidates)
2026-08-18 19:33:30,010 [DEBUG] cnn_neat: Removed 3 edges (requested 3)
2026-08-18 19:33:30,026 [DEBUG] cnn_neat: Split edge 0→4, new hidden node 23 (pool=4)
2026-08-18 19:33:30,042 [DEBUG] cnn_neat: Split edge 0→4, new hidden node 21 (pool=2)
2026-08-18 19:33:30,073 [DEBUG] cnn_neat: Split edge 22→21, new hidden node 23 (pool=1)
2026-08-18 19:33:30,095 [DEBUG] cnn_neat: Added edge 8→21 (from 44 candidates)
2026-08-18 19:33:30,124 [DEBUG] cnn_neat: Removed hidden node 20 (pool=11)
2026-08-18 19:33:30,147 [DEBUG] cnn_neat: Saved generation 29
2026-08-18 19:33:30,376 [DEBUG] cnn_neat: Selected 25 elite individuals
2026-08-18 19:33:30,376 [DEBUG] cnn_neat: Removed edge 10→20 (from 17 candidates)
2026-08-18 19:33:30,475 [DEBUG] cnn_neat: Removed 3 edges (requested 3)
2026-08-18 19:33:30,528 [DEBUG] cnn_neat: Added edge 10→16 (from 32 candidates)
2026-08-18 19:33:30,761 [DEBUG] cnn_neat: Removed hidden node 17 (pool=10)
2026-08-18 19:33:30,796 [DEBUG] cnn_neat: Removed edge 16→21 (from 20 candidates)
2026-08-18 19:33:30,884 [DEBUG] cnn_neat: Removed 3 edges (requested 3)
2026-08-18 19:33:30,940 [DEBUG] cnn_neat: Added edge 19→21 (from 52 candidates)
2026-08-18 19:33:30,973 [DEBUG] cnn_neat: Trimmed elite queue to 128 entries
2026-08-18 19:33:32,583 [DEBUG] cnn_neat: Removed hidden node 9 (pool=12)
2026-08-18 19:33:32,622 [DEBUG] cnn_neat: Added edge 9→17 (from 51 candidates)
2026-08-18 19:33:32,654 [DEBUG] cnn_neat: Removed hidden node 21 (pool=11)
2026-08-18 19:33:32,666 [DEBUG] cnn_neat: Added edge 19→13 (from 51 candidates)
2026-08-18 19:33:32,673 [DEBUG] cnn_neat: Removed edge 16→1 (from 16 candidates)
2026-08-18 19:33:32,688 [DEBUG] cnn_neat: Added edge 0→20 (from 51 candidates)
2026-08-18 19:33:32,716 [DEBUG] cnn_neat: Removed hidden node 4 (pool=11)
2026-08-18 19:33:32,717 [DEBUG] cnn_neat: Removed 3 edges (requested 3)
2026-08-18 19:33:32,735 [DEBUG] cnn_neat: Removed edge 19→9 (from 16 candidates)
2026-08-18 19:33:32,743 [DEBUG] cnn_neat: Split edge 0→13, new hidden node 21 (pool=2)
2026-08-18 19:33:32,766 [DEBUG] cnn_neat: Split edge 18→10, new hidden node 22 (pool=10)
2026-08-18 19:33:32,774 [DEBUG] cnn_neat: Removed 3 edges (requested 3)
2026-08-18 19:33:32,784 [DEBUG] cnn_neat: Crossover rejected: union topology invalid (edges=47 nodes=24)
2026-08-18 19:33:32,801 [DEBUG] cnn_neat: Added edge 18→9 (from 51 candidates)
2026-08-18 19:33:32,816 [DEBUG] cnn_neat: Added edge 21→18 (from 51 candidates)
2026-08-18 19:33:32,827 [DEBUG] cnn_neat: Added edge 10→1 (from 44 candidates)
2026-08-18 19:33:32,839 [DEBUG] cnn_neat: Added edge 18→9 (from 42 candidates)
2026-08-18 19:33:32,850 [DEBUG] cnn_neat: Added edge 8→21 (from 41 candidates)
2026-08-18 19:33:32,864 [DEBUG] cnn_neat: Added edge 9→17 (from 39 candidates)
2026-08-18 19:33:32,889 [DEBUG] cnn_neat: Added edge 19→10 (from 49 candidates)
2026-08-18 19:33:32,902 [DEBUG] cnn_neat: Added edge 9→21 (from 49 candidates)
2026-08-18 19:33:32,918 [DEBUG] cnn_neat: Removed hidden node 18 (pool=11)
2026-08-18 19:33:32,927 [DEBUG] cnn_neat: Removed edge 16→17 (from 18 candidates)
2026-08-18 19:33:32,945 [DEBUG] cnn_neat: Removed 3 edges (requested 3)
2026-08-18 19:33:32,955 [DEBUG] cnn_neat: Crossover rejected: union topology invalid (edges=46 nodes=24)
2026-08-18 19:33:32,971 [DEBUG] cnn_neat: Added edge 8→21 (from 49 candidates)
2026-08-18 19:33:32,981 [DEBUG] cnn_neat: Added edge 17→10 (from 49 candidates)
2026-08-18 19:33:32,992 [DEBUG] cnn_neat: Added edge 21→1 (from 44 candidates)
2026-08-18 19:33:33,002 [DEBUG] cnn_neat: Added edge 13→4 (from 42 candidates)
2026-08-18 19:33:33,014 [DEBUG] cnn_neat: Added edge 19→21 (from 41 candidates)
2026-08-18 19:33:33,025 [DEBUG] cnn_neat: Added edge 21→17 (from 37 candidates)
2026-08-18 19:33:33,046 [DEBUG] cnn_neat: Added edge 8→9 (from 48 candidates)
2026-08-18 19:33:33,057 [DEBUG] cnn_neat: Added edge 19→4 (from 48 candidates)
2026-08-18 19:33:33,073 [DEBUG] cnn_neat: Added edge 10→20 (from 47 candidates)
2026-08-18 19:33:33,096 [DEBUG] cnn_neat: Removed hidden node 17 (pool=11)
2026-08-18 19:33:33,106 [DEBUG] cnn_neat: Removed edge 9→10 (from 18 candidates)
2026-08-18 19:33:33,124 [DEBUG] cnn_neat: Removed 3 edges (requested 3)
2026-08-18 19:33:33,136 [DEBUG] cnn_neat: Crossover rejected: union topology invalid (edges=49 nodes=24)
2026-08-18 19:33:33,151 [DEBUG] cnn_neat: Added edge 21→4 (from 48 candidates)
2026-08-18 19:33:33,163 [DEBUG] cnn_neat: Added edge 21→16 (from 48 candidates)
2026-08-18 19:33:33,172 [DEBUG] cnn_neat: Added edge 9→21 (from 47 candidates)
2026-08-18 19:33:33,187 [DEBUG] cnn_neat: Added edge 0→20 (from 42 candidates)
2026-08-18 19:33:33,199 [DEBUG] cnn_neat: Added edge 8→20 (from 38 candidates)
2026-08-18 19:33:33,212 [DEBUG] cnn_neat: Added edge 10→21 (from 37 candidates)
2026-08-18 19:33:33,236 [DEBUG] cnn_neat: Added edge 21→18 (from 43 candidates)
2026-08-18 19:33:33,247 [DEBUG] cnn_neat: Added edge 8→16 (from 43 candidates)
2026-08-18 19:33:33,264 [DEBUG] cnn_neat: Removed hidden node 4 (pool=11)
2026-08-18 19:33:33,275 [DEBUG] cnn_neat: Removed edge 9→10 (from 19 candidates)
2026-08-18 19:33:33,294 [DEBUG] cnn_neat: Removed 3 edges (requested 3)
2026-08-18 19:33:33,311 [DEBUG] cnn_neat: Crossover rejected: union topology invalid (edges=49 nodes=24)
2026-08-18 19:33:33,325 [DEBUG] cnn_neat: Added edge 18→9 (from 43 candidates)
2026-08-18 19:33:33,339 [DEBUG] cnn_neat: Added edge 21→16 (from 43 candidates)
2026-08-18 19:33:33,348 [DEBUG] cnn_neat: Added edge 21→17 (from 42 candidates)
2026-08-18 19:33:33,362 [DEBUG] cnn_neat: Added edge 19→16 (from 41 candidates)
2026-08-18 19:33:33,372 [DEBUG] cnn_neat: Added edge 9→4 (from 40 candidates)
2026-08-18 19:33:33,384 [DEBUG] cnn_neat: Added edge 19→17 (from 39 candidates)
2026-08-18 19:33:33,405 [DEBUG] cnn_neat: Added edge 0→19 (from 44 candidates)
2026-08-18 19:33:33,415 [DEBUG] cnn_neat: Added edge 10→4 (from 44 candidates)
2026-08-18 19:33:33,428 [DEBUG] cnn_neat: Removed hidden node 16 (pool=11)
2026-08-18 19:33:33,433 [DEBUG] cnn_neat: Split edge 9→1, new hidden node 22 (pool=10)
2026-08-18 19:33:33,444 [DEBUG] cnn_neat: Removed edge 18→16 (from 19 candidates)
2026-08-18 19:33:33,461 [DEBUG] cnn_neat: Removed 3 edges (requested 3)
2026-08-18 19:33:33,473 [DEBUG] cnn_neat: Crossover rejected: union topology invalid (edges=50 nodes=25)
2026-08-18 19:33:33,488 [DEBUG] cnn_neat: Added edge 18→20 (from 44 candidates)
2026-08-18 19:33:33,499 [DEBUG] cnn_neat: Added edge 19→21 (from 44 candidates)
2026-08-18 19:33:33,510 [DEBUG] cnn_neat: Added edge 21→1 (from 40 candidates)
2026-08-18 19:33:33,520 [DEBUG] cnn_neat: Added edge 0→10 (from 38 candidates)
2026-08-18 19:33:33,531 [DEBUG] cnn_neat: Added edge 21→17 (from 37 candidates)
2026-08-18 19:33:33,541 [DEBUG] cnn_neat: Added edge 18→17 (from 36 candidates)
2026-08-18 19:33:33,562 [DEBUG] cnn_neat: Added edge 18→9 (from 41 candidates)
2026-08-18 19:33:33,574 [DEBUG] cnn_neat: Added edge 21→18 (from 41 candidates)
2026-08-18 19:33:33,589 [DEBUG] cnn_neat: Removed hidden node 16 (pool=11)
2026-08-18 19:33:33,598 [DEBUG] cnn_neat: Removed edge 16→1 (from 20 candidates)
2026-08-18 19:33:33,617 [DEBUG] cnn_neat: Removed 3 edges (requested 3)
2026-08-18 19:33:33,629 [DEBUG] cnn_neat: Crossover rejected: union topology invalid (edges=51 nodes=24)
2026-08-18 19:33:33,645 [DEBUG] cnn_neat: Added edge 21→8 (from 41 candidates)
2026-08-18 19:33:33,655 [DEBUG] cnn_neat: Added edge 18→9 (from 41 candidates)
2026-08-18 19:33:33,667 [DEBUG] cnn_neat: Added edge 9→21 (from 40 candidates)
2026-08-18 19:33:33,677 [DEBUG] cnn_neat: Added edge 16→10 (from 35 candidates)
2026-08-18 19:33:33,688 [DEBUG] cnn_neat: Added edge 18→17 (from 34 candidates)
2026-08-18 19:33:33,699 [DEBUG] cnn_neat: Added edge 19→4 (from 33 candidates)
2026-08-18 19:33:33,709 [DEBUG] cnn_neat: Split edge 0→4, new hidden node 23 (pool=3)
2026-08-18 19:33:33,720 [DEBUG] cnn_neat: Added edge 9→4 (from 66 candidates)
2026-08-18 19:33:33,736 [DEBUG] cnn_neat: Removed hidden node 19 (pool=11)
2026-08-18 19:33:33,746 [DEBUG] cnn_neat: Removed edge 18→20 (from 15 candidates)
2026-08-18 19:33:33,763 [DEBUG] cnn_neat: Removed 3 edges (requested 3)
2026-08-18 19:33:33,775 [DEBUG] cnn_neat: Crossover rejected: union topology invalid (edges=44 nodes=24)
2026-08-18 19:33:33,783 [DEBUG] cnn_neat: Split edge 0→22, new hidden node 23 (pool=3)
2026-08-18 19:33:33,799 [DEBUG] cnn_neat: Added edge 20→4 (from 66 candidates)
2026-08-18 19:33:33,809 [DEBUG] cnn_neat: Added edge 20→17 (from 59 candidates)
2026-08-18 19:33:33,820 [DEBUG] cnn_neat: Added edge 19→20 (from 58 candidates)
2026-08-18 19:33:33,832 [DEBUG] cnn_neat: Added edge 13→18 (from 57 candidates)
2026-08-18 19:33:33,842 [DEBUG] cnn_neat: Added edge 17→4 (from 54 candidates)
2026-08-18 19:33:33,862 [DEBUG] cnn_neat: Added edge 8→13 (from 33 candidates)
2026-08-18 19:33:33,874 [DEBUG] cnn_neat: Added edge 8→16 (from 33 candidates)
2026-08-18 19:33:33,890 [DEBUG] cnn_neat: Removed hidden node 9 (pool=10)
2026-08-18 19:33:33,902 [DEBUG] cnn_neat: Removed edge 8→21 (from 19 candidates)
2026-08-18 19:33:33,920 [DEBUG] cnn_neat: Removed 3 edges (requested 3)
2026-08-18 19:33:33,934 [DEBUG] cnn_neat: Crossover rejected: union topology invalid (edges=44 nodes=23)
2026-08-18 19:33:33,947 [DEBUG] cnn_neat: Added edge 20→21 (from 33 candidates)
2026-08-18 19:33:33,962 [DEBUG] cnn_neat: Removed hidden node 20 (pool=10)
2026-08-18 19:33:33,973 [DEBUG] cnn_neat: Added edge 18→9 (from 33 candidates)
2026-08-18 19:33:33,982 [DEBUG] cnn_neat: Added edge 18→1 (from 32 candidates)
2026-08-18 19:33:33,994 [DEBUG] cnn_neat: Added edge 17→21 (from 31 candidates)
2026-08-18 19:33:34,003 [DEBUG] cnn_neat: Added edge 10→1 (from 29 candidates)
2026-08-18 19:33:34,014 [DEBUG] cnn_neat: Added edge 10→17 (from 28 candidates)
2026-08-18 19:33:34,034 [DEBUG] cnn_neat: Added edge 19→17 (from 49 candidates)
2026-08-18 19:33:34,046 [DEBUG] cnn_neat: Added edge 13→18 (from 49 candidates)
2026-08-18 19:33:34,062 [DEBUG] cnn_neat: Removed hidden node 21 (pool=11)
2026-08-18 19:33:34,072 [DEBUG] cnn_neat: Removed edge 9→1 (from 17 candidates)
2026-08-18 19:33:34,086 [DEBUG] cnn_neat: Removed 3 edges (requested 3)
2026-08-18 19:33:34,099 [DEBUG] cnn_neat: Crossover rejected: union topology invalid (edges=43 nodes=24)
2026-08-18 19:33:34,116 [DEBUG] cnn_neat: Added edge 10→21 (from 49 candidates)
2026-08-18 19:33:34,128 [DEBUG] cnn_neat: Added edge 4→18 (from 49 candidates)
2026-08-18 19:33:34,140 [DEBUG] cnn_neat: Added edge 18→9 (from 40 candidates)
2026-08-18 19:33:34,152 [DEBUG] cnn_neat: Added edge 19→13 (from 39 candidates)
2026-08-18 19:33:34,164 [DEBUG] cnn_neat: Added edge 4→9 (from 35 candidates)
2026-08-18 19:33:34,175 [DEBUG] cnn_neat: Added edge 10→16 (from 34 candidates)
2026-08-18 19:33:34,197 [DEBUG] cnn_neat: Added edge 19→17 (from 48 candidates)
2026-08-18 19:33:34,207 [DEBUG] cnn_neat: Added edge 18→22 (from 48 candidates)
2026-08-18 19:33:34,225 [DEBUG] cnn_neat: Removed hidden node 4 (pool=11)
2026-08-18 19:33:34,471 [DEBUG] cnn_neat: Added edge 18→20 (from 46 candidates)
2026-08-18 19:33:34,588 [DEBUG] cnn_neat: Removed hidden node 18 (pool=11)
2026-08-18 19:33:34,667 [DEBUG] cnn_neat: Removed edge 16→1 (from 18 candidates)
2026-08-18 19:33:34,706 [DEBUG] cnn_neat: Removed 3 edges (requested 3)
2026-08-18 19:33:34,739 [DEBUG] cnn_neat: Split edge 0→8, new hidden node 22 (pool=17)
2026-08-18 19:33:34,763 [DEBUG] cnn_neat: Added edge 19→13 (from 45 candidates)
2026-08-18 19:33:34,908 [DEBUG] cnn_neat: Added edge 0→19 (from 47 candidates)
2026-08-18 19:33:34,941 [DEBUG] cnn_neat: Removed hidden node 16 (pool=11)
2026-08-18 19:33:34,964 [DEBUG] cnn_neat: Removed edge 18→10 (from 17 candidates)
2026-08-18 19:33:35,016 [DEBUG] cnn_neat: Removed 3 edges (requested 3)
2026-08-18 19:33:35,036 [DEBUG] cnn_neat: Split edge 13→16, new hidden node 22 (pool=1)
2026-08-18 19:33:35,054 [DEBUG] cnn_neat: Added edge 21→1 (from 56 candidates)
2026-08-18 19:33:35,081 [DEBUG] cnn_neat: Split edge 13→9, new hidden node 23 (pool=10)
2026-08-18 19:33:36,291 [DEBUG] cnn_neat: Removed hidden node 17 (pool=10)
2026-08-18 19:33:36,367 [DEBUG] cnn_neat: Added edge 13→18 (from 51 candidates)
2026-08-18 19:33:36,438 [DEBUG] cnn_neat: Removed hidden node 19 (pool=11)
2026-08-18 19:33:36,467 [DEBUG] cnn_neat: Removed edge 19→9 (from 17 candidates)
2026-08-18 19:33:36,527 [DEBUG] cnn_neat: Removed 3 edges (requested 3)
2026-08-18 19:33:36,672 [DEBUG] cnn_neat: Split edge 9→10, new hidden node 22 (pool=13)
2026-08-18 19:33:36,714 [DEBUG] cnn_neat: Added edge 16→4 (from 45 candidates)
2026-08-18 19:33:36,752 [DEBUG] cnn_neat: Removed hidden node 18 (pool=11)
2026-08-18 19:33:36,774 [DEBUG] cnn_neat: Removed edge 9→1 (from 18 candidates)
2026-08-18 19:33:36,834 [DEBUG] cnn_neat: Removed 3 edges (requested 3)
2026-08-18 19:33:36,855 [DEBUG] cnn_neat: Split edge 13→21, new hidden node 22 (pool=10)
2026-08-18 19:33:36,870 [DEBUG] cnn_neat: Split edge 13→16, new hidden node 22 (pool=1)
2026-08-18 19:33:36,913 [DEBUG] cnn_neat: Added edge 8→9 (from 45 candidates)
2026-08-18 19:33:36,952 [DEBUG] cnn_neat: Removed hidden node 9 (pool=11)
2026-08-18 19:33:36,971 [DEBUG] cnn_neat: Removed edge 9→20 (from 18 candidates)
2026-08-18 19:33:37,011 [DEBUG] cnn_neat: Removed 3 edges (requested 3)
2026-08-18 19:33:37,032 [DEBUG] cnn_neat: Split edge 8→4, new hidden node 22 (pool=4)
2026-08-18 19:33:37,061 [DEBUG] cnn_neat: Split edge 0→4, new hidden node 22 (pool=3)
2026-08-18 19:33:37,099 [DEBUG] cnn_neat: Added edge 21→1 (from 50 candidates)
2026-08-18 19:33:37,138 [DEBUG] cnn_neat: Removed hidden node 4 (pool=11)
2026-08-18 19:33:37,153 [DEBUG] cnn_neat: Removed edge 18→16 (from 17 candidates)
2026-08-18 19:33:37,194 [DEBUG] cnn_neat: Removed 3 edges (requested 3)
2026-08-18 19:33:37,221 [DEBUG] cnn_neat: Split edge 0→13, new hidden node 22 (pool=2)
2026-08-18 19:33:37,239 [DEBUG] cnn_neat: Added edge 19→13 (from 48 candidates)
2026-08-18 19:33:37,255 [DEBUG] cnn_neat: Added edge 16→10 (from 51 candidates)
2026-08-18 19:33:37,320 [DEBUG] cnn_neat: Added edge 9→4 (from 49 candidates)
2026-08-18 19:33:37,354 [DEBUG] cnn_neat: Removed hidden node 19 (pool=11)
2026-08-18 19:33:37,367 [DEBUG] cnn_neat: Removed edge 18→16 (from 18 candidates)
2026-08-18 19:33:37,413 [DEBUG] cnn_neat: Removed 3 edges (requested 3)
2026-08-18 19:33:37,440 [DEBUG] cnn_neat: Split edge 9→1, new hidden node 22 (pool=14)
2026-08-18 19:33:37,480 [DEBUG] cnn_neat: Added edge 20→17 (from 48 candidates)
2026-08-18 19:33:37,632 [DEBUG] cnn_neat: Added edge 19→13 (from 51 candidates)
2026-08-18 19:33:37,689 [DEBUG] cnn_neat: Removed hidden node 8 (pool=11)
2026-08-18 19:33:37,707 [DEBUG] cnn_neat: Removed edge 17→4 (from 16 candidates)
2026-08-18 19:33:37,759 [DEBUG] cnn_neat: Removed 3 edges (requested 3)
2026-08-18 19:33:37,795 [DEBUG] cnn_neat: Split edge 9→16, new hidden node 22 (pool=8)
2026-08-18 19:33:37,834 [DEBUG] cnn_neat: Split edge 13→9, new hidden node 22 (pool=1)
2026-08-18 19:33:37,855 [DEBUG] cnn_neat: Added edge 10→1 (from 45 candidates)
2026-08-18 19:33:37,897 [DEBUG] cnn_neat: Added edge 10→4 (from 49 candidates)
2026-08-18 19:33:38,639 [DEBUG] cnn_neat: Removed hidden node 18 (pool=11)
2026-08-18 19:33:38,757 [DEBUG] cnn_neat: Added edge 18→13 (from 48 candidates)
2026-08-18 19:33:38,795 [DEBUG] cnn_neat: Removed hidden node 18 (pool=11)
2026-08-18 19:33:38,832 [DEBUG] cnn_neat: Removed edge 20→4 (from 18 candidates)
2026-08-18 19:33:38,884 [DEBUG] cnn_neat: Removed 3 edges (requested 3)
2026-08-18 19:33:38,927 [DEBUG] cnn_neat: Split edge 0→4, new hidden node 22 (pool=10)
2026-08-18 19:33:38,971 [DEBUG] cnn_neat: Added edge 20→1 (from 43 candidates)
2026-08-18 19:33:39,041 [DEBUG] cnn_neat: Added edge 8→13 (from 43 candidates)
2026-08-18 19:33:39,889 [DEBUG] cnn_neat: Removed hidden node 17 (pool=11)
2026-08-18 19:33:39,925 [DEBUG] cnn_neat: Added edge 19→13 (from 44 candidates)
2026-08-18 19:33:39,978 [DEBUG] cnn_neat: Removed hidden node 4 (pool=11)
2026-08-18 19:33:39,998 [DEBUG] cnn_neat: Removed edge 16→17 (from 19 candidates)
2026-08-18 19:33:40,042 [DEBUG] cnn_neat: Removed 3 edges (requested 3)
2026-08-18 19:33:40,078 [DEBUG] cnn_neat: Split edge 9→16, new hidden node 22 (pool=12)
2026-08-18 19:33:40,144 [DEBUG] cnn_neat: Added edge 19→20 (from 38 candidates)
2026-08-18 19:33:40,206 [DEBUG] cnn_neat: Added edge 18→9 (from 43 candidates)
2026-08-18 19:33:41,045 [DEBUG] cnn_neat: Removed hidden node 19 (pool=11)
2026-08-18 19:33:41,086 [DEBUG] cnn_neat: Added edge 21→4 (from 41 candidates)
2026-08-18 19:33:41,139 [DEBUG] cnn_neat: Removed hidden node 21 (pool=11)
2026-08-18 19:33:41,154 [DEBUG] cnn_neat: Removed edge 9→16 (from 20 candidates)
2026-08-18 19:33:41,232 [DEBUG] cnn_neat: Removed 3 edges (requested 3)
2026-08-18 19:33:41,270 [DEBUG] cnn_neat: Split edge 0→4, new hidden node 21 (pool=3)
2026-08-18 19:33:41,345 [DEBUG] cnn_neat: Split edge 13→21, new hidden node 22 (pool=10)
2026-08-18 19:33:41,417 [DEBUG] cnn_neat: Added edge 22→8 (from 60 candidates)
2026-08-18 19:33:41,463 [DEBUG] cnn_neat: Removed hidden node 19 (pool=12)
2026-08-18 19:33:41,478 [DEBUG] cnn_neat: Removed edge 20→21 (from 18 candidates)
2026-08-18 19:33:42,270 [DEBUG] cnn_neat: Removed 3 edges (requested 3)
2026-08-18 19:33:42,329 [DEBUG] cnn_neat: Added edge 8→4 (from 58 candidates)
2026-08-18 19:33:42,370 [DEBUG] cnn_neat: Removed hidden node 21 (pool=12)
2026-08-18 19:33:42,381 [DEBUG] cnn_neat: Removed edge 9→16 (from 19 candidates)
2026-08-18 19:33:42,410 [DEBUG] cnn_neat: Removed 3 edges (requested 3)
2026-08-18 19:33:42,451 [DEBUG] cnn_neat: Added edge 10→4 (from 56 candidates)
2026-08-18 19:33:42,472 [DEBUG] cnn_neat: Added edge 4→22 (from 61 candidates)
2026-08-18 19:33:42,497 [DEBUG] cnn_neat: Removed hidden node 21 (pool=12)
2026-08-18 19:33:42,541 [DEBUG] cnn_neat: Removed hidden node 17 (pool=12)
2026-08-18 19:33:42,584 [DEBUG] cnn_neat: Added edge 0→19 (from 47 candidates)
2026-08-18 19:33:42,609 [DEBUG] cnn_neat: Removed hidden node 9 (pool=11)
2026-08-18 19:33:42,620 [DEBUG] cnn_neat: Removed edge 18→19 (from 19 candidates)
2026-08-18 19:33:42,644 [DEBUG] cnn_neat: Removed 3 edges (requested 3)
2026-08-18 19:33:42,660 [DEBUG] cnn_neat: Split edge 9→10, new hidden node 23 (pool=11)
2026-08-18 19:33:42,680 [DEBUG] cnn_neat: Split edge 8→18, new hidden node 23 (pool=14)
2026-08-18 19:33:42,700 [DEBUG] cnn_neat: Added edge 19→13 (from 43 candidates)
2026-08-18 19:33:42,798 [DEBUG] cnn_neat: Added edge 10→17 (from 52 candidates)
2026-08-18 19:33:43,039 [DEBUG] cnn_neat: Added edge 10→17 (from 45 candidates)
2026-08-18 19:33:43,067 [DEBUG] cnn_neat: Removed hidden node 9 (pool=11)
2026-08-18 19:33:43,082 [DEBUG] cnn_neat: Removed edge 16→1 (from 18 candidates)
2026-08-18 19:33:43,919 [DEBUG] cnn_neat: Removed 3 edges (requested 3)
2026-08-18 19:33:44,034 [DEBUG] cnn_neat: Added edge 9→22 (from 53 candidates)
2026-08-18 19:33:44,075 [DEBUG] cnn_neat: Removed hidden node 13 (pool=12)
2026-08-18 19:33:44,105 [DEBUG] cnn_neat: Removed edge 17→21 (from 20 candidates)
2026-08-18 19:33:44,139 [DEBUG] cnn_neat: Removed 3 edges (requested 3)
2026-08-18 19:33:44,163 [DEBUG] cnn_neat: Split edge 16→1, new hidden node 23 (pool=14)
2026-08-18 19:33:44,193 [DEBUG] cnn_neat: Added edge 19→21 (from 48 candidates)
2026-08-18 19:33:44,212 [DEBUG] cnn_neat: Added edge 0→21 (from 43 candidates)
2026-08-18 19:33:44,262 [DEBUG] cnn_neat: Added edge 10→16 (from 62 candidates)
2026-08-18 19:33:44,299 [DEBUG] cnn_neat: Removed hidden node 4 (pool=12)
2026-08-18 19:33:44,315 [DEBUG] cnn_neat: Removed edge 0→13 (from 17 candidates)
2026-08-18 19:33:44,347 [DEBUG] cnn_neat: Removed 3 edges (requested 3)
2026-08-18 19:33:44,371 [DEBUG] cnn_neat: Split edge 0→23, new hidden node 24 (pool=2)
2026-08-18 19:33:44,377 [DEBUG] cnn_neat: Saved generation 30
2026-08-18 19:33:44,602 [DEBUG] cnn_neat: Split edge 23→4, new hidden node 24 (pool=11)
2026-08-18 19:33:44,631 [DEBUG] cnn_neat: Selected 25 elite individuals
2026-08-18 19:33:44,684 [DEBUG] cnn_neat: Added edge 19→1 (from 66 candidates)
2026-08-18 19:33:44,741 [DEBUG] cnn_neat: Removed hidden node 20 (pool=12)
2026-08-18 19:33:44,936 [DEBUG] cnn_neat: Removed edge 9→20 (from 14 candidates)
2026-08-18 19:33:45,033 [DEBUG] cnn_neat: Removed 3 edges (requested 3)
2026-08-18 19:33:45,088 [DEBUG] cnn_neat: Added edge 8→21 (from 62 candidates)
2026-08-18 19:33:45,180 [DEBUG] cnn_neat: Trimmed elite queue to 128 entries
2026-08-18 19:33:46,588 [DEBUG] cnn_neat: Removed hidden node 19 (pool=12)
2026-08-18 19:33:46,630 [DEBUG] cnn_neat: Added edge 19→17 (from 43 candidates)
2026-08-18 19:33:46,660 [DEBUG] cnn_neat: Removed hidden node 9 (pool=10)
2026-08-18 19:33:46,675 [DEBUG] cnn_neat: Removed edge 9→20 (from 16 candidates)
2026-08-18 19:33:46,677 [DEBUG] cnn_neat: Added edge 10→17 (from 43 candidates)
2026-08-18 19:33:46,695 [DEBUG] cnn_neat: Added edge 0→20 (from 43 candidates)
2026-08-18 19:33:46,709 [DEBUG] cnn_neat: Removed 3 edges (requested 3)
2026-08-18 19:33:46,729 [DEBUG] cnn_neat: Split edge 0→13, new hidden node 22 (pool=2)
2026-08-18 19:33:46,732 [DEBUG] cnn_neat: Removed hidden node 21 (pool=10)
2026-08-18 19:33:46,749 [DEBUG] cnn_neat: Split edge 13→21, new hidden node 22 (pool=6)
2026-08-18 19:33:46,753 [DEBUG] cnn_neat: Removed edge 18→19 (from 16 candidates)
2026-08-18 19:33:46,770 [DEBUG] cnn_neat: Removed 3 edges (requested 3)
2026-08-18 19:33:46,799 [DEBUG] cnn_neat: Crossover rejected: union topology invalid (edges=41 nodes=23)
2026-08-18 19:33:46,848 [DEBUG] cnn_neat: Added edge 13→8 (from 43 candidates)
2026-08-18 19:33:46,865 [DEBUG] cnn_neat: Added edge 19→10 (from 43 candidates)
2026-08-18 19:33:46,877 [DEBUG] cnn_neat: Added edge 13→8 (from 41 candidates)
2026-08-18 19:33:46,887 [DEBUG] cnn_neat: Added edge 18→17 (from 37 candidates)
2026-08-18 19:33:46,897 [DEBUG] cnn_neat: Added edge 19→17 (from 36 candidates)
2026-08-18 19:33:46,908 [DEBUG] cnn_neat: Added edge 20→17 (from 35 candidates)
2026-08-18 19:33:46,917 [DEBUG] cnn_neat: Split edge 0→13, new hidden node 22 (pool=1)
2026-08-18 19:33:46,926 [DEBUG] cnn_neat: Split edge 13→21, new hidden node 23 (pool=12)
2026-08-18 19:33:46,938 [DEBUG] cnn_neat: Added edge 21→19 (from 49 candidates)
2026-08-18 19:33:46,954 [DEBUG] cnn_neat: Removed hidden node 4 (pool=11)
2026-08-18 19:33:46,963 [DEBUG] cnn_neat: Removed edge 18→16 (from 15 candidates)
2026-08-18 19:33:46,979 [DEBUG] cnn_neat: Removed 3 edges (requested 3)
2026-08-18 19:33:46,991 [DEBUG] cnn_neat: Crossover rejected: union topology invalid (edges=45 nodes=24)
2026-08-18 19:33:47,000 [DEBUG] cnn_neat: Split edge 0→13, new hidden node 22 (pool=1)
2026-08-18 19:33:47,011 [DEBUG] cnn_neat: Added edge 22→10 (from 55 candidates)
2026-08-18 19:33:47,023 [DEBUG] cnn_neat: Added edge 10→4 (from 49 candidates)
2026-08-18 19:33:47,034 [DEBUG] cnn_neat: Added edge 19→4 (from 47 candidates)
2026-08-18 19:33:47,048 [DEBUG] cnn_neat: Added edge 9→4 (from 46 candidates)
2026-08-18 19:33:47,058 [DEBUG] cnn_neat: Added edge 18→21 (from 45 candidates)
2026-08-18 19:33:47,067 [DEBUG] cnn_neat: Added edge 20→10 (from 42 candidates)
2026-08-18 19:33:47,088 [DEBUG] cnn_neat: Added edge 10→1 (from 34 candidates)
2026-08-18 19:33:47,099 [DEBUG] cnn_neat: Added edge 13→18 (from 34 candidates)
2026-08-18 19:33:47,114 [DEBUG] cnn_neat: Removed hidden node 8 (pool=10)
2026-08-18 19:33:47,124 [DEBUG] cnn_neat: Removed edge 9→16 (from 19 candidates)
2026-08-18 19:33:47,140 [DEBUG] cnn_neat: Removed 3 edges (requested 3)
2026-08-18 19:33:47,153 [DEBUG] cnn_neat: Crossover rejected: union topology invalid (edges=46 nodes=23)
2026-08-18 19:33:47,168 [DEBUG] cnn_neat: Added edge 20→1 (from 34 candidates)
2026-08-18 19:33:47,177 [DEBUG] cnn_neat: Added edge 18→21 (from 34 candidates)
2026-08-18 19:33:47,190 [DEBUG] cnn_neat: Added edge 8→16 (from 31 candidates)
2026-08-18 19:33:47,200 [DEBUG] cnn_neat: Added edge 13→18 (from 30 candidates)
2026-08-18 19:33:47,214 [DEBUG] cnn_neat: Added edge 9→17 (from 27 candidates)
2026-08-18 19:33:47,224 [DEBUG] cnn_neat: Added edge 19→16 (from 26 candidates)
2026-08-18 19:33:47,245 [DEBUG] cnn_neat: Added edge 8→13 (from 51 candidates)
2026-08-18 19:33:47,257 [DEBUG] cnn_neat: Added edge 18→21 (from 51 candidates)
2026-08-18 19:33:47,271 [DEBUG] cnn_neat: Removed hidden node 16 (pool=11)
2026-08-18 19:33:47,280 [DEBUG] cnn_neat: Removed edge 20→4 (from 16 candidates)
2026-08-18 19:33:47,301 [DEBUG] cnn_neat: Removed 3 edges (requested 3)
2026-08-18 19:33:47,312 [DEBUG] cnn_neat: Crossover rejected: union topology invalid (edges=45 nodes=24)
2026-08-18 19:33:47,328 [DEBUG] cnn_neat: Added edge 20→10 (from 51 candidates)
2026-08-18 19:33:47,341 [DEBUG] cnn_neat: Added edge 8→16 (from 51 candidates)
2026-08-18 19:33:47,350 [DEBUG] cnn_neat: Added edge 21→8 (from 50 candidates)
2026-08-18 19:33:47,363 [DEBUG] cnn_neat: Added edge 18→1 (from 40 candidates)
2026-08-18 19:33:47,373 [DEBUG] cnn_neat: Added edge 10→4 (from 39 candidates)
2026-08-18 19:33:47,388 [DEBUG] cnn_neat: Added edge 0→20 (from 38 candidates)
2026-08-18 19:33:47,410 [DEBUG] cnn_neat: Added edge 19→4 (from 44 candidates)
2026-08-18 19:33:47,423 [DEBUG] cnn_neat: Added edge 21→18 (from 44 candidates)
2026-08-18 19:33:47,437 [DEBUG] cnn_neat: Removed hidden node 19 (pool=11)
2026-08-18 19:33:47,446 [DEBUG] cnn_neat: Removed edge 9→1 (from 18 candidates)
2026-08-18 19:33:47,465 [DEBUG] cnn_neat: Removed 3 edges (requested 3)
2026-08-18 19:33:47,477 [DEBUG] cnn_neat: Crossover rejected: union topology invalid (edges=49 nodes=24)
2026-08-18 19:33:47,491 [DEBUG] cnn_neat: Added edge 18→1 (from 44 candidates)
2026-08-18 19:33:47,502 [DEBUG] cnn_neat: Added edge 19→4 (from 44 candidates)
2026-08-18 19:33:47,513 [DEBUG] cnn_neat: Added edge 18→20 (from 43 candidates)
2026-08-18 19:33:47,523 [DEBUG] cnn_neat: Added edge 21→4 (from 42 candidates)
2026-08-18 19:33:47,533 [DEBUG] cnn_neat: Added edge 0→10 (from 41 candidates)
2026-08-18 19:33:47,544 [DEBUG] cnn_neat: Added edge 21→9 (from 41 candidates)
2026-08-18 19:33:47,564 [DEBUG] cnn_neat: Added edge 10→4 (from 45 candidates)
2026-08-18 19:33:47,575 [DEBUG] cnn_neat: Added edge 19→20 (from 45 candidates)
2026-08-18 19:33:47,591 [DEBUG] cnn_neat: Removed hidden node 19 (pool=11)
2026-08-18 19:33:47,599 [DEBUG] cnn_neat: Removed edge 13→4 (from 19 candidates)
2026-08-18 19:33:47,617 [DEBUG] cnn_neat: Removed 3 edges (requested 3)
2026-08-18 19:33:47,630 [DEBUG] cnn_neat: Crossover rejected: union topology invalid (edges=49 nodes=24)
2026-08-18 19:33:47,645 [DEBUG] cnn_neat: Added edge 18→20 (from 45 candidates)
2026-08-18 19:33:47,656 [DEBUG] cnn_neat: Added edge 9→4 (from 45 candidates)
2026-08-18 19:33:47,666 [DEBUG] cnn_neat: Added edge 9→17 (from 44 candidates)
2026-08-18 19:33:47,678 [DEBUG] cnn_neat: Added edge 10→1 (from 43 candidates)
2026-08-18 19:33:47,690 [DEBUG] cnn_neat: Added edge 21→19 (from 41 candidates)
2026-08-18 19:33:47,701 [DEBUG] cnn_neat: Added edge 20→1 (from 36 candidates)
2026-08-18 19:33:47,723 [DEBUG] cnn_neat: Added edge 21→18 (from 47 candidates)
2026-08-18 19:33:47,733 [DEBUG] cnn_neat: Added edge 10→1 (from 47 candidates)
2026-08-18 19:33:47,749 [DEBUG] cnn_neat: Removed hidden node 21 (pool=11)
2026-08-18 19:33:47,759 [DEBUG] cnn_neat: Removed edge 21→20 (from 19 candidates)
2026-08-18 19:33:47,776 [DEBUG] cnn_neat: Removed 3 edges (requested 3)
2026-08-18 19:33:47,788 [DEBUG] cnn_neat: Crossover rejected: union topology invalid (edges=47 nodes=24)
2026-08-18 19:33:47,806 [DEBUG] cnn_neat: Added edge 18→1 (from 47 candidates)
2026-08-18 19:33:47,816 [DEBUG] cnn_neat: Added edge 16→4 (from 47 candidates)
2026-08-18 19:33:47,826 [DEBUG] cnn_neat: Added edge 18→13 (from 46 candidates)
2026-08-18 19:33:47,836 [DEBUG] cnn_neat: Added edge 8→9 (from 41 candidates)
2026-08-18 19:33:47,848 [DEBUG] cnn_neat: Added edge 19→1 (from 40 candidates)
2026-08-18 19:33:47,861 [DEBUG] cnn_neat: Added edge 19→16 (from 39 candidates)
2026-08-18 19:33:47,885 [DEBUG] cnn_neat: Added edge 19→21 (from 47 candidates)
2026-08-18 19:33:47,900 [DEBUG] cnn_neat: Added edge 19→17 (from 47 candidates)
2026-08-18 19:33:47,914 [DEBUG] cnn_neat: Removed hidden node 16 (pool=11)
2026-08-18 19:33:47,922 [DEBUG] cnn_neat: Removed edge 16→17 (from 19 candidates)
2026-08-18 19:33:47,941 [DEBUG] cnn_neat: Removed 3 edges (requested 3)
2026-08-18 19:33:47,953 [DEBUG] cnn_neat: Crossover rejected: union topology invalid (edges=48 nodes=24)
2026-08-18 19:33:47,967 [DEBUG] cnn_neat: Added edge 8→16 (from 47 candidates)
2026-08-18 19:33:47,978 [DEBUG] cnn_neat: Added edge 16→4 (from 47 candidates)
2026-08-18 19:33:47,990 [DEBUG] cnn_neat: Added edge 20→1 (from 46 candidates)
2026-08-18 19:33:48,001 [DEBUG] cnn_neat: Added edge 10→21 (from 44 candidates)
2026-08-18 19:33:48,016 [DEBUG] cnn_neat: Added edge 13→8 (from 35 candidates)
2026-08-18 19:33:48,031 [DEBUG] cnn_neat: Added edge 18→9 (from 31 candidates)
2026-08-18 19:33:48,052 [DEBUG] cnn_neat: Added edge 16→4 (from 43 candidates)
2026-08-18 19:33:48,064 [DEBUG] cnn_neat: Added edge 8→21 (from 43 candidates)
2026-08-18 19:33:48,077 [DEBUG] cnn_neat: Removed hidden node 16 (pool=11)
2026-08-18 19:33:48,086 [DEBUG] cnn_neat: Removed edge 10→4 (from 20 candidates)
2026-08-18 19:33:48,101 [DEBUG] cnn_neat: Added edge 13→18 (from 44 candidates)
2026-08-18 19:33:48,121 [DEBUG] cnn_neat: Removed 3 edges (requested 3)
2026-08-18 19:33:48,134 [DEBUG] cnn_neat: Crossover rejected: union topology invalid (edges=48 nodes=23)
2026-08-18 19:33:48,149 [DEBUG] cnn_neat: Added edge 9→21 (from 43 candidates)
2026-08-18 19:33:48,160 [DEBUG] cnn_neat: Added edge 0→19 (from 43 candidates)
2026-08-18 19:33:48,171 [DEBUG] cnn_neat: Added edge 16→4 (from 37 candidates)
2026-08-18 19:33:48,181 [DEBUG] cnn_neat: Added edge 19→21 (from 36 candidates)
2026-08-18 19:33:48,191 [DEBUG] cnn_neat: Added edge 8→9 (from 32 candidates)
2026-08-18 19:33:48,203 [DEBUG] cnn_neat: Added edge 19→13 (from 31 candidates)
2026-08-18 19:33:48,212 [DEBUG] cnn_neat: Split edge 0→4, new hidden node 21 (pool=1)
2026-08-18 19:33:48,224 [DEBUG] cnn_neat: Added edge 10→4 (from 51 candidates)
2026-08-18 19:33:48,239 [DEBUG] cnn_neat: Removed hidden node 9 (pool=10)
2026-08-18 19:33:48,481 [DEBUG] cnn_neat: Added edge 21→1 (from 46 candidates)
2026-08-18 19:33:48,584 [DEBUG] cnn_neat: Removed hidden node 20 (pool=11)
2026-08-18 19:33:48,609 [DEBUG] cnn_neat: Removed edge 9→10 (from 18 candidates)
2026-08-18 19:33:48,695 [DEBUG] cnn_neat: Removed 3 edges (requested 3)
2026-08-18 19:33:48,751 [DEBUG] cnn_neat: Added edge 21→9 (from 44 candidates)
2026-08-18 19:33:48,779 [DEBUG] cnn_neat: Added edge 13→8 (from 47 candidates)
2026-08-18 19:33:48,924 [DEBUG] cnn_neat: Added edge 19→10 (from 47 candidates)
2026-08-18 19:33:48,962 [DEBUG] cnn_neat: Removed hidden node 10 (pool=11)
2026-08-18 19:33:48,984 [DEBUG] cnn_neat: Removed edge 9→20 (from 17 candidates)
2026-08-18 19:33:49,025 [DEBUG] cnn_neat: Removed 3 edges (requested 3)
2026-08-18 19:33:49,053 [DEBUG] cnn_neat: Split edge 13→21, new hidden node 22 (pool=9)
2026-08-18 19:33:49,088 [DEBUG] cnn_neat: Added edge 18→4 (from 45 candidates)
2026-08-18 19:33:50,259 [DEBUG] cnn_neat: Added edge 20→1 (from 41 candidates)
2026-08-18 19:33:50,386 [DEBUG] cnn_neat: Added edge 20→1 (from 51 candidates)
2026-08-18 19:33:50,461 [DEBUG] cnn_neat: Removed hidden node 17 (pool=11)
2026-08-18 19:33:50,510 [DEBUG] cnn_neat: Removed edge 9→10 (from 17 candidates)
2026-08-18 19:33:50,563 [DEBUG] cnn_neat: Removed 3 edges (requested 3)
2026-08-18 19:33:50,621 [DEBUG] cnn_neat: Split edge 16→1, new hidden node 22 (pool=11)
2026-08-18 19:33:50,756 [DEBUG] cnn_neat: Added edge 13→4 (from 45 candidates)
2026-08-18 19:33:50,803 [DEBUG] cnn_neat: Removed hidden node 9 (pool=11)
2026-08-18 19:33:50,821 [DEBUG] cnn_neat: Removed edge 20→10 (from 18 candidates)
2026-08-18 19:33:50,882 [DEBUG] cnn_neat: Removed 3 edges (requested 3)
2026-08-18 19:33:50,905 [DEBUG] cnn_neat: Split edge 0→4, new hidden node 22 (pool=4)
2026-08-18 19:33:50,923 [DEBUG] cnn_neat: Split edge 0→13, new hidden node 22 (pool=2)
2026-08-18 19:33:50,943 [DEBUG] cnn_neat: Added edge 0→21 (from 44 candidates)
2026-08-18 19:33:50,978 [DEBUG] cnn_neat: Added edge 8→13 (from 45 candidates)
2026-08-18 19:33:51,014 [DEBUG] cnn_neat: Removed hidden node 20 (pool=11)
2026-08-18 19:33:51,028 [DEBUG] cnn_neat: Removed edge 8→4 (from 18 candidates)
2026-08-18 19:33:51,070 [DEBUG] cnn_neat: Removed 3 edges (requested 3)
2026-08-18 19:33:51,097 [DEBUG] cnn_neat: Split edge 18→16, new hidden node 22 (pool=8)
2026-08-18 19:33:51,126 [DEBUG] cnn_neat: Split edge 13→9, new hidden node 22 (pool=10)
2026-08-18 19:33:51,176 [DEBUG] cnn_neat: Added edge 18→9 (from 50 candidates)
2026-08-18 19:33:51,227 [DEBUG] cnn_neat: Removed hidden node 20 (pool=11)
2026-08-18 19:33:51,251 [DEBUG] cnn_neat: Removed edge 16→17 (from 17 candidates)
2026-08-18 19:33:51,295 [DEBUG] cnn_neat: Removed 3 edges (requested 3)
2026-08-18 19:33:51,332 [DEBUG] cnn_neat: Split edge 16→1, new hidden node 22 (pool=11)
2026-08-18 19:33:51,353 [DEBUG] cnn_neat: Added edge 0→19 (from 49 candidates)
2026-08-18 19:33:51,371 [DEBUG] cnn_neat: Added edge 21→17 (from 53 candidates)
2026-08-18 19:33:51,545 [DEBUG] cnn_neat: Added edge 19→16 (from 49 candidates)
2026-08-18 19:33:51,604 [DEBUG] cnn_neat: Removed hidden node 20 (pool=11)
2026-08-18 19:33:51,641 [DEBUG] cnn_neat: Removed edge 18→16 (from 18 candidates)
2026-08-18 19:33:51,676 [DEBUG] cnn_neat: Removed 3 edges (requested 3)
2026-08-18 19:33:51,703 [DEBUG] cnn_neat: Split edge 9→16, new hidden node 22 (pool=9)
2026-08-18 19:33:51,718 [DEBUG] cnn_neat: Split edge 13→21, new hidden node 22 (pool=11)
2026-08-18 19:33:51,761 [DEBUG] cnn_neat: Added edge 9→21 (from 48 candidates)
2026-08-18 19:33:51,839 [DEBUG] cnn_neat: Added edge 18→20 (from 51 candidates)
2026-08-18 19:33:51,874 [DEBUG] cnn_neat: Removed hidden node 20 (pool=11)
2026-08-18 19:33:51,895 [DEBUG] cnn_neat: Removed edge 20→4 (from 16 candidates)
2026-08-18 19:33:52,780 [DEBUG] cnn_neat: Removed 3 edges (requested 3)
2026-08-18 19:33:52,892 [DEBUG] cnn_neat: Added edge 9→21 (from 49 candidates)
2026-08-18 19:33:52,916 [DEBUG] cnn_neat: Removed hidden node 18 (pool=11)
2026-08-18 19:33:52,937 [DEBUG] cnn_neat: Removed edge 20→4 (from 18 candidates)
2026-08-18 19:33:52,956 [DEBUG] cnn_neat: Removed 3 edges (requested 3)
2026-08-18 19:33:52,983 [DEBUG] cnn_neat: Split edge 8→18, new hidden node 22 (pool=10)
2026-08-18 19:33:53,009 [DEBUG] cnn_neat: Added edge 18→21 (from 50 candidates)
2026-08-18 19:33:53,028 [DEBUG] cnn_neat: Added edge 16→20 (from 57 candidates)
2026-08-18 19:33:53,052 [DEBUG] cnn_neat: Split edge 17→4, new hidden node 23 (pool=10)
2026-08-18 19:33:53,120 [DEBUG] cnn_neat: Added edge 13→4 (from 48 candidates)
2026-08-18 19:33:53,158 [DEBUG] cnn_neat: Removed hidden node 8 (pool=11)
2026-08-18 19:33:53,216 [DEBUG] cnn_neat: Removed edge 9→10 (from 18 candidates)
2026-08-18 19:33:53,258 [DEBUG] cnn_neat: Removed 3 edges (requested 3)
2026-08-18 19:33:53,280 [DEBUG] cnn_neat: Split edge 0→4, new hidden node 22 (pool=8)
2026-08-18 19:33:54,124 [DEBUG] cnn_neat: Added edge 8→13 (from 43 candidates)
2026-08-18 19:33:54,155 [DEBUG] cnn_neat: Removed hidden node 8 (pool=11)
2026-08-18 19:33:54,181 [DEBUG] cnn_neat: Removed edge 17→1 (from 19 candidates)
2026-08-18 19:33:54,232 [DEBUG] cnn_neat: Removed 3 edges (requested 3)
2026-08-18 19:33:54,246 [DEBUG] cnn_neat: Split edge 0→13, new hidden node 22 (pool=11)
2026-08-18 19:33:54,261 [DEBUG] cnn_neat: Split edge 0→4, new hidden node 22 (pool=3)
2026-08-18 19:33:54,278 [DEBUG] cnn_neat: Added edge 18→4 (from 41 candidates)
2026-08-18 19:33:54,338 [DEBUG] cnn_neat: Added edge 9→21 (from 44 candidates)
2026-08-18 19:33:54,390 [DEBUG] cnn_neat: Removed hidden node 17 (pool=11)
2026-08-18 19:33:54,412 [DEBUG] cnn_neat: Removed edge 17→4 (from 19 candidates)
2026-08-18 19:33:54,459 [DEBUG] cnn_neat: Removed 3 edges (requested 3)
2026-08-18 19:33:54,487 [DEBUG] cnn_neat: Split edge 21→20, new hidden node 22 (pool=12)
2026-08-18 19:33:54,515 [DEBUG] cnn_neat: Split edge 16→1, new hidden node 22 (pool=13)
2026-08-18 19:33:54,565 [DEBUG] cnn_neat: Added edge 21→10 (from 43 candidates)
2026-08-18 19:33:54,582 [DEBUG] cnn_neat: Removed hidden node 8 (pool=10)
2026-08-18 19:33:54,590 [DEBUG] cnn_neat: Removed edge 16→1 (from 16 candidates)
2026-08-18 19:33:55,415 [DEBUG] cnn_neat: Removed 3 edges (requested 3)
2026-08-18 19:33:55,441 [DEBUG] cnn_neat: Split edge 0→13, new hidden node 22 (pool=1)
2026-08-18 19:33:55,459 [DEBUG] cnn_neat: Added edge 21→9 (from 49 candidates)
2026-08-18 19:33:55,514 [DEBUG] cnn_neat: Removed hidden node 4 (pool=11)
2026-08-18 19:33:55,542 [DEBUG] cnn_neat: Removed edge 9→16 (from 15 candidates)
2026-08-18 19:33:55,588 [DEBUG] cnn_neat: Removed 3 edges (requested 3)
2026-08-18 19:33:55,606 [DEBUG] cnn_neat: Split edge 0→13, new hidden node 22 (pool=1)
2026-08-18 19:33:55,625 [DEBUG] cnn_neat: Split edge 0→13, new hidden node 22 (pool=1)
2026-08-18 19:33:55,643 [DEBUG] cnn_neat: Split edge 0→13, new hidden node 22 (pool=1)
2026-08-18 19:33:55,704 [DEBUG] cnn_neat: Added edge 19→21 (from 34 candidates)
2026-08-18 19:33:55,728 [DEBUG] cnn_neat: Removed hidden node 16 (pool=10)
2026-08-18 19:33:55,750 [DEBUG] cnn_neat: Removed edge 17→10 (from 19 candidates)
2026-08-18 19:33:55,783 [DEBUG] cnn_neat: Removed 3 edges (requested 3)
2026-08-18 19:33:56,575 [DEBUG] cnn_neat: Split edge 0→13, new hidden node 22 (pool=11)
2026-08-18 19:33:56,629 [DEBUG] cnn_neat: Added edge 10→9 (from 51 candidates)
2026-08-18 19:33:56,664 [DEBUG] cnn_neat: Removed hidden node 10 (pool=11)
2026-08-18 19:33:56,686 [DEBUG] cnn_neat: Removed edge 19→9 (from 16 candidates)
2026-08-18 19:33:56,716 [DEBUG] cnn_neat: Removed 3 edges (requested 3)
2026-08-18 19:33:56,735 [DEBUG] cnn_neat: Split edge 9→20, new hidden node 22 (pool=9)
2026-08-18 19:33:56,755 [DEBUG] cnn_neat: Added edge 20→17 (from 46 candidates)
2026-08-18 19:33:56,820 [DEBUG] cnn_neat: Added edge 21→17 (from 44 candidates)
2026-08-18 19:33:56,861 [DEBUG] cnn_neat: Removed hidden node 17 (pool=11)
2026-08-18 19:33:56,870 [DEBUG] cnn_neat: Removed edge 20→4 (from 18 candidates)
2026-08-18 19:33:56,889 [DEBUG] cnn_neat: Removed 3 edges (requested 3)
2026-08-18 19:33:56,907 [DEBUG] cnn_neat: Split edge 9→1, new hidden node 22 (pool=11)
2026-08-18 19:33:56,937 [DEBUG] cnn_neat: Split edge 0→13, new hidden node 22 (pool=1)
2026-08-18 19:33:56,986 [DEBUG] cnn_neat: Added edge 19→20 (from 45 candidates)
2026-08-18 19:33:57,003 [DEBUG] cnn_neat: Removed hidden node 17 (pool=11)
2026-08-18 19:33:57,021 [DEBUG] cnn_neat: Removed edge 9→20 (from 19 candidates)
2026-08-18 19:33:57,107 [DEBUG] cnn_neat: Removed 3 edges (requested 3)
2026-08-18 19:33:57,229 [DEBUG] cnn_neat: Split edge 18→10, new hidden node 22 (pool=12)
2026-08-18 19:33:58,096 [DEBUG] cnn_neat: Split edge 20→16, new hidden node 22 (pool=10)
2026-08-18 19:33:58,150 [DEBUG] cnn_neat: Added edge 8→13 (from 47 candidates)
2026-08-18 19:33:58,183 [DEBUG] cnn_neat: Removed hidden node 4 (pool=11)
2026-08-18 19:33:58,203 [DEBUG] cnn_neat: Removed edge 16→1 (from 19 candidates)
2026-08-18 19:33:58,236 [DEBUG] cnn_neat: Removed 3 edges (requested 3)
2026-08-18 19:33:58,290 [DEBUG] cnn_neat: Split edge 0→13, new hidden node 22 (pool=1)
2026-08-18 19:33:58,308 [DEBUG] cnn_neat: Added edge 21→16 (from 44 candidates)
2026-08-18 19:33:58,346 [DEBUG] cnn_neat: Added edge 13→8 (from 47 candidates)
2026-08-18 19:33:58,385 [DEBUG] cnn_neat: Removed hidden node 8 (pool=11)
2026-08-18 19:33:58,406 [DEBUG] cnn_neat: Removed edge 18→19 (from 19 candidates)
2026-08-18 19:33:58,442 [DEBUG] cnn_neat: Removed 3 edges (requested 3)
2026-08-18 19:33:58,467 [DEBUG] cnn_neat: Split edge 9→20, new hidden node 22 (pool=9)
2026-08-18 19:33:58,473 [DEBUG] cnn_neat: Saved generation 31
2026-08-18 19:33:58,721 [DEBUG] cnn_neat: Selected 25 elite individuals
2026-08-18 19:33:58,726 [DEBUG] cnn_neat: Split edge 21→20, new hidden node 22 (pool=14)
2026-08-18 19:33:58,803 [DEBUG] cnn_neat: Added edge 13→4 (from 43 candidates)
2026-08-18 19:33:58,876 [DEBUG] cnn_neat: Removed hidden node 19 (pool=11)
2026-08-18 19:33:59,096 [DEBUG] cnn_neat: Removed edge 9→16 (from 20 candidates)
2026-08-18 19:33:59,164 [DEBUG] cnn_neat: Added edge 9→4 (from 43 candidates)
2026-08-18 19:33:59,238 [DEBUG] cnn_neat: Removed hidden node 10 (pool=11)
2026-08-18 19:33:59,292 [DEBUG] cnn_neat: Removed edge 9→10 (from 19 candidates)
2026-08-18 19:33:59,317 [DEBUG] cnn_neat: Trimmed elite queue to 128 entries
2026-08-18 19:34:00,916 [DEBUG] cnn_neat: Removed 3 edges (requested 3)
2026-08-18 19:34:00,932 [DEBUG] cnn_neat: Split edge 0→13, new hidden node 22 (pool=1)
2026-08-18 19:34:00,942 [DEBUG] cnn_neat: Added edge 19→21 (from 40 candidates)
2026-08-18 19:34:00,975 [DEBUG] cnn_neat: Removed hidden node 21 (pool=10)
2026-08-18 19:34:00,983 [DEBUG] cnn_neat: Removed edge 21→20 (from 15 candidates)
2026-08-18 19:34:01,001 [DEBUG] cnn_neat: Removed 3 edges (requested 3)
2026-08-18 19:34:01,015 [DEBUG] cnn_neat: Crossover rejected: union topology invalid (edges=43 nodes=23)
2026-08-18 19:34:01,025 [DEBUG] cnn_neat: Split edge 0→13, new hidden node 22 (pool=1)
2026-08-18 19:34:01,034 [DEBUG] cnn_neat: Added edge 20→17 (from 45 candidates)
2026-08-18 19:34:01,046 [DEBUG] cnn_neat: Added edge 20→17 (from 40 candidates)
2026-08-18 19:34:01,055 [DEBUG] cnn_neat: Added edge 21→16 (from 38 candidates)
2026-08-18 19:34:01,066 [DEBUG] cnn_neat: Added edge 8→9 (from 37 candidates)
2026-08-18 19:34:01,076 [DEBUG] cnn_neat: Added edge 19→13 (from 36 candidates)
2026-08-18 19:34:01,087 [DEBUG] cnn_neat: Added edge 8→16 (from 30 candidates)
2026-08-18 19:34:01,107 [DEBUG] cnn_neat: Added edge 13→8 (from 53 candidates)
2026-08-18 19:34:01,119 [DEBUG] cnn_neat: Added edge 21→4 (from 53 candidates)
2026-08-18 19:34:01,134 [DEBUG] cnn_neat: Removed hidden node 21 (pool=11)
2026-08-18 19:34:01,143 [DEBUG] cnn_neat: Removed edge 9→20 (from 15 candidates)
2026-08-18 19:34:01,160 [DEBUG] cnn_neat: Removed 3 edges (requested 3)
2026-08-18 19:34:01,173 [DEBUG] cnn_neat: Crossover rejected: union topology invalid (edges=47 nodes=24)
2026-08-18 19:34:01,198 [DEBUG] cnn_neat: Added edge 18→20 (from 53 candidates)
2026-08-18 19:34:01,212 [DEBUG] cnn_neat: Added edge 18→17 (from 53 candidates)
2026-08-18 19:34:01,222 [DEBUG] cnn_neat: Added edge 19→20 (from 52 candidates)
2026-08-18 19:34:01,233 [DEBUG] cnn_neat: Added edge 10→4 (from 50 candidates)
2026-08-18 19:34:01,243 [DEBUG] cnn_neat: Added edge 18→13 (from 49 candidates)
2026-08-18 19:34:01,257 [DEBUG] cnn_neat: Added edge 16→10 (from 44 candidates)
2026-08-18 19:34:01,278 [DEBUG] cnn_neat: Added edge 8→16 (from 37 candidates)
2026-08-18 19:34:01,291 [DEBUG] cnn_neat: Added edge 18→1 (from 37 candidates)
2026-08-18 19:34:01,308 [DEBUG] cnn_neat: Removed hidden node 19 (pool=10)
2026-08-18 19:34:01,315 [DEBUG] cnn_neat: Removed edge 20→16 (from 18 candidates)
2026-08-18 19:34:01,335 [DEBUG] cnn_neat: Removed 3 edges (requested 3)
2026-08-18 19:34:01,345 [DEBUG] cnn_neat: Crossover rejected: union topology invalid (edges=45 nodes=23)
2026-08-18 19:34:01,360 [DEBUG] cnn_neat: Added edge 19→16 (from 37 candidates)
2026-08-18 19:34:01,372 [DEBUG] cnn_neat: Added edge 20→1 (from 37 candidates)
2026-08-18 19:34:01,385 [DEBUG] cnn_neat: Added edge 19→21 (from 35 candidates)
2026-08-18 19:34:01,395 [DEBUG] cnn_neat: Added edge 0→10 (from 31 candidates)
2026-08-18 19:34:01,409 [DEBUG] cnn_neat: Added edge 20→17 (from 32 candidates)
2026-08-18 19:34:01,420 [DEBUG] cnn_neat: Added edge 9→21 (from 31 candidates)
2026-08-18 19:34:01,441 [DEBUG] cnn_neat: Added edge 18→1 (from 52 candidates)
2026-08-18 19:34:01,452 [DEBUG] cnn_neat: Added edge 18→21 (from 52 candidates)
2026-08-18 19:34:01,466 [DEBUG] cnn_neat: Removed hidden node 16 (pool=11)
2026-08-18 19:34:01,474 [DEBUG] cnn_neat: Removed edge 21→20 (from 15 candidates)
2026-08-18 19:34:01,491 [DEBUG] cnn_neat: Removed 3 edges (requested 3)
2026-08-18 19:34:01,501 [DEBUG] cnn_neat: Crossover rejected: union topology invalid (edges=46 nodes=24)
2026-08-18 19:34:01,516 [DEBUG] cnn_neat: Added edge 10→21 (from 52 candidates)
2026-08-18 19:34:01,527 [DEBUG] cnn_neat: Added edge 19→4 (from 52 candidates)
2026-08-18 19:34:01,537 [DEBUG] cnn_neat: Added edge 21→19 (from 51 candidates)
2026-08-18 19:34:01,548 [DEBUG] cnn_neat: Added edge 13→18 (from 44 candidates)
2026-08-18 19:34:01,559 [DEBUG] cnn_neat: Added edge 16→10 (from 42 candidates)
2026-08-18 19:34:01,571 [DEBUG] cnn_neat: Added edge 19→1 (from 38 candidates)
2026-08-18 19:34:01,590 [DEBUG] cnn_neat: Added edge 20→10 (from 49 candidates)
2026-08-18 19:34:01,605 [DEBUG] cnn_neat: Added edge 16→10 (from 49 candidates)
2026-08-18 19:34:01,622 [DEBUG] cnn_neat: Removed hidden node 4 (pool=11)
2026-08-18 19:34:01,630 [DEBUG] cnn_neat: Removed edge 9→10 (from 17 candidates)
2026-08-18 19:34:01,645 [DEBUG] cnn_neat: Added edge 18→13 (from 52 candidates)
2026-08-18 19:34:01,663 [DEBUG] cnn_neat: Removed 3 edges (requested 3)
2026-08-18 19:34:01,675 [DEBUG] cnn_neat: Crossover rejected: union topology invalid (edges=46 nodes=24)
2026-08-18 19:34:01,691 [DEBUG] cnn_neat: Added edge 10→20 (from 49 candidates)
2026-08-18 19:34:01,703 [DEBUG] cnn_neat: Added edge 13→4 (from 49 candidates)
2026-08-18 19:34:01,712 [DEBUG] cnn_neat: Added edge 21→19 (from 48 candidates)
2026-08-18 19:34:01,723 [DEBUG] cnn_neat: Added edge 18→17 (from 42 candidates)
2026-08-18 19:34:01,733 [DEBUG] cnn_neat: Added edge 10→4 (from 41 candidates)
2026-08-18 19:34:01,745 [DEBUG] cnn_neat: Added edge 10→17 (from 40 candidates)
2026-08-18 19:34:01,765 [DEBUG] cnn_neat: Added edge 18→4 (from 45 candidates)
2026-08-18 19:34:01,776 [DEBUG] cnn_neat: Added edge 20→17 (from 45 candidates)
2026-08-18 19:34:01,799 [DEBUG] cnn_neat: Removed hidden node 21 (pool=11)
2026-08-18 19:34:01,809 [DEBUG] cnn_neat: Removed edge 18→19 (from 17 candidates)
2026-08-18 19:34:01,828 [DEBUG] cnn_neat: Removed 3 edges (requested 3)
2026-08-18 19:34:01,845 [DEBUG] cnn_neat: Crossover rejected: union topology invalid (edges=48 nodes=24)
2026-08-18 19:34:01,861 [DEBUG] cnn_neat: Added edge 10→17 (from 45 candidates)
2026-08-18 19:34:01,874 [DEBUG] cnn_neat: Added edge 18→20 (from 45 candidates)
2026-08-18 19:34:01,889 [DEBUG] cnn_neat: Added edge 21→19 (from 44 candidates)
2026-08-18 19:34:01,900 [DEBUG] cnn_neat: Added edge 21→16 (from 39 candidates)
2026-08-18 19:34:01,914 [DEBUG] cnn_neat: Added edge 10→4 (from 38 candidates)
2026-08-18 19:34:01,926 [DEBUG] cnn_neat: Added edge 16→4 (from 37 candidates)
2026-08-18 19:34:01,946 [DEBUG] cnn_neat: Added edge 18→4 (from 46 candidates)
2026-08-18 19:34:01,957 [DEBUG] cnn_neat: Added edge 19→4 (from 46 candidates)
2026-08-18 19:34:01,971 [DEBUG] cnn_neat: Removed hidden node 9 (pool=11)
2026-08-18 19:34:01,979 [DEBUG] cnn_neat: Removed edge 13→21 (from 18 candidates)
2026-08-18 19:34:01,998 [DEBUG] cnn_neat: Removed 3 edges (requested 3)
2026-08-18 19:34:02,013 [DEBUG] cnn_neat: Crossover rejected: union topology invalid (edges=50 nodes=24)
2026-08-18 19:34:02,028 [DEBUG] cnn_neat: Added edge 13→4 (from 46 candidates)
2026-08-18 19:34:02,043 [DEBUG] cnn_neat: Removed hidden node 21 (pool=11)
2026-08-18 19:34:02,054 [DEBUG] cnn_neat: Added edge 18→4 (from 46 candidates)
2026-08-18 19:34:02,064 [DEBUG] cnn_neat: Added edge 16→10 (from 45 candidates)
2026-08-18 19:34:02,074 [DEBUG] cnn_neat: Added edge 18→1 (from 44 candidates)
2026-08-18 19:34:02,084 [DEBUG] cnn_neat: Added edge 19→13 (from 43 candidates)
2026-08-18 19:34:02,096 [DEBUG] cnn_neat: Added edge 0→19 (from 37 candidates)
2026-08-18 19:34:02,118 [DEBUG] cnn_neat: Added edge 20→1 (from 43 candidates)
2026-08-18 19:34:02,128 [DEBUG] cnn_neat: Added edge 0→19 (from 43 candidates)
2026-08-18 19:34:02,142 [DEBUG] cnn_neat: Removed hidden node 16 (pool=11)
2026-08-18 19:34:02,153 [DEBUG] cnn_neat: Removed edge 17→10 (from 19 candidates)
2026-08-18 19:34:02,171 [DEBUG] cnn_neat: Removed 3 edges (requested 3)
2026-08-18 19:34:02,182 [DEBUG] cnn_neat: Crossover rejected: union topology invalid (edges=49 nodes=24)
2026-08-18 19:34:02,197 [DEBUG] cnn_neat: Added edge 21→18 (from 43 candidates)
2026-08-18 19:34:02,208 [DEBUG] cnn_neat: Added edge 18→20 (from 43 candidates)
2026-08-18 19:34:02,218 [DEBUG] cnn_neat: Added edge 13→4 (from 42 candidates)
2026-08-18 19:34:02,229 [DEBUG] cnn_neat: Added edge 21→1 (from 41 candidates)
2026-08-18 19:34:02,240 [DEBUG] cnn_neat: Added edge 9→4 (from 39 candidates)
2026-08-18 19:34:02,251 [DEBUG] cnn_neat: Added edge 8→16 (from 38 candidates)
2026-08-18 19:34:02,272 [DEBUG] cnn_neat: Added edge 18→13 (from 48 candidates)
2026-08-18 19:34:02,283 [DEBUG] cnn_neat: Added edge 10→21 (from 48 candidates)
2026-08-18 19:34:02,494 [DEBUG] cnn_neat: Added edge 21→17 (from 46 candidates)
2026-08-18 19:34:02,623 [DEBUG] cnn_neat: Removed hidden node 17 (pool=11)
2026-08-18 19:34:02,648 [DEBUG] cnn_neat: Removed edge 9→10 (from 18 candidates)
2026-08-18 19:34:02,743 [DEBUG] cnn_neat: Removed 3 edges (requested 3)
2026-08-18 19:34:02,780 [DEBUG] cnn_neat: Split edge 13→16, new hidden node 22 (pool=1)
2026-08-18 19:34:02,807 [DEBUG] cnn_neat: Added edge 19→17 (from 44 candidates)
2026-08-18 19:34:02,951 [DEBUG] cnn_neat: Added edge 19→21 (from 47 candidates)
2026-08-18 19:34:02,991 [DEBUG] cnn_neat: Removed hidden node 19 (pool=11)
2026-08-18 19:34:03,013 [DEBUG] cnn_neat: Removed edge 21→20 (from 17 candidates)
2026-08-18 19:34:03,050 [DEBUG] cnn_neat: Removed 3 edges (requested 3)
2026-08-18 19:34:03,081 [DEBUG] cnn_neat: Split edge 21→20, new hidden node 22 (pool=13)
2026-08-18 19:34:03,103 [DEBUG] cnn_neat: Split edge 9→16, new hidden node 22 (pool=10)
2026-08-18 19:34:03,124 [DEBUG] cnn_neat: Added edge 0→21 (from 43 candidates)
2026-08-18 19:34:03,167 [DEBUG] cnn_neat: Added edge 20→1 (from 51 candidates)
2026-08-18 19:34:04,463 [DEBUG] cnn_neat: Removed hidden node 18 (pool=11)
2026-08-18 19:34:04,523 [DEBUG] cnn_neat: Added edge 10→4 (from 45 candidates)
2026-08-18 19:34:04,566 [DEBUG] cnn_neat: Removed hidden node 20 (pool=11)
2026-08-18 19:34:04,584 [DEBUG] cnn_neat: Removed edge 21→20 (from 18 candidates)
2026-08-18 19:34:04,634 [DEBUG] cnn_neat: Removed 3 edges (requested 3)
2026-08-18 19:34:04,707 [DEBUG] cnn_neat: Split edge 8→4, new hidden node 22 (pool=4)
2026-08-18 19:34:04,738 [DEBUG] cnn_neat: Added edge 19→13 (from 43 candidates)
2026-08-18 19:34:04,760 [DEBUG] cnn_neat: Added edge 18→20 (from 51 candidates)
2026-08-18 19:34:04,906 [DEBUG] cnn_neat: Added edge 8→16 (from 45 candidates)
2026-08-18 19:34:04,947 [DEBUG] cnn_neat: Removed hidden node 9 (pool=11)
2026-08-18 19:34:04,975 [DEBUG] cnn_neat: Removed edge 18→19 (from 18 candidates)
2026-08-18 19:34:05,039 [DEBUG] cnn_neat: Removed 3 edges (requested 3)
2026-08-18 19:34:05,066 [DEBUG] cnn_neat: Split edge 9→16, new hidden node 22 (pool=13)
2026-08-18 19:34:05,091 [DEBUG] cnn_neat: Added edge 0→20 (from 44 candidates)
2026-08-18 19:34:05,108 [DEBUG] cnn_neat: Added edge 21→18 (from 49 candidates)
2026-08-18 19:34:05,150 [DEBUG] cnn_neat: Added edge 18→1 (from 50 candidates)
2026-08-18 19:34:05,208 [DEBUG] cnn_neat: Removed hidden node 4 (pool=11)
2026-08-18 19:34:05,241 [DEBUG] cnn_neat: Removed edge 17→4 (from 17 candidates)
2026-08-18 19:34:05,269 [DEBUG] cnn_neat: Removed 3 edges (requested 3)
2026-08-18 19:34:05,311 [DEBUG] cnn_neat: Split edge 9→16, new hidden node 22 (pool=8)
2026-08-18 19:34:05,328 [DEBUG] cnn_neat: Added edge 8→9 (from 49 candidates)
2026-08-18 19:34:05,348 [DEBUG] cnn_neat: Added edge 21→10 (from 52 candidates)
2026-08-18 19:34:05,392 [DEBUG] cnn_neat: Added edge 20→1 (from 49 candidates)
2026-08-18 19:34:05,422 [DEBUG] cnn_neat: Removed hidden node 10 (pool=11)
2026-08-18 19:34:05,438 [DEBUG] cnn_neat: Removed edge 9→1 (from 18 candidates)
2026-08-18 19:34:05,463 [DEBUG] cnn_neat: Removed 3 edges (requested 3)
2026-08-18 19:34:05,481 [DEBUG] cnn_neat: Split edge 9→1, new hidden node 22 (pool=10)
2026-08-18 19:34:05,497 [DEBUG] cnn_neat: Split edge 13→16, new hidden node 22 (pool=1)
2026-08-18 19:34:05,516 [DEBUG] cnn_neat: Split edge 18→16, new hidden node 22 (pool=10)
2026-08-18 19:34:05,559 [DEBUG] cnn_neat: Added edge 13→8 (from 51 candidates)
2026-08-18 19:34:05,589 [DEBUG] cnn_neat: Removed hidden node 16 (pool=11)
2026-08-18 19:34:05,604 [DEBUG] cnn_neat: Removed edge 9→1 (from 16 candidates)
2026-08-18 19:34:05,635 [DEBUG] cnn_neat: Removed 3 edges (requested 3)
2026-08-18 19:34:05,653 [DEBUG] cnn_neat: Split edge 9→10, new hidden node 22 (pool=9)
2026-08-18 19:34:05,669 [DEBUG] cnn_neat: Split edge 13→16, new hidden node 22 (pool=1)
2026-08-18 19:34:05,835 [DEBUG] cnn_neat: Added edge 21→9 (from 49 candidates)
2026-08-18 19:34:05,860 [DEBUG] cnn_neat: Removed hidden node 18 (pool=11)
2026-08-18 19:34:05,876 [DEBUG] cnn_neat: Removed edge 13→21 (from 18 candidates)
2026-08-18 19:34:05,907 [DEBUG] cnn_neat: Removed 3 edges (requested 3)
2026-08-18 19:34:05,937 [DEBUG] cnn_neat: Split edge 8→4, new hidden node 22 (pool=3)
2026-08-18 19:34:05,969 [DEBUG] cnn_neat: Added edge 16→4 (from 46 candidates)
2026-08-18 19:34:05,983 [DEBUG] cnn_neat: Added edge 21→8 (from 53 candidates)
2026-08-18 19:34:06,032 [DEBUG] cnn_neat: Added edge 21→9 (from 48 candidates)
2026-08-18 19:34:06,063 [DEBUG] cnn_neat: Removed hidden node 20 (pool=11)
2026-08-18 19:34:06,079 [DEBUG] cnn_neat: Removed edge 21→20 (from 18 candidates)
2026-08-18 19:34:06,893 [DEBUG] cnn_neat: Removed 3 edges (requested 3)
2026-08-18 19:34:06,989 [DEBUG] cnn_neat: Added edge 8→13 (from 43 candidates)
2026-08-18 19:34:07,054 [DEBUG] cnn_neat: Removed hidden node 9 (pool=11)
2026-08-18 19:34:07,074 [DEBUG] cnn_neat: Removed edge 20→10 (from 19 candidates)
2026-08-18 19:34:07,126 [DEBUG] cnn_neat: Removed 3 edges (requested 3)
2026-08-18 19:34:07,153 [DEBUG] cnn_neat: Split edge 13→16, new hidden node 22 (pool=4)
2026-08-18 19:34:07,228 [DEBUG] cnn_neat: Added edge 13→20 (from 58 candidates)
2026-08-18 19:34:07,257 [DEBUG] cnn_neat: Added edge 21→9 (from 45 candidates)
2026-08-18 19:34:07,308 [DEBUG] cnn_neat: Added edge 21→4 (from 44 candidates)
2026-08-18 19:34:07,327 [DEBUG] cnn_neat: Removed hidden node 21 (pool=11)
2026-08-18 19:34:07,354 [DEBUG] cnn_neat: Removed edge 13→21 (from 19 candidates)
2026-08-18 19:34:07,422 [DEBUG] cnn_neat: Removed 3 edges (requested 3)
2026-08-18 19:34:08,195 [DEBUG] cnn_neat: Split edge 0→4, new hidden node 21 (pool=3)
2026-08-18 19:34:08,245 [DEBUG] cnn_neat: Added edge 20→1 (from 43 candidates)
2026-08-18 19:34:08,279 [DEBUG] cnn_neat: Removed hidden node 20 (pool=10)
2026-08-18 19:34:08,287 [DEBUG] cnn_neat: Removed edge 21→20 (from 16 candidates)
2026-08-18 19:34:08,317 [DEBUG] cnn_neat: Removed 3 edges (requested 3)
2026-08-18 19:34:08,339 [DEBUG] cnn_neat: Split edge 9→1, new hidden node 22 (pool=8)
2026-08-18 19:34:08,358 [DEBUG] cnn_neat: Split edge 9→16, new hidden node 22 (pool=11)
2026-08-18 19:34:08,391 [DEBUG] cnn_neat: Split edge 0→13, new hidden node 22 (pool=1)
2026-08-18 19:34:08,416 [DEBUG] cnn_neat: Added edge 21→16 (from 40 candidates)
2026-08-18 19:34:08,455 [DEBUG] cnn_neat: Removed hidden node 20 (pool=10)
2026-08-18 19:34:08,472 [DEBUG] cnn_neat: Removed edge 17→1 (from 15 candidates)
2026-08-18 19:34:08,503 [DEBUG] cnn_neat: Removed 3 edges (requested 3)
2026-08-18 19:34:08,527 [DEBUG] cnn_neat: Split edge 0→13, new hidden node 22 (pool=1)
2026-08-18 19:34:08,542 [DEBUG] cnn_neat: Split edge 9→16, new hidden node 22 (pool=6)
2026-08-18 19:34:08,599 [DEBUG] cnn_neat: Added edge 8→9 (from 53 candidates)
2026-08-18 19:34:08,648 [DEBUG] cnn_neat: Removed hidden node 18 (pool=11)
2026-08-18 19:34:08,666 [DEBUG] cnn_neat: Removed edge 17→1 (from 15 candidates)
2026-08-18 19:34:09,479 [DEBUG] cnn_neat: Removed 3 edges (requested 3)
2026-08-18 19:34:09,579 [DEBUG] cnn_neat: Added edge 20→1 (from 37 candidates)
2026-08-18 19:34:09,606 [DEBUG] cnn_neat: Removed hidden node 16 (pool=10)
2026-08-18 19:34:09,629 [DEBUG] cnn_neat: Removed edge 19→9 (from 18 candidates)
2026-08-18 19:34:09,663 [DEBUG] cnn_neat: Removed 3 edges (requested 3)
2026-08-18 19:34:09,687 [DEBUG] cnn_neat: Split edge 9→10, new hidden node 22 (pool=10)
2026-08-18 19:34:09,713 [DEBUG] cnn_neat: Split edge 0→13, new hidden node 21 (pool=1)
2026-08-18 19:34:09,772 [DEBUG] cnn_neat: Added edge 21→8 (from 52 candidates)
2026-08-18 19:34:09,824 [DEBUG] cnn_neat: Removed hidden node 20 (pool=11)
2026-08-18 19:34:09,838 [DEBUG] cnn_neat: Removed edge 16→1 (from 15 candidates)
2026-08-18 19:34:09,882 [DEBUG] cnn_neat: Removed 3 edges (requested 3)
2026-08-18 19:34:09,910 [DEBUG] cnn_neat: Split edge 16→1, new hidden node 22 (pool=6)
2026-08-18 19:34:09,936 [DEBUG] cnn_neat: Split edge 13→9, new hidden node 22 (pool=9)
2026-08-18 19:34:10,732 [DEBUG] cnn_neat: Added edge 20→1 (from 45 candidates)
2026-08-18 19:34:10,770 [DEBUG] cnn_neat: Removed hidden node 10 (pool=11)
2026-08-18 19:34:10,791 [DEBUG] cnn_neat: Removed edge 9→16 (from 17 candidates)
2026-08-18 19:34:10,832 [DEBUG] cnn_neat: Removed 3 edges (requested 3)
2026-08-18 19:34:10,867 [DEBUG] cnn_neat: Added edge 19→13 (from 44 candidates)
2026-08-18 19:34:10,895 [DEBUG] cnn_neat: Added edge 21→4 (from 46 candidates)
2026-08-18 19:34:10,910 [DEBUG] cnn_neat: Added edge 9→19 (from 57 candidates)
2026-08-18 19:34:10,956 [DEBUG] cnn_neat: Added edge 19→1 (from 46 candidates)
2026-08-18 19:34:10,983 [DEBUG] cnn_neat: Removed hidden node 9 (pool=11)
2026-08-18 19:34:10,992 [DEBUG] cnn_neat: Removed edge 9→20 (from 18 candidates)
2026-08-18 19:34:11,026 [DEBUG] cnn_neat: Removed 3 edges (requested 3)
2026-08-18 19:34:11,061 [DEBUG] cnn_neat: Split edge 9→1, new hidden node 22 (pool=13)
2026-08-18 19:34:11,082 [DEBUG] cnn_neat: Added edge 13→4 (from 44 candidates)
2026-08-18 19:34:11,099 [DEBUG] cnn_neat: Added edge 20→19 (from 53 candidates)
2026-08-18 19:34:11,130 [DEBUG] cnn_neat: Added edge 8→21 (from 43 candidates)
2026-08-18 19:34:11,176 [DEBUG] cnn_neat: Removed hidden node 4 (pool=11)
2026-08-18 19:34:11,293 [DEBUG] cnn_neat: Removed edge 17→1 (from 19 candidates)
2026-08-18 19:34:11,522 [DEBUG] cnn_neat: Removed 3 edges (requested 3)
2026-08-18 19:34:11,591 [DEBUG] cnn_neat: Added edge 21→17 (from 49 candidates)
2026-08-18 19:34:11,628 [DEBUG] cnn_neat: Removed hidden node 9 (pool=11)
2026-08-18 19:34:12,526 [DEBUG] cnn_neat: Removed edge 20→16 (from 17 candidates)
2026-08-18 19:34:12,565 [DEBUG] cnn_neat: Added edge 9→21 (from 48 candidates)
2026-08-18 19:34:12,612 [DEBUG] cnn_neat: Removed hidden node 10 (pool=11)
2026-08-18 19:34:12,626 [DEBUG] cnn_neat: Removed edge 9→1 (from 19 candidates)
2026-08-18 19:34:12,657 [DEBUG] cnn_neat: Removed 3 edges (requested 3)
2026-08-18 19:34:12,684 [DEBUG] cnn_neat: Split edge 9→4, new hidden node 22 (pool=11)
2026-08-18 19:34:12,699 [DEBUG] cnn_neat: Split edge 13→16, new hidden node 22 (pool=1)
2026-08-18 19:34:12,754 [DEBUG] cnn_neat: Added edge 18→1 (from 48 candidates)
2026-08-18 19:34:12,792 [DEBUG] cnn_neat: Removed hidden node 17 (pool=11)
2026-08-18 19:34:12,815 [DEBUG] cnn_neat: Removed edge 19→9 (from 19 candidates)
2026-08-18 19:34:12,846 [DEBUG] cnn_neat: Removed 3 edges (requested 3)
2026-08-18 19:34:12,865 [DEBUG] cnn_neat: Split edge 9→1, new hidden node 22 (pool=11)
2026-08-18 19:34:12,887 [DEBUG] cnn_neat: Split edge 13→16, new hidden node 22 (pool=1)
2026-08-18 19:34:12,916 [DEBUG] cnn_neat: Saved generation 32
2026-08-18 19:34:13,134 [DEBUG] cnn_neat: Added edge 19→1 (from 43 candidates)
2026-08-18 19:34:13,231 [DEBUG] cnn_neat: Removed hidden node 21 (pool=11)
2026-08-18 19:34:13,253 [DEBUG] cnn_neat: Removed edge 19→4 (from 19 candidates)
2026-08-18 19:34:13,429 [DEBUG] cnn_neat: Added edge 8→13 (from 43 candidates)
2026-08-18 19:34:13,489 [DEBUG] cnn_neat: Removed hidden node 4 (pool=11)
2026-08-18 19:34:13,508 [DEBUG] cnn_neat: Removed edge 21→4 (from 20 candidates)
2026-08-18 19:34:13,544 [DEBUG] cnn_neat: Removed 3 edges (requested 3)
2026-08-18 19:34:13,586 [DEBUG] cnn_neat: Split edge 13→21, new hidden node 22 (pool=13)
2026-08-18 19:34:14,447 [DEBUG] cnn_neat: Added edge 19→16 (from 40 candidates)
2026-08-18 19:34:14,497 [DEBUG] cnn_neat: Added edge 21→1 (from 42 candidates)
2026-08-18 19:34:14,531 [DEBUG] cnn_neat: Removed hidden node 10 (pool=11)
2026-08-18 19:34:14,548 [DEBUG] cnn_neat: Removed edge 17→4 (from 21 candidates)
2026-08-18 19:34:14,585 [DEBUG] cnn_neat: Removed 3 edges (requested 3)
2026-08-18 19:34:14,612 [DEBUG] cnn_neat: Split edge 16→4, new hidden node 22 (pool=10)
2026-08-18 19:34:14,638 [DEBUG] cnn_neat: Split edge 9→1, new hidden node 22 (pool=13)
2026-08-18 19:34:14,686 [DEBUG] cnn_neat: Added edge 21→17 (from 43 candidates)
2026-08-18 19:34:14,732 [DEBUG] cnn_neat: Removed hidden node 8 (pool=11)
2026-08-18 19:34:14,753 [DEBUG] cnn_neat: Removed edge 8→4 (from 19 candidates)
2026-08-18 19:34:14,793 [DEBUG] cnn_neat: Removed 3 edges (requested 3)
2026-08-18 19:34:14,822 [DEBUG] cnn_neat: Split edge 0→13, new hidden node 22 (pool=9)
2026-08-18 19:34:14,855 [DEBUG] cnn_neat: Added edge 21→10 (from 42 candidates)
2026-08-18 19:34:14,894 [DEBUG] cnn_neat: Split edge 9→21, new hidden node 22 (pool=12)
2026-08-18 19:34:14,922 [DEBUG] cnn_neat: Added edge 8→10 (from 29 candidates)
2026-08-18 19:34:14,957 [DEBUG] cnn_neat: Removed hidden node 10 (pool=10)
2026-08-18 19:34:14,964 [DEBUG] cnn_neat: Removed edge 20→16 (from 18 candidates)
2026-08-18 19:34:14,981 [DEBUG] cnn_neat: Removed 3 edges (requested 3)
2026-08-18 19:34:14,991 [DEBUG] cnn_neat: Split edge 9→20, new hidden node 23 (pool=9)
2026-08-18 19:34:25,979 [DEBUG] cnn_neat: Split edge 0→1, new hidden node 2 (pool=1)
2026-08-18 19:34:25,988 [DEBUG] cnn_neat: Split edge 0→2, new hidden node 3 (pool=2)
2026-08-18 19:34:25,991 [DEBUG] cnn_neat: Split edge 2→1, new hidden node 3 (pool=2)
2026-08-18 19:34:25,996 [DEBUG] cnn_neat: Added edge 0→1 (from 1 candidates)
2026-08-18 19:34:26,005 [DEBUG] cnn_neat: Added edge 3→1 (from 2 candidates)
2026-08-18 19:34:26,007 [DEBUG] cnn_neat: Added edge 2→1 (from 2 candidates)
2026-08-18 19:34:26,011 [DEBUG] cnn_neat: Removed 2 edges (requested 3)
2026-08-18 19:34:26,013 [DEBUG] cnn_neat: Split edge 0→1, new hidden node 2 (pool=1)
2026-08-18 19:34:26,020 [DEBUG] cnn_neat: Removed edge 3→1 (from 3 candidates)
2026-08-18 19:34:26,024 [DEBUG] cnn_neat: Removed hidden node 3 (pool=1)
2026-08-18 19:34:26,025 [DEBUG] cnn_neat: Split edge 0→1, new hidden node 2 (pool=1)
2026-08-18 19:34:26,028 [DEBUG] cnn_neat: Removed hidden node 2 (pool=1)
2026-08-18 19:34:26,030 [DEBUG] cnn_neat: Removed 1 edges (requested 3)
2026-08-18 19:34:26,033 [DEBUG] cnn_neat: Removed 1 edges (requested 3)
2026-08-18 19:34:26,036 [DEBUG] cnn_neat: Split edge 0→2, new hidden node 4 (pool=2)
2026-08-18 19:34:26,040 [DEBUG] cnn_neat: Added edge 0→3 (from 2 candidates)
2026-08-18 19:34:26,043 [DEBUG] cnn_neat: Removed edge 2→3 (from 1 candidates)
2026-08-18 19:34:26,046 [DEBUG] cnn_neat: Added edge 4→1 (from 2 candidates)
2026-08-18 19:34:26,048 [DEBUG] cnn_neat: Removed edge 3→1 (from 3 candidates)
2026-08-18 19:34:26,051 [DEBUG] cnn_neat: Added edge 0→3 (from 2 candidates)
2026-08-18 19:34:26,057 [DEBUG] cnn_neat: Split edge 3→1, new hidden node 4 (pool=3)
2026-08-18 19:34:26,060 [DEBUG] cnn_neat: Removed 1 edges (requested 3)
2026-08-18 19:34:26,063 [DEBUG] cnn_neat: Split edge 0→2, new hidden node 3 (pool=2)
2026-08-18 19:34:26,065 [DEBUG] cnn_neat: Split edge 3→1, new hidden node 4 (pool=4)
2026-08-18 19:34:26,069 [DEBUG] cnn_neat: Added edge 0→3 (from 2 candidates)
2026-08-18 19:34:26,071 [DEBUG] cnn_neat: Added edge 2→1 (from 2 candidates)
2026-08-18 19:34:26,074 [DEBUG] cnn_neat: Split edge 2→3, new hidden node 4 (pool=3)
2026-08-18 19:34:26,076 [DEBUG] cnn_neat: Added edge 0→1 (from 1 candidates)
2026-08-18 19:34:26,079 [DEBUG] cnn_neat: Removed edge 2→1 (from 3 candidates)
2026-08-18 19:34:26,085 [DEBUG] cnn_neat: Removed 1 edges (requested 3)
2026-08-18 19:34:26,086 [DEBUG] cnn_neat: Split edge 0→2, new hidden node 3 (pool=2)
2026-08-18 19:34:26,089 [DEBUG] cnn_neat: Split edge 3→1, new hidden node 4 (pool=2)
2026-08-18 19:34:26,092 [DEBUG] cnn_neat: Split edge 4→1, new hidden node 5 (pool=2)
2026-08-18 19:34:26,095 [DEBUG] cnn_neat: Removed 2 edges (requested 3)
2026-08-18 19:34:26,098 [DEBUG] cnn_neat: Removed edge 2→3 (from 1 candidates)
2026-08-18 19:34:26,101 [DEBUG] cnn_neat: Split edge 3→2, new hidden node 4 (pool=3)
2026-08-18 19:34:26,103 [DEBUG] cnn_neat: Added edge 3→1 (from 2 candidates)
2026-08-18 19:34:26,108 [DEBUG] cnn_neat: Removed 2 edges (requested 3)
2026-08-18 19:34:26,110 [DEBUG] cnn_neat: Added edge 2→1 (from 2 candidates)
2026-08-18 19:34:26,114 [DEBUG] cnn_neat: Removed hidden node 3 (pool=1)
2026-08-18 19:34:26,121 [DEBUG] cnn_neat: Removed hidden node 2 (pool=1)
2026-08-18 19:34:26,123 [DEBUG] cnn_neat: Split edge 0→2, new hidden node 3 (pool=2)
2026-08-18 19:34:26,127 [DEBUG] cnn_neat: Split edge 3→1, new hidden node 5 (pool=4)
2026-08-18 19:34:26,129 [DEBUG] cnn_neat: Removed 1 edges (requested 3)
2026-08-18 19:34:26,135 [DEBUG] cnn_neat: Removed 1 edges (requested 3)
2026-08-18 19:34:26,137 [DEBUG] cnn_neat: Removed edge 2→1 (from 3 candidates)
2026-08-18 19:34:26,140 [DEBUG] cnn_neat: Added edge 2→1 (from 2 candidates)
2026-08-18 19:34:26,144 [DEBUG] cnn_neat: Added edge 0→3 (from 4 candidates)
2026-08-18 19:34:26,149 [DEBUG] cnn_neat: Removed edge 0→3 (from 5 candidates)
2026-08-18 19:34:26,150 [DEBUG] cnn_neat: Split edge 0→1, new hidden node 2 (pool=1)
2026-08-18 19:34:26,153 [DEBUG] cnn_neat: Removed hidden node 3 (pool=1)
2026-08-18 19:34:26,157 [DEBUG] cnn_neat: Removed hidden node 2 (pool=1)
2026-08-18 19:34:26,159 [DEBUG] cnn_neat: Split edge 2→3, new hidden node 4 (pool=5)
2026-08-18 19:34:26,162 [DEBUG] cnn_neat: Added edge 3→1 (from 2 candidates)
2026-08-18 19:34:26,166 [DEBUG] cnn_neat: Split edge 2→1, new hidden node 5 (pool=4)
2026-08-18 19:34:26,170 [DEBUG] cnn_neat: Removed edge 3→1 (from 3 candidates)
2026-08-18 19:34:26,173 [DEBUG] cnn_neat: Added edge 3→2 (from 4 candidates)
2026-08-18 19:34:26,175 [DEBUG] cnn_neat: Split edge 4→2, new hidden node 5 (pool=5)
2026-08-18 19:34:26,180 [DEBUG] cnn_neat: Removed edge 5→1 (from 4 candidates)
2026-08-18 19:34:26,183 [DEBUG] cnn_neat: Removed 2 edges (requested 3)
2026-08-18 19:34:26,186 [DEBUG] cnn_neat: Removed 2 edges (requested 3)
2026-08-18 19:34:26,190 [DEBUG] cnn_neat: Split edge 0→4, new hidden node 5 (pool=3)
2026-08-18 19:34:26,191 [DEBUG] cnn_neat: Removed edge 0→2 (from 3 candidates)
2026-08-18 19:34:26,195 [DEBUG] cnn_neat: Removed edge 4→2 (from 3 candidates)
2026-08-18 19:34:26,198 [DEBUG] cnn_neat: Split edge 4→2, new hidden node 5 (pool=3)
2026-08-18 19:34:26,205 [DEBUG] cnn_neat: Added edge 3→2 (from 6 candidates)
2026-08-18 19:34:26,206 [DEBUG] cnn_neat: Removed 1 edges (requested 3)
2026-08-18 19:34:26,210 [DEBUG] cnn_neat: Removed 2 edges (requested 3)
2026-08-18 19:34:26,211 [DEBUG] cnn_neat: Removed edge 2→1 (from 1 candidates)
2026-08-18 19:34:26,219 [DEBUG] cnn_neat: Removed edge 3→4 (from 3 candidates)
2026-08-18 19:34:26,231 [DEBUG] cnn_neat: Removed hidden node 2 (pool=1)
2026-08-18 19:34:26,238 [DEBUG] cnn_neat: Removed 2 edges (requested 3)
2026-08-18 19:34:26,244 [DEBUG] cnn_neat: Added edge 2→1 (from 2 candidates)
2026-08-18 19:34:26,253 [DEBUG] cnn_neat: Split edge 4→5, new hidden node 6 (pool=4)
2026-08-18 19:34:26,260 [DEBUG] cnn_neat: Removed 1 edges (requested 3)
2026-08-18 19:34:26,271 [DEBUG] cnn_neat: Added edge 2→1 (from 2 candidates)
2026-08-18 19:34:26,274 [DEBUG] cnn_neat: Split edge 4→2, new hidden node 6 (pool=4)
2026-08-18 19:34:26,277 [DEBUG] cnn_neat: Added edge 0→2 (from 6 candidates)
2026-08-18 19:34:26,280 [DEBUG] cnn_neat: Added edge 4→1 (from 5 candidates)
2026-08-18 19:34:26,287 [DEBUG] cnn_neat: Removed hidden node 3 (pool=1)
2026-08-18 19:34:26,290 [DEBUG] cnn_neat: Split edge 3→2, new hidden node 5 (pool=5)
2026-08-18 19:34:26,293 [DEBUG] cnn_neat: Split edge 4→2, new hidden node 6 (pool=4)
2026-08-18 19:34:26,296 [DEBUG] cnn_neat: Added edge 3→1 (from 4 candidates)
2026-08-18 19:34:26,298 [DEBUG] cnn_neat: Added edge 4→2 (from 4 candidates)
2026-08-18 19:34:26,302 [DEBUG] cnn_neat: Removed 2 edges (requested 3)
2026-08-18 19:34:26,304 [DEBUG] cnn_neat: Removed 1 edges (requested 3)
2026-08-18 19:34:26,306 [DEBUG] cnn_neat: Removed edge 2→1 (from 1 candidates)
2026-08-18 19:34:26,308 [DEBUG] cnn_neat: Split edge 4→1, new hidden node 5 (pool=2)
2026-08-18 19:34:26,312 [DEBUG] cnn_neat: Removed 1 edges (requested 3)
2026-08-18 19:34:26,313 [DEBUG] cnn_neat: Split edge 2→1, new hidden node 5 (pool=3)
2026-08-18 19:34:26,321 [DEBUG] cnn_neat: Removed hidden node 2 (pool=3)
2026-08-18 19:34:26,324 [DEBUG] cnn_neat: Added edge 4→1 (from 3 candidates)
2026-08-18 19:34:26,326 [DEBUG] cnn_neat: Removed 1 edges (requested 3)
2026-08-18 19:34:26,331 [DEBUG] cnn_neat: Split edge 4→1, new hidden node 5 (pool=5)
2026-08-18 19:34:26,334 [DEBUG] cnn_neat: Split edge 3→4, new hidden node 5 (pool=4)
2026-08-18 19:34:26,338 [DEBUG] cnn_neat: Removed hidden node 2 (pool=2)
2026-08-18 19:34:26,344 [DEBUG] cnn_neat: Removed hidden node 5 (pool=2)
2026-08-18 19:34:26,346 [DEBUG] cnn_neat: Split edge 4→1, new hidden node 5 (pool=2)
2026-08-18 19:34:26,349 [DEBUG] cnn_neat: Added edge 0→1 (from 1 candidates)
2026-08-18 19:34:26,352 [DEBUG] cnn_neat: Removed edge 2→3 (from 2 candidates)
2026-08-18 19:34:26,356 [DEBUG] cnn_neat: Removed 2 edges (requested 3)
2026-08-18 19:34:26,359 [DEBUG] cnn_neat: Removed hidden node 2 (pool=1)
2026-08-18 19:34:26,364 [DEBUG] cnn_neat: Split edge 3→4, new hidden node 5 (pool=4)
2026-08-18 19:34:26,368 [DEBUG] cnn_neat: Added edge 0→5 (from 4 candidates)
2026-08-18 19:34:26,377 [DEBUG] cnn_neat: Added edge 0→3 (from 1 candidates)
2026-08-18 19:34:26,381 [DEBUG] cnn_neat: Split edge 4→3, new hidden node 5 (pool=4)
2026-08-18 19:34:26,386 [DEBUG] cnn_neat: Split edge 2→1, new hidden node 6 (pool=5)
2026-08-18 19:34:26,390 [DEBUG] cnn_neat: Split edge 3→2, new hidden node 5 (pool=5)
2026-08-18 19:34:26,393 [DEBUG] cnn_neat: Added edge 3→1 (from 4 candidates)
2026-08-18 19:34:26,397 [DEBUG] cnn_neat: Removed 1 edges (requested 3)
2026-08-18 19:34:26,402 [DEBUG] cnn_neat: Removed 2 edges (requested 3)
2026-08-18 19:34:26,406 [DEBUG] cnn_neat: Added edge 0→3 (from 1 candidates)
2026-08-18 19:34:26,409 [DEBUG] cnn_neat: Split edge 0→2, new hidden node 4 (pool=4)
2026-08-18 19:34:26,413 [DEBUG] cnn_neat: Split edge 5→1, new hidden node 6 (pool=5)
2026-08-18 19:34:26,416 [DEBUG] cnn_neat: Added edge 4→1 (from 4 candidates)
2026-08-18 19:34:26,422 [DEBUG] cnn_neat: Removed 3 edges (requested 3)
2026-08-18 19:34:26,425 [DEBUG] cnn_neat: Removed edge 3→4 (from 4 candidates)
2026-08-18 19:34:26,427 [DEBUG] cnn_neat: Removed edge 4→1 (from 1 candidates)
2026-08-18 19:34:26,432 [DEBUG] cnn_neat: Removed hidden node 3 (pool=1)
2026-08-18 19:34:26,436 [DEBUG] cnn_neat: Split edge 2→3, new hidden node 4 (pool=3)
2026-08-18 19:34:26,438 [DEBUG] cnn_neat: Removed 1 edges (requested 3)
2026-08-18 19:34:26,445 [DEBUG] cnn_neat: Split edge 0→5, new hidden node 6 (pool=3)
2026-08-18 19:34:26,448 [DEBUG] cnn_neat: Added edge 2→1 (from 2 candidates)
2026-08-18 19:34:26,453 [DEBUG] cnn_neat: Removed hidden node 4 (pool=1)
2026-08-18 19:34:26,458 [DEBUG] cnn_neat: Removed 3 edges (requested 3)
2026-08-18 19:34:26,462 [DEBUG] cnn_neat: Split edge 4→2, new hidden node 6 (pool=4)
2026-08-18 19:34:26,465 [DEBUG] cnn_neat: Split edge 0→2, new hidden node 6 (pool=6)
2026-08-18 19:34:26,470 [DEBUG] cnn_neat: Removed hidden node 3 (pool=1)
2026-08-18 19:34:26,473 [DEBUG] cnn_neat: Removed edge 2→1 (from 1 candidates)
2026-08-18 19:34:26,476 [DEBUG] cnn_neat: Added edge 3→1 (from 4 candidates)
2026-08-18 19:34:26,479 [DEBUG] cnn_neat: Added edge 0→2 (from 2 candidates)
2026-08-18 19:34:26,482 [DEBUG] cnn_neat: Added edge 3→1 (from 4 candidates)
2026-08-18 19:34:26,486 [DEBUG] cnn_neat: Removed 1 edges (requested 3)
2026-08-18 19:34:26,492 [DEBUG] cnn_neat: Added edge 0→4 (from 5 candidates)
2026-08-18 19:34:26,498 [DEBUG] cnn_neat: Removed hidden node 2 (pool=1)
2026-08-18 19:34:26,502 [DEBUG] cnn_neat: Added edge 0→4 (from 3 candidates)
2026-08-18 19:34:26,509 [DEBUG] cnn_neat: Removed hidden node 2 (pool=2)
2026-08-18 19:34:26,512 [DEBUG] cnn_neat: Added edge 0→4 (from 4 candidates)
2026-08-18 19:34:26,518 [DEBUG] cnn_neat: Removed edge 2→1 (from 4 candidates)
2026-08-18 19:34:26,522 [DEBUG] cnn_neat: Removed edge 2→1 (from 3 candidates)
2026-08-18 19:34:26,525 [DEBUG] cnn_neat: Split edge 5→3, new hidden node 6 (pool=5)
2026-08-18 19:34:26,528 [DEBUG] cnn_neat: Split edge 3→1, new hidden node 5 (pool=3)
2026-08-18 19:34:26,532 [DEBUG] cnn_neat: Removed 2 edges (requested 3)
2026-08-18 19:34:26,536 [DEBUG] cnn_neat: Split edge 3→4, new hidden node 6 (pool=5)
2026-08-18 19:34:26,539 [DEBUG] cnn_neat: Split edge 3→1, new hidden node 4 (pool=3)
2026-08-18 19:34:26,542 [DEBUG] cnn_neat: Added edge 0→5 (from 1 candidates)
2026-08-18 19:34:26,545 [DEBUG] cnn_neat: Removed 1 edges (requested 3)
2026-08-18 19:34:26,549 [DEBUG] cnn_neat: Added edge 0→1 (from 2 candidates)
2026-08-18 19:34:26,556 [DEBUG] cnn_neat: Removed 3 edges (requested 3)
2026-08-18 19:34:26,560 [DEBUG] cnn_neat: Added edge 2→1 (from 7 candidates)
2026-08-18 19:34:26,563 [DEBUG] cnn_neat: Added edge 2→1 (from 2 candidates)
2026-08-18 19:34:26,568 [DEBUG] cnn_neat: Removed hidden node 5 (pool=1)
2026-08-18 19:34:26,571 [DEBUG] cnn_neat: Split edge 4→5, new hidden node 6 (pool=4)
2026-08-18 19:34:26,574 [DEBUG] cnn_neat: Removed 2 edges (requested 3)
2026-08-18 19:34:26,576 [DEBUG] cnn_neat: Added edge 2→4 (from 4 candidates)
2026-08-18 19:34:26,579 [DEBUG] cnn_neat: Split edge 4→3, new hidden node 5 (pool=4)
2026-08-18 19:34:26,583 [DEBUG] cnn_neat: Split edge 0→2, new hidden node 4 (pool=5)
2026-08-18 19:34:26,591 [DEBUG] cnn_neat: Removed 3 edges (requested 3)
2026-08-18 19:34:26,596 [DEBUG] cnn_neat: Split edge 3→4, new hidden node 6 (pool=6)
2026-08-18 19:34:26,600 [DEBUG] cnn_neat: Split edge 5→4, new hidden node 7 (pool=5)
2026-08-18 19:34:26,607 [DEBUG] cnn_neat: Removed hidden node 3 (pool=3)
2026-08-18 19:34:26,610 [DEBUG] cnn_neat: Split edge 3→1, new hidden node 5 (pool=4)
2026-08-18 19:34:26,621 [DEBUG] cnn_neat: Removed hidden node 2 (pool=3)
2026-08-18 19:34:26,624 [DEBUG] cnn_neat: Removed edge 5→1 (from 2 candidates)
2026-08-18 19:34:26,631 [DEBUG] cnn_neat: Removed 3 edges (requested 3)
2026-08-18 19:34:26,635 [DEBUG] cnn_neat: Removed 2 edges (requested 3)
2026-08-18 19:34:26,641 [DEBUG] cnn_neat: Removed hidden node 4 (pool=1)
2026-08-18 19:34:26,649 [DEBUG] cnn_neat: Removed hidden node 5 (pool=2)
2026-08-18 19:34:26,654 [DEBUG] cnn_neat: Split edge 2→4, new hidden node 6 (pool=5)
2026-08-18 19:34:26,656 [DEBUG] cnn_neat: Split edge 3→2, new hidden node 4 (pool=3)
2026-08-18 19:34:26,658 [DEBUG] cnn_neat: Split edge 4→2, new hidden node 5 (pool=5)
2026-08-18 19:34:26,664 [DEBUG] cnn_neat: Split edge 4→5, new hidden node 6 (pool=3)
2026-08-18 19:34:26,669 [DEBUG] cnn_neat: Removed 2 edges (requested 3)
2026-08-18 19:34:26,674 [DEBUG] cnn_neat: Split edge 3→4, new hidden node 7 (pool=7)
2026-08-18 19:34:26,681 [DEBUG] cnn_neat: Removed 3 edges (requested 3)
2026-08-18 19:34:26,687 [DEBUG] cnn_neat: Split edge 2→3, new hidden node 6 (pool=5)
2026-08-18 19:34:26,692 [DEBUG] cnn_neat: Removed 3 edges (requested 3)
2026-08-18 19:34:26,696 [DEBUG] cnn_neat: Split edge 4→1, new hidden node 5 (pool=2)
2026-08-18 19:34:26,703 [DEBUG] cnn_neat: Removed hidden node 2 (pool=1)
2026-08-18 19:34:26,707 [DEBUG] cnn_neat: Removed edge 4→1 (from 6 candidates)
2026-08-18 19:34:26,711 [DEBUG] cnn_neat: Added edge 2→4 (from 3 candidates)
2026-08-18 19:34:26,716 [DEBUG] cnn_neat: Removed 3 edges (requested 3)
2026-08-18 19:34:26,721 [DEBUG] cnn_neat: Split edge 0→2, new hidden node 6 (pool=4)
2026-08-18 19:34:26,725 [DEBUG] cnn_neat: Added edge 4→1 (from 3 candidates)
2026-08-18 19:34:26,730 [DEBUG] cnn_neat: Removed 3 edges (requested 3)
2026-08-18 19:34:26,732 [DEBUG] cnn_neat: Removed 2 edges (requested 3)
2026-08-18 19:34:26,740 [DEBUG] cnn_neat: Removed hidden node 3 (pool=3)
2026-08-18 19:34:26,742 [DEBUG] cnn_neat: Removed hidden node 2 (pool=1)
2026-08-18 19:34:26,745 [DEBUG] cnn_neat: Split edge 4→1, new hidden node 6 (pool=2)
2026-08-18 19:34:26,749 [DEBUG] cnn_neat: Split edge 3→1, new hidden node 5 (pool=3)
2026-08-18 19:34:26,759 [DEBUG] cnn_neat: Removed hidden node 2 (pool=2)
2026-08-18 19:34:26,763 [DEBUG] cnn_neat: Removed 2 edges (requested 3)
2026-08-18 19:34:26,765 [DEBUG] cnn_neat: Removed edge 4→1 (from 3 candidates)
2026-08-18 19:34:26,771 [DEBUG] cnn_neat: Added edge 5→3 (from 7 candidates)
2026-08-18 19:34:26,774 [DEBUG] cnn_neat: Removed edge 4→2 (from 1 candidates)
2026-08-18 19:34:26,778 [DEBUG] cnn_neat: Added edge 2→3 (from 3 candidates)
2026-08-18 19:34:26,782 [DEBUG] cnn_neat: Split edge 2→3, new hidden node 5 (pool=5)
2026-08-18 19:34:26,787 [DEBUG] cnn_neat: Removed hidden node 4 (pool=1)
2026-08-18 19:34:26,791 [DEBUG] cnn_neat: Removed 1 edges (requested 3)
2026-08-18 19:34:26,794 [DEBUG] cnn_neat: Removed edge 3→5 (from 4 candidates)
2026-08-18 19:34:26,802 [DEBUG] cnn_neat: Removed hidden node 6 (pool=2)
2026-08-18 19:34:26,805 [DEBUG] cnn_neat: Added edge 2→1 (from 2 candidates)
2026-08-18 19:34:26,809 [DEBUG] cnn_neat: Split edge 5→1, new hidden node 7 (pool=7)
2026-08-18 19:34:26,812 [DEBUG] cnn_neat: Removed 1 edges (requested 3)
2026-08-18 19:34:26,820 [DEBUG] cnn_neat: Removed hidden node 5 (pool=2)
2026-08-18 19:34:26,823 [DEBUG] cnn_neat: Split edge 2→1, new hidden node 5 (pool=4)
2026-08-18 19:34:26,825 [DEBUG] cnn_neat: Removed edge 3→2 (from 1 candidates)
2026-08-18 19:34:26,829 [DEBUG] cnn_neat: Removed hidden node 5 (pool=2)
2026-08-18 19:34:26,832 [DEBUG] cnn_neat: Removed edge 3→1 (from 3 candidates)
2026-08-18 19:34:26,833 [DEBUG] cnn_neat: Removed 1 edges (requested 3)
2026-08-18 19:34:26,837 [DEBUG] cnn_neat: Removed hidden node 3 (pool=1)
2026-08-18 19:34:26,839 [DEBUG] cnn_neat: Split edge 0→1, new hidden node 3 (pool=1)
2026-08-18 19:34:26,843 [DEBUG] cnn_neat: Split edge 3→2, new hidden node 6 (pool=5)
2026-08-18 19:34:26,846 [DEBUG] cnn_neat: Added edge 0→2 (from 2 candidates)
2026-08-18 19:34:26,850 [DEBUG] cnn_neat: Added edge 0→2 (from 4 candidates)
2026-08-18 19:34:26,853 [DEBUG] cnn_neat: Removed hidden node 4 (pool=1)
2026-08-18 19:34:26,856 [DEBUG] cnn_neat: Removed 2 edges (requested 3)
2026-08-18 19:34:26,859 [DEBUG] cnn_neat: Removed 2 edges (requested 3)
2026-08-18 19:34:26,860 [DEBUG] cnn_neat: Removed edge 2→1 (from 1 candidates)
2026-08-18 19:34:26,865 [DEBUG] cnn_neat: Removed 1 edges (requested 3)
2026-08-18 19:34:26,873 [DEBUG] cnn_neat: Removed hidden node 5 (pool=2)
2026-08-18 19:34:26,876 [DEBUG] cnn_neat: Removed edge 4→2 (from 6 candidates)
2026-08-18 19:34:26,878 [DEBUG] cnn_neat: Removed 1 edges (requested 3)
2026-08-18 19:34:26,881 [DEBUG] cnn_neat: Added edge 2→1 (from 6 candidates)
2026-08-18 19:34:26,884 [DEBUG] cnn_neat: Removed edge 2→3 (from 6 candidates)
2026-08-18 19:34:26,888 [DEBUG] cnn_neat: Split edge 3→1, new hidden node 5 (pool=2)
2026-08-18 19:34:26,891 [DEBUG] cnn_neat: Added edge 5→6 (from 10 candidates)
2026-08-18 19:34:26,898 [DEBUG] cnn_neat: Removed hidden node 2 (pool=1)
2026-08-18 19:34:26,902 [DEBUG] cnn_neat: Removed edge 0→3 (from 4 candidates)
2026-08-18 19:34:26,910 [DEBUG] cnn_neat: Removed 3 edges (requested 3)
2026-08-18 19:34:26,915 [DEBUG] cnn_neat: Added edge 6→4 (from 9 candidates)
2026-08-18 19:34:26,918 [DEBUG] cnn_neat: Added edge 2→5 (from 7 candidates)
2026-08-18 19:34:26,921 [DEBUG] cnn_neat: Removed edge 4→2 (from 6 candidates)
2026-08-18 19:34:26,925 [INFO] cnn_neat: CnnNeat started | run=run_0001 | population=128 | in=(32, 32) out=(1, 1)
2026-08-18 19:34:26,925 [INFO] cnn_neat: Compute: device=cuda | grid (32, 32)→(1, 1) | AMP=on (float16) | GPU=NVIDIA GeForce RTX 4060 Ti
