2026-08-25 09:07:52,733 [DEBUG] cnn_neat: Split edge 0→1, new hidden node 2 (pool=1)
2026-08-25 09:07:52,740 [DEBUG] cnn_neat: Split edge 0→2, new hidden node 3 (pool=2)
2026-08-25 09:07:52,742 [DEBUG] cnn_neat: Added edge 0→1 (from 1 candidates)
2026-08-25 09:07:52,752 [DEBUG] cnn_neat: Split edge 3→2, new hidden node 4 (pool=3)
2026-08-25 09:07:52,759 [DEBUG] cnn_neat: Added edge 3→1 (from 2 candidates)
2026-08-25 09:07:52,771 [DEBUG] cnn_neat: Split edge 0→2, new hidden node 4 (pool=3)
2026-08-25 09:07:52,780 [DEBUG] cnn_neat: Added edge 2→1 (from 2 candidates)
2026-08-25 09:07:52,785 [DEBUG] cnn_neat: Split edge 4→2, new hidden node 5 (pool=4)
2026-08-25 09:07:52,787 [DEBUG] cnn_neat: Added edge 0→2 (from 4 candidates)
2026-08-25 09:07:52,796 [DEBUG] cnn_neat: Split edge 3→1, new hidden node 6 (pool=5)
2026-08-25 09:07:52,799 [DEBUG] cnn_neat: Added edge 4→3 (from 6 candidates)
2026-08-25 09:07:52,802 [DEBUG] cnn_neat: Split edge 4→2, new hidden node 5 (pool=5)
2026-08-25 09:07:52,805 [DEBUG] cnn_neat: Split edge 0→1, new hidden node 3 (pool=1)
2026-08-25 09:07:52,809 [DEBUG] cnn_neat: Removed hidden node 2 (pool=1)
2026-08-25 09:07:52,811 [DEBUG] cnn_neat: Removed edge 0→2 (from 3 candidates)
2026-08-25 09:07:52,813 [DEBUG] cnn_neat: Removed 1 edges (requested 3)
2026-08-25 09:07:52,816 [DEBUG] cnn_neat: Split edge 3→1, new hidden node 4 (pool=2)
2026-08-25 09:07:52,819 [DEBUG] cnn_neat: Added edge 0→2 (from 1 candidates)
2026-08-25 09:07:52,822 [DEBUG] cnn_neat: Removed hidden node 2 (pool=1)
2026-08-25 09:07:52,824 [DEBUG] cnn_neat: Removed edge 2→1 (from 3 candidates)
2026-08-25 09:07:52,827 [DEBUG] cnn_neat: Removed 2 edges (requested 3)
2026-08-25 09:07:52,829 [DEBUG] cnn_neat: Split edge 3→1, new hidden node 4 (pool=5)
2026-08-25 09:07:52,832 [DEBUG] cnn_neat: Added edge 0→1 (from 1 candidates)
2026-08-25 09:07:52,835 [DEBUG] cnn_neat: Split edge 2→1, new hidden node 5 (pool=3)
2026-08-25 09:07:52,838 [DEBUG] cnn_neat: Removed hidden node 3 (pool=2)
2026-08-25 09:07:52,841 [DEBUG] cnn_neat: Added edge 3→1 (from 4 candidates)
2026-08-25 09:07:52,844 [DEBUG] cnn_neat: Split edge 0→1, new hidden node 4 (pool=1)
2026-08-25 09:07:52,849 [DEBUG] cnn_neat: Split edge 2→1, new hidden node 4 (pool=2)
2026-08-25 09:07:52,852 [DEBUG] cnn_neat: Added edge 0→3 (from 1 candidates)
2026-08-25 09:07:52,855 [DEBUG] cnn_neat: Removed hidden node 3 (pool=1)
2026-08-25 09:07:52,857 [DEBUG] cnn_neat: Removed edge 2→1 (from 3 candidates)
2026-08-25 09:07:52,859 [DEBUG] cnn_neat: Removed 2 edges (requested 3)
2026-08-25 09:07:52,862 [DEBUG] cnn_neat: Split edge 2→3, new hidden node 5 (pool=5)
2026-08-25 09:07:52,865 [DEBUG] cnn_neat: Added edge 0→4 (from 5 candidates)
2026-08-25 09:07:52,868 [DEBUG] cnn_neat: Split edge 0→2, new hidden node 6 (pool=3)
2026-08-25 09:07:52,873 [DEBUG] cnn_neat: Removed hidden node 3 (pool=2)
2026-08-25 09:07:52,875 [DEBUG] cnn_neat: Added edge 3→4 (from 8 candidates)
2026-08-25 09:07:52,880 [DEBUG] cnn_neat: Split edge 3→1, new hidden node 4 (pool=2)
2026-08-25 09:07:52,881 [DEBUG] cnn_neat: Added edge 0→1 (from 1 candidates)
2026-08-25 09:07:52,887 [DEBUG] cnn_neat: Split edge 2→1, new hidden node 4 (pool=2)
2026-08-25 09:07:52,889 [DEBUG] cnn_neat: Added edge 3→1 (from 2 candidates)
2026-08-25 09:07:52,892 [DEBUG] cnn_neat: Removed hidden node 3 (pool=1)
2026-08-25 09:07:52,893 [DEBUG] cnn_neat: Removed edge 2→3 (from 1 candidates)
2026-08-25 09:07:52,895 [DEBUG] cnn_neat: Removed 1 edges (requested 3)
2026-08-25 09:07:52,897 [DEBUG] cnn_neat: Split edge 0→2, new hidden node 5 (pool=4)
2026-08-25 09:07:52,899 [DEBUG] cnn_neat: Added edge 2→1 (from 6 candidates)
2026-08-25 09:07:52,901 [DEBUG] cnn_neat: Split edge 5→2, new hidden node 6 (pool=5)
2026-08-25 09:07:52,905 [DEBUG] cnn_neat: Removed hidden node 3 (pool=1)
2026-08-25 09:07:52,908 [DEBUG] cnn_neat: Added edge 4→3 (from 8 candidates)
2026-08-25 09:07:52,910 [DEBUG] cnn_neat: Split edge 2→1, new hidden node 5 (pool=2)
2026-08-25 09:07:52,947 [DEBUG] cnn_neat: Split edge 4→2, new hidden node 5 (pool=3)
2026-08-25 09:07:52,950 [DEBUG] cnn_neat: Added edge 3→1 (from 4 candidates)
2026-08-25 09:07:52,952 [DEBUG] cnn_neat: Removed hidden node 3 (pool=1)
2026-08-25 09:07:52,953 [DEBUG] cnn_neat: Removed edge 2→3 (from 1 candidates)
2026-08-25 09:07:52,955 [DEBUG] cnn_neat: Removed 1 edges (requested 3)
2026-08-25 09:07:52,957 [DEBUG] cnn_neat: Split edge 2→3, new hidden node 4 (pool=4)
2026-08-25 09:07:52,958 [DEBUG] cnn_neat: Added edge 0→1 (from 2 candidates)
2026-08-25 09:07:52,960 [DEBUG] cnn_neat: Removed hidden node 3 (pool=1)
2026-08-25 09:07:52,961 [DEBUG] cnn_neat: Removed edge 0→3 (from 2 candidates)
2026-08-25 09:07:52,962 [DEBUG] cnn_neat: Removed 2 edges (requested 3)
2026-08-25 09:07:52,963 [DEBUG] cnn_neat: Split edge 0→2, new hidden node 5 (pool=3)
2026-08-25 09:07:52,964 [DEBUG] cnn_neat: Split edge 0→1, new hidden node 4 (pool=1)
2026-08-25 09:07:52,965 [DEBUG] cnn_neat: Added edge 4→1 (from 4 candidates)
2026-08-25 09:07:52,967 [DEBUG] cnn_neat: Added edge 3→1 (from 1 candidates)
2026-08-25 09:07:53,064 [DEBUG] cnn_neat: Split edge 0→4, new hidden node 5 (pool=3)
2026-08-25 09:07:53,066 [DEBUG] cnn_neat: Added edge 4→1 (from 2 candidates)
2026-08-25 09:07:53,071 [DEBUG] cnn_neat: Split edge 4→1, new hidden node 5 (pool=2)
2026-08-25 09:07:53,073 [DEBUG] cnn_neat: Added edge 0→2 (from 1 candidates)
2026-08-25 09:07:53,075 [DEBUG] cnn_neat: Removed hidden node 2 (pool=1)
2026-08-25 09:07:53,077 [DEBUG] cnn_neat: Removed edge 2→1 (from 3 candidates)
2026-08-25 09:07:53,079 [DEBUG] cnn_neat: Removed 2 edges (requested 3)
2026-08-25 09:07:53,081 [DEBUG] cnn_neat: Split edge 0→2, new hidden node 5 (pool=5)
2026-08-25 09:07:53,083 [DEBUG] cnn_neat: Added edge 0→1 (from 1 candidates)
2026-08-25 09:07:53,085 [DEBUG] cnn_neat: Split edge 0→5, new hidden node 6 (pool=5)
2026-08-25 09:07:53,087 [DEBUG] cnn_neat: Removed hidden node 2 (pool=2)
2026-08-25 09:07:53,089 [DEBUG] cnn_neat: Added edge 5→4 (from 4 candidates)
2026-08-25 09:07:53,091 [DEBUG] cnn_neat: Split edge 0→1, new hidden node 5 (pool=1)
2026-08-25 09:07:53,098 [DEBUG] cnn_neat: Split edge 3→1, new hidden node 4 (pool=4)
2026-08-25 09:07:53,100 [DEBUG] cnn_neat: Added edge 2→1 (from 2 candidates)
2026-08-25 09:07:53,102 [DEBUG] cnn_neat: Removed hidden node 2 (pool=1)
2026-08-25 09:07:53,109 [DEBUG] cnn_neat: Removed edge 2→3 (from 3 candidates)
2026-08-25 09:07:53,112 [DEBUG] cnn_neat: Removed 1 edges (requested 3)
2026-08-25 09:07:53,114 [DEBUG] cnn_neat: Split edge 0→3, new hidden node 4 (pool=3)
2026-08-25 09:07:53,115 [DEBUG] cnn_neat: Added edge 0→1 (from 4 candidates)
2026-08-25 09:07:53,116 [DEBUG] cnn_neat: Split edge 3→1, new hidden node 5 (pool=4)
2026-08-25 09:07:53,120 [DEBUG] cnn_neat: Removed hidden node 2 (pool=1)
2026-08-25 09:07:53,122 [DEBUG] cnn_neat: Added edge 2→3 (from 7 candidates)
2026-08-25 09:07:53,125 [DEBUG] cnn_neat: Split edge 0→1, new hidden node 4 (pool=1)
2026-08-25 09:07:53,130 [DEBUG] cnn_neat: Split edge 0→2, new hidden node 5 (pool=4)
2026-08-25 09:07:53,132 [DEBUG] cnn_neat: Added edge 3→1 (from 4 candidates)
2026-08-25 09:07:53,146 [DEBUG] cnn_neat: Split edge 2→3, new hidden node 6 (pool=5)
2026-08-25 09:07:53,149 [DEBUG] cnn_neat: Split edge 0→2, new hidden node 5 (pool=3)
2026-08-25 09:07:53,153 [DEBUG] cnn_neat: Added edge 0→2 (from 6 candidates)
2026-08-25 09:07:53,155 [DEBUG] cnn_neat: Added edge 0→3 (from 3 candidates)
2026-08-25 09:07:53,158 [DEBUG] cnn_neat: Split edge 0→5, new hidden node 6 (pool=4)
2026-08-25 09:07:53,187 [DEBUG] cnn_neat: Split edge 4→1, new hidden node 5 (pool=5)
2026-08-25 09:07:53,193 [DEBUG] cnn_neat: Added edge 2→4 (from 4 candidates)
2026-08-25 09:07:53,198 [DEBUG] cnn_neat: Removed hidden node 2 (pool=1)
2026-08-25 09:07:53,202 [DEBUG] cnn_neat: Removed edge 0→3 (from 3 candidates)
2026-08-25 09:07:53,207 [DEBUG] cnn_neat: Removed 2 edges (requested 3)
2026-08-25 09:07:53,208 [DEBUG] cnn_neat: Split edge 0→2, new hidden node 5 (pool=6)
2026-08-25 09:07:53,211 [DEBUG] cnn_neat: Added edge 3→1 (from 3 candidates)
2026-08-25 09:07:53,212 [DEBUG] cnn_neat: Split edge 2→3, new hidden node 6 (pool=7)
2026-08-25 09:07:53,216 [DEBUG] cnn_neat: Removed hidden node 3 (pool=2)
2026-08-25 09:07:53,217 [DEBUG] cnn_neat: Added edge 0→2 (from 7 candidates)
2026-08-25 09:07:53,219 [DEBUG] cnn_neat: Split edge 0→3, new hidden node 7 (pool=4)
2026-08-25 09:07:53,251 [DEBUG] cnn_neat: Split edge 0→3, new hidden node 4 (pool=5)
2026-08-25 09:07:53,256 [DEBUG] cnn_neat: Added edge 0→1 (from 1 candidates)
2026-08-25 09:07:53,261 [DEBUG] cnn_neat: Removed hidden node 2 (pool=2)
2026-08-25 09:07:53,296 [DEBUG] cnn_neat: Removed edge 2→1 (from 5 candidates)
2026-08-25 09:07:53,302 [DEBUG] cnn_neat: Removed 3 edges (requested 3)
2026-08-25 09:07:53,306 [DEBUG] cnn_neat: Split edge 0→2, new hidden node 5 (pool=5)
2026-08-25 09:07:53,309 [DEBUG] cnn_neat: Added edge 4→1 (from 4 candidates)
2026-08-25 09:07:53,311 [DEBUG] cnn_neat: Split edge 0→4, new hidden node 6 (pool=7)
2026-08-25 09:07:53,313 [DEBUG] cnn_neat: Removed hidden node 3 (pool=3)
2026-08-25 09:07:53,315 [DEBUG] cnn_neat: Added edge 4→5 (from 9 candidates)
2026-08-25 09:07:53,341 [DEBUG] cnn_neat: Split edge 3→1, new hidden node 5 (pool=4)
2026-08-25 09:07:53,408 [DEBUG] cnn_neat: Added edge 4→1 (from 4 candidates)
2026-08-25 09:07:53,420 [DEBUG] cnn_neat: Split edge 0→2, new hidden node 5 (pool=3)
2026-08-25 09:07:53,423 [DEBUG] cnn_neat: Added edge 2→3 (from 3 candidates)
2026-08-25 09:07:53,428 [DEBUG] cnn_neat: Split edge 5→2, new hidden node 6 (pool=4)
2026-08-25 09:07:53,430 [DEBUG] cnn_neat: Removed hidden node 3 (pool=1)
2026-08-25 09:07:53,434 [DEBUG] cnn_neat: Added edge 5→3 (from 5 candidates)
2026-08-25 09:07:53,439 [DEBUG] cnn_neat: Split edge 0→1, new hidden node 4 (pool=1)
2026-08-25 09:07:53,447 [DEBUG] cnn_neat: Removed hidden node 3 (pool=1)
2026-08-25 09:07:53,449 [DEBUG] cnn_neat: Removed edge 3→1 (from 3 candidates)
2026-08-25 09:07:53,452 [DEBUG] cnn_neat: Removed 2 edges (requested 3)
2026-08-25 09:07:53,455 [DEBUG] cnn_neat: Split edge 0→4, new hidden node 5 (pool=4)
2026-08-25 09:07:53,457 [DEBUG] cnn_neat: Split edge 0→1, new hidden node 4 (pool=1)
2026-08-25 09:07:53,460 [DEBUG] cnn_neat: Added edge 4→3 (from 3 candidates)
2026-08-25 09:07:53,462 [DEBUG] cnn_neat: Added edge 3→1 (from 1 candidates)
2026-08-25 09:07:53,467 [DEBUG] cnn_neat: Split edge 3→1, new hidden node 6 (pool=2)
2026-08-25 09:07:53,475 [DEBUG] cnn_neat: Split edge 4→1, new hidden node 5 (pool=5)
2026-08-25 09:07:53,480 [DEBUG] cnn_neat: Added edge 4→2 (from 5 candidates)
2026-08-25 09:07:53,488 [DEBUG] cnn_neat: Removed hidden node 4 (pool=2)
2026-08-25 09:07:53,491 [DEBUG] cnn_neat: Removed edge 3→2 (from 4 candidates)
2026-08-25 09:07:53,495 [DEBUG] cnn_neat: Removed 2 edges (requested 3)
2026-08-25 09:07:53,499 [DEBUG] cnn_neat: Split edge 2→1, new hidden node 6 (pool=3)
2026-08-25 09:07:53,502 [DEBUG] cnn_neat: Split edge 3→4, new hidden node 5 (pool=6)
2026-08-25 09:07:53,507 [DEBUG] cnn_neat: Split edge 0→3, new hidden node 5 (pool=4)
2026-08-25 09:07:53,512 [DEBUG] cnn_neat: Split edge 0→1, new hidden node 2 (pool=1)
2026-08-25 09:07:53,522 [DEBUG] cnn_neat: Split edge 2→1, new hidden node 3 (pool=2)
2026-08-25 09:07:53,526 [DEBUG] cnn_neat: Added edge 0→1 (from 1 candidates)
2026-08-25 09:07:53,550 [DEBUG] cnn_neat: Split edge 0→3, new hidden node 4 (pool=3)
2026-08-25 09:07:53,552 [DEBUG] cnn_neat: Added edge 0→2 (from 2 candidates)
2026-08-25 09:07:53,556 [DEBUG] cnn_neat: Split edge 0→4, new hidden node 5 (pool=4)
2026-08-25 09:07:53,557 [DEBUG] cnn_neat: Split edge 2→1, new hidden node 4 (pool=4)
2026-08-25 09:07:53,559 [DEBUG] cnn_neat: Added edge 3→1 (from 4 candidates)
2026-08-25 09:07:53,560 [DEBUG] cnn_neat: Added edge 3→1 (from 2 candidates)
2026-08-25 09:07:53,563 [DEBUG] cnn_neat: Split edge 5→4, new hidden node 6 (pool=5)
2026-08-25 09:07:53,570 [DEBUG] cnn_neat: Split edge 0→1, new hidden node 3 (pool=1)
2026-08-25 09:07:53,638 [DEBUG] cnn_neat: Removed hidden node 2 (pool=1)
2026-08-25 09:07:53,641 [DEBUG] cnn_neat: Removed edge 0→2 (from 3 candidates)
2026-08-25 09:07:53,644 [DEBUG] cnn_neat: Removed 2 edges (requested 3)
2026-08-25 09:07:53,650 [DEBUG] cnn_neat: Split edge 3→1, new hidden node 4 (pool=2)
2026-08-25 09:07:53,653 [DEBUG] cnn_neat: Added edge 0→1 (from 1 candidates)
2026-08-25 09:07:53,663 [DEBUG] cnn_neat: Split edge 2→1, new hidden node 6 (pool=5)
2026-08-25 09:07:53,669 [DEBUG] cnn_neat: Added edge 0→5 (from 5 candidates)
2026-08-25 09:07:53,714 [DEBUG] cnn_neat: Removed hidden node 5 (pool=2)
2026-08-25 09:07:53,721 [DEBUG] cnn_neat: Removed edge 4→5 (from 4 candidates)
2026-08-25 09:07:53,730 [DEBUG] cnn_neat: Removed 2 edges (requested 3)
2026-08-25 09:07:53,732 [DEBUG] cnn_neat: Split edge 5→1, new hidden node 7 (pool=3)
2026-08-25 09:07:53,737 [DEBUG] cnn_neat: Split edge 5→1, new hidden node 6 (pool=3)
2026-08-25 09:07:53,738 [DEBUG] cnn_neat: Split edge 2→1, new hidden node 6 (pool=4)
2026-08-25 09:07:53,746 [DEBUG] cnn_neat: Split edge 4→2, new hidden node 5 (pool=3)
2026-08-25 09:07:53,757 [DEBUG] cnn_neat: Added edge 3→1 (from 4 candidates)
2026-08-25 09:07:53,761 [DEBUG] cnn_neat: Removed hidden node 3 (pool=1)
2026-08-25 09:07:53,764 [DEBUG] cnn_neat: Removed edge 2→3 (from 1 candidates)
2026-08-25 09:07:53,766 [DEBUG] cnn_neat: Removed 1 edges (requested 3)
2026-08-25 09:07:53,772 [DEBUG] cnn_neat: Split edge 2→1, new hidden node 5 (pool=4)
2026-08-25 09:07:53,777 [DEBUG] cnn_neat: Added edge 0→2 (from 4 candidates)
2026-08-25 09:07:53,810 [DEBUG] cnn_neat: Split edge 0→2, new hidden node 5 (pool=2)
2026-08-25 09:07:53,813 [DEBUG] cnn_neat: Added edge 3→1 (from 4 candidates)
2026-08-25 09:07:53,820 [DEBUG] cnn_neat: Split edge 4→2, new hidden node 6 (pool=6)
2026-08-25 09:07:53,822 [DEBUG] cnn_neat: Removed hidden node 3 (pool=2)
2026-08-25 09:07:53,824 [DEBUG] cnn_neat: Added edge 3→5 (from 10 candidates)
2026-08-25 09:07:53,855 [DEBUG] cnn_neat: Split edge 4→2, new hidden node 5 (pool=3)
2026-08-25 09:07:53,858 [DEBUG] cnn_neat: Added edge 4→1 (from 2 candidates)
2026-08-25 09:07:53,873 [DEBUG] cnn_neat: Split edge 0→4, new hidden node 6 (pool=3)
2026-08-25 09:07:53,876 [DEBUG] cnn_neat: Added edge 0→5 (from 2 candidates)
2026-08-25 09:07:53,949 [DEBUG] cnn_neat: Split edge 4→5, new hidden node 7 (pool=4)
2026-08-25 09:07:53,954 [DEBUG] cnn_neat: Split edge 0→4, new hidden node 6 (pool=4)
2026-08-25 09:07:53,957 [DEBUG] cnn_neat: Added edge 0→4 (from 4 candidates)
2026-08-25 09:07:53,960 [DEBUG] cnn_neat: Added edge 0→1 (from 2 candidates)
2026-08-25 09:07:53,967 [DEBUG] cnn_neat: Split edge 4→1, new hidden node 5 (pool=3)
2026-08-25 09:07:53,971 [DEBUG] cnn_neat: Added edge 3→1 (from 2 candidates)
2026-08-25 09:07:53,988 [DEBUG] cnn_neat: Split edge 2→4, new hidden node 6 (pool=5)
2026-08-25 09:07:53,991 [DEBUG] cnn_neat: Added edge 2→5 (from 6 candidates)
2026-08-25 09:07:54,022 [DEBUG] cnn_neat: Split edge 5→1, new hidden node 6 (pool=3)
2026-08-25 09:07:54,026 [DEBUG] cnn_neat: Added edge 2→3 (from 6 candidates)
2026-08-25 09:07:54,030 [DEBUG] cnn_neat: Split edge 2→4, new hidden node 7 (pool=7)
2026-08-25 09:07:54,033 [DEBUG] cnn_neat: Removed hidden node 3 (pool=2)
2026-08-25 09:07:54,035 [DEBUG] cnn_neat: Added edge 0→5 (from 11 candidates)
2026-08-25 09:07:54,065 [DEBUG] cnn_neat: Split edge 0→3, new hidden node 4 (pool=2)
2026-08-25 09:07:54,095 [DEBUG] cnn_neat: Added edge 2→1 (from 2 candidates)
2026-08-25 09:07:54,100 [DEBUG] cnn_neat: Removed hidden node 2 (pool=1)
2026-08-25 09:07:54,102 [DEBUG] cnn_neat: Removed edge 3→2 (from 1 candidates)
2026-08-25 09:07:54,103 [DEBUG] cnn_neat: Removed 1 edges (requested 3)
2026-08-25 09:07:54,105 [DEBUG] cnn_neat: Split edge 4→3, new hidden node 5 (pool=3)
2026-08-25 09:07:54,106 [DEBUG] cnn_neat: Added edge 0→2 (from 4 candidates)
2026-08-25 09:07:54,108 [DEBUG] cnn_neat: Split edge 3→1, new hidden node 6 (pool=4)
2026-08-25 09:07:54,110 [DEBUG] cnn_neat: Removed hidden node 2 (pool=1)
2026-08-25 09:07:54,112 [DEBUG] cnn_neat: Added edge 4→3 (from 7 candidates)
2026-08-25 09:07:54,140 [DEBUG] cnn_neat: Split edge 0→4, new hidden node 5 (pool=5)
2026-08-25 09:07:54,144 [DEBUG] cnn_neat: Added edge 4→3 (from 4 candidates)
2026-08-25 09:07:54,149 [DEBUG] cnn_neat: Removed hidden node 3 (pool=1)
2026-08-25 09:07:54,156 [DEBUG] cnn_neat: Removed edge 0→3 (from 2 candidates)
2026-08-25 09:07:54,161 [DEBUG] cnn_neat: Removed 2 edges (requested 3)
2026-08-25 09:07:54,163 [DEBUG] cnn_neat: Split edge 2→3, new hidden node 6 (pool=6)
2026-08-25 09:07:54,164 [DEBUG] cnn_neat: Split edge 0→3, new hidden node 5 (pool=6)
2026-08-25 09:07:54,166 [DEBUG] cnn_neat: Added edge 5→2 (from 6 candidates)
2026-08-25 09:07:54,169 [DEBUG] cnn_neat: Added edge 4→1 (from 3 candidates)
2026-08-25 09:07:54,178 [DEBUG] cnn_neat: Split edge 3→1, new hidden node 5 (pool=3)
2026-08-25 09:07:54,246 [DEBUG] cnn_neat: Added edge 4→1 (from 3 candidates)
2026-08-25 09:07:54,253 [DEBUG] cnn_neat: Removed hidden node 2 (pool=3)
2026-08-25 09:07:54,258 [DEBUG] cnn_neat: Removed edge 4→3 (from 5 candidates)
2026-08-25 09:07:54,267 [DEBUG] cnn_neat: Removed 3 edges (requested 3)
2026-08-25 09:07:54,269 [DEBUG] cnn_neat: Split edge 0→2, new hidden node 6 (pool=2)
2026-08-25 09:07:54,274 [DEBUG] cnn_neat: Split edge 2→1, new hidden node 5 (pool=3)
2026-08-25 09:07:54,278 [DEBUG] cnn_neat: Split edge 0→2, new hidden node 5 (pool=3)
2026-08-25 09:07:54,284 [DEBUG] cnn_neat: Split edge 0→1, new hidden node 2 (pool=1)
2026-08-25 09:07:54,292 [DEBUG] cnn_neat: Split edge 0→3, new hidden node 5 (pool=2)
2026-08-25 09:07:54,294 [DEBUG] cnn_neat: Added edge 0→4 (from 1 candidates)
2026-08-25 09:07:54,334 [DEBUG] cnn_neat: Removed hidden node 4 (pool=1)
2026-08-25 09:07:54,336 [DEBUG] cnn_neat: Removed edge 3→4 (from 3 candidates)
2026-08-25 09:07:54,341 [DEBUG] cnn_neat: Removed 2 edges (requested 3)
2026-08-25 09:07:54,345 [DEBUG] cnn_neat: Split edge 3→1, new hidden node 6 (pool=3)
2026-08-25 09:07:54,350 [DEBUG] cnn_neat: Split edge 4→1, new hidden node 5 (pool=5)
2026-08-25 09:07:54,353 [DEBUG] cnn_neat: Split edge 3→1, new hidden node 5 (pool=3)
2026-08-25 09:07:54,359 [DEBUG] cnn_neat: Split edge 0→2, new hidden node 3 (pool=2)
2026-08-25 09:07:54,361 [DEBUG] cnn_neat: Added edge 0→1 (from 1 candidates)
2026-08-25 09:07:54,395 [DEBUG] cnn_neat: Split edge 5→1, new hidden node 6 (pool=5)
2026-08-25 09:07:54,400 [DEBUG] cnn_neat: Added edge 3→2 (from 6 candidates)
2026-08-25 09:07:54,411 [DEBUG] cnn_neat: Split edge 0→1, new hidden node 3 (pool=1)
2026-08-25 09:07:54,416 [DEBUG] cnn_neat: Removed hidden node 2 (pool=1)
2026-08-25 09:07:54,441 [DEBUG] cnn_neat: Removed edge 2→1 (from 3 candidates)
2026-08-25 09:07:54,444 [DEBUG] cnn_neat: Removed 2 edges (requested 3)
2026-08-25 09:07:54,448 [DEBUG] cnn_neat: Split edge 3→1, new hidden node 4 (pool=2)
2026-08-25 09:07:54,450 [DEBUG] cnn_neat: Added edge 0→1 (from 1 candidates)
2026-08-25 09:07:54,459 [DEBUG] cnn_neat: Split edge 0→3, new hidden node 5 (pool=5)
2026-08-25 09:07:54,464 [DEBUG] cnn_neat: Added edge 0→4 (from 4 candidates)
2026-08-25 09:07:54,480 [DEBUG] cnn_neat: Removed hidden node 4 (pool=1)
2026-08-25 09:07:54,483 [DEBUG] cnn_neat: Removed edge 4→2 (from 3 candidates)
2026-08-25 09:07:54,486 [DEBUG] cnn_neat: Removed 2 edges (requested 3)
2026-08-25 09:07:54,488 [DEBUG] cnn_neat: Split edge 3→4, new hidden node 6 (pool=6)
2026-08-25 09:07:54,490 [DEBUG] cnn_neat: Split edge 0→4, new hidden node 5 (pool=6)
2026-08-25 09:07:54,491 [DEBUG] cnn_neat: Split edge 3→2, new hidden node 5 (pool=4)
2026-08-25 09:07:54,638 [DEBUG] cnn_neat: Split edge 2→1, new hidden node 5 (pool=3)
2026-08-25 09:07:54,641 [DEBUG] cnn_neat: Added edge 0→2 (from 4 candidates)
2026-08-25 09:07:54,645 [DEBUG] cnn_neat: Removed hidden node 3 (pool=1)
2026-08-25 09:07:54,647 [DEBUG] cnn_neat: Removed edge 2→3 (from 1 candidates)
2026-08-25 09:07:54,649 [DEBUG] cnn_neat: Removed 1 edges (requested 3)
2026-08-25 09:07:54,652 [DEBUG] cnn_neat: Split edge 4→2, new hidden node 6 (pool=5)
2026-08-25 09:07:54,655 [DEBUG] cnn_neat: Split edge 0→4, new hidden node 5 (pool=4)
2026-08-25 09:07:54,737 [DEBUG] cnn_neat: Added edge 2→1 (from 8 candidates)
2026-08-25 09:07:54,740 [DEBUG] cnn_neat: Added edge 4→1 (from 4 candidates)
2026-08-25 09:07:54,745 [DEBUG] cnn_neat: Split edge 4→2, new hidden node 5 (pool=3)
2026-08-25 09:07:54,747 [DEBUG] cnn_neat: Added edge 0→2 (from 2 candidates)
2026-08-25 09:07:54,754 [DEBUG] cnn_neat: Split edge 0→3, new hidden node 5 (pool=3)
2026-08-25 09:07:54,756 [DEBUG] cnn_neat: Added edge 3→1 (from 2 candidates)
2026-08-25 09:07:54,762 [DEBUG] cnn_neat: Split edge 3→4, new hidden node 6 (pool=4)
2026-08-25 09:07:54,765 [DEBUG] cnn_neat: Added edge 0→3 (from 4 candidates)
2026-08-25 09:07:54,768 [DEBUG] cnn_neat: Split edge 4→1, new hidden node 7 (pool=5)
2026-08-25 09:07:54,771 [DEBUG] cnn_neat: Added edge 6→1 (from 6 candidates)
2026-08-25 09:07:54,774 [DEBUG] cnn_neat: Split edge 3→4, new hidden node 6 (pool=5)
2026-08-25 09:07:54,778 [DEBUG] cnn_neat: Split edge 2→1, new hidden node 6 (pool=6)
2026-08-25 09:07:54,781 [DEBUG] cnn_neat: Added edge 5→3 (from 6 candidates)
2026-08-25 09:07:54,786 [DEBUG] cnn_neat: Removed hidden node 3 (pool=1)
2026-08-25 09:07:54,788 [DEBUG] cnn_neat: Removed edge 2→3 (from 2 candidates)
2026-08-25 09:07:54,792 [DEBUG] cnn_neat: Removed 2 edges (requested 3)
2026-08-25 09:07:54,794 [DEBUG] cnn_neat: Split edge 5→2, new hidden node 7 (pool=7)
2026-08-25 09:07:54,797 [DEBUG] cnn_neat: Split edge 0→3, new hidden node 6 (pool=7)
2026-08-25 09:07:54,800 [DEBUG] cnn_neat: Added edge 0→2 (from 10 candidates)
2026-08-25 09:07:54,803 [DEBUG] cnn_neat: Added edge 0→2 (from 5 candidates)
2026-08-25 09:07:54,807 [DEBUG] cnn_neat: Split edge 4→2, new hidden node 6 (pool=4)
2026-08-25 09:07:54,809 [DEBUG] cnn_neat: Added edge 5→1 (from 6 candidates)
2026-08-25 09:07:54,813 [DEBUG] cnn_neat: Removed hidden node 5 (pool=1)
2026-08-25 09:07:54,815 [DEBUG] cnn_neat: Removed edge 4→5 (from 1 candidates)
2026-08-25 09:07:54,818 [DEBUG] cnn_neat: Removed 1 edges (requested 3)
2026-08-25 09:07:54,821 [DEBUG] cnn_neat: Split edge 0→4, new hidden node 7 (pool=5)
2026-08-25 09:07:54,825 [DEBUG] cnn_neat: Added edge 0→6 (from 10 candidates)
2026-08-25 09:07:54,828 [DEBUG] cnn_neat: Split edge 2→1, new hidden node 8 (pool=6)
2026-08-25 09:07:54,834 [DEBUG] cnn_neat: Removed hidden node 5 (pool=1)
2026-08-25 09:07:54,836 [DEBUG] cnn_neat: Saved generation 0
2026-08-25 09:07:54,874 [DEBUG] cnn_neat: Added edge 7→6 (from 13 candidates)
2026-08-25 09:07:54,885 [DEBUG] cnn_neat: Split edge 0→3, new hidden node 4 (pool=2)
2026-08-25 09:07:54,891 [DEBUG] cnn_neat: Added edge 0→1 (from 1 candidates)
2026-08-25 09:07:54,915 [DEBUG] cnn_neat: Selected 25 elite individuals
2026-08-25 09:07:54,947 [DEBUG] cnn_neat: Split edge 3→1, new hidden node 5 (pool=3)
2026-08-25 09:07:54,955 [DEBUG] cnn_neat: Split edge 0→1, new hidden node 4 (pool=1)
2026-08-25 09:07:54,962 [DEBUG] cnn_neat: Added edge 0→3 (from 2 candidates)
2026-08-25 09:07:54,974 [DEBUG] cnn_neat: Split edge 4→3, new hidden node 6 (pool=4)
2026-08-25 09:07:54,987 [DEBUG] cnn_neat: Split edge 0→5, new hidden node 6 (pool=4)
2026-08-25 09:07:54,992 [DEBUG] cnn_neat: Added edge 3→1 (from 7 candidates)
2026-08-25 09:07:55,002 [DEBUG] cnn_neat: Removed hidden node 3 (pool=1)
2026-08-25 09:07:55,007 [DEBUG] cnn_neat: Removed edge 2→3 (from 1 candidates)
2026-08-25 09:07:55,011 [DEBUG] cnn_neat: Removed 1 edges (requested 3)
2026-08-25 09:07:55,016 [DEBUG] cnn_neat: Split edge 2→1, new hidden node 7 (pool=1)
2026-08-25 09:07:55,021 [DEBUG] cnn_neat: Split edge 0→5, new hidden node 6 (pool=4)
2026-08-25 09:07:55,156 [DEBUG] cnn_neat: Added edge 5→3 (from 10 candidates)
2026-08-25 09:07:55,160 [DEBUG] cnn_neat: Split edge 5→1, new hidden node 6 (pool=6)
2026-08-25 09:07:55,161 [DEBUG] cnn_neat: Added edge 5→2 (from 5 candidates)
2026-08-25 09:07:55,164 [DEBUG] cnn_neat: Added edge 0→2 (from 12 candidates)
2026-08-25 09:07:55,166 [DEBUG] cnn_neat: Removed hidden node 5 (pool=4)
2026-08-25 09:07:55,168 [DEBUG] cnn_neat: Removed edge 2→1 (from 6 candidates)
2026-08-25 09:07:55,171 [DEBUG] cnn_neat: Removed 3 edges (requested 3)
2026-08-25 09:07:55,172 [DEBUG] cnn_neat: Split edge 3→5, new hidden node 6 (pool=3)
2026-08-25 09:07:55,174 [DEBUG] cnn_neat: Crossover union: A_edges=6 B_added=6 dup_skipped=0 child_edges=12 nodes=9
2026-08-25 09:07:55,177 [DEBUG] cnn_neat: Added edge 4→1 (from 12 candidates)
2026-08-25 09:07:55,179 [DEBUG] cnn_neat: Added edge 3→4 (from 11 candidates)
2026-08-25 09:07:55,181 [DEBUG] cnn_neat: Added edge 2→5 (from 8 candidates)
2026-08-25 09:07:55,183 [DEBUG] cnn_neat: Added edge 3→2 (from 5 candidates)
2026-08-25 09:07:55,187 [DEBUG] cnn_neat: Added edge 4→5 (from 4 candidates)
2026-08-25 09:07:55,188 [DEBUG] cnn_neat: Split edge 0→3, new hidden node 5 (pool=3)
2026-08-25 09:07:55,189 [DEBUG] cnn_neat: Added edge 0→4 (from 2 candidates)
2026-08-25 09:07:55,191 [DEBUG] cnn_neat: Split edge 4→1, new hidden node 5 (pool=3)
2026-08-25 09:07:55,193 [DEBUG] cnn_neat: Split edge 0→3, new hidden node 5 (pool=3)
2026-08-25 09:07:55,195 [DEBUG] cnn_neat: Added edge 0→4 (from 4 candidates)
2026-08-25 09:07:55,197 [DEBUG] cnn_neat: Split edge 4→1, new hidden node 5 (pool=3)
2026-08-25 09:07:55,198 [DEBUG] cnn_neat: Added edge 4→1 (from 4 candidates)
2026-08-25 09:07:55,200 [DEBUG] cnn_neat: Crossover rejected: union topology invalid (edges=8 nodes=8)
2026-08-25 09:07:55,201 [DEBUG] cnn_neat: Split edge 4→1, new hidden node 5 (pool=3)
2026-08-25 09:07:55,203 [DEBUG] cnn_neat: Added edge 3→5 (from 4 candidates)
2026-08-25 09:07:55,204 [DEBUG] cnn_neat: Added edge 0→4 (from 2 candidates)
2026-08-25 09:07:55,206 [DEBUG] cnn_neat: Added edge 0→1 (from 2 candidates)
2026-08-25 09:07:55,207 [DEBUG] cnn_neat: Added edge 3→1 (from 1 candidates)
2026-08-25 09:07:55,210 [DEBUG] cnn_neat: Split edge 3→2, new hidden node 5 (pool=4)
2026-08-25 09:07:55,212 [DEBUG] cnn_neat: Added edge 0→2 (from 6 candidates)
2026-08-25 09:07:55,214 [DEBUG] cnn_neat: Removed hidden node 2 (pool=1)
2026-08-25 09:07:55,215 [DEBUG] cnn_neat: Split edge 3→4, new hidden node 5 (pool=3)
2026-08-25 09:07:55,216 [DEBUG] cnn_neat: Removed edge 3→2 (from 1 candidates)
2026-08-25 09:07:55,217 [DEBUG] cnn_neat: Split edge 3→4, new hidden node 5 (pool=3)
2026-08-25 09:07:55,219 [DEBUG] cnn_neat: Added edge 0→5 (from 4 candidates)
2026-08-25 09:07:55,220 [DEBUG] cnn_neat: Removed 1 edges (requested 3)
2026-08-25 09:07:55,221 [DEBUG] cnn_neat: Split edge 4→1, new hidden node 5 (pool=3)
2026-08-25 09:07:55,223 [DEBUG] cnn_neat: Added edge 3→5 (from 4 candidates)
2026-08-25 09:07:55,225 [DEBUG] cnn_neat: Removed hidden node 4 (pool=1)
2026-08-25 09:07:55,227 [DEBUG] cnn_neat: Crossover rejected: copied edge has no live Conv2d
2026-08-25 09:07:55,229 [DEBUG] cnn_neat: Split edge 4→1, new hidden node 5 (pool=4)
2026-08-25 09:07:55,230 [DEBUG] cnn_neat: Added edge 4→2 (from 6 candidates)
2026-08-25 09:07:55,231 [DEBUG] cnn_neat: Added edge 3→1 (from 4 candidates)
2026-08-25 09:07:55,232 [DEBUG] cnn_neat: Added edge 0→4 (from 3 candidates)
2026-08-25 09:07:55,234 [DEBUG] cnn_neat: Added edge 0→2 (from 2 candidates)
2026-08-25 09:07:55,236 [DEBUG] cnn_neat: Added edge 2→1 (from 2 candidates)
2026-08-25 09:07:55,237 [DEBUG] cnn_neat: Split edge 0→3, new hidden node 5 (pool=2)
2026-08-25 09:07:55,239 [DEBUG] cnn_neat: Added edge 4→3 (from 3 candidates)
2026-08-25 09:07:55,242 [DEBUG] cnn_neat: Removed hidden node 2 (pool=3)
2026-08-25 09:07:55,244 [DEBUG] cnn_neat: Removed edge 4→2 (from 6 candidates)
2026-08-25 09:07:55,246 [DEBUG] cnn_neat: Removed 3 edges (requested 3)
2026-08-25 09:07:55,248 [DEBUG] cnn_neat: Split edge 2→1, new hidden node 5 (pool=3)
2026-08-25 09:07:55,250 [DEBUG] cnn_neat: Crossover rejected: union topology invalid (edges=11 nodes=9)
2026-08-25 09:07:55,252 [DEBUG] cnn_neat: Split edge 3→1, new hidden node 5 (pool=2)
2026-08-25 09:07:55,254 [DEBUG] cnn_neat: Added edge 0→2 (from 3 candidates)
2026-08-25 09:07:55,256 [DEBUG] cnn_neat: Added edge 4→1 (from 3 candidates)
2026-08-25 09:07:55,258 [DEBUG] cnn_neat: Added edge 0→1 (from 2 candidates)
2026-08-25 09:07:55,260 [DEBUG] cnn_neat: Added edge 4→3 (from 1 candidates)
2026-08-25 09:07:55,263 [DEBUG] cnn_neat: Split edge 3→1, new hidden node 5 (pool=2)
2026-08-25 09:07:55,265 [DEBUG] cnn_neat: Split edge 0→4, new hidden node 6 (pool=6)
2026-08-25 09:07:55,267 [DEBUG] cnn_neat: Added edge 3→2 (from 6 candidates)
2026-08-25 09:07:55,271 [DEBUG] cnn_neat: Removed hidden node 2 (pool=3)
2026-08-25 09:07:55,272 [DEBUG] cnn_neat: Split edge 0→3, new hidden node 5 (pool=3)
2026-08-25 09:07:55,273 [DEBUG] cnn_neat: Removed edge 0→4 (from 5 candidates)
2026-08-25 09:07:55,275 [DEBUG] cnn_neat: Removed 3 edges (requested 3)
2026-08-25 09:07:55,276 [DEBUG] cnn_neat: Split edge 0→3, new hidden node 4 (pool=2)
2026-08-25 09:07:55,278 [DEBUG] cnn_neat: Crossover union: A_edges=5 B_added=5 dup_skipped=0 child_edges=10 nodes=7
2026-08-25 09:07:55,280 [DEBUG] cnn_neat: Added edge 4→3 (from 6 candidates)
2026-08-25 09:07:55,282 [DEBUG] cnn_neat: Added edge 2→3 (from 4 candidates)
2026-08-25 09:07:55,284 [DEBUG] cnn_neat: Added edge 4→1 (from 2 candidates)
2026-08-25 09:07:55,286 [DEBUG] cnn_neat: Added edge 0→2 (from 1 candidates)
2026-08-25 09:07:55,288 [DEBUG] cnn_neat: Added edge 0→1 (from 1 candidates)
2026-08-25 09:07:55,290 [DEBUG] cnn_neat: Split edge 0→1, new hidden node 5 (pool=1)
2026-08-25 09:07:55,292 [DEBUG] cnn_neat: Split edge 3→5, new hidden node 6 (pool=3)
2026-08-25 09:07:55,293 [DEBUG] cnn_neat: Split edge 5→1, new hidden node 7 (pool=4)
2026-08-25 09:07:55,295 [DEBUG] cnn_neat: Added edge 0→5 (from 2 candidates)
2026-08-25 09:07:55,297 [DEBUG] cnn_neat: Split edge 0→3, new hidden node 6 (pool=3)
2026-08-25 09:07:55,299 [DEBUG] cnn_neat: Split edge 0→3, new hidden node 6 (pool=3)
2026-08-25 09:07:55,300 [DEBUG] cnn_neat: Added edge 3→1 (from 4 candidates)
2026-08-25 09:07:55,302 [DEBUG] cnn_neat: Split edge 0→3, new hidden node 6 (pool=3)
2026-08-25 09:07:55,303 [DEBUG] cnn_neat: Added edge 6→5 (from 4 candidates)
2026-08-25 09:07:55,305 [DEBUG] cnn_neat: Crossover union: A_edges=3 B_added=5 dup_skipped=0 child_edges=8 nodes=7
2026-08-25 09:07:55,307 [DEBUG] cnn_neat: Added edge 0→5 (from 2 candidates)
2026-08-25 09:07:55,308 [DEBUG] cnn_neat: Added edge 3→1 (from 2 candidates)
2026-08-25 09:07:55,310 [DEBUG] cnn_neat: Added edge 0→1 (from 1 candidates)
2026-08-25 09:07:55,313 [DEBUG] cnn_neat: Split edge 5→1, new hidden node 6 (pool=4)
2026-08-25 09:07:55,314 [DEBUG] cnn_neat: Added edge 3→1 (from 7 candidates)
2026-08-25 09:07:55,316 [DEBUG] cnn_neat: Removed hidden node 2 (pool=1)
2026-08-25 09:07:55,317 [DEBUG] cnn_neat: Split edge 0→3, new hidden node 6 (pool=3)
2026-08-25 09:07:55,319 [DEBUG] cnn_neat: Added edge 0→5 (from 4 candidates)
2026-08-25 09:07:55,320 [DEBUG] cnn_neat: Removed edge 0→2 (from 1 candidates)
2026-08-25 09:07:55,321 [DEBUG] cnn_neat: Split edge 3→5, new hidden node 6 (pool=3)
2026-08-25 09:07:55,323 [DEBUG] cnn_neat: Added edge 3→5 (from 4 candidates)
2026-08-25 09:07:55,325 [DEBUG] cnn_neat: Removed 1 edges (requested 3)
2026-08-25 09:07:55,326 [DEBUG] cnn_neat: Split edge 0→3, new hidden node 6 (pool=3)
2026-08-25 09:07:55,327 [DEBUG] cnn_neat: Added edge 3→1 (from 4 candidates)
2026-08-25 09:07:55,329 [DEBUG] cnn_neat: Removed hidden node 5 (pool=1)
2026-08-25 09:07:55,332 [DEBUG] cnn_neat: Crossover rejected: copied edge has no live Conv2d
2026-08-25 09:07:55,333 [DEBUG] cnn_neat: Split edge 0→2, new hidden node 6 (pool=4)
2026-08-25 09:07:55,335 [DEBUG] cnn_neat: Added edge 5→2 (from 13 candidates)
2026-08-25 09:07:55,336 [DEBUG] cnn_neat: Added edge 0→5 (from 7 candidates)
2026-08-25 09:07:55,338 [DEBUG] cnn_neat: Added edge 5→2 (from 7 candidates)
2026-08-25 09:07:55,339 [DEBUG] cnn_neat: Added edge 0→1 (from 4 candidates)
2026-08-25 09:07:55,340 [DEBUG] cnn_neat: Added edge 2→1 (from 3 candidates)
2026-08-25 09:07:55,342 [DEBUG] cnn_neat: Added edge 3→2 (from 2 candidates)
2026-08-25 09:07:55,344 [DEBUG] cnn_neat: Split edge 6→2, new hidden node 7 (pool=5)
2026-08-25 09:07:55,345 [DEBUG] cnn_neat: Added edge 5→2 (from 13 candidates)
2026-08-25 09:07:55,347 [DEBUG] cnn_neat: Split edge 5→2, new hidden node 7 (pool=6)
2026-08-25 09:07:55,349 [DEBUG] cnn_neat: Removed hidden node 2 (pool=2)
2026-08-25 09:07:55,350 [DEBUG] cnn_neat: Removed edge 0→6 (from 2 candidates)
2026-08-25 09:07:55,353 [DEBUG] cnn_neat: Removed 2 edges (requested 3)
2026-08-25 09:07:55,354 [DEBUG] cnn_neat: Split edge 0→3, new hidden node 6 (pool=3)
2026-08-25 09:07:55,356 [DEBUG] cnn_neat: Added edge 6→5 (from 4 candidates)
2026-08-25 09:07:55,358 [DEBUG] cnn_neat: Removed hidden node 3 (pool=1)
2026-08-25 09:07:55,360 [DEBUG] cnn_neat: Crossover rejected: copied edge has no live Conv2d
2026-08-25 09:07:55,361 [DEBUG] cnn_neat: Split edge 3→5, new hidden node 7 (pool=5)
2026-08-25 09:07:55,362 [DEBUG] cnn_neat: Added edge 5→6 (from 13 candidates)
2026-08-25 09:07:55,363 [DEBUG] cnn_neat: Added edge 3→6 (from 8 candidates)
2026-08-25 09:07:55,364 [DEBUG] cnn_neat: Added edge 3→1 (from 7 candidates)
2026-08-25 09:07:55,366 [DEBUG] cnn_neat: Added edge 0→2 (from 6 candidates)
2026-08-25 09:07:55,367 [DEBUG] cnn_neat: Added edge 3→2 (from 5 candidates)
2026-08-25 09:07:55,369 [DEBUG] cnn_neat: Split edge 4→1, new hidden node 5 (pool=5)
2026-08-25 09:07:55,371 [DEBUG] cnn_neat: Split edge 0→3, new hidden node 6 (pool=3)
2026-08-25 09:07:55,373 [DEBUG] cnn_neat: Added edge 3→1 (from 5 candidates)
2026-08-25 09:07:55,376 [DEBUG] cnn_neat: Removed hidden node 2 (pool=2)
2026-08-25 09:07:55,377 [DEBUG] cnn_neat: Split edge 0→3, new hidden node 5 (pool=3)
2026-08-25 09:07:55,378 [DEBUG] cnn_neat: Added edge 0→3 (from 4 candidates)
2026-08-25 09:07:55,380 [DEBUG] cnn_neat: Removed edge 3→2 (from 4 candidates)
2026-08-25 09:07:55,381 [DEBUG] cnn_neat: Split edge 4→1, new hidden node 5 (pool=4)
2026-08-25 09:07:55,383 [DEBUG] cnn_neat: Removed 2 edges (requested 3)
2026-08-25 09:07:55,385 [DEBUG] cnn_neat: Split edge 0→3, new hidden node 4 (pool=3)
2026-08-25 09:07:55,388 [DEBUG] cnn_neat: Crossover rejected: union topology invalid (edges=11 nodes=10)
2026-08-25 09:07:55,389 [DEBUG] cnn_neat: Split edge 3→2, new hidden node 5 (pool=5)
2026-08-25 09:07:55,391 [DEBUG] cnn_neat: Added edge 2→4 (from 5 candidates)
2026-08-25 09:07:55,392 [DEBUG] cnn_neat: Added edge 3→1 (from 3 candidates)
2026-08-25 09:07:55,394 [DEBUG] cnn_neat: Added edge 0→2 (from 2 candidates)
2026-08-25 09:07:55,395 [DEBUG] cnn_neat: Added edge 0→4 (from 1 candidates)
2026-08-25 09:07:55,399 [DEBUG] cnn_neat: Added edge 0→1 (from 1 candidates)
2026-08-25 09:07:55,401 [DEBUG] cnn_neat: Split edge 3→5, new hidden node 6 (pool=5)
2026-08-25 09:07:55,403 [DEBUG] cnn_neat: Added edge 5→1 (from 6 candidates)
2026-08-25 09:07:55,405 [DEBUG] cnn_neat: Split edge 2→3, new hidden node 6 (pool=5)
2026-08-25 09:07:55,407 [DEBUG] cnn_neat: Added edge 5→1 (from 9 candidates)
2026-08-25 09:07:55,409 [DEBUG] cnn_neat: Split edge 3→5, new hidden node 6 (pool=5)
2026-08-25 09:07:55,411 [DEBUG] cnn_neat: Added edge 0→5 (from 9 candidates)
2026-08-25 09:07:55,414 [DEBUG] cnn_neat: Split edge 5→4, new hidden node 6 (pool=5)
2026-08-25 09:07:55,416 [DEBUG] cnn_neat: Crossover rejected: union topology invalid (edges=9 nodes=9)
2026-08-25 09:07:55,418 [DEBUG] cnn_neat: Split edge 5→4, new hidden node 6 (pool=5)
2026-08-25 09:07:55,420 [DEBUG] cnn_neat: Added edge 5→4 (from 9 candidates)
2026-08-25 09:07:55,422 [DEBUG] cnn_neat: Added edge 2→5 (from 6 candidates)
2026-08-25 09:07:55,424 [DEBUG] cnn_neat: Added edge 3→1 (from 7 candidates)
2026-08-25 09:07:55,426 [DEBUG] cnn_neat: Added edge 3→4 (from 5 candidates)
2026-08-25 09:07:55,428 [DEBUG] cnn_neat: Added edge 2→4 (from 5 candidates)
2026-08-25 09:07:55,430 [DEBUG] cnn_neat: Added edge 5→1 (from 5 candidates)
2026-08-25 09:07:55,434 [DEBUG] cnn_neat: Added edge 0→5 (from 9 candidates)
2026-08-25 09:07:55,436 [DEBUG] cnn_neat: Added edge 2→5 (from 9 candidates)
2026-08-25 09:07:55,440 [DEBUG] cnn_neat: Added edge 0→5 (from 9 candidates)
2026-08-25 09:07:55,443 [DEBUG] cnn_neat: Removed hidden node 6 (pool=3)
2026-08-25 09:07:55,447 [DEBUG] cnn_neat: Added edge 0→6 (from 9 candidates)
2026-08-25 09:07:55,451 [DEBUG] cnn_neat: Added edge 3→4 (from 9 candidates)
2026-08-25 09:07:55,453 [DEBUG] cnn_neat: Crossover rejected: union topology invalid (edges=12 nodes=10)
2026-08-25 09:07:55,456 [DEBUG] cnn_neat: Added edge 0→5 (from 9 candidates)
2026-08-25 09:07:55,460 [DEBUG] cnn_neat: Removed hidden node 2 (pool=3)
2026-08-25 09:07:55,462 [DEBUG] cnn_neat: Added edge 3→4 (from 9 candidates)
2026-08-25 09:07:55,464 [DEBUG] cnn_neat: Added edge 2→5 (from 9 candidates)
2026-08-25 09:07:55,466 [DEBUG] cnn_neat: Added edge 0→5 (from 10 candidates)
2026-08-25 09:07:55,469 [DEBUG] cnn_neat: Added edge 6→5 (from 8 candidates)
2026-08-25 09:07:55,472 [DEBUG] cnn_neat: Added edge 3→1 (from 7 candidates)
2026-08-25 09:07:55,474 [DEBUG] cnn_neat: Split edge 0→3, new hidden node 6 (pool=5)
2026-08-25 09:07:55,476 [DEBUG] cnn_neat: Added edge 0→5 (from 5 candidates)
2026-08-25 09:07:55,478 [DEBUG] cnn_neat: Removed hidden node 2 (pool=2)
2026-08-25 09:07:55,480 [DEBUG] cnn_neat: Split edge 5→1, new hidden node 6 (pool=3)
2026-08-25 09:07:55,481 [DEBUG] cnn_neat: Removed edge 2→5 (from 4 candidates)
2026-08-25 09:07:55,482 [DEBUG] cnn_neat: Split edge 0→3, new hidden node 6 (pool=4)
2026-08-25 09:07:55,484 [DEBUG] cnn_neat: Removed 2 edges (requested 3)
2026-08-25 09:07:55,486 [DEBUG] cnn_neat: Crossover union: A_edges=5 B_added=3 dup_skipped=0 child_edges=8 nodes=7
2026-08-25 09:07:55,488 [DEBUG] cnn_neat: Added edge 2→1 (from 5 candidates)
2026-08-25 09:07:55,490 [DEBUG] cnn_neat: Added edge 3→1 (from 4 candidates)
2026-08-25 09:07:55,492 [DEBUG] cnn_neat: Added edge 2→3 (from 3 candidates)
2026-08-25 09:07:55,494 [DEBUG] cnn_neat: Added edge 0→5 (from 1 candidates)
2026-08-25 09:07:55,497 [DEBUG] cnn_neat: Added edge 0→1 (from 1 candidates)
2026-08-25 09:07:55,499 [DEBUG] cnn_neat: Split edge 0→3, new hidden node 5 (pool=2)
2026-08-25 09:07:55,501 [DEBUG] cnn_neat: Added edge 0→4 (from 3 candidates)
2026-08-25 09:07:55,504 [DEBUG] cnn_neat: Removed hidden node 2 (pool=2)
2026-08-25 09:07:55,506 [DEBUG] cnn_neat: Removed edge 4→2 (from 4 candidates)
2026-08-25 09:07:55,508 [DEBUG] cnn_neat: Removed 3 edges (requested 3)
2026-08-25 09:07:55,510 [DEBUG] cnn_neat: Split edge 3→2, new hidden node 4 (pool=3)
2026-08-25 09:07:55,511 [DEBUG] cnn_neat: Added edge 0→2 (from 4 candidates)
2026-08-25 09:07:55,513 [DEBUG] cnn_neat: Crossover union: A_edges=6 B_added=6 dup_skipped=0 child_edges=12 nodes=9
2026-08-25 09:07:55,515 [DEBUG] cnn_neat: Added edge 0→4 (from 3 candidates)
2026-08-25 09:07:55,517 [DEBUG] cnn_neat: Added edge 4→1 (from 2 candidates)
2026-08-25 09:07:55,520 [DEBUG] cnn_neat: Added edge 0→2 (from 1 candidates)
2026-08-25 09:07:55,522 [DEBUG] cnn_neat: Added edge 0→1 (from 1 candidates)
2026-08-25 09:07:55,525 [DEBUG] cnn_neat: Split edge 0→2, new hidden node 6 (pool=6)
2026-08-25 09:07:55,527 [DEBUG] cnn_neat: Added edge 3→1 (from 8 candidates)
2026-08-25 09:07:55,530 [DEBUG] cnn_neat: Removed hidden node 4 (pool=2)
2026-08-25 09:07:55,531 [DEBUG] cnn_neat: Removed edge 4→2 (from 4 candidates)
2026-08-25 09:07:55,534 [DEBUG] cnn_neat: Removed 3 edges (requested 3)
2026-08-25 09:07:55,535 [DEBUG] cnn_neat: Split edge 2→5, new hidden node 6 (pool=3)
2026-08-25 09:07:55,538 [DEBUG] cnn_neat: Crossover union: A_edges=6 B_added=5 dup_skipped=0 child_edges=11 nodes=9
2026-08-25 09:07:55,540 [DEBUG] cnn_neat: Added edge 4→1 (from 8 candidates)
2026-08-25 09:07:55,542 [DEBUG] cnn_neat: Added edge 3→2 (from 7 candidates)
2026-08-25 09:07:55,544 [DEBUG] cnn_neat: Added edge 0→5 (from 6 candidates)
2026-08-25 09:07:55,547 [DEBUG] cnn_neat: Added edge 4→5 (from 5 candidates)
2026-08-25 09:07:55,549 [DEBUG] cnn_neat: Added edge 0→4 (from 4 candidates)
2026-08-25 09:07:55,567 [DEBUG] cnn_neat: Split edge 0→4, new hidden node 6 (pool=6)
2026-08-25 09:07:55,593 [DEBUG] cnn_neat: Added edge 3→4 (from 12 candidates)
2026-08-25 09:07:55,631 [DEBUG] cnn_neat: Removed hidden node 2 (pool=4)
2026-08-25 09:07:55,635 [DEBUG] cnn_neat: Removed edge 0→3 (from 6 candidates)
2026-08-25 09:07:55,642 [DEBUG] cnn_neat: Removed 3 edges (requested 3)
2026-08-25 09:07:55,647 [DEBUG] cnn_neat: Split edge 3→5, new hidden node 6 (pool=7)
2026-08-25 09:07:55,649 [DEBUG] cnn_neat: Split edge 0→4, new hidden node 6 (pool=4)
2026-08-25 09:07:55,653 [DEBUG] cnn_neat: Split edge 0→4, new hidden node 6 (pool=5)
2026-08-25 09:07:55,657 [DEBUG] cnn_neat: Split edge 4→1, new hidden node 5 (pool=3)
2026-08-25 09:07:55,660 [DEBUG] cnn_neat: Added edge 0→4 (from 2 candidates)
2026-08-25 09:07:55,668 [DEBUG] cnn_neat: Split edge 0→3, new hidden node 5 (pool=4)
2026-08-25 09:07:55,671 [DEBUG] cnn_neat: Added edge 0→2 (from 6 candidates)
2026-08-25 09:07:55,676 [DEBUG] cnn_neat: Removed hidden node 2 (pool=1)
2026-08-25 09:07:55,679 [DEBUG] cnn_neat: Removed edge 3→2 (from 1 candidates)
2026-08-25 09:07:55,682 [DEBUG] cnn_neat: Removed 1 edges (requested 3)
2026-08-25 09:07:55,798 [DEBUG] cnn_neat: Split edge 3→2, new hidden node 6 (pool=5)
2026-08-25 09:07:55,811 [DEBUG] cnn_neat: Added edge 2→1 (from 8 candidates)
2026-08-25 09:07:55,819 [DEBUG] cnn_neat: Split edge 0→5, new hidden node 7 (pool=4)
2026-08-25 09:07:55,838 [DEBUG] cnn_neat: Removed hidden node 2 (pool=1)
2026-08-25 09:07:55,845 [DEBUG] cnn_neat: Added edge 0→3 (from 12 candidates)
2026-08-25 09:07:55,860 [DEBUG] cnn_neat: Split edge 2→1, new hidden node 6 (pool=6)
2026-08-25 09:07:55,865 [DEBUG] cnn_neat: Split edge 0→3, new hidden node 5 (pool=2)
2026-08-25 09:07:55,869 [DEBUG] cnn_neat: Added edge 4→1 (from 3 candidates)
2026-08-25 09:07:55,878 [DEBUG] cnn_neat: Removed hidden node 2 (pool=3)
2026-08-25 09:07:55,884 [DEBUG] cnn_neat: Removed edge 3→1 (from 6 candidates)
2026-08-25 09:07:55,895 [DEBUG] cnn_neat: Removed 3 edges (requested 3)
2026-08-25 09:07:55,903 [DEBUG] cnn_neat: Split edge 0→3, new hidden node 5 (pool=3)
2026-08-25 09:07:55,905 [DEBUG] cnn_neat: Split edge 4→2, new hidden node 5 (pool=3)
2026-08-25 09:07:55,908 [DEBUG] cnn_neat: Added edge 0→2 (from 2 candidates)
2026-08-25 09:07:55,917 [DEBUG] cnn_neat: Added edge 2→1 (from 8 candidates)
2026-08-25 09:07:55,922 [DEBUG] cnn_neat: Split edge 4→1, new hidden node 6 (pool=2)
2026-08-25 09:07:55,928 [DEBUG] cnn_neat: Split edge 3→1, new hidden node 5 (pool=2)
2026-08-25 09:07:55,931 [DEBUG] cnn_neat: Added edge 2→3 (from 6 candidates)
2026-08-25 09:07:55,935 [DEBUG] cnn_neat: Removed hidden node 3 (pool=3)
2026-08-25 09:07:55,938 [DEBUG] cnn_neat: Removed edge 3→1 (from 5 candidates)
2026-08-25 09:07:55,942 [DEBUG] cnn_neat: Removed 3 edges (requested 3)
2026-08-25 09:07:55,946 [DEBUG] cnn_neat: Split edge 3→5, new hidden node 6 (pool=3)
2026-08-25 09:07:55,948 [DEBUG] cnn_neat: Added edge 3→1 (from 2 candidates)
2026-08-25 09:07:55,954 [DEBUG] cnn_neat: Split edge 3→1, new hidden node 6 (pool=2)
2026-08-25 09:07:55,956 [DEBUG] cnn_neat: Added edge 0→5 (from 1 candidates)
2026-08-25 09:07:55,959 [DEBUG] cnn_neat: Split edge 3→5, new hidden node 7 (pool=5)
2026-08-25 09:07:55,963 [DEBUG] cnn_neat: Removed hidden node 5 (pool=1)
2026-08-25 09:07:55,967 [DEBUG] cnn_neat: Added edge 0→6 (from 5 candidates)
2026-08-25 09:07:55,970 [DEBUG] cnn_neat: Split edge 3→1, new hidden node 6 (pool=5)
2026-08-25 09:07:55,976 [DEBUG] cnn_neat: Split edge 0→3, new hidden node 6 (pool=4)
2026-08-25 09:07:55,979 [DEBUG] cnn_neat: Added edge 5→2 (from 7 candidates)
2026-08-25 09:07:55,983 [DEBUG] cnn_neat: Removed hidden node 2 (pool=1)
2026-08-25 09:07:55,986 [DEBUG] cnn_neat: Removed edge 0→2 (from 1 candidates)
2026-08-25 09:07:55,987 [DEBUG] cnn_neat: Removed 1 edges (requested 3)
2026-08-25 09:07:55,990 [DEBUG] cnn_neat: Split edge 0→3, new hidden node 6 (pool=5)
2026-08-25 09:07:55,993 [DEBUG] cnn_neat: Added edge 2→1 (from 4 candidates)
2026-08-25 09:07:55,995 [DEBUG] cnn_neat: Split edge 6→3, new hidden node 7 (pool=6)
2026-08-25 09:07:56,000 [DEBUG] cnn_neat: Removed hidden node 2 (pool=1)
2026-08-25 09:07:56,003 [DEBUG] cnn_neat: Added edge 3→2 (from 6 candidates)
2026-08-25 09:07:56,006 [DEBUG] cnn_neat: Split edge 0→2, new hidden node 6 (pool=2)
2026-08-25 09:07:56,010 [DEBUG] cnn_neat: Split edge 6→2, new hidden node 7 (pool=5)
2026-08-25 09:07:56,013 [DEBUG] cnn_neat: Added edge 2→1 (from 13 candidates)
2026-08-25 09:07:56,017 [DEBUG] cnn_neat: Removed hidden node 6 (pool=2)
2026-08-25 09:07:56,019 [DEBUG] cnn_neat: Removed edge 6→2 (from 2 candidates)
2026-08-25 09:07:56,023 [DEBUG] cnn_neat: Removed 2 edges (requested 3)
2026-08-25 09:07:56,025 [DEBUG] cnn_neat: Split edge 0→3, new hidden node 7 (pool=6)
2026-08-25 09:07:56,028 [DEBUG] cnn_neat: Added edge 5→6 (from 12 candidates)
2026-08-25 09:07:56,032 [DEBUG] cnn_neat: Split edge 2→1, new hidden node 8 (pool=3)
2026-08-25 09:07:56,037 [DEBUG] cnn_neat: Removed hidden node 2 (pool=4)
2026-08-25 09:07:56,041 [DEBUG] cnn_neat: Added edge 7→6 (from 16 candidates)
2026-08-25 09:07:56,044 [DEBUG] cnn_neat: Split edge 5→1, new hidden node 7 (pool=7)
2026-08-25 09:07:56,049 [DEBUG] cnn_neat: Split edge 2→1, new hidden node 5 (pool=5)
2026-08-25 09:07:56,052 [DEBUG] cnn_neat: Added edge 0→2 (from 5 candidates)
2026-08-25 09:07:56,056 [DEBUG] cnn_neat: Removed hidden node 4 (pool=2)
2026-08-25 09:07:56,058 [DEBUG] cnn_neat: Removed edge 3→4 (from 4 candidates)
2026-08-25 09:07:56,063 [DEBUG] cnn_neat: Removed 2 edges (requested 3)
2026-08-25 09:07:56,067 [DEBUG] cnn_neat: Split edge 0→3, new hidden node 6 (pool=3)
2026-08-25 09:07:56,071 [DEBUG] cnn_neat: Added edge 4→5 (from 8 candidates)
2026-08-25 09:07:56,074 [DEBUG] cnn_neat: Split edge 0→6, new hidden node 7 (pool=4)
2026-08-25 09:07:56,079 [DEBUG] cnn_neat: Removed hidden node 5 (pool=3)
2026-08-25 09:07:56,084 [DEBUG] cnn_neat: Added edge 5→4 (from 10 candidates)
2026-08-25 09:07:56,089 [DEBUG] cnn_neat: Split edge 4→5, new hidden node 6 (pool=6)
2026-08-25 09:07:56,155 [DEBUG] cnn_neat: Split edge 2→3, new hidden node 6 (pool=5)
2026-08-25 09:07:56,160 [DEBUG] cnn_neat: Added edge 0→5 (from 6 candidates)
2026-08-25 09:07:56,167 [DEBUG] cnn_neat: Split edge 2→3, new hidden node 6 (pool=6)
2026-08-25 09:07:56,169 [DEBUG] cnn_neat: Added edge 2→5 (from 8 candidates)
2026-08-25 09:07:56,171 [DEBUG] cnn_neat: Removed hidden node 2 (pool=2)
2026-08-25 09:07:56,173 [DEBUG] cnn_neat: Split edge 4→1, new hidden node 6 (pool=7)
2026-08-25 09:07:56,175 [DEBUG] cnn_neat: Removed edge 2→3 (from 4 candidates)
2026-08-25 09:07:56,177 [DEBUG] cnn_neat: Added edge 3→4 (from 7 candidates)
2026-08-25 09:07:56,178 [DEBUG] cnn_neat: Split edge 0→5, new hidden node 6 (pool=4)
2026-08-25 09:07:56,182 [DEBUG] cnn_neat: Added edge 2→3 (from 9 candidates)
2026-08-25 09:07:56,187 [DEBUG] cnn_neat: Split edge 4→1, new hidden node 7 (pool=7)
2026-08-25 09:07:56,189 [DEBUG] cnn_neat: Added edge 5→1 (from 9 candidates)
2026-08-25 09:07:56,191 [DEBUG] cnn_neat: Split edge 6→3, new hidden node 8 (pool=2)
2026-08-25 09:07:56,194 [DEBUG] cnn_neat: Removed hidden node 6 (pool=1)
2026-08-25 09:07:56,195 [DEBUG] cnn_neat: Added edge 6→5 (from 13 candidates)
2026-08-25 09:07:56,198 [DEBUG] cnn_neat: Split edge 5→1, new hidden node 7 (pool=6)
2026-08-25 09:07:56,201 [DEBUG] cnn_neat: Split edge 2→5, new hidden node 6 (pool=5)
2026-08-25 09:07:56,203 [DEBUG] cnn_neat: Added edge 3→2 (from 5 candidates)
2026-08-25 09:07:56,206 [DEBUG] cnn_neat: Removed hidden node 2 (pool=2)
2026-08-25 09:07:56,207 [DEBUG] cnn_neat: Removed edge 0→3 (from 4 candidates)
2026-08-25 09:07:56,209 [DEBUG] cnn_neat: Removed 2 edges (requested 3)
2026-08-25 09:07:56,211 [DEBUG] cnn_neat: Split edge 0→3, new hidden node 7 (pool=6)
2026-08-25 09:07:56,213 [DEBUG] cnn_neat: Split edge 0→3, new hidden node 6 (pool=6)
2026-08-25 09:07:56,214 [DEBUG] cnn_neat: Split edge 3→5, new hidden node 6 (pool=4)
2026-08-25 09:07:56,217 [DEBUG] cnn_neat: Split edge 3→1, new hidden node 5 (pool=2)
2026-08-25 09:07:56,219 [DEBUG] cnn_neat: Added edge 0→2 (from 3 candidates)
2026-08-25 09:07:56,221 [DEBUG] cnn_neat: Removed hidden node 2 (pool=2)
2026-08-25 09:07:56,223 [DEBUG] cnn_neat: Removed edge 3→4 (from 4 candidates)
2026-08-25 09:07:56,225 [DEBUG] cnn_neat: Removed 3 edges (requested 3)
2026-08-25 09:07:56,228 [DEBUG] cnn_neat: Split edge 3→4, new hidden node 6 (pool=7)
2026-08-25 09:07:56,232 [DEBUG] cnn_neat: Split edge 3→2, new hidden node 5 (pool=4)
2026-08-25 09:07:56,233 [DEBUG] cnn_neat: Split edge 4→2, new hidden node 5 (pool=3)
2026-08-25 09:07:56,237 [DEBUG] cnn_neat: Split edge 3→4, new hidden node 6 (pool=6)
2026-08-25 09:07:56,238 [DEBUG] cnn_neat: Added edge 3→1 (from 8 candidates)
2026-08-25 09:07:56,241 [DEBUG] cnn_neat: Removed hidden node 3 (pool=2)
2026-08-25 09:07:56,243 [DEBUG] cnn_neat: Removed edge 0→2 (from 4 candidates)
2026-08-25 09:07:56,245 [DEBUG] cnn_neat: Removed 1 edges (requested 3)
2026-08-25 09:07:56,247 [DEBUG] cnn_neat: Split edge 5→1, new hidden node 6 (pool=5)
2026-08-25 09:07:56,249 [DEBUG] cnn_neat: Added edge 0→4 (from 6 candidates)
2026-08-25 09:07:56,259 [DEBUG] cnn_neat: Split edge 3→5, new hidden node 6 (pool=6)
2026-08-25 09:07:56,264 [DEBUG] cnn_neat: Added edge 0→5 (from 9 candidates)
2026-08-25 09:07:56,269 [DEBUG] cnn_neat: Added edge 0→5 (from 6 candidates)
2026-08-25 09:07:56,272 [DEBUG] cnn_neat: Split edge 6→5, new hidden node 7 (pool=7)
2026-08-25 09:07:56,275 [DEBUG] cnn_neat: Split edge 5→2, new hidden node 6 (pool=4)
2026-08-25 09:07:56,276 [DEBUG] cnn_neat: Added edge 5→1 (from 4 candidates)
2026-08-25 09:07:56,279 [DEBUG] cnn_neat: Split edge 0→4, new hidden node 7 (pool=5)
2026-08-25 09:07:56,281 [DEBUG] cnn_neat: Split edge 0→4, new hidden node 6 (pool=3)
2026-08-25 09:07:56,285 [DEBUG] cnn_neat: Added edge 4→2 (from 6 candidates)
2026-08-25 09:07:56,287 [DEBUG] cnn_neat: Added edge 0→2 (from 3 candidates)
2026-08-25 09:07:56,290 [DEBUG] cnn_neat: Split edge 5→2, new hidden node 6 (pool=5)
2026-08-25 09:07:56,291 [DEBUG] cnn_neat: Added edge 5→3 (from 10 candidates)
2026-08-25 09:07:56,294 [DEBUG] cnn_neat: Removed hidden node 3 (pool=1)
2026-08-25 09:07:56,295 [DEBUG] cnn_neat: Removed edge 0→3 (from 1 candidates)
2026-08-25 09:07:56,297 [DEBUG] cnn_neat: Removed 1 edges (requested 3)
2026-08-25 09:07:56,298 [DEBUG] cnn_neat: Split edge 4→5, new hidden node 7 (pool=6)
2026-08-25 09:07:56,300 [DEBUG] cnn_neat: Split edge 5→2, new hidden node 6 (pool=6)
2026-08-25 09:07:56,302 [DEBUG] cnn_neat: Added edge 4→2 (from 14 candidates)
2026-08-25 09:07:56,303 [DEBUG] cnn_neat: Added edge 4→3 (from 7 candidates)
2026-08-25 09:07:56,306 [DEBUG] cnn_neat: Split edge 0→3, new hidden node 6 (pool=6)
2026-08-25 09:07:56,307 [DEBUG] cnn_neat: Added edge 5→1 (from 6 candidates)
2026-08-25 09:07:56,315 [DEBUG] cnn_neat: Removed hidden node 3 (pool=1)
2026-08-25 09:07:56,319 [DEBUG] cnn_neat: Removed edge 2→3 (from 2 candidates)
2026-08-25 09:07:56,323 [DEBUG] cnn_neat: Removed 2 edges (requested 3)
2026-08-25 09:07:56,327 [DEBUG] cnn_neat: Split edge 0→4, new hidden node 7 (pool=7)
2026-08-25 09:07:56,332 [DEBUG] cnn_neat: Split edge 5→1, new hidden node 6 (pool=4)
2026-08-25 09:07:56,338 [DEBUG] cnn_neat: Added edge 5→1 (from 14 candidates)
2026-08-25 09:07:56,342 [DEBUG] cnn_neat: Added edge 4→3 (from 5 candidates)
2026-08-25 09:07:56,349 [DEBUG] cnn_neat: Split edge 0→4, new hidden node 6 (pool=4)
2026-08-25 09:07:56,350 [DEBUG] cnn_neat: Added edge 0→5 (from 7 candidates)
2026-08-25 09:07:56,353 [DEBUG] cnn_neat: Removed hidden node 3 (pool=1)
2026-08-25 09:07:56,354 [DEBUG] cnn_neat: Removed edge 2→3 (from 1 candidates)
2026-08-25 09:07:56,356 [DEBUG] cnn_neat: Removed 1 edges (requested 3)
2026-08-25 09:07:56,358 [DEBUG] cnn_neat: Split edge 2→1, new hidden node 7 (pool=1)
2026-08-25 09:07:56,363 [DEBUG] cnn_neat: Split edge 0→5, new hidden node 6 (pool=5)
2026-08-25 09:07:56,365 [DEBUG] cnn_neat: Added edge 3→1 (from 10 candidates)
2026-08-25 09:07:56,367 [DEBUG] cnn_neat: Added edge 0→2 (from 6 candidates)
2026-08-25 09:07:56,370 [DEBUG] cnn_neat: Split edge 2→3, new hidden node 4 (pool=5)
2026-08-25 09:07:56,372 [DEBUG] cnn_neat: Added edge 0→1 (from 1 candidates)
2026-08-25 09:07:56,374 [DEBUG] cnn_neat: Removed hidden node 3 (pool=2)
2026-08-25 09:07:56,375 [DEBUG] cnn_neat: Removed edge 0→2 (from 5 candidates)
2026-08-25 09:07:56,377 [DEBUG] cnn_neat: Removed 2 edges (requested 3)
2026-08-25 09:07:56,378 [DEBUG] cnn_neat: Split edge 3→1, new hidden node 4 (pool=4)
2026-08-25 09:07:56,379 [DEBUG] cnn_neat: Added edge 0→2 (from 2 candidates)
2026-08-25 09:07:56,381 [DEBUG] cnn_neat: Split edge 4→1, new hidden node 5 (pool=5)
2026-08-25 09:07:56,382 [DEBUG] cnn_neat: Removed hidden node 2 (pool=1)
2026-08-25 09:07:56,384 [DEBUG] cnn_neat: Added edge 0→2 (from 4 candidates)
2026-08-25 09:07:56,385 [DEBUG] cnn_neat: Split edge 4→5, new hidden node 6 (pool=6)
2026-08-25 09:07:56,386 [DEBUG] cnn_neat: Removed edge 2→3 (from 2 candidates)
2026-08-25 09:07:56,391 [DEBUG] cnn_neat: Split edge 0→6, new hidden node 7 (pool=4)
2026-08-25 09:07:56,394 [DEBUG] cnn_neat: Added edge 5→1 (from 4 candidates)
2026-08-25 09:07:56,403 [DEBUG] cnn_neat: Split edge 4→1, new hidden node 8 (pool=5)
2026-08-25 09:07:56,405 [DEBUG] cnn_neat: Split edge 6→5, new hidden node 7 (pool=3)
2026-08-25 09:07:56,408 [DEBUG] cnn_neat: Added edge 5→1 (from 6 candidates)
2026-08-25 09:07:56,413 [DEBUG] cnn_neat: Added edge 0→4 (from 3 candidates)
2026-08-25 09:07:56,416 [DEBUG] cnn_neat: Added edge 0→6 (from 9 candidates)
2026-08-25 09:07:56,421 [DEBUG] cnn_neat: Split edge 0→6, new hidden node 7 (pool=3)
2026-08-25 09:07:56,423 [DEBUG] cnn_neat: Added edge 2→5 (from 10 candidates)
2026-08-25 09:07:56,425 [DEBUG] cnn_neat: Split edge 3→1, new hidden node 8 (pool=8)
2026-08-25 09:07:56,429 [DEBUG] cnn_neat: Removed hidden node 4 (pool=3)
2026-08-25 09:07:56,431 [DEBUG] cnn_neat: Added edge 5→3 (from 19 candidates)
2026-08-25 09:07:56,433 [DEBUG] cnn_neat: Split edge 4→1, new hidden node 5 (pool=3)
2026-08-25 09:07:56,438 [DEBUG] cnn_neat: Added edge 3→1 (from 2 candidates)
2026-08-25 09:07:56,442 [DEBUG] cnn_neat: Split edge 0→3, new hidden node 5 (pool=2)
2026-08-25 09:07:56,443 [DEBUG] cnn_neat: Added edge 0→4 (from 1 candidates)
2026-08-25 09:07:56,445 [DEBUG] cnn_neat: Split edge 5→3, new hidden node 6 (pool=3)
2026-08-25 09:07:56,447 [DEBUG] cnn_neat: Removed hidden node 4 (pool=1)
2026-08-25 09:07:56,449 [DEBUG] cnn_neat: Added edge 0→4 (from 3 candidates)
2026-08-25 09:07:56,450 [DEBUG] cnn_neat: Split edge 0→3, new hidden node 5 (pool=5)
2026-08-25 09:07:56,452 [DEBUG] cnn_neat: Split edge 6→3, new hidden node 7 (pool=4)
2026-08-25 09:07:56,455 [DEBUG] cnn_neat: Split edge 5→1, new hidden node 6 (pool=3)
2026-08-25 09:07:56,456 [DEBUG] cnn_neat: Added edge 4→1 (from 2 candidates)
2026-08-25 09:07:56,460 [DEBUG] cnn_neat: Split edge 5→6, new hidden node 7 (pool=4)
2026-08-25 09:07:56,464 [DEBUG] cnn_neat: Added edge 5→1 (from 4 candidates)
2026-08-25 09:07:56,466 [DEBUG] cnn_neat: Split edge 4→5, new hidden node 8 (pool=5)
2026-08-25 09:07:56,469 [DEBUG] cnn_neat: Added edge 0→5 (from 6 candidates)
2026-08-25 09:07:56,470 [DEBUG] cnn_neat: Split edge 5→1, new hidden node 7 (pool=3)
2026-08-25 09:07:56,477 [DEBUG] cnn_neat: Added edge 2→1 (from 9 candidates)
2026-08-25 09:07:56,483 [DEBUG] cnn_neat: Split edge 2→1, new hidden node 7 (pool=1)
2026-08-25 09:07:56,488 [DEBUG] cnn_neat: Added edge 4→5 (from 7 candidates)
2026-08-25 09:07:56,493 [DEBUG] cnn_neat: Removed hidden node 5 (pool=1)
2026-08-25 09:07:56,496 [DEBUG] cnn_neat: Added edge 3→4 (from 11 candidates)
2026-08-25 09:07:56,498 [DEBUG] cnn_neat: Split edge 0→3, new hidden node 7 (pool=8)
2026-08-25 09:07:56,578 [DEBUG] cnn_neat: Split edge 3→4, new hidden node 6 (pool=5)
2026-08-25 09:07:56,583 [DEBUG] cnn_neat: Added edge 0→5 (from 5 candidates)
2026-08-25 09:07:56,588 [DEBUG] cnn_neat: Removed hidden node 4 (pool=2)
2026-08-25 09:07:56,589 [DEBUG] cnn_neat: Removed edge 3→5 (from 4 candidates)
2026-08-25 09:07:56,592 [DEBUG] cnn_neat: Removed 2 edges (requested 3)
2026-08-25 09:07:56,596 [DEBUG] cnn_neat: Split edge 0→3, new hidden node 7 (pool=3)
2026-08-25 09:07:56,601 [DEBUG] cnn_neat: Split edge 5→1, new hidden node 6 (pool=3)
2026-08-25 09:07:56,607 [DEBUG] cnn_neat: Added edge 0→6 (from 8 candidates)
2026-08-25 09:07:56,609 [DEBUG] cnn_neat: Added edge 3→1 (from 4 candidates)
2026-08-25 09:07:56,621 [DEBUG] cnn_neat: Split edge 2→1, new hidden node 6 (pool=3)
2026-08-25 09:07:56,626 [DEBUG] cnn_neat: Added edge 0→5 (from 8 candidates)
2026-08-25 09:07:56,680 [DEBUG] cnn_neat: Removed hidden node 5 (pool=3)
2026-08-25 09:07:56,710 [DEBUG] cnn_neat: Removed edge 3→4 (from 5 candidates)
2026-08-25 09:07:56,723 [DEBUG] cnn_neat: Removed 3 edges (requested 3)
2026-08-25 09:07:56,725 [DEBUG] cnn_neat: Split edge 0→5, new hidden node 6 (pool=2)
2026-08-25 09:07:56,726 [DEBUG] cnn_neat: Split edge 0→3, new hidden node 5 (pool=4)
2026-08-25 09:07:56,727 [DEBUG] cnn_neat: Split edge 4→5, new hidden node 6 (pool=5)
2026-08-25 09:07:56,730 [DEBUG] cnn_neat: Split edge 3→1, new hidden node 5 (pool=2)
2026-08-25 09:07:56,732 [DEBUG] cnn_neat: Added edge 4→3 (from 6 candidates)
2026-08-25 09:07:56,734 [DEBUG] cnn_neat: Removed hidden node 3 (pool=3)
2026-08-25 09:07:56,735 [DEBUG] cnn_neat: Removed edge 0→4 (from 5 candidates)
2026-08-25 09:07:56,738 [DEBUG] cnn_neat: Removed 3 edges (requested 3)
2026-08-25 09:07:56,740 [DEBUG] cnn_neat: Split edge 4→3, new hidden node 5 (pool=3)
2026-08-25 09:07:56,741 [DEBUG] cnn_neat: Added edge 2→3 (from 4 candidates)
2026-08-25 09:07:56,744 [DEBUG] cnn_neat: Split edge 0→3, new hidden node 6 (pool=2)
2026-08-25 09:07:56,753 [DEBUG] cnn_neat: Removed hidden node 3 (pool=3)
2026-08-25 09:07:56,758 [DEBUG] cnn_neat: Added edge 2→5 (from 9 candidates)
2026-08-25 09:07:56,761 [DEBUG] cnn_neat: Split edge 3→1, new hidden node 7 (pool=8)
2026-08-25 09:07:56,762 [DEBUG] cnn_neat: Removed edge 3→1 (from 6 candidates)
2026-08-25 09:07:56,817 [DEBUG] cnn_neat: Split edge 0→2, new hidden node 6 (pool=3)
2026-08-25 09:07:56,825 [DEBUG] cnn_neat: Added edge 0→3 (from 6 candidates)
2026-08-25 09:07:56,861 [DEBUG] cnn_neat: Removed hidden node 3 (pool=2)
2026-08-25 09:07:56,923 [DEBUG] cnn_neat: Removed edge 2→4 (from 4 candidates)
2026-08-25 09:07:56,963 [DEBUG] cnn_neat: Removed 3 edges (requested 3)
2026-08-25 09:07:56,968 [DEBUG] cnn_neat: Split edge 5→1, new hidden node 7 (pool=4)
2026-08-25 09:07:56,973 [DEBUG] cnn_neat: Split edge 5→1, new hidden node 6 (pool=7)
2026-08-25 09:07:56,975 [DEBUG] cnn_neat: Split edge 0→2, new hidden node 6 (pool=5)
2026-08-25 09:07:57,012 [DEBUG] cnn_neat: Split edge 2→6, new hidden node 7 (pool=7)
2026-08-25 09:07:57,018 [DEBUG] cnn_neat: Added edge 5→6 (from 10 candidates)
2026-08-25 09:07:57,099 [DEBUG] cnn_neat: Removed hidden node 3 (pool=1)
2026-08-25 09:07:57,162 [DEBUG] cnn_neat: Removed edge 2→3 (from 2 candidates)
2026-08-25 09:07:57,227 [DEBUG] cnn_neat: Removed 2 edges (requested 3)
2026-08-25 09:07:57,232 [DEBUG] cnn_neat: Split edge 0→3, new hidden node 8 (pool=2)
2026-08-25 09:07:57,234 [DEBUG] cnn_neat: Split edge 6→1, new hidden node 7 (pool=8)
2026-08-25 09:07:57,236 [DEBUG] cnn_neat: Split edge 0→4, new hidden node 7 (pool=5)
2026-08-25 09:07:57,239 [DEBUG] cnn_neat: Split edge 5→1, new hidden node 6 (pool=6)
2026-08-25 09:07:57,241 [DEBUG] cnn_neat: Added edge 3→2 (from 8 candidates)
2026-08-25 09:07:57,243 [DEBUG] cnn_neat: Removed hidden node 4 (pool=2)
2026-08-25 09:07:57,245 [DEBUG] cnn_neat: Removed edge 4→2 (from 4 candidates)
2026-08-25 09:07:57,247 [DEBUG] cnn_neat: Removed 3 edges (requested 3)
2026-08-25 09:07:57,249 [DEBUG] cnn_neat: Split edge 2→5, new hidden node 7 (pool=7)
2026-08-25 09:07:57,251 [DEBUG] cnn_neat: Split edge 5→1, new hidden node 6 (pool=7)
2026-08-25 09:07:57,253 [DEBUG] cnn_neat: Added edge 3→5 (from 11 candidates)
2026-08-25 09:07:57,255 [DEBUG] cnn_neat: Added edge 4→1 (from 7 candidates)
2026-08-25 09:07:57,277 [DEBUG] cnn_neat: Split edge 0→4, new hidden node 5 (pool=5)
2026-08-25 09:07:57,293 [DEBUG] cnn_neat: Added edge 2→4 (from 4 candidates)
2026-08-25 09:07:57,356 [DEBUG] cnn_neat: Removed hidden node 4 (pool=3)
2026-08-25 09:07:57,412 [DEBUG] cnn_neat: Removed edge 0→4 (from 6 candidates)
2026-08-25 09:07:57,419 [DEBUG] cnn_neat: Removed 3 edges (requested 3)
2026-08-25 09:07:57,421 [DEBUG] cnn_neat: Split edge 2→1, new hidden node 6 (pool=2)
2026-08-25 09:07:57,423 [DEBUG] cnn_neat: Split edge 2→3, new hidden node 5 (pool=6)
2026-08-25 09:07:57,425 [DEBUG] cnn_neat: Split edge 2→1, new hidden node 5 (pool=3)
2026-08-25 09:07:57,479 [DEBUG] cnn_neat: Split edge 5→1, new hidden node 7 (pool=4)
2026-08-25 09:07:57,484 [DEBUG] cnn_neat: Added edge 4→1 (from 4 candidates)
2026-08-25 09:07:57,507 [DEBUG] cnn_neat: Split edge 0→6, new hidden node 8 (pool=5)
2026-08-25 09:07:57,509 [DEBUG] cnn_neat: Split edge 4→1, new hidden node 7 (pool=3)
2026-08-25 09:07:57,511 [DEBUG] cnn_neat: Added edge 4→7 (from 6 candidates)
2026-08-25 09:07:57,512 [DEBUG] cnn_neat: Added edge 6→5 (from 3 candidates)
2026-08-25 09:07:57,581 [DEBUG] cnn_neat: Split edge 3→4, new hidden node 5 (pool=6)
2026-08-25 09:07:57,648 [DEBUG] cnn_neat: Added edge 3→1 (from 3 candidates)
2026-08-25 09:07:57,665 [DEBUG] cnn_neat: Removed hidden node 2 (pool=2)
2026-08-25 09:07:57,670 [DEBUG] cnn_neat: Removed edge 4→1 (from 5 candidates)
2026-08-25 09:07:57,677 [DEBUG] cnn_neat: Removed 3 edges (requested 3)
2026-08-25 09:07:57,679 [DEBUG] cnn_neat: Split edge 3→1, new hidden node 5 (pool=2)
2026-08-25 09:07:57,681 [DEBUG] cnn_neat: Split edge 2→1, new hidden node 5 (pool=5)
2026-08-25 09:07:57,683 [DEBUG] cnn_neat: Added edge 0→2 (from 2 candidates)
2026-08-25 09:07:57,684 [DEBUG] cnn_neat: Added edge 4→1 (from 4 candidates)
2026-08-25 09:07:57,687 [DEBUG] cnn_neat: Split edge 3→4, new hidden node 6 (pool=8)
2026-08-25 09:07:57,736 [DEBUG] cnn_neat: Split edge 2→5, new hidden node 7 (pool=7)
2026-08-25 09:07:57,742 [DEBUG] cnn_neat: Added edge 0→4 (from 11 candidates)
2026-08-25 09:07:57,771 [DEBUG] cnn_neat: Removed hidden node 3 (pool=2)
2026-08-25 09:07:57,803 [DEBUG] cnn_neat: Removed edge 2→5 (from 4 candidates)
2026-08-25 09:07:57,892 [DEBUG] cnn_neat: Removed 3 edges (requested 3)
2026-08-25 09:07:57,900 [DEBUG] cnn_neat: Split edge 2→4, new hidden node 8 (pool=8)
2026-08-25 09:07:57,905 [DEBUG] cnn_neat: Split edge 0→2, new hidden node 7 (pool=8)
2026-08-25 09:07:57,938 [DEBUG] cnn_neat: Split edge 0→4, new hidden node 6 (pool=7)
2026-08-25 09:07:57,944 [DEBUG] cnn_neat: Added edge 0→2 (from 5 candidates)
2026-08-25 09:07:57,951 [DEBUG] cnn_neat: Removed hidden node 3 (pool=1)
2026-08-25 09:07:57,973 [DEBUG] cnn_neat: Removed edge 0→3 (from 3 candidates)
2026-08-25 09:07:57,981 [DEBUG] cnn_neat: Removed 3 edges (requested 3)
2026-08-25 09:07:57,984 [DEBUG] cnn_neat: Split edge 5→2, new hidden node 7 (pool=8)
2026-08-25 09:07:57,985 [DEBUG] cnn_neat: Split edge 2→3, new hidden node 6 (pool=6)
2026-08-25 09:07:57,990 [DEBUG] cnn_neat: Added edge 4→2 (from 8 candidates)
2026-08-25 09:07:57,992 [DEBUG] cnn_neat: Added edge 4→2 (from 7 candidates)
2026-08-25 09:07:58,014 [DEBUG] cnn_neat: Split edge 3→1, new hidden node 6 (pool=7)
2026-08-25 09:07:58,041 [DEBUG] cnn_neat: Added edge 5→1 (from 9 candidates)
2026-08-25 09:07:58,049 [DEBUG] cnn_neat: Removed hidden node 2 (pool=4)
2026-08-25 09:07:58,073 [DEBUG] cnn_neat: Removed edge 3→1 (from 7 candidates)
2026-08-25 09:07:58,100 [DEBUG] cnn_neat: Removed 3 edges (requested 3)
2026-08-25 09:07:58,103 [DEBUG] cnn_neat: Split edge 2→1, new hidden node 7 (pool=4)
2026-08-25 09:07:58,160 [DEBUG] cnn_neat: Split edge 0→5, new hidden node 6 (pool=4)
2026-08-25 09:07:58,164 [DEBUG] cnn_neat: Added edge 4→1 (from 2 candidates)
2026-08-25 09:07:58,182 [DEBUG] cnn_neat: Removed hidden node 4 (pool=1)
2026-08-25 09:07:58,248 [DEBUG] cnn_neat: Removed edge 0→4 (from 3 candidates)
2026-08-25 09:07:58,253 [DEBUG] cnn_neat: Removed 2 edges (requested 3)
2026-08-25 09:07:58,256 [DEBUG] cnn_neat: Split edge 0→4, new hidden node 7 (pool=5)
2026-08-25 09:07:58,257 [DEBUG] cnn_neat: Split edge 5→1, new hidden node 6 (pool=2)
2026-08-25 09:07:58,258 [DEBUG] cnn_neat: Split edge 4→5, new hidden node 6 (pool=3)
2026-08-25 09:07:58,303 [DEBUG] cnn_neat: Split edge 4→1, new hidden node 5 (pool=4)
2026-08-25 09:07:58,311 [DEBUG] cnn_neat: Added edge 2→4 (from 7 candidates)
2026-08-25 09:07:58,373 [DEBUG] cnn_neat: Removed hidden node 2 (pool=1)
2026-08-25 09:07:58,377 [DEBUG] cnn_neat: Removed edge 2→1 (from 1 candidates)
2026-08-25 09:07:58,383 [DEBUG] cnn_neat: Removed 1 edges (requested 3)
2026-08-25 09:07:58,459 [DEBUG] cnn_neat: Split edge 2→1, new hidden node 5 (pool=5)
2026-08-25 09:07:58,463 [DEBUG] cnn_neat: Added edge 2→3 (from 5 candidates)
2026-08-25 09:07:58,464 [DEBUG] cnn_neat: Split edge 2→4, new hidden node 6 (pool=6)
2026-08-25 09:07:58,466 [DEBUG] cnn_neat: Removed hidden node 2 (pool=1)
2026-08-25 09:07:58,468 [DEBUG] cnn_neat: Added edge 3→2 (from 11 candidates)
2026-08-25 09:07:58,470 [DEBUG] cnn_neat: Split edge 4→1, new hidden node 5 (pool=6)
2026-08-25 09:07:58,528 [DEBUG] cnn_neat: Split edge 0→2, new hidden node 6 (pool=7)
2026-08-25 09:07:58,539 [DEBUG] cnn_neat: Added edge 4→5 (from 7 candidates)
2026-08-25 09:07:58,553 [DEBUG] cnn_neat: Removed hidden node 4 (pool=2)
2026-08-25 09:07:58,614 [DEBUG] cnn_neat: Removed edge 2→3 (from 5 candidates)
2026-08-25 09:07:58,657 [DEBUG] cnn_neat: Removed 3 edges (requested 3)
2026-08-25 09:07:58,661 [DEBUG] cnn_neat: Split edge 4→3, new hidden node 7 (pool=8)
2026-08-25 09:07:58,664 [DEBUG] cnn_neat: Split edge 4→3, new hidden node 6 (pool=8)
2026-08-25 09:07:58,673 [DEBUG] cnn_neat: Split edge 2→3, new hidden node 8 (pool=2)
2026-08-25 09:07:58,679 [DEBUG] cnn_neat: Added edge 4→2 (from 13 candidates)
2026-08-25 09:07:58,689 [DEBUG] cnn_neat: Removed hidden node 3 (pool=1)
2026-08-25 09:07:58,694 [DEBUG] cnn_neat: Removed edge 0→3 (from 2 candidates)
2026-08-25 09:07:58,700 [DEBUG] cnn_neat: Removed 2 edges (requested 3)
2026-08-25 09:07:58,703 [DEBUG] cnn_neat: Split edge 0→3, new hidden node 9 (pool=1)
2026-08-25 09:07:58,705 [DEBUG] cnn_neat: Split edge 0→4, new hidden node 8 (pool=9)
2026-08-25 09:07:58,727 [DEBUG] cnn_neat: Split edge 0→2, new hidden node 5 (pool=6)
2026-08-25 09:07:58,732 [DEBUG] cnn_neat: Added edge 4→2 (from 3 candidates)
2026-08-25 09:07:58,740 [DEBUG] cnn_neat: Removed hidden node 3 (pool=3)
2026-08-25 09:07:58,745 [DEBUG] cnn_neat: Removed edge 2→3 (from 7 candidates)
2026-08-25 09:07:58,753 [DEBUG] cnn_neat: Removed 3 edges (requested 3)
2026-08-25 09:07:58,756 [DEBUG] cnn_neat: Split edge 0→4, new hidden node 6 (pool=2)
2026-08-25 09:07:58,827 [DEBUG] cnn_neat: Split edge 7→5, new hidden node 8 (pool=5)
2026-08-25 09:07:58,833 [DEBUG] cnn_neat: Added edge 4→5 (from 6 candidates)
2026-08-25 09:07:58,849 [DEBUG] cnn_neat: Split edge 7→5, new hidden node 8 (pool=6)
2026-08-25 09:07:58,867 [DEBUG] cnn_neat: Added edge 0→7 (from 9 candidates)
2026-08-25 09:07:58,870 [DEBUG] cnn_neat: Added edge 0→7 (from 6 candidates)
2026-08-25 09:07:58,873 [DEBUG] cnn_neat: Split edge 4→5, new hidden node 9 (pool=4)
2026-08-25 09:07:58,877 [DEBUG] cnn_neat: Split edge 3→4, new hidden node 7 (pool=7)
2026-08-25 09:07:58,880 [DEBUG] cnn_neat: Added edge 3→6 (from 14 candidates)
2026-08-25 09:07:59,027 [DEBUG] cnn_neat: Removed hidden node 4 (pool=4)
2026-08-25 09:07:59,031 [DEBUG] cnn_neat: Removed edge 3→2 (from 6 candidates)
2026-08-25 09:07:59,038 [DEBUG] cnn_neat: Removed 3 edges (requested 3)
2026-08-25 09:07:59,042 [DEBUG] cnn_neat: Split edge 3→2, new hidden node 8 (pool=4)
2026-08-25 09:07:59,142 [DEBUG] cnn_neat: Split edge 6→1, new hidden node 8 (pool=4)
2026-08-25 09:07:59,148 [DEBUG] cnn_neat: Added edge 0→3 (from 13 candidates)
2026-08-25 09:07:59,157 [DEBUG] cnn_neat: Removed hidden node 4 (pool=3)
2026-08-25 09:07:59,161 [DEBUG] cnn_neat: Removed edge 2→7 (from 4 candidates)
2026-08-25 09:07:59,169 [DEBUG] cnn_neat: Removed 3 edges (requested 3)
2026-08-25 09:07:59,174 [DEBUG] cnn_neat: Split edge 2→7, new hidden node 9 (pool=9)
2026-08-25 09:07:59,179 [DEBUG] cnn_neat: Split edge 5→2, new hidden node 7 (pool=8)
2026-08-25 09:07:59,182 [DEBUG] cnn_neat: Added edge 0→5 (from 13 candidates)
2026-08-25 09:07:59,188 [DEBUG] cnn_neat: Removed hidden node 6 (pool=2)
2026-08-25 09:07:59,191 [DEBUG] cnn_neat: Removed edge 5→3 (from 4 candidates)
2026-08-25 09:07:59,197 [DEBUG] cnn_neat: Removed 3 edges (requested 3)
2026-08-25 09:07:59,200 [DEBUG] cnn_neat: Split edge 2→3, new hidden node 8 (pool=9)
2026-08-25 09:07:59,204 [DEBUG] cnn_neat: Split edge 0→5, new hidden node 7 (pool=9)
2026-08-25 09:07:59,208 [DEBUG] cnn_neat: Split edge 0→6, new hidden node 7 (pool=5)
2026-08-25 09:07:59,215 [DEBUG] cnn_neat: Split edge 4→3, new hidden node 7 (pool=7)
2026-08-25 09:07:59,220 [DEBUG] cnn_neat: Added edge 5→4 (from 14 candidates)
2026-08-25 09:07:59,228 [DEBUG] cnn_neat: Removed hidden node 6 (pool=5)
2026-08-25 09:07:59,232 [DEBUG] cnn_neat: Removed edge 5→2 (from 8 candidates)
2026-08-25 09:07:59,238 [DEBUG] cnn_neat: Removed 3 edges (requested 3)
2026-08-25 09:07:59,242 [DEBUG] cnn_neat: Split edge 2→1, new hidden node 8 (pool=3)
2026-08-25 09:07:59,246 [DEBUG] cnn_neat: Saved generation 1
2026-08-25 09:07:59,302 [DEBUG] cnn_neat: Selected 25 elite individuals
2026-08-25 09:07:59,302 [DEBUG] cnn_neat: Split edge 5→1, new hidden node 7 (pool=2)
2026-08-25 09:07:59,315 [DEBUG] cnn_neat: Added edge 4→1 (from 4 candidates)
2026-08-25 09:07:59,357 [DEBUG] cnn_neat: Removed hidden node 6 (pool=2)
2026-08-25 09:07:59,365 [DEBUG] cnn_neat: Removed edge 6→4 (from 4 candidates)
2026-08-25 09:07:59,380 [DEBUG] cnn_neat: Removed 3 edges (requested 3)
2026-08-25 09:07:59,391 [DEBUG] cnn_neat: Split edge 4→5, new hidden node 8 (pool=6)
2026-08-25 09:07:59,399 [DEBUG] cnn_neat: Split edge 0→5, new hidden node 7 (pool=2)
2026-08-25 09:07:59,403 [DEBUG] cnn_neat: Split edge 0→5, new hidden node 7 (pool=4)
2026-08-25 09:07:59,416 [DEBUG] cnn_neat: Split edge 2→1, new hidden node 6 (pool=3)
2026-08-25 09:07:59,426 [DEBUG] cnn_neat: Added edge 3→4 (from 5 candidates)
2026-08-25 09:07:59,435 [DEBUG] cnn_neat: Removed hidden node 2 (pool=3)
2026-08-25 09:07:59,589 [DEBUG] cnn_neat: Removed edge 3→2 (from 6 candidates)
2026-08-25 09:07:59,602 [DEBUG] cnn_neat: Split edge 3→5, new hidden node 6 (pool=4)
2026-08-25 09:07:59,606 [DEBUG] cnn_neat: Removed 3 edges (requested 3)
2026-08-25 09:07:59,607 [DEBUG] cnn_neat: Added edge 0→5 (from 4 candidates)
2026-08-25 09:07:59,610 [DEBUG] cnn_neat: Split edge 0→5, new hidden node 6 (pool=5)
2026-08-25 09:07:59,614 [DEBUG] cnn_neat: Split edge 0→3, new hidden node 7 (pool=8)
2026-08-25 09:07:59,617 [DEBUG] cnn_neat: Split edge 3→5, new hidden node 6 (pool=4)
2026-08-25 09:07:59,620 [DEBUG] cnn_neat: Split edge 3→5, new hidden node 6 (pool=8)
2026-08-25 09:07:59,621 [DEBUG] cnn_neat: Added edge 3→5 (from 6 candidates)
2026-08-25 09:07:59,625 [DEBUG] cnn_neat: Split edge 4→1, new hidden node 6 (pool=4)
2026-08-25 09:07:59,628 [DEBUG] cnn_neat: Split edge 3→5, new hidden node 6 (pool=4)
2026-08-25 09:07:59,631 [DEBUG] cnn_neat: Split edge 0→3, new hidden node 6 (pool=4)
2026-08-25 09:07:59,632 [DEBUG] cnn_neat: Added edge 0→6 (from 6 candidates)
2026-08-25 09:07:59,634 [DEBUG] cnn_neat: Crossover rejected: union topology invalid (edges=14 nodes=10)
2026-08-25 09:07:59,636 [DEBUG] cnn_neat: Split edge 5→4, new hidden node 6 (pool=4)
2026-08-25 09:07:59,637 [DEBUG] cnn_neat: Added edge 0→5 (from 4 candidates)
2026-08-25 09:07:59,639 [DEBUG] cnn_neat: Added edge 3→1 (from 4 candidates)
2026-08-25 09:07:59,640 [DEBUG] cnn_neat: Added edge 3→4 (from 3 candidates)
2026-08-25 09:07:59,642 [DEBUG] cnn_neat: Added edge 0→4 (from 2 candidates)
2026-08-25 09:07:59,645 [DEBUG] cnn_neat: Added edge 5→1 (from 2 candidates)
2026-08-25 09:07:59,646 [DEBUG] cnn_neat: Split edge 0→3, new hidden node 6 (pool=4)
2026-08-25 09:07:59,648 [DEBUG] cnn_neat: Added edge 0→4 (from 4 candidates)
2026-08-25 09:07:59,650 [DEBUG] cnn_neat: Split edge 5→1, new hidden node 6 (pool=4)
2026-08-25 09:07:59,652 [DEBUG] cnn_neat: Split edge 5→1, new hidden node 6 (pool=4)
2026-08-25 09:07:59,653 [DEBUG] cnn_neat: Added edge 0→5 (from 6 candidates)
2026-08-25 09:07:59,656 [DEBUG] cnn_neat: Split edge 5→1, new hidden node 6 (pool=4)
2026-08-25 09:07:59,658 [DEBUG] cnn_neat: Added edge 4→6 (from 6 candidates)
2026-08-25 09:07:59,659 [DEBUG] cnn_neat: Crossover rejected: copied edge has no live Conv2d
2026-08-25 09:07:59,661 [DEBUG] cnn_neat: Split edge 4→5, new hidden node 6 (pool=4)
2026-08-25 09:07:59,662 [DEBUG] cnn_neat: Added edge 4→1 (from 4 candidates)
2026-08-25 09:07:59,663 [DEBUG] cnn_neat: Added edge 3→5 (from 3 candidates)
2026-08-25 09:07:59,666 [DEBUG] cnn_neat: Added edge 3→1 (from 3 candidates)
2026-08-25 09:07:59,668 [DEBUG] cnn_neat: Added edge 0→5 (from 2 candidates)
2026-08-25 09:07:59,670 [DEBUG] cnn_neat: Added edge 0→4 (from 1 candidates)
2026-08-25 09:07:59,673 [DEBUG] cnn_neat: Split edge 8→1, new hidden node 9 (pool=7)
2026-08-25 09:07:59,675 [DEBUG] cnn_neat: Added edge 3→4 (from 17 candidates)
2026-08-25 09:07:59,679 [DEBUG] cnn_neat: Removed hidden node 4 (pool=5)
2026-08-25 09:07:59,682 [DEBUG] cnn_neat: Removed edge 2→1 (from 8 candidates)
2026-08-25 09:07:59,687 [DEBUG] cnn_neat: Removed 3 edges (requested 3)
2026-08-25 09:07:59,690 [DEBUG] cnn_neat: Crossover rejected: union topology invalid (edges=16 nodes=10)
2026-08-25 09:07:59,693 [DEBUG] cnn_neat: Split edge 0→3, new hidden node 9 (pool=7)
2026-08-25 09:07:59,695 [DEBUG] cnn_neat: Added edge 2→3 (from 17 candidates)
2026-08-25 09:07:59,698 [DEBUG] cnn_neat: Added edge 2→8 (from 14 candidates)
2026-08-25 09:07:59,701 [DEBUG] cnn_neat: Added edge 4→8 (from 11 candidates)
2026-08-25 09:07:59,704 [DEBUG] cnn_neat: Added edge 4→3 (from 10 candidates)
2026-08-25 09:07:59,708 [DEBUG] cnn_neat: Added edge 3→8 (from 9 candidates)
2026-08-25 09:07:59,710 [DEBUG] cnn_neat: Split edge 0→4, new hidden node 6 (pool=7)
2026-08-25 09:07:59,712 [DEBUG] cnn_neat: Added edge 2→5 (from 7 candidates)
2026-08-25 09:07:59,715 [DEBUG] cnn_neat: Removed hidden node 4 (pool=4)
2026-08-25 09:07:59,716 [DEBUG] cnn_neat: Removed edge 3→5 (from 6 candidates)
2026-08-25 09:07:59,720 [DEBUG] cnn_neat: Removed 3 edges (requested 3)
2026-08-25 09:07:59,721 [DEBUG] cnn_neat: Split edge 0→4, new hidden node 5 (pool=4)
2026-08-25 09:07:59,723 [DEBUG] cnn_neat: Crossover rejected: copied edge has no live Conv2d
2026-08-25 09:07:59,725 [DEBUG] cnn_neat: Split edge 2→1, new hidden node 6 (pool=7)
2026-08-25 09:07:59,728 [DEBUG] cnn_neat: Added edge 0→2 (from 7 candidates)
2026-08-25 09:07:59,730 [DEBUG] cnn_neat: Added edge 4→3 (from 6 candidates)
2026-08-25 09:07:59,732 [DEBUG] cnn_neat: Added edge 2→5 (from 5 candidates)
2026-08-25 09:07:59,734 [DEBUG] cnn_neat: Added edge 4→5 (from 4 candidates)
2026-08-25 09:07:59,737 [DEBUG] cnn_neat: Added edge 0→5 (from 3 candidates)
2026-08-25 09:07:59,738 [DEBUG] cnn_neat: Split edge 4→5, new hidden node 6 (pool=5)
2026-08-25 09:07:59,740 [DEBUG] cnn_neat: Added edge 0→4 (from 10 candidates)
2026-08-25 09:07:59,742 [DEBUG] cnn_neat: Removed hidden node 2 (pool=1)
2026-08-25 09:07:59,744 [DEBUG] cnn_neat: Split edge 3→4, new hidden node 6 (pool=4)
2026-08-25 09:07:59,745 [DEBUG] cnn_neat: Removed edge 3→2 (from 1 candidates)
2026-08-25 09:07:59,747 [DEBUG] cnn_neat: Split edge 0→3, new hidden node 6 (pool=4)
2026-08-25 09:07:59,749 [DEBUG] cnn_neat: Added edge 0→3 (from 6 candidates)
2026-08-25 09:07:59,750 [DEBUG] cnn_neat: Removed 1 edges (requested 3)
2026-08-25 09:07:59,752 [DEBUG] cnn_neat: Split edge 5→1, new hidden node 6 (pool=4)
2026-08-25 09:07:59,754 [DEBUG] cnn_neat: Added edge 3→5 (from 6 candidates)
2026-08-25 09:07:59,756 [DEBUG] cnn_neat: Crossover rejected: copied edge has no live Conv2d
2026-08-25 09:07:59,757 [DEBUG] cnn_neat: Split edge 3→2, new hidden node 6 (pool=5)
2026-08-25 09:07:59,758 [DEBUG] cnn_neat: Added edge 0→5 (from 10 candidates)
2026-08-25 09:07:59,760 [DEBUG] cnn_neat: Added edge 4→1 (from 10 candidates)
2026-08-25 09:07:59,762 [DEBUG] cnn_neat: Added edge 2→5 (from 9 candidates)
2026-08-25 09:07:59,764 [DEBUG] cnn_neat: Added edge 0→2 (from 7 candidates)
2026-08-25 09:07:59,766 [DEBUG] cnn_neat: Added edge 2→4 (from 6 candidates)
2026-08-25 09:07:59,770 [DEBUG] cnn_neat: Split edge 0→4, new hidden node 7 (pool=3)
2026-08-25 09:07:59,772 [DEBUG] cnn_neat: Added edge 6→2 (from 16 candidates)
2026-08-25 09:07:59,775 [DEBUG] cnn_neat: Removed hidden node 4 (pool=5)
2026-08-25 09:07:59,777 [DEBUG] cnn_neat: Removed edge 2→1 (from 7 candidates)
2026-08-25 09:07:59,779 [DEBUG] cnn_neat: Removed 3 edges (requested 3)
2026-08-25 09:07:59,783 [DEBUG] cnn_neat: Crossover rejected: copied edge has no live Conv2d
2026-08-25 09:07:59,784 [DEBUG] cnn_neat: Split edge 4→2, new hidden node 7 (pool=3)
2026-08-25 09:07:59,786 [DEBUG] cnn_neat: Added edge 6→4 (from 16 candidates)
2026-08-25 09:07:59,789 [DEBUG] cnn_neat: Added edge 5→4 (from 9 candidates)
2026-08-25 09:07:59,791 [DEBUG] cnn_neat: Added edge 5→2 (from 8 candidates)
2026-08-25 09:07:59,794 [DEBUG] cnn_neat: Added edge 3→6 (from 7 candidates)
2026-08-25 09:07:59,796 [DEBUG] cnn_neat: Added edge 0→6 (from 9 candidates)
2026-08-25 09:07:59,798 [DEBUG] cnn_neat: Split edge 0→4, new hidden node 5 (pool=4)
2026-08-25 09:07:59,799 [DEBUG] cnn_neat: Split edge 5→4, new hidden node 6 (pool=5)
2026-08-25 09:07:59,800 [DEBUG] cnn_neat: Added edge 4→3 (from 7 candidates)
2026-08-25 09:07:59,803 [DEBUG] cnn_neat: Split edge 2→1, new hidden node 5 (pool=5)
2026-08-25 09:07:59,855 [DEBUG] cnn_neat: Split edge 0→4, new hidden node 6 (pool=6)
2026-08-25 09:07:59,897 [DEBUG] cnn_neat: Added edge 5→2 (from 12 candidates)
2026-08-25 09:07:59,904 [DEBUG] cnn_neat: Removed hidden node 3 (pool=4)
2026-08-25 09:07:59,908 [DEBUG] cnn_neat: Removed edge 2→1 (from 6 candidates)
2026-08-25 09:07:59,914 [DEBUG] cnn_neat: Removed 3 edges (requested 3)
2026-08-25 09:07:59,919 [DEBUG] cnn_neat: Split edge 5→1, new hidden node 6 (pool=7)
2026-08-25 09:07:59,922 [DEBUG] cnn_neat: Split edge 0→4, new hidden node 6 (pool=4)
2026-08-25 09:07:59,927 [DEBUG] cnn_neat: Added edge 4→3 (from 9 candidates)
2026-08-25 09:07:59,930 [DEBUG] cnn_neat: Added edge 0→5 (from 7 candidates)
2026-08-25 09:07:59,936 [DEBUG] cnn_neat: Split edge 0→3, new hidden node 5 (pool=3)
2026-08-25 09:07:59,938 [DEBUG] cnn_neat: Added edge 3→1 (from 2 candidates)
2026-08-25 09:07:59,946 [DEBUG] cnn_neat: Split edge 3→4, new hidden node 5 (pool=4)
2026-08-25 09:07:59,949 [DEBUG] cnn_neat: Added edge 4→2 (from 6 candidates)
2026-08-25 09:07:59,954 [DEBUG] cnn_neat: Removed hidden node 2 (pool=1)
2026-08-25 09:07:59,956 [DEBUG] cnn_neat: Removed edge 3→2 (from 1 candidates)
2026-08-25 09:07:59,958 [DEBUG] cnn_neat: Removed 1 edges (requested 3)
2026-08-25 09:07:59,962 [DEBUG] cnn_neat: Split edge 3→2, new hidden node 6 (pool=5)
2026-08-25 09:07:59,965 [DEBUG] cnn_neat: Split edge 3→2, new hidden node 5 (pool=5)
2026-08-25 09:08:00,105 [DEBUG] cnn_neat: Added edge 4→2 (from 10 candidates)
2026-08-25 09:08:00,114 [DEBUG] cnn_neat: Added edge 2→1 (from 4 candidates)
2026-08-25 09:08:00,124 [DEBUG] cnn_neat: Split edge 0→3, new hidden node 7 (pool=6)
2026-08-25 09:08:00,165 [DEBUG] cnn_neat: Split edge 3→1, new hidden node 5 (pool=2)
2026-08-25 09:08:00,172 [DEBUG] cnn_neat: Added edge 0→2 (from 3 candidates)
2026-08-25 09:08:00,184 [DEBUG] cnn_neat: Removed hidden node 3 (pool=3)
2026-08-25 09:08:00,193 [DEBUG] cnn_neat: Removed edge 2→1 (from 6 candidates)
2026-08-25 09:08:00,197 [DEBUG] cnn_neat: Removed 3 edges (requested 3)
2026-08-25 09:08:00,207 [DEBUG] cnn_neat: Split edge 2→1, new hidden node 5 (pool=7)
2026-08-25 09:08:00,210 [DEBUG] cnn_neat: Split edge 3→1, new hidden node 5 (pool=2)
2026-08-25 09:08:00,213 [DEBUG] cnn_neat: Added edge 4→3 (from 3 candidates)
2026-08-25 09:08:00,217 [DEBUG] cnn_neat: Added edge 0→2 (from 4 candidates)
2026-08-25 09:08:00,222 [DEBUG] cnn_neat: Split edge 3→1, new hidden node 5 (pool=2)
2026-08-25 09:08:00,225 [DEBUG] cnn_neat: Added edge 2→3 (from 6 candidates)
2026-08-25 09:08:00,229 [DEBUG] cnn_neat: Removed hidden node 4 (pool=3)
2026-08-25 09:08:00,231 [DEBUG] cnn_neat: Removed edge 2→1 (from 5 candidates)
2026-08-25 09:08:00,234 [DEBUG] cnn_neat: Removed 3 edges (requested 3)
2026-08-25 09:08:00,236 [DEBUG] cnn_neat: Split edge 3→1, new hidden node 5 (pool=2)
2026-08-25 09:08:00,238 [DEBUG] cnn_neat: Added edge 3→4 (from 7 candidates)
2026-08-25 09:08:00,242 [DEBUG] cnn_neat: Removed hidden node 2 (pool=2)
2026-08-25 09:08:00,244 [DEBUG] cnn_neat: Split edge 0→3, new hidden node 5 (pool=3)
2026-08-25 09:08:00,246 [DEBUG] cnn_neat: Removed edge 4→2 (from 2 candidates)
2026-08-25 09:08:00,249 [DEBUG] cnn_neat: Added edge 4→1 (from 4 candidates)
2026-08-25 09:08:00,251 [DEBUG] cnn_neat: Split edge 3→4, new hidden node 6 (pool=6)
2026-08-25 09:08:00,254 [DEBUG] cnn_neat: Removed 2 edges (requested 3)
2026-08-25 09:08:00,257 [DEBUG] cnn_neat: Removed hidden node 2 (pool=2)
2026-08-25 09:08:00,261 [DEBUG] cnn_neat: Split edge 3→5, new hidden node 6 (pool=3)
2026-08-25 09:08:00,263 [DEBUG] cnn_neat: Added edge 3→1 (from 2 candidates)
2026-08-25 09:08:00,270 [DEBUG] cnn_neat: Split edge 5→1, new hidden node 6 (pool=4)
2026-08-25 09:08:00,272 [DEBUG] cnn_neat: Added edge 3→1 (from 7 candidates)
2026-08-25 09:08:00,275 [DEBUG] cnn_neat: Removed hidden node 2 (pool=1)
2026-08-25 09:08:00,278 [DEBUG] cnn_neat: Removed edge 0→2 (from 1 candidates)
2026-08-25 09:08:00,280 [DEBUG] cnn_neat: Removed 1 edges (requested 3)
2026-08-25 09:08:00,283 [DEBUG] cnn_neat: Split edge 0→6, new hidden node 7 (pool=5)
2026-08-25 09:08:00,286 [DEBUG] cnn_neat: Added edge 2→5 (from 13 candidates)
2026-08-25 09:08:00,289 [DEBUG] cnn_neat: Removed hidden node 6 (pool=2)
2026-08-25 09:08:00,291 [DEBUG] cnn_neat: Removed edge 0→6 (from 2 candidates)
2026-08-25 09:08:00,294 [DEBUG] cnn_neat: Removed 2 edges (requested 3)
2026-08-25 09:08:00,296 [DEBUG] cnn_neat: Split edge 0→3, new hidden node 8 (pool=3)
2026-08-25 09:08:00,299 [DEBUG] cnn_neat: Split edge 6→2, new hidden node 7 (pool=6)
2026-08-25 09:08:00,302 [DEBUG] cnn_neat: Added edge 0→2 (from 17 candidates)
2026-08-25 09:08:00,306 [DEBUG] cnn_neat: Added edge 3→6 (from 10 candidates)
2026-08-25 09:08:00,311 [DEBUG] cnn_neat: Split edge 3→2, new hidden node 5 (pool=5)
2026-08-25 09:08:00,314 [DEBUG] cnn_neat: Added edge 2→4 (from 5 candidates)
2026-08-25 09:08:00,319 [DEBUG] cnn_neat: Removed hidden node 4 (pool=2)
2026-08-25 09:08:00,321 [DEBUG] cnn_neat: Removed edge 3→4 (from 4 candidates)
2026-08-25 09:08:00,324 [DEBUG] cnn_neat: Removed 2 edges (requested 3)
2026-08-25 09:08:00,328 [DEBUG] cnn_neat: Split edge 0→3, new hidden node 5 (pool=6)
2026-08-25 09:08:00,331 [DEBUG] cnn_neat: Added edge 3→1 (from 3 candidates)
2026-08-25 09:08:00,334 [DEBUG] cnn_neat: Split edge 0→5, new hidden node 6 (pool=7)
2026-08-25 09:08:00,340 [DEBUG] cnn_neat: Removed hidden node 2 (pool=2)
2026-08-25 09:08:00,344 [DEBUG] cnn_neat: Added edge 5→2 (from 5 candidates)
2026-08-25 09:08:00,348 [DEBUG] cnn_neat: Split edge 0→3, new hidden node 5 (pool=2)
2026-08-25 09:08:00,353 [DEBUG] cnn_neat: Split edge 3→5, new hidden node 6 (pool=5)
2026-08-25 09:08:00,356 [DEBUG] cnn_neat: Added edge 2→5 (from 6 candidates)
2026-08-25 09:08:00,363 [DEBUG] cnn_neat: Split edge 3→5, new hidden node 6 (pool=6)
2026-08-25 09:08:00,366 [DEBUG] cnn_neat: Added edge 0→4 (from 7 candidates)
2026-08-25 09:08:00,370 [DEBUG] cnn_neat: Split edge 4→1, new hidden node 7 (pool=7)
2026-08-25 09:08:00,375 [DEBUG] cnn_neat: Removed hidden node 3 (pool=1)
2026-08-25 09:08:00,378 [DEBUG] cnn_neat: Added edge 5→1 (from 11 candidates)
2026-08-25 09:08:00,386 [DEBUG] cnn_neat: Added edge 0→6 (from 9 candidates)
2026-08-25 09:08:00,396 [DEBUG] cnn_neat: Split edge 5→1, new hidden node 6 (pool=5)
2026-08-25 09:08:00,399 [DEBUG] cnn_neat: Added edge 2→1 (from 5 candidates)
2026-08-25 09:08:00,405 [DEBUG] cnn_neat: Removed hidden node 3 (pool=2)
2026-08-25 09:08:00,408 [DEBUG] cnn_neat: Removed edge 0→3 (from 4 candidates)
2026-08-25 09:08:00,412 [DEBUG] cnn_neat: Removed 2 edges (requested 3)
2026-08-25 09:08:00,416 [DEBUG] cnn_neat: Split edge 0→2, new hidden node 7 (pool=6)
2026-08-25 09:08:00,420 [DEBUG] cnn_neat: Split edge 3→5, new hidden node 6 (pool=5)
2026-08-25 09:08:00,424 [DEBUG] cnn_neat: Added edge 0→6 (from 7 candidates)
2026-08-25 09:08:00,427 [DEBUG] cnn_neat: Added edge 3→2 (from 4 candidates)
2026-08-25 09:08:00,473 [DEBUG] cnn_neat: Split edge 3→1, new hidden node 5 (pool=2)
2026-08-25 09:08:00,475 [DEBUG] cnn_neat: Added edge 4→1 (from 3 candidates)
2026-08-25 09:08:00,478 [DEBUG] cnn_neat: Removed hidden node 2 (pool=2)
2026-08-25 09:08:00,484 [DEBUG] cnn_neat: Removed edge 4→2 (from 4 candidates)
2026-08-25 09:08:00,487 [DEBUG] cnn_neat: Removed 3 edges (requested 3)
2026-08-25 09:08:00,489 [DEBUG] cnn_neat: Split edge 3→1, new hidden node 5 (pool=2)
2026-08-25 09:08:00,491 [DEBUG] cnn_neat: Added edge 0→4 (from 2 candidates)
2026-08-25 09:08:00,494 [DEBUG] cnn_neat: Split edge 4→2, new hidden node 6 (pool=8)
2026-08-25 09:08:00,497 [DEBUG] cnn_neat: Removed hidden node 2 (pool=2)
2026-08-25 09:08:00,499 [DEBUG] cnn_neat: Added edge 0→2 (from 8 candidates)
2026-08-25 09:08:00,501 [DEBUG] cnn_neat: Split edge 0→3, new hidden node 6 (pool=4)
2026-08-25 09:08:00,503 [DEBUG] cnn_neat: Added edge 3→4 (from 4 candidates)
2026-08-25 09:08:00,512 [DEBUG] cnn_neat: Split edge 6→3, new hidden node 7 (pool=5)
2026-08-25 09:08:00,513 [DEBUG] cnn_neat: Split edge 5→4, new hidden node 6 (pool=5)
2026-08-25 09:08:00,515 [DEBUG] cnn_neat: Added edge 6→5 (from 6 candidates)
2026-08-25 09:08:00,517 [DEBUG] cnn_neat: Added edge 5→1 (from 4 candidates)
2026-08-25 09:08:00,519 [DEBUG] cnn_neat: Split edge 0→3, new hidden node 6 (pool=4)
2026-08-25 09:08:00,521 [DEBUG] cnn_neat: Added edge 0→4 (from 4 candidates)
2026-08-25 09:08:00,526 [DEBUG] cnn_neat: Split edge 0→8, new hidden node 9 (pool=7)
2026-08-25 09:08:00,529 [DEBUG] cnn_neat: Added edge 3→7 (from 17 candidates)
2026-08-25 09:08:00,533 [DEBUG] cnn_neat: Removed hidden node 3 (pool=5)
2026-08-25 09:08:00,536 [DEBUG] cnn_neat: Removed edge 7→1 (from 8 candidates)
2026-08-25 09:08:00,539 [DEBUG] cnn_neat: Removed 3 edges (requested 3)
2026-08-25 09:08:00,545 [DEBUG] cnn_neat: Split edge 7→8, new hidden node 10 (pool=7)
2026-08-25 09:08:00,552 [DEBUG] cnn_neat: Split edge 2→3, new hidden node 6 (pool=7)
2026-08-25 09:08:00,557 [DEBUG] cnn_neat: Added edge 0→2 (from 7 candidates)
2026-08-25 09:08:00,565 [DEBUG] cnn_neat: Removed hidden node 3 (pool=4)
2026-08-25 09:08:00,567 [DEBUG] cnn_neat: Removed edge 0→4 (from 6 candidates)
2026-08-25 09:08:00,569 [DEBUG] cnn_neat: Removed 3 edges (requested 3)
2026-08-25 09:08:00,572 [DEBUG] cnn_neat: Split edge 2→1, new hidden node 7 (pool=4)
2026-08-25 09:08:00,574 [DEBUG] cnn_neat: Split edge 2→1, new hidden node 6 (pool=5)
2026-08-25 09:08:00,575 [DEBUG] cnn_neat: Split edge 2→3, new hidden node 6 (pool=6)
2026-08-25 09:08:00,578 [DEBUG] cnn_neat: Split edge 3→2, new hidden node 6 (pool=5)
2026-08-25 09:08:00,580 [DEBUG] cnn_neat: Added edge 0→2 (from 10 candidates)
2026-08-25 09:08:00,582 [DEBUG] cnn_neat: Removed hidden node 2 (pool=1)
2026-08-25 09:08:00,583 [DEBUG] cnn_neat: Removed edge 3→2 (from 1 candidates)
2026-08-25 09:08:00,586 [DEBUG] cnn_neat: Removed 1 edges (requested 3)
2026-08-25 09:08:00,590 [DEBUG] cnn_neat: Split edge 3→4, new hidden node 6 (pool=6)
2026-08-25 09:08:00,595 [DEBUG] cnn_neat: Added edge 2→4 (from 8 candidates)
2026-08-25 09:08:00,600 [DEBUG] cnn_neat: Split edge 4→5, new hidden node 7 (pool=7)
2026-08-25 09:08:00,603 [DEBUG] cnn_neat: Removed hidden node 2 (pool=1)
2026-08-25 09:08:00,604 [DEBUG] cnn_neat: Added edge 5→2 (from 12 candidates)
2026-08-25 09:08:00,607 [DEBUG] cnn_neat: Split edge 3→2, new hidden node 6 (pool=7)
2026-08-25 09:08:00,610 [DEBUG] cnn_neat: Split edge 4→2, new hidden node 7 (pool=3)
2026-08-25 09:08:00,612 [DEBUG] cnn_neat: Added edge 5→1 (from 16 candidates)
2026-08-25 09:08:00,616 [DEBUG] cnn_neat: Removed hidden node 4 (pool=5)
2026-08-25 09:08:00,617 [DEBUG] cnn_neat: Removed edge 3→5 (from 7 candidates)
2026-08-25 09:08:00,627 [DEBUG] cnn_neat: Removed 3 edges (requested 3)
2026-08-25 09:08:00,630 [DEBUG] cnn_neat: Split edge 2→1, new hidden node 7 (pool=4)
2026-08-25 09:08:00,631 [DEBUG] cnn_neat: Split edge 0→3, new hidden node 7 (pool=4)
2026-08-25 09:08:00,633 [DEBUG] cnn_neat: Added edge 3→2 (from 15 candidates)
2026-08-25 09:08:00,634 [DEBUG] cnn_neat: Added edge 5→1 (from 20 candidates)
2026-08-25 09:08:00,638 [DEBUG] cnn_neat: Split edge 0→4, new hidden node 5 (pool=4)
2026-08-25 09:08:00,639 [DEBUG] cnn_neat: Added edge 2→3 (from 7 candidates)
2026-08-25 09:08:00,641 [DEBUG] cnn_neat: Removed hidden node 3 (pool=1)
2026-08-25 09:08:00,642 [DEBUG] cnn_neat: Removed edge 0→3 (from 1 candidates)
2026-08-25 09:08:00,643 [DEBUG] cnn_neat: Removed 1 edges (requested 3)
2026-08-25 09:08:00,645 [DEBUG] cnn_neat: Split edge 4→1, new hidden node 5 (pool=4)
2026-08-25 09:08:00,646 [DEBUG] cnn_neat: Added edge 2→4 (from 7 candidates)
2026-08-25 09:08:00,649 [DEBUG] cnn_neat: Removed hidden node 2 (pool=1)
2026-08-25 09:08:00,652 [DEBUG] cnn_neat: Removed edge 2→1 (from 1 candidates)
2026-08-25 09:08:00,656 [DEBUG] cnn_neat: Removed 1 edges (requested 3)
2026-08-25 09:08:00,659 [DEBUG] cnn_neat: Split edge 3→4, new hidden node 6 (pool=3)
2026-08-25 09:08:00,660 [DEBUG] cnn_neat: Added edge 0→5 (from 9 candidates)
2026-08-25 09:08:00,662 [DEBUG] cnn_neat: Removed hidden node 5 (pool=2)
2026-08-25 09:08:00,663 [DEBUG] cnn_neat: Removed edge 3→5 (from 2 candidates)
2026-08-25 09:08:00,665 [DEBUG] cnn_neat: Removed 2 edges (requested 3)
2026-08-25 09:08:00,666 [DEBUG] cnn_neat: Split edge 4→1, new hidden node 7 (pool=6)
2026-08-25 09:08:00,668 [DEBUG] cnn_neat: Split edge 4→1, new hidden node 6 (pool=6)
2026-08-25 09:08:00,669 [DEBUG] cnn_neat: Split edge 3→4, new hidden node 6 (pool=4)
2026-08-25 09:08:00,672 [DEBUG] cnn_neat: Split edge 3→4, new hidden node 5 (pool=5)
2026-08-25 09:08:00,673 [DEBUG] cnn_neat: Added edge 0→4 (from 5 candidates)
2026-08-25 09:08:00,675 [DEBUG] cnn_neat: Removed hidden node 2 (pool=1)
2026-08-25 09:08:00,676 [DEBUG] cnn_neat: Removed edge 0→2 (from 2 candidates)
2026-08-25 09:08:00,678 [DEBUG] cnn_neat: Removed 2 edges (requested 3)
2026-08-25 09:08:00,679 [DEBUG] cnn_neat: Split edge 5→4, new hidden node 6 (pool=6)
2026-08-25 09:08:00,680 [DEBUG] cnn_neat: Split edge 3→2, new hidden node 5 (pool=6)
2026-08-25 09:08:00,682 [DEBUG] cnn_neat: Added edge 5→2 (from 8 candidates)
2026-08-25 09:08:00,683 [DEBUG] cnn_neat: Added edge 2→4 (from 5 candidates)
2026-08-25 09:08:00,689 [DEBUG] cnn_neat: Split edge 0→9, new hidden node 11 (pool=2)
2026-08-25 09:08:00,699 [DEBUG] cnn_neat: Added edge 10→4 (from 36 candidates)
2026-08-25 09:08:00,705 [DEBUG] cnn_neat: Removed hidden node 3 (pool=7)
2026-08-25 09:08:00,708 [DEBUG] cnn_neat: Removed edge 0→9 (from 6 candidates)
2026-08-25 09:08:00,713 [DEBUG] cnn_neat: Removed 3 edges (requested 3)
2026-08-25 09:08:00,716 [DEBUG] cnn_neat: Split edge 8→9, new hidden node 12 (pool=13)
2026-08-25 09:08:00,719 [DEBUG] cnn_neat: Split edge 4→1, new hidden node 5 (pool=3)
2026-08-25 09:08:00,720 [DEBUG] cnn_neat: Added edge 3→1 (from 2 candidates)
2026-08-25 09:08:00,725 [DEBUG] cnn_neat: Split edge 3→1, new hidden node 5 (pool=3)
2026-08-25 09:08:00,727 [DEBUG] cnn_neat: Added edge 0→2 (from 2 candidates)
2026-08-25 09:08:00,729 [DEBUG] cnn_neat: Removed hidden node 3 (pool=3)
2026-08-25 09:08:00,731 [DEBUG] cnn_neat: Removed edge 0→3 (from 7 candidates)
2026-08-25 09:08:00,734 [DEBUG] cnn_neat: Removed 3 edges (requested 3)
2026-08-25 09:08:00,737 [DEBUG] cnn_neat: Split edge 0→3, new hidden node 6 (pool=8)
2026-08-25 09:08:00,739 [DEBUG] cnn_neat: Split edge 4→3, new hidden node 5 (pool=6)
2026-08-25 09:08:00,740 [DEBUG] cnn_neat: Split edge 2→1, new hidden node 5 (pool=4)
2026-08-25 09:08:00,743 [DEBUG] cnn_neat: Split edge 4→2, new hidden node 5 (pool=5)
2026-08-25 09:08:00,745 [DEBUG] cnn_neat: Added edge 0→2 (from 4 candidates)
2026-08-25 09:08:00,748 [DEBUG] cnn_neat: Removed hidden node 3 (pool=3)
2026-08-25 09:08:00,749 [DEBUG] cnn_neat: Removed edge 2→1 (from 6 candidates)
2026-08-25 09:08:00,752 [DEBUG] cnn_neat: Removed 3 edges (requested 3)
2026-08-25 09:08:00,754 [DEBUG] cnn_neat: Split edge 3→1, new hidden node 6 (pool=2)
2026-08-25 09:08:00,757 [DEBUG] cnn_neat: Split edge 2→1, new hidden node 5 (pool=7)
2026-08-25 09:08:00,764 [DEBUG] cnn_neat: Split edge 4→1, new hidden node 6 (pool=2)
2026-08-25 09:08:00,765 [DEBUG] cnn_neat: Added edge 3→1 (from 4 candidates)
2026-08-25 09:08:00,768 [DEBUG] cnn_neat: Removed hidden node 5 (pool=2)
2026-08-25 09:08:00,769 [DEBUG] cnn_neat: Removed edge 0→4 (from 4 candidates)
2026-08-25 09:08:00,771 [DEBUG] cnn_neat: Removed 3 edges (requested 3)
2026-08-25 09:08:00,773 [DEBUG] cnn_neat: Split edge 6→1, new hidden node 7 (pool=6)
2026-08-25 09:08:00,774 [DEBUG] cnn_neat: Split edge 0→4, new hidden node 5 (pool=3)
2026-08-25 09:08:00,775 [DEBUG] cnn_neat: Split edge 0→4, new hidden node 5 (pool=2)
2026-08-25 09:08:00,778 [DEBUG] cnn_neat: Split edge 0→3, new hidden node 7 (pool=3)
2026-08-25 09:08:00,780 [DEBUG] cnn_neat: Added edge 2→5 (from 16 candidates)
2026-08-25 09:08:00,783 [DEBUG] cnn_neat: Removed hidden node 3 (pool=5)
2026-08-25 09:08:00,785 [DEBUG] cnn_neat: Removed edge 2→1 (from 7 candidates)
2026-08-25 09:08:00,788 [DEBUG] cnn_neat: Removed 3 edges (requested 3)
2026-08-25 09:08:00,791 [DEBUG] cnn_neat: Split edge 6→4, new hidden node 8 (pool=8)
2026-08-25 09:08:00,793 [DEBUG] cnn_neat: Split edge 0→3, new hidden node 7 (pool=3)
2026-08-25 09:08:00,796 [DEBUG] cnn_neat: Split edge 5→1, new hidden node 7 (pool=4)
2026-08-25 09:08:00,797 [DEBUG] cnn_neat: Added edge 6→5 (from 7 candidates)
2026-08-25 09:08:00,800 [DEBUG] cnn_neat: Removed hidden node 6 (pool=1)
2026-08-25 09:08:00,802 [DEBUG] cnn_neat: Removed edge 0→6 (from 1 candidates)
2026-08-25 09:08:00,803 [DEBUG] cnn_neat: Removed 1 edges (requested 3)
2026-08-25 09:08:00,804 [DEBUG] cnn_neat: Split edge 0→6, new hidden node 8 (pool=5)
2026-08-25 09:08:00,806 [DEBUG] cnn_neat: Split edge 3→5, new hidden node 7 (pool=5)
2026-08-25 09:08:00,807 [DEBUG] cnn_neat: Added edge 3→7 (from 10 candidates)
2026-08-25 09:08:00,809 [DEBUG] cnn_neat: Added edge 3→6 (from 5 candidates)
2026-08-25 09:08:00,812 [DEBUG] cnn_neat: Split edge 5→1, new hidden node 7 (pool=4)
2026-08-25 09:08:00,813 [DEBUG] cnn_neat: Added edge 2→3 (from 13 candidates)
2026-08-25 09:08:00,815 [DEBUG] cnn_neat: Removed hidden node 2 (pool=2)
2026-08-25 09:08:00,816 [DEBUG] cnn_neat: Removed edge 6→2 (from 1 candidates)
2026-08-25 09:08:00,817 [DEBUG] cnn_neat: Removed 1 edges (requested 3)
2026-08-25 09:08:00,819 [DEBUG] cnn_neat: Split edge 0→3, new hidden node 8 (pool=5)
2026-08-25 09:08:00,825 [DEBUG] cnn_neat: Split edge 0→3, new hidden node 7 (pool=5)
2026-08-25 09:08:00,827 [DEBUG] cnn_neat: Added edge 5→2 (from 19 candidates)
2026-08-25 09:08:00,828 [DEBUG] cnn_neat: Added edge 0→5 (from 9 candidates)
2026-08-25 09:08:00,830 [DEBUG] cnn_neat: Split edge 5→1, new hidden node 7 (pool=6)
2026-08-25 09:08:00,832 [DEBUG] cnn_neat: Added edge 6→3 (from 10 candidates)
2026-08-25 09:08:00,834 [DEBUG] cnn_neat: Removed hidden node 6 (pool=2)
2026-08-25 09:08:00,836 [DEBUG] cnn_neat: Removed edge 0→6 (from 3 candidates)
2026-08-25 09:08:00,838 [DEBUG] cnn_neat: Removed 3 edges (requested 3)
2026-08-25 09:08:00,839 [DEBUG] cnn_neat: Split edge 5→7, new hidden node 8 (pool=7)
2026-08-25 09:08:00,841 [DEBUG] cnn_neat: Split edge 0→6, new hidden node 7 (pool=7)
2026-08-25 09:08:00,844 [DEBUG] cnn_neat: Split edge 0→3, new hidden node 8 (pool=3)
2026-08-25 09:08:00,845 [DEBUG] cnn_neat: Added edge 0→7 (from 17 candidates)
2026-08-25 09:08:00,850 [DEBUG] cnn_neat: Removed hidden node 7 (pool=3)
2026-08-25 09:08:00,851 [DEBUG] cnn_neat: Removed edge 6→7 (from 3 candidates)
2026-08-25 09:08:00,854 [DEBUG] cnn_neat: Removed 3 edges (requested 3)
2026-08-25 09:08:00,855 [DEBUG] cnn_neat: Split edge 6→7, new hidden node 9 (pool=7)
2026-08-25 09:08:00,856 [DEBUG] cnn_neat: Split edge 0→7, new hidden node 8 (pool=7)
2026-08-25 09:08:00,858 [DEBUG] cnn_neat: Split edge 0→3, new hidden node 8 (pool=4)
2026-08-25 09:08:00,860 [DEBUG] cnn_neat: Split edge 6→2, new hidden node 8 (pool=5)
2026-08-25 09:08:00,861 [DEBUG] cnn_neat: Added edge 5→6 (from 14 candidates)
2026-08-25 09:08:00,864 [DEBUG] cnn_neat: Removed hidden node 2 (pool=3)
2026-08-25 09:08:00,865 [DEBUG] cnn_neat: Removed edge 7→2 (from 2 candidates)
2026-08-25 09:08:00,867 [DEBUG] cnn_neat: Removed 3 edges (requested 3)
2026-08-25 09:08:00,868 [DEBUG] cnn_neat: Split edge 0→3, new hidden node 9 (pool=3)
2026-08-25 09:08:00,871 [DEBUG] cnn_neat: Split edge 11→1, new hidden node 12 (pool=8)
2026-08-25 09:08:00,879 [DEBUG] cnn_neat: Added edge 8→3 (from 19 candidates)
2026-08-25 09:08:00,886 [DEBUG] cnn_neat: Removed hidden node 3 (pool=5)
2026-08-25 09:08:00,889 [DEBUG] cnn_neat: Removed edge 8→11 (from 8 candidates)
2026-08-25 09:08:00,893 [DEBUG] cnn_neat: Removed 3 edges (requested 3)
2026-08-25 09:08:00,978 [DEBUG] cnn_neat: Split edge 3→5, new hidden node 13 (pool=7)
2026-08-25 09:08:00,983 [DEBUG] cnn_neat: Split edge 9→11, new hidden node 12 (pool=8)
2026-08-25 09:08:00,988 [DEBUG] cnn_neat: Added edge 11→2 (from 19 candidates)
2026-08-25 09:08:00,992 [DEBUG] cnn_neat: Removed hidden node 11 (pool=5)
2026-08-25 09:08:00,994 [DEBUG] cnn_neat: Removed edge 9→11 (from 8 candidates)
2026-08-25 09:08:01,000 [DEBUG] cnn_neat: Removed 3 edges (requested 3)
2026-08-25 09:08:01,003 [DEBUG] cnn_neat: Split edge 0→2, new hidden node 13 (pool=5)
2026-08-25 09:08:01,006 [DEBUG] cnn_neat: Split edge 0→1, new hidden node 6 (pool=1)
2026-08-25 09:08:01,010 [DEBUG] cnn_neat: Removed hidden node 5 (pool=2)
2026-08-25 09:08:01,011 [DEBUG] cnn_neat: Removed edge 3→1 (from 5 candidates)
2026-08-25 09:08:01,014 [DEBUG] cnn_neat: Removed 3 edges (requested 3)
2026-08-25 09:08:01,016 [DEBUG] cnn_neat: Split edge 5→1, new hidden node 7 (pool=7)
2026-08-25 09:08:01,018 [DEBUG] cnn_neat: Split edge 0→1, new hidden node 6 (pool=1)
2026-08-25 09:08:01,019 [DEBUG] cnn_neat: Split edge 0→1, new hidden node 6 (pool=1)
2026-08-25 09:08:01,023 [DEBUG] cnn_neat: Split edge 3→5, new hidden node 6 (pool=3)
2026-08-25 09:08:01,025 [DEBUG] cnn_neat: Added edge 3→1 (from 2 candidates)
2026-08-25 09:08:01,032 [DEBUG] cnn_neat: Split edge 0→3, new hidden node 6 (pool=4)
2026-08-25 09:08:01,034 [DEBUG] cnn_neat: Added edge 2→3 (from 7 candidates)
2026-08-25 09:08:01,036 [DEBUG] cnn_neat: Removed hidden node 2 (pool=1)
2026-08-25 09:08:01,037 [DEBUG] cnn_neat: Removed edge 0→2 (from 1 candidates)
2026-08-25 09:08:01,038 [DEBUG] cnn_neat: Removed 1 edges (requested 3)
2026-08-25 09:08:01,040 [DEBUG] cnn_neat: Split edge 0→2, new hidden node 6 (pool=5)
2026-08-25 09:08:01,042 [DEBUG] cnn_neat: Added edge 2→1 (from 4 candidates)
2026-08-25 09:08:01,044 [DEBUG] cnn_neat: Split edge 5→1, new hidden node 7 (pool=6)
2026-08-25 09:08:01,046 [DEBUG] cnn_neat: Removed hidden node 2 (pool=1)
2026-08-25 09:08:01,048 [DEBUG] cnn_neat: Added edge 6→3 (from 8 candidates)
2026-08-25 09:08:01,050 [DEBUG] cnn_neat: Split edge 2→3, new hidden node 6 (pool=3)
2026-08-25 09:08:01,054 [DEBUG] cnn_neat: Split edge 4→1, new hidden node 7 (pool=7)
2026-08-25 09:08:01,055 [DEBUG] cnn_neat: Added edge 2→4 (from 9 candidates)
2026-08-25 09:08:01,059 [DEBUG] cnn_neat: Removed hidden node 2 (pool=1)
2026-08-25 09:08:01,060 [DEBUG] cnn_neat: Removed edge 0→2 (from 3 candidates)
2026-08-25 09:08:01,063 [DEBUG] cnn_neat: Removed 2 edges (requested 3)
2026-08-25 09:08:01,065 [DEBUG] cnn_neat: Split edge 0→2, new hidden node 8 (pool=2)
2026-08-25 09:08:01,068 [DEBUG] cnn_neat: Split edge 2→4, new hidden node 7 (pool=4)
2026-08-25 09:08:01,072 [DEBUG] cnn_neat: Split edge 2→1, new hidden node 6 (pool=7)
2026-08-25 09:08:01,074 [DEBUG] cnn_neat: Added edge 4→5 (from 9 candidates)
2026-08-25 09:08:01,077 [DEBUG] cnn_neat: Removed hidden node 2 (pool=4)
2026-08-25 09:08:01,078 [DEBUG] cnn_neat: Removed edge 2→3 (from 7 candidates)
2026-08-25 09:08:01,081 [DEBUG] cnn_neat: Removed 3 edges (requested 3)
2026-08-25 09:08:01,083 [DEBUG] cnn_neat: Split edge 5→3, new hidden node 7 (pool=4)
2026-08-25 09:08:01,085 [DEBUG] cnn_neat: Split edge 0→5, new hidden node 6 (pool=8)
2026-08-25 09:08:01,087 [DEBUG] cnn_neat: Split edge 0→4, new hidden node 6 (pool=6)
2026-08-25 09:08:01,095 [DEBUG] cnn_neat: Split edge 2→1, new hidden node 5 (pool=5)
2026-08-25 09:08:01,158 [DEBUG] cnn_neat: Added edge 3→2 (from 5 candidates)
2026-08-25 09:08:01,173 [DEBUG] cnn_neat: Removed hidden node 2 (pool=1)
2026-08-25 09:08:01,178 [DEBUG] cnn_neat: Removed edge 2→1 (from 2 candidates)
2026-08-25 09:08:01,186 [DEBUG] cnn_neat: Removed 2 edges (requested 3)
2026-08-25 09:08:01,189 [DEBUG] cnn_neat: Split edge 0→3, new hidden node 5 (pool=4)
2026-08-25 09:08:01,192 [DEBUG] cnn_neat: Added edge 0→2 (from 6 candidates)
2026-08-25 09:08:01,194 [DEBUG] cnn_neat: Split edge 3→4, new hidden node 6 (pool=5)
2026-08-25 09:08:01,196 [DEBUG] cnn_neat: Removed hidden node 2 (pool=1)
2026-08-25 09:08:01,198 [DEBUG] cnn_neat: Added edge 5→2 (from 10 candidates)
2026-08-25 09:08:01,200 [DEBUG] cnn_neat: Split edge 4→1, new hidden node 5 (pool=5)
2026-08-25 09:08:01,204 [DEBUG] cnn_neat: Added edge 2→3 (from 9 candidates)
2026-08-25 09:08:01,220 [DEBUG] cnn_neat: Split edge 2→1, new hidden node 6 (pool=7)
2026-08-25 09:08:01,227 [DEBUG] cnn_neat: Added edge 5→4 (from 9 candidates)
2026-08-25 09:08:01,237 [DEBUG] cnn_neat: Removed hidden node 4 (pool=4)
2026-08-25 09:08:01,264 [DEBUG] cnn_neat: Removed edge 3→5 (from 7 candidates)
2026-08-25 09:08:01,293 [DEBUG] cnn_neat: Removed 3 edges (requested 3)
2026-08-25 09:08:01,298 [DEBUG] cnn_neat: Split edge 0→3, new hidden node 7 (pool=4)
2026-08-25 09:08:01,300 [DEBUG] cnn_neat: Split edge 3→4, new hidden node 6 (pool=4)
2026-08-25 09:08:01,302 [DEBUG] cnn_neat: Added edge 0→5 (from 4 candidates)
2026-08-25 09:08:01,305 [DEBUG] cnn_neat: Split edge 5→1, new hidden node 6 (pool=2)
2026-08-25 09:08:01,307 [DEBUG] cnn_neat: Added edge 4→1 (from 4 candidates)
2026-08-25 09:08:01,310 [DEBUG] cnn_neat: Removed hidden node 3 (pool=2)
2026-08-25 09:08:01,311 [DEBUG] cnn_neat: Split edge 5→1, new hidden node 6 (pool=2)
2026-08-25 09:08:01,312 [DEBUG] cnn_neat: Removed edge 4→5 (from 4 candidates)
2026-08-25 09:08:01,314 [DEBUG] cnn_neat: Added edge 3→5 (from 3 candidates)
2026-08-25 09:08:01,329 [DEBUG] cnn_neat: Split edge 0→3, new hidden node 5 (pool=2)
2026-08-25 09:08:01,332 [DEBUG] cnn_neat: Added edge 0→4 (from 1 candidates)
2026-08-25 09:08:01,337 [DEBUG] cnn_neat: Removed hidden node 4 (pool=1)
2026-08-25 09:08:01,340 [DEBUG] cnn_neat: Removed edge 3→1 (from 3 candidates)
2026-08-25 09:08:01,344 [DEBUG] cnn_neat: Removed 2 edges (requested 3)
2026-08-25 09:08:01,355 [DEBUG] cnn_neat: Split edge 3→4, new hidden node 6 (pool=5)
2026-08-25 09:08:01,375 [DEBUG] cnn_neat: Added edge 0→3 (from 8 candidates)
2026-08-25 09:08:01,385 [DEBUG] cnn_neat: Removed hidden node 2 (pool=1)
2026-08-25 09:08:01,449 [DEBUG] cnn_neat: Removed edge 3→2 (from 1 candidates)
2026-08-25 09:08:01,455 [DEBUG] cnn_neat: Removed 1 edges (requested 3)
2026-08-25 09:08:01,457 [DEBUG] cnn_neat: Split edge 0→5, new hidden node 7 (pool=6)
2026-08-25 09:08:01,459 [DEBUG] cnn_neat: Split edge 4→1, new hidden node 6 (pool=6)
2026-08-25 09:08:01,460 [DEBUG] cnn_neat: Added edge 2→1 (from 13 candidates)
2026-08-25 09:08:01,462 [DEBUG] cnn_neat: Added edge 5→2 (from 9 candidates)
2026-08-25 09:08:01,465 [DEBUG] cnn_neat: Split edge 4→2, new hidden node 5 (pool=4)
2026-08-25 09:08:01,466 [DEBUG] cnn_neat: Added edge 4→1 (from 7 candidates)
2026-08-25 09:08:01,469 [DEBUG] cnn_neat: Removed hidden node 3 (pool=1)
2026-08-25 09:08:01,470 [DEBUG] cnn_neat: Removed edge 0→3 (from 1 candidates)
2026-08-25 09:08:01,471 [DEBUG] cnn_neat: Removed 1 edges (requested 3)
2026-08-25 09:08:01,473 [DEBUG] cnn_neat: Split edge 0→3, new hidden node 5 (pool=3)
2026-08-25 09:08:01,476 [DEBUG] cnn_neat: Added edge 2→3 (from 6 candidates)
2026-08-25 09:08:01,480 [DEBUG] cnn_neat: Split edge 4→1, new hidden node 6 (pool=2)
2026-08-25 09:08:01,483 [DEBUG] cnn_neat: Removed hidden node 2 (pool=2)
2026-08-25 09:08:01,484 [DEBUG] cnn_neat: Added edge 5→2 (from 12 candidates)
2026-08-25 09:08:01,487 [DEBUG] cnn_neat: Split edge 0→3, new hidden node 5 (pool=3)
2026-08-25 09:08:01,488 [DEBUG] cnn_neat: Added edge 3→1 (from 2 candidates)
2026-08-25 09:08:01,493 [DEBUG] cnn_neat: Split edge 4→1, new hidden node 5 (pool=4)
2026-08-25 09:08:01,494 [DEBUG] cnn_neat: Added edge 2→4 (from 7 candidates)
2026-08-25 09:08:01,497 [DEBUG] cnn_neat: Removed hidden node 2 (pool=1)
2026-08-25 09:08:01,498 [DEBUG] cnn_neat: Removed edge 2→1 (from 1 candidates)
2026-08-25 09:08:01,499 [DEBUG] cnn_neat: Removed 1 edges (requested 3)
2026-08-25 09:08:01,506 [DEBUG] cnn_neat: Split edge 4→1, new hidden node 5 (pool=3)
2026-08-25 09:08:01,616 [DEBUG] cnn_neat: Added edge 0→2 (from 2 candidates)
2026-08-25 09:08:01,658 [DEBUG] cnn_neat: Removed hidden node 2 (pool=3)
2026-08-25 09:08:01,672 [DEBUG] cnn_neat: Removed edge 0→4 (from 6 candidates)
2026-08-25 09:08:01,685 [DEBUG] cnn_neat: Removed 3 edges (requested 3)
2026-08-25 09:08:01,689 [DEBUG] cnn_neat: Split edge 3→1, new hidden node 6 (pool=2)
2026-08-25 09:08:01,691 [DEBUG] cnn_neat: Split edge 0→4, new hidden node 5 (pool=4)
2026-08-25 09:08:01,710 [DEBUG] cnn_neat: Split edge 3→1, new hidden node 5 (pool=3)
2026-08-25 09:08:01,716 [DEBUG] cnn_neat: Added edge 4→1 (from 4 candidates)
2026-08-25 09:08:01,723 [DEBUG] cnn_neat: Removed hidden node 4 (pool=3)
2026-08-25 09:08:01,787 [DEBUG] cnn_neat: Removed edge 0→4 (from 6 candidates)
2026-08-25 09:08:01,798 [DEBUG] cnn_neat: Removed 3 edges (requested 3)
2026-08-25 09:08:01,800 [DEBUG] cnn_neat: Split edge 2→1, new hidden node 6 (pool=7)
2026-08-25 09:08:01,805 [DEBUG] cnn_neat: Split edge 0→3, new hidden node 5 (pool=4)
2026-08-25 09:08:01,807 [DEBUG] cnn_neat: Split edge 2→1, new hidden node 5 (pool=5)
2026-08-25 09:08:01,809 [DEBUG] cnn_neat: Split edge 3→5, new hidden node 6 (pool=3)
2026-08-25 09:08:01,811 [DEBUG] cnn_neat: Added edge 0→5 (from 2 candidates)
2026-08-25 09:08:01,828 [DEBUG] cnn_neat: Split edge 0→3, new hidden node 6 (pool=2)
2026-08-25 09:08:01,832 [DEBUG] cnn_neat: Added edge 0→5 (from 1 candidates)
2026-08-25 09:08:01,855 [DEBUG] cnn_neat: Removed hidden node 5 (pool=1)
2026-08-25 09:08:01,858 [DEBUG] cnn_neat: Removed edge 5→1 (from 3 candidates)
2026-08-25 09:08:01,863 [DEBUG] cnn_neat: Removed 1 edges (requested 3)
2026-08-25 09:08:01,864 [DEBUG] cnn_neat: Split edge 0→3, new hidden node 6 (pool=2)
2026-08-25 09:08:01,865 [DEBUG] cnn_neat: Added edge 0→5 (from 2 candidates)
2026-08-25 09:08:01,866 [DEBUG] cnn_neat: Split edge 3→1, new hidden node 7 (pool=3)
2026-08-25 09:08:01,871 [DEBUG] cnn_neat: Removed hidden node 5 (pool=1)
2026-08-25 09:08:01,875 [DEBUG] cnn_neat: Added edge 6→5 (from 4 candidates)
2026-08-25 09:08:01,877 [DEBUG] cnn_neat: Split edge 0→3, new hidden node 6 (pool=4)
2026-08-25 09:08:01,940 [DEBUG] cnn_neat: Split edge 5→1, new hidden node 6 (pool=5)
2026-08-25 09:08:01,943 [DEBUG] cnn_neat: Added edge 3→2 (from 4 candidates)
2026-08-25 09:08:01,948 [DEBUG] cnn_neat: Removed hidden node 2 (pool=1)
2026-08-25 09:08:01,950 [DEBUG] cnn_neat: Removed edge 5→2 (from 2 candidates)
2026-08-25 09:08:01,956 [DEBUG] cnn_neat: Removed 2 edges (requested 3)
2026-08-25 09:08:01,960 [DEBUG] cnn_neat: Split edge 3→5, new hidden node 7 (pool=6)
2026-08-25 09:08:01,961 [DEBUG] cnn_neat: Split edge 5→2, new hidden node 6 (pool=6)
2026-08-25 09:08:01,962 [DEBUG] cnn_neat: Added edge 0→6 (from 7 candidates)
2026-08-25 09:08:01,967 [DEBUG] cnn_neat: Added edge 3→1 (from 3 candidates)
2026-08-25 09:08:01,977 [DEBUG] cnn_neat: Added edge 2→5 (from 9 candidates)
2026-08-25 09:08:02,114 [DEBUG] cnn_neat: Split edge 5→1, new hidden node 7 (pool=6)
2026-08-25 09:08:02,118 [DEBUG] cnn_neat: Added edge 2→5 (from 12 candidates)
2026-08-25 09:08:02,204 [DEBUG] cnn_neat: Removed hidden node 3 (pool=4)
2026-08-25 09:08:02,226 [DEBUG] cnn_neat: Removed edge 2→1 (from 6 candidates)
2026-08-25 09:08:02,250 [DEBUG] cnn_neat: Removed 3 edges (requested 3)
2026-08-25 09:08:02,253 [DEBUG] cnn_neat: Split edge 0→6, new hidden node 8 (pool=3)
2026-08-25 09:08:02,255 [DEBUG] cnn_neat: Split edge 2→5, new hidden node 7 (pool=7)
2026-08-25 09:08:02,257 [DEBUG] cnn_neat: Split edge 0→3, new hidden node 5 (pool=3)
2026-08-25 09:08:02,258 [DEBUG] cnn_neat: Added edge 0→4 (from 2 candidates)
2026-08-25 09:08:02,263 [DEBUG] cnn_neat: Split edge 0→3, new hidden node 5 (pool=4)
2026-08-25 09:08:02,264 [DEBUG] cnn_neat: Added edge 3→2 (from 7 candidates)
2026-08-25 09:08:02,267 [DEBUG] cnn_neat: Removed hidden node 2 (pool=1)
2026-08-25 09:08:02,268 [DEBUG] cnn_neat: Removed edge 2→1 (from 1 candidates)
2026-08-25 09:08:02,270 [DEBUG] cnn_neat: Removed 1 edges (requested 3)
2026-08-25 09:08:02,277 [DEBUG] cnn_neat: Split edge 0→3, new hidden node 5 (pool=2)
2026-08-25 09:08:02,299 [DEBUG] cnn_neat: Added edge 0→4 (from 1 candidates)
2026-08-25 09:08:02,305 [DEBUG] cnn_neat: Removed hidden node 4 (pool=1)
2026-08-25 09:08:02,308 [DEBUG] cnn_neat: Removed edge 3→1 (from 3 candidates)
2026-08-25 09:08:02,362 [DEBUG] cnn_neat: Removed 2 edges (requested 3)
2026-08-25 09:08:02,369 [DEBUG] cnn_neat: Split edge 4→1, new hidden node 6 (pool=3)
2026-08-25 09:08:02,381 [DEBUG] cnn_neat: Added edge 4→5 (from 8 candidates)
2026-08-25 09:08:02,389 [DEBUG] cnn_neat: Removed hidden node 5 (pool=3)
2026-08-25 09:08:02,451 [DEBUG] cnn_neat: Removed edge 3→2 (from 5 candidates)
2026-08-25 09:08:02,521 [DEBUG] cnn_neat: Removed 3 edges (requested 3)
2026-08-25 09:08:02,528 [DEBUG] cnn_neat: Split edge 6→1, new hidden node 7 (pool=7)
2026-08-25 09:08:02,529 [DEBUG] cnn_neat: Split edge 5→1, new hidden node 6 (pool=5)
2026-08-25 09:08:02,531 [DEBUG] cnn_neat: Added edge 2→1 (from 14 candidates)
2026-08-25 09:08:02,533 [DEBUG] cnn_neat: Added edge 3→2 (from 12 candidates)
2026-08-25 09:08:02,535 [DEBUG] cnn_neat: Split edge 0→3, new hidden node 8 (pool=4)
2026-08-25 09:08:02,567 [DEBUG] cnn_neat: Split edge 2→3, new hidden node 6 (pool=6)
2026-08-25 09:08:02,574 [DEBUG] cnn_neat: Added edge 3→1 (from 8 candidates)
2026-08-25 09:08:02,587 [DEBUG] cnn_neat: Removed hidden node 3 (pool=2)
2026-08-25 09:08:02,642 [DEBUG] cnn_neat: Removed edge 3→5 (from 4 candidates)
2026-08-25 09:08:02,677 [DEBUG] cnn_neat: Removed 3 edges (requested 3)
2026-08-25 09:08:02,680 [DEBUG] cnn_neat: Split edge 0→2, new hidden node 6 (pool=7)
2026-08-25 09:08:02,682 [DEBUG] cnn_neat: Split edge 4→1, new hidden node 6 (pool=4)
2026-08-25 09:08:02,684 [DEBUG] cnn_neat: Split edge 3→5, new hidden node 6 (pool=3)
2026-08-25 09:08:02,685 [DEBUG] cnn_neat: Added edge 0→5 (from 2 candidates)
2026-08-25 09:08:02,714 [DEBUG] cnn_neat: Split edge 2→6, new hidden node 7 (pool=7)
2026-08-25 09:08:02,721 [DEBUG] cnn_neat: Added edge 5→1 (from 9 candidates)
2026-08-25 09:08:02,772 [DEBUG] cnn_neat: Removed hidden node 6 (pool=1)
2026-08-25 09:08:02,860 [DEBUG] cnn_neat: Removed edge 6→3 (from 3 candidates)
2026-08-25 09:08:02,868 [DEBUG] cnn_neat: Removed 2 edges (requested 3)
2026-08-25 09:08:02,873 [DEBUG] cnn_neat: Split edge 6→3, new hidden node 8 (pool=8)
2026-08-25 09:08:02,877 [DEBUG] cnn_neat: Split edge 5→4, new hidden node 7 (pool=6)
2026-08-25 09:08:02,884 [DEBUG] cnn_neat: Added edge 7→3 (from 15 candidates)
2026-08-25 09:08:02,887 [DEBUG] cnn_neat: Added edge 5→6 (from 13 candidates)
2026-08-25 09:08:02,894 [DEBUG] cnn_neat: Added edge 0→3 (from 9 candidates)
2026-08-25 09:08:02,898 [DEBUG] cnn_neat: Split edge 5→4, new hidden node 7 (pool=7)
2026-08-25 09:08:02,905 [DEBUG] cnn_neat: Added edge 2→3 (from 11 candidates)
2026-08-25 09:08:02,908 [DEBUG] cnn_neat: Split edge 2→6, new hidden node 8 (pool=8)
2026-08-25 09:08:02,916 [DEBUG] cnn_neat: Removed hidden node 2 (pool=2)
2026-08-25 09:08:02,921 [DEBUG] cnn_neat: Added edge 6→5 (from 14 candidates)
2026-08-25 09:08:02,935 [DEBUG] cnn_neat: Split edge 0→2, new hidden node 7 (pool=6)
2026-08-25 09:08:02,940 [DEBUG] cnn_neat: Added edge 3→2 (from 10 candidates)
2026-08-25 09:08:02,949 [DEBUG] cnn_neat: Removed hidden node 3 (pool=3)
2026-08-25 09:08:02,954 [DEBUG] cnn_neat: Removed edge 6→5 (from 5 candidates)
2026-08-25 09:08:02,961 [DEBUG] cnn_neat: Removed 3 edges (requested 3)
2026-08-25 09:08:02,965 [DEBUG] cnn_neat: Split edge 0→3, new hidden node 8 (pool=3)
2026-08-25 09:08:02,967 [DEBUG] cnn_neat: Split edge 0→2, new hidden node 7 (pool=7)
2026-08-25 09:08:03,068 [DEBUG] cnn_neat: Split edge 2→1, new hidden node 6 (pool=7)
2026-08-25 09:08:03,074 [DEBUG] cnn_neat: Added edge 5→2 (from 9 candidates)
2026-08-25 09:08:03,085 [DEBUG] cnn_neat: Removed hidden node 5 (pool=3)
2026-08-25 09:08:03,090 [DEBUG] cnn_neat: Removed edge 5→1 (from 6 candidates)
2026-08-25 09:08:03,095 [DEBUG] cnn_neat: Removed 3 edges (requested 3)
2026-08-25 09:08:03,098 [DEBUG] cnn_neat: Split edge 4→2, new hidden node 7 (pool=5)
2026-08-25 09:08:03,100 [DEBUG] cnn_neat: Split edge 5→1, new hidden node 6 (pool=8)
2026-08-25 09:08:03,103 [DEBUG] cnn_neat: Split edge 0→3, new hidden node 5 (pool=3)
2026-08-25 09:08:03,104 [DEBUG] cnn_neat: Added edge 3→1 (from 2 candidates)
2026-08-25 09:08:03,109 [DEBUG] cnn_neat: Split edge 0→3, new hidden node 5 (pool=4)
2026-08-25 09:08:03,110 [DEBUG] cnn_neat: Added edge 4→2 (from 7 candidates)
2026-08-25 09:08:03,112 [DEBUG] cnn_neat: Removed hidden node 2 (pool=1)
2026-08-25 09:08:03,113 [DEBUG] cnn_neat: Removed edge 2→1 (from 1 candidates)
2026-08-25 09:08:03,114 [DEBUG] cnn_neat: Removed 1 edges (requested 3)
2026-08-25 09:08:03,116 [DEBUG] cnn_neat: Split edge 3→4, new hidden node 5 (pool=3)
2026-08-25 09:08:03,120 [DEBUG] cnn_neat: Added edge 0→4 (from 3 candidates)
2026-08-25 09:08:03,126 [DEBUG] cnn_neat: Split edge 5→4, new hidden node 6 (pool=4)
2026-08-25 09:08:03,132 [DEBUG] cnn_neat: Removed hidden node 2 (pool=1)
2026-08-25 09:08:03,138 [DEBUG] cnn_neat: Added edge 5→2 (from 5 candidates)
2026-08-25 09:08:03,143 [DEBUG] cnn_neat: Split edge 0→4, new hidden node 5 (pool=4)
2026-08-25 09:08:03,169 [DEBUG] cnn_neat: Split edge 0→3, new hidden node 5 (pool=2)
2026-08-25 09:08:03,172 [DEBUG] cnn_neat: Added edge 0→4 (from 1 candidates)
2026-08-25 09:08:03,176 [DEBUG] cnn_neat: Removed hidden node 4 (pool=1)
2026-08-25 09:08:03,178 [DEBUG] cnn_neat: Removed edge 3→1 (from 3 candidates)
2026-08-25 09:08:03,179 [DEBUG] cnn_neat: Removed 2 edges (requested 3)
2026-08-25 09:08:03,183 [DEBUG] cnn_neat: Split edge 4→1, new hidden node 6 (pool=6)
2026-08-25 09:08:03,323 [DEBUG] cnn_neat: Added edge 5→3 (from 11 candidates)
2026-08-25 09:08:03,335 [DEBUG] cnn_neat: Removed hidden node 5 (pool=2)
2026-08-25 09:08:03,339 [DEBUG] cnn_neat: Removed edge 2→4 (from 3 candidates)
2026-08-25 09:08:03,343 [DEBUG] cnn_neat: Removed 3 edges (requested 3)
2026-08-25 09:08:03,345 [DEBUG] cnn_neat: Split edge 2→4, new hidden node 7 (pool=7)
2026-08-25 09:08:03,347 [DEBUG] cnn_neat: Split edge 5→3, new hidden node 6 (pool=7)
2026-08-25 09:08:03,457 [DEBUG] cnn_neat: Added edge 0→2 (from 15 candidates)
2026-08-25 09:08:03,459 [DEBUG] cnn_neat: Added edge 2→3 (from 7 candidates)
2026-08-25 09:08:03,463 [DEBUG] cnn_neat: Split edge 5→1, new hidden node 6 (pool=3)
2026-08-25 09:08:03,465 [DEBUG] cnn_neat: Added edge 0→5 (from 2 candidates)
2026-08-25 09:08:03,472 [DEBUG] cnn_neat: Split edge 0→4, new hidden node 6 (pool=4)
2026-08-25 09:08:03,474 [DEBUG] cnn_neat: Added edge 4→5 (from 7 candidates)
2026-08-25 09:08:03,479 [DEBUG] cnn_neat: Removed hidden node 4 (pool=1)
2026-08-25 09:08:03,481 [DEBUG] cnn_neat: Removed edge 0→4 (from 1 candidates)
2026-08-25 09:08:03,483 [DEBUG] cnn_neat: Removed 1 edges (requested 3)
2026-08-25 09:08:03,486 [DEBUG] cnn_neat: Split edge 4→5, new hidden node 6 (pool=5)
2026-08-25 09:08:03,489 [DEBUG] cnn_neat: Added edge 4→3 (from 5 candidates)
2026-08-25 09:08:03,492 [DEBUG] cnn_neat: Split edge 0→3, new hidden node 7 (pool=6)
2026-08-25 09:08:03,497 [DEBUG] cnn_neat: Removed hidden node 3 (pool=2)
2026-08-25 09:08:03,500 [DEBUG] cnn_neat: Added edge 6→3 (from 10 candidates)
2026-08-25 09:08:03,505 [DEBUG] cnn_neat: Split edge 5→3, new hidden node 6 (pool=3)
2026-08-25 09:08:03,508 [DEBUG] cnn_neat: Added edge 5→4 (from 3 candidates)
2026-08-25 09:08:03,513 [DEBUG] cnn_neat: Removed hidden node 4 (pool=1)
2026-08-25 09:08:03,515 [DEBUG] cnn_neat: Removed edge 3→4 (from 3 candidates)
2026-08-25 09:08:03,526 [DEBUG] cnn_neat: Removed 2 edges (requested 3)
2026-08-25 09:08:03,530 [DEBUG] cnn_neat: Split edge 4→1, new hidden node 6 (pool=6)
2026-08-25 09:08:03,532 [DEBUG] cnn_neat: Split edge 0→5, new hidden node 6 (pool=3)
2026-08-25 09:08:03,540 [DEBUG] cnn_neat: Split edge 4→1, new hidden node 6 (pool=4)
2026-08-25 09:08:03,550 [DEBUG] cnn_neat: Split edge 5→3, new hidden node 7 (pool=4)
2026-08-25 09:08:03,556 [DEBUG] cnn_neat: Added edge 0→3 (from 12 candidates)
2026-08-25 09:08:03,568 [DEBUG] cnn_neat: Removed hidden node 2 (pool=2)
2026-08-25 09:08:03,577 [DEBUG] cnn_neat: Removed edge 6→2 (from 2 candidates)
2026-08-25 09:08:03,589 [DEBUG] cnn_neat: Removed 2 edges (requested 3)
2026-08-25 09:08:03,596 [DEBUG] cnn_neat: Split edge 3→4, new hidden node 8 (pool=2)
2026-08-25 09:08:03,602 [DEBUG] cnn_neat: Split edge 0→5, new hidden node 7 (pool=5)
2026-08-25 09:08:03,612 [DEBUG] cnn_neat: Added edge 2→1 (from 16 candidates)
2026-08-25 09:08:03,621 [DEBUG] cnn_neat: Added edge 0→3 (from 8 candidates)
2026-08-25 09:08:03,648 [DEBUG] cnn_neat: Saved generation 2
2026-08-25 09:08:03,746 [DEBUG] cnn_neat: Split edge 4→2, new hidden node 5 (pool=3)
2026-08-25 09:08:03,763 [DEBUG] cnn_neat: Added edge 0→1 (from 8 candidates)
2026-08-25 09:08:03,770 [DEBUG] cnn_neat: Selected 25 elite individuals
2026-08-25 09:08:03,778 [DEBUG] cnn_neat: Removed hidden node 2 (pool=2)
2026-08-25 09:08:03,780 [DEBUG] cnn_neat: Removed edge 4→2 (from 1 candidates)
2026-08-25 09:08:03,786 [DEBUG] cnn_neat: Removed 1 edges (requested 3)
2026-08-25 09:08:03,791 [DEBUG] cnn_neat: Split edge 4→2, new hidden node 5 (pool=2)
2026-08-25 09:08:03,798 [DEBUG] cnn_neat: Added edge 0→2 (from 5 candidates)
2026-08-25 09:08:03,814 [DEBUG] cnn_neat: Removed hidden node 4 (pool=3)
2026-08-25 09:08:03,836 [DEBUG] cnn_neat: Added edge 4→2 (from 8 candidates)
2026-08-25 09:08:03,920 [DEBUG] cnn_neat: Split edge 0→1, new hidden node 5 (pool=2)
2026-08-25 09:08:03,922 [DEBUG] cnn_neat: Removed edge 0→1 (from 4 candidates)
2026-08-25 09:08:03,939 [DEBUG] cnn_neat: Removed hidden node 2 (pool=4)
2026-08-25 09:08:03,955 [DEBUG] cnn_neat: Split edge 4→1, new hidden node 5 (pool=3)
2026-08-25 09:08:03,966 [DEBUG] cnn_neat: Added edge 0→4 (from 2 candidates)
2026-08-25 09:08:03,987 [DEBUG] cnn_neat: Split edge 0→3, new hidden node 5 (pool=2)
2026-08-25 09:08:03,994 [DEBUG] cnn_neat: Added edge 0→4 (from 1 candidates)
2026-08-25 09:08:04,003 [DEBUG] cnn_neat: Removed hidden node 4 (pool=1)
2026-08-25 09:08:04,009 [DEBUG] cnn_neat: Removed edge 4→1 (from 3 candidates)
2026-08-25 09:08:04,324 [DEBUG] cnn_neat: Removed 2 edges (requested 3)
2026-08-25 09:08:04,330 [DEBUG] cnn_neat: Split edge 3→1, new hidden node 5 (pool=2)
2026-08-25 09:08:04,338 [DEBUG] cnn_neat: Split edge 0→3, new hidden node 7 (pool=6)
2026-08-25 09:08:04,342 [DEBUG] cnn_neat: Added edge 0→4 (from 7 candidates)
2026-08-25 09:08:04,348 [DEBUG] cnn_neat: Removed hidden node 6 (pool=1)
2026-08-25 09:08:04,351 [DEBUG] cnn_neat: Split edge 0→3, new hidden node 6 (pool=4)
2026-08-25 09:08:04,354 [DEBUG] cnn_neat: Added edge 6→4 (from 6 candidates)
2026-08-25 09:08:04,358 [DEBUG] cnn_neat: Removed edge 3→5 (from 3 candidates)
2026-08-25 09:08:04,361 [DEBUG] cnn_neat: Split edge 6→5, new hidden node 7 (pool=5)
2026-08-25 09:08:04,366 [DEBUG] cnn_neat: Removed 2 edges (requested 3)
2026-08-25 09:08:04,369 [DEBUG] cnn_neat: Split edge 3→5, new hidden node 6 (pool=4)
2026-08-25 09:08:04,372 [DEBUG] cnn_neat: Added edge 6→4 (from 6 candidates)
2026-08-25 09:08:04,377 [DEBUG] cnn_neat: Crossover union: A_edges=6 B_added=3 dup_skipped=0 child_edges=9 nodes=8
2026-08-25 09:08:04,381 [DEBUG] cnn_neat: Added edge 6→1 (from 7 candidates)
2026-08-25 09:08:04,389 [DEBUG] cnn_neat: Added edge 0→5 (from 5 candidates)
2026-08-25 09:08:04,394 [DEBUG] cnn_neat: Added edge 3→4 (from 6 candidates)
2026-08-25 09:08:04,398 [DEBUG] cnn_neat: Added edge 3→1 (from 5 candidates)
2026-08-25 09:08:04,402 [DEBUG] cnn_neat: Added edge 5→1 (from 4 candidates)
2026-08-25 09:08:04,410 [DEBUG] cnn_neat: Split edge 8→1, new hidden node 10 (pool=5)
2026-08-25 09:08:04,417 [DEBUG] cnn_neat: Added edge 9→1 (from 26 candidates)
2026-08-25 09:08:04,428 [DEBUG] cnn_neat: Removed hidden node 8 (pool=6)
2026-08-25 09:08:04,434 [DEBUG] cnn_neat: Removed edge 8→1 (from 7 candidates)
2026-08-25 09:08:04,445 [DEBUG] cnn_neat: Removed 3 edges (requested 3)
2026-08-25 09:08:04,451 [DEBUG] cnn_neat: Crossover rejected: union topology invalid (edges=19 nodes=11)
2026-08-25 09:08:04,458 [DEBUG] cnn_neat: Split edge 7→8, new hidden node 10 (pool=5)
2026-08-25 09:08:04,465 [DEBUG] cnn_neat: Added edge 3→2 (from 26 candidates)
2026-08-25 09:08:04,471 [DEBUG] cnn_neat: Added edge 7→2 (from 23 candidates)
2026-08-25 09:08:04,486 [DEBUG] cnn_neat: Added edge 8→3 (from 21 candidates)
2026-08-25 09:08:04,496 [DEBUG] cnn_neat: Added edge 8→2 (from 17 candidates)
2026-08-25 09:08:04,504 [DEBUG] cnn_neat: Added edge 7→9 (from 16 candidates)
2026-08-25 09:08:04,510 [DEBUG] cnn_neat: Split edge 4→1, new hidden node 6 (pool=6)
2026-08-25 09:08:04,515 [DEBUG] cnn_neat: Added edge 2→4 (from 7 candidates)
2026-08-25 09:08:04,522 [DEBUG] cnn_neat: Removed hidden node 4 (pool=3)
2026-08-25 09:08:04,525 [DEBUG] cnn_neat: Removed edge 5→1 (from 6 candidates)
2026-08-25 09:08:04,531 [DEBUG] cnn_neat: Removed 3 edges (requested 3)
2026-08-25 09:08:04,533 [DEBUG] cnn_neat: Split edge 5→1, new hidden node 6 (pool=4)
2026-08-25 09:08:04,539 [DEBUG] cnn_neat: Crossover rejected: copied edge has no live Conv2d
2026-08-25 09:08:04,542 [DEBUG] cnn_neat: Split edge 0→3, new hidden node 6 (pool=6)
2026-08-25 09:08:04,547 [DEBUG] cnn_neat: Added edge 0→4 (from 7 candidates)
2026-08-25 09:08:04,552 [DEBUG] cnn_neat: Added edge 0→2 (from 7 candidates)
2026-08-25 09:08:04,556 [DEBUG] cnn_neat: Added edge 3→1 (from 6 candidates)
2026-08-25 09:08:04,561 [DEBUG] cnn_neat: Added edge 0→5 (from 5 candidates)
2026-08-25 09:08:04,567 [DEBUG] cnn_neat: Added edge 3→5 (from 5 candidates)
2026-08-25 09:08:04,572 [DEBUG] cnn_neat: Split edge 0→3, new hidden node 5 (pool=8)
2026-08-25 09:08:04,577 [DEBUG] cnn_neat: Added edge 4→3 (from 2 candidates)
2026-08-25 09:08:04,583 [DEBUG] cnn_neat: Removed hidden node 2 (pool=3)
2026-08-25 09:08:04,589 [DEBUG] cnn_neat: Removed edge 0→2 (from 8 candidates)
2026-08-25 09:08:04,592 [DEBUG] cnn_neat: Split edge 3→1, new hidden node 5 (pool=3)
2026-08-25 09:08:04,600 [DEBUG] cnn_neat: Removed 3 edges (requested 3)
2026-08-25 09:08:04,606 [DEBUG] cnn_neat: Crossover rejected: union topology invalid (edges=14 nodes=9)
2026-08-25 09:08:04,611 [DEBUG] cnn_neat: Split edge 2→1, new hidden node 5 (pool=8)
2026-08-25 09:08:04,615 [DEBUG] cnn_neat: Added edge 4→3 (from 2 candidates)
2026-08-25 09:08:04,620 [DEBUG] cnn_neat: Added edge 0→1 (from 1 candidates)
2026-08-25 09:08:04,633 [DEBUG] cnn_neat: Split edge 0→1, new hidden node 5 (pool=1)
2026-08-25 09:08:04,639 [DEBUG] cnn_neat: Added edge 5→2 (from 7 candidates)
2026-08-25 09:08:04,642 [DEBUG] cnn_neat: Split edge 3→1, new hidden node 5 (pool=2)
2026-08-25 09:08:04,646 [DEBUG] cnn_neat: Added edge 0→4 (from 1 candidates)
2026-08-25 09:08:04,649 [DEBUG] cnn_neat: Split edge 4→1, new hidden node 5 (pool=5)
2026-08-25 09:08:04,654 [DEBUG] cnn_neat: Removed hidden node 4 (pool=1)
2026-08-25 09:08:04,656 [DEBUG] cnn_neat: Split edge 3→1, new hidden node 4 (pool=2)
2026-08-25 09:08:04,659 [DEBUG] cnn_neat: Added edge 0→4 (from 2 candidates)
2026-08-25 09:08:04,662 [DEBUG] cnn_neat: Removed hidden node 3 (pool=1)
2026-08-25 09:08:04,665 [DEBUG] cnn_neat: Removed edge 4→1 (from 3 candidates)
2026-08-25 09:08:04,668 [DEBUG] cnn_neat: Removed 2 edges (requested 3)
2026-08-25 09:08:04,669 [DEBUG] cnn_neat: Split edge 3→1, new hidden node 4 (pool=2)
2026-08-25 09:08:04,673 [DEBUG] cnn_neat: Added edge 0→4 (from 2 candidates)
2026-08-25 09:08:04,678 [DEBUG] cnn_neat: Removed hidden node 3 (pool=1)
2026-08-25 09:08:04,681 [DEBUG] cnn_neat: Split edge 4→1, new hidden node 5 (pool=2)
2026-08-25 09:08:04,685 [DEBUG] cnn_neat: Crossover union: A_edges=4 B_added=5 dup_skipped=0 child_edges=9 nodes=7
2026-08-25 09:08:04,688 [DEBUG] cnn_neat: Added edge 0→4 (from 1 candidates)
2026-08-25 09:08:04,690 [DEBUG] cnn_neat: Added edge 0→1 (from 1 candidates)
2026-08-25 09:08:04,700 [DEBUG] cnn_neat: Split edge 0→1, new hidden node 5 (pool=1)
2026-08-25 09:08:04,704 [DEBUG] cnn_neat: Split edge 4→3, new hidden node 5 (pool=3)
2026-08-25 09:08:04,709 [DEBUG] cnn_neat: Split edge 0→3, new hidden node 6 (pool=2)
2026-08-25 09:08:04,713 [DEBUG] cnn_neat: Added edge 2→3 (from 17 candidates)
2026-08-25 09:08:04,718 [DEBUG] cnn_neat: Added edge 4→1 (from 4 candidates)
2026-08-25 09:08:04,722 [DEBUG] cnn_neat: Split edge 4→1, new hidden node 5 (pool=4)
2026-08-25 09:08:04,728 [DEBUG] cnn_neat: Removed hidden node 3 (pool=3)
2026-08-25 09:08:04,730 [DEBUG] cnn_neat: Split edge 2→1, new hidden node 5 (pool=3)
2026-08-25 09:08:04,733 [DEBUG] cnn_neat: Added edge 0→5 (from 4 candidates)
2026-08-25 09:08:04,737 [DEBUG] cnn_neat: Removed edge 4→2 (from 6 candidates)
2026-08-25 09:08:04,742 [DEBUG] cnn_neat: Removed 3 edges (requested 3)
2026-08-25 09:08:04,744 [DEBUG] cnn_neat: Split edge 0→4, new hidden node 5 (pool=3)
2026-08-25 09:08:04,747 [DEBUG] cnn_neat: Added edge 0→2 (from 4 candidates)
2026-08-25 09:08:04,752 [DEBUG] cnn_neat: Crossover rejected: union topology invalid (edges=10 nodes=8)
2026-08-25 09:08:04,757 [DEBUG] cnn_neat: Split edge 3→1, new hidden node 5 (pool=3)
2026-08-25 09:08:04,761 [DEBUG] cnn_neat: Added edge 4→5 (from 9 candidates)
2026-08-25 09:08:04,765 [DEBUG] cnn_neat: Added edge 2→3 (from 4 candidates)
2026-08-25 09:08:04,769 [DEBUG] cnn_neat: Added edge 0→2 (from 2 candidates)
2026-08-25 09:08:04,774 [DEBUG] cnn_neat: Added edge 0→1 (from 2 candidates)
2026-08-25 09:08:04,779 [DEBUG] cnn_neat: Added edge 4→1 (from 1 candidates)
2026-08-25 09:08:04,786 [DEBUG] cnn_neat: Split edge 0→1, new hidden node 5 (pool=1)
2026-08-25 09:08:04,792 [DEBUG] cnn_neat: Added edge 4→5 (from 7 candidates)
2026-08-25 09:08:04,795 [DEBUG] cnn_neat: Split edge 0→4, new hidden node 6 (pool=5)
2026-08-25 09:08:04,799 [DEBUG] cnn_neat: Added edge 4→1 (from 4 candidates)
2026-08-25 09:08:04,804 [DEBUG] cnn_neat: Removed hidden node 3 (pool=1)
2026-08-25 09:08:04,807 [DEBUG] cnn_neat: Split edge 4→5, new hidden node 6 (pool=3)
2026-08-25 09:08:04,811 [DEBUG] cnn_neat: Removed edge 0→4 (from 3 candidates)
2026-08-25 09:08:04,814 [DEBUG] cnn_neat: Split edge 4→5, new hidden node 6 (pool=4)
2026-08-25 09:08:04,818 [DEBUG] cnn_neat: Added edge 4→5 (from 6 candidates)
2026-08-25 09:08:04,822 [DEBUG] cnn_neat: Removed 2 edges (requested 3)
2026-08-25 09:08:04,824 [DEBUG] cnn_neat: Split edge 5→1, new hidden node 6 (pool=3)
2026-08-25 09:08:04,828 [DEBUG] cnn_neat: Crossover union: A_edges=5 B_added=9 dup_skipped=0 child_edges=14 nodes=10
2026-08-25 09:08:04,834 [DEBUG] cnn_neat: Added edge 0→5 (from 4 candidates)
2026-08-25 09:08:04,838 [DEBUG] cnn_neat: Added edge 0→1 (from 4 candidates)
2026-08-25 09:08:04,841 [DEBUG] cnn_neat: Added edge 4→1 (from 3 candidates)
2026-08-25 09:08:04,845 [DEBUG] cnn_neat: Added edge 3→5 (from 2 candidates)
2026-08-25 09:08:04,851 [DEBUG] cnn_neat: Added edge 3→1 (from 1 candidates)
2026-08-25 09:08:04,855 [DEBUG] cnn_neat: Split edge 7→1, new hidden node 9 (pool=3)
2026-08-25 09:08:04,921 [DEBUG] cnn_neat: Split edge 3→5, new hidden node 6 (pool=6)
2026-08-25 09:08:04,927 [DEBUG] cnn_neat: Added edge 5→4 (from 12 candidates)
2026-08-25 09:08:04,952 [DEBUG] cnn_neat: Removed hidden node 4 (pool=4)
2026-08-25 09:08:04,987 [DEBUG] cnn_neat: Removed edge 0→4 (from 6 candidates)
2026-08-25 09:08:04,995 [DEBUG] cnn_neat: Removed 3 edges (requested 3)
2026-08-25 09:08:05,028 [DEBUG] cnn_neat: Split edge 4→2, new hidden node 7 (pool=3)
2026-08-25 09:08:05,041 [DEBUG] cnn_neat: Split edge 5→1, new hidden node 6 (pool=7)
2026-08-25 09:08:05,048 [DEBUG] cnn_neat: Split edge 5→1, new hidden node 6 (pool=5)
2026-08-25 09:08:05,100 [DEBUG] cnn_neat: Split edge 0→3, new hidden node 5 (pool=3)
2026-08-25 09:08:05,105 [DEBUG] cnn_neat: Added edge 3→1 (from 2 candidates)
2026-08-25 09:08:05,120 [DEBUG] cnn_neat: Split edge 0→3, new hidden node 5 (pool=4)
2026-08-25 09:08:05,125 [DEBUG] cnn_neat: Added edge 3→1 (from 6 candidates)
2026-08-25 09:08:05,131 [DEBUG] cnn_neat: Removed hidden node 2 (pool=1)
2026-08-25 09:08:05,140 [DEBUG] cnn_neat: Removed edge 3→2 (from 1 candidates)
2026-08-25 09:08:05,145 [DEBUG] cnn_neat: Removed 1 edges (requested 3)
2026-08-25 09:08:05,152 [DEBUG] cnn_neat: Split edge 0→3, new hidden node 5 (pool=2)
2026-08-25 09:08:05,157 [DEBUG] cnn_neat: Added edge 4→2 (from 5 candidates)
2026-08-25 09:08:05,164 [DEBUG] cnn_neat: Split edge 5→3, new hidden node 6 (pool=3)
2026-08-25 09:08:05,409 [DEBUG] cnn_neat: Removed hidden node 4 (pool=2)
2026-08-25 09:08:05,501 [DEBUG] cnn_neat: Added edge 2→4 (from 7 candidates)
2026-08-25 09:08:05,554 [DEBUG] cnn_neat: Split edge 3→5, new hidden node 6 (pool=3)
2026-08-25 09:08:05,591 [DEBUG] cnn_neat: Added edge 3→1 (from 2 candidates)
2026-08-25 09:08:05,611 [DEBUG] cnn_neat: Split edge 3→5, new hidden node 6 (pool=4)
2026-08-25 09:08:05,623 [DEBUG] cnn_neat: Added edge 0→5 (from 4 candidates)
2026-08-25 09:08:05,643 [DEBUG] cnn_neat: Split edge 0→3, new hidden node 6 (pool=4)
2026-08-25 09:08:05,648 [DEBUG] cnn_neat: Added edge 0→4 (from 4 candidates)
2026-08-25 09:08:05,688 [DEBUG] cnn_neat: Split edge 8→1, new hidden node 9 (pool=7)
2026-08-25 09:08:05,698 [DEBUG] cnn_neat: Added edge 2→3 (from 17 candidates)
2026-08-25 09:08:05,719 [DEBUG] cnn_neat: Removed hidden node 2 (pool=5)
2026-08-25 09:08:05,730 [DEBUG] cnn_neat: Removed edge 0→8 (from 8 candidates)
2026-08-25 09:08:05,745 [DEBUG] cnn_neat: Removed 3 edges (requested 3)
2026-08-25 09:08:05,760 [DEBUG] cnn_neat: Split edge 3→1, new hidden node 9 (pool=7)
2026-08-25 09:08:05,767 [DEBUG] cnn_neat: Split edge 0→3, new hidden node 9 (pool=8)
2026-08-25 09:08:05,783 [DEBUG] cnn_neat: Split edge 4→2, new hidden node 6 (pool=7)
2026-08-25 09:08:05,791 [DEBUG] cnn_neat: Added edge 2→5 (from 7 candidates)
2026-08-25 09:08:05,805 [DEBUG] cnn_neat: Removed hidden node 2 (pool=4)
2026-08-25 09:08:05,816 [DEBUG] cnn_neat: Removed edge 2→3 (from 6 candidates)
2026-08-25 09:08:05,826 [DEBUG] cnn_neat: Removed 3 edges (requested 3)
2026-08-25 09:15:21,905 [DEBUG] cnn_neat: Split edge 3→5, new hidden node 6 (pool=6)
2026-08-25 09:15:21,911 [DEBUG] cnn_neat: Added edge 3→2 (from 12 candidates)
2026-08-25 09:15:21,925 [DEBUG] cnn_neat: Removed hidden node 5 (pool=4)
2026-08-25 09:15:21,931 [DEBUG] cnn_neat: Removed edge 5→1 (from 6 candidates)
2026-08-25 09:15:21,943 [DEBUG] cnn_neat: Removed 3 edges (requested 3)
2026-08-25 09:15:21,950 [DEBUG] cnn_neat: Split edge 2→1, new hidden node 7 (pool=3)
2026-08-25 09:15:21,953 [DEBUG] cnn_neat: Split edge 3→5, new hidden node 6 (pool=7)
2026-08-25 09:15:21,962 [DEBUG] cnn_neat: Split edge 0→3, new hidden node 6 (pool=5)
2026-08-25 09:15:21,967 [DEBUG] cnn_neat: Split edge 0→3, new hidden node 5 (pool=3)
2026-08-25 09:15:21,969 [DEBUG] cnn_neat: Added edge 0→4 (from 2 candidates)
2026-08-25 09:15:21,975 [DEBUG] cnn_neat: Split edge 3→4, new hidden node 5 (pool=4)
2026-08-25 09:15:21,978 [DEBUG] cnn_neat: Added edge 3→1 (from 6 candidates)
2026-08-25 09:15:21,981 [DEBUG] cnn_neat: Removed hidden node 2 (pool=1)
2026-08-25 09:15:21,983 [DEBUG] cnn_neat: Removed edge 3→2 (from 1 candidates)
2026-08-25 09:15:21,985 [DEBUG] cnn_neat: Removed 1 edges (requested 3)
2026-08-25 09:15:21,988 [DEBUG] cnn_neat: Split edge 0→3, new hidden node 5 (pool=2)
2026-08-25 09:15:21,990 [DEBUG] cnn_neat: Added edge 0→2 (from 5 candidates)
2026-08-25 09:15:21,993 [DEBUG] cnn_neat: Split edge 3→1, new hidden node 6 (pool=3)
2026-08-25 09:15:21,998 [DEBUG] cnn_neat: Removed hidden node 2 (pool=2)
2026-08-25 09:15:22,001 [DEBUG] cnn_neat: Added edge 4→2 (from 7 candidates)
2026-08-25 09:15:22,003 [DEBUG] cnn_neat: Split edge 0→2, new hidden node 5 (pool=4)
2026-08-25 09:15:22,009 [DEBUG] cnn_neat: Split edge 3→1, new hidden node 5 (pool=2)
2026-08-25 09:15:22,012 [DEBUG] cnn_neat: Added edge 0→2 (from 3 candidates)
2026-08-25 09:15:22,017 [DEBUG] cnn_neat: Removed hidden node 4 (pool=3)
2026-08-25 09:15:22,019 [DEBUG] cnn_neat: Removed edge 3→1 (from 6 candidates)
2026-08-25 09:15:22,024 [DEBUG] cnn_neat: Removed 3 edges (requested 3)
2026-08-25 09:15:22,027 [DEBUG] cnn_neat: Split edge 0→4, new hidden node 5 (pool=7)
2026-08-25 09:15:22,029 [DEBUG] cnn_neat: Split edge 2→1, new hidden node 4 (pool=4)
2026-08-25 09:15:22,032 [DEBUG] cnn_neat: Added edge 4→1 (from 3 candidates)
2026-08-25 09:15:22,034 [DEBUG] cnn_neat: Added edge 0→2 (from 2 candidates)
2026-08-25 09:15:22,038 [DEBUG] cnn_neat: Split edge 0→2, new hidden node 6 (pool=5)
2026-08-25 09:15:22,039 [DEBUG] cnn_neat: Split edge 4→1, new hidden node 5 (pool=5)
2026-08-25 09:15:22,044 [DEBUG] cnn_neat: Split edge 0→3, new hidden node 5 (pool=2)
2026-08-25 09:15:22,047 [DEBUG] cnn_neat: Added edge 3→4 (from 6 candidates)
2026-08-25 09:15:22,051 [DEBUG] cnn_neat: Removed hidden node 4 (pool=3)
2026-08-25 09:15:22,053 [DEBUG] cnn_neat: Removed edge 3→1 (from 5 candidates)
2026-08-25 09:15:22,057 [DEBUG] cnn_neat: Removed 2 edges (requested 3)
2026-08-25 09:15:22,060 [DEBUG] cnn_neat: Split edge 4→2, new hidden node 6 (pool=6)
2026-08-25 09:15:22,064 [DEBUG] cnn_neat: Split edge 0→3, new hidden node 5 (pool=3)
2026-08-25 09:15:22,066 [DEBUG] cnn_neat: Split edge 0→3, new hidden node 4 (pool=3)
2026-08-25 09:15:22,070 [DEBUG] cnn_neat: Split edge 3→5, new hidden node 6 (pool=3)
2026-08-25 09:15:22,072 [DEBUG] cnn_neat: Added edge 0→5 (from 2 candidates)
2026-08-25 09:15:22,078 [DEBUG] cnn_neat: Split edge 5→1, new hidden node 6 (pool=4)
2026-08-25 09:15:22,080 [DEBUG] cnn_neat: Added edge 0→5 (from 7 candidates)
2026-08-25 09:15:22,084 [DEBUG] cnn_neat: Removed hidden node 2 (pool=1)
2026-08-25 09:15:22,086 [DEBUG] cnn_neat: Removed edge 0→2 (from 1 candidates)
2026-08-25 09:15:22,088 [DEBUG] cnn_neat: Removed 1 edges (requested 3)
2026-08-25 09:15:22,090 [DEBUG] cnn_neat: Split edge 0→3, new hidden node 6 (pool=5)
2026-08-25 09:15:22,093 [DEBUG] cnn_neat: Added edge 2→1 (from 7 candidates)
2026-08-25 09:15:22,096 [DEBUG] cnn_neat: Split edge 0→2, new hidden node 7 (pool=3)
2026-08-25 09:15:22,101 [DEBUG] cnn_neat: Removed hidden node 2 (pool=2)
2026-08-25 09:15:22,104 [DEBUG] cnn_neat: Added edge 6→5 (from 11 candidates)
2026-08-25 09:15:22,108 [DEBUG] cnn_neat: Split edge 5→1, new hidden node 6 (pool=6)
2026-08-25 09:15:22,147 [DEBUG] cnn_neat: Split edge 5→1, new hidden node 7 (pool=5)
2026-08-25 09:15:22,150 [DEBUG] cnn_neat: Added edge 2→5 (from 13 candidates)
2026-08-25 09:15:22,155 [DEBUG] cnn_neat: Removed hidden node 2 (pool=2)
2026-08-25 09:15:22,158 [DEBUG] cnn_neat: Removed edge 0→6 (from 2 candidates)
2026-08-25 09:15:22,162 [DEBUG] cnn_neat: Removed 2 edges (requested 3)
2026-08-25 09:15:22,164 [DEBUG] cnn_neat: Split edge 0→3, new hidden node 8 (pool=6)
2026-08-25 09:15:22,168 [DEBUG] cnn_neat: Split edge 5→1, new hidden node 7 (pool=6)
2026-08-25 09:15:22,171 [DEBUG] cnn_neat: Added edge 6→3 (from 18 candidates)
2026-08-25 09:15:22,176 [DEBUG] cnn_neat: Added edge 6→5 (from 10 candidates)
2026-08-25 09:15:22,188 [DEBUG] cnn_neat: Split edge 2→1, new hidden node 5 (pool=5)
2026-08-25 09:15:22,189 [DEBUG] cnn_neat: Added edge 4→2 (from 5 candidates)
2026-08-25 09:15:22,191 [DEBUG] cnn_neat: Removed hidden node 2 (pool=2)
2026-08-25 09:15:22,192 [DEBUG] cnn_neat: Removed edge 3→2 (from 4 candidates)
2026-08-25 09:15:22,194 [DEBUG] cnn_neat: Removed 2 edges (requested 3)
2026-08-25 09:15:22,197 [DEBUG] cnn_neat: Split edge 5→4, new hidden node 6 (pool=5)
2026-08-25 09:15:22,199 [DEBUG] cnn_neat: Added edge 0→5 (from 6 candidates)
2026-08-25 09:15:22,206 [DEBUG] cnn_neat: Added edge 2→5 (from 9 candidates)
2026-08-25 09:15:22,211 [DEBUG] cnn_neat: Split edge 0→2, new hidden node 6 (pool=5)
2026-08-25 09:15:22,213 [DEBUG] cnn_neat: Added edge 2→3 (from 5 candidates)
2026-08-25 09:15:22,215 [DEBUG] cnn_neat: Removed hidden node 3 (pool=2)
2026-08-25 09:15:22,217 [DEBUG] cnn_neat: Removed edge 0→2 (from 4 candidates)
2026-08-25 09:15:22,219 [DEBUG] cnn_neat: Removed 2 edges (requested 3)
2026-08-25 09:15:22,220 [DEBUG] cnn_neat: Split edge 2→3, new hidden node 6 (pool=6)
2026-08-25 09:15:22,221 [DEBUG] cnn_neat: Split edge 2→5, new hidden node 6 (pool=4)
2026-08-25 09:15:22,223 [DEBUG] cnn_neat: Added edge 3→1 (from 3 candidates)
2026-08-25 09:15:22,224 [DEBUG] cnn_neat: Added edge 0→2 (from 6 candidates)
2026-08-25 09:15:22,227 [DEBUG] cnn_neat: Split edge 6→3, new hidden node 7 (pool=7)
2026-08-25 09:15:22,331 [DEBUG] cnn_neat: Split edge 3→1, new hidden node 5 (pool=2)
2026-08-25 09:15:22,333 [DEBUG] cnn_neat: Added edge 0→4 (from 3 candidates)
2026-08-25 09:15:22,335 [DEBUG] cnn_neat: Removed hidden node 2 (pool=2)
2026-08-25 09:15:22,337 [DEBUG] cnn_neat: Removed edge 3→4 (from 4 candidates)
2026-08-25 09:15:22,340 [DEBUG] cnn_neat: Removed 3 edges (requested 3)
2026-08-25 09:15:22,344 [DEBUG] cnn_neat: Split edge 4→2, new hidden node 6 (pool=6)
2026-08-25 09:15:22,345 [DEBUG] cnn_neat: Added edge 4→5 (from 8 candidates)
2026-08-25 09:15:22,351 [DEBUG] cnn_neat: Removed hidden node 3 (pool=2)
2026-08-25 09:15:22,352 [DEBUG] cnn_neat: Removed edge 3→4 (from 4 candidates)
2026-08-25 09:15:22,354 [DEBUG] cnn_neat: Removed 1 edges (requested 3)
2026-08-25 09:15:22,356 [DEBUG] cnn_neat: Split edge 5→1, new hidden node 7 (pool=3)
2026-08-25 09:15:22,361 [DEBUG] cnn_neat: Split edge 4→5, new hidden node 6 (pool=7)
2026-08-25 09:15:22,364 [DEBUG] cnn_neat: Split edge 0→3, new hidden node 6 (pool=5)
2026-08-25 09:15:22,367 [DEBUG] cnn_neat: Split edge 3→5, new hidden node 6 (pool=5)
2026-08-25 09:15:22,368 [DEBUG] cnn_neat: Added edge 2→3 (from 6 candidates)
2026-08-25 09:15:22,373 [DEBUG] cnn_neat: Split edge 2→3, new hidden node 6 (pool=6)
2026-08-25 09:15:22,375 [DEBUG] cnn_neat: Added edge 3→5 (from 9 candidates)
2026-08-25 09:15:22,377 [DEBUG] cnn_neat: Added edge 0→5 (from 7 candidates)
2026-08-25 09:15:22,380 [DEBUG] cnn_neat: Split edge 2→4, new hidden node 7 (pool=7)
2026-08-25 09:15:22,382 [DEBUG] cnn_neat: Split edge 4→5, new hidden node 6 (pool=4)
2026-08-25 09:15:22,384 [DEBUG] cnn_neat: Added edge 0→2 (from 4 candidates)
2026-08-25 09:15:22,389 [DEBUG] cnn_neat: Split edge 4→5, new hidden node 6 (pool=5)
2026-08-25 09:15:22,391 [DEBUG] cnn_neat: Added edge 3→2 (from 10 candidates)
2026-08-25 09:15:22,393 [DEBUG] cnn_neat: Removed hidden node 3 (pool=1)
2026-08-25 09:15:22,394 [DEBUG] cnn_neat: Removed edge 0→3 (from 1 candidates)
2026-08-25 09:15:22,396 [DEBUG] cnn_neat: Removed 1 edges (requested 3)
2026-08-25 09:15:22,397 [DEBUG] cnn_neat: Split edge 2→1, new hidden node 7 (pool=6)
2026-08-25 09:15:22,399 [DEBUG] cnn_neat: Split edge 5→2, new hidden node 6 (pool=6)
2026-08-25 09:15:22,401 [DEBUG] cnn_neat: Added edge 6→3 (from 14 candidates)
2026-08-25 09:15:22,403 [DEBUG] cnn_neat: Added edge 4→2 (from 10 candidates)
2026-08-25 09:15:22,407 [DEBUG] cnn_neat: Split edge 0→3, new hidden node 6 (pool=6)
2026-08-25 09:15:22,410 [DEBUG] cnn_neat: Added edge 0→2 (from 6 candidates)
2026-08-25 09:15:22,414 [DEBUG] cnn_neat: Removed hidden node 3 (pool=1)
2026-08-25 09:15:22,416 [DEBUG] cnn_neat: Removed edge 2→3 (from 2 candidates)
2026-08-25 09:15:22,417 [DEBUG] cnn_neat: Removed 2 edges (requested 3)
2026-08-25 09:15:22,419 [DEBUG] cnn_neat: Split edge 0→6, new hidden node 7 (pool=7)
2026-08-25 09:15:22,421 [DEBUG] cnn_neat: Split edge 0→2, new hidden node 6 (pool=4)
2026-08-25 09:15:22,422 [DEBUG] cnn_neat: Added edge 4→6 (from 14 candidates)
2026-08-25 09:15:22,424 [DEBUG] cnn_neat: Added edge 3→1 (from 7 candidates)
2026-08-25 09:15:22,427 [DEBUG] cnn_neat: Split edge 5→2, new hidden node 6 (pool=4)
2026-08-25 09:15:22,428 [DEBUG] cnn_neat: Added edge 0→3 (from 7 candidates)
2026-08-25 09:15:22,430 [DEBUG] cnn_neat: Removed hidden node 3 (pool=1)
2026-08-25 09:15:22,432 [DEBUG] cnn_neat: Removed edge 2→3 (from 1 candidates)
2026-08-25 09:15:22,433 [DEBUG] cnn_neat: Removed 1 edges (requested 3)
2026-08-25 09:15:22,435 [DEBUG] cnn_neat: Split edge 2→1, new hidden node 7 (pool=1)
2026-08-25 09:15:22,436 [DEBUG] cnn_neat: Added edge 6→3 (from 10 candidates)
2026-08-25 09:15:22,440 [DEBUG] cnn_neat: Removed hidden node 3 (pool=1)
2026-08-25 09:15:22,442 [DEBUG] cnn_neat: Added edge 0→2 (from 15 candidates)
2026-08-25 09:15:22,443 [DEBUG] cnn_neat: Split edge 6→2, new hidden node 7 (pool=7)
2026-08-25 09:15:22,447 [DEBUG] cnn_neat: Split edge 0→3, new hidden node 4 (pool=5)
2026-08-25 09:15:22,448 [DEBUG] cnn_neat: Added edge 0→1 (from 1 candidates)
2026-08-25 09:15:22,450 [DEBUG] cnn_neat: Removed hidden node 3 (pool=2)
2026-08-25 09:15:22,452 [DEBUG] cnn_neat: Removed edge 2→1 (from 5 candidates)
2026-08-25 09:15:22,454 [DEBUG] cnn_neat: Removed 3 edges (requested 3)
2026-08-25 09:15:22,455 [DEBUG] cnn_neat: Split edge 0→1, new hidden node 4 (pool=1)
2026-08-25 09:15:22,458 [DEBUG] cnn_neat: Split edge 0→4, new hidden node 5 (pool=7)
2026-08-25 09:15:22,461 [DEBUG] cnn_neat: Removed hidden node 2 (pool=2)
2026-08-25 09:15:22,463 [DEBUG] cnn_neat: Added edge 4→2 (from 5 candidates)
2026-08-25 09:15:22,465 [DEBUG] cnn_neat: Split edge 2→1, new hidden node 6 (pool=5)
2026-08-25 09:15:22,468 [DEBUG] cnn_neat: Split edge 5→4, new hidden node 7 (pool=4)
2026-08-25 09:15:22,470 [DEBUG] cnn_neat: Added edge 6→4 (from 4 candidates)
2026-08-25 09:15:22,473 [DEBUG] cnn_neat: Split edge 5→7, new hidden node 8 (pool=5)
2026-08-25 09:15:22,475 [DEBUG] cnn_neat: Split edge 6→5, new hidden node 7 (pool=5)
2026-08-25 09:15:22,477 [DEBUG] cnn_neat: Added edge 6→7 (from 6 candidates)
2026-08-25 09:15:22,478 [DEBUG] cnn_neat: Added edge 5→1 (from 4 candidates)
2026-08-25 09:15:22,482 [DEBUG] cnn_neat: Added edge 2→6 (from 9 candidates)
2026-08-25 09:15:22,487 [DEBUG] cnn_neat: Split edge 4→5, new hidden node 7 (pool=7)
2026-08-25 09:15:22,489 [DEBUG] cnn_neat: Added edge 4→1 (from 11 candidates)
2026-08-25 09:15:22,491 [DEBUG] cnn_neat: Split edge 3→1, new hidden node 8 (pool=4)
2026-08-25 09:15:22,495 [DEBUG] cnn_neat: Removed hidden node 5 (pool=2)
2026-08-25 09:15:22,497 [DEBUG] cnn_neat: Added edge 4→3 (from 13 candidates)
2026-08-25 09:15:22,500 [DEBUG] cnn_neat: Split edge 4→5, new hidden node 6 (pool=3)
2026-08-25 09:15:22,501 [DEBUG] cnn_neat: Added edge 0→5 (from 2 candidates)
2026-08-25 09:15:22,511 [DEBUG] cnn_neat: Added edge 4→5 (from 9 candidates)
2026-08-25 09:15:22,515 [DEBUG] cnn_neat: Split edge 2→5, new hidden node 7 (pool=7)
2026-08-25 09:15:22,517 [DEBUG] cnn_neat: Added edge 3→2 (from 9 candidates)
2026-08-25 09:15:22,520 [DEBUG] cnn_neat: Split edge 4→5, new hidden node 8 (pool=2)
2026-08-25 09:15:22,523 [DEBUG] cnn_neat: Removed hidden node 2 (pool=1)
2026-08-25 09:15:22,526 [DEBUG] cnn_neat: Added edge 3→7 (from 12 candidates)
2026-08-25 09:15:22,529 [DEBUG] cnn_neat: Split edge 3→4, new hidden node 6 (pool=5)
2026-08-25 09:15:22,531 [DEBUG] cnn_neat: Added edge 4→5 (from 5 candidates)
2026-08-25 09:15:22,533 [DEBUG] cnn_neat: Removed hidden node 5 (pool=2)
2026-08-25 09:15:22,534 [DEBUG] cnn_neat: Removed edge 5→1 (from 4 candidates)
2026-08-25 09:15:22,536 [DEBUG] cnn_neat: Removed 2 edges (requested 3)
2026-08-25 09:15:22,538 [DEBUG] cnn_neat: Split edge 0→3, new hidden node 7 (pool=3)
2026-08-25 09:15:22,540 [DEBUG] cnn_neat: Split edge 3→5, new hidden node 6 (pool=6)
2026-08-25 09:15:22,544 [DEBUG] cnn_neat: Split edge 0→3, new hidden node 6 (pool=4)
2026-08-25 09:15:22,551 [DEBUG] cnn_neat: Split edge 5→4, new hidden node 6 (pool=4)
2026-08-25 09:15:22,553 [DEBUG] cnn_neat: Added edge 5→1 (from 4 candidates)
2026-08-25 09:15:22,556 [DEBUG] cnn_neat: Split edge 3→5, new hidden node 6 (pool=3)
2026-08-25 09:15:22,558 [DEBUG] cnn_neat: Added edge 3→4 (from 3 candidates)
2026-08-25 09:15:22,560 [DEBUG] cnn_neat: Split edge 0→3, new hidden node 7 (pool=4)
2026-08-25 09:15:22,562 [DEBUG] cnn_neat: Removed hidden node 4 (pool=1)
2026-08-25 09:15:22,564 [DEBUG] cnn_neat: Added edge 0→6 (from 5 candidates)
2026-08-25 09:15:22,566 [DEBUG] cnn_neat: Split edge 5→1, new hidden node 8 (pool=1)
2026-08-25 09:15:22,572 [DEBUG] cnn_neat: Split edge 3→4, new hidden node 6 (pool=4)
2026-08-25 09:15:22,574 [DEBUG] cnn_neat: Added edge 0→4 (from 4 candidates)
2026-08-25 09:15:22,586 [DEBUG] cnn_neat: Split edge 8→1, new hidden node 9 (pool=7)
2026-08-25 09:15:22,593 [DEBUG] cnn_neat: Added edge 2→8 (from 17 candidates)
2026-08-25 09:15:22,601 [DEBUG] cnn_neat: Removed hidden node 7 (pool=5)
2026-08-25 09:15:22,604 [DEBUG] cnn_neat: Removed edge 3→1 (from 8 candidates)
2026-08-25 09:15:22,608 [DEBUG] cnn_neat: Removed 3 edges (requested 3)
2026-08-25 09:15:22,611 [DEBUG] cnn_neat: Split edge 0→8, new hidden node 9 (pool=7)
2026-08-25 09:15:22,613 [DEBUG] cnn_neat: Split edge 0→3, new hidden node 9 (pool=4)
2026-08-25 09:15:22,616 [DEBUG] cnn_neat: Split edge 2→3, new hidden node 6 (pool=7)
2026-08-25 09:15:22,620 [DEBUG] cnn_neat: Added edge 0→2 (from 7 candidates)
2026-08-25 09:15:22,627 [DEBUG] cnn_neat: Removed hidden node 2 (pool=4)
2026-08-25 09:15:22,629 [DEBUG] cnn_neat: Removed edge 2→1 (from 6 candidates)
2026-08-25 09:15:22,631 [DEBUG] cnn_neat: Removed 3 edges (requested 3)
2026-08-25 09:15:22,633 [DEBUG] cnn_neat: Split edge 0→4, new hidden node 6 (pool=6)
2026-08-25 09:15:22,635 [DEBUG] cnn_neat: Split edge 4→2, new hidden node 6 (pool=4)
2026-08-25 09:15:22,637 [DEBUG] cnn_neat: Added edge 4→3 (from 8 candidates)
2026-08-25 09:15:22,638 [DEBUG] cnn_neat: Added edge 4→3 (from 13 candidates)
2026-08-25 09:15:22,640 [DEBUG] cnn_neat: Split edge 3→2, new hidden node 6 (pool=5)
2026-08-25 09:15:22,642 [DEBUG] cnn_neat: Added edge 5→2 (from 10 candidates)
2026-08-25 09:15:22,644 [DEBUG] cnn_neat: Removed hidden node 2 (pool=1)
2026-08-25 09:15:22,646 [DEBUG] cnn_neat: Removed edge 3→2 (from 1 candidates)
2026-08-25 09:15:22,646 [DEBUG] cnn_neat: Removed 1 edges (requested 3)
2026-08-25 09:15:22,648 [DEBUG] cnn_neat: Split edge 3→4, new hidden node 6 (pool=6)
2026-08-25 09:15:22,649 [DEBUG] cnn_neat: Added edge 4→1 (from 7 candidates)
2026-08-25 09:15:22,651 [DEBUG] cnn_neat: Split edge 3→6, new hidden node 7 (pool=7)
2026-08-25 09:15:22,654 [DEBUG] cnn_neat: Removed hidden node 2 (pool=1)
2026-08-25 09:15:22,656 [DEBUG] cnn_neat: Added edge 4→2 (from 9 candidates)
2026-08-25 09:15:22,657 [DEBUG] cnn_neat: Split edge 3→2, new hidden node 6 (pool=4)
2026-08-25 09:15:22,664 [DEBUG] cnn_neat: Split edge 2→1, new hidden node 7 (pool=3)
2026-08-25 09:15:22,667 [DEBUG] cnn_neat: Added edge 5→1 (from 16 candidates)
2026-08-25 09:15:22,670 [DEBUG] cnn_neat: Removed hidden node 5 (pool=5)
2026-08-25 09:15:22,671 [DEBUG] cnn_neat: Removed edge 5→6 (from 7 candidates)
2026-08-25 09:15:22,674 [DEBUG] cnn_neat: Removed 3 edges (requested 3)
2026-08-25 09:15:22,676 [DEBUG] cnn_neat: Split edge 7→1, new hidden node 8 (pool=8)
2026-08-25 09:15:22,677 [DEBUG] cnn_neat: Split edge 2→1, new hidden node 7 (pool=5)
2026-08-25 09:15:22,680 [DEBUG] cnn_neat: Split edge 4→2, new hidden node 5 (pool=4)
2026-08-25 09:15:22,681 [DEBUG] cnn_neat: Added edge 3→2 (from 7 candidates)
2026-08-25 09:15:22,683 [DEBUG] cnn_neat: Removed hidden node 3 (pool=1)
2026-08-25 09:15:22,684 [DEBUG] cnn_neat: Removed edge 0→3 (from 1 candidates)
2026-08-25 09:15:22,685 [DEBUG] cnn_neat: Removed 1 edges (requested 3)
2026-08-25 09:15:22,687 [DEBUG] cnn_neat: Split edge 3→2, new hidden node 5 (pool=5)
2026-08-25 09:15:22,688 [DEBUG] cnn_neat: Added edge 0→2 (from 5 candidates)
2026-08-25 09:15:22,690 [DEBUG] cnn_neat: Split edge 2→1, new hidden node 6 (pool=6)
2026-08-25 09:15:22,692 [DEBUG] cnn_neat: Removed hidden node 4 (pool=2)
2026-08-25 09:15:22,694 [DEBUG] cnn_neat: Added edge 0→2 (from 10 candidates)
2026-08-25 09:15:22,698 [DEBUG] cnn_neat: Split edge 4→1, new hidden node 5 (pool=4)
2026-08-25 09:15:22,702 [DEBUG] cnn_neat: Added edge 0→2 (from 7 candidates)
2026-08-25 09:15:22,708 [DEBUG] cnn_neat: Removed hidden node 2 (pool=1)
2026-08-25 09:15:22,712 [DEBUG] cnn_neat: Removed edge 2→1 (from 1 candidates)
2026-08-25 09:15:22,715 [DEBUG] cnn_neat: Removed 1 edges (requested 3)
2026-08-25 09:15:22,719 [DEBUG] cnn_neat: Split edge 2→1, new hidden node 5 (pool=2)
2026-08-25 09:15:22,722 [DEBUG] cnn_neat: Added edge 4→2 (from 6 candidates)
2026-08-25 09:15:22,724 [DEBUG] cnn_neat: Split edge 4→1, new hidden node 6 (pool=6)
2026-08-25 09:15:22,726 [DEBUG] cnn_neat: Removed hidden node 3 (pool=3)
2026-08-25 09:15:22,728 [DEBUG] cnn_neat: Added edge 3→5 (from 12 candidates)
2026-08-25 09:15:22,731 [DEBUG] cnn_neat: Split edge 4→1, new hidden node 5 (pool=3)
2026-08-25 09:15:22,732 [DEBUG] cnn_neat: Added edge 0→4 (from 2 candidates)
2026-08-25 09:15:22,736 [DEBUG] cnn_neat: Split edge 3→4, new hidden node 6 (pool=3)
2026-08-25 09:15:22,738 [DEBUG] cnn_neat: Added edge 0→5 (from 9 candidates)
2026-08-25 09:15:22,740 [DEBUG] cnn_neat: Removed hidden node 5 (pool=2)
2026-08-25 09:15:22,741 [DEBUG] cnn_neat: Removed edge 3→5 (from 2 candidates)
2026-08-25 09:15:22,742 [DEBUG] cnn_neat: Removed 2 edges (requested 3)
2026-08-25 09:15:22,746 [DEBUG] cnn_neat: Split edge 4→1, new hidden node 5 (pool=5)
2026-08-25 09:15:22,748 [DEBUG] cnn_neat: Added edge 3→1 (from 5 candidates)
2026-08-25 09:15:22,753 [DEBUG] cnn_neat: Removed hidden node 2 (pool=1)
2026-08-25 09:15:22,755 [DEBUG] cnn_neat: Removed edge 3→2 (from 2 candidates)
2026-08-25 09:15:22,757 [DEBUG] cnn_neat: Removed 2 edges (requested 3)
2026-08-25 09:15:22,758 [DEBUG] cnn_neat: Split edge 0→3, new hidden node 5 (pool=4)
2026-08-25 09:15:22,760 [DEBUG] cnn_neat: Added edge 2→3 (from 7 candidates)
2026-08-25 09:15:22,761 [DEBUG] cnn_neat: Split edge 5→3, new hidden node 6 (pool=5)
2026-08-25 09:15:22,764 [DEBUG] cnn_neat: Removed hidden node 2 (pool=1)
2026-08-25 09:15:22,765 [DEBUG] cnn_neat: Added edge 5→2 (from 10 candidates)
2026-08-25 09:15:22,766 [DEBUG] cnn_neat: Split edge 2→3, new hidden node 5 (pool=5)
2026-08-25 09:15:22,771 [DEBUG] cnn_neat: Split edge 9→1, new hidden node 11 (pool=2)
2026-08-25 09:15:22,776 [DEBUG] cnn_neat: Added edge 2→5 (from 36 candidates)
2026-08-25 09:15:22,922 [DEBUG] cnn_neat: Removed hidden node 4 (pool=7)
2026-08-25 09:15:22,925 [DEBUG] cnn_neat: Removed edge 8→9 (from 6 candidates)
2026-08-25 09:15:22,930 [DEBUG] cnn_neat: Removed 3 edges (requested 3)
2026-08-25 09:15:22,933 [DEBUG] cnn_neat: Split edge 0→10, new hidden node 12 (pool=13)
2026-08-25 09:15:22,937 [DEBUG] cnn_neat: Split edge 3→5, new hidden node 6 (pool=3)
2026-08-25 09:15:22,938 [DEBUG] cnn_neat: Added edge 3→1 (from 2 candidates)
2026-08-25 09:15:22,943 [DEBUG] cnn_neat: Split edge 3→1, new hidden node 5 (pool=3)
2026-08-25 09:15:22,946 [DEBUG] cnn_neat: Added edge 0→2 (from 2 candidates)
2026-08-25 09:15:22,954 [DEBUG] cnn_neat: Removed hidden node 3 (pool=3)
2026-08-25 09:15:22,957 [DEBUG] cnn_neat: Removed edge 0→4 (from 7 candidates)
2026-08-25 09:15:22,964 [DEBUG] cnn_neat: Removed 3 edges (requested 3)
2026-08-25 09:15:22,966 [DEBUG] cnn_neat: Split edge 4→2, new hidden node 6 (pool=8)
2026-08-25 09:15:22,968 [DEBUG] cnn_neat: Split edge 0→3, new hidden node 5 (pool=8)
2026-08-25 09:15:22,971 [DEBUG] cnn_neat: Split edge 3→4, new hidden node 5 (pool=5)
2026-08-25 09:15:22,973 [DEBUG] cnn_neat: Added edge 4→2 (from 5 candidates)
2026-08-25 09:15:22,975 [DEBUG] cnn_neat: Removed hidden node 2 (pool=2)
2026-08-25 09:15:22,976 [DEBUG] cnn_neat: Removed edge 2→1 (from 4 candidates)
2026-08-25 09:15:22,978 [DEBUG] cnn_neat: Removed 2 edges (requested 3)
2026-08-25 09:15:22,981 [DEBUG] cnn_neat: Split edge 0→3, new hidden node 6 (pool=3)
2026-08-25 09:15:22,982 [DEBUG] cnn_neat: Added edge 0→4 (from 8 candidates)
2026-08-25 09:15:22,984 [DEBUG] cnn_neat: Split edge 3→2, new hidden node 7 (pool=4)
2026-08-25 09:15:22,991 [DEBUG] cnn_neat: Removed hidden node 2 (pool=3)
2026-08-25 09:15:22,998 [DEBUG] cnn_neat: Added edge 5→1 (from 10 candidates)
2026-08-25 09:15:23,001 [DEBUG] cnn_neat: Split edge 4→1, new hidden node 6 (pool=2)
2026-08-25 09:15:23,004 [DEBUG] cnn_neat: Split edge 2→3, new hidden node 6 (pool=5)
2026-08-25 09:15:23,006 [DEBUG] cnn_neat: Added edge 2→5 (from 6 candidates)
2026-08-25 09:15:23,010 [DEBUG] cnn_neat: Split edge 2→5, new hidden node 6 (pool=6)
2026-08-25 09:15:23,012 [DEBUG] cnn_neat: Added edge 2→4 (from 7 candidates)
2026-08-25 09:15:23,014 [DEBUG] cnn_neat: Split edge 4→1, new hidden node 7 (pool=7)
2026-08-25 09:15:23,017 [DEBUG] cnn_neat: Removed hidden node 3 (pool=1)
2026-08-25 09:15:23,022 [DEBUG] cnn_neat: Added edge 2→4 (from 10 candidates)
2026-08-25 09:15:23,031 [DEBUG] cnn_neat: Added edge 2→5 (from 9 candidates)
2026-08-25 09:15:23,044 [DEBUG] cnn_neat: Split edge 3→2, new hidden node 5 (pool=5)
2026-08-25 09:15:23,046 [DEBUG] cnn_neat: Added edge 0→2 (from 4 candidates)
2026-08-25 09:15:23,051 [DEBUG] cnn_neat: Removed hidden node 2 (pool=3)
2026-08-25 09:15:23,053 [DEBUG] cnn_neat: Removed edge 0→4 (from 6 candidates)
2026-08-25 09:15:23,055 [DEBUG] cnn_neat: Removed 3 edges (requested 3)
2026-08-25 09:15:23,057 [DEBUG] cnn_neat: Split edge 3→1, new hidden node 6 (pool=2)
2026-08-25 09:15:23,059 [DEBUG] cnn_neat: Split edge 0→3, new hidden node 5 (pool=7)
2026-08-25 09:15:23,061 [DEBUG] cnn_neat: Split edge 3→1, new hidden node 5 (pool=3)
2026-08-25 09:15:23,064 [DEBUG] cnn_neat: Split edge 0→4, new hidden node 6 (pool=2)
2026-08-25 09:15:23,065 [DEBUG] cnn_neat: Added edge 5→4 (from 4 candidates)
2026-08-25 09:15:23,070 [DEBUG] cnn_neat: Removed hidden node 3 (pool=2)
2026-08-25 09:15:23,072 [DEBUG] cnn_neat: Removed edge 0→5 (from 4 candidates)
2026-08-25 09:15:23,079 [DEBUG] cnn_neat: Removed 3 edges (requested 3)
2026-08-25 09:15:23,083 [DEBUG] cnn_neat: Split edge 5→3, new hidden node 7 (pool=6)
2026-08-25 09:15:23,086 [DEBUG] cnn_neat: Split edge 0→4, new hidden node 6 (pool=3)
2026-08-25 09:15:23,089 [DEBUG] cnn_neat: Split edge 3→5, new hidden node 7 (pool=3)
2026-08-25 09:15:23,092 [DEBUG] cnn_neat: Added edge 5→6 (from 16 candidates)
2026-08-25 09:15:23,095 [DEBUG] cnn_neat: Removed hidden node 4 (pool=5)
2026-08-25 09:15:23,097 [DEBUG] cnn_neat: Removed edge 2→1 (from 7 candidates)
2026-08-25 09:15:23,100 [DEBUG] cnn_neat: Removed 3 edges (requested 3)
2026-08-25 09:15:23,102 [DEBUG] cnn_neat: Split edge 7→5, new hidden node 8 (pool=8)
2026-08-25 09:15:23,105 [DEBUG] cnn_neat: Split edge 0→3, new hidden node 5 (pool=2)
2026-08-25 09:15:23,107 [DEBUG] cnn_neat: Added edge 0→4 (from 3 candidates)
2026-08-25 09:15:23,110 [DEBUG] cnn_neat: Removed hidden node 4 (pool=2)
2026-08-25 09:15:23,112 [DEBUG] cnn_neat: Removed edge 3→1 (from 4 candidates)
2026-08-25 09:15:23,114 [DEBUG] cnn_neat: Removed 2 edges (requested 3)
2026-08-25 09:15:23,116 [DEBUG] cnn_neat: Split edge 5→1, new hidden node 7 (pool=4)
2026-08-25 09:15:23,118 [DEBUG] cnn_neat: Added edge 6→3 (from 7 candidates)
2026-08-25 09:15:23,120 [DEBUG] cnn_neat: Removed hidden node 6 (pool=1)
2026-08-25 09:15:23,121 [DEBUG] cnn_neat: Removed edge 0→6 (from 1 candidates)
2026-08-25 09:15:23,122 [DEBUG] cnn_neat: Removed 1 edges (requested 3)
2026-08-25 09:15:23,124 [DEBUG] cnn_neat: Split edge 5→7, new hidden node 8 (pool=5)
2026-08-25 09:15:23,125 [DEBUG] cnn_neat: Split edge 0→6, new hidden node 7 (pool=5)
2026-08-25 09:15:23,127 [DEBUG] cnn_neat: Added edge 5→6 (from 10 candidates)
2026-08-25 09:15:23,129 [DEBUG] cnn_neat: Added edge 0→5 (from 4 candidates)
2026-08-25 09:15:23,131 [DEBUG] cnn_neat: Split edge 3→5, new hidden node 7 (pool=4)
2026-08-25 09:15:23,132 [DEBUG] cnn_neat: Added edge 3→2 (from 13 candidates)
2026-08-25 09:15:23,134 [DEBUG] cnn_neat: Removed hidden node 2 (pool=2)
2026-08-25 09:15:23,136 [DEBUG] cnn_neat: Removed edge 6→2 (from 1 candidates)
2026-08-25 09:15:23,137 [DEBUG] cnn_neat: Removed 1 edges (requested 3)
2026-08-25 09:15:23,138 [DEBUG] cnn_neat: Split edge 5→1, new hidden node 8 (pool=5)
2026-08-25 09:15:23,140 [DEBUG] cnn_neat: Split edge 6→2, new hidden node 7 (pool=5)
2026-08-25 09:15:23,141 [DEBUG] cnn_neat: Added edge 7→6 (from 19 candidates)
2026-08-25 09:15:23,142 [DEBUG] cnn_neat: Added edge 6→5 (from 12 candidates)
2026-08-25 09:15:23,145 [DEBUG] cnn_neat: Split edge 2→1, new hidden node 6 (pool=4)
2026-08-25 09:15:23,148 [DEBUG] cnn_neat: Added edge 5→1 (from 4 candidates)
2026-08-25 09:15:23,153 [DEBUG] cnn_neat: Split edge 6→1, new hidden node 7 (pool=5)
2026-08-25 09:15:23,155 [DEBUG] cnn_neat: Split edge 4→5, new hidden node 6 (pool=3)
2026-08-25 09:15:23,157 [DEBUG] cnn_neat: Added edge 4→6 (from 6 candidates)
2026-08-25 09:15:23,158 [DEBUG] cnn_neat: Added edge 4→2 (from 3 candidates)
2026-08-25 09:15:23,161 [DEBUG] cnn_neat: Split edge 3→5, new hidden node 7 (pool=6)
2026-08-25 09:15:23,163 [DEBUG] cnn_neat: Added edge 6→1 (from 10 candidates)
2026-08-25 09:15:23,165 [DEBUG] cnn_neat: Removed hidden node 2 (pool=2)
2026-08-25 09:15:23,166 [DEBUG] cnn_neat: Removed edge 0→6 (from 3 candidates)
2026-08-25 09:15:23,168 [DEBUG] cnn_neat: Removed 3 edges (requested 3)
2026-08-25 09:15:23,170 [DEBUG] cnn_neat: Split edge 3→7, new hidden node 8 (pool=7)
2026-08-25 09:15:23,171 [DEBUG] cnn_neat: Split edge 6→1, new hidden node 7 (pool=2)
2026-08-25 09:15:23,173 [DEBUG] cnn_neat: Split edge 0→3, new hidden node 7 (pool=4)
2026-08-25 09:15:23,175 [DEBUG] cnn_neat: Split edge 3→5, new hidden node 8 (pool=3)
2026-08-25 09:15:23,177 [DEBUG] cnn_neat: Added edge 2→1 (from 17 candidates)
2026-08-25 09:15:23,179 [DEBUG] cnn_neat: Removed hidden node 6 (pool=3)
2026-08-25 09:15:23,182 [DEBUG] cnn_neat: Removed edge 7→2 (from 3 candidates)
2026-08-25 09:15:23,189 [DEBUG] cnn_neat: Removed 3 edges (requested 3)
2026-08-25 09:15:23,191 [DEBUG] cnn_neat: Split edge 0→3, new hidden node 9 (pool=7)
2026-08-25 09:15:23,198 [DEBUG] cnn_neat: Split edge 3→5, new hidden node 8 (pool=3)
2026-08-25 09:15:23,202 [DEBUG] cnn_neat: Split edge 6→2, new hidden node 8 (pool=5)
2026-08-25 09:15:23,203 [DEBUG] cnn_neat: Added edge 3→2 (from 14 candidates)
2026-08-25 09:15:23,206 [DEBUG] cnn_neat: Removed hidden node 7 (pool=3)
2026-08-25 09:15:23,207 [DEBUG] cnn_neat: Removed edge 7→2 (from 2 candidates)
2026-08-25 09:15:23,209 [DEBUG] cnn_neat: Removed 3 edges (requested 3)
2026-08-25 09:15:23,212 [DEBUG] cnn_neat: Split edge 3→5, new hidden node 9 (pool=3)
2026-08-25 09:15:23,213 [DEBUG] cnn_neat: Split edge 0→6, new hidden node 8 (pool=6)
2026-08-25 09:15:23,216 [DEBUG] cnn_neat: Split edge 11→1, new hidden node 12 (pool=8)
2026-08-25 09:15:23,219 [DEBUG] cnn_neat: Added edge 5→8 (from 19 candidates)
2026-08-25 09:15:23,222 [DEBUG] cnn_neat: Removed hidden node 9 (pool=5)
2026-08-25 09:15:23,224 [DEBUG] cnn_neat: Removed edge 9→11 (from 8 candidates)
2026-08-25 09:15:23,229 [DEBUG] cnn_neat: Removed 3 edges (requested 3)
2026-08-25 09:15:23,232 [DEBUG] cnn_neat: Split edge 0→8, new hidden node 13 (pool=7)
2026-08-25 09:15:23,312 [DEBUG] cnn_neat: Split edge 0→4, new hidden node 6 (pool=3)
2026-08-25 09:15:23,315 [DEBUG] cnn_neat: Added edge 4→1 (from 2 candidates)
2026-08-25 09:15:23,325 [DEBUG] cnn_neat: Split edge 0→2, new hidden node 12 (pool=8)
2026-08-25 09:15:23,330 [DEBUG] cnn_neat: Added edge 2→3 (from 19 candidates)
2026-08-25 09:15:23,336 [DEBUG] cnn_neat: Removed hidden node 9 (pool=5)
2026-08-25 09:15:23,338 [DEBUG] cnn_neat: Removed edge 2→5 (from 8 candidates)
2026-08-25 09:15:23,344 [DEBUG] cnn_neat: Removed 3 edges (requested 3)
2026-08-25 09:15:23,346 [DEBUG] cnn_neat: Split edge 3→5, new hidden node 13 (pool=9)
2026-08-25 09:15:23,350 [DEBUG] cnn_neat: Split edge 4→5, new hidden node 6 (pool=4)
2026-08-25 09:15:23,351 [DEBUG] cnn_neat: Added edge 4→1 (from 4 candidates)
2026-08-25 09:15:23,356 [DEBUG] cnn_neat: Split edge 0→1, new hidden node 6 (pool=1)
2026-08-25 09:15:23,359 [DEBUG] cnn_neat: Removed hidden node 5 (pool=2)
2026-08-25 09:15:23,361 [DEBUG] cnn_neat: Removed edge 5→1 (from 5 candidates)
2026-08-25 09:15:23,363 [DEBUG] cnn_neat: Removed 3 edges (requested 3)
2026-08-25 09:15:23,365 [DEBUG] cnn_neat: Split edge 5→1, new hidden node 7 (pool=7)
2026-08-25 09:15:23,369 [DEBUG] cnn_neat: Split edge 0→1, new hidden node 6 (pool=1)
2026-08-25 09:15:23,371 [DEBUG] cnn_neat: Split edge 0→1, new hidden node 6 (pool=2)
2026-08-25 09:15:23,374 [DEBUG] cnn_neat: Split edge 6→3, new hidden node 7 (pool=7)
2026-08-25 09:15:23,376 [DEBUG] cnn_neat: Added edge 6→5 (from 9 candidates)
2026-08-25 09:15:23,382 [DEBUG] cnn_neat: Removed hidden node 2 (pool=1)
2026-08-25 09:15:23,387 [DEBUG] cnn_neat: Removed edge 0→6 (from 3 candidates)
2026-08-25 09:15:23,389 [DEBUG] cnn_neat: Removed 2 edges (requested 3)
2026-08-25 09:15:23,392 [DEBUG] cnn_neat: Split edge 0→2, new hidden node 8 (pool=2)
2026-08-25 09:15:23,394 [DEBUG] cnn_neat: Split edge 2→6, new hidden node 7 (pool=8)
2026-08-25 09:15:23,396 [DEBUG] cnn_neat: Split edge 6→3, new hidden node 7 (pool=5)
2026-08-25 09:15:23,399 [DEBUG] cnn_neat: Split edge 4→2, new hidden node 6 (pool=7)
2026-08-25 09:15:23,401 [DEBUG] cnn_neat: Added edge 2→5 (from 9 candidates)
2026-08-25 09:15:23,404 [DEBUG] cnn_neat: Removed hidden node 2 (pool=4)
2026-08-25 09:15:23,407 [DEBUG] cnn_neat: Removed edge 2→1 (from 7 candidates)
2026-08-25 09:15:23,413 [DEBUG] cnn_neat: Removed 3 edges (requested 3)
2026-08-25 09:15:23,415 [DEBUG] cnn_neat: Split edge 3→1, new hidden node 7 (pool=3)
2026-08-25 09:15:23,417 [DEBUG] cnn_neat: Split edge 4→2, new hidden node 6 (pool=8)
2026-08-25 09:15:23,419 [DEBUG] cnn_neat: Split edge 0→4, new hidden node 6 (pool=6)
2026-08-25 09:15:23,423 [DEBUG] cnn_neat: Split edge 6→5, new hidden node 7 (pool=6)
2026-08-25 09:15:23,427 [DEBUG] cnn_neat: Added edge 6→4 (from 7 candidates)
2026-08-25 09:15:23,430 [DEBUG] cnn_neat: Removed hidden node 6 (pool=1)
2026-08-25 09:15:23,431 [DEBUG] cnn_neat: Removed edge 6→5 (from 3 candidates)
2026-08-25 09:15:23,433 [DEBUG] cnn_neat: Removed 2 edges (requested 3)
2026-08-25 09:15:23,435 [DEBUG] cnn_neat: Split edge 7→5, new hidden node 8 (pool=7)
2026-08-25 09:15:23,437 [DEBUG] cnn_neat: Split edge 6→5, new hidden node 7 (pool=7)
2026-08-25 09:15:23,439 [DEBUG] cnn_neat: Split edge 0→3, new hidden node 7 (pool=5)
2026-08-25 09:15:23,443 [DEBUG] cnn_neat: Split edge 7→1, new hidden node 10 (pool=5)
2026-08-25 09:15:23,446 [DEBUG] cnn_neat: Added edge 3→4 (from 26 candidates)
2026-08-25 09:15:23,451 [DEBUG] cnn_neat: Removed hidden node 2 (pool=6)
2026-08-25 09:15:23,454 [DEBUG] cnn_neat: Removed edge 0→7 (from 7 candidates)
2026-08-25 09:15:23,458 [DEBUG] cnn_neat: Removed 3 edges (requested 3)
2026-08-25 09:15:23,461 [DEBUG] cnn_neat: Split edge 0→8, new hidden node 11 (pool=3)
2026-08-25 09:15:23,465 [DEBUG] cnn_neat: Split edge 4→5, new hidden node 6 (pool=6)
2026-08-25 09:15:23,467 [DEBUG] cnn_neat: Added edge 0→4 (from 7 candidates)
2026-08-25 09:15:23,470 [DEBUG] cnn_neat: Removed hidden node 4 (pool=3)
2026-08-25 09:15:23,471 [DEBUG] cnn_neat: Removed edge 3→4 (from 6 candidates)
2026-08-25 09:15:23,474 [DEBUG] cnn_neat: Removed 3 edges (requested 3)
2026-08-25 09:15:23,476 [DEBUG] cnn_neat: Split edge 3→4, new hidden node 6 (pool=3)
2026-08-25 09:15:23,477 [DEBUG] cnn_neat: Split edge 2→5, new hidden node 6 (pool=6)
2026-08-25 09:15:23,480 [DEBUG] cnn_neat: Split edge 2→5, new hidden node 6 (pool=4)
2026-08-25 09:15:23,485 [DEBUG] cnn_neat: Split edge 0→3, new hidden node 5 (pool=3)
2026-08-25 09:15:23,487 [DEBUG] cnn_neat: Added edge 3→1 (from 2 candidates)
2026-08-25 09:15:23,494 [DEBUG] cnn_neat: Split edge 3→4, new hidden node 6 (pool=3)
2026-08-25 09:15:23,495 [DEBUG] cnn_neat: Added edge 2→1 (from 9 candidates)
2026-08-25 09:15:23,497 [DEBUG] cnn_neat: Removed hidden node 2 (pool=2)
2026-08-25 09:15:23,498 [DEBUG] cnn_neat: Removed edge 3→5 (from 2 candidates)
2026-08-25 09:15:23,500 [DEBUG] cnn_neat: Removed 2 edges (requested 3)
2026-08-25 09:15:23,501 [DEBUG] cnn_neat: Split edge 4→1, new hidden node 6 (pool=4)
2026-08-25 09:15:23,502 [DEBUG] cnn_neat: Added edge 4→5 (from 6 candidates)
2026-08-25 09:15:23,504 [DEBUG] cnn_neat: Split edge 4→6, new hidden node 7 (pool=5)
2026-08-25 09:15:23,506 [DEBUG] cnn_neat: Removed hidden node 5 (pool=1)
2026-08-25 09:15:23,508 [DEBUG] cnn_neat: Added edge 5→6 (from 10 candidates)
2026-08-25 09:15:23,509 [DEBUG] cnn_neat: Split edge 4→1, new hidden node 6 (pool=5)
2026-08-25 09:15:23,512 [DEBUG] cnn_neat: Split edge 3→1, new hidden node 5 (pool=8)
2026-08-25 09:15:23,514 [DEBUG] cnn_neat: Added edge 4→3 (from 2 candidates)
2026-08-25 09:15:23,518 [DEBUG] cnn_neat: Removed hidden node 4 (pool=3)
2026-08-25 09:15:23,519 [DEBUG] cnn_neat: Removed edge 0→4 (from 8 candidates)
2026-08-25 09:15:23,522 [DEBUG] cnn_neat: Removed 3 edges (requested 3)
2026-08-25 09:15:23,525 [DEBUG] cnn_neat: Split edge 0→4, new hidden node 6 (pool=6)
2026-08-25 09:15:23,527 [DEBUG] cnn_neat: Split edge 3→1, new hidden node 5 (pool=7)
2026-08-25 09:15:23,528 [DEBUG] cnn_neat: Split edge 4→2, new hidden node 5 (pool=5)
2026-08-25 09:15:23,531 [DEBUG] cnn_neat: Split edge 0→3, new hidden node 5 (pool=2)
2026-08-25 09:15:23,532 [DEBUG] cnn_neat: Added edge 0→4 (from 1 candidates)
2026-08-25 09:15:23,534 [DEBUG] cnn_neat: Removed hidden node 4 (pool=1)
2026-08-25 09:15:23,535 [DEBUG] cnn_neat: Removed edge 3→1 (from 3 candidates)
2026-08-25 09:15:23,537 [DEBUG] cnn_neat: Removed 1 edges (requested 3)
2026-08-25 09:15:23,541 [DEBUG] cnn_neat: Split edge 3→1, new hidden node 5 (pool=3)
2026-08-25 09:15:23,542 [DEBUG] cnn_neat: Added edge 2→3 (from 4 candidates)
2026-08-25 09:15:23,545 [DEBUG] cnn_neat: Removed hidden node 4 (pool=3)
2026-08-25 09:15:23,546 [DEBUG] cnn_neat: Removed edge 0→4 (from 6 candidates)
2026-08-25 09:15:23,549 [DEBUG] cnn_neat: Removed 3 edges (requested 3)
2026-08-25 09:15:23,552 [DEBUG] cnn_neat: Split edge 3→4, new hidden node 6 (pool=5)
2026-08-25 09:15:23,553 [DEBUG] cnn_neat: Added edge 4→1 (from 4 candidates)
2026-08-25 09:15:23,556 [DEBUG] cnn_neat: Removed hidden node 3 (pool=1)
2026-08-25 09:15:23,557 [DEBUG] cnn_neat: Removed edge 0→3 (from 3 candidates)
2026-08-25 09:15:23,559 [DEBUG] cnn_neat: Removed 2 edges (requested 3)
2026-08-25 09:15:23,561 [DEBUG] cnn_neat: Split edge 0→3, new hidden node 7 (pool=6)
2026-08-25 09:15:23,562 [DEBUG] cnn_neat: Split edge 3→4, new hidden node 6 (pool=4)
2026-08-25 09:15:23,564 [DEBUG] cnn_neat: Added edge 0→6 (from 8 candidates)
2026-08-25 09:15:23,566 [DEBUG] cnn_neat: Added edge 3→5 (from 5 candidates)
2026-08-25 09:15:23,573 [DEBUG] cnn_neat: Split edge 0→8, new hidden node 9 (pool=3)
2026-08-25 09:15:23,577 [DEBUG] cnn_neat: Added edge 8→1 (from 20 candidates)
2026-08-25 09:15:23,581 [DEBUG] cnn_neat: Removed hidden node 3 (pool=5)
2026-08-25 09:15:23,582 [DEBUG] cnn_neat: Removed edge 2→1 (from 5 candidates)
2026-08-25 09:15:23,585 [DEBUG] cnn_neat: Removed 3 edges (requested 3)
2026-08-25 09:15:23,587 [DEBUG] cnn_neat: Split edge 7→1, new hidden node 10 (pool=2)
2026-08-25 09:15:23,590 [DEBUG] cnn_neat: Split edge 0→4, new hidden node 7 (pool=3)
2026-08-25 09:15:23,593 [DEBUG] cnn_neat: Added edge 3→4 (from 12 candidates)
2026-08-25 09:15:23,596 [DEBUG] cnn_neat: Removed hidden node 3 (pool=5)
2026-08-25 09:15:23,598 [DEBUG] cnn_neat: Removed edge 6→1 (from 8 candidates)
2026-08-25 09:15:23,605 [DEBUG] cnn_neat: Removed 3 edges (requested 3)
2026-08-25 09:15:23,610 [DEBUG] cnn_neat: Split edge 2→1, new hidden node 8 (pool=9)
2026-08-25 09:15:23,615 [DEBUG] cnn_neat: Split edge 0→4, new hidden node 7 (pool=4)
2026-08-25 09:15:23,618 [DEBUG] cnn_neat: Split edge 6→2, new hidden node 7 (pool=6)
2026-08-25 09:15:23,622 [DEBUG] cnn_neat: Added edge 0→6 (from 16 candidates)
2026-08-25 09:15:23,626 [DEBUG] cnn_neat: Removed hidden node 6 (pool=2)
2026-08-25 09:15:23,629 [DEBUG] cnn_neat: Removed edge 3→6 (from 2 candidates)
2026-08-25 09:15:23,635 [DEBUG] cnn_neat: Removed 2 edges (requested 3)
2026-08-25 09:15:23,640 [DEBUG] cnn_neat: Split edge 4→5, new hidden node 8 (pool=4)
2026-08-25 09:15:23,644 [DEBUG] cnn_neat: Split edge 4→5, new hidden node 7 (pool=7)
2026-08-25 09:15:23,647 [DEBUG] cnn_neat: Split edge 0→3, new hidden node 7 (pool=5)
2026-08-25 09:15:23,652 [DEBUG] cnn_neat: Split edge 7→8, new hidden node 9 (pool=10)
2026-08-25 09:15:23,655 [DEBUG] cnn_neat: Added edge 4→7 (from 7 candidates)
2026-08-25 09:15:23,660 [DEBUG] cnn_neat: Removed hidden node 4 (pool=5)
2026-08-25 09:15:23,664 [DEBUG] cnn_neat: Removed edge 4→3 (from 13 candidates)
2026-08-25 09:15:23,670 [DEBUG] cnn_neat: Removed 3 edges (requested 3)
2026-08-25 09:15:23,674 [DEBUG] cnn_neat: Split edge 4→3, new hidden node 10 (pool=8)
2026-08-25 09:15:23,679 [DEBUG] cnn_neat: Split edge 0→4, new hidden node 6 (pool=2)
2026-08-25 09:15:23,681 [DEBUG] cnn_neat: Added edge 2→5 (from 8 candidates)
2026-08-25 09:15:23,684 [DEBUG] cnn_neat: Removed hidden node 2 (pool=4)
2026-08-25 09:15:23,686 [DEBUG] cnn_neat: Removed edge 4→2 (from 6 candidates)
2026-08-25 09:15:23,689 [DEBUG] cnn_neat: Removed 3 edges (requested 3)
2026-08-25 09:15:23,691 [DEBUG] cnn_neat: Split edge 4→1, new hidden node 7 (pool=4)
2026-08-25 09:15:23,694 [DEBUG] cnn_neat: Split edge 5→1, new hidden node 6 (pool=3)
2026-08-25 09:15:23,695 [DEBUG] cnn_neat: Added edge 0→5 (from 2 candidates)
2026-08-25 09:15:23,701 [DEBUG] cnn_neat: Split edge 4→6, new hidden node 7 (pool=9)
2026-08-25 09:15:23,703 [DEBUG] cnn_neat: Added edge 4→3 (from 16 candidates)
2026-08-25 09:15:23,707 [DEBUG] cnn_neat: Removed hidden node 3 (pool=5)
2026-08-25 09:15:23,708 [DEBUG] cnn_neat: Removed edge 4→2 (from 9 candidates)
2026-08-25 09:15:23,713 [DEBUG] cnn_neat: Removed 3 edges (requested 3)
2026-08-25 09:15:23,715 [DEBUG] cnn_neat: Split edge 4→2, new hidden node 8 (pool=6)
2026-08-25 09:15:23,718 [DEBUG] cnn_neat: Split edge 4→2, new hidden node 7 (pool=10)
2026-08-25 09:15:23,723 [DEBUG] cnn_neat: Split edge 3→1, new hidden node 8 (pool=1)
2026-08-25 09:15:23,730 [DEBUG] cnn_neat: Added edge 0→6 (from 7 candidates)
2026-08-25 09:15:23,733 [DEBUG] cnn_neat: Removed hidden node 4 (pool=1)
2026-08-25 09:15:23,735 [DEBUG] cnn_neat: Removed edge 3→1 (from 3 candidates)
2026-08-25 09:15:23,738 [DEBUG] cnn_neat: Removed 2 edges (requested 3)
2026-08-25 09:15:23,741 [DEBUG] cnn_neat: Split edge 7→3, new hidden node 8 (pool=6)
2026-08-25 09:15:23,743 [DEBUG] cnn_neat: Split edge 5→6, new hidden node 8 (pool=5)
2026-08-25 09:15:23,746 [DEBUG] cnn_neat: Split edge 2→1, new hidden node 7 (pool=4)
2026-08-25 09:15:23,749 [DEBUG] cnn_neat: Added edge 5→4 (from 13 candidates)
2026-08-25 09:15:23,752 [DEBUG] cnn_neat: Removed hidden node 6 (pool=5)
2026-08-25 09:15:23,754 [DEBUG] cnn_neat: Removed edge 3→4 (from 8 candidates)
2026-08-25 09:15:23,757 [DEBUG] cnn_neat: Removed 3 edges (requested 3)
2026-08-25 09:15:23,760 [DEBUG] cnn_neat: Split edge 6→5, new hidden node 8 (pool=9)
2026-08-25 09:15:23,762 [DEBUG] cnn_neat: Split edge 2→1, new hidden node 7 (pool=4)
2026-08-25 09:15:23,765 [DEBUG] cnn_neat: Split edge 2→1, new hidden node 7 (pool=4)
2026-08-25 09:15:23,766 [DEBUG] cnn_neat: Added edge 5→2 (from 13 candidates)
2026-08-25 09:15:23,768 [DEBUG] cnn_neat: Removed hidden node 6 (pool=2)
2026-08-25 09:15:23,769 [DEBUG] cnn_neat: Removed edge 5→6 (from 1 candidates)
2026-08-25 09:15:23,770 [DEBUG] cnn_neat: Removed 1 edges (requested 3)
2026-08-25 09:15:23,772 [DEBUG] cnn_neat: Split edge 0→4, new hidden node 8 (pool=5)
2026-08-25 09:15:23,773 [DEBUG] cnn_neat: Split edge 5→2, new hidden node 7 (pool=5)
2026-08-25 09:15:23,774 [DEBUG] cnn_neat: Added edge 2→1 (from 19 candidates)
2026-08-25 09:15:23,776 [DEBUG] cnn_neat: Added edge 6→4 (from 12 candidates)
2026-08-25 09:15:23,778 [DEBUG] cnn_neat: Split edge 2→1, new hidden node 6 (pool=5)
2026-08-25 09:15:23,780 [DEBUG] cnn_neat: Added edge 0→3 (from 12 candidates)
2026-08-25 09:15:23,782 [DEBUG] cnn_neat: Removed hidden node 3 (pool=2)
2026-08-25 09:15:23,783 [DEBUG] cnn_neat: Removed edge 5→1 (from 2 candidates)
2026-08-25 09:15:23,784 [DEBUG] cnn_neat: Removed 2 edges (requested 3)
2026-08-25 09:15:23,786 [DEBUG] cnn_neat: Split edge 6→1, new hidden node 7 (pool=6)
2026-08-25 09:15:23,788 [DEBUG] cnn_neat: Added edge 3→1 (from 17 candidates)
2026-08-25 09:15:23,792 [DEBUG] cnn_neat: Split edge 7→1, new hidden node 8 (pool=7)
2026-08-25 09:15:23,800 [DEBUG] cnn_neat: Removed hidden node 5 (pool=2)
2026-08-25 09:15:23,875 [DEBUG] cnn_neat: Added edge 3→2 (from 21 candidates)
2026-08-25 09:15:23,884 [DEBUG] cnn_neat: Added edge 0→6 (from 9 candidates)
2026-08-25 09:15:23,890 [DEBUG] cnn_neat: Split edge 0→3, new hidden node 5 (pool=2)
2026-08-25 09:15:23,892 [DEBUG] cnn_neat: Added edge 0→2 (from 3 candidates)
2026-08-25 09:15:23,894 [DEBUG] cnn_neat: Removed hidden node 4 (pool=2)
2026-08-25 09:15:23,896 [DEBUG] cnn_neat: Removed edge 3→1 (from 4 candidates)
2026-08-25 09:15:23,898 [DEBUG] cnn_neat: Removed 3 edges (requested 3)
2026-08-25 09:15:23,899 [DEBUG] cnn_neat: Split edge 0→3, new hidden node 5 (pool=3)
2026-08-25 09:15:23,900 [DEBUG] cnn_neat: Added edge 4→1 (from 8 candidates)
2026-08-25 09:15:23,901 [DEBUG] cnn_neat: Split edge 0→5, new hidden node 6 (pool=4)
2026-08-25 09:15:23,903 [DEBUG] cnn_neat: Removed hidden node 4 (pool=2)
2026-08-25 09:15:23,904 [DEBUG] cnn_neat: Added edge 4→3 (from 13 candidates)
2026-08-25 09:15:23,905 [DEBUG] cnn_neat: Split edge 4→1, new hidden node 5 (pool=4)
2026-08-25 09:15:23,907 [DEBUG] cnn_neat: Split edge 4→3, new hidden node 5 (pool=5)
2026-08-25 09:15:23,908 [DEBUG] cnn_neat: Added edge 2→3 (from 5 candidates)
2026-08-25 09:15:23,910 [DEBUG] cnn_neat: Removed hidden node 3 (pool=1)
2026-08-25 09:15:23,912 [DEBUG] cnn_neat: Removed edge 0→3 (from 2 candidates)
2026-08-25 09:15:23,935 [DEBUG] cnn_neat: Removed 2 edges (requested 3)
2026-08-25 09:15:23,936 [DEBUG] cnn_neat: Split edge 2→1, new hidden node 6 (pool=6)
2026-08-25 09:15:23,937 [DEBUG] cnn_neat: Split edge 2→3, new hidden node 5 (pool=6)
2026-08-25 09:15:23,939 [DEBUG] cnn_neat: Split edge 4→3, new hidden node 5 (pool=4)
2026-08-25 09:15:24,035 [DEBUG] cnn_neat: Split edge 2→1, new hidden node 6 (pool=6)
2026-08-25 09:15:24,040 [DEBUG] cnn_neat: Added edge 3→5 (from 11 candidates)
2026-08-25 09:15:24,042 [DEBUG] cnn_neat: Removed hidden node 5 (pool=2)
2026-08-25 09:15:24,044 [DEBUG] cnn_neat: Removed edge 5→1 (from 3 candidates)
2026-08-25 09:15:24,046 [DEBUG] cnn_neat: Removed 3 edges (requested 3)
2026-08-25 09:15:24,047 [DEBUG] cnn_neat: Split edge 2→3, new hidden node 7 (pool=7)
2026-08-25 09:15:24,049 [DEBUG] cnn_neat: Added edge 5→3 (from 15 candidates)
2026-08-25 09:15:24,051 [DEBUG] cnn_neat: Split edge 2→6, new hidden node 8 (pool=8)
2026-08-25 09:15:24,053 [DEBUG] cnn_neat: Removed hidden node 5 (pool=2)
2026-08-25 09:15:24,055 [DEBUG] cnn_neat: Added edge 4→6 (from 22 candidates)
2026-08-25 09:15:24,062 [DEBUG] cnn_neat: Split edge 3→1, new hidden node 10 (pool=5)
2026-08-25 09:15:24,072 [DEBUG] cnn_neat: Added edge 9→4 (from 25 candidates)
2026-08-25 09:15:24,077 [DEBUG] cnn_neat: Removed hidden node 7 (pool=6)
2026-08-25 09:15:24,080 [DEBUG] cnn_neat: Removed edge 7→8 (from 7 candidates)
2026-08-25 09:15:24,084 [DEBUG] cnn_neat: Removed 3 edges (requested 3)
2026-08-25 09:15:24,087 [DEBUG] cnn_neat: Split edge 7→1, new hidden node 11 (pool=3)
2026-08-25 09:15:24,090 [DEBUG] cnn_neat: Split edge 4→5, new hidden node 6 (pool=3)
2026-08-25 09:15:24,091 [DEBUG] cnn_neat: Added edge 4→1 (from 2 candidates)
2026-08-25 09:15:24,101 [DEBUG] cnn_neat: Split edge 4→5, new hidden node 7 (pool=8)
2026-08-25 09:15:24,103 [DEBUG] cnn_neat: Added edge 2→5 (from 17 candidates)
2026-08-25 09:15:24,107 [DEBUG] cnn_neat: Removed hidden node 5 (pool=5)
2026-08-25 09:15:24,109 [DEBUG] cnn_neat: Removed edge 3→1 (from 8 candidates)
2026-08-25 09:15:24,112 [DEBUG] cnn_neat: Removed 3 edges (requested 3)
2026-08-25 09:15:24,114 [DEBUG] cnn_neat: Split edge 2→1, new hidden node 8 (pool=5)
2026-08-25 09:15:24,117 [DEBUG] cnn_neat: Split edge 4→5, new hidden node 6 (pool=4)
2026-08-25 09:15:24,119 [DEBUG] cnn_neat: Added edge 3→5 (from 4 candidates)
2026-08-25 09:15:24,125 [DEBUG] cnn_neat: Split edge 4→5, new hidden node 8 (pool=5)
2026-08-25 09:15:24,128 [DEBUG] cnn_neat: Added edge 5→1 (from 21 candidates)
2026-08-25 09:15:24,131 [DEBUG] cnn_neat: Removed hidden node 7 (pool=6)
2026-08-25 09:15:24,133 [DEBUG] cnn_neat: Removed edge 2→1 (from 7 candidates)
2026-08-25 09:15:24,137 [DEBUG] cnn_neat: Removed 3 edges (requested 3)
2026-08-25 09:15:24,139 [DEBUG] cnn_neat: Split edge 0→4, new hidden node 9 (pool=3)
2026-08-25 09:15:24,142 [DEBUG] cnn_neat: Split edge 0→4, new hidden node 8 (pool=6)
2026-08-25 09:15:24,145 [DEBUG] cnn_neat: Split edge 3→4, new hidden node 5 (pool=5)
2026-08-25 09:15:24,146 [DEBUG] cnn_neat: Added edge 3→1 (from 5 candidates)
2026-08-25 09:15:24,149 [DEBUG] cnn_neat: Removed hidden node 2 (pool=1)
2026-08-25 09:15:24,150 [DEBUG] cnn_neat: Removed edge 2→4 (from 2 candidates)
2026-08-25 09:15:24,151 [DEBUG] cnn_neat: Removed 2 edges (requested 3)
2026-08-25 09:15:24,153 [DEBUG] cnn_neat: Split edge 2→1, new hidden node 6 (pool=6)
2026-08-25 09:15:24,154 [DEBUG] cnn_neat: Split edge 3→1, new hidden node 5 (pool=4)
2026-08-25 09:15:24,155 [DEBUG] cnn_neat: Added edge 2→3 (from 9 candidates)
2026-08-25 09:15:24,157 [DEBUG] cnn_neat: Added edge 2→3 (from 4 candidates)
2026-08-25 09:15:24,159 [DEBUG] cnn_neat: Split edge 4→1, new hidden node 6 (pool=6)
2026-08-25 09:15:24,162 [DEBUG] cnn_neat: Added edge 2→3 (from 11 candidates)
2026-08-25 09:15:24,167 [DEBUG] cnn_neat: Removed hidden node 2 (pool=2)
2026-08-25 09:15:24,168 [DEBUG] cnn_neat: Removed edge 2→4 (from 3 candidates)
2026-08-25 09:15:24,170 [DEBUG] cnn_neat: Removed 3 edges (requested 3)
2026-08-25 09:15:24,171 [DEBUG] cnn_neat: Split edge 6→1, new hidden node 7 (pool=7)
2026-08-25 09:15:24,173 [DEBUG] cnn_neat: Split edge 3→4, new hidden node 6 (pool=7)
2026-08-25 09:15:24,175 [DEBUG] cnn_neat: Split edge 2→3, new hidden node 5 (pool=6)
2026-08-25 09:15:24,176 [DEBUG] cnn_neat: Added edge 3→1 (from 3 candidates)
2026-08-25 09:15:24,179 [DEBUG] cnn_neat: Removed hidden node 2 (pool=1)
2026-08-25 09:15:24,180 [DEBUG] cnn_neat: Removed edge 2→3 (from 3 candidates)
2026-08-25 09:15:24,182 [DEBUG] cnn_neat: Removed 3 edges (requested 3)
2026-08-25 09:15:24,183 [DEBUG] cnn_neat: Split edge 2→1, new hidden node 6 (pool=7)
2026-08-25 09:15:24,185 [DEBUG] cnn_neat: Added edge 0→4 (from 7 candidates)
2026-08-25 09:15:24,186 [DEBUG] cnn_neat: Split edge 3→4, new hidden node 7 (pool=3)
2026-08-25 09:15:24,188 [DEBUG] cnn_neat: Removed hidden node 2 (pool=2)
2026-08-25 09:15:24,189 [DEBUG] cnn_neat: Added edge 0→6 (from 14 candidates)
2026-08-25 09:15:24,231 [DEBUG] cnn_neat: Split edge 3→5, new hidden node 6 (pool=7)
2026-08-25 09:15:24,269 [DEBUG] cnn_neat: Added edge 0→5 (from 9 candidates)
2026-08-25 09:15:24,308 [DEBUG] cnn_neat: Removed hidden node 2 (pool=4)
2026-08-25 09:15:24,342 [DEBUG] cnn_neat: Removed edge 3→5 (from 7 candidates)
2026-08-25 09:15:24,384 [DEBUG] cnn_neat: Removed 3 edges (requested 3)
2026-08-25 09:15:24,386 [DEBUG] cnn_neat: Split edge 2→1, new hidden node 7 (pool=4)
2026-08-25 09:15:24,388 [DEBUG] cnn_neat: Split edge 4→1, new hidden node 5 (pool=3)
2026-08-25 09:15:24,390 [DEBUG] cnn_neat: Added edge 3→1 (from 2 candidates)
2026-08-25 09:15:24,395 [DEBUG] cnn_neat: Split edge 3→1, new hidden node 5 (pool=2)
2026-08-25 09:15:24,396 [DEBUG] cnn_neat: Added edge 0→4 (from 1 candidates)
2026-08-25 09:15:24,398 [DEBUG] cnn_neat: Removed hidden node 4 (pool=1)
2026-08-25 09:15:24,399 [DEBUG] cnn_neat: Removed edge 3→1 (from 3 candidates)
2026-08-25 09:15:24,403 [DEBUG] cnn_neat: Removed 1 edges (requested 3)
2026-08-25 09:15:24,407 [DEBUG] cnn_neat: Split edge 0→3, new hidden node 5 (pool=3)
2026-08-25 09:15:24,408 [DEBUG] cnn_neat: Added edge 3→2 (from 4 candidates)
2026-08-25 09:15:24,411 [DEBUG] cnn_neat: Removed hidden node 2 (pool=3)
2026-08-25 09:15:24,413 [DEBUG] cnn_neat: Removed edge 2→1 (from 6 candidates)
2026-08-25 09:15:24,415 [DEBUG] cnn_neat: Removed 3 edges (requested 3)
2026-08-25 09:15:24,417 [DEBUG] cnn_neat: Split edge 2→1, new hidden node 6 (pool=7)
2026-08-25 09:15:24,419 [DEBUG] cnn_neat: Split edge 0→4, new hidden node 5 (pool=6)
2026-08-25 09:15:24,428 [DEBUG] cnn_neat: Split edge 6→3, new hidden node 7 (pool=5)
2026-08-25 09:15:24,437 [DEBUG] cnn_neat: Added edge 6→5 (from 6 candidates)
2026-08-25 09:15:24,471 [DEBUG] cnn_neat: Split edge 3→5, new hidden node 6 (pool=3)
2026-08-25 09:15:24,472 [DEBUG] cnn_neat: Added edge 0→5 (from 2 candidates)
2026-08-25 09:15:24,499 [DEBUG] cnn_neat: Split edge 0→5, new hidden node 6 (pool=2)
2026-08-25 09:15:24,562 [DEBUG] cnn_neat: Added edge 4→1 (from 4 candidates)
2026-08-25 09:15:24,583 [DEBUG] cnn_neat: Removed hidden node 4 (pool=2)
2026-08-25 09:15:24,614 [DEBUG] cnn_neat: Removed edge 4→5 (from 4 candidates)
2026-08-25 09:15:24,620 [DEBUG] cnn_neat: Removed 3 edges (requested 3)
2026-08-25 09:15:24,622 [DEBUG] cnn_neat: Split edge 0→6, new hidden node 7 (pool=6)
2026-08-25 09:15:24,623 [DEBUG] cnn_neat: Split edge 0→3, new hidden node 6 (pool=3)
2026-08-25 09:15:24,624 [DEBUG] cnn_neat: Split edge 5→1, new hidden node 6 (pool=2)
2026-08-25 09:15:24,636 [DEBUG] cnn_neat: Split edge 0→9, new hidden node 10 (pool=7)
2026-08-25 09:15:24,758 [DEBUG] cnn_neat: Added edge 2→7 (from 26 candidates)
2026-08-25 09:15:24,845 [DEBUG] cnn_neat: Removed hidden node 3 (pool=6)
2026-08-25 09:15:24,855 [DEBUG] cnn_neat: Removed edge 9→8 (from 9 candidates)
2026-08-25 09:15:24,939 [DEBUG] cnn_neat: Removed 3 edges (requested 3)
2026-08-25 09:15:24,942 [DEBUG] cnn_neat: Split edge 7→1, new hidden node 11 (pool=3)
2026-08-25 09:15:24,946 [DEBUG] cnn_neat: Added edge 5→1 (from 9 candidates)
2026-08-25 09:15:24,952 [DEBUG] cnn_neat: Split edge 4→5, new hidden node 6 (pool=3)
2026-08-25 09:15:24,953 [DEBUG] cnn_neat: Added edge 4→1 (from 2 candidates)
2026-08-25 09:15:24,958 [DEBUG] cnn_neat: Split edge 3→4, new hidden node 6 (pool=4)
2026-08-25 09:15:24,960 [DEBUG] cnn_neat: Added edge 4→1 (from 4 candidates)
2026-08-25 09:15:24,970 [DEBUG] cnn_neat: Split edge 2→1, new hidden node 7 (pool=4)
2026-08-25 09:15:24,975 [DEBUG] cnn_neat: Added edge 2→3 (from 9 candidates)
2026-08-25 09:15:24,981 [DEBUG] cnn_neat: Removed hidden node 6 (pool=5)
2026-08-25 09:15:24,989 [DEBUG] cnn_neat: Removed edge 3→5 (from 7 candidates)
2026-08-25 09:15:24,998 [DEBUG] cnn_neat: Removed 3 edges (requested 3)
2026-08-25 09:15:25,004 [DEBUG] cnn_neat: Split edge 5→1, new hidden node 7 (pool=5)
2026-08-25 09:15:25,008 [DEBUG] cnn_neat: Split edge 2→1, new hidden node 7 (pool=5)
2026-08-25 09:15:25,011 [DEBUG] cnn_neat: Split edge 4→2, new hidden node 7 (pool=5)
2026-08-25 09:15:25,018 [DEBUG] cnn_neat: Split edge 4→5, new hidden node 6 (pool=6)
2026-08-25 09:15:25,021 [DEBUG] cnn_neat: Added edge 4→2 (from 8 candidates)
2026-08-25 09:15:25,037 [DEBUG] cnn_neat: Removed hidden node 2 (pool=1)
2026-08-25 09:15:25,041 [DEBUG] cnn_neat: Removed edge 3→2 (from 2 candidates)
2026-08-25 09:15:25,048 [DEBUG] cnn_neat: Removed 2 edges (requested 3)
2026-08-25 09:15:25,052 [DEBUG] cnn_neat: Split edge 0→2, new hidden node 7 (pool=7)
2026-08-25 09:15:25,056 [DEBUG] cnn_neat: Split edge 0→3, new hidden node 6 (pool=7)
2026-08-25 09:15:25,060 [DEBUG] cnn_neat: Split edge 5→1, new hidden node 6 (pool=5)
2026-08-25 09:15:25,067 [DEBUG] cnn_neat: Split edge 0→4, new hidden node 7 (pool=4)
2026-08-25 09:15:25,096 [DEBUG] cnn_neat: Added edge 4→6 (from 15 candidates)
2026-08-25 09:15:25,108 [DEBUG] cnn_neat: Removed hidden node 6 (pool=5)
2026-08-25 09:15:25,113 [DEBUG] cnn_neat: Removed edge 5→6 (from 8 candidates)
2026-08-25 09:15:25,121 [DEBUG] cnn_neat: Removed 3 edges (requested 3)
2026-08-25 09:15:25,147 [DEBUG] cnn_neat: Split edge 0→3, new hidden node 8 (pool=3)
2026-08-25 09:15:25,150 [DEBUG] cnn_neat: Split edge 5→6, new hidden node 7 (pool=9)
2026-08-25 09:15:25,154 [DEBUG] cnn_neat: Split edge 4→1, new hidden node 5 (pool=3)
2026-08-25 09:15:25,155 [DEBUG] cnn_neat: Added edge 0→4 (from 2 candidates)
2026-08-25 09:15:25,160 [DEBUG] cnn_neat: Split edge 3→1, new hidden node 5 (pool=2)
2026-08-25 09:15:25,306 [DEBUG] cnn_neat: Added edge 0→4 (from 1 candidates)
2026-08-25 09:15:25,312 [DEBUG] cnn_neat: Removed hidden node 4 (pool=1)
2026-08-25 09:15:25,313 [DEBUG] cnn_neat: Removed edge 3→4 (from 3 candidates)
2026-08-25 09:15:25,316 [DEBUG] cnn_neat: Removed 2 edges (requested 3)
2026-08-25 09:15:25,318 [DEBUG] cnn_neat: Split edge 0→3, new hidden node 5 (pool=3)
2026-08-25 09:15:25,320 [DEBUG] cnn_neat: Added edge 4→3 (from 4 candidates)
2026-08-25 09:15:25,322 [DEBUG] cnn_neat: Split edge 4→1, new hidden node 6 (pool=4)
2026-08-25 09:15:25,325 [DEBUG] cnn_neat: Removed hidden node 4 (pool=1)
2026-08-25 09:15:25,328 [DEBUG] cnn_neat: Added edge 0→3 (from 7 candidates)
2026-08-25 09:15:25,330 [DEBUG] cnn_neat: Split edge 3→1, new hidden node 5 (pool=4)
2026-08-25 09:15:25,334 [DEBUG] cnn_neat: Split edge 5→1, new hidden node 6 (pool=3)
2026-08-25 09:15:25,336 [DEBUG] cnn_neat: Added edge 0→5 (from 2 candidates)
2026-08-25 09:15:25,438 [DEBUG] cnn_neat: Split edge 5→4, new hidden node 7 (pool=5)
2026-08-25 09:15:25,443 [DEBUG] cnn_neat: Added edge 0→5 (from 6 candidates)
2026-08-25 09:15:25,455 [DEBUG] cnn_neat: Split edge 5→4, new hidden node 7 (pool=6)
2026-08-25 09:15:25,460 [DEBUG] cnn_neat: Added edge 6→7 (from 9 candidates)
2026-08-25 09:15:25,465 [DEBUG] cnn_neat: Added edge 6→5 (from 8 candidates)
2026-08-25 09:15:25,470 [DEBUG] cnn_neat: Split edge 5→7, new hidden node 8 (pool=7)
2026-08-25 09:15:25,480 [DEBUG] cnn_neat: Split edge 2→1, new hidden node 6 (pool=7)
2026-08-25 09:15:25,486 [DEBUG] cnn_neat: Added edge 4→3 (from 9 candidates)
2026-08-25 09:15:25,492 [DEBUG] cnn_neat: Removed hidden node 3 (pool=4)
2026-08-25 09:15:25,496 [DEBUG] cnn_neat: Removed edge 3→5 (from 7 candidates)
2026-08-25 09:15:25,504 [DEBUG] cnn_neat: Removed 3 edges (requested 3)
2026-08-25 09:15:25,509 [DEBUG] cnn_neat: Split edge 5→2, new hidden node 7 (pool=4)
2026-08-25 09:15:25,510 [DEBUG] cnn_neat: Split edge 5→2, new hidden node 6 (pool=5)
2026-08-25 09:15:25,514 [DEBUG] cnn_neat: Split edge 0→4, new hidden node 6 (pool=6)
2026-08-25 09:15:25,519 [DEBUG] cnn_neat: Split edge 4→1, new hidden node 5 (pool=3)
2026-08-25 09:15:25,523 [DEBUG] cnn_neat: Added edge 3→4 (from 6 candidates)
2026-08-25 09:15:25,525 [DEBUG] cnn_neat: Saved generation 3
2026-08-25 09:15:25,591 [DEBUG] cnn_neat: Selected 25 elite individuals
2026-08-25 09:15:25,596 [DEBUG] cnn_neat: Removed hidden node 2 (pool=2)
2026-08-25 09:15:25,603 [DEBUG] cnn_neat: Removed edge 4→1 (from 4 candidates)
2026-08-25 09:15:25,616 [DEBUG] cnn_neat: Removed 3 edges (requested 3)
2026-08-25 09:15:25,626 [DEBUG] cnn_neat: Split edge 0→3, new hidden node 6 (pool=6)
2026-08-25 09:15:25,666 [DEBUG] cnn_neat: Split edge 3→4, new hidden node 5 (pool=4)
2026-08-25 09:15:25,676 [DEBUG] cnn_neat: Added edge 2→5 (from 12 candidates)
2026-08-25 09:15:25,687 [DEBUG] cnn_neat: Added edge 3→1 (from 3 candidates)
2026-08-25 09:15:25,705 [DEBUG] cnn_neat: Split edge 5→4, new hidden node 6 (pool=5)
2026-08-25 09:15:25,711 [DEBUG] cnn_neat: Added edge 5→1 (from 10 candidates)
2026-08-25 09:15:25,722 [DEBUG] cnn_neat: Removed hidden node 2 (pool=1)
2026-08-25 09:15:25,728 [DEBUG] cnn_neat: Removed edge 3→2 (from 1 candidates)
2026-08-25 09:15:25,734 [DEBUG] cnn_neat: Removed 1 edges (requested 3)
2026-08-25 09:15:25,742 [DEBUG] cnn_neat: Split edge 3→5, new hidden node 7 (pool=6)
2026-08-25 09:15:25,746 [DEBUG] cnn_neat: Split edge 5→1, new hidden node 6 (pool=4)
2026-08-25 09:15:25,751 [DEBUG] cnn_neat: Added edge 0→5 (from 13 candidates)
2026-08-25 09:15:25,755 [DEBUG] cnn_neat: Added edge 4→2 (from 9 candidates)
2026-08-25 09:15:25,932 [DEBUG] cnn_neat: Added edge 3→4 (from 9 candidates)
2026-08-25 09:15:25,942 [DEBUG] cnn_neat: Added edge 5→1 (from 9 candidates)
2026-08-25 09:15:25,943 [DEBUG] cnn_neat: Added edge 7→4 (from 9 candidates)
2026-08-25 09:15:25,947 [DEBUG] cnn_neat: Added edge 0→7 (from 9 candidates)
2026-08-25 09:15:25,952 [DEBUG] cnn_neat: Added edge 7→4 (from 9 candidates)
2026-08-25 09:15:25,954 [DEBUG] cnn_neat: Removed hidden node 5 (pool=1)
2026-08-25 09:15:25,958 [DEBUG] cnn_neat: Added edge 0→6 (from 9 candidates)
2026-08-25 09:15:25,961 [DEBUG] cnn_neat: Crossover rejected: union topology invalid (edges=13 nodes=11)
2026-08-25 09:15:25,964 [DEBUG] cnn_neat: Added edge 6→5 (from 9 candidates)
2026-08-25 09:15:25,966 [DEBUG] cnn_neat: Added edge 0→6 (from 9 candidates)
2026-08-25 09:15:25,968 [DEBUG] cnn_neat: Added edge 0→7 (from 9 candidates)
2026-08-25 09:15:25,970 [DEBUG] cnn_neat: Added edge 0→4 (from 9 candidates)
2026-08-25 09:15:25,973 [DEBUG] cnn_neat: Added edge 3→5 (from 10 candidates)
2026-08-25 09:15:25,975 [DEBUG] cnn_neat: Added edge 5→1 (from 9 candidates)
2026-08-25 09:15:25,977 [DEBUG] cnn_neat: Split edge 0→4, new hidden node 7 (pool=2)
2026-08-25 09:15:25,979 [DEBUG] cnn_neat: Added edge 6→1 (from 7 candidates)
2026-08-25 09:15:25,982 [DEBUG] cnn_neat: Removed hidden node 3 (pool=3)
2026-08-25 09:15:25,983 [DEBUG] cnn_neat: Removed edge 0→3 (from 5 candidates)
2026-08-25 09:15:25,987 [DEBUG] cnn_neat: Removed 3 edges (requested 3)
2026-08-25 09:15:25,990 [DEBUG] cnn_neat: Crossover rejected: union topology invalid (edges=16 nodes=10)
2026-08-25 09:15:25,992 [DEBUG] cnn_neat: Split edge 0→4, new hidden node 7 (pool=2)
2026-08-25 09:15:25,994 [DEBUG] cnn_neat: Added edge 3→1 (from 15 candidates)
2026-08-25 09:15:25,996 [DEBUG] cnn_neat: Added edge 3→4 (from 7 candidates)
2026-08-25 09:15:25,998 [DEBUG] cnn_neat: Added edge 5→1 (from 6 candidates)
2026-08-25 09:15:26,000 [DEBUG] cnn_neat: Added edge 0→5 (from 5 candidates)
2026-08-25 09:15:26,003 [DEBUG] cnn_neat: Added edge 6→4 (from 4 candidates)
2026-08-25 09:15:26,006 [DEBUG] cnn_neat: Added edge 6→1 (from 3 candidates)
2026-08-25 09:15:26,008 [DEBUG] cnn_neat: Split edge 3→4, new hidden node 7 (pool=7)
2026-08-25 09:15:26,011 [DEBUG] cnn_neat: Added edge 6→5 (from 9 candidates)
2026-08-25 09:15:26,015 [DEBUG] cnn_neat: Removed hidden node 4 (pool=3)
2026-08-25 09:15:26,017 [DEBUG] cnn_neat: Removed edge 2→5 (from 6 candidates)
2026-08-25 09:15:26,020 [DEBUG] cnn_neat: Removed 3 edges (requested 3)
2026-08-25 09:15:26,023 [DEBUG] cnn_neat: Crossover rejected: union topology invalid (edges=16 nodes=10)
2026-08-25 09:15:26,025 [DEBUG] cnn_neat: Split edge 4→5, new hidden node 7 (pool=7)
2026-08-25 09:15:26,028 [DEBUG] cnn_neat: Added edge 6→5 (from 9 candidates)
2026-08-25 09:15:26,031 [DEBUG] cnn_neat: Added edge 0→3 (from 9 candidates)
2026-08-25 09:15:26,033 [DEBUG] cnn_neat: Added edge 3→1 (from 11 candidates)
2026-08-25 09:15:26,036 [DEBUG] cnn_neat: Added edge 3→5 (from 10 candidates)
2026-08-25 09:15:26,038 [DEBUG] cnn_neat: Added edge 0→5 (from 9 candidates)
2026-08-25 09:15:26,041 [DEBUG] cnn_neat: Split edge 3→1, new hidden node 11 (pool=4)
2026-08-25 09:15:26,044 [DEBUG] cnn_neat: Added edge 0→10 (from 17 candidates)
2026-08-25 09:15:26,048 [DEBUG] cnn_neat: Removed hidden node 3 (pool=5)
2026-08-25 09:15:26,050 [DEBUG] cnn_neat: Removed edge 0→8 (from 8 candidates)
2026-08-25 09:15:26,054 [DEBUG] cnn_neat: Removed 3 edges (requested 3)
2026-08-25 09:15:26,057 [DEBUG] cnn_neat: Crossover rejected: union topology invalid (edges=17 nodes=12)
2026-08-25 09:15:26,060 [DEBUG] cnn_neat: Split edge 0→3, new hidden node 11 (pool=4)
2026-08-25 09:15:26,063 [DEBUG] cnn_neat: Added edge 4→9 (from 17 candidates)
2026-08-25 09:15:26,065 [DEBUG] cnn_neat: Added edge 8→4 (from 12 candidates)
2026-08-25 09:15:26,068 [DEBUG] cnn_neat: Added edge 8→3 (from 10 candidates)
2026-08-25 09:15:26,070 [DEBUG] cnn_neat: Added edge 8→10 (from 8 candidates)
2026-08-25 09:15:26,073 [DEBUG] cnn_neat: Added edge 3→9 (from 7 candidates)
2026-08-25 09:15:26,076 [DEBUG] cnn_neat: Split edge 10→11, new hidden node 12 (pool=5)
2026-08-25 09:15:26,079 [DEBUG] cnn_neat: Added edge 10→5 (from 23 candidates)
2026-08-25 09:15:26,083 [DEBUG] cnn_neat: Removed hidden node 11 (pool=6)
2026-08-25 09:15:26,086 [DEBUG] cnn_neat: Removed edge 11→1 (from 7 candidates)
2026-08-25 09:15:26,089 [DEBUG] cnn_neat: Removed 3 edges (requested 3)
2026-08-25 09:15:26,092 [DEBUG] cnn_neat: Crossover rejected: union topology invalid (edges=15 nodes=13)
2026-08-25 09:15:26,094 [DEBUG] cnn_neat: Split edge 10→11, new hidden node 12 (pool=5)
2026-08-25 09:15:26,097 [DEBUG] cnn_neat: Added edge 12→6 (from 33 candidates)
2026-08-25 09:15:26,100 [DEBUG] cnn_neat: Added edge 0→5 (from 23 candidates)
2026-08-25 09:15:26,103 [DEBUG] cnn_neat: Added edge 4→11 (from 25 candidates)
2026-08-25 09:15:26,106 [DEBUG] cnn_neat: Added edge 6→1 (from 20 candidates)
2026-08-25 09:15:26,109 [DEBUG] cnn_neat: Added edge 3→1 (from 19 candidates)
2026-08-25 09:15:26,112 [DEBUG] cnn_neat: Added edge 0→4 (from 18 candidates)
2026-08-25 09:15:26,114 [DEBUG] cnn_neat: Split edge 0→3, new hidden node 6 (pool=7)
2026-08-25 09:15:26,116 [DEBUG] cnn_neat: Added edge 3→5 (from 5 candidates)
2026-08-25 09:15:26,120 [DEBUG] cnn_neat: Removed hidden node 2 (pool=3)
2026-08-25 09:15:26,122 [DEBUG] cnn_neat: Removed edge 5→1 (from 7 candidates)
2026-08-25 09:15:26,126 [DEBUG] cnn_neat: Removed 3 edges (requested 3)
2026-08-25 09:15:26,129 [DEBUG] cnn_neat: Crossover rejected: union topology invalid (edges=17 nodes=10)
2026-08-25 09:15:26,131 [DEBUG] cnn_neat: Split edge 4→1, new hidden node 6 (pool=7)
2026-08-25 09:15:26,133 [DEBUG] cnn_neat: Added edge 2→1 (from 5 candidates)
2026-08-25 09:15:26,135 [DEBUG] cnn_neat: Added edge 3→5 (from 4 candidates)
2026-08-25 09:15:26,138 [DEBUG] cnn_neat: Added edge 0→2 (from 4 candidates)
2026-08-25 09:15:26,140 [DEBUG] cnn_neat: Added edge 0→5 (from 3 candidates)
2026-08-25 09:15:26,144 [DEBUG] cnn_neat: Added edge 3→1 (from 2 candidates)
2026-08-25 09:15:26,147 [DEBUG] cnn_neat: Split edge 7→8, new hidden node 9 (pool=5)
2026-08-25 09:15:26,148 [DEBUG] cnn_neat: Added edge 7→2 (from 10 candidates)
2026-08-25 09:15:26,153 [DEBUG] cnn_neat: Removed hidden node 2 (pool=4)
2026-08-25 09:15:26,155 [DEBUG] cnn_neat: Removed edge 8→1 (from 8 candidates)
2026-08-25 09:15:26,158 [DEBUG] cnn_neat: Removed 3 edges (requested 3)
2026-08-25 09:15:26,162 [DEBUG] cnn_neat: Crossover rejected: union topology invalid (edges=16 nodes=11)
2026-08-25 09:15:26,164 [DEBUG] cnn_neat: Split edge 0→8, new hidden node 9 (pool=5)
2026-08-25 09:15:26,166 [DEBUG] cnn_neat: Added edge 9→1 (from 18 candidates)
2026-08-25 09:15:26,169 [DEBUG] cnn_neat: Added edge 8→2 (from 10 candidates)
2026-08-25 09:15:26,171 [DEBUG] cnn_neat: Added edge 0→2 (from 7 candidates)
2026-08-25 09:15:26,174 [DEBUG] cnn_neat: Added edge 4→8 (from 7 candidates)
2026-08-25 09:15:26,177 [DEBUG] cnn_neat: Added edge 4→1 (from 5 candidates)
2026-08-25 09:15:26,179 [DEBUG] cnn_neat: Added edge 7→2 (from 4 candidates)
2026-08-25 09:15:26,182 [DEBUG] cnn_neat: Split edge 4→3, new hidden node 5 (pool=9)
2026-08-25 09:15:26,217 [DEBUG] cnn_neat: Split edge 0→3, new hidden node 5 (pool=3)
2026-08-25 09:15:26,225 [DEBUG] cnn_neat: Added edge 3→1 (from 2 candidates)
2026-08-25 09:15:26,310 [DEBUG] cnn_neat: Split edge 3→5, new hidden node 6 (pool=3)
2026-08-25 09:15:26,313 [DEBUG] cnn_neat: Added edge 3→1 (from 2 candidates)
2026-08-25 09:15:26,321 [DEBUG] cnn_neat: Split edge 5→1, new hidden node 6 (pool=3)
2026-08-25 09:15:26,323 [DEBUG] cnn_neat: Added edge 0→5 (from 2 candidates)
2026-08-25 09:15:26,331 [DEBUG] cnn_neat: Split edge 4→5, new hidden node 7 (pool=4)
2026-08-25 09:15:26,334 [DEBUG] cnn_neat: Added edge 0→5 (from 4 candidates)
2026-08-25 09:15:26,338 [DEBUG] cnn_neat: Split edge 0→4, new hidden node 8 (pool=5)
2026-08-25 09:15:26,342 [DEBUG] cnn_neat: Added edge 4→5 (from 6 candidates)
2026-08-25 09:15:26,345 [DEBUG] cnn_neat: Split edge 4→5, new hidden node 7 (pool=5)
2026-08-25 09:15:26,352 [DEBUG] cnn_neat: Split edge 0→3, new hidden node 6 (pool=4)
2026-08-25 09:15:26,356 [DEBUG] cnn_neat: Added edge 3→4 (from 4 candidates)
2026-08-25 09:15:26,366 [DEBUG] cnn_neat: Split edge 5→1, new hidden node 6 (pool=4)
2026-08-25 09:15:26,369 [DEBUG] cnn_neat: Added edge 4→1 (from 4 candidates)
2026-08-25 09:15:26,531 [DEBUG] cnn_neat: Split edge 8→1, new hidden node 9 (pool=7)
2026-08-25 09:15:26,550 [DEBUG] cnn_neat: Added edge 3→7 (from 17 candidates)
2026-08-25 09:15:26,585 [DEBUG] cnn_neat: Removed hidden node 3 (pool=5)
2026-08-25 09:15:26,605 [DEBUG] cnn_neat: Removed edge 3→1 (from 8 candidates)
2026-08-25 09:15:26,629 [DEBUG] cnn_neat: Removed 3 edges (requested 3)
2026-08-25 09:15:26,639 [DEBUG] cnn_neat: Split edge 0→3, new hidden node 9 (pool=3)
2026-08-25 09:15:26,668 [DEBUG] cnn_neat: Added edge 8→2 (from 20 candidates)
2026-08-25 09:15:26,671 [DEBUG] cnn_neat: Split edge 3→1, new hidden node 10 (pool=7)
2026-08-25 09:15:26,678 [DEBUG] cnn_neat: Removed hidden node 8 (pool=5)
2026-08-25 09:15:26,684 [DEBUG] cnn_neat: Added edge 2→7 (from 30 candidates)
2026-08-25 09:15:26,705 [DEBUG] cnn_neat: Added edge 3→4 (from 9 candidates)
2026-08-25 09:15:26,717 [DEBUG] cnn_neat: Split edge 0→3, new hidden node 6 (pool=7)
2026-08-25 09:15:26,720 [DEBUG] cnn_neat: Added edge 3→1 (from 7 candidates)
2026-08-25 09:15:26,726 [DEBUG] cnn_neat: Removed hidden node 5 (pool=4)
2026-08-25 09:15:26,729 [DEBUG] cnn_neat: Removed edge 4→2 (from 6 candidates)
2026-08-25 09:15:26,733 [DEBUG] cnn_neat: Removed 3 edges (requested 3)
2026-08-25 09:15:26,738 [DEBUG] cnn_neat: Split edge 2→3, new hidden node 7 (pool=4)
2026-08-25 09:15:26,742 [DEBUG] cnn_neat: Split edge 0→3, new hidden node 6 (pool=2)
2026-08-25 09:15:26,744 [DEBUG] cnn_neat: Split edge 0→4, new hidden node 6 (pool=6)
2026-08-25 09:15:26,749 [DEBUG] cnn_neat: Split edge 3→6, new hidden node 7 (pool=6)
2026-08-25 09:15:26,752 [DEBUG] cnn_neat: Added edge 0→4 (from 7 candidates)
2026-08-25 09:15:26,757 [DEBUG] cnn_neat: Removed hidden node 6 (pool=1)
2026-08-25 09:15:26,760 [DEBUG] cnn_neat: Removed edge 3→6 (from 3 candidates)
2026-08-25 09:15:26,763 [DEBUG] cnn_neat: Removed 2 edges (requested 3)
2026-08-25 09:15:26,767 [DEBUG] cnn_neat: Split edge 7→6, new hidden node 8 (pool=7)
2026-08-25 09:15:26,770 [DEBUG] cnn_neat: Split edge 3→5, new hidden node 7 (pool=5)
2026-08-25 09:15:26,774 [DEBUG] cnn_neat: Added edge 6→4 (from 11 candidates)
2026-08-25 09:15:26,777 [DEBUG] cnn_neat: Added edge 0→5 (from 9 candidates)
2026-08-25 09:15:26,784 [DEBUG] cnn_neat: Split edge 7→8, new hidden node 10 (pool=5)
2026-08-25 09:15:26,790 [DEBUG] cnn_neat: Added edge 8→3 (from 26 candidates)
2026-08-25 09:15:26,799 [DEBUG] cnn_neat: Removed hidden node 2 (pool=6)
2026-08-25 09:15:26,804 [DEBUG] cnn_neat: Removed edge 7→1 (from 7 candidates)
2026-08-25 09:15:26,812 [DEBUG] cnn_neat: Removed 3 edges (requested 3)
2026-08-25 09:15:26,817 [DEBUG] cnn_neat: Split edge 0→8, new hidden node 10 (pool=8)
2026-08-25 09:15:26,822 [DEBUG] cnn_neat: Split edge 7→8, new hidden node 10 (pool=4)
2026-08-25 09:15:26,825 [DEBUG] cnn_neat: Split edge 0→7, new hidden node 10 (pool=3)
2026-08-25 09:15:26,831 [DEBUG] cnn_neat: Split edge 4→1, new hidden node 6 (pool=6)
2026-08-25 09:15:26,836 [DEBUG] cnn_neat: Added edge 4→2 (from 7 candidates)
2026-08-25 09:15:26,841 [DEBUG] cnn_neat: Removed hidden node 5 (pool=3)
2026-08-25 09:15:26,844 [DEBUG] cnn_neat: Removed edge 5→1 (from 6 candidates)
2026-08-25 09:15:26,849 [DEBUG] cnn_neat: Removed 3 edges (requested 3)
2026-08-25 09:15:26,854 [DEBUG] cnn_neat: Split edge 3→4, new hidden node 6 (pool=7)
2026-08-25 09:15:26,857 [DEBUG] cnn_neat: Split edge 3→4, new hidden node 6 (pool=3)
2026-08-25 09:15:26,861 [DEBUG] cnn_neat: Added edge 0→5 (from 5 candidates)
2026-08-25 09:15:26,863 [DEBUG] cnn_neat: Added edge 0→5 (from 4 candidates)
2026-08-25 09:15:26,871 [DEBUG] cnn_neat: Split edge 0→3, new hidden node 5 (pool=8)
2026-08-25 09:15:26,875 [DEBUG] cnn_neat: Added edge 4→3 (from 2 candidates)
2026-08-25 09:15:26,881 [DEBUG] cnn_neat: Removed hidden node 2 (pool=3)
2026-08-25 09:15:26,885 [DEBUG] cnn_neat: Removed edge 0→2 (from 8 candidates)
2026-08-25 09:15:26,891 [DEBUG] cnn_neat: Removed 3 edges (requested 3)
2026-08-25 09:15:26,894 [DEBUG] cnn_neat: Split edge 3→1, new hidden node 5 (pool=5)
2026-08-25 09:15:26,898 [DEBUG] cnn_neat: Added edge 4→2 (from 8 candidates)
2026-08-25 09:15:26,901 [DEBUG] cnn_neat: Split edge 2→1, new hidden node 6 (pool=3)
2026-08-25 09:15:26,906 [DEBUG] cnn_neat: Removed hidden node 3 (pool=3)
2026-08-25 09:15:26,908 [DEBUG] cnn_neat: Added edge 4→5 (from 12 candidates)
2026-08-25 09:15:26,912 [DEBUG] cnn_neat: Split edge 0→3, new hidden node 5 (pool=3)
2026-08-25 09:15:26,946 [DEBUG] cnn_neat: Split edge 0→3, new hidden node 5 (pool=2)
2026-08-25 09:15:26,949 [DEBUG] cnn_neat: Added edge 0→4 (from 1 candidates)
2026-08-25 09:15:26,954 [DEBUG] cnn_neat: Removed hidden node 4 (pool=1)
2026-08-25 09:15:26,957 [DEBUG] cnn_neat: Removed edge 3→4 (from 3 candidates)
2026-08-25 09:15:26,961 [DEBUG] cnn_neat: Removed 2 edges (requested 3)
2026-08-25 09:15:26,967 [DEBUG] cnn_neat: Split edge 4→3, new hidden node 5 (pool=3)
2026-08-25 09:15:26,970 [DEBUG] cnn_neat: Added edge 0→2 (from 4 candidates)
2026-08-25 09:15:26,975 [DEBUG] cnn_neat: Removed hidden node 4 (pool=3)
2026-08-25 09:15:26,979 [DEBUG] cnn_neat: Removed edge 0→3 (from 6 candidates)
2026-08-25 09:15:26,987 [DEBUG] cnn_neat: Removed 3 edges (requested 3)
2026-08-25 09:15:26,989 [DEBUG] cnn_neat: Split edge 0→4, new hidden node 5 (pool=7)
2026-08-25 09:15:26,991 [DEBUG] cnn_neat: Split edge 3→1, new hidden node 5 (pool=5)
2026-08-25 09:15:26,993 [DEBUG] cnn_neat: Added edge 4→1 (from 4 candidates)
2026-08-25 09:15:26,995 [DEBUG] cnn_neat: Added edge 0→2 (from 5 candidates)
2026-08-25 09:15:26,998 [DEBUG] cnn_neat: Split edge 3→4, new hidden node 6 (pool=5)
2026-08-25 09:15:27,003 [DEBUG] cnn_neat: Added edge 4→1 (from 4 candidates)
2026-08-25 09:15:27,011 [DEBUG] cnn_neat: Removed hidden node 3 (pool=1)
2026-08-25 09:15:27,013 [DEBUG] cnn_neat: Removed edge 0→3 (from 3 candidates)
2026-08-25 09:15:27,015 [DEBUG] cnn_neat: Removed 2 edges (requested 3)
2026-08-25 09:15:27,017 [DEBUG] cnn_neat: Split edge 3→4, new hidden node 5 (pool=3)
2026-08-25 09:15:27,018 [DEBUG] cnn_neat: Added edge 0→4 (from 2 candidates)
2026-08-25 09:15:27,024 [DEBUG] cnn_neat: Split edge 7→1, new hidden node 9 (pool=3)
2026-08-25 09:15:27,026 [DEBUG] cnn_neat: Added edge 8→4 (from 20 candidates)
2026-08-25 09:15:27,029 [DEBUG] cnn_neat: Removed hidden node 3 (pool=5)
2026-08-25 09:15:27,030 [DEBUG] cnn_neat: Removed edge 0→8 (from 5 candidates)
2026-08-25 09:15:27,033 [DEBUG] cnn_neat: Removed 3 edges (requested 3)
2026-08-25 09:15:27,038 [DEBUG] cnn_neat: Split edge 0→8, new hidden node 9 (pool=4)
2026-08-25 09:15:27,040 [DEBUG] cnn_neat: Split edge 0→7, new hidden node 8 (pool=3)
2026-08-25 09:15:27,041 [DEBUG] cnn_neat: Split edge 2→1, new hidden node 8 (pool=4)
2026-08-25 09:15:27,048 [DEBUG] cnn_neat: Split edge 2→1, new hidden node 7 (pool=3)
2026-08-25 09:15:27,050 [DEBUG] cnn_neat: Added edge 5→1 (from 12 candidates)
2026-08-25 09:15:27,054 [DEBUG] cnn_neat: Removed hidden node 4 (pool=5)
2026-08-25 09:15:27,056 [DEBUG] cnn_neat: Removed edge 6→1 (from 8 candidates)
2026-08-25 09:15:27,059 [DEBUG] cnn_neat: Removed 3 edges (requested 3)
2026-08-25 09:15:27,062 [DEBUG] cnn_neat: Split edge 0→4, new hidden node 8 (pool=9)
2026-08-25 09:15:27,064 [DEBUG] cnn_neat: Split edge 0→4, new hidden node 7 (pool=4)
2026-08-25 09:15:27,068 [DEBUG] cnn_neat: Added edge 5→1 (from 9 candidates)
2026-08-25 09:15:27,075 [DEBUG] cnn_neat: Split edge 3→5, new hidden node 6 (pool=3)
2026-08-25 09:15:27,076 [DEBUG] cnn_neat: Added edge 3→1 (from 2 candidates)
2026-08-25 09:15:27,085 [DEBUG] cnn_neat: Split edge 0→4, new hidden node 7 (pool=2)
2026-08-25 09:15:27,087 [DEBUG] cnn_neat: Added edge 6→1 (from 7 candidates)
2026-08-25 09:15:27,090 [DEBUG] cnn_neat: Removed hidden node 6 (pool=3)
2026-08-25 09:15:27,091 [DEBUG] cnn_neat: Removed edge 0→3 (from 5 candidates)
2026-08-25 09:15:27,094 [DEBUG] cnn_neat: Removed 3 edges (requested 3)
2026-08-25 09:15:27,096 [DEBUG] cnn_neat: Split edge 0→4, new hidden node 6 (pool=2)
2026-08-25 09:15:27,098 [DEBUG] cnn_neat: Added edge 3→1 (from 4 candidates)
2026-08-25 09:15:27,100 [DEBUG] cnn_neat: Split edge 3→5, new hidden node 7 (pool=6)
2026-08-25 09:15:27,102 [DEBUG] cnn_neat: Removed hidden node 5 (pool=2)
2026-08-25 09:15:27,104 [DEBUG] cnn_neat: Added edge 0→4 (from 10 candidates)
2026-08-25 09:15:27,107 [DEBUG] cnn_neat: Split edge 3→4, new hidden node 7 (pool=7)
2026-08-25 09:15:27,109 [DEBUG] cnn_neat: Added edge 6→4 (from 9 candidates)
2026-08-25 09:15:27,113 [DEBUG] cnn_neat: Removed hidden node 2 (pool=3)
2026-08-25 09:15:27,115 [DEBUG] cnn_neat: Removed edge 3→2 (from 6 candidates)
2026-08-25 09:15:27,119 [DEBUG] cnn_neat: Removed 3 edges (requested 3)
2026-08-25 09:15:27,121 [DEBUG] cnn_neat: Split edge 3→4, new hidden node 7 (pool=4)
2026-08-25 09:15:27,123 [DEBUG] cnn_neat: Split edge 4→1, new hidden node 7 (pool=4)
2026-08-25 09:15:27,126 [DEBUG] cnn_neat: Split edge 3→5, new hidden node 6 (pool=4)
2026-08-25 09:15:27,128 [DEBUG] cnn_neat: Added edge 0→4 (from 4 candidates)
2026-08-25 09:15:27,133 [DEBUG] cnn_neat: Split edge 3→4, new hidden node 6 (pool=4)
2026-08-25 09:15:27,135 [DEBUG] cnn_neat: Added edge 0→4 (from 4 candidates)
2026-08-25 09:15:27,142 [DEBUG] cnn_neat: Split edge 3→1, new hidden node 11 (pool=4)
2026-08-25 09:15:27,144 [DEBUG] cnn_neat: Added edge 3→10 (from 17 candidates)
2026-08-25 09:15:27,151 [DEBUG] cnn_neat: Removed hidden node 3 (pool=5)
2026-08-25 09:15:27,154 [DEBUG] cnn_neat: Removed edge 10→1 (from 8 candidates)
2026-08-25 09:15:27,158 [DEBUG] cnn_neat: Removed 3 edges (requested 3)
2026-08-25 09:15:27,160 [DEBUG] cnn_neat: Split edge 9→10, new hidden node 11 (pool=7)
2026-08-25 09:15:27,163 [DEBUG] cnn_neat: Split edge 8→9, new hidden node 11 (pool=4)
2026-08-25 09:15:27,164 [DEBUG] cnn_neat: Split edge 0→3, new hidden node 11 (pool=6)
2026-08-25 09:15:27,168 [DEBUG] cnn_neat: Split edge 10→11, new hidden node 12 (pool=5)
2026-08-25 09:15:27,170 [DEBUG] cnn_neat: Added edge 10→5 (from 23 candidates)
2026-08-25 09:15:27,174 [DEBUG] cnn_neat: Removed hidden node 11 (pool=6)
2026-08-25 09:15:27,176 [DEBUG] cnn_neat: Removed edge 11→1 (from 7 candidates)
2026-08-25 09:15:27,180 [DEBUG] cnn_neat: Removed 3 edges (requested 3)
2026-08-25 09:15:27,181 [DEBUG] cnn_neat: Split edge 0→3, new hidden node 12 (pool=6)
2026-08-25 09:15:27,183 [DEBUG] cnn_neat: Added edge 11→3 (from 21 candidates)
2026-08-25 09:15:27,184 [DEBUG] cnn_neat: Split edge 6→5, new hidden node 13 (pool=4)
2026-08-25 09:15:27,190 [DEBUG] cnn_neat: Removed hidden node 6 (pool=3)
2026-08-25 09:15:27,191 [DEBUG] cnn_neat: Added edge 10→3 (from 27 candidates)
2026-08-25 09:15:27,200 [DEBUG] cnn_neat: Split edge 3→4, new hidden node 6 (pool=7)
2026-08-25 09:15:27,206 [DEBUG] cnn_neat: Added edge 0→5 (from 5 candidates)
2026-08-25 09:15:27,214 [DEBUG] cnn_neat: Removed hidden node 5 (pool=3)
2026-08-25 09:15:27,216 [DEBUG] cnn_neat: Removed edge 2→5 (from 7 candidates)
2026-08-25 09:15:27,219 [DEBUG] cnn_neat: Removed 3 edges (requested 3)
2026-08-25 09:15:27,222 [DEBUG] cnn_neat: Split edge 2→4, new hidden node 7 (pool=9)
2026-08-25 09:15:27,224 [DEBUG] cnn_neat: Split edge 5→1, new hidden node 6 (pool=2)
2026-08-25 09:15:27,228 [DEBUG] cnn_neat: Split edge 7→8, new hidden node 9 (pool=5)
2026-08-25 09:15:27,230 [DEBUG] cnn_neat: Added edge 4→7 (from 10 candidates)
2026-08-25 09:15:27,234 [DEBUG] cnn_neat: Removed hidden node 4 (pool=4)
2026-08-25 09:15:27,236 [DEBUG] cnn_neat: Removed edge 4→2 (from 8 candidates)
2026-08-25 09:15:27,239 [DEBUG] cnn_neat: Removed 3 edges (requested 3)
2026-08-25 09:15:27,241 [DEBUG] cnn_neat: Split edge 7→1, new hidden node 9 (pool=6)
2026-08-25 09:15:27,244 [DEBUG] cnn_neat: Split edge 0→8, new hidden node 9 (pool=6)
2026-08-25 09:15:27,250 [DEBUG] cnn_neat: Split edge 2→1, new hidden node 5 (pool=9)
2026-08-25 09:15:27,252 [DEBUG] cnn_neat: Added edge 0→1 (from 1 candidates)
2026-08-25 09:15:27,255 [DEBUG] cnn_neat: Removed hidden node 3 (pool=3)
2026-08-25 09:15:27,258 [DEBUG] cnn_neat: Removed edge 4→3 (from 9 candidates)
2026-08-25 09:15:27,269 [DEBUG] cnn_neat: Removed 3 edges (requested 3)
2026-08-25 09:15:27,271 [DEBUG] cnn_neat: Split edge 4→3, new hidden node 6 (pool=7)
2026-08-25 09:15:27,276 [DEBUG] cnn_neat: Split edge 4→1, new hidden node 5 (pool=5)
2026-08-25 09:15:27,280 [DEBUG] cnn_neat: Split edge 4→1, new hidden node 5 (pool=6)
2026-08-25 09:15:27,287 [DEBUG] cnn_neat: Split edge 0→7, new hidden node 10 (pool=7)
2026-08-25 09:15:27,291 [DEBUG] cnn_neat: Added edge 8→4 (from 26 candidates)
2026-08-25 09:15:27,295 [DEBUG] cnn_neat: Removed hidden node 9 (pool=6)
2026-08-25 09:15:27,298 [DEBUG] cnn_neat: Removed edge 7→8 (from 9 candidates)
2026-08-25 09:15:27,303 [DEBUG] cnn_neat: Removed 3 edges (requested 3)
2026-08-25 09:15:27,306 [DEBUG] cnn_neat: Split edge 3→1, new hidden node 11 (pool=2)
2026-08-25 09:15:27,310 [DEBUG] cnn_neat: Split edge 0→7, new hidden node 10 (pool=2)
2026-08-25 09:15:27,312 [DEBUG] cnn_neat: Added edge 9→4 (from 20 candidates)
2026-08-25 09:15:27,316 [DEBUG] cnn_neat: Removed hidden node 4 (pool=5)
2026-08-25 09:15:27,318 [DEBUG] cnn_neat: Removed edge 4→2 (from 8 candidates)
2026-08-25 09:15:27,325 [DEBUG] cnn_neat: Removed 3 edges (requested 3)
2026-08-25 09:15:27,331 [DEBUG] cnn_neat: Split edge 0→9, new hidden node 11 (pool=9)
2026-08-25 09:15:27,335 [DEBUG] cnn_neat: Split edge 0→8, new hidden node 10 (pool=4)
2026-08-25 09:15:27,338 [DEBUG] cnn_neat: Added edge 3→8 (from 27 candidates)
2026-08-25 09:15:27,341 [DEBUG] cnn_neat: Removed hidden node 2 (pool=6)
2026-08-25 09:15:27,343 [DEBUG] cnn_neat: Removed edge 7→1 (from 6 candidates)
2026-08-25 09:15:27,347 [DEBUG] cnn_neat: Removed 3 edges (requested 3)
2026-08-25 09:15:27,350 [DEBUG] cnn_neat: Split edge 0→7, new hidden node 11 (pool=5)
2026-08-25 09:15:27,354 [DEBUG] cnn_neat: Split edge 0→4, new hidden node 6 (pool=8)
2026-08-25 09:15:27,356 [DEBUG] cnn_neat: Added edge 5→1 (from 7 candidates)
2026-08-25 09:15:27,360 [DEBUG] cnn_neat: Removed hidden node 4 (pool=4)
2026-08-25 09:15:27,363 [DEBUG] cnn_neat: Removed edge 2→1 (from 9 candidates)
2026-08-25 09:15:27,373 [DEBUG] cnn_neat: Removed 3 edges (requested 3)
2026-08-25 09:15:27,377 [DEBUG] cnn_neat: Split edge 2→3, new hidden node 7 (pool=5)
2026-08-25 09:15:27,382 [DEBUG] cnn_neat: Split edge 7→1, new hidden node 9 (pool=8)
2026-08-25 09:15:27,385 [DEBUG] cnn_neat: Added edge 8→2 (from 14 candidates)
2026-08-25 09:15:27,390 [DEBUG] cnn_neat: Removed hidden node 7 (pool=5)
2026-08-25 09:15:27,392 [DEBUG] cnn_neat: Removed edge 7→1 (from 9 candidates)
2026-08-25 09:15:27,398 [DEBUG] cnn_neat: Removed 3 edges (requested 3)
2026-08-25 09:15:27,401 [DEBUG] cnn_neat: Split edge 0→3, new hidden node 10 (pool=6)
2026-08-25 09:15:27,403 [DEBUG] cnn_neat: Split edge 3→1, new hidden node 9 (pool=11)
2026-08-25 09:15:27,412 [DEBUG] cnn_neat: Split edge 7→8, new hidden node 11 (pool=3)
2026-08-25 09:15:27,416 [DEBUG] cnn_neat: Added edge 9→2 (from 36 candidates)
2026-08-25 09:15:27,515 [DEBUG] cnn_neat: Removed hidden node 4 (pool=7)
2026-08-25 09:15:27,522 [DEBUG] cnn_neat: Removed edge 0→7 (from 6 candidates)
2026-08-25 09:15:27,532 [DEBUG] cnn_neat: Removed 3 edges (requested 3)
2026-08-25 09:15:27,542 [DEBUG] cnn_neat: Split edge 0→7, new hidden node 12 (pool=1)
2026-08-25 09:15:27,548 [DEBUG] cnn_neat: Added edge 0→3 (from 9 candidates)
2026-08-25 09:15:27,562 [DEBUG] cnn_neat: Split edge 0→2, new hidden node 7 (pool=7)
2026-08-25 09:15:27,565 [DEBUG] cnn_neat: Added edge 3→4 (from 11 candidates)
2026-08-25 09:15:27,568 [DEBUG] cnn_neat: Split edge 3→5, new hidden node 8 (pool=8)
2026-08-25 09:15:27,572 [DEBUG] cnn_neat: Removed hidden node 2 (pool=2)
2026-08-25 09:15:27,575 [DEBUG] cnn_neat: Added edge 7→3 (from 16 candidates)
2026-08-25 09:15:27,579 [DEBUG] cnn_neat: Split edge 0→4, new hidden node 6 (pool=8)
2026-08-25 09:15:27,581 [DEBUG] cnn_neat: Added edge 5→2 (from 8 candidates)
2026-08-25 09:15:27,584 [DEBUG] cnn_neat: Removed hidden node 3 (pool=4)
2026-08-25 09:15:27,587 [DEBUG] cnn_neat: Removed edge 0→3 (from 8 candidates)
2026-08-25 09:15:27,589 [DEBUG] cnn_neat: Removed 3 edges (requested 3)
2026-08-25 09:15:27,592 [DEBUG] cnn_neat: Split edge 4→3, new hidden node 7 (pool=5)
2026-08-25 09:15:27,598 [DEBUG] cnn_neat: Split edge 4→5, new hidden node 6 (pool=9)
2026-08-25 09:15:27,609 [DEBUG] cnn_neat: Split edge 5→3, new hidden node 7 (pool=7)
2026-08-25 09:15:27,613 [DEBUG] cnn_neat: Added edge 2→5 (from 20 candidates)
2026-08-25 09:15:27,616 [DEBUG] cnn_neat: Removed hidden node 3 (pool=4)
2026-08-25 09:15:27,620 [DEBUG] cnn_neat: Removed edge 5→3 (from 6 candidates)
2026-08-25 09:15:27,627 [DEBUG] cnn_neat: Removed 3 edges (requested 3)
2026-08-25 09:15:27,629 [DEBUG] cnn_neat: Split edge 2→1, new hidden node 8 (pool=5)
2026-08-25 09:15:27,631 [DEBUG] cnn_neat: Split edge 4→2, new hidden node 7 (pool=8)
2026-08-25 09:15:27,632 [DEBUG] cnn_neat: Split edge 4→6, new hidden node 7 (pool=4)
2026-08-25 09:15:27,635 [DEBUG] cnn_neat: Split edge 0→3, new hidden node 6 (pool=5)
2026-08-25 09:15:27,637 [DEBUG] cnn_neat: Added edge 4→5 (from 5 candidates)
2026-08-25 09:15:27,639 [DEBUG] cnn_neat: Removed hidden node 5 (pool=2)
2026-08-25 09:15:27,640 [DEBUG] cnn_neat: Removed edge 3→4 (from 4 candidates)
2026-08-25 09:15:27,642 [DEBUG] cnn_neat: Removed 2 edges (requested 3)
2026-08-25 09:15:27,644 [DEBUG] cnn_neat: Split edge 4→1, new hidden node 7 (pool=6)
2026-08-25 09:15:27,646 [DEBUG] cnn_neat: Split edge 0→3, new hidden node 6 (pool=6)
2026-08-25 09:15:27,647 [DEBUG] cnn_neat: Split edge 5→1, new hidden node 6 (pool=4)
2026-08-25 09:15:27,650 [DEBUG] cnn_neat: Split edge 0→4, new hidden node 5 (pool=6)
2026-08-25 09:15:27,651 [DEBUG] cnn_neat: Added edge 0→1 (from 5 candidates)
2026-08-25 09:15:27,653 [DEBUG] cnn_neat: Removed hidden node 3 (pool=2)
2026-08-25 09:15:27,655 [DEBUG] cnn_neat: Removed edge 3→4 (from 5 candidates)
2026-08-25 09:15:27,657 [DEBUG] cnn_neat: Removed 3 edges (requested 3)
2026-08-25 09:15:27,658 [DEBUG] cnn_neat: Split edge 4→1, new hidden node 6 (pool=7)
2026-08-25 09:15:27,660 [DEBUG] cnn_neat: Split edge 0→1, new hidden node 5 (pool=1)
2026-08-25 09:15:27,665 [DEBUG] cnn_neat: Split edge 4→1, new hidden node 6 (pool=4)
2026-08-25 09:15:27,669 [DEBUG] cnn_neat: Added edge 5→1 (from 9 candidates)
2026-08-25 09:15:27,677 [DEBUG] cnn_neat: Removed hidden node 2 (pool=3)
2026-08-25 09:15:27,678 [DEBUG] cnn_neat: Removed edge 3→4 (from 5 candidates)
2026-08-25 09:15:27,685 [DEBUG] cnn_neat: Removed 3 edges (requested 3)
2026-08-25 09:15:27,688 [DEBUG] cnn_neat: Split edge 4→6, new hidden node 7 (pool=8)
2026-08-25 09:15:27,699 [DEBUG] cnn_neat: Split edge 0→5, new hidden node 7 (pool=6)
2026-08-25 09:15:27,705 [DEBUG] cnn_neat: Added edge 0→6 (from 3 candidates)
2026-08-25 09:15:27,709 [DEBUG] cnn_neat: Removed hidden node 6 (pool=4)
2026-08-25 09:15:27,712 [DEBUG] cnn_neat: Removed edge 3→4 (from 11 candidates)
2026-08-25 09:15:27,717 [DEBUG] cnn_neat: Removed 3 edges (requested 3)
2026-08-25 09:15:27,719 [DEBUG] cnn_neat: Split edge 7→5, new hidden node 8 (pool=5)
2026-08-25 09:15:27,723 [DEBUG] cnn_neat: Split edge 3→1, new hidden node 5 (pool=2)
2026-08-25 09:15:27,724 [DEBUG] cnn_neat: Added edge 0→4 (from 1 candidates)
2026-08-25 09:15:27,726 [DEBUG] cnn_neat: Removed hidden node 4 (pool=1)
2026-08-25 09:15:27,728 [DEBUG] cnn_neat: Removed edge 3→1 (from 3 candidates)
2026-08-25 09:15:27,729 [DEBUG] cnn_neat: Removed 2 edges (requested 3)
2026-08-25 09:15:27,734 [DEBUG] cnn_neat: Split edge 7→1, new hidden node 11 (pool=3)
2026-08-25 09:15:27,737 [DEBUG] cnn_neat: Added edge 10→3 (from 36 candidates)
2026-08-25 09:15:27,742 [DEBUG] cnn_neat: Removed hidden node 8 (pool=7)
2026-08-25 09:15:27,745 [DEBUG] cnn_neat: Removed edge 7→1 (from 6 candidates)
2026-08-25 09:15:27,749 [DEBUG] cnn_neat: Removed 3 edges (requested 3)
2026-08-25 09:15:27,758 [DEBUG] cnn_neat: Split edge 7→1, new hidden node 11 (pool=3)
2026-08-25 09:15:27,763 [DEBUG] cnn_neat: Split edge 3→4, new hidden node 5 (pool=7)
2026-08-25 09:15:27,768 [DEBUG] cnn_neat: Added edge 0→1 (from 3 candidates)
2026-08-25 09:15:27,860 [DEBUG] cnn_neat: Removed hidden node 2 (pool=2)
2026-08-25 09:15:27,862 [DEBUG] cnn_neat: Removed edge 0→3 (from 6 candidates)
2026-08-25 09:15:27,866 [DEBUG] cnn_neat: Removed 3 edges (requested 3)
2026-08-25 09:15:27,868 [DEBUG] cnn_neat: Split edge 0→4, new hidden node 6 (pool=5)
2026-08-25 09:15:27,870 [DEBUG] cnn_neat: Split edge 0→1, new hidden node 5 (pool=1)
2026-08-25 09:15:27,871 [DEBUG] cnn_neat: Split edge 4→1, new hidden node 5 (pool=6)
2026-08-25 09:15:27,874 [DEBUG] cnn_neat: Split edge 0→3, new hidden node 5 (pool=3)
2026-08-25 09:15:27,876 [DEBUG] cnn_neat: Added edge 0→4 (from 2 candidates)
2026-08-25 09:15:27,880 [DEBUG] cnn_neat: Split edge 5→1, new hidden node 6 (pool=3)
2026-08-25 09:15:27,881 [DEBUG] cnn_neat: Added edge 3→1 (from 2 candidates)
2026-08-25 09:15:27,886 [DEBUG] cnn_neat: Split edge 3→5, new hidden node 6 (pool=4)
2026-08-25 09:15:27,887 [DEBUG] cnn_neat: Added edge 0→4 (from 4 candidates)
2026-08-25 09:15:27,892 [DEBUG] cnn_neat: Split edge 0→3, new hidden node 6 (pool=4)
2026-08-25 09:15:27,893 [DEBUG] cnn_neat: Added edge 0→5 (from 4 candidates)
2026-08-25 09:15:27,899 [DEBUG] cnn_neat: Split edge 3→4, new hidden node 6 (pool=5)
2026-08-25 09:15:27,901 [DEBUG] cnn_neat: Added edge 0→5 (from 4 candidates)
2026-08-25 09:15:27,903 [DEBUG] cnn_neat: Removed hidden node 3 (pool=1)
2026-08-25 09:15:27,905 [DEBUG] cnn_neat: Removed edge 0→4 (from 3 candidates)
2026-08-25 09:15:27,906 [DEBUG] cnn_neat: Removed 1 edges (requested 3)
2026-08-25 09:15:27,908 [DEBUG] cnn_neat: Split edge 0→5, new hidden node 6 (pool=6)
2026-08-25 09:15:27,909 [DEBUG] cnn_neat: Added edge 4→1 (from 4 candidates)
2026-08-25 09:15:27,912 [DEBUG] cnn_neat: Split edge 0→6, new hidden node 7 (pool=7)
2026-08-25 09:15:27,914 [DEBUG] cnn_neat: Removed hidden node 4 (pool=2)
2026-08-25 09:15:27,916 [DEBUG] cnn_neat: Added edge 3→6 (from 9 candidates)
2026-08-25 09:15:27,918 [DEBUG] cnn_neat: Split edge 0→4, new hidden node 6 (pool=7)
2026-08-25 09:15:27,928 [DEBUG] cnn_neat: Added edge 0→6 (from 9 candidates)
2026-08-25 09:15:27,934 [DEBUG] cnn_neat: Split edge 3→4, new hidden node 7 (pool=6)
2026-08-25 09:15:27,936 [DEBUG] cnn_neat: Added edge 6→3 (from 7 candidates)
2026-08-25 09:15:27,939 [DEBUG] cnn_neat: Removed hidden node 3 (pool=2)
2026-08-25 09:15:27,940 [DEBUG] cnn_neat: Removed edge 0→6 (from 4 candidates)
2026-08-25 09:15:27,943 [DEBUG] cnn_neat: Removed 2 edges (requested 3)
2026-08-25 09:15:27,945 [DEBUG] cnn_neat: Split edge 6→4, new hidden node 8 (pool=7)
2026-08-25 09:15:27,947 [DEBUG] cnn_neat: Split edge 6→3, new hidden node 7 (pool=7)
2026-08-25 09:15:27,997 [DEBUG] cnn_neat: Split edge 0→3, new hidden node 11 (pool=3)
2026-08-25 09:15:28,037 [DEBUG] cnn_neat: Added edge 4→8 (from 36 candidates)
2026-08-25 09:15:28,047 [DEBUG] cnn_neat: Removed hidden node 9 (pool=7)
2026-08-25 09:15:28,112 [DEBUG] cnn_neat: Removed edge 2→1 (from 6 candidates)
2026-08-25 09:15:28,143 [DEBUG] cnn_neat: Removed 3 edges (requested 3)
2026-08-25 09:15:28,146 [DEBUG] cnn_neat: Split edge 0→7, new hidden node 12 (pool=1)
2026-08-25 09:15:28,232 [DEBUG] cnn_neat: Split edge 3→6, new hidden node 8 (pool=7)
2026-08-25 09:15:28,244 [DEBUG] cnn_neat: Added edge 0→6 (from 11 candidates)
2026-08-25 09:15:28,251 [DEBUG] cnn_neat: Removed hidden node 6 (pool=2)
2026-08-25 09:15:28,259 [DEBUG] cnn_neat: Removed edge 6→7 (from 4 candidates)
2026-08-25 09:15:28,268 [DEBUG] cnn_neat: Removed 3 edges (requested 3)
2026-08-25 09:15:28,270 [DEBUG] cnn_neat: Split edge 4→1, new hidden node 9 (pool=4)
2026-08-25 09:15:28,273 [DEBUG] cnn_neat: Split edge 3→6, new hidden node 8 (pool=8)
2026-08-25 09:15:28,330 [DEBUG] cnn_neat: Split edge 0→8, new hidden node 11 (pool=3)
2026-08-25 09:15:28,391 [DEBUG] cnn_neat: Added edge 10→2 (from 37 candidates)
2026-08-25 09:15:28,555 [DEBUG] cnn_neat: Removed hidden node 8 (pool=7)
2026-08-25 09:15:28,571 [DEBUG] cnn_neat: Removed edge 2→1 (from 6 candidates)
2026-08-25 09:15:28,671 [DEBUG] cnn_neat: Removed 3 edges (requested 3)
2026-08-25 09:15:28,673 [DEBUG] cnn_neat: Split edge 3→4, new hidden node 5 (pool=3)
2026-08-25 09:15:28,675 [DEBUG] cnn_neat: Added edge 3→1 (from 2 candidates)
2026-08-25 09:15:28,678 [DEBUG] cnn_neat: Split edge 0→3, new hidden node 6 (pool=3)
2026-08-25 09:15:28,680 [DEBUG] cnn_neat: Added edge 3→1 (from 2 candidates)
2026-08-25 09:15:28,685 [DEBUG] cnn_neat: Split edge 3→5, new hidden node 6 (pool=4)
2026-08-25 09:15:28,686 [DEBUG] cnn_neat: Added edge 0→5 (from 4 candidates)
2026-08-25 09:15:28,691 [DEBUG] cnn_neat: Split edge 5→1, new hidden node 6 (pool=4)
2026-08-25 09:15:28,692 [DEBUG] cnn_neat: Added edge 3→5 (from 4 candidates)
2026-08-25 09:15:28,698 [DEBUG] cnn_neat: Split edge 0→3, new hidden node 5 (pool=2)
2026-08-25 09:15:28,699 [DEBUG] cnn_neat: Added edge 0→4 (from 1 candidates)
2026-08-25 09:15:28,701 [DEBUG] cnn_neat: Removed hidden node 4 (pool=1)
2026-08-25 09:15:28,702 [DEBUG] cnn_neat: Removed edge 3→4 (from 3 candidates)
2026-08-25 09:15:28,703 [DEBUG] cnn_neat: Removed 2 edges (requested 3)
2026-08-25 09:15:28,707 [DEBUG] cnn_neat: Added edge 6→4 (from 9 candidates)
2026-08-25 09:15:28,712 [DEBUG] cnn_neat: Split edge 3→6, new hidden node 8 (pool=4)
2026-08-25 09:15:28,714 [DEBUG] cnn_neat: Added edge 6→5 (from 9 candidates)
2026-08-25 09:15:28,716 [DEBUG] cnn_neat: Split edge 4→1, new hidden node 9 (pool=2)
2026-08-25 09:15:28,719 [DEBUG] cnn_neat: Removed hidden node 5 (pool=2)
2026-08-25 09:15:28,721 [DEBUG] cnn_neat: Added edge 7→1 (from 12 candidates)
2026-08-25 09:15:28,762 [DEBUG] cnn_neat: Split edge 3→4, new hidden node 6 (pool=3)
2026-08-25 09:15:28,846 [DEBUG] cnn_neat: Added edge 3→5 (from 7 candidates)
2026-08-25 09:15:28,858 [DEBUG] cnn_neat: Removed hidden node 3 (pool=4)
2026-08-25 09:15:28,866 [DEBUG] cnn_neat: Removed edge 3→2 (from 7 candidates)
2026-08-25 09:15:28,876 [DEBUG] cnn_neat: Removed 3 edges (requested 3)
2026-08-25 09:15:28,882 [DEBUG] cnn_neat: Split edge 3→5, new hidden node 6 (pool=5)
2026-08-25 09:15:28,883 [DEBUG] cnn_neat: Split edge 0→4, new hidden node 6 (pool=3)
2026-08-25 09:15:28,944 [DEBUG] cnn_neat: Split edge 3→5, new hidden node 6 (pool=3)
2026-08-25 09:15:28,964 [DEBUG] cnn_neat: Added edge 0→4 (from 3 candidates)
2026-08-25 09:15:28,992 [DEBUG] cnn_neat: Removed hidden node 4 (pool=1)
2026-08-25 09:15:28,998 [DEBUG] cnn_neat: Removed edge 5→4 (from 3 candidates)
2026-08-25 09:15:29,022 [DEBUG] cnn_neat: Removed 2 edges (requested 3)
2026-08-25 09:15:29,026 [DEBUG] cnn_neat: Split edge 0→4, new hidden node 6 (pool=2)
2026-08-25 09:15:29,028 [DEBUG] cnn_neat: Split edge 0→3, new hidden node 6 (pool=4)
2026-08-25 09:15:29,029 [DEBUG] cnn_neat: Added edge 3→4 (from 3 candidates)
2026-08-25 09:15:29,030 [DEBUG] cnn_neat: Added edge 4→3 (from 7 candidates)
2026-08-25 09:15:29,116 [DEBUG] cnn_neat: Split edge 0→2, new hidden node 6 (pool=6)
2026-08-25 09:15:29,128 [DEBUG] cnn_neat: Added edge 0→5 (from 5 candidates)
2026-08-25 09:15:29,140 [DEBUG] cnn_neat: Removed hidden node 5 (pool=4)
2026-08-25 09:15:29,205 [DEBUG] cnn_neat: Removed edge 0→4 (from 8 candidates)
2026-08-25 09:15:29,240 [DEBUG] cnn_neat: Removed 3 edges (requested 3)
2026-08-25 09:15:29,243 [DEBUG] cnn_neat: Split edge 6→2, new hidden node 7 (pool=5)
2026-08-25 09:15:29,246 [DEBUG] cnn_neat: Split edge 3→5, new hidden node 6 (pool=10)
2026-08-25 09:15:29,259 [DEBUG] cnn_neat: Split edge 3→1, new hidden node 5 (pool=3)
2026-08-25 09:15:29,263 [DEBUG] cnn_neat: Added edge 0→1 (from 4 candidates)
2026-08-25 09:15:29,268 [DEBUG] cnn_neat: Removed hidden node 4 (pool=1)
2026-08-25 09:15:29,271 [DEBUG] cnn_neat: Removed edge 4→1 (from 1 candidates)
2026-08-25 09:15:29,273 [DEBUG] cnn_neat: Removed 1 edges (requested 3)
2026-08-25 09:15:29,276 [DEBUG] cnn_neat: Split edge 4→1, new hidden node 5 (pool=2)
2026-08-25 09:15:29,281 [DEBUG] cnn_neat: Added edge 0→4 (from 2 candidates)
2026-08-25 09:15:29,284 [DEBUG] cnn_neat: Split edge 5→1, new hidden node 6 (pool=3)
2026-08-25 09:15:29,285 [DEBUG] cnn_neat: Removed hidden node 3 (pool=2)
2026-08-25 09:15:29,287 [DEBUG] cnn_neat: Added edge 5→3 (from 4 candidates)
2026-08-25 09:15:29,434 [DEBUG] cnn_neat: Split edge 0→4, new hidden node 6 (pool=7)
2026-08-25 09:15:29,470 [DEBUG] cnn_neat: Added edge 3→2 (from 10 candidates)
2026-08-25 09:15:29,482 [DEBUG] cnn_neat: Removed hidden node 3 (pool=4)
2026-08-25 09:15:29,489 [DEBUG] cnn_neat: Removed edge 4→2 (from 7 candidates)
2026-08-25 09:15:29,555 [DEBUG] cnn_neat: Removed 3 edges (requested 3)
2026-08-25 09:15:29,557 [DEBUG] cnn_neat: Split edge 0→5, new hidden node 7 (pool=4)
2026-08-25 09:15:29,560 [DEBUG] cnn_neat: Split edge 3→4, new hidden node 5 (pool=3)
2026-08-25 09:15:29,562 [DEBUG] cnn_neat: Added edge 0→4 (from 2 candidates)
2026-08-25 09:15:29,566 [DEBUG] cnn_neat: Split edge 0→3, new hidden node 6 (pool=3)
2026-08-25 09:15:29,568 [DEBUG] cnn_neat: Added edge 3→1 (from 2 candidates)
2026-08-25 09:15:29,572 [DEBUG] cnn_neat: Split edge 0→3, new hidden node 6 (pool=4)
2026-08-25 09:15:29,573 [DEBUG] cnn_neat: Added edge 3→4 (from 4 candidates)
2026-08-25 09:15:29,579 [DEBUG] cnn_neat: Split edge 5→1, new hidden node 6 (pool=4)
2026-08-25 09:15:29,580 [DEBUG] cnn_neat: Added edge 4→1 (from 4 candidates)
2026-08-25 09:15:29,585 [DEBUG] cnn_neat: Split edge 3→1, new hidden node 5 (pool=2)
2026-08-25 09:15:29,586 [DEBUG] cnn_neat: Added edge 0→4 (from 1 candidates)
2026-08-25 09:15:29,588 [DEBUG] cnn_neat: Removed hidden node 4 (pool=1)
2026-08-25 09:15:29,592 [DEBUG] cnn_neat: Removed edge 3→1 (from 3 candidates)
2026-08-25 09:15:29,595 [DEBUG] cnn_neat: Removed 2 edges (requested 3)
2026-08-25 09:15:29,633 [DEBUG] cnn_neat: Split edge 7→1, new hidden node 9 (pool=7)
2026-08-25 09:15:29,639 [DEBUG] cnn_neat: Added edge 7→4 (from 14 candidates)
2026-08-25 09:15:29,703 [DEBUG] cnn_neat: Removed hidden node 2 (pool=5)
2026-08-25 09:15:29,712 [DEBUG] cnn_neat: Removed edge 2→8 (from 9 candidates)
2026-08-25 09:15:29,722 [DEBUG] cnn_neat: Removed 3 edges (requested 3)
2026-08-25 09:15:29,725 [DEBUG] cnn_neat: Split edge 8→1, new hidden node 10 (pool=5)
2026-08-25 09:15:29,728 [DEBUG] cnn_neat: Split edge 0→7, new hidden node 9 (pool=8)
2026-08-25 09:15:29,738 [DEBUG] cnn_neat: Split edge 5→1, new hidden node 7 (pool=6)
2026-08-25 09:15:29,743 [DEBUG] cnn_neat: Added edge 0→5 (from 8 candidates)
2026-08-25 09:15:29,752 [DEBUG] cnn_neat: Removed hidden node 6 (pool=2)
2026-08-25 09:15:29,757 [DEBUG] cnn_neat: Removed edge 3→6 (from 4 candidates)
2026-08-25 09:15:29,764 [DEBUG] cnn_neat: Removed 3 edges (requested 3)
2026-08-25 09:15:29,766 [DEBUG] cnn_neat: Split edge 5→7, new hidden node 8 (pool=7)
2026-08-25 09:15:29,768 [DEBUG] cnn_neat: Split edge 0→4, new hidden node 7 (pool=4)
2026-08-25 09:15:29,775 [DEBUG] cnn_neat: Split edge 7→1, new hidden node 10 (pool=2)
2026-08-25 09:15:29,781 [DEBUG] cnn_neat: Added edge 4→3 (from 28 candidates)
2026-08-25 09:15:29,788 [DEBUG] cnn_neat: Removed hidden node 2 (pool=6)
2026-08-25 09:15:29,792 [DEBUG] cnn_neat: Removed edge 2→1 (from 4 candidates)
2026-08-25 09:15:29,818 [DEBUG] cnn_neat: Removed 3 edges (requested 3)
2026-08-25 09:15:29,834 [DEBUG] cnn_neat: Split edge 0→7, new hidden node 10 (pool=2)
2026-08-25 09:15:29,836 [DEBUG] cnn_neat: Split edge 0→4, new hidden node 10 (pool=3)
2026-08-25 09:15:29,842 [DEBUG] cnn_neat: Split edge 7→4, new hidden node 8 (pool=9)
2026-08-25 09:15:29,845 [DEBUG] cnn_neat: Added edge 4→5 (from 21 candidates)
2026-08-25 09:15:29,996 [DEBUG] cnn_neat: Removed hidden node 5 (pool=6)
2026-08-25 09:15:30,116 [DEBUG] cnn_neat: Removed edge 6→1 (from 9 candidates)
2026-08-25 09:15:30,122 [DEBUG] cnn_neat: Removed 3 edges (requested 3)
2026-08-25 09:15:30,126 [DEBUG] cnn_neat: Split edge 0→7, new hidden node 9 (pool=9)
2026-08-25 09:15:30,132 [DEBUG] cnn_neat: Split edge 5→1, new hidden node 6 (pool=6)
2026-08-25 09:15:30,135 [DEBUG] cnn_neat: Added edge 4→5 (from 8 candidates)
2026-08-25 09:15:30,140 [DEBUG] cnn_neat: Removed hidden node 2 (pool=2)
2026-08-25 09:15:30,142 [DEBUG] cnn_neat: Removed edge 0→3 (from 4 candidates)
2026-08-25 09:15:30,147 [DEBUG] cnn_neat: Removed 3 edges (requested 3)
2026-08-25 09:15:30,151 [DEBUG] cnn_neat: Split edge 4→2, new hidden node 7 (pool=7)
2026-08-25 09:15:30,154 [DEBUG] cnn_neat: Split edge 0→3, new hidden node 6 (pool=7)
2026-08-25 09:15:30,157 [DEBUG] cnn_neat: Split edge 4→2, new hidden node 6 (pool=5)
2026-08-25 09:15:30,165 [DEBUG] cnn_neat: Split edge 0→7, new hidden node 10 (pool=7)
2026-08-25 09:15:30,169 [DEBUG] cnn_neat: Added edge 4→3 (from 21 candidates)
2026-08-25 09:15:30,177 [DEBUG] cnn_neat: Removed hidden node 7 (pool=6)
2026-08-25 09:15:30,181 [DEBUG] cnn_neat: Removed edge 8→1 (from 9 candidates)
2026-08-25 09:15:30,189 [DEBUG] cnn_neat: Removed 3 edges (requested 3)
2026-08-25 09:15:30,194 [DEBUG] cnn_neat: Split edge 3→1, new hidden node 11 (pool=2)
2026-08-25 09:15:30,200 [DEBUG] cnn_neat: Split edge 6→4, new hidden node 7 (pool=7)
2026-08-25 09:15:30,204 [DEBUG] cnn_neat: Added edge 5→1 (from 6 candidates)
2026-08-25 09:15:30,209 [DEBUG] cnn_neat: Removed hidden node 6 (pool=2)
2026-08-25 09:15:30,212 [DEBUG] cnn_neat: Removed edge 3→6 (from 5 candidates)
2026-08-25 09:15:30,215 [DEBUG] cnn_neat: Removed 2 edges (requested 3)
2026-08-25 09:15:30,219 [DEBUG] cnn_neat: Split edge 0→3, new hidden node 8 (pool=8)
2026-08-25 09:15:30,222 [DEBUG] cnn_neat: Split edge 3→6, new hidden node 7 (pool=7)
2026-08-25 09:15:30,224 [DEBUG] cnn_neat: Split edge 6→4, new hidden node 7 (pool=6)
2026-08-25 09:15:30,232 [DEBUG] cnn_neat: Split edge 7→8, new hidden node 10 (pool=5)
2026-08-25 09:15:30,238 [DEBUG] cnn_neat: Added edge 4→1 (from 21 candidates)
2026-08-25 09:15:30,246 [DEBUG] cnn_neat: Removed hidden node 9 (pool=6)
2026-08-25 09:15:30,250 [DEBUG] cnn_neat: Removed edge 0→7 (from 8 candidates)
2026-08-25 09:15:30,257 [DEBUG] cnn_neat: Removed 3 edges (requested 3)
2026-08-25 09:15:30,263 [DEBUG] cnn_neat: Split edge 8→1, new hidden node 11 (pool=3)
2026-08-25 09:15:30,268 [DEBUG] cnn_neat: Split edge 0→3, new hidden node 6 (pool=6)
2026-08-25 09:15:30,271 [DEBUG] cnn_neat: Added edge 0→4 (from 9 candidates)
2026-08-25 09:15:30,276 [DEBUG] cnn_neat: Removed hidden node 4 (pool=1)
2026-08-25 09:15:30,278 [DEBUG] cnn_neat: Removed edge 4→5 (from 2 candidates)
2026-08-25 09:15:30,282 [DEBUG] cnn_neat: Removed 2 edges (requested 3)
2026-08-25 09:15:30,284 [DEBUG] cnn_neat: Split edge 4→1, new hidden node 7 (pool=7)
2026-08-25 09:15:30,287 [DEBUG] cnn_neat: Split edge 0→4, new hidden node 6 (pool=2)
2026-08-25 09:15:30,289 [DEBUG] cnn_neat: Saved generation 4
2026-08-25 09:15:30,339 [DEBUG] cnn_neat: Split edge 4→1, new hidden node 6 (pool=5)
2026-08-25 09:15:30,352 [DEBUG] cnn_neat: Selected 25 elite individuals
2026-08-25 09:15:30,358 [DEBUG] cnn_neat: Split edge 4→1, new hidden node 5 (pool=3)
2026-08-25 09:15:30,366 [DEBUG] cnn_neat: Added edge 3→1 (from 2 candidates)
2026-08-25 09:15:30,383 [DEBUG] cnn_neat: Split edge 5→1, new hidden node 6 (pool=3)
2026-08-25 09:15:30,421 [DEBUG] cnn_neat: Added edge 0→5 (from 2 candidates)
2026-08-25 09:15:30,445 [DEBUG] cnn_neat: Split edge 3→5, new hidden node 6 (pool=4)
2026-08-25 09:15:30,453 [DEBUG] cnn_neat: Added edge 5→1 (from 4 candidates)
2026-08-25 09:15:30,471 [DEBUG] cnn_neat: Split edge 3→4, new hidden node 6 (pool=4)
2026-08-25 09:15:30,475 [DEBUG] cnn_neat: Added edge 0→5 (from 4 candidates)
2026-08-25 09:15:30,491 [DEBUG] cnn_neat: Split edge 0→3, new hidden node 5 (pool=2)
2026-08-25 09:15:30,494 [DEBUG] cnn_neat: Added edge 0→4 (from 1 candidates)
2026-08-25 09:15:30,500 [DEBUG] cnn_neat: Removed hidden node 4 (pool=1)
2026-08-25 09:15:30,502 [DEBUG] cnn_neat: Removed edge 4→1 (from 3 candidates)
2026-08-25 09:15:30,505 [DEBUG] cnn_neat: Removed 1 edges (requested 3)
2026-08-25 09:15:30,513 [DEBUG] cnn_neat: Split edge 3→6, new hidden node 7 (pool=4)
2026-08-25 09:15:30,519 [DEBUG] cnn_neat: Added edge 0→5 (from 5 candidates)
2026-08-25 09:15:30,708 [DEBUG] cnn_neat: Removed hidden node 4 (pool=1)
2026-08-25 09:15:30,722 [DEBUG] cnn_neat: Removed edge 4→1 (from 3 candidates)
2026-08-25 09:15:30,723 [DEBUG] cnn_neat: Split edge 0→6, new hidden node 8 (pool=7)
2026-08-25 09:15:30,729 [DEBUG] cnn_neat: Added edge 0→5 (from 9 candidates)
2026-08-25 09:15:30,729 [DEBUG] cnn_neat: Removed 1 edges (requested 3)
2026-08-25 09:15:30,736 [DEBUG] cnn_neat: Split edge 5→1, new hidden node 8 (pool=1)
2026-08-25 09:15:30,741 [DEBUG] cnn_neat: Removed hidden node 3 (pool=1)
2026-08-25 09:15:30,743 [DEBUG] cnn_neat: Split edge 5→1, new hidden node 7 (pool=2)
2026-08-25 09:15:30,743 [DEBUG] cnn_neat: Removed edge 3→6 (from 3 candidates)
2026-08-25 09:15:30,746 [DEBUG] cnn_neat: Removed 2 edges (requested 3)
2026-08-25 09:15:30,748 [DEBUG] cnn_neat: Split edge 5→4, new hidden node 8 (pool=5)
2026-08-25 09:15:30,751 [DEBUG] cnn_neat: Crossover rejected: union topology invalid (edges=15 nodes=11)
2026-08-25 09:15:30,753 [DEBUG] cnn_neat: Split edge 6→7, new hidden node 8 (pool=7)
2026-08-25 09:15:30,755 [DEBUG] cnn_neat: Added edge 3→5 (from 9 candidates)
2026-08-25 09:15:30,757 [DEBUG] cnn_neat: Added edge 7→4 (from 10 candidates)
2026-08-25 09:15:30,759 [DEBUG] cnn_neat: Added edge 5→1 (from 9 candidates)
2026-08-25 09:15:30,762 [DEBUG] cnn_neat: Added edge 6→5 (from 8 candidates)
2026-08-25 09:15:30,765 [DEBUG] cnn_neat: Added edge 0→4 (from 7 candidates)
2026-08-25 09:15:30,768 [DEBUG] cnn_neat: Split edge 12→11, new hidden node 13 (pool=10)
2026-08-25 09:15:30,771 [DEBUG] cnn_neat: Added edge 4→12 (from 33 candidates)
2026-08-25 09:15:30,775 [DEBUG] cnn_neat: Removed hidden node 12 (pool=7)
2026-08-25 09:15:30,778 [DEBUG] cnn_neat: Removed edge 12→11 (from 9 candidates)
2026-08-25 09:15:30,781 [DEBUG] cnn_neat: Removed 3 edges (requested 3)
2026-08-25 09:15:30,784 [DEBUG] cnn_neat: Crossover rejected: union topology invalid (edges=19 nodes=13)
2026-08-25 09:15:30,788 [DEBUG] cnn_neat: Split edge 6→5, new hidden node 13 (pool=10)
2026-08-25 09:15:30,791 [DEBUG] cnn_neat: Added edge 11→5 (from 33 candidates)
2026-08-25 09:15:30,794 [DEBUG] cnn_neat: Added edge 11→6 (from 26 candidates)
2026-08-25 09:15:30,797 [DEBUG] cnn_neat: Added edge 10→3 (from 22 candidates)
2026-08-25 09:15:30,800 [DEBUG] cnn_neat: Added edge 3→11 (from 20 candidates)
2026-08-25 09:15:30,803 [DEBUG] cnn_neat: Added edge 6→4 (from 17 candidates)
2026-08-25 09:15:30,805 [DEBUG] cnn_neat: Split edge 3→6, new hidden node 11 (pool=7)
2026-08-25 09:15:30,808 [DEBUG] cnn_neat: Added edge 10→3 (from 15 candidates)
2026-08-25 09:15:30,811 [DEBUG] cnn_neat: Removed hidden node 6 (pool=2)
2026-08-25 09:15:30,813 [DEBUG] cnn_neat: Removed edge 3→5 (from 4 candidates)
2026-08-25 09:15:30,816 [DEBUG] cnn_neat: Removed 3 edges (requested 3)
2026-08-25 09:15:30,817 [DEBUG] cnn_neat: Split edge 4→1, new hidden node 6 (pool=4)
2026-08-25 09:15:30,819 [DEBUG] cnn_neat: Added edge 3→6 (from 6 candidates)
2026-08-25 09:15:30,822 [DEBUG] cnn_neat: Crossover rejected: union topology invalid (edges=18 nodes=13)
2026-08-25 09:15:30,824 [DEBUG] cnn_neat: Split edge 3→5, new hidden node 11 (pool=7)
2026-08-25 09:15:30,826 [DEBUG] cnn_neat: Added edge 6→10 (from 15 candidates)
2026-08-25 09:15:30,828 [DEBUG] cnn_neat: Added edge 0→6 (from 12 candidates)
2026-08-25 09:15:30,830 [DEBUG] cnn_neat: Added edge 3→4 (from 10 candidates)
2026-08-25 09:15:30,833 [DEBUG] cnn_neat: Added edge 10→5 (from 12 candidates)
2026-08-25 09:15:30,836 [DEBUG] cnn_neat: Added edge 6→1 (from 9 candidates)
2026-08-25 09:15:30,837 [DEBUG] cnn_neat: Split edge 3→5, new hidden node 12 (pool=8)
2026-08-25 09:15:30,839 [DEBUG] cnn_neat: Added edge 6→10 (from 25 candidates)
2026-08-25 09:15:30,842 [DEBUG] cnn_neat: Removed hidden node 6 (pool=3)
2026-08-25 09:15:30,844 [DEBUG] cnn_neat: Removed edge 10→11 (from 5 candidates)
2026-08-25 09:15:30,846 [DEBUG] cnn_neat: Split edge 5→4, new hidden node 11 (pool=7)
2026-08-25 09:15:30,850 [DEBUG] cnn_neat: Removed 3 edges (requested 3)
2026-08-25 09:15:30,851 [DEBUG] cnn_neat: Split edge 6→5, new hidden node 7 (pool=5)
2026-08-25 09:15:30,853 [DEBUG] cnn_neat: Added edge 3→7 (from 9 candidates)
2026-08-25 09:15:30,856 [DEBUG] cnn_neat: Crossover rejected: copied edge has no live Conv2d
2026-08-25 09:15:30,858 [DEBUG] cnn_neat: Split edge 10→11, new hidden node 12 (pool=8)
2026-08-25 09:15:30,861 [DEBUG] cnn_neat: Added edge 11→3 (from 25 candidates)
2026-08-25 09:15:30,863 [DEBUG] cnn_neat: Added edge 0→11 (from 16 candidates)
2026-08-25 09:15:30,866 [DEBUG] cnn_neat: Added edge 10→5 (from 14 candidates)
2026-08-25 09:15:30,869 [DEBUG] cnn_neat: Added edge 11→5 (from 13 candidates)
2026-08-25 09:15:30,871 [DEBUG] cnn_neat: Added edge 6→4 (from 12 candidates)
2026-08-25 09:15:30,874 [DEBUG] cnn_neat: Split edge 5→1, new hidden node 7 (pool=3)
2026-08-25 09:15:30,877 [DEBUG] cnn_neat: Added edge 6→4 (from 9 candidates)
2026-08-25 09:15:30,881 [DEBUG] cnn_neat: Removed hidden node 5 (pool=4)
2026-08-25 09:15:30,883 [DEBUG] cnn_neat: Split edge 0→6, new hidden node 7 (pool=5)
2026-08-25 09:15:30,885 [DEBUG] cnn_neat: Removed edge 4→1 (from 8 candidates)
2026-08-25 09:15:30,889 [DEBUG] cnn_neat: Removed 3 edges (requested 3)
2026-08-25 09:15:30,891 [DEBUG] cnn_neat: Crossover rejected: union topology invalid (edges=17 nodes=12)
2026-08-25 09:15:30,894 [DEBUG] cnn_neat: Split edge 6→5, new hidden node 7 (pool=3)
2026-08-25 09:15:30,896 [DEBUG] cnn_neat: Added edge 0→3 (from 9 candidates)
2026-08-25 09:15:30,899 [DEBUG] cnn_neat: Added edge 3→1 (from 11 candidates)
2026-08-25 09:15:30,902 [DEBUG] cnn_neat: Added edge 2→1 (from 10 candidates)
2026-08-25 09:15:30,904 [DEBUG] cnn_neat: Added edge 6→4 (from 9 candidates)
2026-08-25 09:15:30,907 [DEBUG] cnn_neat: Added edge 0→4 (from 8 candidates)
2026-08-25 09:15:30,909 [DEBUG] cnn_neat: Split edge 6→7, new hidden node 8 (pool=7)
2026-08-25 09:15:30,912 [DEBUG] cnn_neat: Added edge 3→5 (from 11 candidates)
2026-08-25 09:15:30,915 [DEBUG] cnn_neat: Removed hidden node 6 (pool=2)
2026-08-25 09:15:30,960 [DEBUG] cnn_neat: Split edge 3→5, new hidden node 7 (pool=6)
2026-08-25 09:15:30,996 [DEBUG] cnn_neat: Added edge 3→4 (from 7 candidates)
2026-08-25 09:15:31,067 [DEBUG] cnn_neat: Removed hidden node 6 (pool=1)
2026-08-25 09:15:31,071 [DEBUG] cnn_neat: Removed edge 3→6 (from 3 candidates)
2026-08-25 09:15:31,077 [DEBUG] cnn_neat: Removed 2 edges (requested 3)
2026-08-25 09:15:31,082 [DEBUG] cnn_neat: Split edge 3→7, new hidden node 8 (pool=7)
2026-08-25 09:15:31,088 [DEBUG] cnn_neat: Split edge 5→4, new hidden node 7 (pool=7)
2026-08-25 09:15:31,093 [DEBUG] cnn_neat: Added edge 6→7 (from 10 candidates)
2026-08-25 09:15:31,098 [DEBUG] cnn_neat: Added edge 6→4 (from 7 candidates)
2026-08-25 09:15:31,109 [DEBUG] cnn_neat: Split edge 0→7, new hidden node 10 (pool=5)
2026-08-25 09:15:31,117 [DEBUG] cnn_neat: Added edge 7→2 (from 26 candidates)
2026-08-25 09:15:31,130 [DEBUG] cnn_neat: Removed hidden node 7 (pool=6)
2026-08-25 09:15:31,136 [DEBUG] cnn_neat: Removed edge 3→1 (from 7 candidates)
2026-08-25 09:15:31,148 [DEBUG] cnn_neat: Removed 3 edges (requested 3)
2026-08-25 09:15:31,156 [DEBUG] cnn_neat: Split edge 0→8, new hidden node 11 (pool=2)
2026-08-25 09:15:31,352 [DEBUG] cnn_neat: Split edge 7→8, new hidden node 10 (pool=8)
2026-08-25 09:15:31,377 [DEBUG] cnn_neat: Split edge 4→1, new hidden node 5 (pool=3)
2026-08-25 09:15:31,385 [DEBUG] cnn_neat: Added edge 0→4 (from 2 candidates)
2026-08-25 09:15:31,455 [DEBUG] cnn_neat: Split edge 0→3, new hidden node 6 (pool=3)
2026-08-25 09:15:31,460 [DEBUG] cnn_neat: Added edge 3→1 (from 2 candidates)
2026-08-25 09:15:31,483 [DEBUG] cnn_neat: Split edge 4→1, new hidden node 6 (pool=4)
2026-08-25 09:15:31,489 [DEBUG] cnn_neat: Added edge 5→1 (from 4 candidates)
2026-08-25 09:15:31,502 [DEBUG] cnn_neat: Split edge 3→4, new hidden node 6 (pool=4)
2026-08-25 09:15:31,503 [DEBUG] cnn_neat: Added edge 0→4 (from 4 candidates)
2026-08-25 09:15:31,522 [DEBUG] cnn_neat: Split edge 3→2, new hidden node 6 (pool=6)
2026-08-25 09:15:31,525 [DEBUG] cnn_neat: Added edge 4→2 (from 7 candidates)
2026-08-25 09:15:31,531 [DEBUG] cnn_neat: Removed hidden node 4 (pool=3)
2026-08-25 09:15:31,534 [DEBUG] cnn_neat: Removed edge 2→5 (from 6 candidates)
2026-08-25 09:15:31,539 [DEBUG] cnn_neat: Removed 3 edges (requested 3)
2026-08-25 09:15:31,543 [DEBUG] cnn_neat: Split edge 4→1, new hidden node 7 (pool=3)
2026-08-25 09:15:31,546 [DEBUG] cnn_neat: Split edge 4→1, new hidden node 6 (pool=4)
2026-08-25 09:15:31,550 [DEBUG] cnn_neat: Added edge 2→1 (from 11 candidates)
2026-08-25 09:15:31,553 [DEBUG] cnn_neat: Added edge 2→1 (from 9 candidates)
2026-08-25 09:15:31,557 [DEBUG] cnn_neat: Split edge 0→3, new hidden node 5 (pool=2)
2026-08-25 09:15:31,560 [DEBUG] cnn_neat: Added edge 0→4 (from 1 candidates)
2026-08-25 09:15:31,563 [DEBUG] cnn_neat: Removed hidden node 4 (pool=1)
2026-08-25 09:15:31,565 [DEBUG] cnn_neat: Removed edge 3→1 (from 3 candidates)
2026-08-25 09:15:31,568 [DEBUG] cnn_neat: Removed 2 edges (requested 3)
2026-08-25 09:15:31,576 [DEBUG] cnn_neat: Added edge 3→5 (from 9 candidates)
2026-08-25 09:15:31,587 [DEBUG] cnn_neat: Split edge 0→4, new hidden node 7 (pool=2)
2026-08-25 09:15:31,591 [DEBUG] cnn_neat: Added edge 5→1 (from 7 candidates)
2026-08-25 09:15:31,596 [DEBUG] cnn_neat: Removed hidden node 5 (pool=3)
2026-08-25 09:15:31,598 [DEBUG] cnn_neat: Removed edge 5→4 (from 5 candidates)
2026-08-25 09:15:31,603 [DEBUG] cnn_neat: Removed 3 edges (requested 3)
2026-08-25 09:15:31,607 [DEBUG] cnn_neat: Split edge 0→4, new hidden node 7 (pool=2)
2026-08-25 09:15:31,609 [DEBUG] cnn_neat: Split edge 0→4, new hidden node 7 (pool=2)
2026-08-25 09:15:31,611 [DEBUG] cnn_neat: Split edge 4→1, new hidden node 7 (pool=2)
2026-08-25 09:15:31,619 [DEBUG] cnn_neat: Split edge 4→5, new hidden node 7 (pool=7)
2026-08-25 09:15:31,622 [DEBUG] cnn_neat: Added edge 2→4 (from 9 candidates)
2026-08-25 09:15:31,630 [DEBUG] cnn_neat: Removed hidden node 2 (pool=3)
2026-08-25 09:15:31,633 [DEBUG] cnn_neat: Removed edge 3→2 (from 6 candidates)
2026-08-25 09:15:31,640 [DEBUG] cnn_neat: Removed 3 edges (requested 3)
2026-08-25 09:15:31,643 [DEBUG] cnn_neat: Split edge 6→3, new hidden node 7 (pool=4)
2026-08-25 09:15:31,645 [DEBUG] cnn_neat: Added edge 0→5 (from 7 candidates)
2026-08-25 09:15:31,649 [DEBUG] cnn_neat: Split edge 4→1, new hidden node 8 (pool=1)
2026-08-25 09:15:31,656 [DEBUG] cnn_neat: Removed hidden node 5 (pool=1)
2026-08-25 09:15:31,660 [DEBUG] cnn_neat: Added edge 0→3 (from 10 candidates)
2026-08-25 09:15:31,667 [DEBUG] cnn_neat: Split edge 8→9, new hidden node 11 (pool=4)
2026-08-25 09:15:31,670 [DEBUG] cnn_neat: Added edge 8→4 (from 17 candidates)
2026-08-25 09:15:31,679 [DEBUG] cnn_neat: Removed hidden node 4 (pool=5)
2026-08-25 09:15:31,683 [DEBUG] cnn_neat: Removed edge 9→10 (from 8 candidates)
2026-08-25 09:15:31,689 [DEBUG] cnn_neat: Removed 3 edges (requested 3)
2026-08-25 09:15:31,693 [DEBUG] cnn_neat: Split edge 0→3, new hidden node 12 (pool=2)
2026-08-25 09:15:31,701 [DEBUG] cnn_neat: Split edge 6→5, new hidden node 12 (pool=5)
2026-08-25 09:15:31,707 [DEBUG] cnn_neat: Added edge 3→10 (from 23 candidates)
2026-08-25 09:15:31,715 [DEBUG] cnn_neat: Removed hidden node 6 (pool=6)
2026-08-25 09:15:31,719 [DEBUG] cnn_neat: Removed edge 5→4 (from 7 candidates)
2026-08-25 09:15:31,729 [DEBUG] cnn_neat: Removed 3 edges (requested 3)
2026-08-25 09:15:31,734 [DEBUG] cnn_neat: Split edge 10→11, new hidden node 13 (pool=3)
2026-08-25 09:15:31,785 [DEBUG] cnn_neat: Split edge 3→4, new hidden node 6 (pool=7)
2026-08-25 09:15:31,791 [DEBUG] cnn_neat: Added edge 0→2 (from 5 candidates)
2026-08-25 09:15:31,799 [DEBUG] cnn_neat: Removed hidden node 2 (pool=3)
2026-08-25 09:15:31,803 [DEBUG] cnn_neat: Removed edge 4→1 (from 7 candidates)
2026-08-25 09:15:31,813 [DEBUG] cnn_neat: Removed 3 edges (requested 3)
2026-08-25 09:15:31,816 [DEBUG] cnn_neat: Split edge 5→1, new hidden node 6 (pool=9)
2026-08-25 09:15:31,818 [DEBUG] cnn_neat: Split edge 2→5, new hidden node 6 (pool=7)
2026-08-25 09:15:31,819 [DEBUG] cnn_neat: Split edge 4→1, new hidden node 6 (pool=5)
2026-08-25 09:15:31,825 [DEBUG] cnn_neat: Split edge 0→8, new hidden node 9 (pool=5)
2026-08-25 09:15:31,831 [DEBUG] cnn_neat: Added edge 0→2 (from 10 candidates)
2026-08-25 09:15:31,838 [DEBUG] cnn_neat: Removed hidden node 2 (pool=4)
2026-08-25 09:15:31,841 [DEBUG] cnn_neat: Removed edge 0→8 (from 8 candidates)
2026-08-25 09:15:31,851 [DEBUG] cnn_neat: Removed 3 edges (requested 3)
2026-08-25 09:15:31,854 [DEBUG] cnn_neat: Split edge 0→4, new hidden node 9 (pool=9)
2026-08-25 09:15:31,856 [DEBUG] cnn_neat: Split edge 7→1, new hidden node 9 (pool=2)
2026-08-25 09:15:31,857 [DEBUG] cnn_neat: Split edge 0→8, new hidden node 9 (pool=5)
2026-08-25 09:15:31,862 [DEBUG] cnn_neat: Split edge 2→1, new hidden node 5 (pool=9)
2026-08-25 09:15:31,864 [DEBUG] cnn_neat: Added edge 0→1 (from 1 candidates)
2026-08-25 09:15:31,868 [DEBUG] cnn_neat: Removed hidden node 4 (pool=3)
2026-08-25 09:15:31,872 [DEBUG] cnn_neat: Removed edge 2→3 (from 9 candidates)
2026-08-25 09:15:31,878 [DEBUG] cnn_neat: Removed 3 edges (requested 3)
2026-08-25 09:15:31,879 [DEBUG] cnn_neat: Split edge 2→1, new hidden node 5 (pool=4)
2026-08-25 09:15:31,881 [DEBUG] cnn_neat: Added edge 2→3 (from 4 candidates)
2026-08-25 09:15:31,885 [DEBUG] cnn_neat: Split edge 4→1, new hidden node 6 (pool=3)
2026-08-25 09:15:31,888 [DEBUG] cnn_neat: Removed hidden node 2 (pool=3)
2026-08-25 09:15:31,890 [DEBUG] cnn_neat: Added edge 0→5 (from 9 candidates)
2026-08-25 09:15:31,897 [DEBUG] cnn_neat: Split edge 3→1, new hidden node 10 (pool=7)
2026-08-25 09:15:31,907 [DEBUG] cnn_neat: Added edge 2→7 (from 26 candidates)
2026-08-25 09:15:31,917 [DEBUG] cnn_neat: Removed hidden node 9 (pool=6)
2026-08-25 09:15:31,920 [DEBUG] cnn_neat: Removed edge 0→3 (from 9 candidates)
2026-08-25 09:15:31,924 [DEBUG] cnn_neat: Removed 3 edges (requested 3)
2026-08-25 09:15:31,927 [DEBUG] cnn_neat: Split edge 0→9, new hidden node 11 (pool=5)
2026-08-25 09:15:31,931 [DEBUG] cnn_neat: Split edge 9→8, new hidden node 10 (pool=5)
2026-08-25 09:15:31,932 [DEBUG] cnn_neat: Split edge 0→7, new hidden node 10 (pool=6)
2026-08-25 09:15:31,936 [DEBUG] cnn_neat: Split edge 0→7, new hidden node 10 (pool=2)
2026-08-25 09:15:31,938 [DEBUG] cnn_neat: Added edge 7→9 (from 20 candidates)
2026-08-25 09:15:31,942 [DEBUG] cnn_neat: Removed hidden node 9 (pool=5)
2026-08-25 09:15:31,944 [DEBUG] cnn_neat: Removed edge 4→2 (from 8 candidates)
2026-08-25 09:15:31,948 [DEBUG] cnn_neat: Removed 3 edges (requested 3)
2026-08-25 09:15:31,956 [DEBUG] cnn_neat: Split edge 7→9, new hidden node 10 (pool=3)
2026-08-25 09:15:31,958 [DEBUG] cnn_neat: Split edge 7→1, new hidden node 8 (pool=2)
2026-08-25 09:15:31,961 [DEBUG] cnn_neat: Added edge 3→4 (from 17 candidates)
2026-08-25 09:15:31,963 [DEBUG] cnn_neat: Added edge 0→2 (from 6 candidates)
2026-08-25 09:15:31,967 [DEBUG] cnn_neat: Split edge 4→1, new hidden node 8 (pool=7)
2026-08-25 09:15:31,972 [DEBUG] cnn_neat: Added edge 0→5 (from 9 candidates)
2026-08-25 09:15:31,978 [DEBUG] cnn_neat: Removed hidden node 3 (pool=1)
2026-08-25 09:15:31,981 [DEBUG] cnn_neat: Removed edge 3→6 (from 3 candidates)
2026-08-25 09:15:31,984 [DEBUG] cnn_neat: Removed 2 edges (requested 3)
2026-08-25 09:15:31,986 [DEBUG] cnn_neat: Split edge 3→6, new hidden node 9 (pool=2)
2026-08-25 09:15:31,988 [DEBUG] cnn_neat: Added edge 7→4 (from 12 candidates)
2026-08-25 09:15:31,991 [DEBUG] cnn_neat: Split edge 3→9, new hidden node 10 (pool=3)
2026-08-25 09:15:31,995 [DEBUG] cnn_neat: Removed hidden node 3 (pool=1)
2026-08-25 09:15:31,998 [DEBUG] cnn_neat: Added edge 4→1 (from 18 candidates)
2026-08-25 09:15:32,002 [DEBUG] cnn_neat: Split edge 4→1, new hidden node 13 (pool=10)
2026-08-25 09:15:32,005 [DEBUG] cnn_neat: Added edge 12→4 (from 33 candidates)
2026-08-25 09:15:32,009 [DEBUG] cnn_neat: Removed hidden node 12 (pool=7)
2026-08-25 09:15:32,012 [DEBUG] cnn_neat: Removed edge 3→6 (from 9 candidates)
2026-08-25 09:15:32,022 [DEBUG] cnn_neat: Removed 3 edges (requested 3)
2026-08-25 09:15:32,029 [DEBUG] cnn_neat: Split edge 11→1, new hidden node 14 (pool=6)
2026-08-25 09:15:32,031 [DEBUG] cnn_neat: Split edge 12→11, new hidden node 13 (pool=11)
2026-08-25 09:15:32,036 [DEBUG] cnn_neat: Split edge 3→5, new hidden node 11 (pool=7)
2026-08-25 09:15:32,037 [DEBUG] cnn_neat: Added edge 3→4 (from 15 candidates)
2026-08-25 09:15:32,040 [DEBUG] cnn_neat: Removed hidden node 6 (pool=2)
2026-08-25 09:15:32,042 [DEBUG] cnn_neat: Removed edge 6→5 (from 4 candidates)
2026-08-25 09:15:32,045 [DEBUG] cnn_neat: Removed 2 edges (requested 3)
2026-08-25 09:15:32,047 [DEBUG] cnn_neat: Split edge 0→10, new hidden node 11 (pool=8)
2026-08-25 09:15:32,048 [DEBUG] cnn_neat: Split edge 3→5, new hidden node 11 (pool=6)
2026-08-25 09:15:32,050 [DEBUG] cnn_neat: Added edge 6→4 (from 16 candidates)
2026-08-25 09:15:32,052 [DEBUG] cnn_neat: Added edge 3→4 (from 18 candidates)
2026-08-25 09:15:32,055 [DEBUG] cnn_neat: Split edge 4→1, new hidden node 12 (pool=8)
2026-08-25 09:15:32,057 [DEBUG] cnn_neat: Added edge 3→4 (from 25 candidates)
2026-08-25 09:15:32,061 [DEBUG] cnn_neat: Removed hidden node 6 (pool=3)
2026-08-25 09:15:32,062 [DEBUG] cnn_neat: Removed edge 0→10 (from 5 candidates)
2026-08-25 09:15:32,065 [DEBUG] cnn_neat: Removed 3 edges (requested 3)
2026-08-25 09:15:32,067 [DEBUG] cnn_neat: Split edge 10→11, new hidden node 13 (pool=9)
2026-08-25 09:15:32,070 [DEBUG] cnn_neat: Split edge 4→1, new hidden node 12 (pool=9)
2026-08-25 09:15:32,072 [DEBUG] cnn_neat: Split edge 4→1, new hidden node 12 (pool=7)
2026-08-25 09:15:32,075 [DEBUG] cnn_neat: Split edge 5→1, new hidden node 7 (pool=3)
2026-08-25 09:15:32,078 [DEBUG] cnn_neat: Added edge 2→4 (from 9 candidates)
2026-08-25 09:15:32,081 [DEBUG] cnn_neat: Removed hidden node 4 (pool=4)
2026-08-25 09:15:32,083 [DEBUG] cnn_neat: Removed edge 2→5 (from 8 candidates)
2026-08-25 09:15:32,092 [DEBUG] cnn_neat: Removed 3 edges (requested 3)
2026-08-25 09:15:32,098 [DEBUG] cnn_neat: Split edge 6→5, new hidden node 7 (pool=3)
2026-08-25 09:15:32,106 [DEBUG] cnn_neat: Split edge 6→5, new hidden node 7 (pool=3)
2026-08-25 09:15:32,112 [DEBUG] cnn_neat: Split edge 6→7, new hidden node 8 (pool=7)
2026-08-25 09:15:32,114 [DEBUG] cnn_neat: Added edge 3→4 (from 11 candidates)
2026-08-25 09:15:32,117 [DEBUG] cnn_neat: Removed hidden node 6 (pool=2)
2026-08-25 09:15:32,119 [DEBUG] cnn_neat: Removed edge 3→6 (from 4 candidates)
2026-08-25 09:15:32,122 [DEBUG] cnn_neat: Removed 3 edges (requested 3)
2026-08-25 09:15:32,124 [DEBUG] cnn_neat: Split edge 3→4, new hidden node 8 (pool=8)
2026-08-25 09:15:32,126 [DEBUG] cnn_neat: Split edge 7→5, new hidden node 8 (pool=6)
2026-08-25 09:15:32,127 [DEBUG] cnn_neat: Split edge 5→4, new hidden node 8 (pool=4)
2026-08-25 09:15:32,132 [DEBUG] cnn_neat: Split edge 0→7, new hidden node 10 (pool=7)
2026-08-25 09:15:32,135 [DEBUG] cnn_neat: Added edge 4→3 (from 21 candidates)
2026-08-25 09:15:32,149 [DEBUG] cnn_neat: Removed hidden node 3 (pool=6)
2026-08-25 09:15:32,153 [DEBUG] cnn_neat: Removed edge 7→8 (from 9 candidates)
2026-08-25 09:15:32,161 [DEBUG] cnn_neat: Removed 3 edges (requested 3)
2026-08-25 09:15:32,264 [DEBUG] cnn_neat: Split edge 0→9, new hidden node 10 (pool=5)
2026-08-25 09:15:32,270 [DEBUG] cnn_neat: Split edge 3→1, new hidden node 10 (pool=4)
2026-08-25 09:15:32,273 [DEBUG] cnn_neat: Split edge 0→3, new hidden node 10 (pool=4)
2026-08-25 09:15:32,276 [DEBUG] cnn_neat: Split edge 4→1, new hidden node 5 (pool=3)
2026-08-25 09:15:32,281 [DEBUG] cnn_neat: Added edge 0→4 (from 2 candidates)
2026-08-25 09:15:32,289 [DEBUG] cnn_neat: Split edge 3→5, new hidden node 6 (pool=3)
2026-08-25 09:15:32,293 [DEBUG] cnn_neat: Added edge 0→5 (from 2 candidates)
2026-08-25 09:15:32,306 [DEBUG] cnn_neat: Split edge 5→4, new hidden node 6 (pool=4)
2026-08-25 09:15:32,310 [DEBUG] cnn_neat: Added edge 5→1 (from 4 candidates)
2026-08-25 09:15:32,320 [DEBUG] cnn_neat: Split edge 4→5, new hidden node 6 (pool=4)
2026-08-25 09:15:32,322 [DEBUG] cnn_neat: Added edge 3→5 (from 4 candidates)
2026-08-25 09:15:32,332 [DEBUG] cnn_neat: Split edge 3→1, new hidden node 5 (pool=2)
2026-08-25 09:15:32,335 [DEBUG] cnn_neat: Added edge 0→4 (from 1 candidates)
2026-08-25 09:15:32,341 [DEBUG] cnn_neat: Removed hidden node 4 (pool=1)
2026-08-25 09:15:32,342 [DEBUG] cnn_neat: Removed edge 4→1 (from 3 candidates)
2026-08-25 09:15:32,344 [DEBUG] cnn_neat: Removed 2 edges (requested 3)
2026-08-25 09:15:32,354 [DEBUG] cnn_neat: Added edge 3→5 (from 9 candidates)
2026-08-25 09:15:32,360 [DEBUG] cnn_neat: Split edge 5→4, new hidden node 7 (pool=7)
2026-08-25 09:15:32,362 [DEBUG] cnn_neat: Added edge 0→6 (from 6 candidates)
2026-08-25 09:15:32,365 [DEBUG] cnn_neat: Removed hidden node 6 (pool=2)
2026-08-25 09:15:32,371 [DEBUG] cnn_neat: Removed edge 3→5 (from 5 candidates)
2026-08-25 09:15:32,379 [DEBUG] cnn_neat: Removed 3 edges (requested 3)
2026-08-25 09:15:32,382 [DEBUG] cnn_neat: Split edge 3→5, new hidden node 8 (pool=8)
2026-08-25 09:15:32,385 [DEBUG] cnn_neat: Split edge 0→6, new hidden node 7 (pool=8)
2026-08-25 09:15:32,386 [DEBUG] cnn_neat: Split edge 6→4, new hidden node 7 (pool=4)
2026-08-25 09:15:32,391 [DEBUG] cnn_neat: Split edge 7→1, new hidden node 10 (pool=6)
2026-08-25 09:15:32,394 [DEBUG] cnn_neat: Added edge 8→2 (from 17 candidates)
2026-08-25 09:15:32,398 [DEBUG] cnn_neat: Removed hidden node 4 (pool=5)
2026-08-25 09:15:32,400 [DEBUG] cnn_neat: Removed edge 0→9 (from 10 candidates)
2026-08-25 09:15:32,404 [DEBUG] cnn_neat: Removed 3 edges (requested 3)
2026-08-25 09:15:32,407 [DEBUG] cnn_neat: Split edge 9→1, new hidden node 11 (pool=4)
2026-08-25 09:15:32,411 [DEBUG] cnn_neat: Split edge 3→6, new hidden node 8 (pool=7)
2026-08-25 09:15:32,413 [DEBUG] cnn_neat: Added edge 3→7 (from 10 candidates)
2026-08-25 09:15:32,416 [DEBUG] cnn_neat: Removed hidden node 7 (pool=1)
2026-08-25 09:15:32,418 [DEBUG] cnn_neat: Removed edge 6→7 (from 3 candidates)
2026-08-25 09:15:32,420 [DEBUG] cnn_neat: Removed 1 edges (requested 3)
2026-08-25 09:15:32,422 [DEBUG] cnn_neat: Split edge 6→7, new hidden node 9 (pool=2)
2026-08-25 09:15:32,424 [DEBUG] cnn_neat: Split edge 7→5, new hidden node 8 (pool=8)
2026-08-25 09:15:32,426 [DEBUG] cnn_neat: Split edge 7→5, new hidden node 8 (pool=6)
2026-08-25 09:15:32,430 [DEBUG] cnn_neat: Split edge 9→8, new hidden node 10 (pool=5)
2026-08-25 09:15:32,433 [DEBUG] cnn_neat: Added edge 7→9 (from 18 candidates)
2026-08-25 09:15:32,437 [DEBUG] cnn_neat: Removed hidden node 9 (pool=5)
2026-08-25 09:15:32,439 [DEBUG] cnn_neat: Removed edge 7→1 (from 9 candidates)
2026-08-25 09:15:32,443 [DEBUG] cnn_neat: Removed 3 edges (requested 3)
2026-08-25 09:15:32,446 [DEBUG] cnn_neat: Split edge 0→7, new hidden node 11 (pool=2)
2026-08-25 09:15:32,452 [DEBUG] cnn_neat: Split edge 7→8, new hidden node 10 (pool=6)
2026-08-25 09:15:32,455 [DEBUG] cnn_neat: Split edge 2→1, new hidden node 10 (pool=8)
2026-08-25 09:15:32,466 [DEBUG] cnn_neat: Split edge 3→2, new hidden node 6 (pool=9)
2026-08-25 09:15:32,475 [DEBUG] cnn_neat: Added edge 3→1 (from 5 candidates)
2026-08-25 09:15:32,479 [DEBUG] cnn_neat: Removed hidden node 4 (pool=3)
2026-08-25 09:15:32,481 [DEBUG] cnn_neat: Removed edge 3→4 (from 8 candidates)
2026-08-25 09:15:32,484 [DEBUG] cnn_neat: Removed 3 edges (requested 3)
2026-08-25 09:15:32,487 [DEBUG] cnn_neat: Split edge 4→1, new hidden node 7 (pool=6)
2026-08-25 09:15:32,491 [DEBUG] cnn_neat: Split edge 8→1, new hidden node 9 (pool=6)
2026-08-25 09:15:32,493 [DEBUG] cnn_neat: Added edge 7→4 (from 18 candidates)
2026-08-25 09:15:32,497 [DEBUG] cnn_neat: Removed hidden node 7 (pool=5)
2026-08-25 09:15:32,499 [DEBUG] cnn_neat: Removed edge 0→3 (from 7 candidates)
2026-08-25 09:15:32,503 [DEBUG] cnn_neat: Removed 3 edges (requested 3)
2026-08-25 09:15:32,505 [DEBUG] cnn_neat: Split edge 0→3, new hidden node 10 (pool=4)
2026-08-25 09:15:32,513 [DEBUG] cnn_neat: Split edge 7→4, new hidden node 9 (pool=7)
2026-08-25 09:15:32,614 [DEBUG] cnn_neat: Split edge 0→7, new hidden node 10 (pool=8)
2026-08-25 09:15:32,620 [DEBUG] cnn_neat: Added edge 8→4 (from 31 candidates)
2026-08-25 09:15:32,624 [DEBUG] cnn_neat: Removed hidden node 3 (pool=6)
2026-08-25 09:15:32,626 [DEBUG] cnn_neat: Removed edge 4→2 (from 8 candidates)
2026-08-25 09:15:32,634 [DEBUG] cnn_neat: Removed 3 edges (requested 3)
2026-08-25 09:15:32,637 [DEBUG] cnn_neat: Split edge 0→9, new hidden node 11 (pool=6)
2026-08-25 09:15:32,646 [DEBUG] cnn_neat: Split edge 4→3, new hidden node 5 (pool=6)
2026-08-25 09:15:32,652 [DEBUG] cnn_neat: Added edge 4→1 (from 2 candidates)
2026-08-25 09:15:32,654 [DEBUG] cnn_neat: Removed hidden node 3 (pool=3)
2026-08-25 09:15:32,656 [DEBUG] cnn_neat: Removed edge 0→4 (from 7 candidates)
2026-08-25 09:15:32,659 [DEBUG] cnn_neat: Removed 3 edges (requested 3)
2026-08-25 09:15:32,661 [DEBUG] cnn_neat: Split edge 3→1, new hidden node 6 (pool=4)
2026-08-25 09:15:32,663 [DEBUG] cnn_neat: Split edge 3→1, new hidden node 5 (pool=7)
2026-08-25 09:15:32,667 [DEBUG] cnn_neat: Split edge 4→2, new hidden node 6 (pool=7)
2026-08-25 09:15:32,670 [DEBUG] cnn_neat: Added edge 4→3 (from 5 candidates)
2026-08-25 09:15:32,673 [DEBUG] cnn_neat: Removed hidden node 4 (pool=4)
2026-08-25 09:15:32,676 [DEBUG] cnn_neat: Removed edge 2→3 (from 10 candidates)
2026-08-25 09:15:32,680 [DEBUG] cnn_neat: Removed 3 edges (requested 3)
2026-08-25 09:15:32,689 [DEBUG] cnn_neat: Split edge 2→1, new hidden node 7 (pool=6)
2026-08-25 09:15:32,693 [DEBUG] cnn_neat: Split edge 6→3, new hidden node 7 (pool=5)
2026-08-25 09:15:32,695 [DEBUG] cnn_neat: Added edge 2→4 (from 8 candidates)
2026-08-25 09:15:32,697 [DEBUG] cnn_neat: Removed hidden node 2 (pool=1)
2026-08-25 09:15:32,699 [DEBUG] cnn_neat: Removed edge 3→2 (from 1 candidates)
2026-08-25 09:15:32,700 [DEBUG] cnn_neat: Removed 1 edges (requested 3)
2026-08-25 09:15:32,702 [DEBUG] cnn_neat: Split edge 0→6, new hidden node 8 (pool=6)
2026-08-25 09:15:32,703 [DEBUG] cnn_neat: Split edge 0→6, new hidden node 7 (pool=6)
2026-08-25 09:15:32,705 [DEBUG] cnn_neat: Added edge 7→4 (from 11 candidates)
2026-08-25 09:15:32,707 [DEBUG] cnn_neat: Added edge 3→1 (from 6 candidates)
2026-08-25 09:15:32,711 [DEBUG] cnn_neat: Split edge 3→1, new hidden node 10 (pool=4)
2026-08-25 09:15:32,714 [DEBUG] cnn_neat: Added edge 4→9 (from 28 candidates)
2026-08-25 09:15:32,718 [DEBUG] cnn_neat: Removed hidden node 8 (pool=6)
2026-08-25 09:15:32,724 [DEBUG] cnn_neat: Removed edge 0→3 (from 6 candidates)
2026-08-25 09:15:32,734 [DEBUG] cnn_neat: Removed 3 edges (requested 3)
2026-08-25 09:15:32,737 [DEBUG] cnn_neat: Split edge 0→7, new hidden node 11 (pool=3)
2026-08-25 09:15:32,739 [DEBUG] cnn_neat: Split edge 0→3, new hidden node 10 (pool=5)
2026-08-25 09:15:32,744 [DEBUG] cnn_neat: Split edge 0→8, new hidden node 10 (pool=2)
2026-08-25 09:15:32,747 [DEBUG] cnn_neat: Added edge 0→7 (from 25 candidates)
2026-08-25 09:15:32,753 [DEBUG] cnn_neat: Removed hidden node 3 (pool=6)
2026-08-25 09:15:32,760 [DEBUG] cnn_neat: Removed edge 0→8 (from 6 candidates)
2026-08-25 09:15:32,771 [DEBUG] cnn_neat: Removed 3 edges (requested 3)
2026-08-25 09:15:32,774 [DEBUG] cnn_neat: Split edge 0→9, new hidden node 11 (pool=9)
2026-08-25 09:15:32,776 [DEBUG] cnn_neat: Split edge 0→9, new hidden node 10 (pool=3)
2026-08-25 09:15:32,779 [DEBUG] cnn_neat: Split edge 8→9, new hidden node 11 (pool=6)
2026-08-25 09:15:32,781 [DEBUG] cnn_neat: Added edge 9→1 (from 11 candidates)
2026-08-25 09:15:32,784 [DEBUG] cnn_neat: Removed hidden node 4 (pool=2)
2026-08-25 09:15:32,785 [DEBUG] cnn_neat: Removed edge 8→9 (from 4 candidates)
2026-08-25 09:15:32,790 [DEBUG] cnn_neat: Removed 2 edges (requested 3)
2026-08-25 09:15:32,792 [DEBUG] cnn_neat: Split edge 0→8, new hidden node 12 (pool=7)
2026-08-25 09:15:32,795 [DEBUG] cnn_neat: Split edge 5→4, new hidden node 7 (pool=5)
2026-08-25 09:15:32,797 [DEBUG] cnn_neat: Added edge 5→6 (from 10 candidates)
2026-08-25 09:15:32,799 [DEBUG] cnn_neat: Removed hidden node 6 (pool=1)
2026-08-25 09:15:32,800 [DEBUG] cnn_neat: Removed edge 3→6 (from 1 candidates)
2026-08-25 09:15:32,802 [DEBUG] cnn_neat: Removed 1 edges (requested 3)
2026-08-25 09:15:32,803 [DEBUG] cnn_neat: Split edge 7→4, new hidden node 8 (pool=6)
2026-08-25 09:15:32,805 [DEBUG] cnn_neat: Split edge 0→3, new hidden node 7 (pool=6)
2026-08-25 09:15:32,807 [DEBUG] cnn_neat: Added edge 5→4 (from 13 candidates)
2026-08-25 09:15:32,808 [DEBUG] cnn_neat: Added edge 3→4 (from 8 candidates)
2026-08-25 09:15:32,854 [DEBUG] cnn_neat: Split edge 0→3, new hidden node 11 (pool=2)
2026-08-25 09:15:32,865 [DEBUG] cnn_neat: Added edge 3→2 (from 31 candidates)
2026-08-25 09:15:32,876 [DEBUG] cnn_neat: Removed hidden node 3 (pool=7)
2026-08-25 09:15:32,939 [DEBUG] cnn_neat: Removed edge 0→3 (from 7 candidates)
2026-08-25 09:15:33,060 [DEBUG] cnn_neat: Removed 3 edges (requested 3)
2026-08-25 09:15:33,065 [DEBUG] cnn_neat: Split edge 4→2, new hidden node 12 (pool=14)
2026-08-25 09:15:33,068 [DEBUG] cnn_neat: Split edge 3→4, new hidden node 5 (pool=3)
2026-08-25 09:15:33,070 [DEBUG] cnn_neat: Added edge 3→1 (from 2 candidates)
2026-08-25 09:15:33,074 [DEBUG] cnn_neat: Split edge 3→5, new hidden node 6 (pool=3)
2026-08-25 09:15:33,076 [DEBUG] cnn_neat: Added edge 0→5 (from 2 candidates)
2026-08-25 09:15:33,080 [DEBUG] cnn_neat: Split edge 0→3, new hidden node 6 (pool=4)
2026-08-25 09:15:33,081 [DEBUG] cnn_neat: Added edge 0→4 (from 4 candidates)
2026-08-25 09:15:33,087 [DEBUG] cnn_neat: Split edge 5→1, new hidden node 6 (pool=4)
2026-08-25 09:15:33,088 [DEBUG] cnn_neat: Added edge 0→4 (from 4 candidates)
2026-08-25 09:15:33,176 [DEBUG] cnn_neat: Split edge 6→5, new hidden node 8 (pool=8)
2026-08-25 09:15:33,183 [DEBUG] cnn_neat: Added edge 5→1 (from 11 candidates)
2026-08-25 09:15:33,198 [DEBUG] cnn_neat: Removed hidden node 7 (pool=3)
2026-08-25 09:15:33,210 [DEBUG] cnn_neat: Removed edge 3→5 (from 6 candidates)
2026-08-25 09:15:33,225 [DEBUG] cnn_neat: Removed 3 edges (requested 3)
2026-08-25 09:15:33,232 [DEBUG] cnn_neat: Split edge 7→4, new hidden node 9 (pool=9)
2026-08-25 09:15:33,235 [DEBUG] cnn_neat: Split edge 3→5, new hidden node 8 (pool=4)
2026-08-25 09:15:33,237 [DEBUG] cnn_neat: Split edge 5→4, new hidden node 8 (pool=7)
2026-08-25 09:15:33,240 [DEBUG] cnn_neat: Split edge 0→3, new hidden node 5 (pool=2)
2026-08-25 09:15:33,241 [DEBUG] cnn_neat: Added edge 0→4 (from 1 candidates)
2026-08-25 09:15:33,244 [DEBUG] cnn_neat: Removed hidden node 4 (pool=1)
2026-08-25 09:15:33,245 [DEBUG] cnn_neat: Removed edge 4→1 (from 3 candidates)
2026-08-25 09:15:33,246 [DEBUG] cnn_neat: Removed 2 edges (requested 3)
2026-08-25 09:15:33,251 [DEBUG] cnn_neat: Added edge 3→5 (from 9 candidates)
2026-08-25 09:15:33,270 [DEBUG] cnn_neat: Split edge 4→1, new hidden node 8 (pool=4)
2026-08-25 09:15:33,286 [DEBUG] cnn_neat: Added edge 5→1 (from 9 candidates)
2026-08-25 09:15:33,299 [DEBUG] cnn_neat: Removed hidden node 7 (pool=2)
2026-08-25 09:15:33,360 [DEBUG] cnn_neat: Removed edge 5→4 (from 4 candidates)
2026-08-25 09:15:33,389 [DEBUG] cnn_neat: Removed 3 edges (requested 3)
2026-08-25 09:15:33,398 [DEBUG] cnn_neat: Split edge 0→3, new hidden node 9 (pool=8)
2026-08-25 09:15:33,403 [DEBUG] cnn_neat: Split edge 6→4, new hidden node 8 (pool=4)
2026-08-25 09:15:33,449 [DEBUG] cnn_neat: Split edge 4→1, new hidden node 6 (pool=2)
2026-08-25 09:15:33,573 [DEBUG] cnn_neat: Added edge 5→1 (from 4 candidates)
2026-08-25 09:15:33,615 [DEBUG] cnn_neat: Removed hidden node 3 (pool=2)
2026-08-25 09:15:33,641 [DEBUG] cnn_neat: Removed edge 3→5 (from 4 candidates)
2026-08-25 09:15:33,646 [DEBUG] cnn_neat: Removed 3 edges (requested 3)
2026-08-25 09:15:33,649 [DEBUG] cnn_neat: Split edge 3→5, new hidden node 7 (pool=6)
2026-08-25 09:15:33,650 [DEBUG] cnn_neat: Split edge 4→1, new hidden node 6 (pool=3)
2026-08-25 09:15:33,652 [DEBUG] cnn_neat: Split edge 0→3, new hidden node 6 (pool=4)
2026-08-25 09:15:33,696 [DEBUG] cnn_neat: Split edge 3→5, new hidden node 8 (pool=7)
2026-08-25 09:15:33,729 [DEBUG] cnn_neat: Added edge 5→1 (from 11 candidates)
2026-08-25 09:15:33,790 [DEBUG] cnn_neat: Removed hidden node 7 (pool=2)
2026-08-25 09:15:33,848 [DEBUG] cnn_neat: Removed edge 7→6 (from 4 candidates)
2026-08-25 09:15:33,855 [DEBUG] cnn_neat: Removed 3 edges (requested 3)
2026-08-25 09:15:33,858 [DEBUG] cnn_neat: Split edge 6→5, new hidden node 9 (pool=8)
2026-08-25 09:15:33,861 [DEBUG] cnn_neat: Split edge 0→3, new hidden node 8 (pool=3)
2026-08-25 09:15:33,863 [DEBUG] cnn_neat: Split edge 3→7, new hidden node 8 (pool=6)
2026-08-25 09:15:33,867 [DEBUG] cnn_neat: Split edge 4→1, new hidden node 5 (pool=3)
2026-08-25 09:15:33,870 [DEBUG] cnn_neat: Added edge 0→4 (from 2 candidates)
2026-08-25 09:15:33,879 [DEBUG] cnn_neat: Split edge 5→1, new hidden node 6 (pool=3)
2026-08-25 09:15:33,882 [DEBUG] cnn_neat: Added edge 3→1 (from 2 candidates)
2026-08-25 09:15:33,891 [DEBUG] cnn_neat: Split edge 5→4, new hidden node 6 (pool=4)
2026-08-25 09:15:33,893 [DEBUG] cnn_neat: Added edge 0→5 (from 4 candidates)
2026-08-25 09:15:33,902 [DEBUG] cnn_neat: Split edge 5→1, new hidden node 6 (pool=4)
2026-08-25 09:15:33,905 [DEBUG] cnn_neat: Added edge 0→4 (from 4 candidates)
2026-08-25 09:15:33,920 [DEBUG] cnn_neat: Split edge 3→4, new hidden node 7 (pool=4)
2026-08-25 09:15:33,954 [DEBUG] cnn_neat: Added edge 3→5 (from 9 candidates)
2026-08-25 09:15:33,966 [DEBUG] cnn_neat: Removed hidden node 5 (pool=4)
2026-08-25 09:15:33,973 [DEBUG] cnn_neat: Removed edge 3→2 (from 7 candidates)
2026-08-25 09:15:34,017 [DEBUG] cnn_neat: Removed 3 edges (requested 3)
2026-08-25 09:15:34,022 [DEBUG] cnn_neat: Split edge 3→5, new hidden node 7 (pool=6)
2026-08-25 09:15:34,024 [DEBUG] cnn_neat: Split edge 6→4, new hidden node 7 (pool=4)
2026-08-25 09:15:34,027 [DEBUG] cnn_neat: Split edge 3→1, new hidden node 5 (pool=2)
2026-08-25 09:15:34,028 [DEBUG] cnn_neat: Added edge 0→4 (from 1 candidates)
2026-08-25 09:15:34,171 [DEBUG] cnn_neat: Removed hidden node 4 (pool=1)
2026-08-25 09:15:34,621 [DEBUG] cnn_neat: Removed edge 3→4 (from 3 candidates)
2026-08-25 09:15:34,692 [DEBUG] cnn_neat: Split edge 3→4, new hidden node 5 (pool=3)
2026-08-25 09:15:34,695 [DEBUG] cnn_neat: Added edge 0→4 (from 2 candidates)
2026-08-25 09:15:34,782 [DEBUG] cnn_neat: Split edge 5→1, new hidden node 6 (pool=3)
2026-08-25 09:15:35,257 [DEBUG] cnn_neat: Added edge 3→1 (from 2 candidates)
2026-08-25 09:15:35,264 [DEBUG] cnn_neat: Split edge 0→3, new hidden node 6 (pool=4)
2026-08-25 09:15:35,268 [DEBUG] cnn_neat: Added edge 3→4 (from 4 candidates)
2026-08-25 09:15:35,278 [DEBUG] cnn_neat: Split edge 3→4, new hidden node 6 (pool=4)
2026-08-25 09:15:35,283 [DEBUG] cnn_neat: Added edge 4→1 (from 4 candidates)
2026-08-25 09:15:35,299 [DEBUG] cnn_neat: Added edge 6→5 (from 9 candidates)
2026-08-25 09:15:35,308 [DEBUG] cnn_neat: Split edge 8→3, new hidden node 10 (pool=8)
2026-08-25 09:15:35,311 [DEBUG] cnn_neat: Added edge 2→3 (from 23 candidates)
2026-08-25 09:15:35,320 [DEBUG] cnn_neat: Removed hidden node 8 (pool=6)
2026-08-25 09:15:35,327 [DEBUG] cnn_neat: Removed edge 7→1 (from 10 candidates)
2026-08-25 09:15:35,345 [DEBUG] cnn_neat: Removed 3 edges (requested 3)
2026-08-25 09:15:35,354 [DEBUG] cnn_neat: Split edge 7→8, new hidden node 11 (pool=4)
2026-08-25 09:15:35,364 [DEBUG] cnn_neat: Split edge 8→3, new hidden node 10 (pool=8)
2026-08-25 09:15:35,377 [DEBUG] cnn_neat: Split edge 0→8, new hidden node 11 (pool=7)
2026-08-25 09:15:35,384 [DEBUG] cnn_neat: Added edge 10→4 (from 15 candidates)
2026-08-25 09:15:35,399 [DEBUG] cnn_neat: Removed hidden node 4 (pool=5)
2026-08-25 09:15:35,406 [DEBUG] cnn_neat: Removed edge 0→9 (from 10 candidates)
2026-08-25 09:15:35,419 [DEBUG] cnn_neat: Removed 3 edges (requested 3)
2026-08-25 09:15:35,425 [DEBUG] cnn_neat: Split edge 0→3, new hidden node 12 (pool=5)
2026-08-25 09:15:35,436 [DEBUG] cnn_neat: Split edge 0→3, new hidden node 5 (pool=2)
2026-08-25 09:15:35,439 [DEBUG] cnn_neat: Added edge 0→4 (from 1 candidates)
2026-08-25 09:15:35,447 [DEBUG] cnn_neat: Removed hidden node 4 (pool=1)
2026-08-25 09:15:35,451 [DEBUG] cnn_neat: Removed edge 4→1 (from 3 candidates)
2026-08-25 09:15:35,456 [DEBUG] cnn_neat: Removed 1 edges (requested 3)
2026-08-25 09:15:35,466 [DEBUG] cnn_neat: Split edge 0→10, new hidden node 12 (pool=6)
2026-08-25 09:15:35,471 [DEBUG] cnn_neat: Added edge 0→11 (from 21 candidates)
2026-08-25 09:15:35,481 [DEBUG] cnn_neat: Removed hidden node 5 (pool=3)
2026-08-25 09:15:35,486 [DEBUG] cnn_neat: Removed edge 0→3 (from 3 candidates)
2026-08-25 09:15:35,498 [DEBUG] cnn_neat: Removed 3 edges (requested 3)
2026-08-25 09:15:35,503 [DEBUG] cnn_neat: Split edge 6→5, new hidden node 13 (pool=7)
2026-08-25 09:15:35,511 [DEBUG] cnn_neat: Split edge 0→3, new hidden node 5 (pool=3)
2026-08-25 09:15:35,516 [DEBUG] cnn_neat: Added edge 3→1 (from 2 candidates)
2026-08-25 09:15:35,543 [DEBUG] cnn_neat: Split edge 2→5, new hidden node 6 (pool=7)
2026-08-25 09:15:35,549 [DEBUG] cnn_neat: Added edge 2→1 (from 5 candidates)
2026-08-25 09:15:35,557 [DEBUG] cnn_neat: Removed hidden node 5 (pool=3)
2026-08-25 09:15:35,567 [DEBUG] cnn_neat: Removed edge 4→2 (from 7 candidates)
2026-08-25 09:15:35,574 [DEBUG] cnn_neat: Removed 3 edges (requested 3)
2026-08-25 09:15:35,600 [DEBUG] cnn_neat: Split edge 4→2, new hidden node 7 (pool=4)
2026-08-25 09:15:35,620 [DEBUG] cnn_neat: Split edge 4→5, new hidden node 6 (pool=8)
2026-08-25 09:15:35,623 [DEBUG] cnn_neat: Split edge 4→5, new hidden node 6 (pool=5)
2026-08-25 09:15:35,637 [DEBUG] cnn_neat: Split edge 2→5, new hidden node 7 (pool=9)
2026-08-25 09:15:35,889 [DEBUG] cnn_neat: Added edge 3→5 (from 10 candidates)
2026-08-25 09:15:35,904 [DEBUG] cnn_neat: Removed hidden node 6 (pool=4)
2026-08-25 09:15:35,916 [DEBUG] cnn_neat: Removed edge 4→5 (from 8 candidates)
2026-08-25 09:15:35,934 [DEBUG] cnn_neat: Removed 3 edges (requested 3)
2026-08-25 09:15:35,947 [DEBUG] cnn_neat: Split edge 3→6, new hidden node 8 (pool=9)
2026-08-25 09:15:35,966 [DEBUG] cnn_neat: Split edge 7→1, new hidden node 9 (pool=6)
2026-08-25 09:15:35,977 [DEBUG] cnn_neat: Added edge 0→2 (from 7 candidates)
2026-08-25 09:15:35,998 [DEBUG] cnn_neat: Removed hidden node 7 (pool=4)
2026-08-25 09:15:36,009 [DEBUG] cnn_neat: Removed edge 0→7 (from 9 candidates)
2026-08-25 09:15:36,023 [DEBUG] cnn_neat: Removed 3 edges (requested 3)
2026-08-25 09:15:36,035 [DEBUG] cnn_neat: Split edge 0→8, new hidden node 9 (pool=10)
2026-08-25 09:15:36,040 [DEBUG] cnn_neat: Split edge 0→8, new hidden node 9 (pool=2)
2026-08-25 09:15:36,054 [DEBUG] cnn_neat: Split edge 0→3, new hidden node 6 (pool=3)
2026-08-25 09:15:36,057 [DEBUG] cnn_neat: Added edge 0→5 (from 2 candidates)
2026-08-25 09:15:36,068 [DEBUG] cnn_neat: Split edge 0→3, new hidden node 6 (pool=4)
2026-08-25 09:15:36,072 [DEBUG] cnn_neat: Added edge 0→5 (from 4 candidates)
2026-08-25 09:15:36,086 [DEBUG] cnn_neat: Saved generation 5
2026-08-25 09:15:36,236 [DEBUG] cnn_neat: Split edge 3→4, new hidden node 6 (pool=4)
2026-08-25 09:15:36,242 [DEBUG] cnn_neat: Selected 25 elite individuals
2026-08-25 09:15:36,248 [DEBUG] cnn_neat: Added edge 4→1 (from 4 candidates)
2026-08-25 09:15:36,276 [DEBUG] cnn_neat: Split edge 3→1, new hidden node 5 (pool=2)
2026-08-25 09:15:36,288 [DEBUG] cnn_neat: Added edge 0→4 (from 1 candidates)
2026-08-25 09:15:36,297 [DEBUG] cnn_neat: Removed hidden node 4 (pool=1)
2026-08-25 09:15:36,309 [DEBUG] cnn_neat: Removed edge 3→1 (from 3 candidates)
2026-08-25 09:15:36,316 [DEBUG] cnn_neat: Removed 1 edges (requested 3)
2026-08-25 09:15:36,327 [DEBUG] cnn_neat: Split edge 4→1, new hidden node 5 (pool=3)
2026-08-25 09:15:36,412 [DEBUG] cnn_neat: Added edge 0→4 (from 2 candidates)
2026-08-25 09:15:36,461 [DEBUG] cnn_neat: Added edge 6→5 (from 9 candidates)
2026-08-25 09:15:36,501 [DEBUG] cnn_neat: Split edge 0→3, new hidden node 6 (pool=7)
2026-08-25 09:15:36,527 [DEBUG] cnn_neat: Added edge 0→5 (from 5 candidates)
2026-08-25 09:15:36,540 [DEBUG] cnn_neat: Trimmed elite queue to 128 entries
2026-08-25 09:15:37,061 [DEBUG] cnn_neat: Removed hidden node 3 (pool=4)
2026-08-25 09:15:37,087 [DEBUG] cnn_neat: Split edge 0→3, new hidden node 12 (pool=8)
2026-08-25 09:15:37,092 [DEBUG] cnn_neat: Split edge 6→5, new hidden node 12 (pool=8)
2026-08-25 09:15:37,094 [DEBUG] cnn_neat: Added edge 6→11 (from 20 candidates)
2026-08-25 09:15:37,105 [DEBUG] cnn_neat: Added edge 3→4 (from 20 candidates)
2026-08-25 09:15:37,106 [DEBUG] cnn_neat: Removed hidden node 6 (pool=3)
2026-08-25 09:15:37,114 [DEBUG] cnn_neat: Removed edge 6→5 (from 5 candidates)
2026-08-25 09:15:37,118 [DEBUG] cnn_neat: Split edge 11→5, new hidden node 12 (pool=7)
2026-08-25 09:15:37,131 [DEBUG] cnn_neat: Removed 3 edges (requested 3)
2026-08-25 09:15:37,132 [DEBUG] cnn_neat: Removed hidden node 10 (pool=3)
2026-08-25 09:15:37,138 [DEBUG] cnn_neat: Removed edge 3→6 (from 5 candidates)
2026-08-25 09:15:37,140 [DEBUG] cnn_neat: Split edge 6→5, new hidden node 7 (pool=5)
2026-08-25 09:15:37,150 [DEBUG] cnn_neat: Added edge 6→5 (from 9 candidates)
2026-08-25 09:15:37,154 [DEBUG] cnn_neat: Removed 3 edges (requested 3)
2026-08-25 09:15:37,160 [DEBUG] cnn_neat: Split edge 6→12, new hidden node 13 (pool=9)
2026-08-25 09:15:37,166 [DEBUG] cnn_neat: Removed hidden node 7 (pool=1)
2026-08-25 09:15:37,171 [DEBUG] cnn_neat: Split edge 3→4, new hidden node 12 (pool=8)
2026-08-25 09:15:37,177 [DEBUG] cnn_neat: Split edge 4→1, new hidden node 7 (pool=5)
2026-08-25 09:15:37,188 [DEBUG] cnn_neat: Crossover rejected: union topology invalid (edges=16 nodes=14)
2026-08-25 09:15:37,194 [DEBUG] cnn_neat: Split edge 0→3, new hidden node 12 (pool=8)
2026-08-25 09:15:37,209 [DEBUG] cnn_neat: Added edge 5→10 (from 25 candidates)
2026-08-25 09:15:37,215 [DEBUG] cnn_neat: Added edge 0→6 (from 20 candidates)
2026-08-25 09:15:37,222 [DEBUG] cnn_neat: Added edge 11→4 (from 21 candidates)
2026-08-25 09:15:37,231 [DEBUG] cnn_neat: Added edge 10→6 (from 20 candidates)
2026-08-25 09:15:37,236 [DEBUG] cnn_neat: Added edge 11→1 (from 16 candidates)
2026-08-25 09:15:37,242 [DEBUG] cnn_neat: Added edge 11→6 (from 15 candidates)
2026-08-25 09:15:37,246 [DEBUG] cnn_neat: Split edge 3→6, new hidden node 11 (pool=6)
2026-08-25 09:15:37,253 [DEBUG] cnn_neat: Added edge 10→4 (from 14 candidates)
2026-08-25 09:15:37,262 [DEBUG] cnn_neat: Removed hidden node 10 (pool=1)
2026-08-25 09:15:37,266 [DEBUG] cnn_neat: Split edge 6→5, new hidden node 7 (pool=5)
2026-08-25 09:15:37,270 [DEBUG] cnn_neat: Added edge 0→5 (from 9 candidates)
2026-08-25 09:15:37,273 [DEBUG] cnn_neat: Removed edge 0→10 (from 1 candidates)
2026-08-25 09:15:37,276 [DEBUG] cnn_neat: Split edge 0→3, new hidden node 7 (pool=5)
2026-08-25 09:15:37,286 [DEBUG] cnn_neat: Removed 1 edges (requested 3)
2026-08-25 09:15:37,289 [DEBUG] cnn_neat: Split edge 0→3, new hidden node 7 (pool=5)
2026-08-25 09:15:37,293 [DEBUG] cnn_neat: Added edge 6→4 (from 9 candidates)
2026-08-25 09:15:37,298 [DEBUG] cnn_neat: Crossover rejected: copied edge has no live Conv2d
2026-08-25 09:15:37,302 [DEBUG] cnn_neat: Split edge 5→4, new hidden node 11 (pool=6)
2026-08-25 09:15:37,306 [DEBUG] cnn_neat: Added edge 3→5 (from 14 candidates)
2026-08-25 09:15:37,309 [DEBUG] cnn_neat: Added edge 0→5 (from 15 candidates)
2026-08-25 09:15:37,314 [DEBUG] cnn_neat: Added edge 10→5 (from 16 candidates)
2026-08-25 09:15:37,319 [DEBUG] cnn_neat: Added edge 6→1 (from 13 candidates)
2026-08-25 09:15:37,325 [DEBUG] cnn_neat: Added edge 6→4 (from 12 candidates)
2026-08-25 09:15:37,329 [DEBUG] cnn_neat: Split edge 0→2, new hidden node 6 (pool=3)
2026-08-25 09:15:37,333 [DEBUG] cnn_neat: Added edge 4→1 (from 4 candidates)
2026-08-25 09:15:37,340 [DEBUG] cnn_neat: Removed hidden node 2 (pool=3)
2026-08-25 09:15:37,345 [DEBUG] cnn_neat: Split edge 0→4, new hidden node 6 (pool=3)
2026-08-25 09:15:37,349 [DEBUG] cnn_neat: Added edge 6→5 (from 4 candidates)
2026-08-25 09:15:37,355 [DEBUG] cnn_neat: Removed edge 4→5 (from 6 candidates)
2026-08-25 09:15:37,362 [DEBUG] cnn_neat: Removed 3 edges (requested 3)
2026-08-25 09:15:37,366 [DEBUG] cnn_neat: Split edge 4→2, new hidden node 5 (pool=3)
2026-08-25 09:15:37,372 [DEBUG] cnn_neat: Added edge 4→2 (from 4 candidates)
2026-08-25 09:15:37,376 [DEBUG] cnn_neat: Crossover rejected: union topology invalid (edges=14 nodes=11)
2026-08-25 09:15:37,380 [DEBUG] cnn_neat: Split edge 0→2, new hidden node 6 (pool=3)
2026-08-25 09:15:37,385 [DEBUG] cnn_neat: Added edge 5→6 (from 10 candidates)
2026-08-25 09:15:37,389 [DEBUG] cnn_neat: Added edge 0→5 (from 4 candidates)
2026-08-25 09:15:37,395 [DEBUG] cnn_neat: Added edge 5→2 (from 4 candidates)
2026-08-25 09:15:37,398 [DEBUG] cnn_neat: Added edge 0→1 (from 2 candidates)
2026-08-25 09:15:37,405 [DEBUG] cnn_neat: Added edge 4→1 (from 1 candidates)
2026-08-25 09:15:37,412 [DEBUG] cnn_neat: Split edge 4→1, new hidden node 5 (pool=5)
2026-08-25 09:15:37,417 [DEBUG] cnn_neat: Split edge 0→2, new hidden node 6 (pool=3)
2026-08-25 09:15:37,422 [DEBUG] cnn_neat: Added edge 0→2 (from 10 candidates)
2026-08-25 09:15:37,425 [DEBUG] cnn_neat: Added edge 0→1 (from 1 candidates)
2026-08-25 09:15:37,430 [DEBUG] cnn_neat: Removed hidden node 4 (pool=2)
2026-08-25 09:15:37,432 [DEBUG] cnn_neat: Split edge 2→1, new hidden node 3 (pool=2)
2026-08-25 09:15:37,434 [DEBUG] cnn_neat: Added edge 2→1 (from 2 candidates)
2026-08-25 09:15:37,438 [DEBUG] cnn_neat: Removed hidden node 3 (pool=1)
2026-08-25 09:15:37,443 [DEBUG] cnn_neat: Split edge 2→1, new hidden node 3 (pool=2)
2026-08-25 09:15:37,445 [DEBUG] cnn_neat: Split edge 2→3, new hidden node 4 (pool=3)
2026-08-25 09:15:37,448 [DEBUG] cnn_neat: Added edge 2→1 (from 2 candidates)
2026-08-25 09:15:37,449 [DEBUG] cnn_neat: Weight mutation: 2 conv modules updated (direct tensor perturbation)
2026-08-25 09:15:37,452 [DEBUG] cnn_neat: Removed edge 0→2 (from 5 candidates)
2026-08-25 09:15:37,455 [DEBUG] cnn_neat: Split edge 4→1, new hidden node 5 (pool=2)
2026-08-25 09:15:37,458 [DEBUG] cnn_neat: Added edge 0→2 (from 5 candidates)
2026-08-25 09:15:37,463 [DEBUG] cnn_neat: Removed hidden node 4 (pool=3)
2026-08-25 09:15:37,467 [DEBUG] cnn_neat: Removed 3 edges (requested 3)
2026-08-25 09:15:37,468 [DEBUG] cnn_neat: Split edge 0→4, new hidden node 5 (pool=2)
2026-08-25 09:15:37,470 [DEBUG] cnn_neat: Added edge 0→4 (from 2 candidates)
2026-08-25 09:15:37,476 [DEBUG] cnn_neat: Crossover rejected: union topology invalid (edges=18 nodes=10)
2026-08-25 09:15:37,478 [DEBUG] cnn_neat: Split edge 2→1, new hidden node 5 (pool=5)
2026-08-25 09:15:37,479 [DEBUG] cnn_neat: Added edge 0→1 (from 1 candidates)
2026-08-25 09:15:37,484 [DEBUG] cnn_neat: Split edge 0→1, new hidden node 5 (pool=1)
2026-08-25 09:15:37,487 [DEBUG] cnn_neat: Split edge 5→4, new hidden node 13 (pool=11)
2026-08-25 09:15:37,490 [DEBUG] cnn_neat: Added edge 12→1 (from 24 candidates)
2026-08-25 09:15:37,497 [DEBUG] cnn_neat: Removed hidden node 3 (pool=7)
2026-08-25 09:15:37,499 [DEBUG] cnn_neat: Removed edge 4→12 (from 8 candidates)
2026-08-25 09:15:37,502 [DEBUG] cnn_neat: Split edge 10→12, new hidden node 13 (pool=10)
2026-08-25 09:15:37,510 [DEBUG] cnn_neat: Removed 3 edges (requested 3)
2026-08-25 09:15:37,520 [DEBUG] cnn_neat: Crossover rejected: union topology invalid (edges=19 nodes=15)
2026-08-25 09:15:37,529 [DEBUG] cnn_neat: Split edge 3→5, new hidden node 13 (pool=11)
2026-08-25 09:15:37,538 [DEBUG] cnn_neat: Added edge 6→4 (from 24 candidates)
2026-08-25 09:15:37,547 [DEBUG] cnn_neat: Added edge 6→10 (from 23 candidates)
2026-08-25 09:15:37,559 [DEBUG] cnn_neat: Added edge 3→11 (from 20 candidates)
2026-08-25 09:15:37,571 [DEBUG] cnn_neat: Added edge 10→11 (from 18 candidates)
2026-08-25 09:15:37,582 [DEBUG] cnn_neat: Added edge 4→10 (from 17 candidates)
2026-08-25 09:15:37,588 [DEBUG] cnn_neat: Split edge 6→5, new hidden node 12 (pool=8)
2026-08-25 09:15:37,593 [DEBUG] cnn_neat: Added edge 3→10 (from 25 candidates)
2026-08-25 09:15:37,601 [DEBUG] cnn_neat: Removed hidden node 6 (pool=3)
2026-08-25 09:15:37,603 [DEBUG] cnn_neat: Split edge 0→10, new hidden node 12 (pool=6)
2026-08-25 09:15:37,607 [DEBUG] cnn_neat: Removed edge 3→6 (from 5 candidates)
2026-08-25 09:15:37,613 [DEBUG] cnn_neat: Removed 3 edges (requested 3)
2026-08-25 09:15:37,616 [DEBUG] cnn_neat: Split edge 0→3, new hidden node 11 (pool=5)
2026-08-25 09:15:37,622 [DEBUG] cnn_neat: Crossover rejected: union topology invalid (edges=16 nodes=14)
2026-08-25 09:15:37,626 [DEBUG] cnn_neat: Split edge 3→6, new hidden node 12 (pool=8)
2026-08-25 09:15:37,631 [DEBUG] cnn_neat: Added edge 4→11 (from 25 candidates)
2026-08-25 09:15:37,638 [DEBUG] cnn_neat: Added edge 5→10 (from 18 candidates)
2026-08-25 09:15:37,644 [DEBUG] cnn_neat: Added edge 0→6 (from 14 candidates)
2026-08-25 09:15:37,649 [DEBUG] cnn_neat: Added edge 5→11 (from 13 candidates)
2026-08-25 09:15:37,655 [DEBUG] cnn_neat: Added edge 5→1 (from 13 candidates)
2026-08-25 09:15:37,660 [DEBUG] cnn_neat: Split edge 3→5, new hidden node 13 (pool=9)
2026-08-25 09:15:37,666 [DEBUG] cnn_neat: Added edge 10→3 (from 37 candidates)
2026-08-25 09:15:37,676 [DEBUG] cnn_neat: Removed hidden node 11 (pool=4)
2026-08-25 09:15:37,681 [DEBUG] cnn_neat: Removed edge 10→12 (from 6 candidates)
2026-08-25 09:15:37,684 [DEBUG] cnn_neat: Split edge 0→3, new hidden node 12 (pool=8)
2026-08-25 09:15:37,691 [DEBUG] cnn_neat: Removed 3 edges (requested 3)
2026-08-25 09:15:37,697 [DEBUG] cnn_neat: Crossover rejected: union topology invalid (edges=15 nodes=13)
2026-08-25 09:15:37,701 [DEBUG] cnn_neat: Split edge 10→12, new hidden node 13 (pool=9)
2026-08-25 09:15:37,706 [DEBUG] cnn_neat: Added edge 10→6 (from 37 candidates)
2026-08-25 09:15:37,713 [DEBUG] cnn_neat: Added edge 3→4 (from 33 candidates)
2026-08-25 09:15:37,720 [DEBUG] cnn_neat: Added edge 12→6 (from 33 candidates)
2026-08-25 09:15:37,727 [DEBUG] cnn_neat: Added edge 3→10 (from 29 candidates)
2026-08-25 09:15:37,735 [DEBUG] cnn_neat: Added edge 10→5 (from 26 candidates)
2026-08-25 09:15:37,740 [DEBUG] cnn_neat: Split edge 6→10, new hidden node 12 (pool=9)
2026-08-25 09:15:37,745 [DEBUG] cnn_neat: Added edge 11→4 (from 20 candidates)
2026-08-25 09:15:37,752 [DEBUG] cnn_neat: Removed hidden node 6 (pool=3)
2026-08-25 09:15:37,757 [DEBUG] cnn_neat: Split edge 4→1, new hidden node 12 (pool=6)
2026-08-25 09:15:37,762 [DEBUG] cnn_neat: Removed edge 6→5 (from 6 candidates)
2026-08-25 09:15:37,771 [DEBUG] cnn_neat: Removed 3 edges (requested 3)
2026-08-25 09:15:37,778 [DEBUG] cnn_neat: Crossover rejected: union topology invalid (edges=19 nodes=14)
2026-08-25 09:15:37,781 [DEBUG] cnn_neat: Split edge 10→11, new hidden node 12 (pool=9)
2026-08-25 09:15:37,786 [DEBUG] cnn_neat: Added edge 11→5 (from 20 candidates)
2026-08-25 09:15:37,793 [DEBUG] cnn_neat: Added edge 3→11 (from 15 candidates)
2026-08-25 09:15:37,800 [DEBUG] cnn_neat: Added edge 6→4 (from 14 candidates)
2026-08-25 09:15:37,807 [DEBUG] cnn_neat: Added edge 0→5 (from 13 candidates)
2026-08-25 09:15:37,814 [DEBUG] cnn_neat: Added edge 3→4 (from 14 candidates)
2026-08-25 09:15:37,819 [DEBUG] cnn_neat: Split edge 3→6, new hidden node 13 (pool=9)
2026-08-25 09:15:37,968 [DEBUG] cnn_neat: Split edge 6→7, new hidden node 8 (pool=7)
2026-08-25 09:15:38,042 [DEBUG] cnn_neat: Added edge 0→5 (from 9 candidates)
2026-08-25 09:15:38,108 [DEBUG] cnn_neat: Removed hidden node 3 (pool=1)
2026-08-25 09:15:38,120 [DEBUG] cnn_neat: Removed edge 0→3 (from 3 candidates)
2026-08-25 09:15:38,134 [DEBUG] cnn_neat: Removed 2 edges (requested 3)
2026-08-25 09:15:38,141 [DEBUG] cnn_neat: Split edge 3→6, new hidden node 8 (pool=6)
2026-08-25 09:15:38,150 [DEBUG] cnn_neat: Added edge 5→1 (from 11 candidates)
2026-08-25 09:15:38,159 [DEBUG] cnn_neat: Split edge 8→6, new hidden node 9 (pool=7)
2026-08-25 09:15:38,224 [DEBUG] cnn_neat: Removed hidden node 3 (pool=1)
2026-08-25 09:15:38,233 [DEBUG] cnn_neat: Added edge 0→5 (from 17 candidates)
2026-08-25 09:15:38,245 [DEBUG] cnn_neat: Split edge 5→1, new hidden node 8 (pool=5)
2026-08-25 09:15:38,268 [DEBUG] cnn_neat: Added edge 0→5 (from 9 candidates)
2026-08-25 09:15:38,292 [DEBUG] cnn_neat: Split edge 11→5, new hidden node 12 (pool=8)
2026-08-25 09:15:38,302 [DEBUG] cnn_neat: Added edge 3→4 (from 20 candidates)
2026-08-25 09:15:38,319 [DEBUG] cnn_neat: Removed hidden node 6 (pool=3)
2026-08-25 09:15:38,327 [DEBUG] cnn_neat: Removed edge 6→5 (from 5 candidates)
2026-08-25 09:15:38,344 [DEBUG] cnn_neat: Removed 3 edges (requested 3)
2026-08-25 09:15:38,355 [DEBUG] cnn_neat: Split edge 5→4, new hidden node 13 (pool=9)
2026-08-25 09:15:38,366 [DEBUG] cnn_neat: Split edge 0→10, new hidden node 12 (pool=8)
2026-08-25 09:15:38,376 [DEBUG] cnn_neat: Added edge 3→5 (from 29 candidates)
2026-08-25 09:15:38,388 [DEBUG] cnn_neat: Added edge 6→4 (from 21 candidates)
2026-08-25 09:15:38,470 [DEBUG] cnn_neat: Split edge 0→10, new hidden node 11 (pool=6)
